2026-05-14 22:02:23,694 INFO CSMF2.step_1_1_1.run :: STEP-1_1 run | tag=glow_s2_n0.10_seed0_ac295e8435aa | cfg=StepCfg(data_root='./mnist_data', scale=2, blur_sigma=1.0, noise_sigma=0.1, batch_size=128, expert='glow', dim=784, cond_width=128, h_dim=256, flow_hidden=256, use_film=True, cache_h=True, use_v2_conditioner=True, film_depth=2, film_hidden=128, film_use_gelu=True, realnvp_n_couplings=6, realnvp_s_max=2.0, glow_n_steps=8, glow_coupling_hidden=256, glow_s_max=2.0, glow_squeeze=True, glow_n_levels=1, glow_image_c=1, glow_image_h=28, glow_image_w=28, glow_film_gain_init=0.3, lr=0.001, epochs=30, weight_decay=0.0, grad_clip=5.0, shuffle_loss_lambda=1.0, shuffle_loss_margin=0.5, h_std_penalty_mu=10.0, h_std_target=0.05, cond_y_residual_alpha_init=0.3, latent_moment_lambda=10.0, latent_ks_target=0.1, fwd_rel_target=0.5, resume_from=None, seed=0, out_root='./CSMF2/experiments/step_1_1_1/results', log_every=50, sanity_every_epoch=True)
2026-05-14 22:02:23,770 INFO CSMF2.step_1_1_1.run :: [run] data sizes: train=55000  val=5000 (per-epoch)  test=10000 (final-only)
2026-05-14 22:02:23,829 INFO CSMF2.step_1_1_1.run :: [y_sanity] y.std(dim=0).mean() = 0.1512  shape=(128, 1, 14, 14)
2026-05-14 22:02:23,930 INFO CSMF2.models.flows.glow.actnorm :: [Actnorm] data-init: C=4  s_mean=0.562  b_mean=1.188
2026-05-14 22:02:23,963 INFO CSMF2.models.experts :: [CondGlow.init_actnorm] step 0 done
2026-05-14 22:02:23,964 INFO CSMF2.models.flows.glow.actnorm :: [Actnorm] data-init: C=4  s_mean=1.192  b_mean=0.002
2026-05-14 22:02:23,995 INFO CSMF2.models.experts :: [CondGlow.init_actnorm] step 1 done
2026-05-14 22:02:23,996 INFO CSMF2.models.flows.glow.actnorm :: [Actnorm] data-init: C=4  s_mean=0.964  b_mean=-0.012
2026-05-14 22:02:24,028 INFO CSMF2.models.experts :: [CondGlow.init_actnorm] step 2 done
2026-05-14 22:02:24,028 INFO CSMF2.models.flows.glow.actnorm :: [Actnorm] data-init: C=4  s_mean=1.038  b_mean=-0.000
2026-05-14 22:02:24,060 INFO CSMF2.models.experts :: [CondGlow.init_actnorm] step 3 done
2026-05-14 22:02:24,060 INFO CSMF2.models.flows.glow.actnorm :: [Actnorm] data-init: C=4  s_mean=1.041  b_mean=0.005
2026-05-14 22:02:24,092 INFO CSMF2.models.experts :: [CondGlow.init_actnorm] step 4 done
2026-05-14 22:02:24,092 INFO CSMF2.models.flows.glow.actnorm :: [Actnorm] data-init: C=4  s_mean=1.264  b_mean=0.016
2026-05-14 22:02:24,124 INFO CSMF2.models.experts :: [CondGlow.init_actnorm] step 5 done
2026-05-14 22:02:24,124 INFO CSMF2.models.flows.glow.actnorm :: [Actnorm] data-init: C=4  s_mean=1.074  b_mean=0.000
2026-05-14 22:02:24,157 INFO CSMF2.models.experts :: [CondGlow.init_actnorm] step 6 done
2026-05-14 22:02:24,157 INFO CSMF2.models.flows.glow.actnorm :: [Actnorm] data-init: C=4  s_mean=0.975  b_mean=-0.008
2026-05-14 22:02:24,189 INFO CSMF2.models.experts :: [CondGlow.init_actnorm] step 7 done
2026-05-14 22:02:24,190 INFO CSMF2.step_1_1_1.run :: [run] logdet twin check SKIPPED for Glow: twin-flow logdet check incompatible with image-shape Glow; per-epoch invertibility_check covers correctness
2026-05-14 22:03:08,517 INFO CSMF2.step_1_1_1.run :: [h] epoch=0 step=50 total=0.05280 batch=0.03084
2026-05-14 22:03:08,518 INFO CSMF2.step_1_1_1.run :: [lat] epoch=0 step=50 mean_l2=0.66582 std_l2=0.50096
2026-05-14 22:03:08,919 INFO CSMF2.step_1_1_1.run :: epoch=0 step=50/429 train_nll=-1983.955
2026-05-14 22:03:52,908 INFO CSMF2.step_1_1_1.run :: [h] epoch=0 step=100 total=0.03779 batch=0.03066
2026-05-14 22:03:52,909 INFO CSMF2.step_1_1_1.run :: [lat] epoch=0 step=100 mean_l2=0.15280 std_l2=0.24567
2026-05-14 22:03:53,309 INFO CSMF2.step_1_1_1.run :: epoch=0 step=100/429 train_nll=-2344.075
2026-05-14 22:04:37,175 INFO CSMF2.step_1_1_1.run :: [h] epoch=0 step=150 total=0.03845 batch=0.03058
2026-05-14 22:04:37,175 INFO CSMF2.step_1_1_1.run :: [lat] epoch=0 step=150 mean_l2=0.19681 std_l2=0.15313
2026-05-14 22:04:37,611 INFO CSMF2.step_1_1_1.run :: epoch=0 step=150/429 train_nll=-2549.905
2026-05-14 22:05:21,585 INFO CSMF2.step_1_1_1.run :: [h] epoch=0 step=200 total=0.03733 batch=0.02919
2026-05-14 22:05:21,585 INFO CSMF2.step_1_1_1.run :: [lat] epoch=0 step=200 mean_l2=0.10113 std_l2=0.21699
2026-05-14 22:05:22,021 INFO CSMF2.step_1_1_1.run :: epoch=0 step=200/429 train_nll=-2677.880
2026-05-14 22:06:06,590 INFO CSMF2.step_1_1_1.run :: [h] epoch=0 step=250 total=0.03590 batch=0.03046
2026-05-14 22:06:06,590 INFO CSMF2.step_1_1_1.run :: [lat] epoch=0 step=250 mean_l2=0.09519 std_l2=0.09098
2026-05-14 22:06:06,992 INFO CSMF2.step_1_1_1.run :: epoch=0 step=250/429 train_nll=-2760.522
2026-05-14 22:06:51,187 INFO CSMF2.step_1_1_1.run :: [h] epoch=0 step=300 total=0.03513 batch=0.03133
2026-05-14 22:06:51,188 INFO CSMF2.step_1_1_1.run :: [lat] epoch=0 step=300 mean_l2=0.14901 std_l2=0.09086
2026-05-14 22:06:51,599 INFO CSMF2.step_1_1_1.run :: epoch=0 step=300/429 train_nll=-2825.211
2026-05-14 22:07:35,736 INFO CSMF2.step_1_1_1.run :: [h] epoch=0 step=350 total=0.03342 batch=0.02993
2026-05-14 22:07:35,737 INFO CSMF2.step_1_1_1.run :: [lat] epoch=0 step=350 mean_l2=0.15650 std_l2=0.06614
2026-05-14 22:07:36,146 INFO CSMF2.step_1_1_1.run :: epoch=0 step=350/429 train_nll=-2876.259
2026-05-14 22:08:20,302 INFO CSMF2.step_1_1_1.run :: [h] epoch=0 step=400 total=0.03513 batch=0.03176
2026-05-14 22:08:20,303 INFO CSMF2.step_1_1_1.run :: [lat] epoch=0 step=400 mean_l2=0.11164 std_l2=0.06705
2026-05-14 22:08:20,739 INFO CSMF2.step_1_1_1.run :: epoch=0 step=400/429 train_nll=-2919.865
2026-05-14 22:08:56,871 INFO CSMF2.step_1_1_1.run :: epoch=0  train_nll=-2941.029  val_nll=-3268.427  t=392.7s
2026-05-14 22:08:56,871 INFO CSMF2.step_1_1_1.run :: [glow] film_gain mean=0.2985 min=0.2810 max=0.3140
2026-05-14 22:08:56,871 INFO CSMF2.step_1_1_1.run :: [shuffle] gap_mean=0.252 hinge=0.3050 lambda=1.000 margin=0.50
2026-05-14 22:08:56,871 INFO CSMF2.step_1_1_1.run :: [h_std] total=0.03959 batch=0.03077 penalty=0.01923 target=0.0500 mu=10.000
2026-05-14 22:08:56,871 INFO CSMF2.step_1_1_1.run :: [lat_epoch] mean_l2=0.16954 std_l2=0.21924 lambda=10.000
2026-05-14 22:08:56,871 INFO CSMF2.step_1_1_1.run :: [y_resid] alpha=0.2702
2026-05-14 22:08:56,871 INFO CSMF2.step_1_1_1.run :: [grad] cond=35.1833 film_gain=590.0102
2026-05-14 22:09:48,970 INFO CSMF2.step_1_1_1.run :: [h] epoch=1 step=50 total=0.03367 batch=0.03049
2026-05-14 22:09:48,971 INFO CSMF2.step_1_1_1.run :: [lat] epoch=1 step=50 mean_l2=0.04849 std_l2=0.05693
2026-05-14 22:09:49,373 INFO CSMF2.step_1_1_1.run :: epoch=1 step=50/429 train_nll=-3287.176
2026-05-14 22:10:33,251 INFO CSMF2.step_1_1_1.run :: [h] epoch=1 step=100 total=0.03622 batch=0.03344
2026-05-14 22:10:33,252 INFO CSMF2.step_1_1_1.run :: [lat] epoch=1 step=100 mean_l2=0.12886 std_l2=0.07664
2026-05-14 22:10:33,688 INFO CSMF2.step_1_1_1.run :: epoch=1 step=100/429 train_nll=-3283.245
2026-05-14 22:11:17,818 INFO CSMF2.step_1_1_1.run :: [h] epoch=1 step=150 total=0.03500 batch=0.03232
2026-05-14 22:11:17,819 INFO CSMF2.step_1_1_1.run :: [lat] epoch=1 step=150 mean_l2=0.08774 std_l2=0.13315
2026-05-14 22:11:18,265 INFO CSMF2.step_1_1_1.run :: epoch=1 step=150/429 train_nll=-3285.039
2026-05-14 22:12:02,415 INFO CSMF2.step_1_1_1.run :: [h] epoch=1 step=200 total=0.03281 batch=0.02969
2026-05-14 22:12:02,416 INFO CSMF2.step_1_1_1.run :: [lat] epoch=1 step=200 mean_l2=0.10633 std_l2=0.06578
2026-05-14 22:12:02,831 INFO CSMF2.step_1_1_1.run :: epoch=1 step=200/429 train_nll=-3277.502
2026-05-14 22:12:46,923 INFO CSMF2.step_1_1_1.run :: [h] epoch=1 step=250 total=0.03256 batch=0.03025
2026-05-14 22:12:46,924 INFO CSMF2.step_1_1_1.run :: [lat] epoch=1 step=250 mean_l2=0.10713 std_l2=0.04489
2026-05-14 22:12:47,334 INFO CSMF2.step_1_1_1.run :: epoch=1 step=250/429 train_nll=-3280.360
2026-05-14 22:13:32,016 INFO CSMF2.step_1_1_1.run :: [h] epoch=1 step=300 total=0.03242 batch=0.03021
2026-05-14 22:13:32,016 INFO CSMF2.step_1_1_1.run :: [lat] epoch=1 step=300 mean_l2=0.16568 std_l2=0.05390
2026-05-14 22:13:32,435 INFO CSMF2.step_1_1_1.run :: epoch=1 step=300/429 train_nll=-3285.182
2026-05-14 22:14:17,556 INFO CSMF2.step_1_1_1.run :: [h] epoch=1 step=350 total=0.03504 batch=0.03219
2026-05-14 22:14:17,557 INFO CSMF2.step_1_1_1.run :: [lat] epoch=1 step=350 mean_l2=0.06295 std_l2=0.03196
2026-05-14 22:14:17,975 INFO CSMF2.step_1_1_1.run :: epoch=1 step=350/429 train_nll=-3288.432
2026-05-14 22:15:02,870 INFO CSMF2.step_1_1_1.run :: [h] epoch=1 step=400 total=0.03322 batch=0.03154
2026-05-14 22:15:02,871 INFO CSMF2.step_1_1_1.run :: [lat] epoch=1 step=400 mean_l2=0.04348 std_l2=0.05951
2026-05-14 22:15:03,288 INFO CSMF2.step_1_1_1.run :: epoch=1 step=400/429 train_nll=-3295.281
2026-05-14 22:15:39,745 INFO CSMF2.step_1_1_1.run :: epoch=1  train_nll=-3299.051  val_nll=-3343.930  t=394.6s
2026-05-14 22:15:39,745 INFO CSMF2.step_1_1_1.run :: [glow] film_gain mean=0.2967 min=0.2743 max=0.3176
2026-05-14 22:15:39,745 INFO CSMF2.step_1_1_1.run :: [shuffle] gap_mean=1.375 hinge=0.0231 lambda=1.000 margin=0.50
2026-05-14 22:15:39,745 INFO CSMF2.step_1_1_1.run :: [h_std] total=0.03465 batch=0.03161 penalty=0.01839 target=0.0500 mu=10.000
2026-05-14 22:15:39,745 INFO CSMF2.step_1_1_1.run :: [lat_epoch] mean_l2=0.09653 std_l2=0.06062 lambda=10.000
2026-05-14 22:15:39,745 INFO CSMF2.step_1_1_1.run :: [y_resid] alpha=0.2456
2026-05-14 22:15:39,745 INFO CSMF2.step_1_1_1.run :: [grad] cond=17.4283 film_gain=426.9243
2026-05-14 22:16:32,946 INFO CSMF2.step_1_1_1.run :: [h] epoch=2 step=50 total=0.03376 batch=0.03223
2026-05-14 22:16:32,947 INFO CSMF2.step_1_1_1.run :: [lat] epoch=2 step=50 mean_l2=0.08031 std_l2=0.05944
2026-05-14 22:16:33,360 INFO CSMF2.step_1_1_1.run :: epoch=2 step=50/429 train_nll=-3330.689
2026-05-14 22:17:17,471 INFO CSMF2.step_1_1_1.run :: [h] epoch=2 step=100 total=0.03480 batch=0.03286
2026-05-14 22:17:17,472 INFO CSMF2.step_1_1_1.run :: [lat] epoch=2 step=100 mean_l2=0.05997 std_l2=0.05241
2026-05-14 22:17:17,918 INFO CSMF2.step_1_1_1.run :: epoch=2 step=100/429 train_nll=-3354.307
2026-05-14 22:18:02,382 INFO CSMF2.step_1_1_1.run :: [h] epoch=2 step=150 total=0.03457 batch=0.03302
2026-05-14 22:18:02,383 INFO CSMF2.step_1_1_1.run :: [lat] epoch=2 step=150 mean_l2=0.04704 std_l2=0.02672
2026-05-14 22:18:02,794 INFO CSMF2.step_1_1_1.run :: epoch=2 step=150/429 train_nll=-3363.783
2026-05-14 22:18:47,833 INFO CSMF2.step_1_1_1.run :: [h] epoch=2 step=200 total=0.03459 batch=0.03318
2026-05-14 22:18:47,834 INFO CSMF2.step_1_1_1.run :: [lat] epoch=2 step=200 mean_l2=0.03912 std_l2=0.03104
2026-05-14 22:18:48,245 INFO CSMF2.step_1_1_1.run :: epoch=2 step=200/429 train_nll=-3372.616
2026-05-14 22:19:32,949 INFO CSMF2.step_1_1_1.run :: [h] epoch=2 step=250 total=0.03621 batch=0.03455
2026-05-14 22:19:32,949 INFO CSMF2.step_1_1_1.run :: [lat] epoch=2 step=250 mean_l2=0.03672 std_l2=0.02925
2026-05-14 22:19:33,359 INFO CSMF2.step_1_1_1.run :: epoch=2 step=250/429 train_nll=-3377.589
2026-05-14 22:20:17,416 INFO CSMF2.step_1_1_1.run :: [h] epoch=2 step=300 total=0.04078 batch=0.03619
2026-05-14 22:20:17,417 INFO CSMF2.step_1_1_1.run :: [lat] epoch=2 step=300 mean_l2=0.09267 std_l2=0.04217
2026-05-14 22:20:17,827 INFO CSMF2.step_1_1_1.run :: epoch=2 step=300/429 train_nll=-3379.663
2026-05-14 22:21:02,147 INFO CSMF2.step_1_1_1.run :: [h] epoch=2 step=350 total=0.03582 batch=0.03463
2026-05-14 22:21:02,148 INFO CSMF2.step_1_1_1.run :: [lat] epoch=2 step=350 mean_l2=0.10724 std_l2=0.04010
2026-05-14 22:21:02,593 INFO CSMF2.step_1_1_1.run :: epoch=2 step=350/429 train_nll=-3380.216
2026-05-14 22:21:46,931 INFO CSMF2.step_1_1_1.run :: [h] epoch=2 step=400 total=0.03593 batch=0.03489
2026-05-14 22:21:46,932 INFO CSMF2.step_1_1_1.run :: [lat] epoch=2 step=400 mean_l2=0.04598 std_l2=0.03751
2026-05-14 22:21:47,378 INFO CSMF2.step_1_1_1.run :: epoch=2 step=400/429 train_nll=-3383.897
2026-05-14 22:22:23,507 INFO CSMF2.step_1_1_1.run :: epoch=2  train_nll=-3381.628  val_nll=-3389.581  t=395.0s
2026-05-14 22:22:23,507 INFO CSMF2.step_1_1_1.run :: [glow] film_gain mean=0.2951 min=0.2734 max=0.3175
2026-05-14 22:22:23,507 INFO CSMF2.step_1_1_1.run :: [shuffle] gap_mean=4.287 hinge=0.0000 lambda=1.000 margin=0.50
2026-05-14 22:22:23,507 INFO CSMF2.step_1_1_1.run :: [h_std] total=0.03543 batch=0.03373 penalty=0.01627 target=0.0500 mu=10.000
2026-05-14 22:22:23,507 INFO CSMF2.step_1_1_1.run :: [lat_epoch] mean_l2=0.07900 std_l2=0.04463 lambda=10.000
2026-05-14 22:22:23,507 INFO CSMF2.step_1_1_1.run :: [y_resid] alpha=0.2381
2026-05-14 22:22:23,507 INFO CSMF2.step_1_1_1.run :: [grad] cond=19.6816 film_gain=350.2566
2026-05-14 22:23:15,973 INFO CSMF2.step_1_1_1.run :: [h] epoch=3 step=50 total=0.03556 batch=0.03426
2026-05-14 22:23:15,974 INFO CSMF2.step_1_1_1.run :: [lat] epoch=3 step=50 mean_l2=0.31692 std_l2=0.04418
2026-05-14 22:23:16,420 INFO CSMF2.step_1_1_1.run :: epoch=3 step=50/429 train_nll=-3391.153
2026-05-14 22:24:00,845 INFO CSMF2.step_1_1_1.run :: [h] epoch=3 step=100 total=0.03660 batch=0.03528
2026-05-14 22:24:00,846 INFO CSMF2.step_1_1_1.run :: [lat] epoch=3 step=100 mean_l2=0.05975 std_l2=0.04712
2026-05-14 22:24:01,255 INFO CSMF2.step_1_1_1.run :: epoch=3 step=100/429 train_nll=-3404.057
2026-05-14 22:24:45,934 INFO CSMF2.step_1_1_1.run :: [h] epoch=3 step=150 total=0.03884 batch=0.03570
2026-05-14 22:24:45,934 INFO CSMF2.step_1_1_1.run :: [lat] epoch=3 step=150 mean_l2=0.06669 std_l2=0.03370
2026-05-14 22:24:46,344 INFO CSMF2.step_1_1_1.run :: epoch=3 step=150/429 train_nll=-3401.383
2026-05-14 22:25:30,793 INFO CSMF2.step_1_1_1.run :: [h] epoch=3 step=200 total=0.03620 batch=0.03521
2026-05-14 22:25:30,794 INFO CSMF2.step_1_1_1.run :: [lat] epoch=3 step=200 mean_l2=0.04865 std_l2=0.04532
2026-05-14 22:25:31,240 INFO CSMF2.step_1_1_1.run :: epoch=3 step=200/429 train_nll=-3407.115
2026-05-14 22:26:15,751 INFO CSMF2.step_1_1_1.run :: [h] epoch=3 step=250 total=0.03795 batch=0.03703
2026-05-14 22:26:15,752 INFO CSMF2.step_1_1_1.run :: [lat] epoch=3 step=250 mean_l2=0.07032 std_l2=0.02923
2026-05-14 22:26:16,163 INFO CSMF2.step_1_1_1.run :: epoch=3 step=250/429 train_nll=-3411.281
2026-05-14 22:27:01,037 INFO CSMF2.step_1_1_1.run :: [h] epoch=3 step=300 total=0.03698 batch=0.03572
2026-05-14 22:27:01,038 INFO CSMF2.step_1_1_1.run :: [lat] epoch=3 step=300 mean_l2=0.05895 std_l2=0.04261
2026-05-14 22:27:01,484 INFO CSMF2.step_1_1_1.run :: epoch=3 step=300/429 train_nll=-3415.858
2026-05-14 22:27:46,168 INFO CSMF2.step_1_1_1.run :: [h] epoch=3 step=350 total=0.03811 batch=0.03639
2026-05-14 22:27:46,169 INFO CSMF2.step_1_1_1.run :: [lat] epoch=3 step=350 mean_l2=0.10857 std_l2=0.10417
2026-05-14 22:27:46,616 INFO CSMF2.step_1_1_1.run :: epoch=3 step=350/429 train_nll=-3411.850
2026-05-14 22:28:30,898 INFO CSMF2.step_1_1_1.run :: [h] epoch=3 step=400 total=0.03559 batch=0.03471
2026-05-14 22:28:30,899 INFO CSMF2.step_1_1_1.run :: [lat] epoch=3 step=400 mean_l2=0.09706 std_l2=0.02972
2026-05-14 22:28:31,347 INFO CSMF2.step_1_1_1.run :: epoch=3 step=400/429 train_nll=-3413.534
2026-05-14 22:29:07,663 INFO CSMF2.step_1_1_1.run :: epoch=3  train_nll=-3416.161  val_nll=-3477.596  t=396.3s
2026-05-14 22:29:07,664 INFO CSMF2.step_1_1_1.run :: [glow] film_gain mean=0.2930 min=0.2663 max=0.3171
2026-05-14 22:29:07,664 INFO CSMF2.step_1_1_1.run :: [shuffle] gap_mean=5.781 hinge=0.0038 lambda=1.000 margin=0.50
2026-05-14 22:29:07,664 INFO CSMF2.step_1_1_1.run :: [h_std] total=0.03700 batch=0.03563 penalty=0.01437 target=0.0500 mu=10.000
2026-05-14 22:29:07,664 INFO CSMF2.step_1_1_1.run :: [lat_epoch] mean_l2=0.07504 std_l2=0.05792 lambda=10.000
2026-05-14 22:29:07,664 INFO CSMF2.step_1_1_1.run :: [y_resid] alpha=0.2299
2026-05-14 22:29:07,664 INFO CSMF2.step_1_1_1.run :: [grad] cond=13.0246 film_gain=544.0532
2026-05-14 22:30:00,875 INFO CSMF2.step_1_1_1.run :: [h] epoch=4 step=50 total=0.03722 batch=0.03607
2026-05-14 22:30:00,876 INFO CSMF2.step_1_1_1.run :: [lat] epoch=4 step=50 mean_l2=0.04010 std_l2=0.06245
2026-05-14 22:30:01,286 INFO CSMF2.step_1_1_1.run :: epoch=4 step=50/429 train_nll=-3385.779
2026-05-14 22:30:45,833 INFO CSMF2.step_1_1_1.run :: [h] epoch=4 step=100 total=0.03791 batch=0.03702
2026-05-14 22:30:45,834 INFO CSMF2.step_1_1_1.run :: [lat] epoch=4 step=100 mean_l2=0.03146 std_l2=0.03072
2026-05-14 22:30:46,243 INFO CSMF2.step_1_1_1.run :: epoch=4 step=100/429 train_nll=-3420.281
2026-05-14 22:31:30,886 INFO CSMF2.step_1_1_1.run :: [h] epoch=4 step=150 total=0.03734 batch=0.03634
2026-05-14 22:31:30,887 INFO CSMF2.step_1_1_1.run :: [lat] epoch=4 step=150 mean_l2=0.03723 std_l2=0.02746
2026-05-14 22:31:31,303 INFO CSMF2.step_1_1_1.run :: epoch=4 step=150/429 train_nll=-3431.931
2026-05-14 22:32:16,148 INFO CSMF2.step_1_1_1.run :: [h] epoch=4 step=200 total=0.03699 batch=0.03607
2026-05-14 22:32:16,149 INFO CSMF2.step_1_1_1.run :: [lat] epoch=4 step=200 mean_l2=0.11890 std_l2=0.06787
2026-05-14 22:32:16,558 INFO CSMF2.step_1_1_1.run :: epoch=4 step=200/429 train_nll=-3433.570
2026-05-14 22:33:00,696 INFO CSMF2.step_1_1_1.run :: [h] epoch=4 step=250 total=0.03747 batch=0.03663
2026-05-14 22:33:00,697 INFO CSMF2.step_1_1_1.run :: [lat] epoch=4 step=250 mean_l2=0.04435 std_l2=0.03742
2026-05-14 22:33:01,105 INFO CSMF2.step_1_1_1.run :: epoch=4 step=250/429 train_nll=-3434.634
2026-05-14 22:33:45,382 INFO CSMF2.step_1_1_1.run :: [h] epoch=4 step=300 total=0.03797 batch=0.03724
2026-05-14 22:33:45,382 INFO CSMF2.step_1_1_1.run :: [lat] epoch=4 step=300 mean_l2=0.06741 std_l2=0.04254
2026-05-14 22:33:45,791 INFO CSMF2.step_1_1_1.run :: epoch=4 step=300/429 train_nll=-3441.240
2026-05-14 22:34:30,278 INFO CSMF2.step_1_1_1.run :: [h] epoch=4 step=350 total=0.03759 batch=0.03625
2026-05-14 22:34:30,279 INFO CSMF2.step_1_1_1.run :: [lat] epoch=4 step=350 mean_l2=0.08720 std_l2=0.03026
2026-05-14 22:34:30,698 INFO CSMF2.step_1_1_1.run :: epoch=4 step=350/429 train_nll=-3439.568
2026-05-14 22:35:15,172 INFO CSMF2.step_1_1_1.run :: [h] epoch=4 step=400 total=0.03711 batch=0.03589
2026-05-14 22:35:15,172 INFO CSMF2.step_1_1_1.run :: [lat] epoch=4 step=400 mean_l2=0.12052 std_l2=0.02714
2026-05-14 22:35:15,582 INFO CSMF2.step_1_1_1.run :: epoch=4 step=400/429 train_nll=-3440.395
2026-05-14 22:35:51,624 INFO CSMF2.step_1_1_1.run :: epoch=4  train_nll=-3440.676  val_nll=-3458.526  t=395.2s
2026-05-14 22:35:51,624 INFO CSMF2.step_1_1_1.run :: [glow] film_gain mean=0.2905 min=0.2620 max=0.3142
2026-05-14 22:35:51,624 INFO CSMF2.step_1_1_1.run :: [shuffle] gap_mean=6.367 hinge=0.0283 lambda=1.000 margin=0.50
2026-05-14 22:35:51,624 INFO CSMF2.step_1_1_1.run :: [h_std] total=0.03744 batch=0.03613 penalty=0.01387 target=0.0500 mu=10.000
2026-05-14 22:35:51,624 INFO CSMF2.step_1_1_1.run :: [lat_epoch] mean_l2=0.06714 std_l2=0.04275 lambda=10.000
2026-05-14 22:35:51,624 INFO CSMF2.step_1_1_1.run :: [y_resid] alpha=0.2173
2026-05-14 22:35:51,624 INFO CSMF2.step_1_1_1.run :: [grad] cond=25.9249 film_gain=735.3057
2026-05-14 22:36:43,847 INFO CSMF2.step_1_1_1.run :: [h] epoch=5 step=50 total=0.03798 batch=0.03663
2026-05-14 22:36:43,847 INFO CSMF2.step_1_1_1.run :: [lat] epoch=5 step=50 mean_l2=0.06360 std_l2=0.03219
2026-05-14 22:36:44,256 INFO CSMF2.step_1_1_1.run :: epoch=5 step=50/429 train_nll=-3449.628
2026-05-14 22:37:28,783 INFO CSMF2.step_1_1_1.run :: [h] epoch=5 step=100 total=0.03853 batch=0.03724
2026-05-14 22:37:28,783 INFO CSMF2.step_1_1_1.run :: [lat] epoch=5 step=100 mean_l2=0.05695 std_l2=0.07460
2026-05-14 22:37:29,192 INFO CSMF2.step_1_1_1.run :: epoch=5 step=100/429 train_nll=-3450.456
2026-05-14 22:38:13,803 INFO CSMF2.step_1_1_1.run :: [h] epoch=5 step=150 total=0.03647 batch=0.03532
2026-05-14 22:38:13,803 INFO CSMF2.step_1_1_1.run :: [lat] epoch=5 step=150 mean_l2=0.09232 std_l2=0.05291
2026-05-14 22:38:14,212 INFO CSMF2.step_1_1_1.run :: epoch=5 step=150/429 train_nll=-3452.292
2026-05-14 22:38:58,673 INFO CSMF2.step_1_1_1.run :: [h] epoch=5 step=200 total=0.03808 batch=0.03736
2026-05-14 22:38:58,674 INFO CSMF2.step_1_1_1.run :: [lat] epoch=5 step=200 mean_l2=0.05581 std_l2=0.03362
2026-05-14 22:38:59,092 INFO CSMF2.step_1_1_1.run :: epoch=5 step=200/429 train_nll=-3454.865
2026-05-14 22:39:43,555 INFO CSMF2.step_1_1_1.run :: [h] epoch=5 step=250 total=0.04154 batch=0.04055
2026-05-14 22:39:43,555 INFO CSMF2.step_1_1_1.run :: [lat] epoch=5 step=250 mean_l2=0.02974 std_l2=0.02478
2026-05-14 22:39:43,964 INFO CSMF2.step_1_1_1.run :: epoch=5 step=250/429 train_nll=-3460.751
2026-05-14 22:40:28,040 INFO CSMF2.step_1_1_1.run :: [h] epoch=5 step=300 total=0.03886 batch=0.03808
2026-05-14 22:40:28,041 INFO CSMF2.step_1_1_1.run :: [lat] epoch=5 step=300 mean_l2=0.09491 std_l2=0.02972
2026-05-14 22:40:28,451 INFO CSMF2.step_1_1_1.run :: epoch=5 step=300/429 train_nll=-3462.108
2026-05-14 22:41:12,933 INFO CSMF2.step_1_1_1.run :: [h] epoch=5 step=350 total=0.04002 batch=0.03941
2026-05-14 22:41:12,934 INFO CSMF2.step_1_1_1.run :: [lat] epoch=5 step=350 mean_l2=0.07231 std_l2=0.02347
2026-05-14 22:41:13,342 INFO CSMF2.step_1_1_1.run :: epoch=5 step=350/429 train_nll=-3466.249
2026-05-14 22:41:57,675 INFO CSMF2.step_1_1_1.run :: [h] epoch=5 step=400 total=0.03951 batch=0.03887
2026-05-14 22:41:57,675 INFO CSMF2.step_1_1_1.run :: [lat] epoch=5 step=400 mean_l2=0.06455 std_l2=0.05176
2026-05-14 22:41:58,084 INFO CSMF2.step_1_1_1.run :: epoch=5 step=400/429 train_nll=-3466.777
2026-05-14 22:42:34,139 INFO CSMF2.step_1_1_1.run :: epoch=5  train_nll=-3467.169  val_nll=-3491.486  t=394.7s
2026-05-14 22:42:34,139 INFO CSMF2.step_1_1_1.run :: [glow] film_gain mean=0.2885 min=0.2606 max=0.3119
2026-05-14 22:42:34,139 INFO CSMF2.step_1_1_1.run :: [shuffle] gap_mean=7.347 hinge=0.0028 lambda=1.000 margin=0.50
2026-05-14 22:42:34,139 INFO CSMF2.step_1_1_1.run :: [h_std] total=0.03841 batch=0.03747 penalty=0.01253 target=0.0500 mu=10.000
2026-05-14 22:42:34,139 INFO CSMF2.step_1_1_1.run :: [lat_epoch] mean_l2=0.06242 std_l2=0.03682 lambda=10.000
2026-05-14 22:42:34,139 INFO CSMF2.step_1_1_1.run :: [y_resid] alpha=0.2197
2026-05-14 22:42:34,139 INFO CSMF2.step_1_1_1.run :: [grad] cond=31.9892 film_gain=670.0586
2026-05-14 22:43:27,691 INFO CSMF2.step_1_1_1.run :: [h] epoch=6 step=50 total=0.04389 batch=0.04246
2026-05-14 22:43:27,691 INFO CSMF2.step_1_1_1.run :: [lat] epoch=6 step=50 mean_l2=0.06225 std_l2=0.02855
2026-05-14 22:43:28,104 INFO CSMF2.step_1_1_1.run :: epoch=6 step=50/429 train_nll=-3468.262
2026-05-14 22:44:11,923 INFO CSMF2.step_1_1_1.run :: [h] epoch=6 step=100 total=0.04137 batch=0.04034
2026-05-14 22:44:11,923 INFO CSMF2.step_1_1_1.run :: [lat] epoch=6 step=100 mean_l2=0.09674 std_l2=0.05790
2026-05-14 22:44:12,334 INFO CSMF2.step_1_1_1.run :: epoch=6 step=100/429 train_nll=-3464.924
2026-05-14 22:44:56,896 INFO CSMF2.step_1_1_1.run :: [h] epoch=6 step=150 total=0.04100 batch=0.04013
2026-05-14 22:44:56,896 INFO CSMF2.step_1_1_1.run :: [lat] epoch=6 step=150 mean_l2=0.05088 std_l2=0.03649
2026-05-14 22:44:57,316 INFO CSMF2.step_1_1_1.run :: epoch=6 step=150/429 train_nll=-3472.325
2026-05-14 22:45:41,785 INFO CSMF2.step_1_1_1.run :: [h] epoch=6 step=200 total=0.04064 batch=0.03997
2026-05-14 22:45:41,786 INFO CSMF2.step_1_1_1.run :: [lat] epoch=6 step=200 mean_l2=0.05994 std_l2=0.03388
2026-05-14 22:45:42,194 INFO CSMF2.step_1_1_1.run :: epoch=6 step=200/429 train_nll=-3472.244
2026-05-14 22:46:26,526 INFO CSMF2.step_1_1_1.run :: [h] epoch=6 step=250 total=0.04398 batch=0.04141
2026-05-14 22:46:26,527 INFO CSMF2.step_1_1_1.run :: [lat] epoch=6 step=250 mean_l2=0.06044 std_l2=0.03909
2026-05-14 22:46:26,943 INFO CSMF2.step_1_1_1.run :: epoch=6 step=250/429 train_nll=-3476.247
2026-05-14 22:47:11,608 INFO CSMF2.step_1_1_1.run :: [h] epoch=6 step=300 total=0.04238 batch=0.04162
2026-05-14 22:47:11,609 INFO CSMF2.step_1_1_1.run :: [lat] epoch=6 step=300 mean_l2=0.05169 std_l2=0.02339
2026-05-14 22:47:12,020 INFO CSMF2.step_1_1_1.run :: epoch=6 step=300/429 train_nll=-3478.619
2026-05-14 22:47:56,363 INFO CSMF2.step_1_1_1.run :: [h] epoch=6 step=350 total=0.04127 batch=0.04058
2026-05-14 22:47:56,364 INFO CSMF2.step_1_1_1.run :: [lat] epoch=6 step=350 mean_l2=0.05348 std_l2=0.02967
2026-05-14 22:47:56,774 INFO CSMF2.step_1_1_1.run :: epoch=6 step=350/429 train_nll=-3482.637
2026-05-14 22:48:41,236 INFO CSMF2.step_1_1_1.run :: [h] epoch=6 step=400 total=0.04134 batch=0.04065
2026-05-14 22:48:41,237 INFO CSMF2.step_1_1_1.run :: [lat] epoch=6 step=400 mean_l2=0.06690 std_l2=0.03303
2026-05-14 22:48:41,686 INFO CSMF2.step_1_1_1.run :: epoch=6 step=400/429 train_nll=-3484.936
2026-05-14 22:49:18,074 INFO CSMF2.step_1_1_1.run :: epoch=6  train_nll=-3486.110  val_nll=-3516.255  t=395.2s
2026-05-14 22:49:18,074 INFO CSMF2.step_1_1_1.run :: [glow] film_gain mean=0.2867 min=0.2584 max=0.3099
2026-05-14 22:49:18,074 INFO CSMF2.step_1_1_1.run :: [shuffle] gap_mean=7.919 hinge=0.0000 lambda=1.000 margin=0.50
2026-05-14 22:49:18,074 INFO CSMF2.step_1_1_1.run :: [h_std] total=0.04188 batch=0.04098 penalty=0.00902 target=0.0500 mu=10.000
2026-05-14 22:49:18,074 INFO CSMF2.step_1_1_1.run :: [lat_epoch] mean_l2=0.05945 std_l2=0.03744 lambda=10.000
2026-05-14 22:49:18,074 INFO CSMF2.step_1_1_1.run :: [y_resid] alpha=0.2181
2026-05-14 22:49:18,074 INFO CSMF2.step_1_1_1.run :: [grad] cond=15.0340 film_gain=922.8073
2026-05-14 22:50:10,297 INFO CSMF2.step_1_1_1.run :: [h] epoch=7 step=50 total=0.04518 batch=0.04433
2026-05-14 22:50:10,298 INFO CSMF2.step_1_1_1.run :: [lat] epoch=7 step=50 mean_l2=0.05410 std_l2=0.09859
2026-05-14 22:50:10,747 INFO CSMF2.step_1_1_1.run :: epoch=7 step=50/429 train_nll=-3503.463
2026-05-14 22:50:55,105 INFO CSMF2.step_1_1_1.run :: [h] epoch=7 step=100 total=0.04518 batch=0.04420
2026-05-14 22:50:55,106 INFO CSMF2.step_1_1_1.run :: [lat] epoch=7 step=100 mean_l2=0.02894 std_l2=0.03962
2026-05-14 22:50:55,553 INFO CSMF2.step_1_1_1.run :: epoch=7 step=100/429 train_nll=-3494.988
2026-05-14 22:51:40,473 INFO CSMF2.step_1_1_1.run :: [h] epoch=7 step=150 total=0.04378 batch=0.04305
2026-05-14 22:51:40,473 INFO CSMF2.step_1_1_1.run :: [lat] epoch=7 step=150 mean_l2=0.04700 std_l2=0.03100
2026-05-14 22:51:40,884 INFO CSMF2.step_1_1_1.run :: epoch=7 step=150/429 train_nll=-3500.273
2026-05-14 22:52:25,363 INFO CSMF2.step_1_1_1.run :: [h] epoch=7 step=200 total=0.04383 batch=0.04319
2026-05-14 22:52:25,364 INFO CSMF2.step_1_1_1.run :: [lat] epoch=7 step=200 mean_l2=0.03712 std_l2=0.02766
2026-05-14 22:52:25,773 INFO CSMF2.step_1_1_1.run :: epoch=7 step=200/429 train_nll=-3506.566
2026-05-14 22:53:10,106 INFO CSMF2.step_1_1_1.run :: [h] epoch=7 step=250 total=0.04713 batch=0.04635
2026-05-14 22:53:10,107 INFO CSMF2.step_1_1_1.run :: [lat] epoch=7 step=250 mean_l2=0.04701 std_l2=0.02099
2026-05-14 22:53:10,555 INFO CSMF2.step_1_1_1.run :: epoch=7 step=250/429 train_nll=-3509.162
2026-05-14 22:53:55,264 INFO CSMF2.step_1_1_1.run :: [h] epoch=7 step=300 total=0.04630 batch=0.04414
2026-05-14 22:53:55,265 INFO CSMF2.step_1_1_1.run :: [lat] epoch=7 step=300 mean_l2=0.04702 std_l2=0.02323
2026-05-14 22:53:55,713 INFO CSMF2.step_1_1_1.run :: epoch=7 step=300/429 train_nll=-3502.644
2026-05-14 22:54:39,915 INFO CSMF2.step_1_1_1.run :: [h] epoch=7 step=350 total=0.04085 batch=0.03946
2026-05-14 22:54:39,916 INFO CSMF2.step_1_1_1.run :: [lat] epoch=7 step=350 mean_l2=0.03322 std_l2=0.02203
2026-05-14 22:54:40,325 INFO CSMF2.step_1_1_1.run :: epoch=7 step=350/429 train_nll=-3501.401
2026-05-14 22:55:25,292 INFO CSMF2.step_1_1_1.run :: [h] epoch=7 step=400 total=0.04322 batch=0.04205
2026-05-14 22:55:25,292 INFO CSMF2.step_1_1_1.run :: [lat] epoch=7 step=400 mean_l2=0.04478 std_l2=0.03576
2026-05-14 22:55:25,702 INFO CSMF2.step_1_1_1.run :: epoch=7 step=400/429 train_nll=-3500.777
2026-05-14 22:56:02,100 INFO CSMF2.step_1_1_1.run :: epoch=7  train_nll=-3502.064  val_nll=-3532.251  t=396.1s
2026-05-14 22:56:02,100 INFO CSMF2.step_1_1_1.run :: [glow] film_gain mean=0.2842 min=0.2569 max=0.3075
2026-05-14 22:56:02,100 INFO CSMF2.step_1_1_1.run :: [shuffle] gap_mean=8.350 hinge=0.0005 lambda=1.000 margin=0.50
2026-05-14 22:56:02,100 INFO CSMF2.step_1_1_1.run :: [h_std] total=0.04484 batch=0.04353 penalty=0.00647 target=0.0500 mu=10.000
2026-05-14 22:56:02,100 INFO CSMF2.step_1_1_1.run :: [lat_epoch] mean_l2=0.05449 std_l2=0.03608 lambda=10.000
2026-05-14 22:56:02,100 INFO CSMF2.step_1_1_1.run :: [y_resid] alpha=0.2055
2026-05-14 22:56:02,100 INFO CSMF2.step_1_1_1.run :: [grad] cond=29.8009 film_gain=764.0923
2026-05-14 22:56:54,201 INFO CSMF2.step_1_1_1.run :: [h] epoch=8 step=50 total=0.04454 batch=0.03791
2026-05-14 22:56:54,202 INFO CSMF2.step_1_1_1.run :: [lat] epoch=8 step=50 mean_l2=0.05774 std_l2=0.04850
2026-05-14 22:56:54,611 INFO CSMF2.step_1_1_1.run :: epoch=8 step=50/429 train_nll=-3460.374
2026-05-14 22:57:39,166 INFO CSMF2.step_1_1_1.run :: [h] epoch=8 step=100 total=0.03740 batch=0.03674
2026-05-14 22:57:39,169 INFO CSMF2.step_1_1_1.run :: [lat] epoch=8 step=100 mean_l2=0.03800 std_l2=0.02231
2026-05-14 22:57:39,617 INFO CSMF2.step_1_1_1.run :: epoch=8 step=100/429 train_nll=-3474.211
2026-05-14 22:58:23,835 INFO CSMF2.step_1_1_1.run :: [h] epoch=8 step=150 total=0.04398 batch=0.03924
2026-05-14 22:58:23,835 INFO CSMF2.step_1_1_1.run :: [lat] epoch=8 step=150 mean_l2=0.05045 std_l2=0.03520
2026-05-14 22:58:24,283 INFO CSMF2.step_1_1_1.run :: epoch=8 step=150/429 train_nll=-3460.062
2026-05-14 22:59:09,086 INFO CSMF2.step_1_1_1.run :: [h] epoch=8 step=200 total=0.03832 batch=0.03732
2026-05-14 22:59:09,087 INFO CSMF2.step_1_1_1.run :: [lat] epoch=8 step=200 mean_l2=0.04611 std_l2=0.03699
2026-05-14 22:59:09,538 INFO CSMF2.step_1_1_1.run :: epoch=8 step=200/429 train_nll=-3473.697
2026-05-14 22:59:53,908 INFO CSMF2.step_1_1_1.run :: [h] epoch=8 step=250 total=0.03876 batch=0.03599
2026-05-14 22:59:53,909 INFO CSMF2.step_1_1_1.run :: [lat] epoch=8 step=250 mean_l2=0.13418 std_l2=0.03761
2026-05-14 22:59:54,356 INFO CSMF2.step_1_1_1.run :: epoch=8 step=250/429 train_nll=-3480.730
2026-05-14 23:00:39,078 INFO CSMF2.step_1_1_1.run :: [h] epoch=8 step=300 total=0.04031 batch=0.03926
2026-05-14 23:00:39,079 INFO CSMF2.step_1_1_1.run :: [lat] epoch=8 step=300 mean_l2=0.03793 std_l2=0.02326
2026-05-14 23:00:39,526 INFO CSMF2.step_1_1_1.run :: epoch=8 step=300/429 train_nll=-3486.991
2026-05-14 23:01:24,419 INFO CSMF2.step_1_1_1.run :: [h] epoch=8 step=350 total=0.04433 batch=0.04176
2026-05-14 23:01:24,420 INFO CSMF2.step_1_1_1.run :: [lat] epoch=8 step=350 mean_l2=0.03726 std_l2=0.02699
2026-05-14 23:01:24,867 INFO CSMF2.step_1_1_1.run :: epoch=8 step=350/429 train_nll=-3487.052
2026-05-14 23:02:09,321 INFO CSMF2.step_1_1_1.run :: [h] epoch=8 step=400 total=0.03888 batch=0.03557
2026-05-14 23:02:09,321 INFO CSMF2.step_1_1_1.run :: [lat] epoch=8 step=400 mean_l2=0.05276 std_l2=0.04240
2026-05-14 23:02:09,733 INFO CSMF2.step_1_1_1.run :: epoch=8 step=400/429 train_nll=-3482.698
2026-05-14 23:02:46,022 INFO CSMF2.step_1_1_1.run :: epoch=8  train_nll=-3482.932  val_nll=-3510.268  t=396.1s
2026-05-14 23:02:46,023 INFO CSMF2.step_1_1_1.run :: [glow] film_gain mean=0.2793 min=0.2540 max=0.3012
2026-05-14 23:02:46,023 INFO CSMF2.step_1_1_1.run :: [shuffle] gap_mean=7.232 hinge=0.0027 lambda=1.000 margin=0.50
2026-05-14 23:02:46,023 INFO CSMF2.step_1_1_1.run :: [h_std] total=0.04074 batch=0.03814 penalty=0.01186 target=0.0500 mu=10.000
2026-05-14 23:02:46,023 INFO CSMF2.step_1_1_1.run :: [lat_epoch] mean_l2=0.05972 std_l2=0.05264 lambda=10.000
2026-05-14 23:02:46,023 INFO CSMF2.step_1_1_1.run :: [y_resid] alpha=0.1669
2026-05-14 23:02:46,023 INFO CSMF2.step_1_1_1.run :: [grad] cond=19.8872 film_gain=312.0960
2026-05-14 23:03:38,345 INFO CSMF2.step_1_1_1.run :: [h] epoch=9 step=50 total=0.03768 batch=0.03681
2026-05-14 23:03:38,346 INFO CSMF2.step_1_1_1.run :: [lat] epoch=9 step=50 mean_l2=0.05985 std_l2=0.02178
2026-05-14 23:03:38,755 INFO CSMF2.step_1_1_1.run :: epoch=9 step=50/429 train_nll=-3528.220
2026-05-14 23:04:23,259 INFO CSMF2.step_1_1_1.run :: [h] epoch=9 step=100 total=0.03698 batch=0.03634
2026-05-14 23:04:23,260 INFO CSMF2.step_1_1_1.run :: [lat] epoch=9 step=100 mean_l2=0.08844 std_l2=0.03387
2026-05-14 23:04:23,706 INFO CSMF2.step_1_1_1.run :: epoch=9 step=100/429 train_nll=-3529.707
2026-05-14 23:05:08,574 INFO CSMF2.step_1_1_1.run :: [h] epoch=9 step=150 total=0.03849 batch=0.03713
2026-05-14 23:05:08,575 INFO CSMF2.step_1_1_1.run :: [lat] epoch=9 step=150 mean_l2=0.02452 std_l2=0.02650
2026-05-14 23:05:08,984 INFO CSMF2.step_1_1_1.run :: epoch=9 step=150/429 train_nll=-3511.735
2026-05-14 23:05:53,000 INFO CSMF2.step_1_1_1.run :: [h] epoch=9 step=200 total=0.03969 batch=0.03893
2026-05-14 23:05:53,001 INFO CSMF2.step_1_1_1.run :: [lat] epoch=9 step=200 mean_l2=0.05247 std_l2=0.02314
2026-05-14 23:05:53,411 INFO CSMF2.step_1_1_1.run :: epoch=9 step=200/429 train_nll=-3514.900
2026-05-14 23:06:37,479 INFO CSMF2.step_1_1_1.run :: [h] epoch=9 step=250 total=0.04003 batch=0.03940
2026-05-14 23:06:37,479 INFO CSMF2.step_1_1_1.run :: [lat] epoch=9 step=250 mean_l2=0.04543 std_l2=0.02880
2026-05-14 23:06:37,896 INFO CSMF2.step_1_1_1.run :: epoch=9 step=250/429 train_nll=-3519.108
2026-05-14 23:07:22,453 INFO CSMF2.step_1_1_1.run :: [h] epoch=9 step=300 total=0.04083 batch=0.04022
2026-05-14 23:07:22,454 INFO CSMF2.step_1_1_1.run :: [lat] epoch=9 step=300 mean_l2=0.04162 std_l2=0.02382
2026-05-14 23:07:22,865 INFO CSMF2.step_1_1_1.run :: epoch=9 step=300/429 train_nll=-3522.403
2026-05-14 23:08:07,369 INFO CSMF2.step_1_1_1.run :: [h] epoch=9 step=350 total=0.03929 batch=0.03866
2026-05-14 23:08:07,370 INFO CSMF2.step_1_1_1.run :: [lat] epoch=9 step=350 mean_l2=0.05688 std_l2=0.01956
2026-05-14 23:08:07,779 INFO CSMF2.step_1_1_1.run :: epoch=9 step=350/429 train_nll=-3524.360
2026-05-14 23:08:52,078 INFO CSMF2.step_1_1_1.run :: [h] epoch=9 step=400 total=0.04069 batch=0.04019
2026-05-14 23:08:52,078 INFO CSMF2.step_1_1_1.run :: [lat] epoch=9 step=400 mean_l2=0.04286 std_l2=0.03064
2026-05-14 23:08:52,486 INFO CSMF2.step_1_1_1.run :: epoch=9 step=400/429 train_nll=-3524.727
2026-05-14 23:09:28,765 INFO CSMF2.step_1_1_1.run :: epoch=9  train_nll=-3525.924  val_nll=-3527.509  t=394.7s
2026-05-14 23:09:28,765 INFO CSMF2.step_1_1_1.run :: [glow] film_gain mean=0.2781 min=0.2527 max=0.3009
2026-05-14 23:09:28,765 INFO CSMF2.step_1_1_1.run :: [shuffle] gap_mean=8.781 hinge=0.0000 lambda=1.000 margin=0.50
2026-05-14 23:09:28,765 INFO CSMF2.step_1_1_1.run :: [h_std] total=0.03900 batch=0.03806 penalty=0.01194 target=0.0500 mu=10.000
2026-05-14 23:09:28,765 INFO CSMF2.step_1_1_1.run :: [lat_epoch] mean_l2=0.04964 std_l2=0.03047 lambda=10.000
2026-05-14 23:09:28,765 INFO CSMF2.step_1_1_1.run :: [y_resid] alpha=0.1766
2026-05-14 23:09:28,766 INFO CSMF2.step_1_1_1.run :: [grad] cond=88.3604 film_gain=971.3698
2026-05-14 23:10:20,993 INFO CSMF2.step_1_1_1.run :: [h] epoch=10 step=50 total=0.04294 batch=0.04146
2026-05-14 23:10:20,994 INFO CSMF2.step_1_1_1.run :: [lat] epoch=10 step=50 mean_l2=0.07665 std_l2=0.02944
2026-05-14 23:10:21,404 INFO CSMF2.step_1_1_1.run :: epoch=10 step=50/429 train_nll=-3514.538
2026-05-14 23:11:05,732 INFO CSMF2.step_1_1_1.run :: [h] epoch=10 step=100 total=0.04301 batch=0.04178
2026-05-14 23:11:05,733 INFO CSMF2.step_1_1_1.run :: [lat] epoch=10 step=100 mean_l2=0.04597 std_l2=0.02625
2026-05-14 23:11:06,150 INFO CSMF2.step_1_1_1.run :: epoch=10 step=100/429 train_nll=-3510.102
2026-05-14 23:11:50,348 INFO CSMF2.step_1_1_1.run :: [h] epoch=10 step=150 total=0.04264 batch=0.04200
2026-05-14 23:11:50,348 INFO CSMF2.step_1_1_1.run :: [lat] epoch=10 step=150 mean_l2=0.02911 std_l2=0.02159
2026-05-14 23:11:50,758 INFO CSMF2.step_1_1_1.run :: epoch=10 step=150/429 train_nll=-3524.293
2026-05-14 23:12:35,537 INFO CSMF2.step_1_1_1.run :: [h] epoch=10 step=200 total=0.04214 batch=0.04149
2026-05-14 23:12:35,538 INFO CSMF2.step_1_1_1.run :: [lat] epoch=10 step=200 mean_l2=0.05859 std_l2=0.06061
2026-05-14 23:12:35,985 INFO CSMF2.step_1_1_1.run :: epoch=10 step=200/429 train_nll=-3528.402
2026-05-14 23:13:20,694 INFO CSMF2.step_1_1_1.run :: [h] epoch=10 step=250 total=0.04401 batch=0.04321
2026-05-14 23:13:20,694 INFO CSMF2.step_1_1_1.run :: [lat] epoch=10 step=250 mean_l2=0.05349 std_l2=0.03648
2026-05-14 23:13:21,105 INFO CSMF2.step_1_1_1.run :: epoch=10 step=250/429 train_nll=-3526.808
2026-05-14 23:14:05,791 INFO CSMF2.step_1_1_1.run :: [h] epoch=10 step=300 total=0.04636 batch=0.04539
2026-05-14 23:14:05,792 INFO CSMF2.step_1_1_1.run :: [lat] epoch=10 step=300 mean_l2=0.04979 std_l2=0.02637
2026-05-14 23:14:06,240 INFO CSMF2.step_1_1_1.run :: epoch=10 step=300/429 train_nll=-3529.345
2026-05-14 23:14:51,135 INFO CSMF2.step_1_1_1.run :: [h] epoch=10 step=350 total=0.04974 batch=0.04324
2026-05-14 23:14:51,136 INFO CSMF2.step_1_1_1.run :: [lat] epoch=10 step=350 mean_l2=0.03952 std_l2=0.02231
2026-05-14 23:14:51,546 INFO CSMF2.step_1_1_1.run :: epoch=10 step=350/429 train_nll=-3523.689
2026-05-14 23:15:36,202 INFO CSMF2.step_1_1_1.run :: [h] epoch=10 step=400 total=0.04312 batch=0.04221
2026-05-14 23:15:36,203 INFO CSMF2.step_1_1_1.run :: [lat] epoch=10 step=400 mean_l2=0.06573 std_l2=0.02137
2026-05-14 23:15:36,617 INFO CSMF2.step_1_1_1.run :: epoch=10 step=400/429 train_nll=-3525.141
2026-05-14 23:16:13,010 INFO CSMF2.step_1_1_1.run :: epoch=10  train_nll=-3527.590  val_nll=-3554.891  t=396.3s
2026-05-14 23:16:13,010 INFO CSMF2.step_1_1_1.run :: [glow] film_gain mean=0.2755 min=0.2509 max=0.2987
2026-05-14 23:16:13,011 INFO CSMF2.step_1_1_1.run :: [shuffle] gap_mean=9.255 hinge=0.0058 lambda=1.000 margin=0.50
2026-05-14 23:16:13,011 INFO CSMF2.step_1_1_1.run :: [h_std] total=0.04382 batch=0.04248 penalty=0.00752 target=0.0500 mu=10.000
2026-05-14 23:16:13,011 INFO CSMF2.step_1_1_1.run :: [lat_epoch] mean_l2=0.04890 std_l2=0.03600 lambda=10.000
2026-05-14 23:16:13,011 INFO CSMF2.step_1_1_1.run :: [y_resid] alpha=0.1776
2026-05-14 23:16:13,011 INFO CSMF2.step_1_1_1.run :: [grad] cond=16.9343 film_gain=1504.8590
2026-05-14 23:17:06,048 INFO CSMF2.step_1_1_1.run :: [h] epoch=11 step=50 total=0.04586 batch=0.04530
2026-05-14 23:17:06,049 INFO CSMF2.step_1_1_1.run :: [lat] epoch=11 step=50 mean_l2=0.05544 std_l2=0.04793
2026-05-14 23:17:06,496 INFO CSMF2.step_1_1_1.run :: epoch=11 step=50/429 train_nll=-3540.175
2026-05-14 23:17:51,031 INFO CSMF2.step_1_1_1.run :: [h] epoch=11 step=100 total=0.04499 batch=0.04435
2026-05-14 23:17:51,031 INFO CSMF2.step_1_1_1.run :: [lat] epoch=11 step=100 mean_l2=0.04349 std_l2=0.02041
2026-05-14 23:17:51,443 INFO CSMF2.step_1_1_1.run :: epoch=11 step=100/429 train_nll=-3541.833
2026-05-14 23:18:35,957 INFO CSMF2.step_1_1_1.run :: [h] epoch=11 step=150 total=0.04550 batch=0.04480
2026-05-14 23:18:35,958 INFO CSMF2.step_1_1_1.run :: [lat] epoch=11 step=150 mean_l2=0.05187 std_l2=0.04595
2026-05-14 23:18:36,406 INFO CSMF2.step_1_1_1.run :: epoch=11 step=150/429 train_nll=-3538.945
2026-05-14 23:19:21,072 INFO CSMF2.step_1_1_1.run :: [h] epoch=11 step=200 total=0.04770 batch=0.04709
2026-05-14 23:19:21,073 INFO CSMF2.step_1_1_1.run :: [lat] epoch=11 step=200 mean_l2=0.03245 std_l2=0.02118
2026-05-14 23:19:21,482 INFO CSMF2.step_1_1_1.run :: epoch=11 step=200/429 train_nll=-3540.010
2026-05-14 23:20:05,741 INFO CSMF2.step_1_1_1.run :: [h] epoch=11 step=250 total=0.04764 batch=0.04702
2026-05-14 23:20:05,742 INFO CSMF2.step_1_1_1.run :: [lat] epoch=11 step=250 mean_l2=0.03285 std_l2=0.02218
2026-05-14 23:20:06,153 INFO CSMF2.step_1_1_1.run :: epoch=11 step=250/429 train_nll=-3540.930
2026-05-14 23:20:50,612 INFO CSMF2.step_1_1_1.run :: [h] epoch=11 step=300 total=0.04840 batch=0.04771
2026-05-14 23:20:50,613 INFO CSMF2.step_1_1_1.run :: [lat] epoch=11 step=300 mean_l2=0.03968 std_l2=0.03026
2026-05-14 23:20:51,022 INFO CSMF2.step_1_1_1.run :: epoch=11 step=300/429 train_nll=-3539.268
2026-05-14 23:21:35,281 INFO CSMF2.step_1_1_1.run :: [h] epoch=11 step=350 total=0.04742 batch=0.04609
2026-05-14 23:21:35,282 INFO CSMF2.step_1_1_1.run :: [lat] epoch=11 step=350 mean_l2=0.04055 std_l2=0.04605
2026-05-14 23:21:35,692 INFO CSMF2.step_1_1_1.run :: epoch=11 step=350/429 train_nll=-3536.301
2026-05-14 23:22:20,294 INFO CSMF2.step_1_1_1.run :: [h] epoch=11 step=400 total=0.04881 batch=0.04825
2026-05-14 23:22:20,295 INFO CSMF2.step_1_1_1.run :: [lat] epoch=11 step=400 mean_l2=0.03738 std_l2=0.02255
2026-05-14 23:22:20,743 INFO CSMF2.step_1_1_1.run :: epoch=11 step=400/429 train_nll=-3536.298
2026-05-14 23:22:57,217 INFO CSMF2.step_1_1_1.run :: epoch=11  train_nll=-3535.923  val_nll=-3544.072  t=395.4s
2026-05-14 23:22:57,218 INFO CSMF2.step_1_1_1.run :: [glow] film_gain mean=0.2732 min=0.2491 max=0.2963
2026-05-14 23:22:57,218 INFO CSMF2.step_1_1_1.run :: [shuffle] gap_mean=10.388 hinge=0.0017 lambda=1.000 margin=0.50
2026-05-14 23:22:57,218 INFO CSMF2.step_1_1_1.run :: [h_std] total=0.04702 batch=0.04625 penalty=0.00376 target=0.0500 mu=10.000
2026-05-14 23:22:57,218 INFO CSMF2.step_1_1_1.run :: [lat_epoch] mean_l2=0.04976 std_l2=0.03295 lambda=10.000
2026-05-14 23:22:57,218 INFO CSMF2.step_1_1_1.run :: [y_resid] alpha=0.1815
2026-05-14 23:22:57,218 INFO CSMF2.step_1_1_1.run :: [grad] cond=8.7676 film_gain=816.3064
2026-05-14 23:23:49,744 INFO CSMF2.step_1_1_1.run :: [h] epoch=12 step=50 total=0.04792 batch=0.04674
2026-05-14 23:23:49,745 INFO CSMF2.step_1_1_1.run :: [lat] epoch=12 step=50 mean_l2=0.07180 std_l2=0.03421
2026-05-14 23:23:50,193 INFO CSMF2.step_1_1_1.run :: epoch=12 step=50/429 train_nll=-3548.798
2026-05-14 23:24:34,925 INFO CSMF2.step_1_1_1.run :: [h] epoch=12 step=100 total=0.05024 batch=0.04927
2026-05-14 23:24:34,926 INFO CSMF2.step_1_1_1.run :: [lat] epoch=12 step=100 mean_l2=0.04932 std_l2=0.04879
2026-05-14 23:24:35,343 INFO CSMF2.step_1_1_1.run :: epoch=12 step=100/429 train_nll=-3531.374
2026-05-14 23:25:19,713 INFO CSMF2.step_1_1_1.run :: [h] epoch=12 step=150 total=0.04887 batch=0.04807
2026-05-14 23:25:19,714 INFO CSMF2.step_1_1_1.run :: [lat] epoch=12 step=150 mean_l2=0.06225 std_l2=0.06990
2026-05-14 23:25:20,123 INFO CSMF2.step_1_1_1.run :: epoch=12 step=150/429 train_nll=-3531.433
2026-05-14 23:26:04,636 INFO CSMF2.step_1_1_1.run :: [h] epoch=12 step=200 total=0.04984 batch=0.04944
2026-05-14 23:26:04,636 INFO CSMF2.step_1_1_1.run :: [lat] epoch=12 step=200 mean_l2=0.03451 std_l2=0.02165
2026-05-14 23:26:05,043 INFO CSMF2.step_1_1_1.run :: epoch=12 step=200/429 train_nll=-3533.895
2026-05-14 23:26:49,762 INFO CSMF2.step_1_1_1.run :: [h] epoch=12 step=250 total=0.04779 batch=0.04731
2026-05-14 23:26:49,763 INFO CSMF2.step_1_1_1.run :: [lat] epoch=12 step=250 mean_l2=0.03247 std_l2=0.02608
2026-05-14 23:26:50,172 INFO CSMF2.step_1_1_1.run :: epoch=12 step=250/429 train_nll=-3539.768
2026-05-14 23:27:34,922 INFO CSMF2.step_1_1_1.run :: [h] epoch=12 step=300 total=0.04972 batch=0.04897
2026-05-14 23:27:34,923 INFO CSMF2.step_1_1_1.run :: [lat] epoch=12 step=300 mean_l2=0.02508 std_l2=0.02448
2026-05-14 23:27:35,333 INFO CSMF2.step_1_1_1.run :: epoch=12 step=300/429 train_nll=-3542.016
2026-05-14 23:28:19,673 INFO CSMF2.step_1_1_1.run :: [h] epoch=12 step=350 total=0.04885 batch=0.04832
2026-05-14 23:28:19,674 INFO CSMF2.step_1_1_1.run :: [lat] epoch=12 step=350 mean_l2=0.03716 std_l2=0.02932
2026-05-14 23:28:20,124 INFO CSMF2.step_1_1_1.run :: epoch=12 step=350/429 train_nll=-3546.321
2026-05-14 23:29:04,457 INFO CSMF2.step_1_1_1.run :: [h] epoch=12 step=400 total=0.04890 batch=0.04826
2026-05-14 23:29:04,458 INFO CSMF2.step_1_1_1.run :: [lat] epoch=12 step=400 mean_l2=0.04005 std_l2=0.03381
2026-05-14 23:29:04,875 INFO CSMF2.step_1_1_1.run :: epoch=12 step=400/429 train_nll=-3546.655
2026-05-14 23:29:41,440 INFO CSMF2.step_1_1_1.run :: epoch=12  train_nll=-3547.463  val_nll=-3554.412  t=396.1s
2026-05-14 23:29:41,441 INFO CSMF2.step_1_1_1.run :: [glow] film_gain mean=0.2714 min=0.2474 max=0.2951
2026-05-14 23:29:41,441 INFO CSMF2.step_1_1_1.run :: [shuffle] gap_mean=11.054 hinge=0.0000 lambda=1.000 margin=0.50
2026-05-14 23:29:41,441 INFO CSMF2.step_1_1_1.run :: [h_std] total=0.04980 batch=0.04895 penalty=0.00125 target=0.0500 mu=10.000
2026-05-14 23:29:41,441 INFO CSMF2.step_1_1_1.run :: [lat_epoch] mean_l2=0.04526 std_l2=0.03060 lambda=10.000
2026-05-14 23:29:41,441 INFO CSMF2.step_1_1_1.run :: [y_resid] alpha=0.1828
2026-05-14 23:29:41,441 INFO CSMF2.step_1_1_1.run :: [grad] cond=52.7344 film_gain=494.9595
2026-05-14 23:30:33,720 INFO CSMF2.step_1_1_1.run :: [h] epoch=13 step=50 total=0.05141 batch=0.05083
2026-05-14 23:30:33,720 INFO CSMF2.step_1_1_1.run :: [lat] epoch=13 step=50 mean_l2=0.02723 std_l2=0.02968
2026-05-14 23:30:34,132 INFO CSMF2.step_1_1_1.run :: epoch=13 step=50/429 train_nll=-3571.871
2026-05-14 23:31:18,585 INFO CSMF2.step_1_1_1.run :: [h] epoch=13 step=100 total=0.05262 batch=0.05205
2026-05-14 23:31:18,586 INFO CSMF2.step_1_1_1.run :: [lat] epoch=13 step=100 mean_l2=0.04772 std_l2=0.03184
2026-05-14 23:31:19,033 INFO CSMF2.step_1_1_1.run :: epoch=13 step=100/429 train_nll=-3563.880
2026-05-14 23:32:03,394 INFO CSMF2.step_1_1_1.run :: [h] epoch=13 step=150 total=0.04842 batch=0.04604
2026-05-14 23:32:03,394 INFO CSMF2.step_1_1_1.run :: [lat] epoch=13 step=150 mean_l2=0.06795 std_l2=0.03498
2026-05-14 23:32:03,805 INFO CSMF2.step_1_1_1.run :: epoch=13 step=150/429 train_nll=-3538.721
2026-05-14 23:32:48,151 INFO CSMF2.step_1_1_1.run :: [h] epoch=13 step=200 total=0.04770 batch=0.04704
2026-05-14 23:32:48,151 INFO CSMF2.step_1_1_1.run :: [lat] epoch=13 step=200 mean_l2=0.06658 std_l2=0.02031
2026-05-14 23:32:48,561 INFO CSMF2.step_1_1_1.run :: epoch=13 step=200/429 train_nll=-3539.044
2026-05-14 23:33:33,067 INFO CSMF2.step_1_1_1.run :: [h] epoch=13 step=250 total=0.04497 batch=0.04407
2026-05-14 23:33:33,067 INFO CSMF2.step_1_1_1.run :: [lat] epoch=13 step=250 mean_l2=0.04006 std_l2=0.03000
2026-05-14 23:33:33,476 INFO CSMF2.step_1_1_1.run :: epoch=13 step=250/429 train_nll=-3539.198
2026-05-14 23:34:18,222 INFO CSMF2.step_1_1_1.run :: [h] epoch=13 step=300 total=0.04757 batch=0.04708
2026-05-14 23:34:18,223 INFO CSMF2.step_1_1_1.run :: [lat] epoch=13 step=300 mean_l2=0.02963 std_l2=0.03089
2026-05-14 23:34:18,671 INFO CSMF2.step_1_1_1.run :: epoch=13 step=300/429 train_nll=-3541.547
2026-05-14 23:35:03,068 INFO CSMF2.step_1_1_1.run :: [h] epoch=13 step=350 total=0.04989 batch=0.04946
2026-05-14 23:35:03,068 INFO CSMF2.step_1_1_1.run :: [lat] epoch=13 step=350 mean_l2=0.04944 std_l2=0.04845
2026-05-14 23:35:03,479 INFO CSMF2.step_1_1_1.run :: epoch=13 step=350/429 train_nll=-3540.073
2026-05-14 23:35:48,064 INFO CSMF2.step_1_1_1.run :: [h] epoch=13 step=400 total=0.05236 batch=0.05161
2026-05-14 23:35:48,065 INFO CSMF2.step_1_1_1.run :: [lat] epoch=13 step=400 mean_l2=0.04397 std_l2=0.02198
2026-05-14 23:35:48,481 INFO CSMF2.step_1_1_1.run :: epoch=13 step=400/429 train_nll=-3539.778
2026-05-14 23:36:24,786 INFO CSMF2.step_1_1_1.run :: epoch=13  train_nll=-3541.853  val_nll=-3566.589  t=395.5s
2026-05-14 23:36:24,787 INFO CSMF2.step_1_1_1.run :: [glow] film_gain mean=0.2685 min=0.2393 max=0.2935
2026-05-14 23:36:24,787 INFO CSMF2.step_1_1_1.run :: [shuffle] gap_mean=11.680 hinge=0.0329 lambda=1.000 margin=0.50
2026-05-14 23:36:24,787 INFO CSMF2.step_1_1_1.run :: [h_std] total=0.04925 batch=0.04834 penalty=0.00190 target=0.0500 mu=10.000
2026-05-14 23:36:24,787 INFO CSMF2.step_1_1_1.run :: [lat_epoch] mean_l2=0.04902 std_l2=0.04545 lambda=10.000
2026-05-14 23:36:24,787 INFO CSMF2.step_1_1_1.run :: [y_resid] alpha=0.1770
2026-05-14 23:36:24,787 INFO CSMF2.step_1_1_1.run :: [grad] cond=16.2823 film_gain=642.8453
2026-05-14 23:37:18,329 INFO CSMF2.step_1_1_1.run :: [h] epoch=14 step=50 total=0.04937 batch=0.04854
2026-05-14 23:37:18,330 INFO CSMF2.step_1_1_1.run :: [lat] epoch=14 step=50 mean_l2=0.05695 std_l2=0.02798
2026-05-14 23:37:18,778 INFO CSMF2.step_1_1_1.run :: epoch=14 step=50/429 train_nll=-3570.619
2026-05-14 23:38:03,107 INFO CSMF2.step_1_1_1.run :: [h] epoch=14 step=100 total=0.05004 batch=0.04927
2026-05-14 23:38:03,108 INFO CSMF2.step_1_1_1.run :: [lat] epoch=14 step=100 mean_l2=0.04076 std_l2=0.03543
2026-05-14 23:38:03,518 INFO CSMF2.step_1_1_1.run :: epoch=14 step=100/429 train_nll=-3568.821
2026-05-14 23:38:48,119 INFO CSMF2.step_1_1_1.run :: [h] epoch=14 step=150 total=0.06277 batch=0.04878
2026-05-14 23:38:48,120 INFO CSMF2.step_1_1_1.run :: [lat] epoch=14 step=150 mean_l2=0.04806 std_l2=0.04831
2026-05-14 23:38:48,529 INFO CSMF2.step_1_1_1.run :: epoch=14 step=150/429 train_nll=-3546.797
2026-05-14 23:39:33,223 INFO CSMF2.step_1_1_1.run :: [h] epoch=14 step=200 total=0.04255 batch=0.04126
2026-05-14 23:39:33,226 INFO CSMF2.step_1_1_1.run :: [lat] epoch=14 step=200 mean_l2=0.03207 std_l2=0.02849
2026-05-14 23:39:33,675 INFO CSMF2.step_1_1_1.run :: epoch=14 step=200/429 train_nll=-3544.902
2026-05-14 23:40:17,952 INFO CSMF2.step_1_1_1.run :: [h] epoch=14 step=250 total=0.04265 batch=0.04188
2026-05-14 23:40:17,952 INFO CSMF2.step_1_1_1.run :: [lat] epoch=14 step=250 mean_l2=0.05559 std_l2=0.02705
2026-05-14 23:40:18,363 INFO CSMF2.step_1_1_1.run :: epoch=14 step=250/429 train_nll=-3547.371
2026-05-14 23:41:02,799 INFO CSMF2.step_1_1_1.run :: [h] epoch=14 step=300 total=0.04326 batch=0.04209
2026-05-14 23:41:02,800 INFO CSMF2.step_1_1_1.run :: [lat] epoch=14 step=300 mean_l2=0.03130 std_l2=0.02375
2026-05-14 23:41:03,210 INFO CSMF2.step_1_1_1.run :: epoch=14 step=300/429 train_nll=-3550.388
2026-05-14 23:41:47,423 INFO CSMF2.step_1_1_1.run :: [h] epoch=14 step=350 total=0.04474 batch=0.04352
2026-05-14 23:41:47,423 INFO CSMF2.step_1_1_1.run :: [lat] epoch=14 step=350 mean_l2=0.02895 std_l2=0.01732
2026-05-14 23:41:47,833 INFO CSMF2.step_1_1_1.run :: epoch=14 step=350/429 train_nll=-3550.943
2026-05-14 23:42:32,694 INFO CSMF2.step_1_1_1.run :: [h] epoch=14 step=400 total=0.04612 batch=0.04503
2026-05-14 23:42:32,696 INFO CSMF2.step_1_1_1.run :: [lat] epoch=14 step=400 mean_l2=0.03992 std_l2=0.01968
2026-05-14 23:42:33,105 INFO CSMF2.step_1_1_1.run :: epoch=14 step=400/429 train_nll=-3552.163
2026-05-14 23:43:09,534 INFO CSMF2.step_1_1_1.run :: epoch=14  train_nll=-3552.237  val_nll=-3546.404  t=395.9s
2026-05-14 23:43:09,534 INFO CSMF2.step_1_1_1.run :: [glow] film_gain mean=0.2658 min=0.2369 max=0.2904
2026-05-14 23:43:09,534 INFO CSMF2.step_1_1_1.run :: [shuffle] gap_mean=11.645 hinge=0.0000 lambda=1.000 margin=0.50
2026-05-14 23:43:09,534 INFO CSMF2.step_1_1_1.run :: [h_std] total=0.04716 batch=0.04560 penalty=0.00452 target=0.0500 mu=10.000
2026-05-14 23:43:09,534 INFO CSMF2.step_1_1_1.run :: [lat_epoch] mean_l2=0.04535 std_l2=0.03315 lambda=10.000
2026-05-14 23:43:09,534 INFO CSMF2.step_1_1_1.run :: [y_resid] alpha=0.1576
2026-05-14 23:43:09,534 INFO CSMF2.step_1_1_1.run :: [grad] cond=19.3766 film_gain=861.6509
2026-05-14 23:44:02,082 INFO CSMF2.step_1_1_1.run :: [h] epoch=15 step=50 total=0.04647 batch=0.04568
2026-05-14 23:44:02,082 INFO CSMF2.step_1_1_1.run :: [lat] epoch=15 step=50 mean_l2=0.06680 std_l2=0.03376
2026-05-14 23:44:02,492 INFO CSMF2.step_1_1_1.run :: epoch=15 step=50/429 train_nll=-3559.762
2026-05-14 23:44:47,213 INFO CSMF2.step_1_1_1.run :: [h] epoch=15 step=100 total=0.04784 batch=0.04697
2026-05-14 23:44:47,214 INFO CSMF2.step_1_1_1.run :: [lat] epoch=15 step=100 mean_l2=0.04447 std_l2=0.02213
2026-05-14 23:44:47,631 INFO CSMF2.step_1_1_1.run :: epoch=15 step=100/429 train_nll=-3543.376
2026-05-14 23:45:32,191 INFO CSMF2.step_1_1_1.run :: [h] epoch=15 step=150 total=0.04922 batch=0.04637
2026-05-14 23:45:32,192 INFO CSMF2.step_1_1_1.run :: [lat] epoch=15 step=150 mean_l2=0.04337 std_l2=0.02699
2026-05-14 23:45:32,640 INFO CSMF2.step_1_1_1.run :: epoch=15 step=150/429 train_nll=-3537.800
2026-05-14 23:46:17,085 INFO CSMF2.step_1_1_1.run :: [h] epoch=15 step=200 total=0.04691 batch=0.04592
2026-05-14 23:46:17,086 INFO CSMF2.step_1_1_1.run :: [lat] epoch=15 step=200 mean_l2=0.08091 std_l2=0.03008
2026-05-14 23:46:17,534 INFO CSMF2.step_1_1_1.run :: epoch=15 step=200/429 train_nll=-3541.710
2026-05-14 23:47:02,014 INFO CSMF2.step_1_1_1.run :: [h] epoch=15 step=250 total=0.04726 batch=0.04665
2026-05-14 23:47:02,014 INFO CSMF2.step_1_1_1.run :: [lat] epoch=15 step=250 mean_l2=0.03200 std_l2=0.02314
2026-05-14 23:47:02,422 INFO CSMF2.step_1_1_1.run :: epoch=15 step=250/429 train_nll=-3545.849
2026-05-14 23:47:47,010 INFO CSMF2.step_1_1_1.run :: [h] epoch=15 step=300 total=0.04624 batch=0.04380
2026-05-14 23:47:47,011 INFO CSMF2.step_1_1_1.run :: [lat] epoch=15 step=300 mean_l2=0.04904 std_l2=0.02323
2026-05-14 23:47:47,420 INFO CSMF2.step_1_1_1.run :: epoch=15 step=300/429 train_nll=-3544.853
2026-05-14 23:48:31,634 INFO CSMF2.step_1_1_1.run :: [h] epoch=15 step=350 total=0.04682 batch=0.04599
2026-05-14 23:48:31,634 INFO CSMF2.step_1_1_1.run :: [lat] epoch=15 step=350 mean_l2=0.03792 std_l2=0.02911
2026-05-14 23:48:32,044 INFO CSMF2.step_1_1_1.run :: epoch=15 step=350/429 train_nll=-3549.449
2026-05-14 23:49:16,769 INFO CSMF2.step_1_1_1.run :: [h] epoch=15 step=400 total=0.04914 batch=0.04850
2026-05-14 23:49:16,770 INFO CSMF2.step_1_1_1.run :: [lat] epoch=15 step=400 mean_l2=0.04395 std_l2=0.03363
2026-05-14 23:49:17,179 INFO CSMF2.step_1_1_1.run :: epoch=15 step=400/429 train_nll=-3551.970
2026-05-14 23:49:53,438 INFO CSMF2.step_1_1_1.run :: epoch=15  train_nll=-3552.416  val_nll=-3568.188  t=395.9s
2026-05-14 23:49:53,439 INFO CSMF2.step_1_1_1.run :: [glow] film_gain mean=0.2628 min=0.2339 max=0.2881
2026-05-14 23:49:53,439 INFO CSMF2.step_1_1_1.run :: [shuffle] gap_mean=12.063 hinge=0.0000 lambda=1.000 margin=0.50
2026-05-14 23:49:53,439 INFO CSMF2.step_1_1_1.run :: [h_std] total=0.04774 batch=0.04661 penalty=0.00340 target=0.0500 mu=10.000
2026-05-14 23:49:53,439 INFO CSMF2.step_1_1_1.run :: [lat_epoch] mean_l2=0.04791 std_l2=0.03141 lambda=10.000
2026-05-14 23:49:53,439 INFO CSMF2.step_1_1_1.run :: [y_resid] alpha=0.1621
2026-05-14 23:49:53,439 INFO CSMF2.step_1_1_1.run :: [grad] cond=55.4283 film_gain=517.3813
2026-05-14 23:50:46,142 INFO CSMF2.step_1_1_1.run :: [h] epoch=16 step=50 total=0.04901 batch=0.04845
2026-05-14 23:50:46,144 INFO CSMF2.step_1_1_1.run :: [lat] epoch=16 step=50 mean_l2=0.03879 std_l2=0.02248
2026-05-14 23:50:46,553 INFO CSMF2.step_1_1_1.run :: epoch=16 step=50/429 train_nll=-3570.774
2026-05-14 23:51:30,956 INFO CSMF2.step_1_1_1.run :: [h] epoch=16 step=100 total=0.04817 batch=0.04553
2026-05-14 23:51:30,957 INFO CSMF2.step_1_1_1.run :: [lat] epoch=16 step=100 mean_l2=0.02646 std_l2=0.02307
2026-05-14 23:51:31,377 INFO CSMF2.step_1_1_1.run :: epoch=16 step=100/429 train_nll=-3331.682
2026-05-14 23:52:15,950 INFO CSMF2.step_1_1_1.run :: [h] epoch=16 step=150 total=0.04663 batch=0.04571
2026-05-14 23:52:15,951 INFO CSMF2.step_1_1_1.run :: [lat] epoch=16 step=150 mean_l2=0.03196 std_l2=0.03376
2026-05-14 23:52:16,359 INFO CSMF2.step_1_1_1.run :: epoch=16 step=150/429 train_nll=-3394.973
2026-05-14 23:53:00,915 INFO CSMF2.step_1_1_1.run :: [h] epoch=16 step=200 total=0.04377 batch=0.04240
2026-05-14 23:53:00,916 INFO CSMF2.step_1_1_1.run :: [lat] epoch=16 step=200 mean_l2=0.03881 std_l2=0.02457
2026-05-14 23:53:01,364 INFO CSMF2.step_1_1_1.run :: epoch=16 step=200/429 train_nll=-3424.701
2026-05-14 23:53:45,816 INFO CSMF2.step_1_1_1.run :: [h] epoch=16 step=250 total=0.04500 batch=0.04410
2026-05-14 23:53:45,817 INFO CSMF2.step_1_1_1.run :: [lat] epoch=16 step=250 mean_l2=0.03040 std_l2=0.02572
2026-05-14 23:53:46,226 INFO CSMF2.step_1_1_1.run :: epoch=16 step=250/429 train_nll=-3448.338
2026-05-14 23:54:30,662 INFO CSMF2.step_1_1_1.run :: [h] epoch=16 step=300 total=0.04530 batch=0.04458
2026-05-14 23:54:30,663 INFO CSMF2.step_1_1_1.run :: [lat] epoch=16 step=300 mean_l2=0.03223 std_l2=0.01899
2026-05-14 23:54:31,073 INFO CSMF2.step_1_1_1.run :: epoch=16 step=300/429 train_nll=-3468.037
2026-05-14 23:55:15,272 INFO CSMF2.step_1_1_1.run :: [h] epoch=16 step=350 total=0.04466 batch=0.04403
2026-05-14 23:55:15,273 INFO CSMF2.step_1_1_1.run :: [lat] epoch=16 step=350 mean_l2=0.03285 std_l2=0.02045
2026-05-14 23:55:15,683 INFO CSMF2.step_1_1_1.run :: epoch=16 step=350/429 train_nll=-3481.232
2026-05-14 23:56:00,061 INFO CSMF2.step_1_1_1.run :: [h] epoch=16 step=400 total=0.04581 batch=0.04518
2026-05-14 23:56:00,062 INFO CSMF2.step_1_1_1.run :: [lat] epoch=16 step=400 mean_l2=0.04846 std_l2=0.02509
2026-05-14 23:56:00,472 INFO CSMF2.step_1_1_1.run :: epoch=16 step=400/429 train_nll=-3490.258
2026-05-14 23:56:36,589 INFO CSMF2.step_1_1_1.run :: epoch=16  train_nll=-3495.914  val_nll=-3559.459  t=395.3s
2026-05-14 23:56:36,590 INFO CSMF2.step_1_1_1.run :: [glow] film_gain mean=0.2598 min=0.2289 max=0.2852
2026-05-14 23:56:36,590 INFO CSMF2.step_1_1_1.run :: [shuffle] gap_mean=-37.701 hinge=49.4924 lambda=1.000 margin=0.50
2026-05-14 23:56:36,590 INFO CSMF2.step_1_1_1.run :: [h_std] total=0.04704 batch=0.04596 penalty=0.00405 target=0.0500 mu=10.000
2026-05-14 23:56:36,590 INFO CSMF2.step_1_1_1.run :: [lat_epoch] mean_l2=0.04642 std_l2=2663.09859 lambda=10.000
2026-05-14 23:56:36,590 INFO CSMF2.step_1_1_1.run :: [y_resid] alpha=0.1539
2026-05-14 23:56:36,590 INFO CSMF2.step_1_1_1.run :: [grad] cond=56.6160 film_gain=618.6197
2026-05-14 23:57:28,708 INFO CSMF2.step_1_1_1.run :: [h] epoch=17 step=50 total=0.04845 batch=0.04794
2026-05-14 23:57:28,711 INFO CSMF2.step_1_1_1.run :: [lat] epoch=17 step=50 mean_l2=0.03956 std_l2=0.02045
2026-05-14 23:57:29,119 INFO CSMF2.step_1_1_1.run :: epoch=17 step=50/429 train_nll=-3552.585
2026-05-14 23:58:13,513 INFO CSMF2.step_1_1_1.run :: [h] epoch=17 step=100 total=0.04809 batch=0.04716
2026-05-14 23:58:13,513 INFO CSMF2.step_1_1_1.run :: [lat] epoch=17 step=100 mean_l2=0.03767 std_l2=0.02532
2026-05-14 23:58:13,962 INFO CSMF2.step_1_1_1.run :: epoch=17 step=100/429 train_nll=-3564.012
2026-05-14 23:58:58,670 INFO CSMF2.step_1_1_1.run :: [h] epoch=17 step=150 total=0.04710 batch=0.04610
2026-05-14 23:58:58,671 INFO CSMF2.step_1_1_1.run :: [lat] epoch=17 step=150 mean_l2=0.02478 std_l2=0.03906
2026-05-14 23:58:59,079 INFO CSMF2.step_1_1_1.run :: epoch=17 step=150/429 train_nll=-3557.524
2026-05-14 23:59:43,550 INFO CSMF2.step_1_1_1.run :: [h] epoch=17 step=200 total=0.04817 batch=0.04755
2026-05-14 23:59:43,551 INFO CSMF2.step_1_1_1.run :: [lat] epoch=17 step=200 mean_l2=0.05593 std_l2=0.02929
2026-05-14 23:59:43,968 INFO CSMF2.step_1_1_1.run :: epoch=17 step=200/429 train_nll=-3554.801
2026-05-15 00:00:28,594 INFO CSMF2.step_1_1_1.run :: [h] epoch=17 step=250 total=0.04843 batch=0.04811
2026-05-15 00:00:28,595 INFO CSMF2.step_1_1_1.run :: [lat] epoch=17 step=250 mean_l2=0.03637 std_l2=0.02591
2026-05-15 00:00:29,004 INFO CSMF2.step_1_1_1.run :: epoch=17 step=250/429 train_nll=-3556.928
2026-05-15 00:01:13,298 INFO CSMF2.step_1_1_1.run :: [h] epoch=17 step=300 total=0.05598 batch=0.04842
2026-05-15 00:01:13,299 INFO CSMF2.step_1_1_1.run :: [lat] epoch=17 step=300 mean_l2=0.06421 std_l2=0.03305
2026-05-15 00:01:13,748 INFO CSMF2.step_1_1_1.run :: epoch=17 step=300/429 train_nll=-3549.404
2026-05-15 00:01:57,890 INFO CSMF2.step_1_1_1.run :: [h] epoch=17 step=350 total=0.04701 batch=0.04636
2026-05-15 00:01:57,891 INFO CSMF2.step_1_1_1.run :: [lat] epoch=17 step=350 mean_l2=0.03268 std_l2=0.02355
2026-05-15 00:01:58,339 INFO CSMF2.step_1_1_1.run :: epoch=17 step=350/429 train_nll=-3551.820
2026-05-15 00:02:43,210 INFO CSMF2.step_1_1_1.run :: [h] epoch=17 step=400 total=0.04607 batch=0.04575
2026-05-15 00:02:43,215 INFO CSMF2.step_1_1_1.run :: [lat] epoch=17 step=400 mean_l2=0.02810 std_l2=0.02163
2026-05-15 00:02:43,665 INFO CSMF2.step_1_1_1.run :: epoch=17 step=400/429 train_nll=-3552.923
2026-05-15 00:03:19,879 INFO CSMF2.step_1_1_1.run :: epoch=17  train_nll=-3555.170  val_nll=-3582.936  t=395.5s
2026-05-15 00:03:19,879 INFO CSMF2.step_1_1_1.run :: [glow] film_gain mean=0.2569 min=0.2254 max=0.2815
2026-05-15 00:03:19,879 INFO CSMF2.step_1_1_1.run :: [shuffle] gap_mean=12.267 hinge=0.0125 lambda=1.000 margin=0.50
2026-05-15 00:03:19,879 INFO CSMF2.step_1_1_1.run :: [h_std] total=0.04861 batch=0.04749 penalty=0.00254 target=0.0500 mu=10.000
2026-05-15 00:03:19,879 INFO CSMF2.step_1_1_1.run :: [lat_epoch] mean_l2=0.04359 std_l2=0.03629 lambda=10.000
2026-05-15 00:03:19,879 INFO CSMF2.step_1_1_1.run :: [y_resid] alpha=0.1484
2026-05-15 00:03:19,879 INFO CSMF2.step_1_1_1.run :: [grad] cond=59.5613 film_gain=687.0541
2026-05-15 00:04:12,610 INFO CSMF2.step_1_1_1.run :: [h] epoch=18 step=50 total=0.04784 batch=0.04732
2026-05-15 00:04:12,611 INFO CSMF2.step_1_1_1.run :: [lat] epoch=18 step=50 mean_l2=0.04537 std_l2=0.03528
2026-05-15 00:04:13,062 INFO CSMF2.step_1_1_1.run :: epoch=18 step=50/429 train_nll=-3556.508
2026-05-15 00:04:57,799 INFO CSMF2.step_1_1_1.run :: [h] epoch=18 step=100 total=0.04957 batch=0.04884
2026-05-15 00:04:57,800 INFO CSMF2.step_1_1_1.run :: [lat] epoch=18 step=100 mean_l2=0.05354 std_l2=0.03335
2026-05-15 00:04:58,205 INFO CSMF2.step_1_1_1.run :: epoch=18 step=100/429 train_nll=-3571.800
2026-05-15 00:05:42,795 INFO CSMF2.step_1_1_1.run :: [h] epoch=18 step=150 total=0.04943 batch=0.04882
2026-05-15 00:05:42,796 INFO CSMF2.step_1_1_1.run :: [lat] epoch=18 step=150 mean_l2=0.06327 std_l2=0.02978
2026-05-15 00:05:43,205 INFO CSMF2.step_1_1_1.run :: epoch=18 step=150/429 train_nll=-3571.459
2026-05-15 00:06:27,752 INFO CSMF2.step_1_1_1.run :: [h] epoch=18 step=200 total=0.05072 batch=0.05006
2026-05-15 00:06:27,753 INFO CSMF2.step_1_1_1.run :: [lat] epoch=18 step=200 mean_l2=0.04301 std_l2=0.02153
2026-05-15 00:06:28,203 INFO CSMF2.step_1_1_1.run :: epoch=18 step=200/429 train_nll=-3571.478
2026-05-15 00:07:12,967 INFO CSMF2.step_1_1_1.run :: [h] epoch=18 step=250 total=0.04888 batch=0.04792
2026-05-15 00:07:12,968 INFO CSMF2.step_1_1_1.run :: [lat] epoch=18 step=250 mean_l2=0.03014 std_l2=0.02290
2026-05-15 00:07:13,376 INFO CSMF2.step_1_1_1.run :: epoch=18 step=250/429 train_nll=-3560.732
2026-05-15 00:07:57,843 INFO CSMF2.step_1_1_1.run :: [h] epoch=18 step=300 total=0.04951 batch=0.04857
2026-05-15 00:07:57,844 INFO CSMF2.step_1_1_1.run :: [lat] epoch=18 step=300 mean_l2=0.02854 std_l2=0.01885
2026-05-15 00:07:58,292 INFO CSMF2.step_1_1_1.run :: epoch=18 step=300/429 train_nll=-3563.748
2026-05-15 00:08:42,874 INFO CSMF2.step_1_1_1.run :: [h] epoch=18 step=350 total=0.05081 batch=0.05025
2026-05-15 00:08:42,875 INFO CSMF2.step_1_1_1.run :: [lat] epoch=18 step=350 mean_l2=0.15105 std_l2=0.29649
2026-05-15 00:08:43,324 INFO CSMF2.step_1_1_1.run :: epoch=18 step=350/429 train_nll=-3563.731
2026-05-15 00:09:27,847 INFO CSMF2.step_1_1_1.run :: [h] epoch=18 step=400 total=0.05063 batch=0.04996
2026-05-15 00:09:27,847 INFO CSMF2.step_1_1_1.run :: [lat] epoch=18 step=400 mean_l2=0.02622 std_l2=0.03322
2026-05-15 00:09:28,251 INFO CSMF2.step_1_1_1.run :: epoch=18 step=400/429 train_nll=-3558.855
2026-05-15 00:10:04,700 INFO CSMF2.step_1_1_1.run :: epoch=18  train_nll=-3560.393  val_nll=-3571.033  t=396.9s
2026-05-15 00:10:04,700 INFO CSMF2.step_1_1_1.run :: [glow] film_gain mean=0.2546 min=0.2227 max=0.2786
2026-05-15 00:10:04,700 INFO CSMF2.step_1_1_1.run :: [shuffle] gap_mean=13.105 hinge=0.0000 lambda=1.000 margin=0.50
2026-05-15 00:10:04,700 INFO CSMF2.step_1_1_1.run :: [h_std] total=0.04900 batch=0.04823 penalty=0.00184 target=0.0500 mu=10.000
2026-05-15 00:10:04,700 INFO CSMF2.step_1_1_1.run :: [lat_epoch] mean_l2=0.04247 std_l2=0.03899 lambda=10.000
2026-05-15 00:10:04,701 INFO CSMF2.step_1_1_1.run :: [y_resid] alpha=0.1510
2026-05-15 00:10:04,701 INFO CSMF2.step_1_1_1.run :: [grad] cond=28.4525 film_gain=979.6775
2026-05-15 00:10:57,932 INFO CSMF2.step_1_1_1.run :: [h] epoch=19 step=50 total=0.04984 batch=0.04923
2026-05-15 00:10:57,933 INFO CSMF2.step_1_1_1.run :: [lat] epoch=19 step=50 mean_l2=0.03382 std_l2=0.03430
2026-05-15 00:10:58,343 INFO CSMF2.step_1_1_1.run :: epoch=19 step=50/429 train_nll=-3565.307
2026-05-15 00:11:43,040 INFO CSMF2.step_1_1_1.run :: [h] epoch=19 step=100 total=0.04946 batch=0.04903
2026-05-15 00:11:43,041 INFO CSMF2.step_1_1_1.run :: [lat] epoch=19 step=100 mean_l2=0.02882 std_l2=0.02087
2026-05-15 00:11:43,453 INFO CSMF2.step_1_1_1.run :: epoch=19 step=100/429 train_nll=-3572.758
2026-05-15 00:12:27,704 INFO CSMF2.step_1_1_1.run :: [h] epoch=19 step=150 total=0.04935 batch=0.04860
2026-05-15 00:12:27,705 INFO CSMF2.step_1_1_1.run :: [lat] epoch=19 step=150 mean_l2=0.02995 std_l2=0.02149
2026-05-15 00:12:28,115 INFO CSMF2.step_1_1_1.run :: epoch=19 step=150/429 train_nll=-3576.109
2026-05-15 00:13:12,449 INFO CSMF2.step_1_1_1.run :: [h] epoch=19 step=200 total=0.04859 batch=0.04733
2026-05-15 00:13:12,450 INFO CSMF2.step_1_1_1.run :: [lat] epoch=19 step=200 mean_l2=0.05792 std_l2=0.07087
2026-05-15 00:13:12,898 INFO CSMF2.step_1_1_1.run :: epoch=19 step=200/429 train_nll=-3575.888
2026-05-15 00:13:57,703 INFO CSMF2.step_1_1_1.run :: [h] epoch=19 step=250 total=0.05348 batch=0.05298
2026-05-15 00:13:57,704 INFO CSMF2.step_1_1_1.run :: [lat] epoch=19 step=250 mean_l2=0.04223 std_l2=0.02395
2026-05-15 00:13:58,114 INFO CSMF2.step_1_1_1.run :: epoch=19 step=250/429 train_nll=-3573.124
2026-05-15 00:14:42,282 INFO CSMF2.step_1_1_1.run :: [h] epoch=19 step=300 total=0.05003 batch=0.04927
2026-05-15 00:14:42,283 INFO CSMF2.step_1_1_1.run :: [lat] epoch=19 step=300 mean_l2=0.03486 std_l2=0.03165
2026-05-15 00:14:42,694 INFO CSMF2.step_1_1_1.run :: epoch=19 step=300/429 train_nll=-3573.586
2026-05-15 00:15:27,429 INFO CSMF2.step_1_1_1.run :: [h] epoch=19 step=350 total=0.05079 batch=0.04853
2026-05-15 00:15:27,429 INFO CSMF2.step_1_1_1.run :: [lat] epoch=19 step=350 mean_l2=0.03232 std_l2=0.01764
2026-05-15 00:15:27,848 INFO CSMF2.step_1_1_1.run :: epoch=19 step=350/429 train_nll=-3568.102
2026-05-15 00:16:12,389 INFO CSMF2.step_1_1_1.run :: [h] epoch=19 step=400 total=0.04921 batch=0.04874
2026-05-15 00:16:12,390 INFO CSMF2.step_1_1_1.run :: [lat] epoch=19 step=400 mean_l2=0.02612 std_l2=0.02058
2026-05-15 00:16:12,800 INFO CSMF2.step_1_1_1.run :: epoch=19 step=400/429 train_nll=-3570.433
2026-05-15 00:16:49,144 INFO CSMF2.step_1_1_1.run :: epoch=19  train_nll=-3569.822  val_nll=-3575.139  t=395.7s
2026-05-15 00:16:49,145 INFO CSMF2.step_1_1_1.run :: [glow] film_gain mean=0.2521 min=0.2208 max=0.2769
2026-05-15 00:16:49,145 INFO CSMF2.step_1_1_1.run :: [shuffle] gap_mean=13.662 hinge=0.0000 lambda=1.000 margin=0.50
2026-05-15 00:16:49,145 INFO CSMF2.step_1_1_1.run :: [h_std] total=0.04980 batch=0.04899 penalty=0.00124 target=0.0500 mu=10.000
2026-05-15 00:16:49,145 INFO CSMF2.step_1_1_1.run :: [lat_epoch] mean_l2=0.04081 std_l2=0.03180 lambda=10.000
2026-05-15 00:16:49,145 INFO CSMF2.step_1_1_1.run :: [y_resid] alpha=0.1495
2026-05-15 00:16:49,145 INFO CSMF2.step_1_1_1.run :: [grad] cond=73.5407 film_gain=936.8853
2026-05-15 00:17:43,031 INFO CSMF2.step_1_1_1.run :: [h] epoch=20 step=50 total=0.05073 batch=0.05021
2026-05-15 00:17:43,032 INFO CSMF2.step_1_1_1.run :: [lat] epoch=20 step=50 mean_l2=0.08434 std_l2=0.03257
2026-05-15 00:17:43,452 INFO CSMF2.step_1_1_1.run :: epoch=20 step=50/429 train_nll=-3576.542
2026-05-15 00:18:27,939 INFO CSMF2.step_1_1_1.run :: [h] epoch=20 step=100 total=0.05263 batch=0.05220
2026-05-15 00:18:27,939 INFO CSMF2.step_1_1_1.run :: [lat] epoch=20 step=100 mean_l2=0.01957 std_l2=0.03134
2026-05-15 00:18:28,348 INFO CSMF2.step_1_1_1.run :: epoch=20 step=100/429 train_nll=-3578.437
2026-05-15 00:19:12,518 INFO CSMF2.step_1_1_1.run :: [h] epoch=20 step=150 total=0.04775 batch=0.04725
2026-05-15 00:19:12,519 INFO CSMF2.step_1_1_1.run :: [lat] epoch=20 step=150 mean_l2=0.04543 std_l2=0.02817
2026-05-15 00:19:12,969 INFO CSMF2.step_1_1_1.run :: epoch=20 step=150/429 train_nll=-3574.329
2026-05-15 00:19:57,410 INFO CSMF2.step_1_1_1.run :: [h] epoch=20 step=200 total=0.04752 batch=0.04721
2026-05-15 00:19:57,411 INFO CSMF2.step_1_1_1.run :: [lat] epoch=20 step=200 mean_l2=0.02660 std_l2=0.02002
2026-05-15 00:19:57,859 INFO CSMF2.step_1_1_1.run :: epoch=20 step=200/429 train_nll=-3575.746
2026-05-15 00:20:42,371 INFO CSMF2.step_1_1_1.run :: [h] epoch=20 step=250 total=0.05108 batch=0.05072
2026-05-15 00:20:42,371 INFO CSMF2.step_1_1_1.run :: [lat] epoch=20 step=250 mean_l2=0.03050 std_l2=0.02482
2026-05-15 00:20:42,781 INFO CSMF2.step_1_1_1.run :: epoch=20 step=250/429 train_nll=-3574.863
2026-05-15 00:21:27,060 INFO CSMF2.step_1_1_1.run :: [h] epoch=20 step=300 total=0.05068 batch=0.05016
2026-05-15 00:21:27,061 INFO CSMF2.step_1_1_1.run :: [lat] epoch=20 step=300 mean_l2=0.04306 std_l2=0.02360
2026-05-15 00:21:27,471 INFO CSMF2.step_1_1_1.run :: epoch=20 step=300/429 train_nll=-3575.513
2026-05-15 00:22:11,750 INFO CSMF2.step_1_1_1.run :: [h] epoch=20 step=350 total=0.05144 batch=0.05110
2026-05-15 00:22:11,751 INFO CSMF2.step_1_1_1.run :: [lat] epoch=20 step=350 mean_l2=0.04119 std_l2=0.01939
2026-05-15 00:22:12,160 INFO CSMF2.step_1_1_1.run :: epoch=20 step=350/429 train_nll=-3577.292
2026-05-15 00:22:56,827 INFO CSMF2.step_1_1_1.run :: [h] epoch=20 step=400 total=0.04921 batch=0.04891
2026-05-15 00:22:56,827 INFO CSMF2.step_1_1_1.run :: [lat] epoch=20 step=400 mean_l2=0.03406 std_l2=0.02059
2026-05-15 00:22:57,236 INFO CSMF2.step_1_1_1.run :: epoch=20 step=400/429 train_nll=-3577.839
2026-05-15 00:23:33,737 INFO CSMF2.step_1_1_1.run :: epoch=20  train_nll=-3579.589  val_nll=-3611.916  t=395.6s
2026-05-15 00:23:33,737 INFO CSMF2.step_1_1_1.run :: [glow] film_gain mean=0.2511 min=0.2204 max=0.2766
2026-05-15 00:23:33,737 INFO CSMF2.step_1_1_1.run :: [shuffle] gap_mean=14.130 hinge=0.0000 lambda=1.000 margin=0.50
2026-05-15 00:23:33,737 INFO CSMF2.step_1_1_1.run :: [h_std] total=0.05018 batch=0.04960 penalty=0.00078 target=0.0500 mu=10.000
2026-05-15 00:23:33,737 INFO CSMF2.step_1_1_1.run :: [lat_epoch] mean_l2=0.03974 std_l2=0.02665 lambda=10.000
2026-05-15 00:23:33,737 INFO CSMF2.step_1_1_1.run :: [y_resid] alpha=0.1524
2026-05-15 00:23:33,737 INFO CSMF2.step_1_1_1.run :: [grad] cond=20.0638 film_gain=685.9036
2026-05-15 00:24:26,723 INFO CSMF2.step_1_1_1.run :: [h] epoch=21 step=50 total=0.05034 batch=0.04869
2026-05-15 00:24:26,724 INFO CSMF2.step_1_1_1.run :: [lat] epoch=21 step=50 mean_l2=0.02840 std_l2=0.03196
2026-05-15 00:24:27,134 INFO CSMF2.step_1_1_1.run :: epoch=21 step=50/429 train_nll=-3569.785
2026-05-15 00:25:11,624 INFO CSMF2.step_1_1_1.run :: [h] epoch=21 step=100 total=0.04924 batch=0.04863
2026-05-15 00:25:11,624 INFO CSMF2.step_1_1_1.run :: [lat] epoch=21 step=100 mean_l2=0.03504 std_l2=0.03211
2026-05-15 00:25:12,032 INFO CSMF2.step_1_1_1.run :: epoch=21 step=100/429 train_nll=-3573.160
2026-05-15 00:25:56,342 INFO CSMF2.step_1_1_1.run :: [h] epoch=21 step=150 total=0.04904 batch=0.04851
2026-05-15 00:25:56,343 INFO CSMF2.step_1_1_1.run :: [lat] epoch=21 step=150 mean_l2=0.03423 std_l2=0.02275
2026-05-15 00:25:56,752 INFO CSMF2.step_1_1_1.run :: epoch=21 step=150/429 train_nll=-3580.366
2026-05-15 00:26:41,011 INFO CSMF2.step_1_1_1.run :: [h] epoch=21 step=200 total=0.05072 batch=0.05015
2026-05-15 00:26:41,012 INFO CSMF2.step_1_1_1.run :: [lat] epoch=21 step=200 mean_l2=0.04397 std_l2=0.03568
2026-05-15 00:26:41,424 INFO CSMF2.step_1_1_1.run :: epoch=21 step=200/429 train_nll=-3583.035
2026-05-15 00:27:25,643 INFO CSMF2.step_1_1_1.run :: [h] epoch=21 step=250 total=0.05064 batch=0.05027
2026-05-15 00:27:25,644 INFO CSMF2.step_1_1_1.run :: [lat] epoch=21 step=250 mean_l2=0.02913 std_l2=0.02235
2026-05-15 00:27:26,093 INFO CSMF2.step_1_1_1.run :: epoch=21 step=250/429 train_nll=-3585.921
2026-05-15 00:28:10,588 INFO CSMF2.step_1_1_1.run :: [h] epoch=21 step=300 total=0.05482 batch=0.05421
2026-05-15 00:28:10,589 INFO CSMF2.step_1_1_1.run :: [lat] epoch=21 step=300 mean_l2=0.02585 std_l2=0.02767
2026-05-15 00:28:11,000 INFO CSMF2.step_1_1_1.run :: epoch=21 step=300/429 train_nll=-3587.750
2026-05-15 00:28:55,566 INFO CSMF2.step_1_1_1.run :: [h] epoch=21 step=350 total=0.04857 batch=0.04781
2026-05-15 00:28:55,567 INFO CSMF2.step_1_1_1.run :: [lat] epoch=21 step=350 mean_l2=0.04061 std_l2=0.02054
2026-05-15 00:28:55,976 INFO CSMF2.step_1_1_1.run :: epoch=21 step=350/429 train_nll=-3587.852
2026-05-15 00:29:40,265 INFO CSMF2.step_1_1_1.run :: [h] epoch=21 step=400 total=0.04974 batch=0.04935
2026-05-15 00:29:40,266 INFO CSMF2.step_1_1_1.run :: [lat] epoch=21 step=400 mean_l2=0.04026 std_l2=0.02309
2026-05-15 00:29:40,716 INFO CSMF2.step_1_1_1.run :: epoch=21 step=400/429 train_nll=-3585.426
2026-05-15 00:30:17,170 INFO CSMF2.step_1_1_1.run :: epoch=21  train_nll=-3585.195  val_nll=-3613.954  t=395.5s
2026-05-15 00:30:17,170 INFO CSMF2.step_1_1_1.run :: [glow] film_gain mean=0.2495 min=0.2202 max=0.2760
2026-05-15 00:30:17,170 INFO CSMF2.step_1_1_1.run :: [shuffle] gap_mean=14.555 hinge=0.0000 lambda=1.000 margin=0.50
2026-05-15 00:30:17,170 INFO CSMF2.step_1_1_1.run :: [h_std] total=0.05070 batch=0.05008 penalty=0.00051 target=0.0500 mu=10.000
2026-05-15 00:30:17,170 INFO CSMF2.step_1_1_1.run :: [lat_epoch] mean_l2=0.03927 std_l2=0.02897 lambda=10.000
2026-05-15 00:30:17,170 INFO CSMF2.step_1_1_1.run :: [y_resid] alpha=0.1509
2026-05-15 00:30:17,170 INFO CSMF2.step_1_1_1.run :: [grad] cond=27.0552 film_gain=756.3344
2026-05-15 00:31:09,450 INFO CSMF2.step_1_1_1.run :: [h] epoch=22 step=50 total=0.05191 batch=0.05011
2026-05-15 00:31:09,451 INFO CSMF2.step_1_1_1.run :: [lat] epoch=22 step=50 mean_l2=0.02752 std_l2=0.03227
2026-05-15 00:31:09,899 INFO CSMF2.step_1_1_1.run :: epoch=22 step=50/429 train_nll=-3555.972
2026-05-15 00:31:54,296 INFO CSMF2.step_1_1_1.run :: [h] epoch=22 step=100 total=0.04965 batch=0.04905
2026-05-15 00:31:54,297 INFO CSMF2.step_1_1_1.run :: [lat] epoch=22 step=100 mean_l2=0.02825 std_l2=0.03121
2026-05-15 00:31:54,747 INFO CSMF2.step_1_1_1.run :: epoch=22 step=100/429 train_nll=-3570.851
2026-05-15 00:32:39,088 INFO CSMF2.step_1_1_1.run :: [h] epoch=22 step=150 total=0.05053 batch=0.04993
2026-05-15 00:32:39,089 INFO CSMF2.step_1_1_1.run :: [lat] epoch=22 step=150 mean_l2=0.03102 std_l2=0.02087
2026-05-15 00:32:39,506 INFO CSMF2.step_1_1_1.run :: epoch=22 step=150/429 train_nll=-3579.005
2026-05-15 00:33:23,716 INFO CSMF2.step_1_1_1.run :: [h] epoch=22 step=200 total=0.04887 batch=0.04580
2026-05-15 00:33:23,716 INFO CSMF2.step_1_1_1.run :: [lat] epoch=22 step=200 mean_l2=0.03508 std_l2=0.02467
2026-05-15 00:33:24,125 INFO CSMF2.step_1_1_1.run :: epoch=22 step=200/429 train_nll=-3569.105
2026-05-15 00:34:08,246 INFO CSMF2.step_1_1_1.run :: [h] epoch=22 step=250 total=0.04601 batch=0.04498
2026-05-15 00:34:08,246 INFO CSMF2.step_1_1_1.run :: [lat] epoch=22 step=250 mean_l2=0.06062 std_l2=0.02094
2026-05-15 00:34:08,660 INFO CSMF2.step_1_1_1.run :: epoch=22 step=250/429 train_nll=-3569.947
2026-05-15 00:34:52,945 INFO CSMF2.step_1_1_1.run :: [h] epoch=22 step=300 total=0.04811 batch=0.04773
2026-05-15 00:34:52,945 INFO CSMF2.step_1_1_1.run :: [lat] epoch=22 step=300 mean_l2=0.05015 std_l2=0.02461
2026-05-15 00:34:53,361 INFO CSMF2.step_1_1_1.run :: epoch=22 step=300/429 train_nll=-3574.267
2026-05-15 00:35:37,777 INFO CSMF2.step_1_1_1.run :: [h] epoch=22 step=350 total=0.05182 batch=0.05146
2026-05-15 00:35:37,778 INFO CSMF2.step_1_1_1.run :: [lat] epoch=22 step=350 mean_l2=0.03501 std_l2=0.01987
2026-05-15 00:35:38,189 INFO CSMF2.step_1_1_1.run :: epoch=22 step=350/429 train_nll=-3577.450
2026-05-15 00:36:22,334 INFO CSMF2.step_1_1_1.run :: [h] epoch=22 step=400 total=0.05093 batch=0.04974
2026-05-15 00:36:22,335 INFO CSMF2.step_1_1_1.run :: [lat] epoch=22 step=400 mean_l2=0.03879 std_l2=0.03106
2026-05-15 00:36:22,745 INFO CSMF2.step_1_1_1.run :: epoch=22 step=400/429 train_nll=-3576.899
2026-05-15 00:36:59,051 INFO CSMF2.step_1_1_1.run :: epoch=22  train_nll=-3576.444  val_nll=-3596.091  t=393.9s
2026-05-15 00:36:59,051 INFO CSMF2.step_1_1_1.run :: [glow] film_gain mean=0.2467 min=0.2188 max=0.2743
2026-05-15 00:36:59,051 INFO CSMF2.step_1_1_1.run :: [shuffle] gap_mean=13.880 hinge=0.0000 lambda=1.000 margin=0.50
2026-05-15 00:36:59,051 INFO CSMF2.step_1_1_1.run :: [h_std] total=0.05007 batch=0.04925 penalty=0.00102 target=0.0500 mu=10.000
2026-05-15 00:36:59,051 INFO CSMF2.step_1_1_1.run :: [lat_epoch] mean_l2=0.04056 std_l2=0.03502 lambda=10.000
2026-05-15 00:36:59,051 INFO CSMF2.step_1_1_1.run :: [y_resid] alpha=0.1472
2026-05-15 00:36:59,051 INFO CSMF2.step_1_1_1.run :: [grad] cond=48.7507 film_gain=604.6524
2026-05-15 00:37:51,947 INFO CSMF2.step_1_1_1.run :: [h] epoch=23 step=50 total=0.04865 batch=0.04695
2026-05-15 00:37:51,948 INFO CSMF2.step_1_1_1.run :: [lat] epoch=23 step=50 mean_l2=0.04663 std_l2=0.02129
2026-05-15 00:37:52,358 INFO CSMF2.step_1_1_1.run :: epoch=23 step=50/429 train_nll=-3561.752
2026-05-15 00:38:36,911 INFO CSMF2.step_1_1_1.run :: [h] epoch=23 step=100 total=0.05057 batch=0.05001
2026-05-15 00:38:36,912 INFO CSMF2.step_1_1_1.run :: [lat] epoch=23 step=100 mean_l2=0.05291 std_l2=0.02838
2026-05-15 00:38:37,322 INFO CSMF2.step_1_1_1.run :: epoch=23 step=100/429 train_nll=-3571.564
2026-05-15 00:39:21,830 INFO CSMF2.step_1_1_1.run :: [h] epoch=23 step=150 total=0.04894 batch=0.04846
2026-05-15 00:39:21,831 INFO CSMF2.step_1_1_1.run :: [lat] epoch=23 step=150 mean_l2=0.03581 std_l2=0.02799
2026-05-15 00:39:22,240 INFO CSMF2.step_1_1_1.run :: epoch=23 step=150/429 train_nll=-3572.814
2026-05-15 00:40:06,671 INFO CSMF2.step_1_1_1.run :: [h] epoch=23 step=200 total=0.05038 batch=0.04965
2026-05-15 00:40:06,671 INFO CSMF2.step_1_1_1.run :: [lat] epoch=23 step=200 mean_l2=0.05601 std_l2=0.02932
2026-05-15 00:40:07,121 INFO CSMF2.step_1_1_1.run :: epoch=23 step=200/429 train_nll=-3579.271
2026-05-15 00:40:51,772 INFO CSMF2.step_1_1_1.run :: [h] epoch=23 step=250 total=0.04527 batch=0.04366
2026-05-15 00:40:51,773 INFO CSMF2.step_1_1_1.run :: [lat] epoch=23 step=250 mean_l2=0.04231 std_l2=0.02772
2026-05-15 00:40:52,183 INFO CSMF2.step_1_1_1.run :: epoch=23 step=250/429 train_nll=-3573.687
2026-05-15 00:41:36,552 INFO CSMF2.step_1_1_1.run :: [h] epoch=23 step=300 total=0.04614 batch=0.04512
2026-05-15 00:41:36,553 INFO CSMF2.step_1_1_1.run :: [lat] epoch=23 step=300 mean_l2=0.05516 std_l2=0.03605
2026-05-15 00:41:36,964 INFO CSMF2.step_1_1_1.run :: epoch=23 step=300/429 train_nll=-3575.212
2026-05-15 00:42:21,482 INFO CSMF2.step_1_1_1.run :: [h] epoch=23 step=350 total=0.04748 batch=0.04664
2026-05-15 00:42:21,483 INFO CSMF2.step_1_1_1.run :: [lat] epoch=23 step=350 mean_l2=0.05183 std_l2=0.02314
2026-05-15 00:42:21,933 INFO CSMF2.step_1_1_1.run :: epoch=23 step=350/429 train_nll=-3573.223
2026-05-15 00:43:06,665 INFO CSMF2.step_1_1_1.run :: [h] epoch=23 step=400 total=0.04743 batch=0.04680
2026-05-15 00:43:06,666 INFO CSMF2.step_1_1_1.run :: [lat] epoch=23 step=400 mean_l2=0.04583 std_l2=0.02125
2026-05-15 00:43:07,084 INFO CSMF2.step_1_1_1.run :: epoch=23 step=400/429 train_nll=-3576.501
2026-05-15 00:43:43,654 INFO CSMF2.step_1_1_1.run :: epoch=23  train_nll=-3577.047  val_nll=-3577.061  t=396.8s
2026-05-15 00:43:43,654 INFO CSMF2.step_1_1_1.run :: [glow] film_gain mean=0.2444 min=0.2164 max=0.2726
2026-05-15 00:43:43,654 INFO CSMF2.step_1_1_1.run :: [shuffle] gap_mean=14.459 hinge=0.0162 lambda=1.000 margin=0.50
2026-05-15 00:43:43,654 INFO CSMF2.step_1_1_1.run :: [h_std] total=0.04894 batch=0.04808 penalty=0.00210 target=0.0500 mu=10.000
2026-05-15 00:43:43,654 INFO CSMF2.step_1_1_1.run :: [lat_epoch] mean_l2=0.03940 std_l2=0.04084 lambda=10.000
2026-05-15 00:43:43,654 INFO CSMF2.step_1_1_1.run :: [y_resid] alpha=0.1412
2026-05-15 00:43:43,654 INFO CSMF2.step_1_1_1.run :: [grad] cond=50.9244 film_gain=823.0036
2026-05-15 00:44:36,615 INFO CSMF2.step_1_1_1.run :: [h] epoch=24 step=50 total=0.05066 batch=0.05032
2026-05-15 00:44:36,615 INFO CSMF2.step_1_1_1.run :: [lat] epoch=24 step=50 mean_l2=0.03857 std_l2=0.02013
2026-05-15 00:44:37,026 INFO CSMF2.step_1_1_1.run :: epoch=24 step=50/429 train_nll=-3597.170
2026-05-15 00:45:21,548 INFO CSMF2.step_1_1_1.run :: [h] epoch=24 step=100 total=0.05024 batch=0.04945
2026-05-15 00:45:21,549 INFO CSMF2.step_1_1_1.run :: [lat] epoch=24 step=100 mean_l2=0.05271 std_l2=0.02766
2026-05-15 00:45:21,961 INFO CSMF2.step_1_1_1.run :: epoch=24 step=100/429 train_nll=-3588.338
2026-05-15 00:46:06,745 INFO CSMF2.step_1_1_1.run :: [h] epoch=24 step=150 total=0.05041 batch=0.04954
2026-05-15 00:46:06,746 INFO CSMF2.step_1_1_1.run :: [lat] epoch=24 step=150 mean_l2=0.04600 std_l2=0.04335
2026-05-15 00:46:07,197 INFO CSMF2.step_1_1_1.run :: epoch=24 step=150/429 train_nll=-3583.456
2026-05-15 00:46:51,857 INFO CSMF2.step_1_1_1.run :: [h] epoch=24 step=200 total=0.04797 batch=0.04734
2026-05-15 00:46:51,858 INFO CSMF2.step_1_1_1.run :: [lat] epoch=24 step=200 mean_l2=0.04491 std_l2=0.02459
2026-05-15 00:46:52,267 INFO CSMF2.step_1_1_1.run :: epoch=24 step=200/429 train_nll=-3587.320
2026-05-15 00:47:36,718 INFO CSMF2.step_1_1_1.run :: [h] epoch=24 step=250 total=0.04937 batch=0.04879
2026-05-15 00:47:36,719 INFO CSMF2.step_1_1_1.run :: [lat] epoch=24 step=250 mean_l2=0.05583 std_l2=0.02018
2026-05-15 00:47:37,128 INFO CSMF2.step_1_1_1.run :: epoch=24 step=250/429 train_nll=-3589.522
2026-05-15 00:48:21,870 INFO CSMF2.step_1_1_1.run :: [h] epoch=24 step=300 total=0.05020 batch=0.04972
2026-05-15 00:48:21,871 INFO CSMF2.step_1_1_1.run :: [lat] epoch=24 step=300 mean_l2=0.04021 std_l2=0.01782
2026-05-15 00:48:22,282 INFO CSMF2.step_1_1_1.run :: epoch=24 step=300/429 train_nll=-3591.402
2026-05-15 00:49:06,582 INFO CSMF2.step_1_1_1.run :: [h] epoch=24 step=350 total=0.05141 batch=0.05007
2026-05-15 00:49:06,582 INFO CSMF2.step_1_1_1.run :: [lat] epoch=24 step=350 mean_l2=0.02706 std_l2=0.02708
2026-05-15 00:49:06,992 INFO CSMF2.step_1_1_1.run :: epoch=24 step=350/429 train_nll=-3591.352
2026-05-15 00:49:52,005 INFO CSMF2.step_1_1_1.run :: [h] epoch=24 step=400 total=0.05053 batch=0.04994
2026-05-15 00:49:52,006 INFO CSMF2.step_1_1_1.run :: [lat] epoch=24 step=400 mean_l2=0.03267 std_l2=0.02522
2026-05-15 00:49:52,415 INFO CSMF2.step_1_1_1.run :: epoch=24 step=400/429 train_nll=-3591.747
2026-05-15 00:50:28,796 INFO CSMF2.step_1_1_1.run :: epoch=24  train_nll=-3590.534  val_nll=-3610.121  t=397.3s
2026-05-15 00:50:28,796 INFO CSMF2.step_1_1_1.run :: [glow] film_gain mean=0.2431 min=0.2167 max=0.2723
2026-05-15 00:50:28,796 INFO CSMF2.step_1_1_1.run :: [shuffle] gap_mean=15.519 hinge=0.0000 lambda=1.000 margin=0.50
2026-05-15 00:50:28,796 INFO CSMF2.step_1_1_1.run :: [h_std] total=0.04971 batch=0.04908 penalty=0.00112 target=0.0500 mu=10.000
2026-05-15 00:50:28,796 INFO CSMF2.step_1_1_1.run :: [lat_epoch] mean_l2=0.03714 std_l2=0.02911 lambda=10.000
2026-05-15 00:50:28,796 INFO CSMF2.step_1_1_1.run :: [y_resid] alpha=0.1435
2026-05-15 00:50:28,796 INFO CSMF2.step_1_1_1.run :: [grad] cond=28.5448 film_gain=471.5604
2026-05-15 00:51:21,260 INFO CSMF2.step_1_1_1.run :: [h] epoch=25 step=50 total=0.04944 batch=0.04853
2026-05-15 00:51:21,263 INFO CSMF2.step_1_1_1.run :: [lat] epoch=25 step=50 mean_l2=0.05906 std_l2=0.02715
2026-05-15 00:51:21,674 INFO CSMF2.step_1_1_1.run :: epoch=25 step=50/429 train_nll=-3586.645
2026-05-15 00:52:05,836 INFO CSMF2.step_1_1_1.run :: [h] epoch=25 step=100 total=0.04870 batch=0.04824
2026-05-15 00:52:05,837 INFO CSMF2.step_1_1_1.run :: [lat] epoch=25 step=100 mean_l2=0.02327 std_l2=0.01828
2026-05-15 00:52:06,292 INFO CSMF2.step_1_1_1.run :: epoch=25 step=100/429 train_nll=-3594.881
2026-05-15 00:52:50,736 INFO CSMF2.step_1_1_1.run :: [h] epoch=25 step=150 total=0.04854 batch=0.04796
2026-05-15 00:52:50,737 INFO CSMF2.step_1_1_1.run :: [lat] epoch=25 step=150 mean_l2=0.04103 std_l2=0.03012
2026-05-15 00:52:51,146 INFO CSMF2.step_1_1_1.run :: epoch=25 step=150/429 train_nll=-3594.715
2026-05-15 00:53:35,652 INFO CSMF2.step_1_1_1.run :: [h] epoch=25 step=200 total=0.03717 batch=0.03480
2026-05-15 00:53:35,653 INFO CSMF2.step_1_1_1.run :: [lat] epoch=25 step=200 mean_l2=0.02965 std_l2=0.03792
2026-05-15 00:53:36,102 INFO CSMF2.step_1_1_1.run :: epoch=25 step=200/429 train_nll=-3529.231
2026-05-15 00:54:20,389 INFO CSMF2.step_1_1_1.run :: [h] epoch=25 step=250 total=0.03182 batch=0.03039
2026-05-15 00:54:20,390 INFO CSMF2.step_1_1_1.run :: [lat] epoch=25 step=250 mean_l2=0.04271 std_l2=0.01960
2026-05-15 00:54:20,800 INFO CSMF2.step_1_1_1.run :: epoch=25 step=250/429 train_nll=-3531.500
2026-05-15 00:55:05,288 INFO CSMF2.step_1_1_1.run :: [h] epoch=25 step=300 total=0.03463 batch=0.03344
2026-05-15 00:55:05,289 INFO CSMF2.step_1_1_1.run :: [lat] epoch=25 step=300 mean_l2=0.03769 std_l2=0.02560
2026-05-15 00:55:05,700 INFO CSMF2.step_1_1_1.run :: epoch=25 step=300/429 train_nll=-3539.652
2026-05-15 00:55:50,626 INFO CSMF2.step_1_1_1.run :: [h] epoch=25 step=350 total=0.03445 batch=0.03356
2026-05-15 00:55:50,627 INFO CSMF2.step_1_1_1.run :: [lat] epoch=25 step=350 mean_l2=0.02414 std_l2=0.03536
2026-05-15 00:55:51,074 INFO CSMF2.step_1_1_1.run :: epoch=25 step=350/429 train_nll=-3543.417
2026-05-15 00:56:35,060 INFO CSMF2.step_1_1_1.run :: [h] epoch=25 step=400 total=0.03775 batch=0.03676
2026-05-15 00:56:35,060 INFO CSMF2.step_1_1_1.run :: [lat] epoch=25 step=400 mean_l2=0.04052 std_l2=0.02446
2026-05-15 00:56:35,466 INFO CSMF2.step_1_1_1.run :: epoch=25 step=400/429 train_nll=-3543.465
2026-05-15 00:57:11,935 INFO CSMF2.step_1_1_1.run :: epoch=25  train_nll=-3546.512  val_nll=-3600.796  t=395.1s
2026-05-15 00:57:11,935 INFO CSMF2.step_1_1_1.run :: [glow] film_gain mean=0.2388 min=0.2114 max=0.2702
2026-05-15 00:57:11,935 INFO CSMF2.step_1_1_1.run :: [shuffle] gap_mean=12.071 hinge=1.5446 lambda=1.000 margin=0.50
2026-05-15 00:57:11,936 INFO CSMF2.step_1_1_1.run :: [h_std] total=0.04222 batch=0.04069 penalty=0.00949 target=0.0500 mu=10.000
2026-05-15 00:57:11,936 INFO CSMF2.step_1_1_1.run :: [lat_epoch] mean_l2=0.04095 std_l2=259.35505 lambda=10.000
2026-05-15 00:57:11,936 INFO CSMF2.step_1_1_1.run :: [y_resid] alpha=0.1080
2026-05-15 00:57:11,936 INFO CSMF2.step_1_1_1.run :: [grad] cond=35.6140 film_gain=553.8397
2026-05-15 00:58:05,127 INFO CSMF2.step_1_1_1.run :: [h] epoch=26 step=50 total=0.03616 batch=0.03510
2026-05-15 00:58:05,127 INFO CSMF2.step_1_1_1.run :: [lat] epoch=26 step=50 mean_l2=0.03496 std_l2=0.02161
2026-05-15 00:58:05,537 INFO CSMF2.step_1_1_1.run :: epoch=26 step=50/429 train_nll=-3597.167
2026-05-15 00:58:50,072 INFO CSMF2.step_1_1_1.run :: [h] epoch=26 step=100 total=0.03702 batch=0.03640
2026-05-15 00:58:50,073 INFO CSMF2.step_1_1_1.run :: [lat] epoch=26 step=100 mean_l2=0.02606 std_l2=0.02480
2026-05-15 00:58:50,478 INFO CSMF2.step_1_1_1.run :: epoch=26 step=100/429 train_nll=-3600.070
2026-05-15 00:59:34,940 INFO CSMF2.step_1_1_1.run :: [h] epoch=26 step=150 total=0.03848 batch=0.03747
2026-05-15 00:59:34,941 INFO CSMF2.step_1_1_1.run :: [lat] epoch=26 step=150 mean_l2=0.02855 std_l2=0.02014
2026-05-15 00:59:35,353 INFO CSMF2.step_1_1_1.run :: epoch=26 step=150/429 train_nll=-3602.596
2026-05-15 01:00:19,833 INFO CSMF2.step_1_1_1.run :: [h] epoch=26 step=200 total=0.03868 batch=0.03807
2026-05-15 01:00:19,833 INFO CSMF2.step_1_1_1.run :: [lat] epoch=26 step=200 mean_l2=0.04871 std_l2=0.02229
2026-05-15 01:00:20,243 INFO CSMF2.step_1_1_1.run :: epoch=26 step=200/429 train_nll=-3598.396
2026-05-15 01:01:04,477 INFO CSMF2.step_1_1_1.run :: [h] epoch=26 step=250 total=0.04075 batch=0.04003
2026-05-15 01:01:04,478 INFO CSMF2.step_1_1_1.run :: [lat] epoch=26 step=250 mean_l2=0.03992 std_l2=0.03164
2026-05-15 01:01:04,895 INFO CSMF2.step_1_1_1.run :: epoch=26 step=250/429 train_nll=-3595.788
2026-05-15 01:01:49,359 INFO CSMF2.step_1_1_1.run :: [h] epoch=26 step=300 total=0.04059 batch=0.03972
2026-05-15 01:01:49,359 INFO CSMF2.step_1_1_1.run :: [lat] epoch=26 step=300 mean_l2=0.03939 std_l2=0.02004
2026-05-15 01:01:49,768 INFO CSMF2.step_1_1_1.run :: epoch=26 step=300/429 train_nll=-3592.422
2026-05-15 01:02:34,438 INFO CSMF2.step_1_1_1.run :: [h] epoch=26 step=350 total=0.04123 batch=0.04033
2026-05-15 01:02:34,439 INFO CSMF2.step_1_1_1.run :: [lat] epoch=26 step=350 mean_l2=0.02884 std_l2=0.03520
2026-05-15 01:02:34,848 INFO CSMF2.step_1_1_1.run :: epoch=26 step=350/429 train_nll=-3590.939
2026-05-15 01:03:19,525 INFO CSMF2.step_1_1_1.run :: [h] epoch=26 step=400 total=0.04190 batch=0.04130
2026-05-15 01:03:19,525 INFO CSMF2.step_1_1_1.run :: [lat] epoch=26 step=400 mean_l2=0.05316 std_l2=0.02067
2026-05-15 01:03:19,936 INFO CSMF2.step_1_1_1.run :: epoch=26 step=400/429 train_nll=-3590.238
2026-05-15 01:03:56,443 INFO CSMF2.step_1_1_1.run :: epoch=26  train_nll=-3591.115  val_nll=-3604.019  t=395.6s
2026-05-15 01:03:56,443 INFO CSMF2.step_1_1_1.run :: [glow] film_gain mean=0.2374 min=0.2117 max=0.2693
2026-05-15 01:03:56,443 INFO CSMF2.step_1_1_1.run :: [shuffle] gap_mean=14.944 hinge=0.0000 lambda=1.000 margin=0.50
2026-05-15 01:03:56,443 INFO CSMF2.step_1_1_1.run :: [h_std] total=0.03911 batch=0.03832 penalty=0.01168 target=0.0500 mu=10.000
2026-05-15 01:03:56,444 INFO CSMF2.step_1_1_1.run :: [lat_epoch] mean_l2=0.03764 std_l2=0.02842 lambda=10.000
2026-05-15 01:03:56,444 INFO CSMF2.step_1_1_1.run :: [y_resid] alpha=0.1174
2026-05-15 01:03:56,444 INFO CSMF2.step_1_1_1.run :: [grad] cond=71.9094 film_gain=706.1887
2026-05-15 01:04:48,908 INFO CSMF2.step_1_1_1.run :: [h] epoch=27 step=50 total=0.04218 batch=0.04152
2026-05-15 01:04:48,909 INFO CSMF2.step_1_1_1.run :: [lat] epoch=27 step=50 mean_l2=0.03352 std_l2=0.03261
2026-05-15 01:04:49,364 INFO CSMF2.step_1_1_1.run :: epoch=27 step=50/429 train_nll=-3601.077
2026-05-15 01:05:34,057 INFO CSMF2.step_1_1_1.run :: [h] epoch=27 step=100 total=0.04294 batch=0.04228
2026-05-15 01:05:34,058 INFO CSMF2.step_1_1_1.run :: [lat] epoch=27 step=100 mean_l2=0.03363 std_l2=0.01766
2026-05-15 01:05:34,469 INFO CSMF2.step_1_1_1.run :: epoch=27 step=100/429 train_nll=-3603.244
2026-05-15 01:06:19,113 INFO CSMF2.step_1_1_1.run :: [h] epoch=27 step=150 total=0.04170 batch=0.04090
2026-05-15 01:06:19,114 INFO CSMF2.step_1_1_1.run :: [lat] epoch=27 step=150 mean_l2=0.03955 std_l2=0.02103
2026-05-15 01:06:19,524 INFO CSMF2.step_1_1_1.run :: epoch=27 step=150/429 train_nll=-3604.869
2026-05-15 01:07:04,030 INFO CSMF2.step_1_1_1.run :: [h] epoch=27 step=200 total=0.04278 batch=0.04214
2026-05-15 01:07:04,031 INFO CSMF2.step_1_1_1.run :: [lat] epoch=27 step=200 mean_l2=0.03634 std_l2=0.01877
2026-05-15 01:07:04,483 INFO CSMF2.step_1_1_1.run :: epoch=27 step=200/429 train_nll=-3605.100
2026-05-15 01:07:48,637 INFO CSMF2.step_1_1_1.run :: [h] epoch=27 step=250 total=0.04130 batch=0.04048
2026-05-15 01:07:48,638 INFO CSMF2.step_1_1_1.run :: [lat] epoch=27 step=250 mean_l2=0.02651 std_l2=0.02029
2026-05-15 01:07:49,050 INFO CSMF2.step_1_1_1.run :: epoch=27 step=250/429 train_nll=-3605.560
2026-05-15 01:08:33,805 INFO CSMF2.step_1_1_1.run :: [h] epoch=27 step=300 total=0.04248 batch=0.04176
2026-05-15 01:08:33,806 INFO CSMF2.step_1_1_1.run :: [lat] epoch=27 step=300 mean_l2=0.05197 std_l2=0.03298
2026-05-15 01:08:34,258 INFO CSMF2.step_1_1_1.run :: epoch=27 step=300/429 train_nll=-3603.036
2026-05-15 01:09:19,181 INFO CSMF2.step_1_1_1.run :: [h] epoch=27 step=350 total=0.04397 batch=0.04327
2026-05-15 01:09:19,182 INFO CSMF2.step_1_1_1.run :: [lat] epoch=27 step=350 mean_l2=0.03729 std_l2=0.03559
2026-05-15 01:09:19,635 INFO CSMF2.step_1_1_1.run :: epoch=27 step=350/429 train_nll=-3601.091
2026-05-15 01:10:04,097 INFO CSMF2.step_1_1_1.run :: [h] epoch=27 step=400 total=0.04369 batch=0.04310
2026-05-15 01:10:04,098 INFO CSMF2.step_1_1_1.run :: [lat] epoch=27 step=400 mean_l2=0.02335 std_l2=0.02048
2026-05-15 01:10:04,549 INFO CSMF2.step_1_1_1.run :: epoch=27 step=400/429 train_nll=-3600.019
2026-05-15 01:10:41,139 INFO CSMF2.step_1_1_1.run :: epoch=27  train_nll=-3598.763  val_nll=-3601.024  t=396.7s
2026-05-15 01:10:41,139 INFO CSMF2.step_1_1_1.run :: [glow] film_gain mean=0.2358 min=0.2121 max=0.2685
2026-05-15 01:10:41,139 INFO CSMF2.step_1_1_1.run :: [shuffle] gap_mean=16.164 hinge=0.0000 lambda=1.000 margin=0.50
2026-05-15 01:10:41,139 INFO CSMF2.step_1_1_1.run :: [h_std] total=0.04332 batch=0.04263 penalty=0.00737 target=0.0500 mu=10.000
2026-05-15 01:10:41,139 INFO CSMF2.step_1_1_1.run :: [lat_epoch] mean_l2=0.03601 std_l2=0.02687 lambda=10.000
2026-05-15 01:10:41,139 INFO CSMF2.step_1_1_1.run :: [y_resid] alpha=0.1252
2026-05-15 01:10:41,139 INFO CSMF2.step_1_1_1.run :: [grad] cond=28.0815 film_gain=828.2126
2026-05-15 01:11:33,208 INFO CSMF2.step_1_1_1.run :: [h] epoch=28 step=50 total=0.04414 batch=0.04355
2026-05-15 01:11:33,208 INFO CSMF2.step_1_1_1.run :: [lat] epoch=28 step=50 mean_l2=0.02514 std_l2=0.01743
2026-05-15 01:11:33,617 INFO CSMF2.step_1_1_1.run :: epoch=28 step=50/429 train_nll=-3606.868
2026-05-15 01:12:18,865 INFO CSMF2.step_1_1_1.run :: [h] epoch=28 step=100 total=0.04571 batch=0.04507
2026-05-15 01:12:18,865 INFO CSMF2.step_1_1_1.run :: [lat] epoch=28 step=100 mean_l2=0.04474 std_l2=0.02305
2026-05-15 01:12:19,276 INFO CSMF2.step_1_1_1.run :: epoch=28 step=100/429 train_nll=-3609.549
2026-05-15 01:13:03,755 INFO CSMF2.step_1_1_1.run :: [h] epoch=28 step=150 total=0.04460 batch=0.04411
2026-05-15 01:13:03,756 INFO CSMF2.step_1_1_1.run :: [lat] epoch=28 step=150 mean_l2=0.02710 std_l2=0.02267
2026-05-15 01:13:04,206 INFO CSMF2.step_1_1_1.run :: epoch=28 step=150/429 train_nll=-3608.445
2026-05-15 01:13:48,864 INFO CSMF2.step_1_1_1.run :: [h] epoch=28 step=200 total=0.04650 batch=0.04592
2026-05-15 01:13:48,864 INFO CSMF2.step_1_1_1.run :: [lat] epoch=28 step=200 mean_l2=0.03217 std_l2=0.02196
2026-05-15 01:13:49,282 INFO CSMF2.step_1_1_1.run :: epoch=28 step=200/429 train_nll=-3611.139
2026-05-15 01:14:33,399 INFO CSMF2.step_1_1_1.run :: [h] epoch=28 step=250 total=0.04633 batch=0.04570
2026-05-15 01:14:33,400 INFO CSMF2.step_1_1_1.run :: [lat] epoch=28 step=250 mean_l2=0.03051 std_l2=0.02679
2026-05-15 01:14:33,809 INFO CSMF2.step_1_1_1.run :: epoch=28 step=250/429 train_nll=-3608.490
2026-05-15 01:15:18,053 INFO CSMF2.step_1_1_1.run :: [h] epoch=28 step=300 total=0.04922 batch=0.04520
2026-05-15 01:15:18,054 INFO CSMF2.step_1_1_1.run :: [lat] epoch=28 step=300 mean_l2=0.03360 std_l2=0.02955
2026-05-15 01:15:18,506 INFO CSMF2.step_1_1_1.run :: epoch=28 step=300/429 train_nll=-3602.238
2026-05-15 01:16:02,691 INFO CSMF2.step_1_1_1.run :: [h] epoch=28 step=350 total=0.04665 batch=0.04595
2026-05-15 01:16:02,692 INFO CSMF2.step_1_1_1.run :: [lat] epoch=28 step=350 mean_l2=0.03980 std_l2=0.02637
2026-05-15 01:16:03,102 INFO CSMF2.step_1_1_1.run :: epoch=28 step=350/429 train_nll=-3601.308
2026-05-15 01:16:47,586 INFO CSMF2.step_1_1_1.run :: [h] epoch=28 step=400 total=0.04525 batch=0.04414
2026-05-15 01:16:47,587 INFO CSMF2.step_1_1_1.run :: [lat] epoch=28 step=400 mean_l2=0.02726 std_l2=0.02045
2026-05-15 01:16:47,997 INFO CSMF2.step_1_1_1.run :: epoch=28 step=400/429 train_nll=-3601.819
2026-05-15 01:17:24,017 INFO CSMF2.step_1_1_1.run :: epoch=28  train_nll=-3601.515  val_nll=-3597.138  t=394.9s
2026-05-15 01:17:24,017 INFO CSMF2.step_1_1_1.run :: [glow] film_gain mean=0.2340 min=0.2106 max=0.2678
2026-05-15 01:17:24,017 INFO CSMF2.step_1_1_1.run :: [shuffle] gap_mean=16.583 hinge=0.0000 lambda=1.000 margin=0.50
2026-05-15 01:17:24,017 INFO CSMF2.step_1_1_1.run :: [h_std] total=0.04623 batch=0.04538 penalty=0.00462 target=0.0500 mu=10.000
2026-05-15 01:17:24,018 INFO CSMF2.step_1_1_1.run :: [lat_epoch] mean_l2=0.03544 std_l2=0.02751 lambda=10.000
2026-05-15 01:17:24,018 INFO CSMF2.step_1_1_1.run :: [y_resid] alpha=0.1233
2026-05-15 01:17:24,018 INFO CSMF2.step_1_1_1.run :: [grad] cond=70.4498 film_gain=1372.3735
2026-05-15 01:18:16,190 INFO CSMF2.step_1_1_1.run :: [h] epoch=29 step=50 total=0.04574 batch=0.04522
2026-05-15 01:18:16,190 INFO CSMF2.step_1_1_1.run :: [lat] epoch=29 step=50 mean_l2=0.03721 std_l2=0.02394
2026-05-15 01:18:16,608 INFO CSMF2.step_1_1_1.run :: epoch=29 step=50/429 train_nll=-3606.781
2026-05-15 01:19:01,064 INFO CSMF2.step_1_1_1.run :: [h] epoch=29 step=100 total=0.04610 batch=0.04466
2026-05-15 01:19:01,065 INFO CSMF2.step_1_1_1.run :: [lat] epoch=29 step=100 mean_l2=0.04617 std_l2=0.02946
2026-05-15 01:19:01,475 INFO CSMF2.step_1_1_1.run :: epoch=29 step=100/429 train_nll=-3608.658
2026-05-15 01:19:46,573 INFO CSMF2.step_1_1_1.run :: [h] epoch=29 step=150 total=0.04548 batch=0.04516
2026-05-15 01:19:46,574 INFO CSMF2.step_1_1_1.run :: [lat] epoch=29 step=150 mean_l2=0.02797 std_l2=0.03558
2026-05-15 01:19:47,024 INFO CSMF2.step_1_1_1.run :: epoch=29 step=150/429 train_nll=-3603.863
2026-05-15 01:20:31,703 INFO CSMF2.step_1_1_1.run :: [h] epoch=29 step=200 total=0.04829 batch=0.04789
2026-05-15 01:20:31,704 INFO CSMF2.step_1_1_1.run :: [lat] epoch=29 step=200 mean_l2=0.03618 std_l2=0.01947
2026-05-15 01:20:32,116 INFO CSMF2.step_1_1_1.run :: epoch=29 step=200/429 train_nll=-3600.017
2026-05-15 01:21:16,519 INFO CSMF2.step_1_1_1.run :: [h] epoch=29 step=250 total=0.04735 batch=0.04666
2026-05-15 01:21:16,520 INFO CSMF2.step_1_1_1.run :: [lat] epoch=29 step=250 mean_l2=0.02958 std_l2=0.02248
2026-05-15 01:21:16,933 INFO CSMF2.step_1_1_1.run :: epoch=29 step=250/429 train_nll=-3600.195
2026-05-15 01:22:00,906 INFO CSMF2.step_1_1_1.run :: [h] epoch=29 step=300 total=0.04840 batch=0.04780
2026-05-15 01:22:00,907 INFO CSMF2.step_1_1_1.run :: [lat] epoch=29 step=300 mean_l2=0.02725 std_l2=0.01948
2026-05-15 01:22:01,359 INFO CSMF2.step_1_1_1.run :: epoch=29 step=300/429 train_nll=-3603.567
2026-05-15 01:22:45,720 INFO CSMF2.step_1_1_1.run :: [h] epoch=29 step=350 total=0.04937 batch=0.04883
2026-05-15 01:22:45,720 INFO CSMF2.step_1_1_1.run :: [lat] epoch=29 step=350 mean_l2=0.05613 std_l2=0.02355
2026-05-15 01:22:46,138 INFO CSMF2.step_1_1_1.run :: epoch=29 step=350/429 train_nll=-3602.976
2026-05-15 01:23:30,625 INFO CSMF2.step_1_1_1.run :: [h] epoch=29 step=400 total=0.04782 batch=0.04734
2026-05-15 01:23:30,626 INFO CSMF2.step_1_1_1.run :: [lat] epoch=29 step=400 mean_l2=0.03409 std_l2=0.01942
2026-05-15 01:23:31,078 INFO CSMF2.step_1_1_1.run :: epoch=29 step=400/429 train_nll=-3603.672
2026-05-15 01:24:07,391 INFO CSMF2.step_1_1_1.run :: epoch=29  train_nll=-3604.705  val_nll=-3627.501  t=395.5s
2026-05-15 01:24:07,392 INFO CSMF2.step_1_1_1.run :: [glow] film_gain mean=0.2327 min=0.2081 max=0.2674
2026-05-15 01:24:07,392 INFO CSMF2.step_1_1_1.run :: [shuffle] gap_mean=16.995 hinge=0.0000 lambda=1.000 margin=0.50
2026-05-15 01:24:07,392 INFO CSMF2.step_1_1_1.run :: [h_std] total=0.04745 batch=0.04681 penalty=0.00320 target=0.0500 mu=10.000
2026-05-15 01:24:07,392 INFO CSMF2.step_1_1_1.run :: [lat_epoch] mean_l2=0.03381 std_l2=0.02544 lambda=10.000
2026-05-15 01:24:07,392 INFO CSMF2.step_1_1_1.run :: [y_resid] alpha=0.1305
2026-05-15 01:24:07,392 INFO CSMF2.step_1_1_1.run :: [grad] cond=28.6477 film_gain=776.2444
2026-05-15 01:24:15,485 WARNING CSMF2.step_1_1_1.run :: [exit_gate] fwd_rel=0.968 > target 0.500 (informational; no resume baseline available)
2026-05-15 01:24:35,968 INFO CSMF2.step_1_1_1.run :: [run] FINAL test_nll (sealed 10k) = -3625.697
2026-05-15 01:24:36,756 INFO CSMF2.experiments.step_1_1_1.density_plots :: [plot_latent_density] saved -> CSMF2/experiments/step_1_1_1/results/glow_s2_n0.10_seed0_ac295e8435aa/plots/latent_density.png  (ks=0.0192, mean=0.040, std=0.985)
2026-05-15 01:24:37,186 INFO CSMF2.experiments.step_1_1_1.density_plots :: [plot_cycle_density] saved -> CSMF2/experiments/step_1_1_1/results/glow_s2_n0.10_seed0_ac295e8435aa/plots/cycle_density.png  (max|err|=1.776e-05 rms=6.427e-07)
2026-05-15 01:24:37,603 INFO CSMF2.experiments.step_1_1_1.density_plots :: [plot_reconstruction_panel] saved -> CSMF2/experiments/step_1_1_1/results/glow_s2_n0.10_seed0_ac295e8435aa/plots/reconstruction_panel.png  rms(enc-prior)=2.006
==============================================================
[1mSTEP-1_1_1 RUN SUMMARY[0m
==============================================================
expert: glow   scale: 2   noise: 0.1   seed: 0   epochs: 30
train NLL:    -2941.03  ->    -3604.71  (Δ = -663.68)
test  NLL:    -3268.43  ->    -3627.50

[1mHARD GATES (halt on fail)[0m
  [32m 30/30  ✓[0m  invertibility FP64 <1e-5
  [33m 15/30  ✗[0m  latent KS vs N(0,1) <0.05
  [32m 30/30  ✓[0m  cycle_max < 1e-12
  [31m  0/30  ✗[0m  h std > 1e-3
  [31m  0/30  ✗[0m  FiLM γ,β std > 1e-3 aggregate
  [31m  0/30  ✗[0m  (y,seed) max|Δh| < 1e-6
  [32m 30/30  ✓[0m  no NaN/Inf this epoch
  [32m  1/1   ✓[0m  numeric log-det (FP64, once)

[1mINFORMATIONAL (logged, non-blocking)[0m
  [31m  0/30  ✗[0m  null-control gap ≥ 0.10
  [31m  0/30  ✗[0m  h_st Δlogp slope > 1e-3
  [31m  0/30  ✗[0m  grad norm > 1e-6
  [32m 30/30  ✓[0m  fwd residual reported
--------------------------------------------------------------
[1mHARD TOTAL: 106/211[0m  (50.2%)
[1mEXIT_CRITERIA_MET:[0m [31mNO[0m
[1mREMEDY HINTS:[0m
  - hard gate failed: latent_ks (latent KS vs N(0,1) <0.05) -- check epochs [1, 2, 4, 7, 8, 9, 10, 11, 13, 14, 16, 23, 24, 26, 29]
  - hard gate failed: h_alive (h std > 1e-3) -- check epochs [0, 1, 2, 3, 4, 5, 6, 7, 8, 9, 10, 11, 12, 13, 14, 15, 16, 17, 18, 19, 20, 21, 22, 23, 24, 25, 26, 27, 28, 29]
  - hard gate failed: film_alive (FiLM γ,β std > 1e-3 aggregate) -- check epochs [0, 1, 2, 3, 4, 5, 6, 7, 8, 9, 10, 11, 12, 13, 14, 15, 16, 17, 18, 19, 20, 21, 22, 23, 24, 25, 26, 27, 28, 29]
  - hard gate failed: determinism ((y,seed) max|Δh| < 1e-6) -- check epochs [0, 1, 2, 3, 4, 5, 6, 7, 8, 9, 10, 11, 12, 13, 14, 15, 16, 17, 18, 19, 20, 21, 22, 23, 24, 25, 26, 27, 28, 29]
[33mSTEP-1_1_1 SOFT WARNINGS (non-blocking):[0m
  ! fwd_rel=0.968 > target 0.500 (informational; no resume baseline available)
==============================================================
2026-05-15 01:24:37,675 INFO CSMF2.step_1_1_1.run :: STEP-1_1 run DONE  exit_ok=False  out=CSMF2/experiments/step_1_1_1/results/glow_s2_n0.10_seed0_ac295e8435aa
