2026-05-13 22:46:36,157 INFO CSMF2.step_1_1_1.run :: STEP-1_1 run | tag=glow_s2_n0.00_seed0_8553f217e66d | cfg=StepCfg(data_root='./mnist_data', scale=2, blur_sigma=1.0, noise_sigma=0.0, batch_size=128, expert='glow', dim=784, cond_width=128, h_dim=256, flow_hidden=256, use_film=True, cache_h=True, use_v2_conditioner=True, film_depth=2, film_hidden=128, film_use_gelu=True, realnvp_n_couplings=6, realnvp_s_max=2.0, glow_n_steps=8, glow_coupling_hidden=256, glow_s_max=2.0, glow_squeeze=True, glow_n_levels=1, glow_image_c=1, glow_image_h=28, glow_image_w=28, glow_film_gain_init=0.3, lr=0.001, epochs=30, weight_decay=0.0, grad_clip=5.0, shuffle_loss_lambda=1.0, shuffle_loss_margin=0.5, h_std_penalty_mu=10.0, h_std_target=0.05, cond_y_residual_alpha_init=0.3, latent_moment_lambda=1.0, latent_ks_target=0.1, fwd_rel_target=0.5, resume_from=None, seed=0, out_root='./CSMF2/experiments/step_1_1_1/results', log_every=50, sanity_every_epoch=True)
2026-05-13 22:46:36,227 INFO CSMF2.step_1_1_1.run :: [run] data sizes: train=55000  val=5000 (per-epoch)  test=10000 (final-only)
2026-05-13 22:46:36,289 INFO CSMF2.step_1_1_1.run :: [y_sanity] y.std(dim=0).mean() = 0.1294  shape=(128, 1, 14, 14)
2026-05-13 22:46:36,402 INFO CSMF2.models.flows.glow.actnorm :: [Actnorm] data-init: C=4  s_mean=0.586  b_mean=1.274
2026-05-13 22:46:36,432 INFO CSMF2.models.experts :: [CondGlow.init_actnorm] step 0 done
2026-05-13 22:46:36,433 INFO CSMF2.models.flows.glow.actnorm :: [Actnorm] data-init: C=4  s_mean=1.342  b_mean=0.011
2026-05-13 22:46:36,463 INFO CSMF2.models.experts :: [CondGlow.init_actnorm] step 1 done
2026-05-13 22:46:36,464 INFO CSMF2.models.flows.glow.actnorm :: [Actnorm] data-init: C=4  s_mean=1.116  b_mean=0.023
2026-05-13 22:46:36,496 INFO CSMF2.models.experts :: [CondGlow.init_actnorm] step 2 done
2026-05-13 22:46:36,496 INFO CSMF2.models.flows.glow.actnorm :: [Actnorm] data-init: C=4  s_mean=1.135  b_mean=0.020
2026-05-13 22:46:36,529 INFO CSMF2.models.experts :: [CondGlow.init_actnorm] step 3 done
2026-05-13 22:46:36,529 INFO CSMF2.models.flows.glow.actnorm :: [Actnorm] data-init: C=4  s_mean=1.053  b_mean=0.011
2026-05-13 22:46:36,562 INFO CSMF2.models.experts :: [CondGlow.init_actnorm] step 4 done
2026-05-13 22:46:36,563 INFO CSMF2.models.flows.glow.actnorm :: [Actnorm] data-init: C=4  s_mean=1.196  b_mean=0.040
2026-05-13 22:46:36,596 INFO CSMF2.models.experts :: [CondGlow.init_actnorm] step 5 done
2026-05-13 22:46:36,597 INFO CSMF2.models.flows.glow.actnorm :: [Actnorm] data-init: C=4  s_mean=1.109  b_mean=0.103
2026-05-13 22:46:36,631 INFO CSMF2.models.experts :: [CondGlow.init_actnorm] step 6 done
2026-05-13 22:46:36,631 INFO CSMF2.models.flows.glow.actnorm :: [Actnorm] data-init: C=4  s_mean=0.960  b_mean=-0.046
2026-05-13 22:46:36,665 INFO CSMF2.models.experts :: [CondGlow.init_actnorm] step 7 done
2026-05-13 22:46:36,666 INFO CSMF2.step_1_1_1.run :: [run] logdet twin check SKIPPED for Glow: twin-flow logdet check incompatible with image-shape Glow; per-epoch invertibility_check covers correctness
2026-05-13 22:47:20,766 INFO CSMF2.step_1_1_1.run :: [h] epoch=0 step=50 total=0.04522 batch=0.02925
2026-05-13 22:47:20,767 INFO CSMF2.step_1_1_1.run :: [lat] epoch=0 step=50 mean_l2=0.13735 std_l2=0.30733
2026-05-13 22:47:21,202 INFO CSMF2.step_1_1_1.run :: epoch=0 step=50/429 train_nll=-2013.510
2026-05-13 22:48:05,366 INFO CSMF2.step_1_1_1.run :: [h] epoch=0 step=100 total=0.04925 batch=0.03138
2026-05-13 22:48:05,367 INFO CSMF2.step_1_1_1.run :: [lat] epoch=0 step=100 mean_l2=0.11730 std_l2=0.16954
2026-05-13 22:48:05,801 INFO CSMF2.step_1_1_1.run :: epoch=0 step=100/429 train_nll=-2386.182
2026-05-13 22:48:49,899 INFO CSMF2.step_1_1_1.run :: [h] epoch=0 step=150 total=0.04432 batch=0.02904
2026-05-13 22:48:49,900 INFO CSMF2.step_1_1_1.run :: [lat] epoch=0 step=150 mean_l2=0.10143 std_l2=0.20222
2026-05-13 22:48:50,308 INFO CSMF2.step_1_1_1.run :: epoch=0 step=150/429 train_nll=-2588.074
2026-05-13 22:49:34,407 INFO CSMF2.step_1_1_1.run :: [h] epoch=0 step=200 total=0.04234 batch=0.03024
2026-05-13 22:49:34,408 INFO CSMF2.step_1_1_1.run :: [lat] epoch=0 step=200 mean_l2=0.05258 std_l2=0.14231
2026-05-13 22:49:34,845 INFO CSMF2.step_1_1_1.run :: epoch=0 step=200/429 train_nll=-2702.478
2026-05-13 22:50:18,829 INFO CSMF2.step_1_1_1.run :: [h] epoch=0 step=250 total=0.04177 batch=0.02953
2026-05-13 22:50:18,831 INFO CSMF2.step_1_1_1.run :: [lat] epoch=0 step=250 mean_l2=0.06706 std_l2=0.09998
2026-05-13 22:50:19,234 INFO CSMF2.step_1_1_1.run :: epoch=0 step=250/429 train_nll=-2784.613
2026-05-13 22:51:03,066 INFO CSMF2.step_1_1_1.run :: [h] epoch=0 step=300 total=0.03897 batch=0.03072
2026-05-13 22:51:03,067 INFO CSMF2.step_1_1_1.run :: [lat] epoch=0 step=300 mean_l2=0.05156 std_l2=0.13836
2026-05-13 22:51:03,470 INFO CSMF2.step_1_1_1.run :: epoch=0 step=300/429 train_nll=-2844.522
2026-05-13 22:51:47,844 INFO CSMF2.step_1_1_1.run :: [h] epoch=0 step=350 total=0.04094 batch=0.02952
2026-05-13 22:51:47,845 INFO CSMF2.step_1_1_1.run :: [lat] epoch=0 step=350 mean_l2=0.14299 std_l2=0.06735
2026-05-13 22:51:48,245 INFO CSMF2.step_1_1_1.run :: epoch=0 step=350/429 train_nll=-2895.433
2026-05-13 22:52:32,018 INFO CSMF2.step_1_1_1.run :: [h] epoch=0 step=400 total=0.03986 batch=0.02946
2026-05-13 22:52:32,019 INFO CSMF2.step_1_1_1.run :: [lat] epoch=0 step=400 mean_l2=0.08086 std_l2=0.05950
2026-05-13 22:52:32,427 INFO CSMF2.step_1_1_1.run :: epoch=0 step=400/429 train_nll=-2936.337
2026-05-13 22:53:08,193 INFO CSMF2.step_1_1_1.run :: epoch=0  train_nll=-2953.735  val_nll=-3200.142  t=391.5s
2026-05-13 22:53:08,193 INFO CSMF2.step_1_1_1.run :: [glow] film_gain mean=0.3027 min=0.2863 max=0.3170
2026-05-13 22:53:08,193 INFO CSMF2.step_1_1_1.run :: [shuffle] gap_mean=0.407 hinge=0.2202 lambda=1.000 margin=0.50
2026-05-13 22:53:08,193 INFO CSMF2.step_1_1_1.run :: [h_std] total=0.04460 batch=0.02991 penalty=0.02009 target=0.0500 mu=10.000
2026-05-13 22:53:08,193 INFO CSMF2.step_1_1_1.run :: [lat_epoch] mean_l2=0.17968 std_l2=0.18494 lambda=1.000
2026-05-13 22:53:08,193 INFO CSMF2.step_1_1_1.run :: [y_resid] alpha=0.2560
2026-05-13 22:53:08,193 INFO CSMF2.step_1_1_1.run :: [grad] cond=49.8486 film_gain=464.6065
2026-05-13 22:54:01,070 INFO CSMF2.step_1_1_1.run :: [h] epoch=1 step=50 total=0.03393 batch=0.02753
2026-05-13 22:54:01,070 INFO CSMF2.step_1_1_1.run :: [lat] epoch=1 step=50 mean_l2=0.11019 std_l2=0.06340
2026-05-13 22:54:01,511 INFO CSMF2.step_1_1_1.run :: epoch=1 step=50/429 train_nll=-3199.564
2026-05-13 22:54:45,713 INFO CSMF2.step_1_1_1.run :: [h] epoch=1 step=100 total=0.03415 batch=0.02721
2026-05-13 22:54:45,714 INFO CSMF2.step_1_1_1.run :: [lat] epoch=1 step=100 mean_l2=0.13618 std_l2=0.04116
2026-05-13 22:54:46,118 INFO CSMF2.step_1_1_1.run :: epoch=1 step=100/429 train_nll=-3231.714
2026-05-13 22:55:29,779 INFO CSMF2.step_1_1_1.run :: [h] epoch=1 step=150 total=0.03645 batch=0.02941
2026-05-13 22:55:29,779 INFO CSMF2.step_1_1_1.run :: [lat] epoch=1 step=150 mean_l2=0.07653 std_l2=0.04040
2026-05-13 22:55:30,183 INFO CSMF2.step_1_1_1.run :: epoch=1 step=150/429 train_nll=-3259.121
2026-05-13 22:56:14,452 INFO CSMF2.step_1_1_1.run :: [h] epoch=1 step=200 total=0.03569 batch=0.02962
2026-05-13 22:56:14,453 INFO CSMF2.step_1_1_1.run :: [lat] epoch=1 step=200 mean_l2=0.08870 std_l2=0.04616
2026-05-13 22:56:14,861 INFO CSMF2.step_1_1_1.run :: epoch=1 step=200/429 train_nll=-3268.766
2026-05-13 22:56:59,037 INFO CSMF2.step_1_1_1.run :: [h] epoch=1 step=250 total=0.03601 batch=0.02862
2026-05-13 22:56:59,037 INFO CSMF2.step_1_1_1.run :: [lat] epoch=1 step=250 mean_l2=0.03275 std_l2=0.03142
2026-05-13 22:56:59,482 INFO CSMF2.step_1_1_1.run :: epoch=1 step=250/429 train_nll=-3281.191
2026-05-13 22:57:44,142 INFO CSMF2.step_1_1_1.run :: [h] epoch=1 step=300 total=0.03309 batch=0.02823
2026-05-13 22:57:44,143 INFO CSMF2.step_1_1_1.run :: [lat] epoch=1 step=300 mean_l2=0.11397 std_l2=0.04391
2026-05-13 22:57:44,592 INFO CSMF2.step_1_1_1.run :: epoch=1 step=300/429 train_nll=-3279.152
2026-05-13 22:58:29,322 INFO CSMF2.step_1_1_1.run :: [h] epoch=1 step=350 total=0.03245 batch=0.02708
2026-05-13 22:58:29,323 INFO CSMF2.step_1_1_1.run :: [lat] epoch=1 step=350 mean_l2=0.15081 std_l2=0.04042
2026-05-13 22:58:29,736 INFO CSMF2.step_1_1_1.run :: epoch=1 step=350/429 train_nll=-3284.815
2026-05-13 22:59:14,527 INFO CSMF2.step_1_1_1.run :: [h] epoch=1 step=400 total=0.03283 batch=0.02759
2026-05-13 22:59:14,527 INFO CSMF2.step_1_1_1.run :: [lat] epoch=1 step=400 mean_l2=0.12168 std_l2=0.05994
2026-05-13 22:59:14,936 INFO CSMF2.step_1_1_1.run :: epoch=1 step=400/429 train_nll=-3294.262
2026-05-13 22:59:51,233 INFO CSMF2.step_1_1_1.run :: epoch=1  train_nll=-3298.454  val_nll=-3390.329  t=394.1s
2026-05-13 22:59:51,233 INFO CSMF2.step_1_1_1.run :: [glow] film_gain mean=0.3010 min=0.2833 max=0.3201
2026-05-13 22:59:51,233 INFO CSMF2.step_1_1_1.run :: [shuffle] gap_mean=0.942 hinge=0.0627 lambda=1.000 margin=0.50
2026-05-13 22:59:51,233 INFO CSMF2.step_1_1_1.run :: [h_std] total=0.03426 batch=0.02806 penalty=0.02194 target=0.0500 mu=10.000
2026-05-13 22:59:51,233 INFO CSMF2.step_1_1_1.run :: [lat_epoch] mean_l2=0.10428 std_l2=0.05912 lambda=1.000
2026-05-13 22:59:51,233 INFO CSMF2.step_1_1_1.run :: [y_resid] alpha=0.2244
2026-05-13 22:59:51,233 INFO CSMF2.step_1_1_1.run :: [grad] cond=19.8166 film_gain=389.6071
2026-05-13 23:00:43,142 INFO CSMF2.step_1_1_1.run :: [h] epoch=2 step=50 total=0.03308 batch=0.02883
2026-05-13 23:00:43,143 INFO CSMF2.step_1_1_1.run :: [lat] epoch=2 step=50 mean_l2=0.41751 std_l2=0.04072
2026-05-13 23:00:43,553 INFO CSMF2.step_1_1_1.run :: epoch=2 step=50/429 train_nll=-3350.690
2026-05-13 23:01:27,834 INFO CSMF2.step_1_1_1.run :: [h] epoch=2 step=100 total=0.03279 batch=0.02799
2026-05-13 23:01:27,835 INFO CSMF2.step_1_1_1.run :: [lat] epoch=2 step=100 mean_l2=0.12222 std_l2=0.03177
2026-05-13 23:01:28,244 INFO CSMF2.step_1_1_1.run :: epoch=2 step=100/429 train_nll=-3345.798
2026-05-13 23:02:13,026 INFO CSMF2.step_1_1_1.run :: [h] epoch=2 step=150 total=0.03250 batch=0.02864
2026-05-13 23:02:13,027 INFO CSMF2.step_1_1_1.run :: [lat] epoch=2 step=150 mean_l2=0.10580 std_l2=0.02900
2026-05-13 23:02:13,443 INFO CSMF2.step_1_1_1.run :: epoch=2 step=150/429 train_nll=-3361.925
2026-05-13 23:02:57,972 INFO CSMF2.step_1_1_1.run :: [h] epoch=2 step=200 total=0.03408 batch=0.03010
2026-05-13 23:02:57,972 INFO CSMF2.step_1_1_1.run :: [lat] epoch=2 step=200 mean_l2=0.08500 std_l2=0.04041
2026-05-13 23:02:58,381 INFO CSMF2.step_1_1_1.run :: epoch=2 step=200/429 train_nll=-3365.366
2026-05-13 23:03:42,832 INFO CSMF2.step_1_1_1.run :: [h] epoch=2 step=250 total=0.03420 batch=0.03050
2026-05-13 23:03:42,833 INFO CSMF2.step_1_1_1.run :: [lat] epoch=2 step=250 mean_l2=0.05695 std_l2=0.03424
2026-05-13 23:03:43,243 INFO CSMF2.step_1_1_1.run :: epoch=2 step=250/429 train_nll=-3373.657
2026-05-13 23:04:27,931 INFO CSMF2.step_1_1_1.run :: [h] epoch=2 step=300 total=0.03401 batch=0.02804
2026-05-13 23:04:27,932 INFO CSMF2.step_1_1_1.run :: [lat] epoch=2 step=300 mean_l2=0.07406 std_l2=0.04420
2026-05-13 23:04:28,348 INFO CSMF2.step_1_1_1.run :: epoch=2 step=300/429 train_nll=-3366.280
2026-05-13 23:05:12,592 INFO CSMF2.step_1_1_1.run :: [h] epoch=2 step=350 total=0.03032 batch=0.02737
2026-05-13 23:05:12,593 INFO CSMF2.step_1_1_1.run :: [lat] epoch=2 step=350 mean_l2=0.08004 std_l2=0.03513
2026-05-13 23:05:13,004 INFO CSMF2.step_1_1_1.run :: epoch=2 step=350/429 train_nll=-3366.875
2026-05-13 23:05:57,289 INFO CSMF2.step_1_1_1.run :: [h] epoch=2 step=400 total=0.03174 batch=0.02750
2026-05-13 23:05:57,290 INFO CSMF2.step_1_1_1.run :: [lat] epoch=2 step=400 mean_l2=0.04496 std_l2=0.02748
2026-05-13 23:05:57,700 INFO CSMF2.step_1_1_1.run :: epoch=2 step=400/429 train_nll=-3371.876
2026-05-13 23:06:34,089 INFO CSMF2.step_1_1_1.run :: epoch=2  train_nll=-3374.876  val_nll=-3408.346  t=395.0s
2026-05-13 23:06:34,089 INFO CSMF2.step_1_1_1.run :: [glow] film_gain mean=0.2987 min=0.2822 max=0.3175
2026-05-13 23:06:34,089 INFO CSMF2.step_1_1_1.run :: [shuffle] gap_mean=2.148 hinge=0.0209 lambda=1.000 margin=0.50
2026-05-13 23:06:34,089 INFO CSMF2.step_1_1_1.run :: [h_std] total=0.03321 batch=0.02860 penalty=0.02140 target=0.0500 mu=10.000
2026-05-13 23:06:34,089 INFO CSMF2.step_1_1_1.run :: [lat_epoch] mean_l2=0.08250 std_l2=0.04763 lambda=1.000
2026-05-13 23:06:34,089 INFO CSMF2.step_1_1_1.run :: [y_resid] alpha=0.1969
2026-05-13 23:06:34,089 INFO CSMF2.step_1_1_1.run :: [grad] cond=33.8434 film_gain=674.4373
2026-05-13 23:07:26,120 INFO CSMF2.step_1_1_1.run :: [h] epoch=3 step=50 total=0.03070 batch=0.02713
2026-05-13 23:07:26,121 INFO CSMF2.step_1_1_1.run :: [lat] epoch=3 step=50 mean_l2=0.05002 std_l2=0.03264
2026-05-13 23:07:26,527 INFO CSMF2.step_1_1_1.run :: epoch=3 step=50/429 train_nll=-3412.231
2026-05-13 23:08:10,940 INFO CSMF2.step_1_1_1.run :: [h] epoch=3 step=100 total=0.03113 batch=0.02842
2026-05-13 23:08:10,941 INFO CSMF2.step_1_1_1.run :: [lat] epoch=3 step=100 mean_l2=0.07203 std_l2=0.02940
2026-05-13 23:08:11,353 INFO CSMF2.step_1_1_1.run :: epoch=3 step=100/429 train_nll=-3420.541
2026-05-13 23:08:55,639 INFO CSMF2.step_1_1_1.run :: [h] epoch=3 step=150 total=0.03212 batch=0.02936
2026-05-13 23:08:55,639 INFO CSMF2.step_1_1_1.run :: [lat] epoch=3 step=150 mean_l2=0.05692 std_l2=0.03163
2026-05-13 23:08:56,048 INFO CSMF2.step_1_1_1.run :: epoch=3 step=150/429 train_nll=-3420.181
2026-05-13 23:09:40,723 INFO CSMF2.step_1_1_1.run :: [h] epoch=3 step=200 total=0.03141 batch=0.02873
2026-05-13 23:09:40,723 INFO CSMF2.step_1_1_1.run :: [lat] epoch=3 step=200 mean_l2=0.10719 std_l2=0.05895
2026-05-13 23:09:41,132 INFO CSMF2.step_1_1_1.run :: epoch=3 step=200/429 train_nll=-3417.201
2026-05-13 23:10:25,511 INFO CSMF2.step_1_1_1.run :: [h] epoch=3 step=250 total=0.03273 batch=0.02991
2026-05-13 23:10:25,511 INFO CSMF2.step_1_1_1.run :: [lat] epoch=3 step=250 mean_l2=0.03463 std_l2=0.03584
2026-05-13 23:10:25,927 INFO CSMF2.step_1_1_1.run :: epoch=3 step=250/429 train_nll=-3421.024
2026-05-13 23:11:10,113 INFO CSMF2.step_1_1_1.run :: [h] epoch=3 step=300 total=0.03315 batch=0.03047
2026-05-13 23:11:10,114 INFO CSMF2.step_1_1_1.run :: [lat] epoch=3 step=300 mean_l2=0.02870 std_l2=0.03994
2026-05-13 23:11:10,523 INFO CSMF2.step_1_1_1.run :: epoch=3 step=300/429 train_nll=-3424.075
2026-05-13 23:11:55,214 INFO CSMF2.step_1_1_1.run :: [h] epoch=3 step=350 total=0.03272 batch=0.03021
2026-05-13 23:11:55,214 INFO CSMF2.step_1_1_1.run :: [lat] epoch=3 step=350 mean_l2=0.06332 std_l2=0.02661
2026-05-13 23:11:55,624 INFO CSMF2.step_1_1_1.run :: epoch=3 step=350/429 train_nll=-3423.273
2026-05-13 23:12:40,190 INFO CSMF2.step_1_1_1.run :: [h] epoch=3 step=400 total=0.03321 batch=0.03098
2026-05-13 23:12:40,191 INFO CSMF2.step_1_1_1.run :: [lat] epoch=3 step=400 mean_l2=0.06189 std_l2=0.05221
2026-05-13 23:12:40,601 INFO CSMF2.step_1_1_1.run :: epoch=3 step=400/429 train_nll=-3428.191
2026-05-13 23:13:17,184 INFO CSMF2.step_1_1_1.run :: epoch=3  train_nll=-3427.241  val_nll=-3418.923  t=395.3s
2026-05-13 23:13:17,184 INFO CSMF2.step_1_1_1.run :: [glow] film_gain mean=0.2975 min=0.2806 max=0.3183
2026-05-13 23:13:17,184 INFO CSMF2.step_1_1_1.run :: [shuffle] gap_mean=3.805 hinge=0.0029 lambda=1.000 margin=0.50
2026-05-13 23:13:17,184 INFO CSMF2.step_1_1_1.run :: [h_std] total=0.03242 batch=0.02954 penalty=0.02046 target=0.0500 mu=10.000
2026-05-13 23:13:17,184 INFO CSMF2.step_1_1_1.run :: [lat_epoch] mean_l2=0.06589 std_l2=0.03794 lambda=1.000
2026-05-13 23:13:17,184 INFO CSMF2.step_1_1_1.run :: [y_resid] alpha=0.2035
2026-05-13 23:13:17,184 INFO CSMF2.step_1_1_1.run :: [grad] cond=28.7886 film_gain=369.9798
2026-05-13 23:14:09,635 INFO CSMF2.step_1_1_1.run :: [h] epoch=4 step=50 total=0.03508 batch=0.03300
2026-05-13 23:14:09,636 INFO CSMF2.step_1_1_1.run :: [lat] epoch=4 step=50 mean_l2=0.05472 std_l2=0.04832
2026-05-13 23:14:10,053 INFO CSMF2.step_1_1_1.run :: epoch=4 step=50/429 train_nll=-3449.650
2026-05-13 23:14:54,617 INFO CSMF2.step_1_1_1.run :: [h] epoch=4 step=100 total=0.03365 batch=0.02927
2026-05-13 23:14:54,618 INFO CSMF2.step_1_1_1.run :: [lat] epoch=4 step=100 mean_l2=0.07209 std_l2=0.04189
2026-05-13 23:14:55,028 INFO CSMF2.step_1_1_1.run :: epoch=4 step=100/429 train_nll=-3428.972
2026-05-13 23:15:39,675 INFO CSMF2.step_1_1_1.run :: [h] epoch=4 step=150 total=0.03356 batch=0.03075
2026-05-13 23:15:39,676 INFO CSMF2.step_1_1_1.run :: [lat] epoch=4 step=150 mean_l2=0.03387 std_l2=0.03345
2026-05-13 23:15:40,123 INFO CSMF2.step_1_1_1.run :: epoch=4 step=150/429 train_nll=-3434.648
2026-05-13 23:16:24,546 INFO CSMF2.step_1_1_1.run :: [h] epoch=4 step=200 total=0.03257 batch=0.03063
2026-05-13 23:16:24,547 INFO CSMF2.step_1_1_1.run :: [lat] epoch=4 step=200 mean_l2=0.03253 std_l2=0.03348
2026-05-13 23:16:24,959 INFO CSMF2.step_1_1_1.run :: epoch=4 step=200/429 train_nll=-3442.290
2026-05-13 23:17:09,630 INFO CSMF2.step_1_1_1.run :: [h] epoch=4 step=250 total=0.03417 batch=0.03133
2026-05-13 23:17:09,630 INFO CSMF2.step_1_1_1.run :: [lat] epoch=4 step=250 mean_l2=0.05030 std_l2=0.04683
2026-05-13 23:17:10,040 INFO CSMF2.step_1_1_1.run :: epoch=4 step=250/429 train_nll=-3436.812
2026-05-13 23:17:54,350 INFO CSMF2.step_1_1_1.run :: [h] epoch=4 step=300 total=0.03532 batch=0.03295
2026-05-13 23:17:54,351 INFO CSMF2.step_1_1_1.run :: [lat] epoch=4 step=300 mean_l2=0.05308 std_l2=0.02616
2026-05-13 23:17:54,761 INFO CSMF2.step_1_1_1.run :: epoch=4 step=300/429 train_nll=-3438.784
2026-05-13 23:18:39,265 INFO CSMF2.step_1_1_1.run :: [h] epoch=4 step=350 total=0.03397 batch=0.03094
2026-05-13 23:18:39,266 INFO CSMF2.step_1_1_1.run :: [lat] epoch=4 step=350 mean_l2=0.07982 std_l2=0.18246
2026-05-13 23:18:39,678 INFO CSMF2.step_1_1_1.run :: epoch=4 step=350/429 train_nll=-3441.674
2026-05-13 23:19:24,295 INFO CSMF2.step_1_1_1.run :: [h] epoch=4 step=400 total=0.03207 batch=0.03029
2026-05-13 23:19:24,296 INFO CSMF2.step_1_1_1.run :: [lat] epoch=4 step=400 mean_l2=0.04887 std_l2=0.03690
2026-05-13 23:19:24,743 INFO CSMF2.step_1_1_1.run :: epoch=4 step=400/429 train_nll=-3441.872
2026-05-13 23:20:00,805 INFO CSMF2.step_1_1_1.run :: epoch=4  train_nll=-3442.879  val_nll=-3486.709  t=395.6s
2026-05-13 23:20:00,805 INFO CSMF2.step_1_1_1.run :: [glow] film_gain mean=0.2952 min=0.2785 max=0.3179
2026-05-13 23:20:00,805 INFO CSMF2.step_1_1_1.run :: [shuffle] gap_mean=3.742 hinge=0.0994 lambda=1.000 margin=0.50
2026-05-13 23:20:00,805 INFO CSMF2.step_1_1_1.run :: [h_std] total=0.03359 batch=0.03086 penalty=0.01914 target=0.0500 mu=10.000
2026-05-13 23:20:00,805 INFO CSMF2.step_1_1_1.run :: [lat_epoch] mean_l2=0.06494 std_l2=0.04354 lambda=1.000
2026-05-13 23:20:00,805 INFO CSMF2.step_1_1_1.run :: [y_resid] alpha=0.1918
2026-05-13 23:20:00,805 INFO CSMF2.step_1_1_1.run :: [grad] cond=17.3503 film_gain=676.4468
2026-05-13 23:20:53,465 INFO CSMF2.step_1_1_1.run :: [h] epoch=5 step=50 total=0.03277 batch=0.03128
2026-05-13 23:20:53,465 INFO CSMF2.step_1_1_1.run :: [lat] epoch=5 step=50 mean_l2=0.04761 std_l2=0.04597
2026-05-13 23:20:53,875 INFO CSMF2.step_1_1_1.run :: epoch=5 step=50/429 train_nll=-3439.463
2026-05-13 23:21:38,764 INFO CSMF2.step_1_1_1.run :: [h] epoch=5 step=100 total=0.03389 batch=0.03233
2026-05-13 23:21:38,765 INFO CSMF2.step_1_1_1.run :: [lat] epoch=5 step=100 mean_l2=0.02964 std_l2=0.03513
2026-05-13 23:21:39,212 INFO CSMF2.step_1_1_1.run :: epoch=5 step=100/429 train_nll=-3455.374
2026-05-13 23:22:23,611 INFO CSMF2.step_1_1_1.run :: [h] epoch=5 step=150 total=0.03578 batch=0.03429
2026-05-13 23:22:23,612 INFO CSMF2.step_1_1_1.run :: [lat] epoch=5 step=150 mean_l2=0.04922 std_l2=0.03129
2026-05-13 23:22:24,021 INFO CSMF2.step_1_1_1.run :: epoch=5 step=150/429 train_nll=-3463.233
2026-05-13 23:23:08,792 INFO CSMF2.step_1_1_1.run :: [h] epoch=5 step=200 total=0.03479 batch=0.03332
2026-05-13 23:23:08,793 INFO CSMF2.step_1_1_1.run :: [lat] epoch=5 step=200 mean_l2=0.05552 std_l2=0.05990
2026-05-13 23:23:09,203 INFO CSMF2.step_1_1_1.run :: epoch=5 step=200/429 train_nll=-3468.855
2026-05-13 23:23:53,988 INFO CSMF2.step_1_1_1.run :: [h] epoch=5 step=250 total=0.03491 batch=0.03350
2026-05-13 23:23:53,989 INFO CSMF2.step_1_1_1.run :: [lat] epoch=5 step=250 mean_l2=0.03017 std_l2=0.03860
2026-05-13 23:23:54,436 INFO CSMF2.step_1_1_1.run :: epoch=5 step=250/429 train_nll=-3464.140
2026-05-13 23:24:38,966 INFO CSMF2.step_1_1_1.run :: [h] epoch=5 step=300 total=0.03602 batch=0.03347
2026-05-13 23:24:38,967 INFO CSMF2.step_1_1_1.run :: [lat] epoch=5 step=300 mean_l2=0.02758 std_l2=0.02696
2026-05-13 23:24:39,376 INFO CSMF2.step_1_1_1.run :: epoch=5 step=300/429 train_nll=-3461.284
2026-05-13 23:25:23,853 INFO CSMF2.step_1_1_1.run :: [h] epoch=5 step=350 total=0.03376 batch=0.03243
2026-05-13 23:25:23,853 INFO CSMF2.step_1_1_1.run :: [lat] epoch=5 step=350 mean_l2=0.06347 std_l2=0.03225
2026-05-13 23:25:24,263 INFO CSMF2.step_1_1_1.run :: epoch=5 step=350/429 train_nll=-3463.714
2026-05-13 23:26:08,245 INFO CSMF2.step_1_1_1.run :: [h] epoch=5 step=400 total=0.03280 batch=0.03137
2026-05-13 23:26:08,246 INFO CSMF2.step_1_1_1.run :: [lat] epoch=5 step=400 mean_l2=0.05276 std_l2=0.07594
2026-05-13 23:26:08,662 INFO CSMF2.step_1_1_1.run :: epoch=5 step=400/429 train_nll=-3465.944
2026-05-13 23:26:45,092 INFO CSMF2.step_1_1_1.run :: epoch=5  train_nll=-3466.186  val_nll=-3498.938  t=396.3s
2026-05-13 23:26:45,092 INFO CSMF2.step_1_1_1.run :: [glow] film_gain mean=0.2933 min=0.2765 max=0.3171
2026-05-13 23:26:45,092 INFO CSMF2.step_1_1_1.run :: [shuffle] gap_mean=6.075 hinge=0.0000 lambda=1.000 margin=0.50
2026-05-13 23:26:45,092 INFO CSMF2.step_1_1_1.run :: [h_std] total=0.03452 batch=0.03293 penalty=0.01707 target=0.0500 mu=10.000
2026-05-13 23:26:45,092 INFO CSMF2.step_1_1_1.run :: [lat_epoch] mean_l2=0.05882 std_l2=0.03763 lambda=1.000
2026-05-13 23:26:45,092 INFO CSMF2.step_1_1_1.run :: [y_resid] alpha=0.1897
2026-05-13 23:26:45,092 INFO CSMF2.step_1_1_1.run :: [grad] cond=36.4215 film_gain=1314.5629
2026-05-13 23:27:38,567 INFO CSMF2.step_1_1_1.run :: [h] epoch=6 step=50 total=0.03543 batch=0.03436
2026-05-13 23:27:38,568 INFO CSMF2.step_1_1_1.run :: [lat] epoch=6 step=50 mean_l2=0.03115 std_l2=0.04416
2026-05-13 23:27:39,015 INFO CSMF2.step_1_1_1.run :: epoch=6 step=50/429 train_nll=-3488.975
2026-05-13 23:28:23,190 INFO CSMF2.step_1_1_1.run :: [h] epoch=6 step=100 total=0.03731 batch=0.03466
2026-05-13 23:28:23,191 INFO CSMF2.step_1_1_1.run :: [lat] epoch=6 step=100 mean_l2=0.03718 std_l2=0.13079
2026-05-13 23:28:23,600 INFO CSMF2.step_1_1_1.run :: epoch=6 step=100/429 train_nll=-3471.154
2026-05-13 23:29:08,479 INFO CSMF2.step_1_1_1.run :: [h] epoch=6 step=150 total=0.03241 batch=0.03111
2026-05-13 23:29:08,480 INFO CSMF2.step_1_1_1.run :: [lat] epoch=6 step=150 mean_l2=0.07030 std_l2=0.03954
2026-05-13 23:29:08,890 INFO CSMF2.step_1_1_1.run :: epoch=6 step=150/429 train_nll=-3466.668
2026-05-13 23:29:53,326 INFO CSMF2.step_1_1_1.run :: [h] epoch=6 step=200 total=0.03713 batch=0.03582
2026-05-13 23:29:53,327 INFO CSMF2.step_1_1_1.run :: [lat] epoch=6 step=200 mean_l2=0.04237 std_l2=0.02418
2026-05-13 23:29:53,735 INFO CSMF2.step_1_1_1.run :: epoch=6 step=200/429 train_nll=-3468.780
2026-05-13 23:30:38,441 INFO CSMF2.step_1_1_1.run :: [h] epoch=6 step=250 total=0.03486 batch=0.03392
2026-05-13 23:30:38,441 INFO CSMF2.step_1_1_1.run :: [lat] epoch=6 step=250 mean_l2=0.05349 std_l2=0.06864
2026-05-13 23:30:38,858 INFO CSMF2.step_1_1_1.run :: epoch=6 step=250/429 train_nll=-3472.276
2026-05-13 23:31:23,163 INFO CSMF2.step_1_1_1.run :: [h] epoch=6 step=300 total=0.03360 batch=0.03186
2026-05-13 23:31:23,164 INFO CSMF2.step_1_1_1.run :: [lat] epoch=6 step=300 mean_l2=0.05649 std_l2=0.03276
2026-05-13 23:31:23,576 INFO CSMF2.step_1_1_1.run :: epoch=6 step=300/429 train_nll=-3476.031
2026-05-13 23:32:07,950 INFO CSMF2.step_1_1_1.run :: [h] epoch=6 step=350 total=0.03601 batch=0.03474
2026-05-13 23:32:07,950 INFO CSMF2.step_1_1_1.run :: [lat] epoch=6 step=350 mean_l2=0.03801 std_l2=0.04207
2026-05-13 23:32:08,398 INFO CSMF2.step_1_1_1.run :: epoch=6 step=350/429 train_nll=-3474.987
2026-05-13 23:32:53,283 INFO CSMF2.step_1_1_1.run :: [h] epoch=6 step=400 total=0.03666 batch=0.03556
2026-05-13 23:32:53,284 INFO CSMF2.step_1_1_1.run :: [lat] epoch=6 step=400 mean_l2=0.06484 std_l2=0.02399
2026-05-13 23:32:53,731 INFO CSMF2.step_1_1_1.run :: epoch=6 step=400/429 train_nll=-3478.609
2026-05-13 23:33:29,824 INFO CSMF2.step_1_1_1.run :: epoch=6  train_nll=-3481.415  val_nll=-3536.764  t=396.0s
2026-05-13 23:33:29,824 INFO CSMF2.step_1_1_1.run :: [glow] film_gain mean=0.2912 min=0.2748 max=0.3163
2026-05-13 23:33:29,824 INFO CSMF2.step_1_1_1.run :: [shuffle] gap_mean=6.634 hinge=0.0205 lambda=1.000 margin=0.50
2026-05-13 23:33:29,824 INFO CSMF2.step_1_1_1.run :: [h_std] total=0.03540 batch=0.03412 penalty=0.01588 target=0.0500 mu=10.000
2026-05-13 23:33:29,824 INFO CSMF2.step_1_1_1.run :: [lat_epoch] mean_l2=0.05703 std_l2=0.04031 lambda=1.000
2026-05-13 23:33:29,824 INFO CSMF2.step_1_1_1.run :: [y_resid] alpha=0.1867
2026-05-13 23:33:29,824 INFO CSMF2.step_1_1_1.run :: [grad] cond=16.7177 film_gain=544.6702
2026-05-13 23:34:22,233 INFO CSMF2.step_1_1_1.run :: [h] epoch=7 step=50 total=0.03799 batch=0.03713
2026-05-13 23:34:22,235 INFO CSMF2.step_1_1_1.run :: [lat] epoch=7 step=50 mean_l2=0.03428 std_l2=0.02954
2026-05-13 23:34:22,645 INFO CSMF2.step_1_1_1.run :: epoch=7 step=50/429 train_nll=-3498.652
2026-05-13 23:35:06,891 INFO CSMF2.step_1_1_1.run :: [h] epoch=7 step=100 total=0.03858 batch=0.03761
2026-05-13 23:35:06,892 INFO CSMF2.step_1_1_1.run :: [lat] epoch=7 step=100 mean_l2=0.24123 std_l2=0.17734
2026-05-13 23:35:07,301 INFO CSMF2.step_1_1_1.run :: epoch=7 step=100/429 train_nll=-3505.562
2026-05-13 23:35:51,897 INFO CSMF2.step_1_1_1.run :: [h] epoch=7 step=150 total=0.03660 batch=0.03508
2026-05-13 23:35:51,898 INFO CSMF2.step_1_1_1.run :: [lat] epoch=7 step=150 mean_l2=0.03696 std_l2=0.03068
2026-05-13 23:35:52,345 INFO CSMF2.step_1_1_1.run :: epoch=7 step=150/429 train_nll=-3489.849
2026-05-13 23:36:36,926 INFO CSMF2.step_1_1_1.run :: [h] epoch=7 step=200 total=0.03873 batch=0.03741
2026-05-13 23:36:36,927 INFO CSMF2.step_1_1_1.run :: [lat] epoch=7 step=200 mean_l2=0.03496 std_l2=0.02910
2026-05-13 23:36:37,339 INFO CSMF2.step_1_1_1.run :: epoch=7 step=200/429 train_nll=-3489.910
2026-05-13 23:37:21,919 INFO CSMF2.step_1_1_1.run :: [h] epoch=7 step=250 total=0.03506 batch=0.03385
2026-05-13 23:37:21,919 INFO CSMF2.step_1_1_1.run :: [lat] epoch=7 step=250 mean_l2=0.04371 std_l2=0.02532
2026-05-13 23:37:22,337 INFO CSMF2.step_1_1_1.run :: epoch=7 step=250/429 train_nll=-3491.001
2026-05-13 23:38:06,742 INFO CSMF2.step_1_1_1.run :: [h] epoch=7 step=300 total=0.03658 batch=0.03581
2026-05-13 23:38:06,743 INFO CSMF2.step_1_1_1.run :: [lat] epoch=7 step=300 mean_l2=0.06278 std_l2=0.02495
2026-05-13 23:38:07,153 INFO CSMF2.step_1_1_1.run :: epoch=7 step=300/429 train_nll=-3495.287
2026-05-13 23:38:51,662 INFO CSMF2.step_1_1_1.run :: [h] epoch=7 step=350 total=0.03589 batch=0.03307
2026-05-13 23:38:51,663 INFO CSMF2.step_1_1_1.run :: [lat] epoch=7 step=350 mean_l2=0.04919 std_l2=0.03728
2026-05-13 23:38:52,073 INFO CSMF2.step_1_1_1.run :: epoch=7 step=350/429 train_nll=-3495.274
2026-05-13 23:39:36,343 INFO CSMF2.step_1_1_1.run :: [h] epoch=7 step=400 total=0.03334 batch=0.03229
2026-05-13 23:39:36,344 INFO CSMF2.step_1_1_1.run :: [lat] epoch=7 step=400 mean_l2=0.04453 std_l2=0.02582
2026-05-13 23:39:36,791 INFO CSMF2.step_1_1_1.run :: epoch=7 step=400/429 train_nll=-3490.687
2026-05-13 23:40:13,457 INFO CSMF2.step_1_1_1.run :: epoch=7  train_nll=-3489.699  val_nll=-3489.065  t=395.8s
2026-05-13 23:40:13,458 INFO CSMF2.step_1_1_1.run :: [glow] film_gain mean=0.2887 min=0.2730 max=0.3145
2026-05-13 23:40:13,458 INFO CSMF2.step_1_1_1.run :: [shuffle] gap_mean=7.967 hinge=0.0000 lambda=1.000 margin=0.50
2026-05-13 23:40:13,458 INFO CSMF2.step_1_1_1.run :: [h_std] total=0.03632 batch=0.03499 penalty=0.01501 target=0.0500 mu=10.000
2026-05-13 23:40:13,458 INFO CSMF2.step_1_1_1.run :: [lat_epoch] mean_l2=0.05650 std_l2=0.03720 lambda=1.000
2026-05-13 23:40:13,458 INFO CSMF2.step_1_1_1.run :: [y_resid] alpha=0.1692
2026-05-13 23:40:13,458 INFO CSMF2.step_1_1_1.run :: [grad] cond=68.1380 film_gain=977.7195
2026-05-13 23:41:07,344 INFO CSMF2.step_1_1_1.run :: [h] epoch=8 step=50 total=0.03221 batch=0.03142
2026-05-13 23:41:07,345 INFO CSMF2.step_1_1_1.run :: [lat] epoch=8 step=50 mean_l2=0.05672 std_l2=0.03735
2026-05-13 23:41:07,792 INFO CSMF2.step_1_1_1.run :: epoch=8 step=50/429 train_nll=-3503.962
2026-05-13 23:41:51,864 INFO CSMF2.step_1_1_1.run :: [h] epoch=8 step=100 total=0.03432 batch=0.03359
2026-05-13 23:41:51,865 INFO CSMF2.step_1_1_1.run :: [lat] epoch=8 step=100 mean_l2=0.05033 std_l2=0.02452
2026-05-13 23:41:52,276 INFO CSMF2.step_1_1_1.run :: epoch=8 step=100/429 train_nll=-3503.220
2026-05-13 23:42:36,525 INFO CSMF2.step_1_1_1.run :: [h] epoch=8 step=150 total=0.03474 batch=0.03407
2026-05-13 23:42:36,525 INFO CSMF2.step_1_1_1.run :: [lat] epoch=8 step=150 mean_l2=0.02775 std_l2=0.02240
2026-05-13 23:42:36,935 INFO CSMF2.step_1_1_1.run :: epoch=8 step=150/429 train_nll=-3507.748
2026-05-13 23:43:21,770 INFO CSMF2.step_1_1_1.run :: [h] epoch=8 step=200 total=0.03485 batch=0.03433
2026-05-13 23:43:21,771 INFO CSMF2.step_1_1_1.run :: [lat] epoch=8 step=200 mean_l2=0.06189 std_l2=0.02499
2026-05-13 23:43:22,219 INFO CSMF2.step_1_1_1.run :: epoch=8 step=200/429 train_nll=-3507.220
2026-05-13 23:44:06,497 INFO CSMF2.step_1_1_1.run :: [h] epoch=8 step=250 total=0.03497 batch=0.03434
2026-05-13 23:44:06,498 INFO CSMF2.step_1_1_1.run :: [lat] epoch=8 step=250 mean_l2=0.04339 std_l2=0.02690
2026-05-13 23:44:06,953 INFO CSMF2.step_1_1_1.run :: epoch=8 step=250/429 train_nll=-3511.161
2026-05-13 23:44:51,732 INFO CSMF2.step_1_1_1.run :: [h] epoch=8 step=300 total=0.03520 batch=0.03464
2026-05-13 23:44:51,733 INFO CSMF2.step_1_1_1.run :: [lat] epoch=8 step=300 mean_l2=0.04764 std_l2=0.02105
2026-05-13 23:44:52,143 INFO CSMF2.step_1_1_1.run :: epoch=8 step=300/429 train_nll=-3511.423
2026-05-13 23:45:36,733 INFO CSMF2.step_1_1_1.run :: [h] epoch=8 step=350 total=0.03604 batch=0.03451
2026-05-13 23:45:36,734 INFO CSMF2.step_1_1_1.run :: [lat] epoch=8 step=350 mean_l2=0.04162 std_l2=0.05473
2026-05-13 23:45:37,144 INFO CSMF2.step_1_1_1.run :: epoch=8 step=350/429 train_nll=-3509.611
2026-05-13 23:46:21,649 INFO CSMF2.step_1_1_1.run :: [h] epoch=8 step=400 total=0.03720 batch=0.03634
2026-05-13 23:46:21,649 INFO CSMF2.step_1_1_1.run :: [lat] epoch=8 step=400 mean_l2=0.03704 std_l2=0.02868
2026-05-13 23:46:22,059 INFO CSMF2.step_1_1_1.run :: epoch=8 step=400/429 train_nll=-3507.467
2026-05-13 23:46:58,092 INFO CSMF2.step_1_1_1.run :: epoch=8  train_nll=-3508.085  val_nll=-3523.546  t=395.8s
2026-05-13 23:46:58,092 INFO CSMF2.step_1_1_1.run :: [glow] film_gain mean=0.2872 min=0.2717 max=0.3123
2026-05-13 23:46:58,092 INFO CSMF2.step_1_1_1.run :: [shuffle] gap_mean=8.635 hinge=0.0000 lambda=1.000 margin=0.50
2026-05-13 23:46:58,092 INFO CSMF2.step_1_1_1.run :: [h_std] total=0.03472 batch=0.03390 penalty=0.01610 target=0.0500 mu=10.000
2026-05-13 23:46:58,092 INFO CSMF2.step_1_1_1.run :: [lat_epoch] mean_l2=0.05114 std_l2=0.03257 lambda=1.000
2026-05-13 23:46:58,092 INFO CSMF2.step_1_1_1.run :: [y_resid] alpha=0.1698
2026-05-13 23:46:58,092 INFO CSMF2.step_1_1_1.run :: [grad] cond=12.7677 film_gain=968.5279
2026-05-13 23:47:50,334 INFO CSMF2.step_1_1_1.run :: [h] epoch=9 step=50 total=0.03711 batch=0.03656
2026-05-13 23:47:50,336 INFO CSMF2.step_1_1_1.run :: [lat] epoch=9 step=50 mean_l2=0.02645 std_l2=0.03045
2026-05-13 23:47:50,753 INFO CSMF2.step_1_1_1.run :: epoch=9 step=50/429 train_nll=-3514.304
2026-05-13 23:48:34,893 INFO CSMF2.step_1_1_1.run :: [h] epoch=9 step=100 total=0.03653 batch=0.03590
2026-05-13 23:48:34,894 INFO CSMF2.step_1_1_1.run :: [lat] epoch=9 step=100 mean_l2=0.03456 std_l2=0.03398
2026-05-13 23:48:35,303 INFO CSMF2.step_1_1_1.run :: epoch=9 step=100/429 train_nll=-3516.798
2026-05-13 23:49:19,623 INFO CSMF2.step_1_1_1.run :: [h] epoch=9 step=150 total=0.03826 batch=0.03729
2026-05-13 23:49:19,624 INFO CSMF2.step_1_1_1.run :: [lat] epoch=9 step=150 mean_l2=0.05767 std_l2=0.02060
2026-05-13 23:49:20,033 INFO CSMF2.step_1_1_1.run :: epoch=9 step=150/429 train_nll=-3507.219
2026-05-13 23:50:04,319 INFO CSMF2.step_1_1_1.run :: [h] epoch=9 step=200 total=0.03741 batch=0.03683
2026-05-13 23:50:04,320 INFO CSMF2.step_1_1_1.run :: [lat] epoch=9 step=200 mean_l2=0.04616 std_l2=0.02179
2026-05-13 23:50:04,738 INFO CSMF2.step_1_1_1.run :: epoch=9 step=200/429 train_nll=-3508.122
2026-05-13 23:50:49,453 INFO CSMF2.step_1_1_1.run :: [h] epoch=9 step=250 total=0.03705 batch=0.03634
2026-05-13 23:50:49,453 INFO CSMF2.step_1_1_1.run :: [lat] epoch=9 step=250 mean_l2=0.04749 std_l2=0.03332
2026-05-13 23:50:49,881 INFO CSMF2.step_1_1_1.run :: epoch=9 step=250/429 train_nll=-3506.626
2026-05-13 23:51:34,480 INFO CSMF2.step_1_1_1.run :: [h] epoch=9 step=300 total=0.03795 batch=0.03733
2026-05-13 23:51:34,480 INFO CSMF2.step_1_1_1.run :: [lat] epoch=9 step=300 mean_l2=0.05239 std_l2=0.02955
2026-05-13 23:51:34,886 INFO CSMF2.step_1_1_1.run :: epoch=9 step=300/429 train_nll=-3512.514
2026-05-13 23:52:19,102 INFO CSMF2.step_1_1_1.run :: [h] epoch=9 step=350 total=0.03879 batch=0.03801
2026-05-13 23:52:19,103 INFO CSMF2.step_1_1_1.run :: [lat] epoch=9 step=350 mean_l2=0.05897 std_l2=0.03616
2026-05-13 23:52:19,521 INFO CSMF2.step_1_1_1.run :: epoch=9 step=350/429 train_nll=-3513.230
2026-05-13 23:53:04,111 INFO CSMF2.step_1_1_1.run :: [h] epoch=9 step=400 total=0.04046 batch=0.03959
2026-05-13 23:53:04,112 INFO CSMF2.step_1_1_1.run :: [lat] epoch=9 step=400 mean_l2=0.03901 std_l2=0.03204
2026-05-13 23:53:04,522 INFO CSMF2.step_1_1_1.run :: epoch=9 step=400/429 train_nll=-3511.361
2026-05-13 23:53:40,473 INFO CSMF2.step_1_1_1.run :: epoch=9  train_nll=-3513.275  val_nll=-3549.843  t=394.6s
2026-05-13 23:53:40,473 INFO CSMF2.step_1_1_1.run :: [glow] film_gain mean=0.2854 min=0.2701 max=0.3106
2026-05-13 23:53:40,473 INFO CSMF2.step_1_1_1.run :: [shuffle] gap_mean=9.385 hinge=0.0004 lambda=1.000 margin=0.50
2026-05-13 23:53:40,473 INFO CSMF2.step_1_1_1.run :: [h_std] total=0.03789 batch=0.03714 penalty=0.01286 target=0.0500 mu=10.000
2026-05-13 23:53:40,473 INFO CSMF2.step_1_1_1.run :: [lat_epoch] mean_l2=0.05093 std_l2=0.03453 lambda=1.000
2026-05-13 23:53:40,473 INFO CSMF2.step_1_1_1.run :: [y_resid] alpha=0.1745
2026-05-13 23:53:40,473 INFO CSMF2.step_1_1_1.run :: [grad] cond=11.9702 film_gain=751.7869
2026-05-13 23:54:34,202 INFO CSMF2.step_1_1_1.run :: [h] epoch=10 step=50 total=0.03918 batch=0.03844
2026-05-13 23:54:34,203 INFO CSMF2.step_1_1_1.run :: [lat] epoch=10 step=50 mean_l2=0.03541 std_l2=0.02392
2026-05-13 23:54:34,631 INFO CSMF2.step_1_1_1.run :: epoch=10 step=50/429 train_nll=-3507.493
2026-05-13 23:55:19,249 INFO CSMF2.step_1_1_1.run :: [h] epoch=10 step=100 total=0.04032 batch=0.03972
2026-05-13 23:55:19,250 INFO CSMF2.step_1_1_1.run :: [lat] epoch=10 step=100 mean_l2=0.05274 std_l2=0.03824
2026-05-13 23:55:19,699 INFO CSMF2.step_1_1_1.run :: epoch=10 step=100/429 train_nll=-3524.668
2026-05-13 23:56:04,309 INFO CSMF2.step_1_1_1.run :: [h] epoch=10 step=150 total=0.04221 batch=0.04160
2026-05-13 23:56:04,310 INFO CSMF2.step_1_1_1.run :: [lat] epoch=10 step=150 mean_l2=0.06619 std_l2=0.03990
2026-05-13 23:56:04,722 INFO CSMF2.step_1_1_1.run :: epoch=10 step=150/429 train_nll=-3529.965
2026-05-13 23:56:49,302 INFO CSMF2.step_1_1_1.run :: [h] epoch=10 step=200 total=0.04187 batch=0.04115
2026-05-13 23:56:49,303 INFO CSMF2.step_1_1_1.run :: [lat] epoch=10 step=200 mean_l2=0.02926 std_l2=0.02065
2026-05-13 23:56:49,713 INFO CSMF2.step_1_1_1.run :: epoch=10 step=200/429 train_nll=-3530.881
2026-05-13 23:57:34,548 INFO CSMF2.step_1_1_1.run :: [h] epoch=10 step=250 total=0.04144 batch=0.04075
2026-05-13 23:57:34,548 INFO CSMF2.step_1_1_1.run :: [lat] epoch=10 step=250 mean_l2=0.03308 std_l2=0.02137
2026-05-13 23:57:34,958 INFO CSMF2.step_1_1_1.run :: epoch=10 step=250/429 train_nll=-3529.747
2026-05-13 23:58:19,541 INFO CSMF2.step_1_1_1.run :: [h] epoch=10 step=300 total=0.04297 batch=0.04248
2026-05-13 23:58:19,541 INFO CSMF2.step_1_1_1.run :: [lat] epoch=10 step=300 mean_l2=0.05071 std_l2=0.04411
2026-05-13 23:58:19,958 INFO CSMF2.step_1_1_1.run :: epoch=10 step=300/429 train_nll=-3527.635
2026-05-13 23:59:04,336 INFO CSMF2.step_1_1_1.run :: [h] epoch=10 step=350 total=0.04365 batch=0.04318
2026-05-13 23:59:04,336 INFO CSMF2.step_1_1_1.run :: [lat] epoch=10 step=350 mean_l2=0.03868 std_l2=0.02540
2026-05-13 23:59:04,754 INFO CSMF2.step_1_1_1.run :: epoch=10 step=350/429 train_nll=-3530.190
2026-05-13 23:59:49,005 INFO CSMF2.step_1_1_1.run :: [h] epoch=10 step=400 total=0.04357 batch=0.04304
2026-05-13 23:59:49,006 INFO CSMF2.step_1_1_1.run :: [lat] epoch=10 step=400 mean_l2=0.07436 std_l2=0.02528
2026-05-13 23:59:49,420 INFO CSMF2.step_1_1_1.run :: epoch=10 step=400/429 train_nll=-3532.256
2026-05-14 00:00:25,823 INFO CSMF2.step_1_1_1.run :: epoch=10  train_nll=-3532.663  val_nll=-3537.125  t=396.6s
2026-05-14 00:00:25,824 INFO CSMF2.step_1_1_1.run :: [glow] film_gain mean=0.2841 min=0.2688 max=0.3086
2026-05-14 00:00:25,824 INFO CSMF2.step_1_1_1.run :: [shuffle] gap_mean=10.404 hinge=0.0000 lambda=1.000 margin=0.50
2026-05-14 00:00:25,824 INFO CSMF2.step_1_1_1.run :: [h_std] total=0.04183 batch=0.04118 penalty=0.00882 target=0.0500 mu=10.000
2026-05-14 00:00:25,824 INFO CSMF2.step_1_1_1.run :: [lat_epoch] mean_l2=0.04676 std_l2=0.03049 lambda=1.000
2026-05-14 00:00:25,824 INFO CSMF2.step_1_1_1.run :: [y_resid] alpha=0.1812
2026-05-14 00:00:25,824 INFO CSMF2.step_1_1_1.run :: [grad] cond=14.0006 film_gain=925.0853
2026-05-14 00:01:18,892 INFO CSMF2.step_1_1_1.run :: [h] epoch=11 step=50 total=0.04491 batch=0.04430
2026-05-14 00:01:18,893 INFO CSMF2.step_1_1_1.run :: [lat] epoch=11 step=50 mean_l2=0.06114 std_l2=0.02763
2026-05-14 00:01:19,310 INFO CSMF2.step_1_1_1.run :: epoch=11 step=50/429 train_nll=-3545.774
2026-05-14 00:02:03,688 INFO CSMF2.step_1_1_1.run :: [h] epoch=11 step=100 total=0.04702 batch=0.03926
2026-05-14 00:02:03,689 INFO CSMF2.step_1_1_1.run :: [lat] epoch=11 step=100 mean_l2=0.08080 std_l2=0.06494
2026-05-14 00:02:04,139 INFO CSMF2.step_1_1_1.run :: epoch=11 step=100/429 train_nll=-3517.628
2026-05-14 00:02:48,382 INFO CSMF2.step_1_1_1.run :: [h] epoch=11 step=150 total=0.04218 batch=0.04115
2026-05-14 00:02:48,383 INFO CSMF2.step_1_1_1.run :: [lat] epoch=11 step=150 mean_l2=0.03950 std_l2=0.02403
2026-05-14 00:02:48,799 INFO CSMF2.step_1_1_1.run :: epoch=11 step=150/429 train_nll=-3518.186
2026-05-14 00:03:33,402 INFO CSMF2.step_1_1_1.run :: [h] epoch=11 step=200 total=0.04306 batch=0.04205
2026-05-14 00:03:33,403 INFO CSMF2.step_1_1_1.run :: [lat] epoch=11 step=200 mean_l2=0.03436 std_l2=0.02475
2026-05-14 00:03:33,851 INFO CSMF2.step_1_1_1.run :: epoch=11 step=200/429 train_nll=-3520.713
2026-05-14 00:04:18,365 INFO CSMF2.step_1_1_1.run :: [h] epoch=11 step=250 total=0.04249 batch=0.04198
2026-05-14 00:04:18,365 INFO CSMF2.step_1_1_1.run :: [lat] epoch=11 step=250 mean_l2=0.03506 std_l2=0.02492
2026-05-14 00:04:18,780 INFO CSMF2.step_1_1_1.run :: epoch=11 step=250/429 train_nll=-3526.128
2026-05-14 00:05:03,308 INFO CSMF2.step_1_1_1.run :: [h] epoch=11 step=300 total=0.04548 batch=0.04483
2026-05-14 00:05:03,308 INFO CSMF2.step_1_1_1.run :: [lat] epoch=11 step=300 mean_l2=0.03196 std_l2=0.02556
2026-05-14 00:05:03,720 INFO CSMF2.step_1_1_1.run :: epoch=11 step=300/429 train_nll=-3528.084
2026-05-14 00:05:48,410 INFO CSMF2.step_1_1_1.run :: [h] epoch=11 step=350 total=0.04300 batch=0.04237
2026-05-14 00:05:48,410 INFO CSMF2.step_1_1_1.run :: [lat] epoch=11 step=350 mean_l2=0.02853 std_l2=0.03846
2026-05-14 00:05:48,823 INFO CSMF2.step_1_1_1.run :: epoch=11 step=350/429 train_nll=-3526.007
2026-05-14 00:06:33,143 INFO CSMF2.step_1_1_1.run :: [h] epoch=11 step=400 total=0.04365 batch=0.04318
2026-05-14 00:06:33,144 INFO CSMF2.step_1_1_1.run :: [lat] epoch=11 step=400 mean_l2=0.02470 std_l2=0.01727
2026-05-14 00:06:33,596 INFO CSMF2.step_1_1_1.run :: epoch=11 step=400/429 train_nll=-3526.912
2026-05-14 00:07:09,656 INFO CSMF2.step_1_1_1.run :: epoch=11  train_nll=-3528.821  val_nll=-3564.689  t=395.0s
2026-05-14 00:07:09,656 INFO CSMF2.step_1_1_1.run :: [glow] film_gain mean=0.2819 min=0.2675 max=0.3065
2026-05-14 00:07:09,656 INFO CSMF2.step_1_1_1.run :: [shuffle] gap_mean=9.777 hinge=0.0000 lambda=1.000 margin=0.50
2026-05-14 00:07:09,656 INFO CSMF2.step_1_1_1.run :: [h_std] total=0.04348 batch=0.04250 penalty=0.00750 target=0.0500 mu=10.000
2026-05-14 00:07:09,656 INFO CSMF2.step_1_1_1.run :: [lat_epoch] mean_l2=0.05028 std_l2=0.03390 lambda=1.000
2026-05-14 00:07:09,656 INFO CSMF2.step_1_1_1.run :: [y_resid] alpha=0.1709
2026-05-14 00:07:09,656 INFO CSMF2.step_1_1_1.run :: [grad] cond=10.5085 film_gain=801.6492
2026-05-14 00:08:01,561 INFO CSMF2.step_1_1_1.run :: [h] epoch=12 step=50 total=0.04318 batch=0.04264
2026-05-14 00:08:01,561 INFO CSMF2.step_1_1_1.run :: [lat] epoch=12 step=50 mean_l2=0.03789 std_l2=0.02373
2026-05-14 00:08:01,971 INFO CSMF2.step_1_1_1.run :: epoch=12 step=50/429 train_nll=-3515.993
2026-05-14 00:08:46,522 INFO CSMF2.step_1_1_1.run :: [h] epoch=12 step=100 total=0.04790 batch=0.04696
2026-05-14 00:08:46,522 INFO CSMF2.step_1_1_1.run :: [lat] epoch=12 step=100 mean_l2=0.04422 std_l2=0.03921
2026-05-14 00:08:46,939 INFO CSMF2.step_1_1_1.run :: epoch=12 step=100/429 train_nll=-3520.080
2026-05-14 00:09:31,360 INFO CSMF2.step_1_1_1.run :: [h] epoch=12 step=150 total=0.04345 batch=0.04290
2026-05-14 00:09:31,361 INFO CSMF2.step_1_1_1.run :: [lat] epoch=12 step=150 mean_l2=0.10904 std_l2=0.02471
2026-05-14 00:09:31,809 INFO CSMF2.step_1_1_1.run :: epoch=12 step=150/429 train_nll=-3531.285
2026-05-14 00:10:16,098 INFO CSMF2.step_1_1_1.run :: [h] epoch=12 step=200 total=0.04529 batch=0.04456
2026-05-14 00:10:16,098 INFO CSMF2.step_1_1_1.run :: [lat] epoch=12 step=200 mean_l2=0.05419 std_l2=0.02475
2026-05-14 00:10:16,509 INFO CSMF2.step_1_1_1.run :: epoch=12 step=200/429 train_nll=-3528.454
2026-05-14 00:11:01,131 INFO CSMF2.step_1_1_1.run :: [h] epoch=12 step=250 total=0.04481 batch=0.04440
2026-05-14 00:11:01,132 INFO CSMF2.step_1_1_1.run :: [lat] epoch=12 step=250 mean_l2=0.06146 std_l2=0.02440
2026-05-14 00:11:01,546 INFO CSMF2.step_1_1_1.run :: epoch=12 step=250/429 train_nll=-3533.364
2026-05-14 00:11:45,759 INFO CSMF2.step_1_1_1.run :: [h] epoch=12 step=300 total=0.04498 batch=0.04459
2026-05-14 00:11:45,760 INFO CSMF2.step_1_1_1.run :: [lat] epoch=12 step=300 mean_l2=0.02890 std_l2=0.02426
2026-05-14 00:11:46,177 INFO CSMF2.step_1_1_1.run :: epoch=12 step=300/429 train_nll=-3534.280
2026-05-14 00:12:30,614 INFO CSMF2.step_1_1_1.run :: [h] epoch=12 step=350 total=0.04596 batch=0.04466
2026-05-14 00:12:30,615 INFO CSMF2.step_1_1_1.run :: [lat] epoch=12 step=350 mean_l2=0.07381 std_l2=0.05317
2026-05-14 00:12:31,061 INFO CSMF2.step_1_1_1.run :: epoch=12 step=350/429 train_nll=-3533.452
2026-05-14 00:13:15,641 INFO CSMF2.step_1_1_1.run :: [h] epoch=12 step=400 total=0.04494 batch=0.04423
2026-05-14 00:13:15,642 INFO CSMF2.step_1_1_1.run :: [lat] epoch=12 step=400 mean_l2=0.04987 std_l2=0.02604
2026-05-14 00:13:16,092 INFO CSMF2.step_1_1_1.run :: epoch=12 step=400/429 train_nll=-3533.302
2026-05-14 00:13:52,318 INFO CSMF2.step_1_1_1.run :: epoch=12  train_nll=-3533.686  val_nll=-3501.717  t=394.8s
2026-05-14 00:13:52,318 INFO CSMF2.step_1_1_1.run :: [glow] film_gain mean=0.2793 min=0.2661 max=0.3009
2026-05-14 00:13:52,318 INFO CSMF2.step_1_1_1.run :: [shuffle] gap_mean=10.922 hinge=0.0000 lambda=1.000 margin=0.50
2026-05-14 00:13:52,318 INFO CSMF2.step_1_1_1.run :: [h_std] total=0.04546 batch=0.04476 penalty=0.00524 target=0.0500 mu=10.000
2026-05-14 00:13:52,318 INFO CSMF2.step_1_1_1.run :: [lat_epoch] mean_l2=0.04737 std_l2=0.07006 lambda=1.000
2026-05-14 00:13:52,318 INFO CSMF2.step_1_1_1.run :: [y_resid] alpha=0.1705
2026-05-14 00:13:52,318 INFO CSMF2.step_1_1_1.run :: [grad] cond=46.0047 film_gain=999.1454
2026-05-14 00:14:45,296 INFO CSMF2.step_1_1_1.run :: [h] epoch=13 step=50 total=0.04599 batch=0.04417
2026-05-14 00:14:45,296 INFO CSMF2.step_1_1_1.run :: [lat] epoch=13 step=50 mean_l2=0.05267 std_l2=0.03652
2026-05-14 00:14:45,706 INFO CSMF2.step_1_1_1.run :: epoch=13 step=50/429 train_nll=-3512.573
2026-05-14 00:15:29,968 INFO CSMF2.step_1_1_1.run :: [h] epoch=13 step=100 total=0.04467 batch=0.04384
2026-05-14 00:15:29,969 INFO CSMF2.step_1_1_1.run :: [lat] epoch=13 step=100 mean_l2=0.03570 std_l2=0.02042
2026-05-14 00:15:30,416 INFO CSMF2.step_1_1_1.run :: epoch=13 step=100/429 train_nll=-3533.428
2026-05-14 00:16:14,871 INFO CSMF2.step_1_1_1.run :: [h] epoch=13 step=150 total=0.04662 batch=0.04607
2026-05-14 00:16:14,872 INFO CSMF2.step_1_1_1.run :: [lat] epoch=13 step=150 mean_l2=0.03299 std_l2=0.02512
2026-05-14 00:16:15,320 INFO CSMF2.step_1_1_1.run :: epoch=13 step=150/429 train_nll=-3544.076
2026-05-14 00:17:00,160 INFO CSMF2.step_1_1_1.run :: [h] epoch=13 step=200 total=0.04870 batch=0.04801
2026-05-14 00:17:00,161 INFO CSMF2.step_1_1_1.run :: [lat] epoch=13 step=200 mean_l2=0.05683 std_l2=0.02222
2026-05-14 00:17:00,571 INFO CSMF2.step_1_1_1.run :: epoch=13 step=200/429 train_nll=-3545.785
2026-05-14 00:17:44,720 INFO CSMF2.step_1_1_1.run :: [h] epoch=13 step=250 total=0.04619 batch=0.04581
2026-05-14 00:17:44,721 INFO CSMF2.step_1_1_1.run :: [lat] epoch=13 step=250 mean_l2=0.11592 std_l2=0.05811
2026-05-14 00:17:45,143 INFO CSMF2.step_1_1_1.run :: epoch=13 step=250/429 train_nll=-3542.693
2026-05-14 00:18:29,666 INFO CSMF2.step_1_1_1.run :: [h] epoch=13 step=300 total=0.04715 batch=0.04646
2026-05-14 00:18:29,667 INFO CSMF2.step_1_1_1.run :: [lat] epoch=13 step=300 mean_l2=0.05524 std_l2=0.10762
2026-05-14 00:18:30,076 INFO CSMF2.step_1_1_1.run :: epoch=13 step=300/429 train_nll=-3542.445
2026-05-14 00:19:14,673 INFO CSMF2.step_1_1_1.run :: [h] epoch=13 step=350 total=0.04908 batch=0.04784
2026-05-14 00:19:14,674 INFO CSMF2.step_1_1_1.run :: [lat] epoch=13 step=350 mean_l2=0.06808 std_l2=0.02883
2026-05-14 00:19:15,123 INFO CSMF2.step_1_1_1.run :: epoch=13 step=350/429 train_nll=-3542.067
2026-05-14 00:19:59,890 INFO CSMF2.step_1_1_1.run :: [h] epoch=13 step=400 total=0.04784 batch=0.04715
2026-05-14 00:19:59,890 INFO CSMF2.step_1_1_1.run :: [lat] epoch=13 step=400 mean_l2=0.03334 std_l2=0.01773
2026-05-14 00:20:00,299 INFO CSMF2.step_1_1_1.run :: epoch=13 step=400/429 train_nll=-3543.173
2026-05-14 00:20:36,498 INFO CSMF2.step_1_1_1.run :: epoch=13  train_nll=-3544.749  val_nll=-3570.329  t=395.4s
2026-05-14 00:20:36,499 INFO CSMF2.step_1_1_1.run :: [glow] film_gain mean=0.2780 min=0.2645 max=0.3003
2026-05-14 00:20:36,499 INFO CSMF2.step_1_1_1.run :: [shuffle] gap_mean=11.798 hinge=0.0000 lambda=1.000 margin=0.50
2026-05-14 00:20:36,499 INFO CSMF2.step_1_1_1.run :: [h_std] total=0.04743 batch=0.04643 penalty=0.00358 target=0.0500 mu=10.000
2026-05-14 00:20:36,499 INFO CSMF2.step_1_1_1.run :: [lat_epoch] mean_l2=0.04668 std_l2=0.03221 lambda=1.000
2026-05-14 00:20:36,499 INFO CSMF2.step_1_1_1.run :: [y_resid] alpha=0.1685
2026-05-14 00:20:36,499 INFO CSMF2.step_1_1_1.run :: [grad] cond=36.3344 film_gain=562.9450
2026-05-14 00:21:29,310 INFO CSMF2.step_1_1_1.run :: [h] epoch=14 step=50 total=0.04653 batch=0.04569
2026-05-14 00:21:29,310 INFO CSMF2.step_1_1_1.run :: [lat] epoch=14 step=50 mean_l2=0.03987 std_l2=0.05506
2026-05-14 00:21:29,720 INFO CSMF2.step_1_1_1.run :: epoch=14 step=50/429 train_nll=-3564.150
2026-05-14 00:22:14,739 INFO CSMF2.step_1_1_1.run :: [h] epoch=14 step=100 total=0.04919 batch=0.04858
2026-05-14 00:22:14,740 INFO CSMF2.step_1_1_1.run :: [lat] epoch=14 step=100 mean_l2=0.06284 std_l2=0.02685
2026-05-14 00:22:15,188 INFO CSMF2.step_1_1_1.run :: epoch=14 step=100/429 train_nll=-3553.516
2026-05-14 00:22:59,914 INFO CSMF2.step_1_1_1.run :: [h] epoch=14 step=150 total=0.04678 batch=0.04628
2026-05-14 00:22:59,914 INFO CSMF2.step_1_1_1.run :: [lat] epoch=14 step=150 mean_l2=0.04546 std_l2=0.03783
2026-05-14 00:23:00,362 INFO CSMF2.step_1_1_1.run :: epoch=14 step=150/429 train_nll=-3550.887
2026-05-14 00:23:44,633 INFO CSMF2.step_1_1_1.run :: [h] epoch=14 step=200 total=0.05011 batch=0.04984
2026-05-14 00:23:44,633 INFO CSMF2.step_1_1_1.run :: [lat] epoch=14 step=200 mean_l2=0.02209 std_l2=0.03809
2026-05-14 00:23:45,050 INFO CSMF2.step_1_1_1.run :: epoch=14 step=200/429 train_nll=-3551.862
2026-05-14 00:24:29,377 INFO CSMF2.step_1_1_1.run :: [h] epoch=14 step=250 total=0.05009 batch=0.04929
2026-05-14 00:24:29,377 INFO CSMF2.step_1_1_1.run :: [lat] epoch=14 step=250 mean_l2=0.08344 std_l2=0.05788
2026-05-14 00:24:29,826 INFO CSMF2.step_1_1_1.run :: epoch=14 step=250/429 train_nll=-3551.073
2026-05-14 00:25:13,981 INFO CSMF2.step_1_1_1.run :: [h] epoch=14 step=300 total=0.04813 batch=0.04778
2026-05-14 00:25:13,982 INFO CSMF2.step_1_1_1.run :: [lat] epoch=14 step=300 mean_l2=0.03144 std_l2=0.02175
2026-05-14 00:25:14,399 INFO CSMF2.step_1_1_1.run :: epoch=14 step=300/429 train_nll=-3550.838
2026-05-14 00:25:58,812 INFO CSMF2.step_1_1_1.run :: [h] epoch=14 step=350 total=0.04977 batch=0.04879
2026-05-14 00:25:58,812 INFO CSMF2.step_1_1_1.run :: [lat] epoch=14 step=350 mean_l2=0.02654 std_l2=0.02125
2026-05-14 00:25:59,222 INFO CSMF2.step_1_1_1.run :: epoch=14 step=350/429 train_nll=-3548.740
2026-05-14 00:26:43,980 INFO CSMF2.step_1_1_1.run :: [h] epoch=14 step=400 total=0.04822 batch=0.04763
2026-05-14 00:26:43,981 INFO CSMF2.step_1_1_1.run :: [lat] epoch=14 step=400 mean_l2=0.03381 std_l2=0.03702
2026-05-14 00:26:44,428 INFO CSMF2.step_1_1_1.run :: epoch=14 step=400/429 train_nll=-3549.581
2026-05-14 00:27:20,408 INFO CSMF2.step_1_1_1.run :: epoch=14  train_nll=-3550.834  val_nll=-3555.160  t=396.0s
2026-05-14 00:27:20,408 INFO CSMF2.step_1_1_1.run :: [glow] film_gain mean=0.2760 min=0.2634 max=0.2973
2026-05-14 00:27:20,408 INFO CSMF2.step_1_1_1.run :: [shuffle] gap_mean=12.659 hinge=0.0025 lambda=1.000 margin=0.50
2026-05-14 00:27:20,408 INFO CSMF2.step_1_1_1.run :: [h_std] total=0.04878 batch=0.04807 penalty=0.00200 target=0.0500 mu=10.000
2026-05-14 00:27:20,408 INFO CSMF2.step_1_1_1.run :: [lat_epoch] mean_l2=0.04443 std_l2=0.03380 lambda=1.000
2026-05-14 00:27:20,408 INFO CSMF2.step_1_1_1.run :: [y_resid] alpha=0.1697
2026-05-14 00:27:20,408 INFO CSMF2.step_1_1_1.run :: [grad] cond=41.6036 film_gain=1499.3349
2026-05-14 00:28:12,926 INFO CSMF2.step_1_1_1.run :: [h] epoch=15 step=50 total=0.04828 batch=0.04770
2026-05-14 00:28:12,927 INFO CSMF2.step_1_1_1.run :: [lat] epoch=15 step=50 mean_l2=0.05771 std_l2=0.02771
2026-05-14 00:28:13,375 INFO CSMF2.step_1_1_1.run :: epoch=15 step=50/429 train_nll=-3569.640
2026-05-14 00:28:58,059 INFO CSMF2.step_1_1_1.run :: [h] epoch=15 step=100 total=0.05152 batch=0.05103
2026-05-14 00:28:58,059 INFO CSMF2.step_1_1_1.run :: [lat] epoch=15 step=100 mean_l2=0.03025 std_l2=0.02267
2026-05-14 00:28:58,469 INFO CSMF2.step_1_1_1.run :: epoch=15 step=100/429 train_nll=-3563.464
2026-05-14 00:29:42,797 INFO CSMF2.step_1_1_1.run :: [h] epoch=15 step=150 total=0.05133 batch=0.05087
2026-05-14 00:29:42,798 INFO CSMF2.step_1_1_1.run :: [lat] epoch=15 step=150 mean_l2=0.02803 std_l2=0.03485
2026-05-14 00:29:43,210 INFO CSMF2.step_1_1_1.run :: epoch=15 step=150/429 train_nll=-3565.167
2026-05-14 00:30:28,016 INFO CSMF2.step_1_1_1.run :: [h] epoch=15 step=200 total=0.04998 batch=0.04949
2026-05-14 00:30:28,016 INFO CSMF2.step_1_1_1.run :: [lat] epoch=15 step=200 mean_l2=0.04285 std_l2=0.02838
2026-05-14 00:30:28,434 INFO CSMF2.step_1_1_1.run :: epoch=15 step=200/429 train_nll=-3566.542
2026-05-14 00:31:13,180 INFO CSMF2.step_1_1_1.run :: [h] epoch=15 step=250 total=0.04918 batch=0.04876
2026-05-14 00:31:13,181 INFO CSMF2.step_1_1_1.run :: [lat] epoch=15 step=250 mean_l2=0.04464 std_l2=0.04599
2026-05-14 00:31:13,632 INFO CSMF2.step_1_1_1.run :: epoch=15 step=250/429 train_nll=-3562.052
2026-05-14 00:31:58,214 INFO CSMF2.step_1_1_1.run :: [h] epoch=15 step=300 total=0.05084 batch=0.05021
2026-05-14 00:31:58,214 INFO CSMF2.step_1_1_1.run :: [lat] epoch=15 step=300 mean_l2=0.12681 std_l2=0.56849
2026-05-14 00:31:58,659 INFO CSMF2.step_1_1_1.run :: epoch=15 step=300/429 train_nll=-3561.827
2026-05-14 00:32:43,080 INFO CSMF2.step_1_1_1.run :: [h] epoch=15 step=350 total=0.04831 batch=0.04774
2026-05-14 00:32:43,080 INFO CSMF2.step_1_1_1.run :: [lat] epoch=15 step=350 mean_l2=0.03921 std_l2=0.02722
2026-05-14 00:32:43,498 INFO CSMF2.step_1_1_1.run :: epoch=15 step=350/429 train_nll=-3558.948
2026-05-14 00:33:27,923 INFO CSMF2.step_1_1_1.run :: [h] epoch=15 step=400 total=0.04899 batch=0.04842
2026-05-14 00:33:27,925 INFO CSMF2.step_1_1_1.run :: [lat] epoch=15 step=400 mean_l2=0.03496 std_l2=0.02590
2026-05-14 00:33:28,346 INFO CSMF2.step_1_1_1.run :: epoch=15 step=400/429 train_nll=-3559.704
2026-05-14 00:34:04,380 INFO CSMF2.step_1_1_1.run :: epoch=15  train_nll=-3560.286  val_nll=-3558.782  t=396.1s
2026-05-14 00:34:04,380 INFO CSMF2.step_1_1_1.run :: [glow] film_gain mean=0.2748 min=0.2621 max=0.2963
2026-05-14 00:34:04,380 INFO CSMF2.step_1_1_1.run :: [shuffle] gap_mean=13.310 hinge=0.0000 lambda=1.000 margin=0.50
2026-05-14 00:34:04,380 INFO CSMF2.step_1_1_1.run :: [h_std] total=0.05018 batch=0.04957 penalty=0.00077 target=0.0500 mu=10.000
2026-05-14 00:34:04,380 INFO CSMF2.step_1_1_1.run :: [lat_epoch] mean_l2=0.04240 std_l2=0.03119 lambda=1.000
2026-05-14 00:34:04,380 INFO CSMF2.step_1_1_1.run :: [y_resid] alpha=0.1700
2026-05-14 00:34:04,380 INFO CSMF2.step_1_1_1.run :: [grad] cond=59.2119 film_gain=472.1721
2026-05-14 00:34:58,340 INFO CSMF2.step_1_1_1.run :: [h] epoch=16 step=50 total=0.04974 batch=0.04921
2026-05-14 00:34:58,341 INFO CSMF2.step_1_1_1.run :: [lat] epoch=16 step=50 mean_l2=0.03529 std_l2=0.02400
2026-05-14 00:34:58,750 INFO CSMF2.step_1_1_1.run :: epoch=16 step=50/429 train_nll=-3538.000
2026-05-14 00:35:43,194 INFO CSMF2.step_1_1_1.run :: [h] epoch=16 step=100 total=0.04833 batch=0.04760
2026-05-14 00:35:43,195 INFO CSMF2.step_1_1_1.run :: [lat] epoch=16 step=100 mean_l2=0.04847 std_l2=0.02800
2026-05-14 00:35:43,644 INFO CSMF2.step_1_1_1.run :: epoch=16 step=100/429 train_nll=-3544.033
2026-05-14 00:36:27,838 INFO CSMF2.step_1_1_1.run :: [h] epoch=16 step=150 total=0.05084 batch=0.05021
2026-05-14 00:36:27,839 INFO CSMF2.step_1_1_1.run :: [lat] epoch=16 step=150 mean_l2=0.02881 std_l2=0.03548
2026-05-14 00:36:28,256 INFO CSMF2.step_1_1_1.run :: epoch=16 step=150/429 train_nll=-3548.338
2026-05-14 00:37:12,864 INFO CSMF2.step_1_1_1.run :: [h] epoch=16 step=200 total=0.05036 batch=0.04983
2026-05-14 00:37:12,865 INFO CSMF2.step_1_1_1.run :: [lat] epoch=16 step=200 mean_l2=0.02676 std_l2=0.02971
2026-05-14 00:37:13,315 INFO CSMF2.step_1_1_1.run :: epoch=16 step=200/429 train_nll=-3551.277
2026-05-14 00:37:58,001 INFO CSMF2.step_1_1_1.run :: [h] epoch=16 step=250 total=0.05005 batch=0.04748
2026-05-14 00:37:58,001 INFO CSMF2.step_1_1_1.run :: [lat] epoch=16 step=250 mean_l2=0.03575 std_l2=0.03226
2026-05-14 00:37:58,406 INFO CSMF2.step_1_1_1.run :: epoch=16 step=250/429 train_nll=-3538.315
2026-05-14 00:38:43,063 INFO CSMF2.step_1_1_1.run :: [h] epoch=16 step=300 total=0.04397 batch=0.04339
2026-05-14 00:38:43,064 INFO CSMF2.step_1_1_1.run :: [lat] epoch=16 step=300 mean_l2=0.04422 std_l2=0.02557
2026-05-14 00:38:43,474 INFO CSMF2.step_1_1_1.run :: epoch=16 step=300/429 train_nll=-3542.832
2026-05-14 00:39:27,879 INFO CSMF2.step_1_1_1.run :: [h] epoch=16 step=350 total=0.04529 batch=0.04494
2026-05-14 00:39:27,880 INFO CSMF2.step_1_1_1.run :: [lat] epoch=16 step=350 mean_l2=0.05041 std_l2=0.02134
2026-05-14 00:39:28,290 INFO CSMF2.step_1_1_1.run :: epoch=16 step=350/429 train_nll=-3546.784
2026-05-14 00:40:12,521 INFO CSMF2.step_1_1_1.run :: [h] epoch=16 step=400 total=0.04553 batch=0.04511
2026-05-14 00:40:12,522 INFO CSMF2.step_1_1_1.run :: [lat] epoch=16 step=400 mean_l2=0.03240 std_l2=0.02312
2026-05-14 00:40:12,932 INFO CSMF2.step_1_1_1.run :: epoch=16 step=400/429 train_nll=-3551.650
2026-05-14 00:40:49,193 INFO CSMF2.step_1_1_1.run :: epoch=16  train_nll=-3553.658  val_nll=-3580.654  t=395.9s
2026-05-14 00:40:49,193 INFO CSMF2.step_1_1_1.run :: [glow] film_gain mean=0.2725 min=0.2606 max=0.2931
2026-05-14 00:40:49,194 INFO CSMF2.step_1_1_1.run :: [shuffle] gap_mean=13.094 hinge=0.0000 lambda=1.000 margin=0.50
2026-05-14 00:40:49,194 INFO CSMF2.step_1_1_1.run :: [h_std] total=0.04907 batch=0.04817 penalty=0.00198 target=0.0500 mu=10.000
2026-05-14 00:40:49,194 INFO CSMF2.step_1_1_1.run :: [lat_epoch] mean_l2=0.04368 std_l2=0.03105 lambda=1.000
2026-05-14 00:40:49,194 INFO CSMF2.step_1_1_1.run :: [y_resid] alpha=0.1634
2026-05-14 00:40:49,194 INFO CSMF2.step_1_1_1.run :: [grad] cond=13.4402 film_gain=898.7620
2026-05-14 00:41:41,549 INFO CSMF2.step_1_1_1.run :: [h] epoch=17 step=50 total=0.04794 batch=0.04750
2026-05-14 00:41:41,550 INFO CSMF2.step_1_1_1.run :: [lat] epoch=17 step=50 mean_l2=0.02857 std_l2=0.02877
2026-05-14 00:41:41,998 INFO CSMF2.step_1_1_1.run :: epoch=17 step=50/429 train_nll=-3570.455
2026-05-14 00:42:26,344 INFO CSMF2.step_1_1_1.run :: [h] epoch=17 step=100 total=0.04809 batch=0.04697
2026-05-14 00:42:26,345 INFO CSMF2.step_1_1_1.run :: [lat] epoch=17 step=100 mean_l2=0.03782 std_l2=0.02620
2026-05-14 00:42:26,755 INFO CSMF2.step_1_1_1.run :: epoch=17 step=100/429 train_nll=-3565.454
2026-05-14 00:43:11,174 INFO CSMF2.step_1_1_1.run :: [h] epoch=17 step=150 total=0.05048 batch=0.04998
2026-05-14 00:43:11,174 INFO CSMF2.step_1_1_1.run :: [lat] epoch=17 step=150 mean_l2=0.04853 std_l2=0.02348
2026-05-14 00:43:11,585 INFO CSMF2.step_1_1_1.run :: epoch=17 step=150/429 train_nll=-3566.580
2026-05-14 00:43:55,883 INFO CSMF2.step_1_1_1.run :: [h] epoch=17 step=200 total=0.05122 batch=0.05076
2026-05-14 00:43:55,884 INFO CSMF2.step_1_1_1.run :: [lat] epoch=17 step=200 mean_l2=0.02804 std_l2=0.02851
2026-05-14 00:43:56,332 INFO CSMF2.step_1_1_1.run :: epoch=17 step=200/429 train_nll=-3568.365
2026-05-14 00:44:41,458 INFO CSMF2.step_1_1_1.run :: [h] epoch=17 step=250 total=0.04807 batch=0.04778
2026-05-14 00:44:41,458 INFO CSMF2.step_1_1_1.run :: [lat] epoch=17 step=250 mean_l2=0.04529 std_l2=0.02355
2026-05-14 00:44:41,871 INFO CSMF2.step_1_1_1.run :: epoch=17 step=250/429 train_nll=-3570.406
2026-05-14 00:45:26,156 INFO CSMF2.step_1_1_1.run :: [h] epoch=17 step=300 total=0.05054 batch=0.05005
2026-05-14 00:45:26,156 INFO CSMF2.step_1_1_1.run :: [lat] epoch=17 step=300 mean_l2=0.03287 std_l2=0.02623
2026-05-14 00:45:26,611 INFO CSMF2.step_1_1_1.run :: epoch=17 step=300/429 train_nll=-3570.231
2026-05-14 00:46:11,133 INFO CSMF2.step_1_1_1.run :: [h] epoch=17 step=350 total=0.04967 batch=0.04920
2026-05-14 00:46:11,134 INFO CSMF2.step_1_1_1.run :: [lat] epoch=17 step=350 mean_l2=0.03479 std_l2=0.02788
2026-05-14 00:46:11,583 INFO CSMF2.step_1_1_1.run :: epoch=17 step=350/429 train_nll=-3567.151
2026-05-14 00:46:56,235 INFO CSMF2.step_1_1_1.run :: [h] epoch=17 step=400 total=0.04937 batch=0.04903
2026-05-14 00:46:56,237 INFO CSMF2.step_1_1_1.run :: [lat] epoch=17 step=400 mean_l2=0.03820 std_l2=0.02438
2026-05-14 00:46:56,659 INFO CSMF2.step_1_1_1.run :: epoch=17 step=400/429 train_nll=-3569.258
2026-05-14 00:47:33,147 INFO CSMF2.step_1_1_1.run :: epoch=17  train_nll=-3570.331  val_nll=-3594.139  t=396.0s
2026-05-14 00:47:33,147 INFO CSMF2.step_1_1_1.run :: [glow] film_gain mean=0.2712 min=0.2594 max=0.2915
2026-05-14 00:47:33,147 INFO CSMF2.step_1_1_1.run :: [shuffle] gap_mean=14.344 hinge=0.0000 lambda=1.000 margin=0.50
2026-05-14 00:47:33,147 INFO CSMF2.step_1_1_1.run :: [h_std] total=0.04960 batch=0.04900 penalty=0.00120 target=0.0500 mu=10.000
2026-05-14 00:47:33,147 INFO CSMF2.step_1_1_1.run :: [lat_epoch] mean_l2=0.04224 std_l2=0.02942 lambda=1.000
2026-05-14 00:47:33,147 INFO CSMF2.step_1_1_1.run :: [y_resid] alpha=0.1657
2026-05-14 00:47:33,147 INFO CSMF2.step_1_1_1.run :: [grad] cond=27.3117 film_gain=797.5890
2026-05-14 00:48:25,664 INFO CSMF2.step_1_1_1.run :: [h] epoch=18 step=50 total=0.05122 batch=0.05074
2026-05-14 00:48:25,664 INFO CSMF2.step_1_1_1.run :: [lat] epoch=18 step=50 mean_l2=0.03410 std_l2=0.02330
2026-05-14 00:48:26,074 INFO CSMF2.step_1_1_1.run :: epoch=18 step=50/429 train_nll=-3583.176
2026-05-14 00:49:10,718 INFO CSMF2.step_1_1_1.run :: [h] epoch=18 step=100 total=0.05247 batch=0.05186
2026-05-14 00:49:10,719 INFO CSMF2.step_1_1_1.run :: [lat] epoch=18 step=100 mean_l2=0.02339 std_l2=0.02368
2026-05-14 00:49:11,129 INFO CSMF2.step_1_1_1.run :: epoch=18 step=100/429 train_nll=-3588.310
2026-05-14 00:49:55,578 INFO CSMF2.step_1_1_1.run :: [h] epoch=18 step=150 total=0.05203 batch=0.05157
2026-05-14 00:49:55,579 INFO CSMF2.step_1_1_1.run :: [lat] epoch=18 step=150 mean_l2=0.02508 std_l2=0.02041
2026-05-14 00:49:55,990 INFO CSMF2.step_1_1_1.run :: epoch=18 step=150/429 train_nll=-3588.190
2026-05-14 00:50:40,848 INFO CSMF2.step_1_1_1.run :: [h] epoch=18 step=200 total=0.04921 batch=0.04880
2026-05-14 00:50:40,848 INFO CSMF2.step_1_1_1.run :: [lat] epoch=18 step=200 mean_l2=0.04214 std_l2=0.02160
2026-05-14 00:50:41,258 INFO CSMF2.step_1_1_1.run :: epoch=18 step=200/429 train_nll=-3582.095
2026-05-14 00:51:25,713 INFO CSMF2.step_1_1_1.run :: [h] epoch=18 step=250 total=0.05047 batch=0.04992
2026-05-14 00:51:25,713 INFO CSMF2.step_1_1_1.run :: [lat] epoch=18 step=250 mean_l2=0.04285 std_l2=0.01971
2026-05-14 00:51:26,127 INFO CSMF2.step_1_1_1.run :: epoch=18 step=250/429 train_nll=-3580.600
2026-05-14 00:52:11,163 INFO CSMF2.step_1_1_1.run :: [h] epoch=18 step=300 total=0.05113 batch=0.05076
2026-05-14 00:52:11,165 INFO CSMF2.step_1_1_1.run :: [lat] epoch=18 step=300 mean_l2=0.02540 std_l2=0.03295
2026-05-14 00:52:11,579 INFO CSMF2.step_1_1_1.run :: epoch=18 step=300/429 train_nll=-3581.738
2026-05-14 00:52:56,042 INFO CSMF2.step_1_1_1.run :: [h] epoch=18 step=350 total=0.05206 batch=0.05130
2026-05-14 00:52:56,044 INFO CSMF2.step_1_1_1.run :: [lat] epoch=18 step=350 mean_l2=0.04523 std_l2=0.02146
2026-05-14 00:52:56,457 INFO CSMF2.step_1_1_1.run :: epoch=18 step=350/429 train_nll=-3579.749
2026-05-14 00:53:40,850 INFO CSMF2.step_1_1_1.run :: [h] epoch=18 step=400 total=0.05176 batch=0.05131
2026-05-14 00:53:40,850 INFO CSMF2.step_1_1_1.run :: [lat] epoch=18 step=400 mean_l2=0.04173 std_l2=0.03046
2026-05-14 00:53:41,260 INFO CSMF2.step_1_1_1.run :: epoch=18 step=400/429 train_nll=-3579.511
2026-05-14 00:54:17,172 INFO CSMF2.step_1_1_1.run :: epoch=18  train_nll=-3578.958  val_nll=-3549.835  t=396.1s
2026-05-14 00:54:17,172 INFO CSMF2.step_1_1_1.run :: [glow] film_gain mean=0.2692 min=0.2583 max=0.2877
2026-05-14 00:54:17,172 INFO CSMF2.step_1_1_1.run :: [shuffle] gap_mean=14.953 hinge=0.0000 lambda=1.000 margin=0.50
2026-05-14 00:54:17,172 INFO CSMF2.step_1_1_1.run :: [h_std] total=0.05055 batch=0.05002 penalty=0.00050 target=0.0500 mu=10.000
2026-05-14 00:54:17,172 INFO CSMF2.step_1_1_1.run :: [lat_epoch] mean_l2=0.03800 std_l2=0.02919 lambda=1.000
2026-05-14 00:54:17,172 INFO CSMF2.step_1_1_1.run :: [y_resid] alpha=0.1670
2026-05-14 00:54:17,172 INFO CSMF2.step_1_1_1.run :: [grad] cond=144.8270 film_gain=700.0327
2026-05-14 00:55:09,893 INFO CSMF2.step_1_1_1.run :: [h] epoch=19 step=50 total=0.04989 batch=0.04941
2026-05-14 00:55:09,894 INFO CSMF2.step_1_1_1.run :: [lat] epoch=19 step=50 mean_l2=0.03615 std_l2=0.03004
2026-05-14 00:55:10,300 INFO CSMF2.step_1_1_1.run :: epoch=19 step=50/429 train_nll=-3566.890
2026-05-14 00:55:54,738 INFO CSMF2.step_1_1_1.run :: [h] epoch=19 step=100 total=0.05198 batch=0.05102
2026-05-14 00:55:54,739 INFO CSMF2.step_1_1_1.run :: [lat] epoch=19 step=100 mean_l2=0.02878 std_l2=0.02123
2026-05-14 00:55:55,148 INFO CSMF2.step_1_1_1.run :: epoch=19 step=100/429 train_nll=-3563.710
2026-05-14 00:56:39,373 INFO CSMF2.step_1_1_1.run :: [h] epoch=19 step=150 total=0.05131 batch=0.05093
2026-05-14 00:56:39,374 INFO CSMF2.step_1_1_1.run :: [lat] epoch=19 step=150 mean_l2=0.03626 std_l2=0.02089
2026-05-14 00:56:39,784 INFO CSMF2.step_1_1_1.run :: epoch=19 step=150/429 train_nll=-3568.963
2026-05-14 00:57:24,366 INFO CSMF2.step_1_1_1.run :: [h] epoch=19 step=200 total=0.04739 batch=0.04677
2026-05-14 00:57:24,367 INFO CSMF2.step_1_1_1.run :: [lat] epoch=19 step=200 mean_l2=0.02914 std_l2=0.01939
2026-05-14 00:57:24,777 INFO CSMF2.step_1_1_1.run :: epoch=19 step=200/429 train_nll=-3576.103
2026-05-14 00:58:08,927 INFO CSMF2.step_1_1_1.run :: [h] epoch=19 step=250 total=0.05033 batch=0.04978
2026-05-14 00:58:08,928 INFO CSMF2.step_1_1_1.run :: [lat] epoch=19 step=250 mean_l2=0.04034 std_l2=0.02794
2026-05-14 00:58:09,337 INFO CSMF2.step_1_1_1.run :: epoch=19 step=250/429 train_nll=-3572.192
2026-05-14 00:58:53,672 INFO CSMF2.step_1_1_1.run :: [h] epoch=19 step=300 total=0.05046 batch=0.05015
2026-05-14 00:58:53,672 INFO CSMF2.step_1_1_1.run :: [lat] epoch=19 step=300 mean_l2=0.04371 std_l2=0.02065
2026-05-14 00:58:54,083 INFO CSMF2.step_1_1_1.run :: epoch=19 step=300/429 train_nll=-3571.923
2026-05-14 00:59:38,714 INFO CSMF2.step_1_1_1.run :: [h] epoch=19 step=350 total=0.05023 batch=0.04977
2026-05-14 00:59:38,715 INFO CSMF2.step_1_1_1.run :: [lat] epoch=19 step=350 mean_l2=0.02977 std_l2=0.02289
2026-05-14 00:59:39,123 INFO CSMF2.step_1_1_1.run :: epoch=19 step=350/429 train_nll=-3572.793
2026-05-14 01:00:23,618 INFO CSMF2.step_1_1_1.run :: [h] epoch=19 step=400 total=0.04883 batch=0.04836
2026-05-14 01:00:23,619 INFO CSMF2.step_1_1_1.run :: [lat] epoch=19 step=400 mean_l2=0.03461 std_l2=0.02693
2026-05-14 01:00:24,038 INFO CSMF2.step_1_1_1.run :: epoch=19 step=400/429 train_nll=-3573.752
2026-05-14 01:01:00,437 INFO CSMF2.step_1_1_1.run :: epoch=19  train_nll=-3573.596  val_nll=-3594.933  t=395.2s
2026-05-14 01:01:00,438 INFO CSMF2.step_1_1_1.run :: [glow] film_gain mean=0.2681 min=0.2571 max=0.2888
2026-05-14 01:01:00,438 INFO CSMF2.step_1_1_1.run :: [shuffle] gap_mean=14.756 hinge=0.0000 lambda=1.000 margin=0.50
2026-05-14 01:01:00,438 INFO CSMF2.step_1_1_1.run :: [h_std] total=0.05013 batch=0.04952 penalty=0.00082 target=0.0500 mu=10.000
2026-05-14 01:01:00,438 INFO CSMF2.step_1_1_1.run :: [lat_epoch] mean_l2=0.03847 std_l2=0.03022 lambda=1.000
2026-05-14 01:01:00,438 INFO CSMF2.step_1_1_1.run :: [y_resid] alpha=0.1632
2026-05-14 01:01:00,438 INFO CSMF2.step_1_1_1.run :: [grad] cond=33.7609 film_gain=527.8726
2026-05-14 01:01:53,093 INFO CSMF2.step_1_1_1.run :: [h] epoch=20 step=50 total=0.05270 batch=0.05210
2026-05-14 01:01:53,094 INFO CSMF2.step_1_1_1.run :: [lat] epoch=20 step=50 mean_l2=0.03994 std_l2=0.02581
2026-05-14 01:01:53,513 INFO CSMF2.step_1_1_1.run :: epoch=20 step=50/429 train_nll=-3593.408
2026-05-14 01:02:37,809 INFO CSMF2.step_1_1_1.run :: [h] epoch=20 step=100 total=0.05187 batch=0.05152
2026-05-14 01:02:37,810 INFO CSMF2.step_1_1_1.run :: [lat] epoch=20 step=100 mean_l2=0.02626 std_l2=0.01785
2026-05-14 01:02:38,258 INFO CSMF2.step_1_1_1.run :: epoch=20 step=100/429 train_nll=-3592.282
2026-05-14 01:03:22,387 INFO CSMF2.step_1_1_1.run :: [h] epoch=20 step=150 total=0.05089 batch=0.04959
2026-05-14 01:03:22,387 INFO CSMF2.step_1_1_1.run :: [lat] epoch=20 step=150 mean_l2=0.04139 std_l2=0.02609
2026-05-14 01:03:22,836 INFO CSMF2.step_1_1_1.run :: epoch=20 step=150/429 train_nll=-3584.677
2026-05-14 01:04:07,187 INFO CSMF2.step_1_1_1.run :: [h] epoch=20 step=200 total=0.04849 batch=0.04772
2026-05-14 01:04:07,188 INFO CSMF2.step_1_1_1.run :: [lat] epoch=20 step=200 mean_l2=0.04069 std_l2=0.01936
2026-05-14 01:04:07,604 INFO CSMF2.step_1_1_1.run :: epoch=20 step=200/429 train_nll=-3589.005
2026-05-14 01:04:51,917 INFO CSMF2.step_1_1_1.run :: [h] epoch=20 step=250 total=0.05007 batch=0.04959
2026-05-14 01:04:51,919 INFO CSMF2.step_1_1_1.run :: [lat] epoch=20 step=250 mean_l2=0.03450 std_l2=0.02422
2026-05-14 01:04:52,330 INFO CSMF2.step_1_1_1.run :: epoch=20 step=250/429 train_nll=-3588.029
2026-05-14 01:05:36,901 INFO CSMF2.step_1_1_1.run :: [h] epoch=20 step=300 total=0.04826 batch=0.04763
2026-05-14 01:05:36,902 INFO CSMF2.step_1_1_1.run :: [lat] epoch=20 step=300 mean_l2=0.03535 std_l2=0.02616
2026-05-14 01:05:37,312 INFO CSMF2.step_1_1_1.run :: epoch=20 step=300/429 train_nll=-3588.134
2026-05-14 01:06:21,999 INFO CSMF2.step_1_1_1.run :: [h] epoch=20 step=350 total=0.05158 batch=0.05128
2026-05-14 01:06:22,000 INFO CSMF2.step_1_1_1.run :: [lat] epoch=20 step=350 mean_l2=0.03676 std_l2=0.01937
2026-05-14 01:06:22,448 INFO CSMF2.step_1_1_1.run :: epoch=20 step=350/429 train_nll=-3589.323
2026-05-14 01:07:06,718 INFO CSMF2.step_1_1_1.run :: [h] epoch=20 step=400 total=0.05134 batch=0.04919
2026-05-14 01:07:06,719 INFO CSMF2.step_1_1_1.run :: [lat] epoch=20 step=400 mean_l2=0.02989 std_l2=0.02506
2026-05-14 01:07:07,128 INFO CSMF2.step_1_1_1.run :: epoch=20 step=400/429 train_nll=-3588.512
2026-05-14 01:07:43,197 INFO CSMF2.step_1_1_1.run :: epoch=20  train_nll=-3587.811  val_nll=-3539.216  t=394.9s
2026-05-14 01:07:43,197 INFO CSMF2.step_1_1_1.run :: [glow] film_gain mean=0.2672 min=0.2558 max=0.2876
2026-05-14 01:07:43,197 INFO CSMF2.step_1_1_1.run :: [shuffle] gap_mean=16.106 hinge=0.0000 lambda=1.000 margin=0.50
2026-05-14 01:07:43,197 INFO CSMF2.step_1_1_1.run :: [h_std] total=0.05036 batch=0.04964 penalty=0.00074 target=0.0500 mu=10.000
2026-05-14 01:07:43,197 INFO CSMF2.step_1_1_1.run :: [lat_epoch] mean_l2=0.03640 std_l2=0.02709 lambda=1.000
2026-05-14 01:07:43,197 INFO CSMF2.step_1_1_1.run :: [y_resid] alpha=0.1605
2026-05-14 01:07:43,197 INFO CSMF2.step_1_1_1.run :: [grad] cond=29.8949 film_gain=2150.3345
2026-05-14 01:08:36,982 INFO CSMF2.step_1_1_1.run :: [h] epoch=21 step=50 total=0.05046 batch=0.04985
2026-05-14 01:08:36,982 INFO CSMF2.step_1_1_1.run :: [lat] epoch=21 step=50 mean_l2=0.03727 std_l2=0.02799
2026-05-14 01:08:37,394 INFO CSMF2.step_1_1_1.run :: epoch=21 step=50/429 train_nll=-3574.751
2026-05-14 01:09:22,074 INFO CSMF2.step_1_1_1.run :: [h] epoch=21 step=100 total=0.04794 batch=0.04752
2026-05-14 01:09:22,074 INFO CSMF2.step_1_1_1.run :: [lat] epoch=21 step=100 mean_l2=0.08146 std_l2=0.05739
2026-05-14 01:09:22,484 INFO CSMF2.step_1_1_1.run :: epoch=21 step=100/429 train_nll=-3580.901
2026-05-14 01:10:06,940 INFO CSMF2.step_1_1_1.run :: [h] epoch=21 step=150 total=0.04879 batch=0.04831
2026-05-14 01:10:06,941 INFO CSMF2.step_1_1_1.run :: [lat] epoch=21 step=150 mean_l2=0.03042 std_l2=0.02244
2026-05-14 01:10:07,350 INFO CSMF2.step_1_1_1.run :: epoch=21 step=150/429 train_nll=-3580.499
2026-05-14 01:10:51,708 INFO CSMF2.step_1_1_1.run :: [h] epoch=21 step=200 total=0.05314 batch=0.05261
2026-05-14 01:10:51,711 INFO CSMF2.step_1_1_1.run :: [lat] epoch=21 step=200 mean_l2=0.03420 std_l2=0.02458
2026-05-14 01:10:52,161 INFO CSMF2.step_1_1_1.run :: epoch=21 step=200/429 train_nll=-3585.919
2026-05-14 01:11:36,716 INFO CSMF2.step_1_1_1.run :: [h] epoch=21 step=250 total=0.05100 batch=0.05038
2026-05-14 01:11:36,716 INFO CSMF2.step_1_1_1.run :: [lat] epoch=21 step=250 mean_l2=0.03000 std_l2=0.04257
2026-05-14 01:11:37,126 INFO CSMF2.step_1_1_1.run :: epoch=21 step=250/429 train_nll=-3585.846
2026-05-14 01:12:21,580 INFO CSMF2.step_1_1_1.run :: [h] epoch=21 step=300 total=0.04924 batch=0.04866
2026-05-14 01:12:21,580 INFO CSMF2.step_1_1_1.run :: [lat] epoch=21 step=300 mean_l2=0.03456 std_l2=0.02177
2026-05-14 01:12:21,991 INFO CSMF2.step_1_1_1.run :: epoch=21 step=300/429 train_nll=-3587.429
2026-05-14 01:13:06,406 INFO CSMF2.step_1_1_1.run :: [h] epoch=21 step=350 total=0.04983 batch=0.04938
2026-05-14 01:13:06,407 INFO CSMF2.step_1_1_1.run :: [lat] epoch=21 step=350 mean_l2=0.03800 std_l2=0.02663
2026-05-14 01:13:06,857 INFO CSMF2.step_1_1_1.run :: epoch=21 step=350/429 train_nll=-3587.245
2026-05-14 01:13:51,144 INFO CSMF2.step_1_1_1.run :: [h] epoch=21 step=400 total=0.05131 batch=0.05092
2026-05-14 01:13:51,145 INFO CSMF2.step_1_1_1.run :: [lat] epoch=21 step=400 mean_l2=0.04150 std_l2=0.02978
2026-05-14 01:13:51,554 INFO CSMF2.step_1_1_1.run :: epoch=21 step=400/429 train_nll=-3586.104
2026-05-14 01:14:27,820 INFO CSMF2.step_1_1_1.run :: epoch=21  train_nll=-3586.883  val_nll=-3613.473  t=395.6s
2026-05-14 01:14:27,821 INFO CSMF2.step_1_1_1.run :: [glow] film_gain mean=0.2659 min=0.2546 max=0.2852
2026-05-14 01:14:27,821 INFO CSMF2.step_1_1_1.run :: [shuffle] gap_mean=16.287 hinge=0.0000 lambda=1.000 margin=0.50
2026-05-14 01:14:27,821 INFO CSMF2.step_1_1_1.run :: [h_std] total=0.04991 batch=0.04938 penalty=0.00088 target=0.0500 mu=10.000
2026-05-14 01:14:27,821 INFO CSMF2.step_1_1_1.run :: [lat_epoch] mean_l2=0.03701 std_l2=0.02902 lambda=1.000
2026-05-14 01:14:27,821 INFO CSMF2.step_1_1_1.run :: [y_resid] alpha=0.1613
2026-05-14 01:14:27,821 INFO CSMF2.step_1_1_1.run :: [grad] cond=57.5391 film_gain=732.8868
2026-05-14 01:15:20,691 INFO CSMF2.step_1_1_1.run :: [h] epoch=22 step=50 total=0.05125 batch=0.04982
2026-05-14 01:15:20,692 INFO CSMF2.step_1_1_1.run :: [lat] epoch=22 step=50 mean_l2=0.04550 std_l2=0.05580
2026-05-14 01:15:21,140 INFO CSMF2.step_1_1_1.run :: epoch=22 step=50/429 train_nll=-3546.549
2026-05-14 01:16:05,704 INFO CSMF2.step_1_1_1.run :: [h] epoch=22 step=100 total=0.04795 batch=0.04740
2026-05-14 01:16:05,705 INFO CSMF2.step_1_1_1.run :: [lat] epoch=22 step=100 mean_l2=0.05117 std_l2=0.08339
2026-05-14 01:16:06,124 INFO CSMF2.step_1_1_1.run :: epoch=22 step=100/429 train_nll=-3561.675
2026-05-14 01:16:50,635 INFO CSMF2.step_1_1_1.run :: [h] epoch=22 step=150 total=0.04934 batch=0.04908
2026-05-14 01:16:50,636 INFO CSMF2.step_1_1_1.run :: [lat] epoch=22 step=150 mean_l2=0.03770 std_l2=0.04227
2026-05-14 01:16:51,045 INFO CSMF2.step_1_1_1.run :: epoch=22 step=150/429 train_nll=-3569.576
2026-05-14 01:17:35,371 INFO CSMF2.step_1_1_1.run :: [h] epoch=22 step=200 total=0.04617 batch=0.04533
2026-05-14 01:17:35,371 INFO CSMF2.step_1_1_1.run :: [lat] epoch=22 step=200 mean_l2=0.03719 std_l2=0.05355
2026-05-14 01:17:35,787 INFO CSMF2.step_1_1_1.run :: epoch=22 step=200/429 train_nll=-3575.016
2026-05-14 01:18:19,822 INFO CSMF2.step_1_1_1.run :: [h] epoch=22 step=250 total=0.05084 batch=0.05005
2026-05-14 01:18:19,823 INFO CSMF2.step_1_1_1.run :: [lat] epoch=22 step=250 mean_l2=0.04533 std_l2=0.03033
2026-05-14 01:18:20,273 INFO CSMF2.step_1_1_1.run :: epoch=22 step=250/429 train_nll=-3575.607
2026-05-14 01:19:04,991 INFO CSMF2.step_1_1_1.run :: [h] epoch=22 step=300 total=0.04887 batch=0.04816
2026-05-14 01:19:04,991 INFO CSMF2.step_1_1_1.run :: [lat] epoch=22 step=300 mean_l2=0.06876 std_l2=0.04731
2026-05-14 01:19:05,440 INFO CSMF2.step_1_1_1.run :: epoch=22 step=300/429 train_nll=-3574.420
2026-05-14 01:19:50,033 INFO CSMF2.step_1_1_1.run :: [h] epoch=22 step=350 total=0.05274 batch=0.05215
2026-05-14 01:19:50,034 INFO CSMF2.step_1_1_1.run :: [lat] epoch=22 step=350 mean_l2=0.04670 std_l2=0.05828
2026-05-14 01:19:50,444 INFO CSMF2.step_1_1_1.run :: epoch=22 step=350/429 train_nll=-3576.476
2026-05-14 01:20:34,901 INFO CSMF2.step_1_1_1.run :: [h] epoch=22 step=400 total=0.04987 batch=0.04953
2026-05-14 01:20:34,901 INFO CSMF2.step_1_1_1.run :: [lat] epoch=22 step=400 mean_l2=0.07027 std_l2=0.05234
2026-05-14 01:20:35,359 INFO CSMF2.step_1_1_1.run :: epoch=22 step=400/429 train_nll=-3578.263
2026-05-14 01:21:11,302 INFO CSMF2.step_1_1_1.run :: epoch=22  train_nll=-3578.843  val_nll=-3606.718  t=395.7s
2026-05-14 01:21:11,302 INFO CSMF2.step_1_1_1.run :: [glow] film_gain mean=0.2635 min=0.2533 max=0.2826
2026-05-14 01:21:11,302 INFO CSMF2.step_1_1_1.run :: [shuffle] gap_mean=16.278 hinge=0.0000 lambda=1.000 margin=0.50
2026-05-14 01:21:11,302 INFO CSMF2.step_1_1_1.run :: [h_std] total=0.04928 batch=0.04856 penalty=0.00155 target=0.0500 mu=10.000
2026-05-14 01:21:11,302 INFO CSMF2.step_1_1_1.run :: [lat_epoch] mean_l2=0.03859 std_l2=0.03118 lambda=1.000
2026-05-14 01:21:11,302 INFO CSMF2.step_1_1_1.run :: [y_resid] alpha=0.1576
2026-05-14 01:21:11,302 INFO CSMF2.step_1_1_1.run :: [grad] cond=17.6611 film_gain=1242.4216
2026-05-14 01:22:03,679 INFO CSMF2.step_1_1_1.run :: [h] epoch=23 step=50 total=0.05128 batch=0.05068
2026-05-14 01:22:03,679 INFO CSMF2.step_1_1_1.run :: [lat] epoch=23 step=50 mean_l2=0.02390 std_l2=0.02157
2026-05-14 01:22:04,088 INFO CSMF2.step_1_1_1.run :: epoch=23 step=50/429 train_nll=-3588.238
2026-05-14 01:22:48,209 INFO CSMF2.step_1_1_1.run :: [h] epoch=23 step=100 total=0.05075 batch=0.05015
2026-05-14 01:22:48,210 INFO CSMF2.step_1_1_1.run :: [lat] epoch=23 step=100 mean_l2=0.06241 std_l2=0.02167
2026-05-14 01:22:48,619 INFO CSMF2.step_1_1_1.run :: epoch=23 step=100/429 train_nll=-3584.279
2026-05-14 01:23:33,187 INFO CSMF2.step_1_1_1.run :: [h] epoch=23 step=150 total=0.04878 batch=0.04833
2026-05-14 01:23:33,188 INFO CSMF2.step_1_1_1.run :: [lat] epoch=23 step=150 mean_l2=0.04091 std_l2=0.02692
2026-05-14 01:23:33,597 INFO CSMF2.step_1_1_1.run :: epoch=23 step=150/429 train_nll=-3585.334
2026-05-14 01:24:18,048 INFO CSMF2.step_1_1_1.run :: [h] epoch=23 step=200 total=0.05058 batch=0.04963
2026-05-14 01:24:18,048 INFO CSMF2.step_1_1_1.run :: [lat] epoch=23 step=200 mean_l2=0.03493 std_l2=0.02017
2026-05-14 01:24:18,459 INFO CSMF2.step_1_1_1.run :: epoch=23 step=200/429 train_nll=-3583.489
2026-05-14 01:25:02,732 INFO CSMF2.step_1_1_1.run :: [h] epoch=23 step=250 total=0.04949 batch=0.04913
2026-05-14 01:25:02,733 INFO CSMF2.step_1_1_1.run :: [lat] epoch=23 step=250 mean_l2=0.04034 std_l2=0.02188
2026-05-14 01:25:03,146 INFO CSMF2.step_1_1_1.run :: epoch=23 step=250/429 train_nll=-3586.575
2026-05-14 01:25:47,832 INFO CSMF2.step_1_1_1.run :: [h] epoch=23 step=300 total=0.05020 batch=0.04954
2026-05-14 01:25:47,833 INFO CSMF2.step_1_1_1.run :: [lat] epoch=23 step=300 mean_l2=0.04163 std_l2=0.02220
2026-05-14 01:25:48,243 INFO CSMF2.step_1_1_1.run :: epoch=23 step=300/429 train_nll=-3588.426
2026-05-14 01:26:32,677 INFO CSMF2.step_1_1_1.run :: [h] epoch=23 step=350 total=0.05050 batch=0.05006
2026-05-14 01:26:32,678 INFO CSMF2.step_1_1_1.run :: [lat] epoch=23 step=350 mean_l2=0.03050 std_l2=0.02164
2026-05-14 01:26:33,127 INFO CSMF2.step_1_1_1.run :: epoch=23 step=350/429 train_nll=-3588.346
2026-05-14 01:27:17,388 INFO CSMF2.step_1_1_1.run :: [h] epoch=23 step=400 total=0.04720 batch=0.04644
2026-05-14 01:27:17,389 INFO CSMF2.step_1_1_1.run :: [lat] epoch=23 step=400 mean_l2=0.03276 std_l2=0.02154
2026-05-14 01:27:17,799 INFO CSMF2.step_1_1_1.run :: epoch=23 step=400/429 train_nll=-3584.784
2026-05-14 01:27:54,070 INFO CSMF2.step_1_1_1.run :: epoch=23  train_nll=-3586.103  val_nll=-3606.205  t=394.8s
2026-05-14 01:27:54,070 INFO CSMF2.step_1_1_1.run :: [glow] film_gain mean=0.2620 min=0.2522 max=0.2803
2026-05-14 01:27:54,070 INFO CSMF2.step_1_1_1.run :: [shuffle] gap_mean=16.922 hinge=0.0000 lambda=1.000 margin=0.50
2026-05-14 01:27:54,070 INFO CSMF2.step_1_1_1.run :: [h_std] total=0.05027 batch=0.04963 penalty=0.00072 target=0.0500 mu=10.000
2026-05-14 01:27:54,070 INFO CSMF2.step_1_1_1.run :: [lat_epoch] mean_l2=0.03636 std_l2=0.02950 lambda=1.000
2026-05-14 01:27:54,071 INFO CSMF2.step_1_1_1.run :: [y_resid] alpha=0.1555
2026-05-14 01:27:54,071 INFO CSMF2.step_1_1_1.run :: [grad] cond=106.0532 film_gain=2299.0496
2026-05-14 01:28:46,308 INFO CSMF2.step_1_1_1.run :: [h] epoch=24 step=50 total=0.04939 batch=0.04895
2026-05-14 01:28:46,309 INFO CSMF2.step_1_1_1.run :: [lat] epoch=24 step=50 mean_l2=0.02972 std_l2=0.02041
2026-05-14 01:28:46,757 INFO CSMF2.step_1_1_1.run :: epoch=24 step=50/429 train_nll=-3603.307
2026-05-14 01:29:30,941 INFO CSMF2.step_1_1_1.run :: [h] epoch=24 step=100 total=0.05318 batch=0.05280
2026-05-14 01:29:30,941 INFO CSMF2.step_1_1_1.run :: [lat] epoch=24 step=100 mean_l2=0.03344 std_l2=0.03045
2026-05-14 01:29:31,351 INFO CSMF2.step_1_1_1.run :: epoch=24 step=100/429 train_nll=-3605.975
2026-05-14 01:30:15,817 INFO CSMF2.step_1_1_1.run :: [h] epoch=24 step=150 total=0.05054 batch=0.04994
2026-05-14 01:30:15,817 INFO CSMF2.step_1_1_1.run :: [lat] epoch=24 step=150 mean_l2=0.02148 std_l2=0.01945
2026-05-14 01:30:16,230 INFO CSMF2.step_1_1_1.run :: epoch=24 step=150/429 train_nll=-3607.679
2026-05-14 01:31:00,729 INFO CSMF2.step_1_1_1.run :: [h] epoch=24 step=200 total=0.04936 batch=0.04857
2026-05-14 01:31:00,730 INFO CSMF2.step_1_1_1.run :: [lat] epoch=24 step=200 mean_l2=0.03044 std_l2=0.02410
2026-05-14 01:31:01,180 INFO CSMF2.step_1_1_1.run :: epoch=24 step=200/429 train_nll=-3605.230
2026-05-14 01:31:45,742 INFO CSMF2.step_1_1_1.run :: [h] epoch=24 step=250 total=0.04802 batch=0.04725
2026-05-14 01:31:45,742 INFO CSMF2.step_1_1_1.run :: [lat] epoch=24 step=250 mean_l2=0.02945 std_l2=0.03128
2026-05-14 01:31:46,151 INFO CSMF2.step_1_1_1.run :: epoch=24 step=250/429 train_nll=-3602.093
2026-05-14 01:32:30,195 INFO CSMF2.step_1_1_1.run :: [h] epoch=24 step=300 total=0.04836 batch=0.04749
2026-05-14 01:32:30,196 INFO CSMF2.step_1_1_1.run :: [lat] epoch=24 step=300 mean_l2=0.03725 std_l2=0.02959
2026-05-14 01:32:30,606 INFO CSMF2.step_1_1_1.run :: epoch=24 step=300/429 train_nll=-3601.206
2026-05-14 01:33:14,839 INFO CSMF2.step_1_1_1.run :: [h] epoch=24 step=350 total=0.04920 batch=0.04611
2026-05-14 01:33:14,839 INFO CSMF2.step_1_1_1.run :: [lat] epoch=24 step=350 mean_l2=0.03973 std_l2=0.02026
2026-05-14 01:33:15,250 INFO CSMF2.step_1_1_1.run :: epoch=24 step=350/429 train_nll=-3592.858
2026-05-14 01:33:59,770 INFO CSMF2.step_1_1_1.run :: [h] epoch=24 step=400 total=0.04518 batch=0.04411
2026-05-14 01:33:59,770 INFO CSMF2.step_1_1_1.run :: [lat] epoch=24 step=400 mean_l2=0.04022 std_l2=0.01983
2026-05-14 01:34:00,182 INFO CSMF2.step_1_1_1.run :: epoch=24 step=400/429 train_nll=-3591.197
2026-05-14 01:34:36,428 INFO CSMF2.step_1_1_1.run :: epoch=24  train_nll=-3591.631  val_nll=-3599.744  t=394.5s
2026-05-14 01:34:36,428 INFO CSMF2.step_1_1_1.run :: [glow] film_gain mean=0.2599 min=0.2492 max=0.2773
2026-05-14 01:34:36,428 INFO CSMF2.step_1_1_1.run :: [shuffle] gap_mean=16.991 hinge=0.0000 lambda=1.000 margin=0.50
2026-05-14 01:34:36,428 INFO CSMF2.step_1_1_1.run :: [h_std] total=0.04963 batch=0.04869 penalty=0.00160 target=0.0500 mu=10.000
2026-05-14 01:34:36,428 INFO CSMF2.step_1_1_1.run :: [lat_epoch] mean_l2=0.03709 std_l2=0.02899 lambda=1.000
2026-05-14 01:34:36,428 INFO CSMF2.step_1_1_1.run :: [y_resid] alpha=0.1432
2026-05-14 01:34:36,429 INFO CSMF2.step_1_1_1.run :: [grad] cond=31.6721 film_gain=762.7815
2026-05-14 01:35:28,842 INFO CSMF2.step_1_1_1.run :: [h] epoch=25 step=50 total=0.04675 batch=0.04605
2026-05-14 01:35:28,842 INFO CSMF2.step_1_1_1.run :: [lat] epoch=25 step=50 mean_l2=0.03300 std_l2=0.02275
2026-05-14 01:35:29,249 INFO CSMF2.step_1_1_1.run :: epoch=25 step=50/429 train_nll=-3590.245
2026-05-14 01:36:13,723 INFO CSMF2.step_1_1_1.run :: [h] epoch=25 step=100 total=0.04688 batch=0.04644
2026-05-14 01:36:13,723 INFO CSMF2.step_1_1_1.run :: [lat] epoch=25 step=100 mean_l2=0.03933 std_l2=0.02015
2026-05-14 01:36:14,174 INFO CSMF2.step_1_1_1.run :: epoch=25 step=100/429 train_nll=-3593.480
2026-05-14 01:36:58,720 INFO CSMF2.step_1_1_1.run :: [h] epoch=25 step=150 total=0.04743 batch=0.04711
2026-05-14 01:36:58,720 INFO CSMF2.step_1_1_1.run :: [lat] epoch=25 step=150 mean_l2=0.03612 std_l2=0.02901
2026-05-14 01:36:59,131 INFO CSMF2.step_1_1_1.run :: epoch=25 step=150/429 train_nll=-3596.101
2026-05-14 01:37:43,909 INFO CSMF2.step_1_1_1.run :: [h] epoch=25 step=200 total=0.04917 batch=0.04849
2026-05-14 01:37:43,909 INFO CSMF2.step_1_1_1.run :: [lat] epoch=25 step=200 mean_l2=0.02585 std_l2=0.02087
2026-05-14 01:37:44,320 INFO CSMF2.step_1_1_1.run :: epoch=25 step=200/429 train_nll=-3597.316
2026-05-14 01:38:28,803 INFO CSMF2.step_1_1_1.run :: [h] epoch=25 step=250 total=0.04814 batch=0.04760
2026-05-14 01:38:28,804 INFO CSMF2.step_1_1_1.run :: [lat] epoch=25 step=250 mean_l2=0.02670 std_l2=0.04929
2026-05-14 01:38:29,253 INFO CSMF2.step_1_1_1.run :: epoch=25 step=250/429 train_nll=-3595.336
2026-05-14 01:39:13,723 INFO CSMF2.step_1_1_1.run :: [h] epoch=25 step=300 total=0.04809 batch=0.04736
2026-05-14 01:39:13,723 INFO CSMF2.step_1_1_1.run :: [lat] epoch=25 step=300 mean_l2=0.04285 std_l2=0.02490
2026-05-14 01:39:14,133 INFO CSMF2.step_1_1_1.run :: epoch=25 step=300/429 train_nll=-3590.880
2026-05-14 01:39:58,595 INFO CSMF2.step_1_1_1.run :: [h] epoch=25 step=350 total=0.04854 batch=0.04795
2026-05-14 01:39:58,596 INFO CSMF2.step_1_1_1.run :: [lat] epoch=25 step=350 mean_l2=0.03258 std_l2=0.02700
2026-05-14 01:39:59,006 INFO CSMF2.step_1_1_1.run :: epoch=25 step=350/429 train_nll=-3588.913
2026-05-14 01:40:43,527 INFO CSMF2.step_1_1_1.run :: [h] epoch=25 step=400 total=0.04957 batch=0.04905
2026-05-14 01:40:43,528 INFO CSMF2.step_1_1_1.run :: [lat] epoch=25 step=400 mean_l2=0.03637 std_l2=0.05857
2026-05-14 01:40:43,943 INFO CSMF2.step_1_1_1.run :: epoch=25 step=400/429 train_nll=-3588.773
2026-05-14 01:41:20,370 INFO CSMF2.step_1_1_1.run :: epoch=25  train_nll=-3589.656  val_nll=-3611.948  t=396.1s
2026-05-14 01:41:20,370 INFO CSMF2.step_1_1_1.run :: [glow] film_gain mean=0.2581 min=0.2481 max=0.2742
2026-05-14 01:41:20,370 INFO CSMF2.step_1_1_1.run :: [shuffle] gap_mean=17.458 hinge=0.0000 lambda=1.000 margin=0.50
2026-05-14 01:41:20,370 INFO CSMF2.step_1_1_1.run :: [h_std] total=0.04785 batch=0.04729 penalty=0.00273 target=0.0500 mu=10.000
2026-05-14 01:41:20,370 INFO CSMF2.step_1_1_1.run :: [lat_epoch] mean_l2=0.03605 std_l2=0.03094 lambda=1.000
2026-05-14 01:41:20,370 INFO CSMF2.step_1_1_1.run :: [y_resid] alpha=0.1505
2026-05-14 01:41:20,370 INFO CSMF2.step_1_1_1.run :: [grad] cond=13.5734 film_gain=1078.5703
2026-05-14 01:42:12,453 INFO CSMF2.step_1_1_1.run :: [h] epoch=26 step=50 total=0.05116 batch=0.05088
2026-05-14 01:42:12,454 INFO CSMF2.step_1_1_1.run :: [lat] epoch=26 step=50 mean_l2=0.03646 std_l2=0.04812
2026-05-14 01:42:12,866 INFO CSMF2.step_1_1_1.run :: epoch=26 step=50/429 train_nll=-3598.817
2026-05-14 01:42:57,112 INFO CSMF2.step_1_1_1.run :: [h] epoch=26 step=100 total=0.04970 batch=0.04943
2026-05-14 01:42:57,112 INFO CSMF2.step_1_1_1.run :: [lat] epoch=26 step=100 mean_l2=0.03178 std_l2=0.03134
2026-05-14 01:42:57,523 INFO CSMF2.step_1_1_1.run :: epoch=26 step=100/429 train_nll=-3604.921
2026-05-14 01:43:41,283 INFO CSMF2.step_1_1_1.run :: [h] epoch=26 step=150 total=0.05190 batch=0.05140
2026-05-14 01:43:41,283 INFO CSMF2.step_1_1_1.run :: [lat] epoch=26 step=150 mean_l2=0.07706 std_l2=0.05337
2026-05-14 01:43:41,697 INFO CSMF2.step_1_1_1.run :: epoch=26 step=150/429 train_nll=-3603.896
2026-05-14 01:44:26,177 INFO CSMF2.step_1_1_1.run :: [h] epoch=26 step=200 total=0.05066 batch=0.05021
2026-05-14 01:44:26,177 INFO CSMF2.step_1_1_1.run :: [lat] epoch=26 step=200 mean_l2=0.06841 std_l2=0.03901
2026-05-14 01:44:26,592 INFO CSMF2.step_1_1_1.run :: epoch=26 step=200/429 train_nll=-3600.753
2026-05-14 01:45:11,127 INFO CSMF2.step_1_1_1.run :: [h] epoch=26 step=250 total=0.05064 batch=0.04998
2026-05-14 01:45:11,128 INFO CSMF2.step_1_1_1.run :: [lat] epoch=26 step=250 mean_l2=0.02820 std_l2=0.02325
2026-05-14 01:45:11,539 INFO CSMF2.step_1_1_1.run :: epoch=26 step=250/429 train_nll=-3595.232
2026-05-14 01:45:56,047 INFO CSMF2.step_1_1_1.run :: [h] epoch=26 step=300 total=0.04995 batch=0.04950
2026-05-14 01:45:56,048 INFO CSMF2.step_1_1_1.run :: [lat] epoch=26 step=300 mean_l2=0.02193 std_l2=0.02197
2026-05-14 01:45:56,497 INFO CSMF2.step_1_1_1.run :: epoch=26 step=300/429 train_nll=-3597.758
2026-05-14 01:46:41,432 INFO CSMF2.step_1_1_1.run :: [h] epoch=26 step=350 total=0.05087 batch=0.05018
2026-05-14 01:46:41,432 INFO CSMF2.step_1_1_1.run :: [lat] epoch=26 step=350 mean_l2=0.02712 std_l2=0.03030
2026-05-14 01:46:41,844 INFO CSMF2.step_1_1_1.run :: epoch=26 step=350/429 train_nll=-3599.572
2026-05-14 01:47:26,816 INFO CSMF2.step_1_1_1.run :: [h] epoch=26 step=400 total=0.05204 batch=0.05129
2026-05-14 01:47:26,817 INFO CSMF2.step_1_1_1.run :: [lat] epoch=26 step=400 mean_l2=0.02702 std_l2=0.02479
2026-05-14 01:47:27,228 INFO CSMF2.step_1_1_1.run :: epoch=26 step=400/429 train_nll=-3600.473
2026-05-14 01:48:03,315 INFO CSMF2.step_1_1_1.run :: epoch=26  train_nll=-3600.806  val_nll=-3616.008  t=395.1s
2026-05-14 01:48:03,315 INFO CSMF2.step_1_1_1.run :: [glow] film_gain mean=0.2572 min=0.2472 max=0.2729
2026-05-14 01:48:03,315 INFO CSMF2.step_1_1_1.run :: [shuffle] gap_mean=18.543 hinge=0.0000 lambda=1.000 margin=0.50
2026-05-14 01:48:03,315 INFO CSMF2.step_1_1_1.run :: [h_std] total=0.05021 batch=0.04967 penalty=0.00068 target=0.0500 mu=10.000
2026-05-14 01:48:03,315 INFO CSMF2.step_1_1_1.run :: [lat_epoch] mean_l2=0.03529 std_l2=0.02780 lambda=1.000
2026-05-14 01:48:03,316 INFO CSMF2.step_1_1_1.run :: [y_resid] alpha=0.1515
2026-05-14 01:48:03,316 INFO CSMF2.step_1_1_1.run :: [grad] cond=17.2441 film_gain=935.6909
2026-05-14 01:48:55,343 INFO CSMF2.step_1_1_1.run :: [h] epoch=27 step=50 total=0.05269 batch=0.05185
2026-05-14 01:48:55,354 INFO CSMF2.step_1_1_1.run :: [lat] epoch=27 step=50 mean_l2=0.03590 std_l2=0.02086
2026-05-14 01:48:55,803 INFO CSMF2.step_1_1_1.run :: epoch=27 step=50/429 train_nll=-3608.467
2026-05-14 01:49:40,354 INFO CSMF2.step_1_1_1.run :: [h] epoch=27 step=100 total=0.05195 batch=0.05118
2026-05-14 01:49:40,354 INFO CSMF2.step_1_1_1.run :: [lat] epoch=27 step=100 mean_l2=0.02660 std_l2=0.01854
2026-05-14 01:49:40,764 INFO CSMF2.step_1_1_1.run :: epoch=27 step=100/429 train_nll=-3604.521
2026-05-14 01:50:25,294 INFO CSMF2.step_1_1_1.run :: [h] epoch=27 step=150 total=0.04779 batch=0.04666
2026-05-14 01:50:25,294 INFO CSMF2.step_1_1_1.run :: [lat] epoch=27 step=150 mean_l2=0.02345 std_l2=0.02146
2026-05-14 01:50:25,704 INFO CSMF2.step_1_1_1.run :: epoch=27 step=150/429 train_nll=-3577.038
2026-05-14 01:51:09,958 INFO CSMF2.step_1_1_1.run :: [h] epoch=27 step=200 total=0.04655 batch=0.04578
2026-05-14 01:51:09,959 INFO CSMF2.step_1_1_1.run :: [lat] epoch=27 step=200 mean_l2=0.03916 std_l2=0.02194
2026-05-14 01:51:10,369 INFO CSMF2.step_1_1_1.run :: epoch=27 step=200/429 train_nll=-3579.840
2026-05-14 01:51:54,781 INFO CSMF2.step_1_1_1.run :: [h] epoch=27 step=250 total=0.04918 batch=0.04878
2026-05-14 01:51:54,782 INFO CSMF2.step_1_1_1.run :: [lat] epoch=27 step=250 mean_l2=0.02748 std_l2=0.02380
2026-05-14 01:51:55,233 INFO CSMF2.step_1_1_1.run :: epoch=27 step=250/429 train_nll=-3584.710
2026-05-14 01:52:39,789 INFO CSMF2.step_1_1_1.run :: [h] epoch=27 step=300 total=0.04878 batch=0.04813
2026-05-14 01:52:39,789 INFO CSMF2.step_1_1_1.run :: [lat] epoch=27 step=300 mean_l2=0.04640 std_l2=0.02111
2026-05-14 01:52:40,201 INFO CSMF2.step_1_1_1.run :: epoch=27 step=300/429 train_nll=-3586.573
2026-05-14 01:53:24,390 INFO CSMF2.step_1_1_1.run :: [h] epoch=27 step=350 total=0.04998 batch=0.04915
2026-05-14 01:53:24,390 INFO CSMF2.step_1_1_1.run :: [lat] epoch=27 step=350 mean_l2=0.03761 std_l2=0.02882
2026-05-14 01:53:24,800 INFO CSMF2.step_1_1_1.run :: epoch=27 step=350/429 train_nll=-3587.469
2026-05-14 01:54:09,231 INFO CSMF2.step_1_1_1.run :: [h] epoch=27 step=400 total=0.04941 batch=0.04883
2026-05-14 01:54:09,240 INFO CSMF2.step_1_1_1.run :: [lat] epoch=27 step=400 mean_l2=0.03908 std_l2=0.05729
2026-05-14 01:54:09,651 INFO CSMF2.step_1_1_1.run :: epoch=27 step=400/429 train_nll=-3587.435
2026-05-14 01:54:45,801 INFO CSMF2.step_1_1_1.run :: epoch=27  train_nll=-3586.095  val_nll=-3599.981  t=394.5s
2026-05-14 01:54:45,801 INFO CSMF2.step_1_1_1.run :: [glow] film_gain mean=0.2547 min=0.2459 max=0.2692
2026-05-14 01:54:45,801 INFO CSMF2.step_1_1_1.run :: [shuffle] gap_mean=18.499 hinge=0.0000 lambda=1.000 margin=0.50
2026-05-14 01:54:45,801 INFO CSMF2.step_1_1_1.run :: [h_std] total=0.04958 batch=0.04864 penalty=0.00156 target=0.0500 mu=10.000
2026-05-14 01:54:45,801 INFO CSMF2.step_1_1_1.run :: [lat_epoch] mean_l2=0.03559 std_l2=0.03678 lambda=1.000
2026-05-14 01:54:45,801 INFO CSMF2.step_1_1_1.run :: [y_resid] alpha=0.1436
2026-05-14 01:54:45,801 INFO CSMF2.step_1_1_1.run :: [grad] cond=75.2866 film_gain=563.0943
2026-05-14 01:55:38,548 INFO CSMF2.step_1_1_1.run :: [h] epoch=28 step=50 total=0.04740 batch=0.04679
2026-05-14 01:55:38,548 INFO CSMF2.step_1_1_1.run :: [lat] epoch=28 step=50 mean_l2=0.04377 std_l2=0.02737
2026-05-14 01:55:38,959 INFO CSMF2.step_1_1_1.run :: epoch=28 step=50/429 train_nll=-3596.378
2026-05-14 01:56:23,495 INFO CSMF2.step_1_1_1.run :: [h] epoch=28 step=100 total=0.04936 batch=0.04880
2026-05-14 01:56:23,496 INFO CSMF2.step_1_1_1.run :: [lat] epoch=28 step=100 mean_l2=0.02998 std_l2=0.02664
2026-05-14 01:56:23,943 INFO CSMF2.step_1_1_1.run :: epoch=28 step=100/429 train_nll=-3598.677
2026-05-14 01:57:08,934 INFO CSMF2.step_1_1_1.run :: [h] epoch=28 step=150 total=0.04903 batch=0.04847
2026-05-14 01:57:08,934 INFO CSMF2.step_1_1_1.run :: [lat] epoch=28 step=150 mean_l2=0.02706 std_l2=0.03722
2026-05-14 01:57:09,344 INFO CSMF2.step_1_1_1.run :: epoch=28 step=150/429 train_nll=-3598.661
2026-05-14 01:57:53,613 INFO CSMF2.step_1_1_1.run :: [h] epoch=28 step=200 total=0.04698 batch=0.04615
2026-05-14 01:57:53,614 INFO CSMF2.step_1_1_1.run :: [lat] epoch=28 step=200 mean_l2=0.03716 std_l2=0.02524
2026-05-14 01:57:54,025 INFO CSMF2.step_1_1_1.run :: epoch=28 step=200/429 train_nll=-3599.182
2026-05-14 01:58:38,011 INFO CSMF2.step_1_1_1.run :: [h] epoch=28 step=250 total=0.05060 batch=0.05008
2026-05-14 01:58:38,012 INFO CSMF2.step_1_1_1.run :: [lat] epoch=28 step=250 mean_l2=0.02874 std_l2=0.01972
2026-05-14 01:58:38,423 INFO CSMF2.step_1_1_1.run :: epoch=28 step=250/429 train_nll=-3600.259
2026-05-14 01:59:22,655 INFO CSMF2.step_1_1_1.run :: [h] epoch=28 step=300 total=0.05021 batch=0.04971
2026-05-14 01:59:22,658 INFO CSMF2.step_1_1_1.run :: [lat] epoch=28 step=300 mean_l2=0.02841 std_l2=0.02448
2026-05-14 01:59:23,107 INFO CSMF2.step_1_1_1.run :: epoch=28 step=300/429 train_nll=-3599.075
2026-05-14 02:00:07,062 INFO CSMF2.step_1_1_1.run :: [h] epoch=28 step=350 total=0.05087 batch=0.05040
2026-05-14 02:00:07,063 INFO CSMF2.step_1_1_1.run :: [lat] epoch=28 step=350 mean_l2=0.02213 std_l2=0.03203
2026-05-14 02:00:07,477 INFO CSMF2.step_1_1_1.run :: epoch=28 step=350/429 train_nll=-3595.216
2026-05-14 02:00:52,061 INFO CSMF2.step_1_1_1.run :: [h] epoch=28 step=400 total=0.05037 batch=0.04997
2026-05-14 02:00:52,061 INFO CSMF2.step_1_1_1.run :: [lat] epoch=28 step=400 mean_l2=0.02163 std_l2=0.01864
2026-05-14 02:00:52,472 INFO CSMF2.step_1_1_1.run :: epoch=28 step=400/429 train_nll=-3596.704
2026-05-14 02:01:28,732 INFO CSMF2.step_1_1_1.run :: epoch=28  train_nll=-3597.041  val_nll=-3588.989  t=394.9s
2026-05-14 02:01:28,732 INFO CSMF2.step_1_1_1.run :: [glow] film_gain mean=0.2530 min=0.2427 max=0.2664
2026-05-14 02:01:28,732 INFO CSMF2.step_1_1_1.run :: [shuffle] gap_mean=18.834 hinge=0.0000 lambda=1.000 margin=0.50
2026-05-14 02:01:28,732 INFO CSMF2.step_1_1_1.run :: [h_std] total=0.04923 batch=0.04865 penalty=0.00150 target=0.0500 mu=10.000
2026-05-14 02:01:28,732 INFO CSMF2.step_1_1_1.run :: [lat_epoch] mean_l2=0.03499 std_l2=0.02848 lambda=1.000
2026-05-14 02:01:28,732 INFO CSMF2.step_1_1_1.run :: [y_resid] alpha=0.1470
2026-05-14 02:01:28,732 INFO CSMF2.step_1_1_1.run :: [grad] cond=47.6545 film_gain=691.3518
2026-05-14 02:02:20,632 INFO CSMF2.step_1_1_1.run :: [h] epoch=29 step=50 total=0.05189 batch=0.05121
2026-05-14 02:02:20,632 INFO CSMF2.step_1_1_1.run :: [lat] epoch=29 step=50 mean_l2=0.03995 std_l2=0.02081
2026-05-14 02:02:21,082 INFO CSMF2.step_1_1_1.run :: epoch=29 step=50/429 train_nll=-3582.522
2026-05-14 02:03:05,733 INFO CSMF2.step_1_1_1.run :: [h] epoch=29 step=100 total=0.04819 batch=0.04764
2026-05-14 02:03:05,734 INFO CSMF2.step_1_1_1.run :: [lat] epoch=29 step=100 mean_l2=0.02947 std_l2=0.02529
2026-05-14 02:03:06,183 INFO CSMF2.step_1_1_1.run :: epoch=29 step=100/429 train_nll=-3592.119
2026-05-14 02:03:50,537 INFO CSMF2.step_1_1_1.run :: [h] epoch=29 step=150 total=0.05149 batch=0.05109
2026-05-14 02:03:50,538 INFO CSMF2.step_1_1_1.run :: [lat] epoch=29 step=150 mean_l2=0.02855 std_l2=0.03858
2026-05-14 02:03:50,989 INFO CSMF2.step_1_1_1.run :: epoch=29 step=150/429 train_nll=-3594.825
2026-05-14 02:04:35,700 INFO CSMF2.step_1_1_1.run :: [h] epoch=29 step=200 total=0.05039 batch=0.04984
2026-05-14 02:04:35,701 INFO CSMF2.step_1_1_1.run :: [lat] epoch=29 step=200 mean_l2=0.03488 std_l2=0.02228
2026-05-14 02:04:36,153 INFO CSMF2.step_1_1_1.run :: epoch=29 step=200/429 train_nll=-3598.147
2026-05-14 02:05:20,571 INFO CSMF2.step_1_1_1.run :: [h] epoch=29 step=250 total=0.05200 batch=0.05134
2026-05-14 02:05:20,572 INFO CSMF2.step_1_1_1.run :: [lat] epoch=29 step=250 mean_l2=0.03546 std_l2=0.04895
2026-05-14 02:05:20,983 INFO CSMF2.step_1_1_1.run :: epoch=29 step=250/429 train_nll=-3600.114
2026-05-14 02:06:05,680 INFO CSMF2.step_1_1_1.run :: [h] epoch=29 step=300 total=0.04793 batch=0.04567
2026-05-14 02:06:05,681 INFO CSMF2.step_1_1_1.run :: [lat] epoch=29 step=300 mean_l2=0.03832 std_l2=0.01820
2026-05-14 02:06:06,096 INFO CSMF2.step_1_1_1.run :: epoch=29 step=300/429 train_nll=-3594.581
2026-05-14 02:06:50,478 INFO CSMF2.step_1_1_1.run :: [h] epoch=29 step=350 total=0.04670 batch=0.04584
2026-05-14 02:06:50,479 INFO CSMF2.step_1_1_1.run :: [lat] epoch=29 step=350 mean_l2=0.02988 std_l2=0.02279
2026-05-14 02:06:50,940 INFO CSMF2.step_1_1_1.run :: epoch=29 step=350/429 train_nll=-3595.148
2026-05-14 02:07:35,312 INFO CSMF2.step_1_1_1.run :: [h] epoch=29 step=400 total=0.04769 batch=0.04677
2026-05-14 02:07:35,312 INFO CSMF2.step_1_1_1.run :: [lat] epoch=29 step=400 mean_l2=0.10896 std_l2=0.05715
2026-05-14 02:07:35,723 INFO CSMF2.step_1_1_1.run :: epoch=29 step=400/429 train_nll=-3598.120
2026-05-14 02:08:11,760 INFO CSMF2.step_1_1_1.run :: epoch=29  train_nll=-3597.642  val_nll=-3591.489  t=395.2s
2026-05-14 02:08:11,761 INFO CSMF2.step_1_1_1.run :: [glow] film_gain mean=0.2516 min=0.2410 max=0.2643
2026-05-14 02:08:11,761 INFO CSMF2.step_1_1_1.run :: [shuffle] gap_mean=19.468 hinge=0.0000 lambda=1.000 margin=0.50
2026-05-14 02:08:11,761 INFO CSMF2.step_1_1_1.run :: [h_std] total=0.04943 batch=0.04854 penalty=0.00172 target=0.0500 mu=10.000
2026-05-14 02:08:11,761 INFO CSMF2.step_1_1_1.run :: [lat_epoch] mean_l2=0.03611 std_l2=0.02777 lambda=1.000
2026-05-14 02:08:11,761 INFO CSMF2.step_1_1_1.run :: [y_resid] alpha=0.1383
2026-05-14 02:08:11,761 INFO CSMF2.step_1_1_1.run :: [grad] cond=67.1039 film_gain=1323.2713
2026-05-14 02:08:19,668 WARNING CSMF2.step_1_1_1.run :: [exit_gate] fwd_rel=0.974 > target 0.500 (informational; no resume baseline available)
2026-05-14 02:08:39,938 INFO CSMF2.step_1_1_1.run :: [run] FINAL test_nll (sealed 10k) = -3587.358
2026-05-14 02:08:40,794 INFO CSMF2.experiments.step_1_1_1.density_plots :: [plot_latent_density] saved -> CSMF2/experiments/step_1_1_1/results/glow_s2_n0.00_seed0_8553f217e66d/plots/latent_density.png  (ks=0.0315, mean=0.067, std=1.034)
2026-05-14 02:08:41,133 INFO CSMF2.experiments.step_1_1_1.density_plots :: [plot_cycle_density] saved -> CSMF2/experiments/step_1_1_1/results/glow_s2_n0.00_seed0_8553f217e66d/plots/cycle_density.png  (max|err|=1.764e-05 rms=5.375e-07)
2026-05-14 02:08:41,537 INFO CSMF2.experiments.step_1_1_1.density_plots :: [plot_reconstruction_panel] saved -> CSMF2/experiments/step_1_1_1/results/glow_s2_n0.00_seed0_8553f217e66d/plots/reconstruction_panel.png  rms(enc-prior)=1.978
==============================================================
[1mSTEP-1_1_1 RUN SUMMARY[0m
==============================================================
expert: glow   scale: 2   noise: 0.0   seed: 0   epochs: 30
train NLL:    -2953.74  ->    -3597.64  (Δ = -643.91)
test  NLL:    -3200.14  ->    -3591.49

[1mHARD GATES (halt on fail)[0m
  [32m 30/30  ✓[0m  invertibility FP64 <1e-5
  [33m 13/30  ✗[0m  latent KS vs N(0,1) <0.05
  [32m 30/30  ✓[0m  cycle_max < 1e-12
  [31m  0/30  ✗[0m  h std > 1e-3
  [31m  0/30  ✗[0m  FiLM γ,β std > 1e-3 aggregate
  [31m  0/30  ✗[0m  (y,seed) max|Δh| < 1e-6
  [32m 30/30  ✓[0m  no NaN/Inf this epoch
  [32m  1/1   ✓[0m  numeric log-det (FP64, once)

[1mINFORMATIONAL (logged, non-blocking)[0m
  [31m  0/30  ✗[0m  null-control gap ≥ 0.10
  [31m  0/30  ✗[0m  h_st Δlogp slope > 1e-3
  [31m  0/30  ✗[0m  grad norm > 1e-6
  [32m 30/30  ✓[0m  fwd residual reported
--------------------------------------------------------------
[1mHARD TOTAL: 104/211[0m  (49.3%)
[1mEXIT_CRITERIA_MET:[0m [31mNO[0m
[1mREMEDY HINTS:[0m
  - hard gate failed: latent_ks (latent KS vs N(0,1) <0.05) -- check epochs [0, 1, 2, 3, 6, 8, 10, 11, 12, 13, 20, 23, 24, 26, 27, 28, 29]
  - hard gate failed: h_alive (h std > 1e-3) -- check epochs [0, 1, 2, 3, 4, 5, 6, 7, 8, 9, 10, 11, 12, 13, 14, 15, 16, 17, 18, 19, 20, 21, 22, 23, 24, 25, 26, 27, 28, 29]
  - hard gate failed: film_alive (FiLM γ,β std > 1e-3 aggregate) -- check epochs [0, 1, 2, 3, 4, 5, 6, 7, 8, 9, 10, 11, 12, 13, 14, 15, 16, 17, 18, 19, 20, 21, 22, 23, 24, 25, 26, 27, 28, 29]
  - hard gate failed: determinism ((y,seed) max|Δh| < 1e-6) -- check epochs [0, 1, 2, 3, 4, 5, 6, 7, 8, 9, 10, 11, 12, 13, 14, 15, 16, 17, 18, 19, 20, 21, 22, 23, 24, 25, 26, 27, 28, 29]
[33mSTEP-1_1_1 SOFT WARNINGS (non-blocking):[0m
  ! fwd_rel=0.974 > target 0.500 (informational; no resume baseline available)
==============================================================
2026-05-14 02:08:41,609 INFO CSMF2.step_1_1_1.run :: STEP-1_1 run DONE  exit_ok=False  out=CSMF2/experiments/step_1_1_1/results/glow_s2_n0.00_seed0_8553f217e66d
