2026-05-14 17:17:03,336 INFO CSMF2.step_1_1_1.run :: STEP-1_1 run | tag=glow_s2_n0.10_seed0_a7f01bc637a9 | cfg=StepCfg(data_root='./mnist_data', scale=2, blur_sigma=1.0, noise_sigma=0.1, batch_size=128, expert='glow', dim=784, cond_width=128, h_dim=256, flow_hidden=256, use_film=True, cache_h=True, use_v2_conditioner=True, film_depth=2, film_hidden=128, film_use_gelu=True, realnvp_n_couplings=6, realnvp_s_max=2.0, glow_n_steps=8, glow_coupling_hidden=256, glow_s_max=2.0, glow_squeeze=True, glow_n_levels=1, glow_image_c=1, glow_image_h=28, glow_image_w=28, glow_film_gain_init=0.3, lr=0.001, epochs=30, weight_decay=0.0, grad_clip=5.0, shuffle_loss_lambda=1.0, shuffle_loss_margin=0.5, h_std_penalty_mu=10.0, h_std_target=0.05, cond_y_residual_alpha_init=0.3, latent_moment_lambda=1.0, latent_ks_target=0.1, fwd_rel_target=0.5, resume_from=None, seed=0, out_root='./CSMF2/experiments/step_1_1_1/results', log_every=50, sanity_every_epoch=True)
2026-05-14 17:17:03,407 INFO CSMF2.step_1_1_1.run :: [run] data sizes: train=55000  val=5000 (per-epoch)  test=10000 (final-only)
2026-05-14 17:17:03,477 INFO CSMF2.step_1_1_1.run :: [y_sanity] y.std(dim=0).mean() = 0.1512  shape=(128, 1, 14, 14)
2026-05-14 17:17:03,579 INFO CSMF2.models.flows.glow.actnorm :: [Actnorm] data-init: C=4  s_mean=0.562  b_mean=1.188
2026-05-14 17:17:03,612 INFO CSMF2.models.experts :: [CondGlow.init_actnorm] step 0 done
2026-05-14 17:17:03,612 INFO CSMF2.models.flows.glow.actnorm :: [Actnorm] data-init: C=4  s_mean=1.192  b_mean=0.002
2026-05-14 17:17:03,644 INFO CSMF2.models.experts :: [CondGlow.init_actnorm] step 1 done
2026-05-14 17:17:03,644 INFO CSMF2.models.flows.glow.actnorm :: [Actnorm] data-init: C=4  s_mean=0.964  b_mean=-0.012
2026-05-14 17:17:03,676 INFO CSMF2.models.experts :: [CondGlow.init_actnorm] step 2 done
2026-05-14 17:17:03,677 INFO CSMF2.models.flows.glow.actnorm :: [Actnorm] data-init: C=4  s_mean=1.038  b_mean=-0.000
2026-05-14 17:17:03,708 INFO CSMF2.models.experts :: [CondGlow.init_actnorm] step 3 done
2026-05-14 17:17:03,709 INFO CSMF2.models.flows.glow.actnorm :: [Actnorm] data-init: C=4  s_mean=1.041  b_mean=0.005
2026-05-14 17:17:03,741 INFO CSMF2.models.experts :: [CondGlow.init_actnorm] step 4 done
2026-05-14 17:17:03,741 INFO CSMF2.models.flows.glow.actnorm :: [Actnorm] data-init: C=4  s_mean=1.264  b_mean=0.016
2026-05-14 17:17:03,773 INFO CSMF2.models.experts :: [CondGlow.init_actnorm] step 5 done
2026-05-14 17:17:03,773 INFO CSMF2.models.flows.glow.actnorm :: [Actnorm] data-init: C=4  s_mean=1.074  b_mean=0.000
2026-05-14 17:17:03,805 INFO CSMF2.models.experts :: [CondGlow.init_actnorm] step 6 done
2026-05-14 17:17:03,806 INFO CSMF2.models.flows.glow.actnorm :: [Actnorm] data-init: C=4  s_mean=0.975  b_mean=-0.008
2026-05-14 17:17:03,838 INFO CSMF2.models.experts :: [CondGlow.init_actnorm] step 7 done
2026-05-14 17:17:03,838 INFO CSMF2.step_1_1_1.run :: [run] logdet twin check SKIPPED for Glow: twin-flow logdet check incompatible with image-shape Glow; per-epoch invertibility_check covers correctness
2026-05-14 17:17:47,899 INFO CSMF2.step_1_1_1.run :: [h] epoch=0 step=50 total=0.04213 batch=0.03007
2026-05-14 17:17:47,899 INFO CSMF2.step_1_1_1.run :: [lat] epoch=0 step=50 mean_l2=0.22488 std_l2=0.35892
2026-05-14 17:17:48,301 INFO CSMF2.step_1_1_1.run :: epoch=0 step=50/429 train_nll=-1929.393
2026-05-14 17:18:32,360 INFO CSMF2.step_1_1_1.run :: [h] epoch=0 step=100 total=0.03747 batch=0.03065
2026-05-14 17:18:32,360 INFO CSMF2.step_1_1_1.run :: [lat] epoch=0 step=100 mean_l2=0.12130 std_l2=0.23099
2026-05-14 17:18:32,762 INFO CSMF2.step_1_1_1.run :: epoch=0 step=100/429 train_nll=-2338.728
2026-05-14 17:19:16,931 INFO CSMF2.step_1_1_1.run :: [h] epoch=0 step=150 total=0.03721 batch=0.03016
2026-05-14 17:19:16,931 INFO CSMF2.step_1_1_1.run :: [lat] epoch=0 step=150 mean_l2=0.34052 std_l2=0.17913
2026-05-14 17:19:17,334 INFO CSMF2.step_1_1_1.run :: epoch=0 step=150/429 train_nll=-2533.257
2026-05-14 17:20:01,536 INFO CSMF2.step_1_1_1.run :: [h] epoch=0 step=200 total=0.03292 batch=0.02849
2026-05-14 17:20:01,537 INFO CSMF2.step_1_1_1.run :: [lat] epoch=0 step=200 mean_l2=0.18219 std_l2=0.19993
2026-05-14 17:20:01,945 INFO CSMF2.step_1_1_1.run :: epoch=0 step=200/429 train_nll=-2656.320
2026-05-14 17:20:46,330 INFO CSMF2.step_1_1_1.run :: [h] epoch=0 step=250 total=0.03359 batch=0.02987
2026-05-14 17:20:46,331 INFO CSMF2.step_1_1_1.run :: [lat] epoch=0 step=250 mean_l2=0.09948 std_l2=0.10202
2026-05-14 17:20:46,768 INFO CSMF2.step_1_1_1.run :: epoch=0 step=250/429 train_nll=-2749.294
2026-05-14 17:21:30,972 INFO CSMF2.step_1_1_1.run :: [h] epoch=0 step=300 total=0.03439 batch=0.03094
2026-05-14 17:21:30,973 INFO CSMF2.step_1_1_1.run :: [lat] epoch=0 step=300 mean_l2=0.09283 std_l2=0.08438
2026-05-14 17:21:31,375 INFO CSMF2.step_1_1_1.run :: epoch=0 step=300/429 train_nll=-2818.029
2026-05-14 17:22:15,680 INFO CSMF2.step_1_1_1.run :: [h] epoch=0 step=350 total=0.03279 batch=0.02977
2026-05-14 17:22:15,681 INFO CSMF2.step_1_1_1.run :: [lat] epoch=0 step=350 mean_l2=0.06934 std_l2=0.09627
2026-05-14 17:22:16,082 INFO CSMF2.step_1_1_1.run :: epoch=0 step=350/429 train_nll=-2870.023
2026-05-14 17:23:00,632 INFO CSMF2.step_1_1_1.run :: [h] epoch=0 step=400 total=0.03403 batch=0.03082
2026-05-14 17:23:00,633 INFO CSMF2.step_1_1_1.run :: [lat] epoch=0 step=400 mean_l2=0.08380 std_l2=0.06511
2026-05-14 17:23:01,068 INFO CSMF2.step_1_1_1.run :: epoch=0 step=400/429 train_nll=-2918.079
2026-05-14 17:23:36,735 INFO CSMF2.step_1_1_1.run :: epoch=0  train_nll=-2941.153  val_nll=-3245.839  t=392.9s
2026-05-14 17:23:36,735 INFO CSMF2.step_1_1_1.run :: [glow] film_gain mean=0.2989 min=0.2787 max=0.3163
2026-05-14 17:23:36,735 INFO CSMF2.step_1_1_1.run :: [shuffle] gap_mean=0.356 hinge=0.2536 lambda=1.000 margin=0.50
2026-05-14 17:23:36,735 INFO CSMF2.step_1_1_1.run :: [h_std] total=0.03790 batch=0.03027 penalty=0.01973 target=0.0500 mu=10.000
2026-05-14 17:23:36,735 INFO CSMF2.step_1_1_1.run :: [lat_epoch] mean_l2=0.17523 std_l2=0.23589 lambda=1.000
2026-05-14 17:23:36,735 INFO CSMF2.step_1_1_1.run :: [y_resid] alpha=0.2616
2026-05-14 17:23:36,735 INFO CSMF2.step_1_1_1.run :: [grad] cond=77.0696 film_gain=2298.3620
2026-05-14 17:24:29,136 INFO CSMF2.step_1_1_1.run :: [h] epoch=1 step=50 total=0.03213 batch=0.02938
2026-05-14 17:24:29,137 INFO CSMF2.step_1_1_1.run :: [lat] epoch=1 step=50 mean_l2=0.08913 std_l2=0.04329
2026-05-14 17:24:29,546 INFO CSMF2.step_1_1_1.run :: epoch=1 step=50/429 train_nll=-3243.695
2026-05-14 17:25:13,913 INFO CSMF2.step_1_1_1.run :: [h] epoch=1 step=100 total=0.03466 batch=0.03189
2026-05-14 17:25:13,913 INFO CSMF2.step_1_1_1.run :: [lat] epoch=1 step=100 mean_l2=0.09799 std_l2=0.06082
2026-05-14 17:25:14,317 INFO CSMF2.step_1_1_1.run :: epoch=1 step=100/429 train_nll=-3261.970
2026-05-14 17:25:58,874 INFO CSMF2.step_1_1_1.run :: [h] epoch=1 step=150 total=0.03325 batch=0.03098
2026-05-14 17:25:58,875 INFO CSMF2.step_1_1_1.run :: [lat] epoch=1 step=150 mean_l2=0.20400 std_l2=0.11264
2026-05-14 17:25:59,286 INFO CSMF2.step_1_1_1.run :: epoch=1 step=150/429 train_nll=-3273.403
2026-05-14 17:26:43,601 INFO CSMF2.step_1_1_1.run :: [h] epoch=1 step=200 total=0.03508 batch=0.03208
2026-05-14 17:26:43,602 INFO CSMF2.step_1_1_1.run :: [lat] epoch=1 step=200 mean_l2=0.09901 std_l2=0.05243
2026-05-14 17:26:44,010 INFO CSMF2.step_1_1_1.run :: epoch=1 step=200/429 train_nll=-3279.349
2026-05-14 17:27:29,171 INFO CSMF2.step_1_1_1.run :: [h] epoch=1 step=250 total=0.03400 batch=0.03161
2026-05-14 17:27:29,171 INFO CSMF2.step_1_1_1.run :: [lat] epoch=1 step=250 mean_l2=0.06303 std_l2=0.06807
2026-05-14 17:27:29,584 INFO CSMF2.step_1_1_1.run :: epoch=1 step=250/429 train_nll=-3285.166
2026-05-14 17:28:14,491 INFO CSMF2.step_1_1_1.run :: [h] epoch=1 step=300 total=0.03442 batch=0.03180
2026-05-14 17:28:14,492 INFO CSMF2.step_1_1_1.run :: [lat] epoch=1 step=300 mean_l2=0.26351 std_l2=0.10061
2026-05-14 17:28:14,905 INFO CSMF2.step_1_1_1.run :: epoch=1 step=300/429 train_nll=-3292.824
2026-05-14 17:28:59,929 INFO CSMF2.step_1_1_1.run :: [h] epoch=1 step=350 total=0.03455 batch=0.03185
2026-05-14 17:28:59,930 INFO CSMF2.step_1_1_1.run :: [lat] epoch=1 step=350 mean_l2=0.04117 std_l2=0.04536
2026-05-14 17:29:00,381 INFO CSMF2.step_1_1_1.run :: epoch=1 step=350/429 train_nll=-3290.726
2026-05-14 17:29:45,252 INFO CSMF2.step_1_1_1.run :: [h] epoch=1 step=400 total=0.03491 batch=0.03183
2026-05-14 17:29:45,253 INFO CSMF2.step_1_1_1.run :: [lat] epoch=1 step=400 mean_l2=0.05951 std_l2=0.04788
2026-05-14 17:29:45,663 INFO CSMF2.step_1_1_1.run :: epoch=1 step=400/429 train_nll=-3292.507
2026-05-14 17:30:21,936 INFO CSMF2.step_1_1_1.run :: epoch=1  train_nll=-3295.005  val_nll=-3258.869  t=397.0s
2026-05-14 17:30:21,936 INFO CSMF2.step_1_1_1.run :: [glow] film_gain mean=0.2972 min=0.2697 max=0.3185
2026-05-14 17:30:21,936 INFO CSMF2.step_1_1_1.run :: [shuffle] gap_mean=1.696 hinge=0.0507 lambda=1.000 margin=0.50
2026-05-14 17:30:21,936 INFO CSMF2.step_1_1_1.run :: [h_std] total=0.03474 batch=0.03186 penalty=0.01814 target=0.0500 mu=10.000
2026-05-14 17:30:21,936 INFO CSMF2.step_1_1_1.run :: [lat_epoch] mean_l2=0.10169 std_l2=0.34635 lambda=1.000
2026-05-14 17:30:21,936 INFO CSMF2.step_1_1_1.run :: [y_resid] alpha=0.2449
2026-05-14 17:30:21,937 INFO CSMF2.step_1_1_1.run :: [grad] cond=55.1387 film_gain=656.9351
2026-05-14 17:31:15,394 INFO CSMF2.step_1_1_1.run :: [h] epoch=2 step=50 total=0.03316 batch=0.03066
2026-05-14 17:31:15,395 INFO CSMF2.step_1_1_1.run :: [lat] epoch=2 step=50 mean_l2=0.15252 std_l2=0.08275
2026-05-14 17:31:15,840 INFO CSMF2.step_1_1_1.run :: epoch=2 step=50/429 train_nll=-3325.862
2026-05-14 17:31:59,936 INFO CSMF2.step_1_1_1.run :: [h] epoch=2 step=100 total=0.03247 batch=0.03016
2026-05-14 17:31:59,939 INFO CSMF2.step_1_1_1.run :: [lat] epoch=2 step=100 mean_l2=0.08432 std_l2=0.03020
2026-05-14 17:32:00,389 INFO CSMF2.step_1_1_1.run :: epoch=2 step=100/429 train_nll=-3328.564
2026-05-14 17:32:45,466 INFO CSMF2.step_1_1_1.run :: [h] epoch=2 step=150 total=0.03300 batch=0.03052
2026-05-14 17:32:45,472 INFO CSMF2.step_1_1_1.run :: [lat] epoch=2 step=150 mean_l2=0.09921 std_l2=0.06097
2026-05-14 17:32:45,887 INFO CSMF2.step_1_1_1.run :: epoch=2 step=150/429 train_nll=-3339.953
2026-05-14 17:33:30,465 INFO CSMF2.step_1_1_1.run :: [h] epoch=2 step=200 total=0.03255 batch=0.03068
2026-05-14 17:33:30,466 INFO CSMF2.step_1_1_1.run :: [lat] epoch=2 step=200 mean_l2=0.07843 std_l2=0.03835
2026-05-14 17:33:30,874 INFO CSMF2.step_1_1_1.run :: epoch=2 step=200/429 train_nll=-3351.442
2026-05-14 17:34:15,564 INFO CSMF2.step_1_1_1.run :: [h] epoch=2 step=250 total=0.03388 batch=0.03180
2026-05-14 17:34:15,565 INFO CSMF2.step_1_1_1.run :: [lat] epoch=2 step=250 mean_l2=0.07731 std_l2=0.04631
2026-05-14 17:34:15,974 INFO CSMF2.step_1_1_1.run :: epoch=2 step=250/429 train_nll=-3360.015
2026-05-14 17:35:00,745 INFO CSMF2.step_1_1_1.run :: [h] epoch=2 step=300 total=0.03706 batch=0.03300
2026-05-14 17:35:00,746 INFO CSMF2.step_1_1_1.run :: [lat] epoch=2 step=300 mean_l2=0.06227 std_l2=0.09353
2026-05-14 17:35:01,204 INFO CSMF2.step_1_1_1.run :: epoch=2 step=300/429 train_nll=-3361.358
2026-05-14 17:35:46,047 INFO CSMF2.step_1_1_1.run :: [h] epoch=2 step=350 total=0.03312 batch=0.03121
2026-05-14 17:35:46,048 INFO CSMF2.step_1_1_1.run :: [lat] epoch=2 step=350 mean_l2=0.07474 std_l2=0.03032
2026-05-14 17:35:46,469 INFO CSMF2.step_1_1_1.run :: epoch=2 step=350/429 train_nll=-3361.725
2026-05-14 17:36:30,866 INFO CSMF2.step_1_1_1.run :: [h] epoch=2 step=400 total=0.03274 batch=0.03132
2026-05-14 17:36:30,866 INFO CSMF2.step_1_1_1.run :: [lat] epoch=2 step=400 mean_l2=0.06264 std_l2=0.04478
2026-05-14 17:36:31,313 INFO CSMF2.step_1_1_1.run :: epoch=2 step=400/429 train_nll=-3367.132
2026-05-14 17:37:07,959 INFO CSMF2.step_1_1_1.run :: epoch=2  train_nll=-3370.316  val_nll=-3444.651  t=397.2s
2026-05-14 17:37:07,959 INFO CSMF2.step_1_1_1.run :: [glow] film_gain mean=0.2952 min=0.2664 max=0.3181
2026-05-14 17:37:07,960 INFO CSMF2.step_1_1_1.run :: [shuffle] gap_mean=3.288 hinge=0.0149 lambda=1.000 margin=0.50
2026-05-14 17:37:07,960 INFO CSMF2.step_1_1_1.run :: [h_std] total=0.03378 batch=0.03115 penalty=0.01885 target=0.0500 mu=10.000
2026-05-14 17:37:07,960 INFO CSMF2.step_1_1_1.run :: [lat_epoch] mean_l2=0.08057 std_l2=0.05831 lambda=1.000
2026-05-14 17:37:07,960 INFO CSMF2.step_1_1_1.run :: [y_resid] alpha=0.2192
2026-05-14 17:37:07,960 INFO CSMF2.step_1_1_1.run :: [grad] cond=10.5498 film_gain=300.0203
2026-05-14 17:38:01,507 INFO CSMF2.step_1_1_1.run :: [h] epoch=3 step=50 total=0.03281 batch=0.03148
2026-05-14 17:38:01,508 INFO CSMF2.step_1_1_1.run :: [lat] epoch=3 step=50 mean_l2=0.09074 std_l2=0.02636
2026-05-14 17:38:01,915 INFO CSMF2.step_1_1_1.run :: epoch=3 step=50/429 train_nll=-3424.942
2026-05-14 17:38:46,753 INFO CSMF2.step_1_1_1.run :: [h] epoch=3 step=100 total=0.03878 batch=0.03315
2026-05-14 17:38:46,753 INFO CSMF2.step_1_1_1.run :: [lat] epoch=3 step=100 mean_l2=0.03553 std_l2=0.03836
2026-05-14 17:38:47,161 INFO CSMF2.step_1_1_1.run :: epoch=3 step=100/429 train_nll=-3400.759
2026-05-14 17:39:31,876 INFO CSMF2.step_1_1_1.run :: [h] epoch=3 step=150 total=0.03294 batch=0.03156
2026-05-14 17:39:31,877 INFO CSMF2.step_1_1_1.run :: [lat] epoch=3 step=150 mean_l2=0.03925 std_l2=0.03319
2026-05-14 17:39:32,286 INFO CSMF2.step_1_1_1.run :: epoch=3 step=150/429 train_nll=-3409.633
2026-05-14 17:40:16,852 INFO CSMF2.step_1_1_1.run :: [h] epoch=3 step=200 total=0.03466 batch=0.03335
2026-05-14 17:40:16,853 INFO CSMF2.step_1_1_1.run :: [lat] epoch=3 step=200 mean_l2=0.08195 std_l2=0.03675
2026-05-14 17:40:17,262 INFO CSMF2.step_1_1_1.run :: epoch=3 step=200/429 train_nll=-3413.997
2026-05-14 17:41:01,685 INFO CSMF2.step_1_1_1.run :: [h] epoch=3 step=250 total=0.03680 batch=0.03364
2026-05-14 17:41:01,686 INFO CSMF2.step_1_1_1.run :: [lat] epoch=3 step=250 mean_l2=0.05666 std_l2=0.08653
2026-05-14 17:41:02,136 INFO CSMF2.step_1_1_1.run :: epoch=3 step=250/429 train_nll=-3411.982
2026-05-14 17:41:46,607 INFO CSMF2.step_1_1_1.run :: [h] epoch=3 step=300 total=0.03570 batch=0.03315
2026-05-14 17:41:46,608 INFO CSMF2.step_1_1_1.run :: [lat] epoch=3 step=300 mean_l2=0.17575 std_l2=0.04394
2026-05-14 17:41:47,012 INFO CSMF2.step_1_1_1.run :: epoch=3 step=300/429 train_nll=-3406.385
2026-05-14 17:42:31,592 INFO CSMF2.step_1_1_1.run :: [h] epoch=3 step=350 total=0.03566 batch=0.03377
2026-05-14 17:42:31,593 INFO CSMF2.step_1_1_1.run :: [lat] epoch=3 step=350 mean_l2=0.06434 std_l2=0.03141
2026-05-14 17:42:32,035 INFO CSMF2.step_1_1_1.run :: epoch=3 step=350/429 train_nll=-3410.184
2026-05-14 17:43:16,665 INFO CSMF2.step_1_1_1.run :: [h] epoch=3 step=400 total=0.03394 batch=0.03279
2026-05-14 17:43:16,666 INFO CSMF2.step_1_1_1.run :: [lat] epoch=3 step=400 mean_l2=0.05590 std_l2=0.03125
2026-05-14 17:43:17,075 INFO CSMF2.step_1_1_1.run :: epoch=3 step=400/429 train_nll=-3415.508
2026-05-14 17:43:53,396 INFO CSMF2.step_1_1_1.run :: epoch=3  train_nll=-3417.438  val_nll=-3477.282  t=396.6s
2026-05-14 17:43:53,396 INFO CSMF2.step_1_1_1.run :: [glow] film_gain mean=0.2936 min=0.2648 max=0.3165
2026-05-14 17:43:53,396 INFO CSMF2.step_1_1_1.run :: [shuffle] gap_mean=4.879 hinge=0.0000 lambda=1.000 margin=0.50
2026-05-14 17:43:53,396 INFO CSMF2.step_1_1_1.run :: [h_std] total=0.03473 batch=0.03285 penalty=0.01715 target=0.0500 mu=10.000
2026-05-14 17:43:53,396 INFO CSMF2.step_1_1_1.run :: [lat_epoch] mean_l2=0.07210 std_l2=0.04231 lambda=1.000
2026-05-14 17:43:53,396 INFO CSMF2.step_1_1_1.run :: [y_resid] alpha=0.2129
2026-05-14 17:43:53,396 INFO CSMF2.step_1_1_1.run :: [grad] cond=20.2042 film_gain=514.1247
2026-05-14 17:44:45,757 INFO CSMF2.step_1_1_1.run :: [h] epoch=4 step=50 total=0.03657 batch=0.03528
2026-05-14 17:44:45,758 INFO CSMF2.step_1_1_1.run :: [lat] epoch=4 step=50 mean_l2=0.03078 std_l2=0.03041
2026-05-14 17:44:46,209 INFO CSMF2.step_1_1_1.run :: epoch=4 step=50/429 train_nll=-3454.017
2026-05-14 17:45:30,688 INFO CSMF2.step_1_1_1.run :: [h] epoch=4 step=100 total=0.03799 batch=0.03663
2026-05-14 17:45:30,689 INFO CSMF2.step_1_1_1.run :: [lat] epoch=4 step=100 mean_l2=0.05184 std_l2=0.03461
2026-05-14 17:45:31,099 INFO CSMF2.step_1_1_1.run :: epoch=4 step=100/429 train_nll=-3455.484
2026-05-14 17:46:15,790 INFO CSMF2.step_1_1_1.run :: [h] epoch=4 step=150 total=0.03631 batch=0.03508
2026-05-14 17:46:15,791 INFO CSMF2.step_1_1_1.run :: [lat] epoch=4 step=150 mean_l2=0.06865 std_l2=0.02684
2026-05-14 17:46:16,198 INFO CSMF2.step_1_1_1.run :: epoch=4 step=150/429 train_nll=-3451.501
2026-05-14 17:47:00,907 INFO CSMF2.step_1_1_1.run :: [h] epoch=4 step=200 total=0.03677 batch=0.03566
2026-05-14 17:47:00,908 INFO CSMF2.step_1_1_1.run :: [lat] epoch=4 step=200 mean_l2=0.03603 std_l2=0.03675
2026-05-14 17:47:01,318 INFO CSMF2.step_1_1_1.run :: epoch=4 step=200/429 train_nll=-3457.796
2026-05-14 17:47:46,137 INFO CSMF2.step_1_1_1.run :: [h] epoch=4 step=250 total=0.03717 batch=0.03568
2026-05-14 17:47:46,138 INFO CSMF2.step_1_1_1.run :: [lat] epoch=4 step=250 mean_l2=0.04338 std_l2=0.04407
2026-05-14 17:47:46,584 INFO CSMF2.step_1_1_1.run :: epoch=4 step=250/429 train_nll=-3455.493
2026-05-14 17:48:31,041 INFO CSMF2.step_1_1_1.run :: [h] epoch=4 step=300 total=0.03693 batch=0.03606
2026-05-14 17:48:31,041 INFO CSMF2.step_1_1_1.run :: [lat] epoch=4 step=300 mean_l2=0.09225 std_l2=0.04120
2026-05-14 17:48:31,450 INFO CSMF2.step_1_1_1.run :: epoch=4 step=300/429 train_nll=-3453.806
2026-05-14 17:49:15,863 INFO CSMF2.step_1_1_1.run :: [h] epoch=4 step=350 total=0.03804 batch=0.03719
2026-05-14 17:49:15,864 INFO CSMF2.step_1_1_1.run :: [lat] epoch=4 step=350 mean_l2=0.05691 std_l2=0.04544
2026-05-14 17:49:16,273 INFO CSMF2.step_1_1_1.run :: epoch=4 step=350/429 train_nll=-3455.617
2026-05-14 17:50:00,613 INFO CSMF2.step_1_1_1.run :: [h] epoch=4 step=400 total=0.03866 batch=0.03770
2026-05-14 17:50:00,614 INFO CSMF2.step_1_1_1.run :: [lat] epoch=4 step=400 mean_l2=0.06406 std_l2=0.05267
2026-05-14 17:50:01,038 INFO CSMF2.step_1_1_1.run :: epoch=4 step=400/429 train_nll=-3457.421
2026-05-14 17:50:37,279 INFO CSMF2.step_1_1_1.run :: epoch=4  train_nll=-3459.277  val_nll=-3474.756  t=396.1s
2026-05-14 17:50:37,279 INFO CSMF2.step_1_1_1.run :: [glow] film_gain mean=0.2924 min=0.2649 max=0.3150
2026-05-14 17:50:37,279 INFO CSMF2.step_1_1_1.run :: [shuffle] gap_mean=6.003 hinge=0.0000 lambda=1.000 margin=0.50
2026-05-14 17:50:37,279 INFO CSMF2.step_1_1_1.run :: [h_std] total=0.03688 batch=0.03564 penalty=0.01436 target=0.0500 mu=10.000
2026-05-14 17:50:37,279 INFO CSMF2.step_1_1_1.run :: [lat_epoch] mean_l2=0.06057 std_l2=0.03761 lambda=1.000
2026-05-14 17:50:37,279 INFO CSMF2.step_1_1_1.run :: [y_resid] alpha=0.2164
2026-05-14 17:50:37,279 INFO CSMF2.step_1_1_1.run :: [grad] cond=33.7631 film_gain=917.3619
2026-05-14 17:51:29,744 INFO CSMF2.step_1_1_1.run :: [h] epoch=5 step=50 total=0.04027 batch=0.03853
2026-05-14 17:51:29,745 INFO CSMF2.step_1_1_1.run :: [lat] epoch=5 step=50 mean_l2=0.08141 std_l2=0.07142
2026-05-14 17:51:30,161 INFO CSMF2.step_1_1_1.run :: epoch=5 step=50/429 train_nll=-3448.622
2026-05-14 17:52:14,920 INFO CSMF2.step_1_1_1.run :: [h] epoch=5 step=100 total=0.03935 batch=0.03815
2026-05-14 17:52:14,920 INFO CSMF2.step_1_1_1.run :: [lat] epoch=5 step=100 mean_l2=0.03600 std_l2=0.02553
2026-05-14 17:52:15,329 INFO CSMF2.step_1_1_1.run :: epoch=5 step=100/429 train_nll=-3462.507
2026-05-14 17:53:00,367 INFO CSMF2.step_1_1_1.run :: [h] epoch=5 step=150 total=0.03863 batch=0.03753
2026-05-14 17:53:00,368 INFO CSMF2.step_1_1_1.run :: [lat] epoch=5 step=150 mean_l2=0.05145 std_l2=0.02190
2026-05-14 17:53:00,786 INFO CSMF2.step_1_1_1.run :: epoch=5 step=150/429 train_nll=-3471.281
2026-05-14 17:53:45,521 INFO CSMF2.step_1_1_1.run :: [h] epoch=5 step=200 total=0.03986 batch=0.03877
2026-05-14 17:53:45,522 INFO CSMF2.step_1_1_1.run :: [lat] epoch=5 step=200 mean_l2=0.09365 std_l2=0.04773
2026-05-14 17:53:45,970 INFO CSMF2.step_1_1_1.run :: epoch=5 step=200/429 train_nll=-3470.894
2026-05-14 17:54:30,633 INFO CSMF2.step_1_1_1.run :: [h] epoch=5 step=250 total=0.04363 batch=0.04223
2026-05-14 17:54:30,634 INFO CSMF2.step_1_1_1.run :: [lat] epoch=5 step=250 mean_l2=0.21957 std_l2=0.12886
2026-05-14 17:54:31,059 INFO CSMF2.step_1_1_1.run :: epoch=5 step=250/429 train_nll=-3471.247
2026-05-14 17:55:15,545 INFO CSMF2.step_1_1_1.run :: [h] epoch=5 step=300 total=0.04040 batch=0.03810
2026-05-14 17:55:15,545 INFO CSMF2.step_1_1_1.run :: [lat] epoch=5 step=300 mean_l2=0.03373 std_l2=0.03562
2026-05-14 17:55:15,980 INFO CSMF2.step_1_1_1.run :: epoch=5 step=300/429 train_nll=-3466.733
2026-05-14 17:56:00,372 INFO CSMF2.step_1_1_1.run :: [h] epoch=5 step=350 total=0.04070 batch=0.03966
2026-05-14 17:56:00,372 INFO CSMF2.step_1_1_1.run :: [lat] epoch=5 step=350 mean_l2=0.02795 std_l2=0.03177
2026-05-14 17:56:00,819 INFO CSMF2.step_1_1_1.run :: epoch=5 step=350/429 train_nll=-3469.145
2026-05-14 17:56:45,311 INFO CSMF2.step_1_1_1.run :: [h] epoch=5 step=400 total=0.03943 batch=0.03869
2026-05-14 17:56:45,312 INFO CSMF2.step_1_1_1.run :: [lat] epoch=5 step=400 mean_l2=0.03700 std_l2=0.02422
2026-05-14 17:56:45,759 INFO CSMF2.step_1_1_1.run :: epoch=5 step=400/429 train_nll=-3472.236
2026-05-14 17:57:22,051 INFO CSMF2.step_1_1_1.run :: epoch=5  train_nll=-3470.965  val_nll=-3490.005  t=396.7s
2026-05-14 17:57:22,051 INFO CSMF2.step_1_1_1.run :: [glow] film_gain mean=0.2899 min=0.2651 max=0.3116
2026-05-14 17:57:22,052 INFO CSMF2.step_1_1_1.run :: [shuffle] gap_mean=7.116 hinge=0.0140 lambda=1.000 margin=0.50
2026-05-14 17:57:22,052 INFO CSMF2.step_1_1_1.run :: [h_std] total=0.03958 batch=0.03833 penalty=0.01167 target=0.0500 mu=10.000
2026-05-14 17:57:22,052 INFO CSMF2.step_1_1_1.run :: [lat_epoch] mean_l2=0.06617 std_l2=0.04080 lambda=1.000
2026-05-14 17:57:22,052 INFO CSMF2.step_1_1_1.run :: [y_resid] alpha=0.2140
2026-05-14 17:57:22,052 INFO CSMF2.step_1_1_1.run :: [grad] cond=18.3287 film_gain=627.7112
2026-05-14 17:58:15,299 INFO CSMF2.step_1_1_1.run :: [h] epoch=6 step=50 total=0.04449 batch=0.04296
2026-05-14 17:58:15,300 INFO CSMF2.step_1_1_1.run :: [lat] epoch=6 step=50 mean_l2=0.03538 std_l2=0.02498
2026-05-14 17:58:15,709 INFO CSMF2.step_1_1_1.run :: epoch=6 step=50/429 train_nll=-3491.813
2026-05-14 17:59:00,336 INFO CSMF2.step_1_1_1.run :: [h] epoch=6 step=100 total=0.04229 batch=0.04066
2026-05-14 17:59:00,336 INFO CSMF2.step_1_1_1.run :: [lat] epoch=6 step=100 mean_l2=0.04469 std_l2=0.04767
2026-05-14 17:59:00,747 INFO CSMF2.step_1_1_1.run :: epoch=6 step=100/429 train_nll=-3487.492
2026-05-14 17:59:45,242 INFO CSMF2.step_1_1_1.run :: [h] epoch=6 step=150 total=0.04161 batch=0.03945
2026-05-14 17:59:45,243 INFO CSMF2.step_1_1_1.run :: [lat] epoch=6 step=150 mean_l2=0.04759 std_l2=0.03779
2026-05-14 17:59:45,653 INFO CSMF2.step_1_1_1.run :: epoch=6 step=150/429 train_nll=-3479.120
2026-05-14 18:00:30,470 INFO CSMF2.step_1_1_1.run :: [h] epoch=6 step=200 total=0.03815 batch=0.03738
2026-05-14 18:00:30,471 INFO CSMF2.step_1_1_1.run :: [lat] epoch=6 step=200 mean_l2=0.03989 std_l2=0.05259
2026-05-14 18:00:30,918 INFO CSMF2.step_1_1_1.run :: epoch=6 step=200/429 train_nll=-3479.911
2026-05-14 18:01:15,567 INFO CSMF2.step_1_1_1.run :: [h] epoch=6 step=250 total=0.03807 batch=0.03742
2026-05-14 18:01:15,568 INFO CSMF2.step_1_1_1.run :: [lat] epoch=6 step=250 mean_l2=0.06918 std_l2=0.05570
2026-05-14 18:01:15,985 INFO CSMF2.step_1_1_1.run :: epoch=6 step=250/429 train_nll=-3484.193
2026-05-14 18:02:00,447 INFO CSMF2.step_1_1_1.run :: [h] epoch=6 step=300 total=0.03979 batch=0.03906
2026-05-14 18:02:00,448 INFO CSMF2.step_1_1_1.run :: [lat] epoch=6 step=300 mean_l2=0.04630 std_l2=0.03007
2026-05-14 18:02:00,895 INFO CSMF2.step_1_1_1.run :: epoch=6 step=300/429 train_nll=-3487.668
2026-05-14 18:02:45,527 INFO CSMF2.step_1_1_1.run :: [h] epoch=6 step=350 total=0.03894 batch=0.03833
2026-05-14 18:02:45,527 INFO CSMF2.step_1_1_1.run :: [lat] epoch=6 step=350 mean_l2=0.04047 std_l2=0.03857
2026-05-14 18:02:45,945 INFO CSMF2.step_1_1_1.run :: epoch=6 step=350/429 train_nll=-3490.939
2026-05-14 18:03:30,780 INFO CSMF2.step_1_1_1.run :: [h] epoch=6 step=400 total=0.03941 batch=0.03874
2026-05-14 18:03:30,781 INFO CSMF2.step_1_1_1.run :: [lat] epoch=6 step=400 mean_l2=0.06557 std_l2=0.03955
2026-05-14 18:03:31,186 INFO CSMF2.step_1_1_1.run :: epoch=6 step=400/429 train_nll=-3491.766
2026-05-14 18:04:07,740 INFO CSMF2.step_1_1_1.run :: epoch=6  train_nll=-3492.099  val_nll=-3498.560  t=397.0s
2026-05-14 18:04:07,741 INFO CSMF2.step_1_1_1.run :: [glow] film_gain mean=0.2883 min=0.2637 max=0.3103
2026-05-14 18:04:07,741 INFO CSMF2.step_1_1_1.run :: [shuffle] gap_mean=7.982 hinge=0.0000 lambda=1.000 margin=0.50
2026-05-14 18:04:07,741 INFO CSMF2.step_1_1_1.run :: [h_std] total=0.04055 batch=0.03951 penalty=0.01049 target=0.0500 mu=10.000
2026-05-14 18:04:07,741 INFO CSMF2.step_1_1_1.run :: [lat_epoch] mean_l2=0.05900 std_l2=0.03662 lambda=1.000
2026-05-14 18:04:07,741 INFO CSMF2.step_1_1_1.run :: [y_resid] alpha=0.2052
2026-05-14 18:04:07,741 INFO CSMF2.step_1_1_1.run :: [grad] cond=42.7445 film_gain=534.3513
2026-05-14 18:05:01,344 INFO CSMF2.step_1_1_1.run :: [h] epoch=7 step=50 total=0.04186 batch=0.04113
2026-05-14 18:05:01,345 INFO CSMF2.step_1_1_1.run :: [lat] epoch=7 step=50 mean_l2=0.07649 std_l2=0.03833
2026-05-14 18:05:01,755 INFO CSMF2.step_1_1_1.run :: epoch=7 step=50/429 train_nll=-3488.157
2026-05-14 18:05:46,654 INFO CSMF2.step_1_1_1.run :: [h] epoch=7 step=100 total=0.04237 batch=0.04171
2026-05-14 18:05:46,654 INFO CSMF2.step_1_1_1.run :: [lat] epoch=7 step=100 mean_l2=0.03401 std_l2=0.04290
2026-05-14 18:05:47,063 INFO CSMF2.step_1_1_1.run :: epoch=7 step=100/429 train_nll=-3504.569
2026-05-14 18:06:31,800 INFO CSMF2.step_1_1_1.run :: [h] epoch=7 step=150 total=0.04231 batch=0.04146
2026-05-14 18:06:31,801 INFO CSMF2.step_1_1_1.run :: [lat] epoch=7 step=150 mean_l2=0.04798 std_l2=0.03457
2026-05-14 18:06:32,251 INFO CSMF2.step_1_1_1.run :: epoch=7 step=150/429 train_nll=-3504.011
2026-05-14 18:07:16,443 INFO CSMF2.step_1_1_1.run :: [h] epoch=7 step=200 total=0.04260 batch=0.04179
2026-05-14 18:07:16,443 INFO CSMF2.step_1_1_1.run :: [lat] epoch=7 step=200 mean_l2=0.05786 std_l2=0.03333
2026-05-14 18:07:16,854 INFO CSMF2.step_1_1_1.run :: epoch=7 step=200/429 train_nll=-3506.487
2026-05-14 18:08:01,479 INFO CSMF2.step_1_1_1.run :: [h] epoch=7 step=250 total=0.04394 batch=0.04109
2026-05-14 18:08:01,479 INFO CSMF2.step_1_1_1.run :: [lat] epoch=7 step=250 mean_l2=0.03002 std_l2=0.02211
2026-05-14 18:08:01,896 INFO CSMF2.step_1_1_1.run :: epoch=7 step=250/429 train_nll=-3497.797
2026-05-14 18:08:46,865 INFO CSMF2.step_1_1_1.run :: [h] epoch=7 step=300 total=0.03991 batch=0.03640
2026-05-14 18:08:46,865 INFO CSMF2.step_1_1_1.run :: [lat] epoch=7 step=300 mean_l2=0.05778 std_l2=0.02817
2026-05-14 18:08:47,275 INFO CSMF2.step_1_1_1.run :: epoch=7 step=300/429 train_nll=-3491.605
2026-05-14 18:09:32,331 INFO CSMF2.step_1_1_1.run :: [h] epoch=7 step=350 total=0.03422 batch=0.03218
2026-05-14 18:09:32,332 INFO CSMF2.step_1_1_1.run :: [lat] epoch=7 step=350 mean_l2=0.03594 std_l2=0.02771
2026-05-14 18:09:32,779 INFO CSMF2.step_1_1_1.run :: epoch=7 step=350/429 train_nll=-3487.591
2026-05-14 18:10:17,606 INFO CSMF2.step_1_1_1.run :: [h] epoch=7 step=400 total=0.03483 batch=0.03416
2026-05-14 18:10:17,607 INFO CSMF2.step_1_1_1.run :: [lat] epoch=7 step=400 mean_l2=0.08240 std_l2=0.03535
2026-05-14 18:10:18,016 INFO CSMF2.step_1_1_1.run :: epoch=7 step=400/429 train_nll=-3488.728
2026-05-14 18:10:54,275 INFO CSMF2.step_1_1_1.run :: epoch=7  train_nll=-3490.122  val_nll=-3535.415  t=397.6s
2026-05-14 18:10:54,275 INFO CSMF2.step_1_1_1.run :: [glow] film_gain mean=0.2842 min=0.2580 max=0.3064
2026-05-14 18:10:54,275 INFO CSMF2.step_1_1_1.run :: [shuffle] gap_mean=7.247 hinge=0.0371 lambda=1.000 margin=0.50
2026-05-14 18:10:54,275 INFO CSMF2.step_1_1_1.run :: [h_std] total=0.04100 batch=0.03922 penalty=0.01078 target=0.0500 mu=10.000
2026-05-14 18:10:54,275 INFO CSMF2.step_1_1_1.run :: [lat_epoch] mean_l2=0.06083 std_l2=0.04273 lambda=1.000
2026-05-14 18:10:54,275 INFO CSMF2.step_1_1_1.run :: [y_resid] alpha=0.1740
2026-05-14 18:10:54,275 INFO CSMF2.step_1_1_1.run :: [grad] cond=16.5520 film_gain=446.2839
2026-05-14 18:11:46,746 INFO CSMF2.step_1_1_1.run :: [h] epoch=8 step=50 total=0.03545 batch=0.03489
2026-05-14 18:11:46,747 INFO CSMF2.step_1_1_1.run :: [lat] epoch=8 step=50 mean_l2=0.07429 std_l2=0.02938
2026-05-14 18:11:47,157 INFO CSMF2.step_1_1_1.run :: epoch=8 step=50/429 train_nll=-3513.263
2026-05-14 18:12:31,752 INFO CSMF2.step_1_1_1.run :: [h] epoch=8 step=100 total=0.03675 batch=0.03616
2026-05-14 18:12:31,753 INFO CSMF2.step_1_1_1.run :: [lat] epoch=8 step=100 mean_l2=0.02429 std_l2=0.02694
2026-05-14 18:12:32,199 INFO CSMF2.step_1_1_1.run :: epoch=8 step=100/429 train_nll=-3519.596
2026-05-14 18:13:16,912 INFO CSMF2.step_1_1_1.run :: [h] epoch=8 step=150 total=0.03861 batch=0.03777
2026-05-14 18:13:16,913 INFO CSMF2.step_1_1_1.run :: [lat] epoch=8 step=150 mean_l2=0.04018 std_l2=0.02263
2026-05-14 18:13:17,330 INFO CSMF2.step_1_1_1.run :: epoch=8 step=150/429 train_nll=-3524.084
2026-05-14 18:14:02,003 INFO CSMF2.step_1_1_1.run :: [h] epoch=8 step=200 total=0.03900 batch=0.03837
2026-05-14 18:14:02,003 INFO CSMF2.step_1_1_1.run :: [lat] epoch=8 step=200 mean_l2=0.06753 std_l2=0.03039
2026-05-14 18:14:02,413 INFO CSMF2.step_1_1_1.run :: epoch=8 step=200/429 train_nll=-3526.596
2026-05-14 18:14:47,344 INFO CSMF2.step_1_1_1.run :: [h] epoch=8 step=250 total=0.03756 batch=0.03706
2026-05-14 18:14:47,344 INFO CSMF2.step_1_1_1.run :: [lat] epoch=8 step=250 mean_l2=0.04718 std_l2=0.02745
2026-05-14 18:14:47,753 INFO CSMF2.step_1_1_1.run :: epoch=8 step=250/429 train_nll=-3528.455
2026-05-14 18:15:32,410 INFO CSMF2.step_1_1_1.run :: [h] epoch=8 step=300 total=0.03984 batch=0.03842
2026-05-14 18:15:32,411 INFO CSMF2.step_1_1_1.run :: [lat] epoch=8 step=300 mean_l2=0.03650 std_l2=0.03703
2026-05-14 18:15:32,822 INFO CSMF2.step_1_1_1.run :: epoch=8 step=300/429 train_nll=-3522.283
2026-05-14 18:16:17,777 INFO CSMF2.step_1_1_1.run :: [h] epoch=8 step=350 total=0.04190 batch=0.04086
2026-05-14 18:16:17,777 INFO CSMF2.step_1_1_1.run :: [lat] epoch=8 step=350 mean_l2=0.02766 std_l2=0.02636
2026-05-14 18:16:18,187 INFO CSMF2.step_1_1_1.run :: epoch=8 step=350/429 train_nll=-3522.958
2026-05-14 18:17:02,461 INFO CSMF2.step_1_1_1.run :: [h] epoch=8 step=400 total=0.03862 batch=0.03784
2026-05-14 18:17:02,462 INFO CSMF2.step_1_1_1.run :: [lat] epoch=8 step=400 mean_l2=0.06524 std_l2=0.02809
2026-05-14 18:17:02,871 INFO CSMF2.step_1_1_1.run :: epoch=8 step=400/429 train_nll=-3519.008
2026-05-14 18:17:39,417 INFO CSMF2.step_1_1_1.run :: epoch=8  train_nll=-3518.834  val_nll=-3531.766  t=397.3s
2026-05-14 18:17:39,417 INFO CSMF2.step_1_1_1.run :: [glow] film_gain mean=0.2827 min=0.2576 max=0.3042
2026-05-14 18:17:39,417 INFO CSMF2.step_1_1_1.run :: [shuffle] gap_mean=8.988 hinge=0.0000 lambda=1.000 margin=0.50
2026-05-14 18:17:39,417 INFO CSMF2.step_1_1_1.run :: [h_std] total=0.03856 batch=0.03753 penalty=0.01247 target=0.0500 mu=10.000
2026-05-14 18:17:39,417 INFO CSMF2.step_1_1_1.run :: [lat_epoch] mean_l2=0.05425 std_l2=0.03555 lambda=1.000
2026-05-14 18:17:39,417 INFO CSMF2.step_1_1_1.run :: [y_resid] alpha=0.1778
2026-05-14 18:17:39,417 INFO CSMF2.step_1_1_1.run :: [grad] cond=17.8470 film_gain=633.9135
2026-05-14 18:18:31,807 INFO CSMF2.step_1_1_1.run :: [h] epoch=9 step=50 total=0.04010 batch=0.03954
2026-05-14 18:18:31,807 INFO CSMF2.step_1_1_1.run :: [lat] epoch=9 step=50 mean_l2=0.03256 std_l2=0.03176
2026-05-14 18:18:32,224 INFO CSMF2.step_1_1_1.run :: epoch=9 step=50/429 train_nll=-3535.476
2026-05-14 18:19:16,606 INFO CSMF2.step_1_1_1.run :: [h] epoch=9 step=100 total=0.03947 batch=0.03890
2026-05-14 18:19:16,608 INFO CSMF2.step_1_1_1.run :: [lat] epoch=9 step=100 mean_l2=0.03953 std_l2=0.02073
2026-05-14 18:19:17,017 INFO CSMF2.step_1_1_1.run :: epoch=9 step=100/429 train_nll=-3532.140
2026-05-14 18:20:01,936 INFO CSMF2.step_1_1_1.run :: [h] epoch=9 step=150 total=0.04167 batch=0.04107
2026-05-14 18:20:01,937 INFO CSMF2.step_1_1_1.run :: [lat] epoch=9 step=150 mean_l2=0.06478 std_l2=0.02369
2026-05-14 18:20:02,346 INFO CSMF2.step_1_1_1.run :: epoch=9 step=150/429 train_nll=-3533.707
2026-05-14 18:20:46,887 INFO CSMF2.step_1_1_1.run :: [h] epoch=9 step=200 total=0.04314 batch=0.04213
2026-05-14 18:20:46,888 INFO CSMF2.step_1_1_1.run :: [lat] epoch=9 step=200 mean_l2=0.06311 std_l2=0.02433
2026-05-14 18:20:47,333 INFO CSMF2.step_1_1_1.run :: epoch=9 step=200/429 train_nll=-3525.658
2026-05-14 18:21:31,625 INFO CSMF2.step_1_1_1.run :: [h] epoch=9 step=250 total=0.04323 batch=0.04213
2026-05-14 18:21:31,625 INFO CSMF2.step_1_1_1.run :: [lat] epoch=9 step=250 mean_l2=0.05533 std_l2=0.02664
2026-05-14 18:21:32,041 INFO CSMF2.step_1_1_1.run :: epoch=9 step=250/429 train_nll=-3523.515
2026-05-14 18:22:16,425 INFO CSMF2.step_1_1_1.run :: [h] epoch=9 step=300 total=0.04325 batch=0.04215
2026-05-14 18:22:16,425 INFO CSMF2.step_1_1_1.run :: [lat] epoch=9 step=300 mean_l2=0.10088 std_l2=190.36603
2026-05-14 18:22:16,836 INFO CSMF2.step_1_1_1.run :: epoch=9 step=300/429 train_nll=-3523.531
2026-05-14 18:23:01,487 INFO CSMF2.step_1_1_1.run :: [h] epoch=9 step=350 total=0.04004 batch=0.03922
2026-05-14 18:23:01,488 INFO CSMF2.step_1_1_1.run :: [lat] epoch=9 step=350 mean_l2=0.05669 std_l2=0.01841
2026-05-14 18:23:01,899 INFO CSMF2.step_1_1_1.run :: epoch=9 step=350/429 train_nll=-3516.558
2026-05-14 18:23:46,831 INFO CSMF2.step_1_1_1.run :: [h] epoch=9 step=400 total=0.04061 batch=0.03998
2026-05-14 18:23:46,832 INFO CSMF2.step_1_1_1.run :: [lat] epoch=9 step=400 mean_l2=0.04742 std_l2=0.02460
2026-05-14 18:23:47,248 INFO CSMF2.step_1_1_1.run :: epoch=9 step=400/429 train_nll=-3519.054
2026-05-14 18:24:24,004 INFO CSMF2.step_1_1_1.run :: epoch=9  train_nll=-3520.174  val_nll=-3533.119  t=396.7s
2026-05-14 18:24:24,004 INFO CSMF2.step_1_1_1.run :: [glow] film_gain mean=0.2806 min=0.2564 max=0.3010
2026-05-14 18:24:24,004 INFO CSMF2.step_1_1_1.run :: [shuffle] gap_mean=9.729 hinge=0.0000 lambda=1.000 margin=0.50
2026-05-14 18:24:24,005 INFO CSMF2.step_1_1_1.run :: [h_std] total=0.04131 batch=0.04034 penalty=0.00966 target=0.0500 mu=10.000
2026-05-14 18:24:24,005 INFO CSMF2.step_1_1_1.run :: [lat_epoch] mean_l2=0.05312 std_l2=0.47705 lambda=1.000
2026-05-14 18:24:24,005 INFO CSMF2.step_1_1_1.run :: [y_resid] alpha=0.1783
2026-05-14 18:24:24,005 INFO CSMF2.step_1_1_1.run :: [grad] cond=15.7434 film_gain=339.8509
2026-05-14 18:25:17,403 INFO CSMF2.step_1_1_1.run :: [h] epoch=10 step=50 total=0.04262 batch=0.04158
2026-05-14 18:25:17,404 INFO CSMF2.step_1_1_1.run :: [lat] epoch=10 step=50 mean_l2=0.08516 std_l2=0.03229
2026-05-14 18:25:17,822 INFO CSMF2.step_1_1_1.run :: epoch=10 step=50/429 train_nll=-3518.257
2026-05-14 18:26:02,505 INFO CSMF2.step_1_1_1.run :: [h] epoch=10 step=100 total=0.04327 batch=0.04263
2026-05-14 18:26:02,506 INFO CSMF2.step_1_1_1.run :: [lat] epoch=10 step=100 mean_l2=0.05987 std_l2=0.02873
2026-05-14 18:26:02,915 INFO CSMF2.step_1_1_1.run :: epoch=10 step=100/429 train_nll=-3526.816
2026-05-14 18:26:48,080 INFO CSMF2.step_1_1_1.run :: [h] epoch=10 step=150 total=0.04346 batch=0.04271
2026-05-14 18:26:48,080 INFO CSMF2.step_1_1_1.run :: [lat] epoch=10 step=150 mean_l2=0.02485 std_l2=0.02424
2026-05-14 18:26:48,490 INFO CSMF2.step_1_1_1.run :: epoch=10 step=150/429 train_nll=-3535.460
2026-05-14 18:27:33,174 INFO CSMF2.step_1_1_1.run :: [h] epoch=10 step=200 total=0.04345 batch=0.04291
2026-05-14 18:27:33,175 INFO CSMF2.step_1_1_1.run :: [lat] epoch=10 step=200 mean_l2=0.03256 std_l2=0.02356
2026-05-14 18:27:33,585 INFO CSMF2.step_1_1_1.run :: epoch=10 step=200/429 train_nll=-3538.175
2026-05-14 18:28:18,557 INFO CSMF2.step_1_1_1.run :: [h] epoch=10 step=250 total=0.04478 batch=0.04394
2026-05-14 18:28:18,557 INFO CSMF2.step_1_1_1.run :: [lat] epoch=10 step=250 mean_l2=0.05759 std_l2=0.02995
2026-05-14 18:28:18,967 INFO CSMF2.step_1_1_1.run :: epoch=10 step=250/429 train_nll=-3536.437
2026-05-14 18:29:03,748 INFO CSMF2.step_1_1_1.run :: [h] epoch=10 step=300 total=0.04340 batch=0.04158
2026-05-14 18:29:03,749 INFO CSMF2.step_1_1_1.run :: [lat] epoch=10 step=300 mean_l2=0.06463 std_l2=0.02893
2026-05-14 18:29:04,195 INFO CSMF2.step_1_1_1.run :: epoch=10 step=300/429 train_nll=-3525.249
2026-05-14 18:29:48,918 INFO CSMF2.step_1_1_1.run :: [h] epoch=10 step=350 total=0.03954 batch=0.03874
2026-05-14 18:29:48,919 INFO CSMF2.step_1_1_1.run :: [lat] epoch=10 step=350 mean_l2=0.03891 std_l2=0.07055
2026-05-14 18:29:49,371 INFO CSMF2.step_1_1_1.run :: epoch=10 step=350/429 train_nll=-3526.258
2026-05-14 18:30:33,932 INFO CSMF2.step_1_1_1.run :: [h] epoch=10 step=400 total=0.03999 batch=0.03929
2026-05-14 18:30:33,933 INFO CSMF2.step_1_1_1.run :: [lat] epoch=10 step=400 mean_l2=0.04255 std_l2=0.02335
2026-05-14 18:30:34,380 INFO CSMF2.step_1_1_1.run :: epoch=10 step=400/429 train_nll=-3526.927
2026-05-14 18:31:10,666 INFO CSMF2.step_1_1_1.run :: epoch=10  train_nll=-3529.306  val_nll=-3550.758  t=398.5s
2026-05-14 18:31:10,666 INFO CSMF2.step_1_1_1.run :: [glow] film_gain mean=0.2779 min=0.2541 max=0.2989
2026-05-14 18:31:10,666 INFO CSMF2.step_1_1_1.run :: [shuffle] gap_mean=9.502 hinge=0.0207 lambda=1.000 margin=0.50
2026-05-14 18:31:10,666 INFO CSMF2.step_1_1_1.run :: [h_std] total=0.04260 batch=0.04164 penalty=0.00836 target=0.0500 mu=10.000
2026-05-14 18:31:10,666 INFO CSMF2.step_1_1_1.run :: [lat_epoch] mean_l2=0.05098 std_l2=0.03512 lambda=1.000
2026-05-14 18:31:10,666 INFO CSMF2.step_1_1_1.run :: [y_resid] alpha=0.1735
2026-05-14 18:31:10,667 INFO CSMF2.step_1_1_1.run :: [grad] cond=66.4973 film_gain=899.5749
2026-05-14 18:32:03,221 INFO CSMF2.step_1_1_1.run :: [h] epoch=11 step=50 total=0.04294 batch=0.04229
2026-05-14 18:32:03,222 INFO CSMF2.step_1_1_1.run :: [lat] epoch=11 step=50 mean_l2=0.04632 std_l2=0.03068
2026-05-14 18:32:03,630 INFO CSMF2.step_1_1_1.run :: epoch=11 step=50/429 train_nll=-3549.136
2026-05-14 18:32:48,346 INFO CSMF2.step_1_1_1.run :: [h] epoch=11 step=100 total=0.04167 batch=0.04108
2026-05-14 18:32:48,346 INFO CSMF2.step_1_1_1.run :: [lat] epoch=11 step=100 mean_l2=0.04721 std_l2=0.03061
2026-05-14 18:32:48,755 INFO CSMF2.step_1_1_1.run :: epoch=11 step=100/429 train_nll=-3552.382
2026-05-14 18:33:33,362 INFO CSMF2.step_1_1_1.run :: [h] epoch=11 step=150 total=0.04233 batch=0.04192
2026-05-14 18:33:33,363 INFO CSMF2.step_1_1_1.run :: [lat] epoch=11 step=150 mean_l2=0.04894 std_l2=0.02617
2026-05-14 18:33:33,772 INFO CSMF2.step_1_1_1.run :: epoch=11 step=150/429 train_nll=-3551.467
2026-05-14 18:34:18,977 INFO CSMF2.step_1_1_1.run :: [h] epoch=11 step=200 total=0.04475 batch=0.04402
2026-05-14 18:34:18,978 INFO CSMF2.step_1_1_1.run :: [lat] epoch=11 step=200 mean_l2=0.03645 std_l2=0.02809
2026-05-14 18:34:19,394 INFO CSMF2.step_1_1_1.run :: epoch=11 step=200/429 train_nll=-3552.196
2026-05-14 18:35:04,403 INFO CSMF2.step_1_1_1.run :: [h] epoch=11 step=250 total=0.04382 batch=0.04297
2026-05-14 18:35:04,404 INFO CSMF2.step_1_1_1.run :: [lat] epoch=11 step=250 mean_l2=0.03208 std_l2=0.02440
2026-05-14 18:35:04,813 INFO CSMF2.step_1_1_1.run :: epoch=11 step=250/429 train_nll=-3544.307
2026-05-14 18:35:49,186 INFO CSMF2.step_1_1_1.run :: [h] epoch=11 step=300 total=0.04416 batch=0.04347
2026-05-14 18:35:49,187 INFO CSMF2.step_1_1_1.run :: [lat] epoch=11 step=300 mean_l2=0.22016 std_l2=0.15277
2026-05-14 18:35:49,635 INFO CSMF2.step_1_1_1.run :: epoch=11 step=300/429 train_nll=-3541.555
2026-05-14 18:36:34,369 INFO CSMF2.step_1_1_1.run :: [h] epoch=11 step=350 total=0.04305 batch=0.04155
2026-05-14 18:36:34,370 INFO CSMF2.step_1_1_1.run :: [lat] epoch=11 step=350 mean_l2=0.04336 std_l2=0.02830
2026-05-14 18:36:34,787 INFO CSMF2.step_1_1_1.run :: epoch=11 step=350/429 train_nll=-3534.688
2026-05-14 18:37:19,491 INFO CSMF2.step_1_1_1.run :: [h] epoch=11 step=400 total=0.04407 batch=0.04350
2026-05-14 18:37:19,492 INFO CSMF2.step_1_1_1.run :: [lat] epoch=11 step=400 mean_l2=0.04903 std_l2=0.04914
2026-05-14 18:37:19,913 INFO CSMF2.step_1_1_1.run :: epoch=11 step=400/429 train_nll=-3537.016
2026-05-14 18:37:56,551 INFO CSMF2.step_1_1_1.run :: epoch=11  train_nll=-3537.911  val_nll=-3572.256  t=397.9s
2026-05-14 18:37:56,552 INFO CSMF2.step_1_1_1.run :: [glow] film_gain mean=0.2757 min=0.2525 max=0.2956
2026-05-14 18:37:56,552 INFO CSMF2.step_1_1_1.run :: [shuffle] gap_mean=9.891 hinge=0.0000 lambda=1.000 margin=0.50
2026-05-14 18:37:56,552 INFO CSMF2.step_1_1_1.run :: [h_std] total=0.04374 batch=0.04270 penalty=0.00730 target=0.0500 mu=10.000
2026-05-14 18:37:56,552 INFO CSMF2.step_1_1_1.run :: [lat_epoch] mean_l2=0.04750 std_l2=0.03587 lambda=1.000
2026-05-14 18:37:56,552 INFO CSMF2.step_1_1_1.run :: [y_resid] alpha=0.1745
2026-05-14 18:37:56,552 INFO CSMF2.step_1_1_1.run :: [grad] cond=15.6897 film_gain=687.5097
2026-05-14 18:38:49,575 INFO CSMF2.step_1_1_1.run :: [h] epoch=12 step=50 total=0.04374 batch=0.04264
2026-05-14 18:38:49,576 INFO CSMF2.step_1_1_1.run :: [lat] epoch=12 step=50 mean_l2=0.03282 std_l2=0.02096
2026-05-14 18:38:50,023 INFO CSMF2.step_1_1_1.run :: epoch=12 step=50/429 train_nll=-3544.096
2026-05-14 18:39:34,347 INFO CSMF2.step_1_1_1.run :: [h] epoch=12 step=100 total=0.04510 batch=0.04450
2026-05-14 18:39:34,348 INFO CSMF2.step_1_1_1.run :: [lat] epoch=12 step=100 mean_l2=0.02019 std_l2=0.02604
2026-05-14 18:39:34,764 INFO CSMF2.step_1_1_1.run :: epoch=12 step=100/429 train_nll=-3535.505
2026-05-14 18:40:19,283 INFO CSMF2.step_1_1_1.run :: [h] epoch=12 step=150 total=0.04515 batch=0.04464
2026-05-14 18:40:19,283 INFO CSMF2.step_1_1_1.run :: [lat] epoch=12 step=150 mean_l2=0.03098 std_l2=0.03169
2026-05-14 18:40:19,701 INFO CSMF2.step_1_1_1.run :: epoch=12 step=150/429 train_nll=-3541.634
2026-05-14 18:41:04,244 INFO CSMF2.step_1_1_1.run :: [h] epoch=12 step=200 total=0.04766 batch=0.04718
2026-05-14 18:41:04,245 INFO CSMF2.step_1_1_1.run :: [lat] epoch=12 step=200 mean_l2=0.04174 std_l2=0.02887
2026-05-14 18:41:04,653 INFO CSMF2.step_1_1_1.run :: epoch=12 step=200/429 train_nll=-3544.101
2026-05-14 18:41:49,329 INFO CSMF2.step_1_1_1.run :: [h] epoch=12 step=250 total=0.04560 batch=0.04480
2026-05-14 18:41:49,334 INFO CSMF2.step_1_1_1.run :: [lat] epoch=12 step=250 mean_l2=0.03246 std_l2=0.02398
2026-05-14 18:41:49,745 INFO CSMF2.step_1_1_1.run :: epoch=12 step=250/429 train_nll=-3541.712
2026-05-14 18:42:34,515 INFO CSMF2.step_1_1_1.run :: [h] epoch=12 step=300 total=0.04816 batch=0.04671
2026-05-14 18:42:34,515 INFO CSMF2.step_1_1_1.run :: [lat] epoch=12 step=300 mean_l2=0.02782 std_l2=0.01880
2026-05-14 18:42:34,932 INFO CSMF2.step_1_1_1.run :: epoch=12 step=300/429 train_nll=-3541.397
2026-05-14 18:43:19,777 INFO CSMF2.step_1_1_1.run :: [h] epoch=12 step=350 total=0.04604 batch=0.04540
2026-05-14 18:43:19,777 INFO CSMF2.step_1_1_1.run :: [lat] epoch=12 step=350 mean_l2=0.04826 std_l2=0.03322
2026-05-14 18:43:20,224 INFO CSMF2.step_1_1_1.run :: epoch=12 step=350/429 train_nll=-3543.214
2026-05-14 18:44:04,826 INFO CSMF2.step_1_1_1.run :: [h] epoch=12 step=400 total=0.04666 batch=0.04621
2026-05-14 18:44:04,826 INFO CSMF2.step_1_1_1.run :: [lat] epoch=12 step=400 mean_l2=0.02756 std_l2=0.05985
2026-05-14 18:44:05,243 INFO CSMF2.step_1_1_1.run :: epoch=12 step=400/429 train_nll=-3544.565
2026-05-14 18:44:41,469 INFO CSMF2.step_1_1_1.run :: epoch=12  train_nll=-3540.305  val_nll=-3514.802  t=397.0s
2026-05-14 18:44:41,469 INFO CSMF2.step_1_1_1.run :: [glow] film_gain mean=0.2719 min=0.2504 max=0.2917
2026-05-14 18:44:41,469 INFO CSMF2.step_1_1_1.run :: [shuffle] gap_mean=10.728 hinge=0.0004 lambda=1.000 margin=0.50
2026-05-14 18:44:41,469 INFO CSMF2.step_1_1_1.run :: [h_std] total=0.04684 batch=0.04583 penalty=0.00418 target=0.0500 mu=10.000
2026-05-14 18:44:41,469 INFO CSMF2.step_1_1_1.run :: [lat_epoch] mean_l2=0.05027 std_l2=0.03628 lambda=1.000
2026-05-14 18:44:41,469 INFO CSMF2.step_1_1_1.run :: [y_resid] alpha=0.1728
2026-05-14 18:44:41,469 INFO CSMF2.step_1_1_1.run :: [grad] cond=89.1709 film_gain=615.0272
2026-05-14 18:45:35,268 INFO CSMF2.step_1_1_1.run :: [h] epoch=13 step=50 total=0.03834 batch=0.03612
2026-05-14 18:45:35,269 INFO CSMF2.step_1_1_1.run :: [lat] epoch=13 step=50 mean_l2=0.03093 std_l2=0.02617
2026-05-14 18:45:35,679 INFO CSMF2.step_1_1_1.run :: epoch=13 step=50/429 train_nll=-3491.097
2026-05-14 18:46:20,221 INFO CSMF2.step_1_1_1.run :: [h] epoch=13 step=100 total=0.03899 batch=0.03807
2026-05-14 18:46:20,222 INFO CSMF2.step_1_1_1.run :: [lat] epoch=13 step=100 mean_l2=0.02892 std_l2=0.03213
2026-05-14 18:46:20,639 INFO CSMF2.step_1_1_1.run :: epoch=13 step=100/429 train_nll=-3523.769
2026-05-14 18:47:05,371 INFO CSMF2.step_1_1_1.run :: [h] epoch=13 step=150 total=0.03839 batch=0.03764
2026-05-14 18:47:05,372 INFO CSMF2.step_1_1_1.run :: [lat] epoch=13 step=150 mean_l2=0.03822 std_l2=0.02427
2026-05-14 18:47:05,782 INFO CSMF2.step_1_1_1.run :: epoch=13 step=150/429 train_nll=-3532.426
2026-05-14 18:47:50,439 INFO CSMF2.step_1_1_1.run :: [h] epoch=13 step=200 total=0.03987 batch=0.03838
2026-05-14 18:47:50,440 INFO CSMF2.step_1_1_1.run :: [lat] epoch=13 step=200 mean_l2=0.02606 std_l2=0.02652
2026-05-14 18:47:50,887 INFO CSMF2.step_1_1_1.run :: epoch=13 step=200/429 train_nll=-3531.433
2026-05-14 18:48:35,441 INFO CSMF2.step_1_1_1.run :: [h] epoch=13 step=250 total=0.03780 batch=0.03703
2026-05-14 18:48:35,442 INFO CSMF2.step_1_1_1.run :: [lat] epoch=13 step=250 mean_l2=0.03737 std_l2=0.01828
2026-05-14 18:48:35,859 INFO CSMF2.step_1_1_1.run :: epoch=13 step=250/429 train_nll=-3536.303
2026-05-14 18:49:20,288 INFO CSMF2.step_1_1_1.run :: [h] epoch=13 step=300 total=0.03987 batch=0.03946
2026-05-14 18:49:20,289 INFO CSMF2.step_1_1_1.run :: [lat] epoch=13 step=300 mean_l2=0.04087 std_l2=0.02196
2026-05-14 18:49:20,699 INFO CSMF2.step_1_1_1.run :: epoch=13 step=300/429 train_nll=-3540.752
2026-05-14 18:50:05,385 INFO CSMF2.step_1_1_1.run :: [h] epoch=13 step=350 total=0.04220 batch=0.04164
2026-05-14 18:50:05,385 INFO CSMF2.step_1_1_1.run :: [lat] epoch=13 step=350 mean_l2=0.03973 std_l2=0.01991
2026-05-14 18:50:05,794 INFO CSMF2.step_1_1_1.run :: epoch=13 step=350/429 train_nll=-3543.109
2026-05-14 18:50:50,636 INFO CSMF2.step_1_1_1.run :: [h] epoch=13 step=400 total=0.04417 batch=0.04351
2026-05-14 18:50:50,637 INFO CSMF2.step_1_1_1.run :: [lat] epoch=13 step=400 mean_l2=0.03614 std_l2=0.02415
2026-05-14 18:50:51,084 INFO CSMF2.step_1_1_1.run :: epoch=13 step=400/429 train_nll=-3547.015
2026-05-14 18:51:27,407 INFO CSMF2.step_1_1_1.run :: epoch=13  train_nll=-3547.815  val_nll=-3542.750  t=397.0s
2026-05-14 18:51:27,407 INFO CSMF2.step_1_1_1.run :: [glow] film_gain mean=0.2700 min=0.2484 max=0.2898
2026-05-14 18:51:27,407 INFO CSMF2.step_1_1_1.run :: [shuffle] gap_mean=10.202 hinge=0.0140 lambda=1.000 margin=0.50
2026-05-14 18:51:27,407 INFO CSMF2.step_1_1_1.run :: [h_std] total=0.04049 batch=0.03916 penalty=0.01084 target=0.0500 mu=10.000
2026-05-14 18:51:27,407 INFO CSMF2.step_1_1_1.run :: [lat_epoch] mean_l2=0.04785 std_l2=0.03320 lambda=1.000
2026-05-14 18:51:27,407 INFO CSMF2.step_1_1_1.run :: [y_resid] alpha=0.1579
2026-05-14 18:51:27,407 INFO CSMF2.step_1_1_1.run :: [grad] cond=85.3226 film_gain=747.4695
2026-05-14 18:52:20,017 INFO CSMF2.step_1_1_1.run :: [h] epoch=14 step=50 total=0.04222 batch=0.04135
2026-05-14 18:52:20,018 INFO CSMF2.step_1_1_1.run :: [lat] epoch=14 step=50 mean_l2=0.03039 std_l2=0.02220
2026-05-14 18:52:20,428 INFO CSMF2.step_1_1_1.run :: epoch=14 step=50/429 train_nll=-3542.652
2026-05-14 18:53:05,430 INFO CSMF2.step_1_1_1.run :: [h] epoch=14 step=100 total=0.04330 batch=0.04275
2026-05-14 18:53:05,431 INFO CSMF2.step_1_1_1.run :: [lat] epoch=14 step=100 mean_l2=0.11161 std_l2=0.19966
2026-05-14 18:53:05,842 INFO CSMF2.step_1_1_1.run :: epoch=14 step=100/429 train_nll=-3550.742
2026-05-14 18:53:50,527 INFO CSMF2.step_1_1_1.run :: [h] epoch=14 step=150 total=0.04391 batch=0.04327
2026-05-14 18:53:50,528 INFO CSMF2.step_1_1_1.run :: [lat] epoch=14 step=150 mean_l2=0.03414 std_l2=0.02429
2026-05-14 18:53:50,975 INFO CSMF2.step_1_1_1.run :: epoch=14 step=150/429 train_nll=-3550.603
2026-05-14 18:54:35,725 INFO CSMF2.step_1_1_1.run :: [h] epoch=14 step=200 total=0.04390 batch=0.04325
2026-05-14 18:54:35,726 INFO CSMF2.step_1_1_1.run :: [lat] epoch=14 step=200 mean_l2=0.03456 std_l2=0.03076
2026-05-14 18:54:36,141 INFO CSMF2.step_1_1_1.run :: epoch=14 step=200/429 train_nll=-3557.374
2026-05-14 18:55:21,361 INFO CSMF2.step_1_1_1.run :: [h] epoch=14 step=250 total=0.04425 batch=0.04370
2026-05-14 18:55:21,362 INFO CSMF2.step_1_1_1.run :: [lat] epoch=14 step=250 mean_l2=0.04442 std_l2=0.03068
2026-05-14 18:55:21,780 INFO CSMF2.step_1_1_1.run :: epoch=14 step=250/429 train_nll=-3559.122
2026-05-14 18:56:06,712 INFO CSMF2.step_1_1_1.run :: [h] epoch=14 step=300 total=0.04413 batch=0.04316
2026-05-14 18:56:06,712 INFO CSMF2.step_1_1_1.run :: [lat] epoch=14 step=300 mean_l2=0.05245 std_l2=0.07504
2026-05-14 18:56:07,122 INFO CSMF2.step_1_1_1.run :: epoch=14 step=300/429 train_nll=-3557.548
2026-05-14 18:56:51,677 INFO CSMF2.step_1_1_1.run :: [h] epoch=14 step=350 total=0.04464 batch=0.04390
2026-05-14 18:56:51,678 INFO CSMF2.step_1_1_1.run :: [lat] epoch=14 step=350 mean_l2=0.03866 std_l2=0.02706
2026-05-14 18:56:52,125 INFO CSMF2.step_1_1_1.run :: epoch=14 step=350/429 train_nll=-3555.782
2026-05-14 18:57:36,583 INFO CSMF2.step_1_1_1.run :: [h] epoch=14 step=400 total=0.04643 batch=0.04572
2026-05-14 18:57:36,583 INFO CSMF2.step_1_1_1.run :: [lat] epoch=14 step=400 mean_l2=0.04843 std_l2=0.01859
2026-05-14 18:57:37,003 INFO CSMF2.step_1_1_1.run :: epoch=14 step=400/429 train_nll=-3559.151
2026-05-14 18:58:13,363 INFO CSMF2.step_1_1_1.run :: epoch=14  train_nll=-3559.253  val_nll=-3551.695  t=397.9s
2026-05-14 18:58:13,363 INFO CSMF2.step_1_1_1.run :: [glow] film_gain mean=0.2683 min=0.2472 max=0.2876
2026-05-14 18:58:13,363 INFO CSMF2.step_1_1_1.run :: [shuffle] gap_mean=11.832 hinge=0.0000 lambda=1.000 margin=0.50
2026-05-14 18:58:13,363 INFO CSMF2.step_1_1_1.run :: [h_std] total=0.04463 batch=0.04388 penalty=0.00612 target=0.0500 mu=10.000
2026-05-14 18:58:13,363 INFO CSMF2.step_1_1_1.run :: [lat_epoch] mean_l2=0.04568 std_l2=0.03150 lambda=1.000
2026-05-14 18:58:13,363 INFO CSMF2.step_1_1_1.run :: [y_resid] alpha=0.1647
2026-05-14 18:58:13,363 INFO CSMF2.step_1_1_1.run :: [grad] cond=33.8251 film_gain=989.6140
2026-05-14 18:59:07,074 INFO CSMF2.step_1_1_1.run :: [h] epoch=15 step=50 total=0.04687 batch=0.04626
2026-05-14 18:59:07,075 INFO CSMF2.step_1_1_1.run :: [lat] epoch=15 step=50 mean_l2=0.03214 std_l2=0.03135
2026-05-14 18:59:07,490 INFO CSMF2.step_1_1_1.run :: epoch=15 step=50/429 train_nll=-3559.692
2026-05-14 18:59:52,344 INFO CSMF2.step_1_1_1.run :: [h] epoch=15 step=100 total=0.04812 batch=0.04757
2026-05-14 18:59:52,345 INFO CSMF2.step_1_1_1.run :: [lat] epoch=15 step=100 mean_l2=0.06055 std_l2=0.02571
2026-05-14 18:59:52,755 INFO CSMF2.step_1_1_1.run :: epoch=15 step=100/429 train_nll=-3558.307
2026-05-14 19:00:37,305 INFO CSMF2.step_1_1_1.run :: [h] epoch=15 step=150 total=0.04850 batch=0.04795
2026-05-14 19:00:37,305 INFO CSMF2.step_1_1_1.run :: [lat] epoch=15 step=150 mean_l2=0.05796 std_l2=0.03298
2026-05-14 19:00:37,722 INFO CSMF2.step_1_1_1.run :: epoch=15 step=150/429 train_nll=-3553.777
2026-05-14 19:01:22,656 INFO CSMF2.step_1_1_1.run :: [h] epoch=15 step=200 total=0.04916 batch=0.04868
2026-05-14 19:01:22,657 INFO CSMF2.step_1_1_1.run :: [lat] epoch=15 step=200 mean_l2=0.03577 std_l2=0.02462
2026-05-14 19:01:23,063 INFO CSMF2.step_1_1_1.run :: epoch=15 step=200/429 train_nll=-3558.322
2026-05-14 19:02:07,718 INFO CSMF2.step_1_1_1.run :: [h] epoch=15 step=250 total=0.04954 batch=0.04898
2026-05-14 19:02:07,718 INFO CSMF2.step_1_1_1.run :: [lat] epoch=15 step=250 mean_l2=0.04302 std_l2=0.03163
2026-05-14 19:02:08,128 INFO CSMF2.step_1_1_1.run :: epoch=15 step=250/429 train_nll=-3555.645
2026-05-14 19:02:52,367 INFO CSMF2.step_1_1_1.run :: [h] epoch=15 step=300 total=0.04673 batch=0.04609
2026-05-14 19:02:52,368 INFO CSMF2.step_1_1_1.run :: [lat] epoch=15 step=300 mean_l2=0.03551 std_l2=0.02183
2026-05-14 19:02:52,778 INFO CSMF2.step_1_1_1.run :: epoch=15 step=300/429 train_nll=-3557.588
2026-05-14 19:03:37,971 INFO CSMF2.step_1_1_1.run :: [h] epoch=15 step=350 total=0.04857 batch=0.04808
2026-05-14 19:03:37,971 INFO CSMF2.step_1_1_1.run :: [lat] epoch=15 step=350 mean_l2=0.02646 std_l2=0.02362
2026-05-14 19:03:38,381 INFO CSMF2.step_1_1_1.run :: epoch=15 step=350/429 train_nll=-3561.496
2026-05-14 19:04:23,136 INFO CSMF2.step_1_1_1.run :: [h] epoch=15 step=400 total=0.05035 batch=0.04965
2026-05-14 19:04:23,136 INFO CSMF2.step_1_1_1.run :: [lat] epoch=15 step=400 mean_l2=0.05121 std_l2=0.02482
2026-05-14 19:04:23,554 INFO CSMF2.step_1_1_1.run :: epoch=15 step=400/429 train_nll=-3560.359
2026-05-14 19:05:00,162 INFO CSMF2.step_1_1_1.run :: epoch=15  train_nll=-3560.065  val_nll=-3572.952  t=397.8s
2026-05-14 19:05:00,162 INFO CSMF2.step_1_1_1.run :: [glow] film_gain mean=0.2662 min=0.2452 max=0.2852
2026-05-14 19:05:00,162 INFO CSMF2.step_1_1_1.run :: [shuffle] gap_mean=11.941 hinge=0.0000 lambda=1.000 margin=0.50
2026-05-14 19:05:00,162 INFO CSMF2.step_1_1_1.run :: [h_std] total=0.04879 batch=0.04812 penalty=0.00197 target=0.0500 mu=10.000
2026-05-14 19:05:00,162 INFO CSMF2.step_1_1_1.run :: [lat_epoch] mean_l2=0.04481 std_l2=0.03511 lambda=1.000
2026-05-14 19:05:00,162 INFO CSMF2.step_1_1_1.run :: [y_resid] alpha=0.1698
2026-05-14 19:05:00,162 INFO CSMF2.step_1_1_1.run :: [grad] cond=53.0065 film_gain=513.5747
2026-05-14 19:05:53,214 INFO CSMF2.step_1_1_1.run :: [h] epoch=16 step=50 total=0.05014 batch=0.04969
2026-05-14 19:05:53,215 INFO CSMF2.step_1_1_1.run :: [lat] epoch=16 step=50 mean_l2=0.03324 std_l2=0.02374
2026-05-14 19:05:53,661 INFO CSMF2.step_1_1_1.run :: epoch=16 step=50/429 train_nll=-3580.928
2026-05-14 19:06:38,665 INFO CSMF2.step_1_1_1.run :: [h] epoch=16 step=100 total=0.05035 batch=0.04954
2026-05-14 19:06:38,665 INFO CSMF2.step_1_1_1.run :: [lat] epoch=16 step=100 mean_l2=0.08322 std_l2=0.02933
2026-05-14 19:06:39,082 INFO CSMF2.step_1_1_1.run :: epoch=16 step=100/429 train_nll=-3581.412
2026-05-14 19:07:24,173 INFO CSMF2.step_1_1_1.run :: [h] epoch=16 step=150 total=0.05126 batch=0.05061
2026-05-14 19:07:24,174 INFO CSMF2.step_1_1_1.run :: [lat] epoch=16 step=150 mean_l2=0.02794 std_l2=0.02204
2026-05-14 19:07:24,583 INFO CSMF2.step_1_1_1.run :: epoch=16 step=150/429 train_nll=-3575.033
2026-05-14 19:08:09,180 INFO CSMF2.step_1_1_1.run :: [h] epoch=16 step=200 total=0.04970 batch=0.04913
2026-05-14 19:08:09,181 INFO CSMF2.step_1_1_1.run :: [lat] epoch=16 step=200 mean_l2=0.03110 std_l2=0.02014
2026-05-14 19:08:09,590 INFO CSMF2.step_1_1_1.run :: epoch=16 step=200/429 train_nll=-3577.383
2026-05-14 19:08:54,086 INFO CSMF2.step_1_1_1.run :: [h] epoch=16 step=250 total=0.05026 batch=0.04929
2026-05-14 19:08:54,087 INFO CSMF2.step_1_1_1.run :: [lat] epoch=16 step=250 mean_l2=0.03088 std_l2=0.02506
2026-05-14 19:08:54,535 INFO CSMF2.step_1_1_1.run :: epoch=16 step=250/429 train_nll=-3573.607
2026-05-14 19:09:39,204 INFO CSMF2.step_1_1_1.run :: [h] epoch=16 step=300 total=0.05035 batch=0.04979
2026-05-14 19:09:39,205 INFO CSMF2.step_1_1_1.run :: [lat] epoch=16 step=300 mean_l2=0.05156 std_l2=0.02196
2026-05-14 19:09:39,659 INFO CSMF2.step_1_1_1.run :: epoch=16 step=300/429 train_nll=-3571.528
2026-05-14 19:10:24,095 INFO CSMF2.step_1_1_1.run :: [h] epoch=16 step=350 total=0.04897 batch=0.04850
2026-05-14 19:10:24,096 INFO CSMF2.step_1_1_1.run :: [lat] epoch=16 step=350 mean_l2=0.03395 std_l2=0.02630
2026-05-14 19:10:24,506 INFO CSMF2.step_1_1_1.run :: epoch=16 step=350/429 train_nll=-3573.891
2026-05-14 19:11:09,307 INFO CSMF2.step_1_1_1.run :: [h] epoch=16 step=400 total=0.04989 batch=0.04908
2026-05-14 19:11:09,307 INFO CSMF2.step_1_1_1.run :: [lat] epoch=16 step=400 mean_l2=0.05229 std_l2=0.06135
2026-05-14 19:11:09,753 INFO CSMF2.step_1_1_1.run :: epoch=16 step=400/429 train_nll=-3576.042
2026-05-14 19:11:46,256 INFO CSMF2.step_1_1_1.run :: epoch=16  train_nll=-3574.494  val_nll=-3590.457  t=397.9s
2026-05-14 19:11:46,257 INFO CSMF2.step_1_1_1.run :: [glow] film_gain mean=0.2650 min=0.2446 max=0.2851
2026-05-14 19:11:46,257 INFO CSMF2.step_1_1_1.run :: [shuffle] gap_mean=12.948 hinge=0.0000 lambda=1.000 margin=0.50
2026-05-14 19:11:46,257 INFO CSMF2.step_1_1_1.run :: [h_std] total=0.05053 batch=0.04992 penalty=0.00051 target=0.0500 mu=10.000
2026-05-14 19:11:46,257 INFO CSMF2.step_1_1_1.run :: [lat_epoch] mean_l2=0.04098 std_l2=0.03036 lambda=1.000
2026-05-14 19:11:46,257 INFO CSMF2.step_1_1_1.run :: [y_resid] alpha=0.1704
2026-05-14 19:11:46,257 INFO CSMF2.step_1_1_1.run :: [grad] cond=35.5131 film_gain=653.8473
2026-05-14 19:12:39,194 INFO CSMF2.step_1_1_1.run :: [h] epoch=17 step=50 total=0.05180 batch=0.05097
2026-05-14 19:12:39,194 INFO CSMF2.step_1_1_1.run :: [lat] epoch=17 step=50 mean_l2=0.03664 std_l2=0.02794
2026-05-14 19:12:39,605 INFO CSMF2.step_1_1_1.run :: epoch=17 step=50/429 train_nll=-3579.792
2026-05-14 19:13:24,015 INFO CSMF2.step_1_1_1.run :: [h] epoch=17 step=100 total=0.05231 batch=0.04658
2026-05-14 19:13:24,016 INFO CSMF2.step_1_1_1.run :: [lat] epoch=17 step=100 mean_l2=0.04767 std_l2=0.02655
2026-05-14 19:13:24,468 INFO CSMF2.step_1_1_1.run :: epoch=17 step=100/429 train_nll=-3566.168
2026-05-14 19:14:09,260 INFO CSMF2.step_1_1_1.run :: [h] epoch=17 step=150 total=0.04635 batch=0.04553
2026-05-14 19:14:09,260 INFO CSMF2.step_1_1_1.run :: [lat] epoch=17 step=150 mean_l2=0.03140 std_l2=0.02938
2026-05-14 19:14:09,679 INFO CSMF2.step_1_1_1.run :: epoch=17 step=150/429 train_nll=-3564.529
2026-05-14 19:14:54,176 INFO CSMF2.step_1_1_1.run :: [h] epoch=17 step=200 total=0.04832 batch=0.04744
2026-05-14 19:14:54,177 INFO CSMF2.step_1_1_1.run :: [lat] epoch=17 step=200 mean_l2=0.07103 std_l2=0.02307
2026-05-14 19:14:54,588 INFO CSMF2.step_1_1_1.run :: epoch=17 step=200/429 train_nll=-3560.835
2026-05-14 19:15:39,200 INFO CSMF2.step_1_1_1.run :: [h] epoch=17 step=250 total=0.04873 batch=0.04822
2026-05-14 19:15:39,200 INFO CSMF2.step_1_1_1.run :: [lat] epoch=17 step=250 mean_l2=0.06374 std_l2=0.03210
2026-05-14 19:15:39,648 INFO CSMF2.step_1_1_1.run :: epoch=17 step=250/429 train_nll=-3558.563
2026-05-14 19:16:24,599 INFO CSMF2.step_1_1_1.run :: [h] epoch=17 step=300 total=0.04973 batch=0.04933
2026-05-14 19:16:24,600 INFO CSMF2.step_1_1_1.run :: [lat] epoch=17 step=300 mean_l2=0.04679 std_l2=0.02636
2026-05-14 19:16:25,049 INFO CSMF2.step_1_1_1.run :: epoch=17 step=300/429 train_nll=-3560.681
2026-05-14 19:17:09,484 INFO CSMF2.step_1_1_1.run :: [h] epoch=17 step=350 total=0.05017 batch=0.04957
2026-05-14 19:17:09,485 INFO CSMF2.step_1_1_1.run :: [lat] epoch=17 step=350 mean_l2=0.05941 std_l2=0.17906
2026-05-14 19:17:09,896 INFO CSMF2.step_1_1_1.run :: epoch=17 step=350/429 train_nll=-3561.720
2026-05-14 19:17:54,323 INFO CSMF2.step_1_1_1.run :: [h] epoch=17 step=400 total=0.04861 batch=0.04817
2026-05-14 19:17:54,324 INFO CSMF2.step_1_1_1.run :: [lat] epoch=17 step=400 mean_l2=0.03113 std_l2=0.02723
2026-05-14 19:17:54,735 INFO CSMF2.step_1_1_1.run :: epoch=17 step=400/429 train_nll=-3561.344
2026-05-14 19:18:30,904 INFO CSMF2.step_1_1_1.run :: epoch=17  train_nll=-3562.506  val_nll=-3570.992  t=396.6s
2026-05-14 19:18:30,904 INFO CSMF2.step_1_1_1.run :: [glow] film_gain mean=0.2621 min=0.2416 max=0.2821
2026-05-14 19:18:30,904 INFO CSMF2.step_1_1_1.run :: [shuffle] gap_mean=11.657 hinge=0.0000 lambda=1.000 margin=0.50
2026-05-14 19:18:30,904 INFO CSMF2.step_1_1_1.run :: [h_std] total=0.04966 batch=0.04875 penalty=0.00141 target=0.0500 mu=10.000
2026-05-14 19:18:30,904 INFO CSMF2.step_1_1_1.run :: [lat_epoch] mean_l2=0.04274 std_l2=0.03549 lambda=1.000
2026-05-14 19:18:30,904 INFO CSMF2.step_1_1_1.run :: [y_resid] alpha=0.1642
2026-05-14 19:18:30,904 INFO CSMF2.step_1_1_1.run :: [grad] cond=9.4292 film_gain=605.1925
2026-05-14 19:19:23,505 INFO CSMF2.step_1_1_1.run :: [h] epoch=18 step=50 total=0.04959 batch=0.04912
2026-05-14 19:19:23,505 INFO CSMF2.step_1_1_1.run :: [lat] epoch=18 step=50 mean_l2=0.04062 std_l2=0.03298
2026-05-14 19:19:23,915 INFO CSMF2.step_1_1_1.run :: epoch=18 step=50/429 train_nll=-3571.812
2026-05-14 19:20:08,283 INFO CSMF2.step_1_1_1.run :: [h] epoch=18 step=100 total=0.05164 batch=0.05079
2026-05-14 19:20:08,284 INFO CSMF2.step_1_1_1.run :: [lat] epoch=18 step=100 mean_l2=0.08888 std_l2=0.03068
2026-05-14 19:20:08,695 INFO CSMF2.step_1_1_1.run :: epoch=18 step=100/429 train_nll=-3567.146
2026-05-14 19:20:53,240 INFO CSMF2.step_1_1_1.run :: [h] epoch=18 step=150 total=0.05000 batch=0.04940
2026-05-14 19:20:53,240 INFO CSMF2.step_1_1_1.run :: [lat] epoch=18 step=150 mean_l2=0.03103 std_l2=0.02121
2026-05-14 19:20:53,689 INFO CSMF2.step_1_1_1.run :: epoch=18 step=150/429 train_nll=-3570.425
2026-05-14 19:21:38,178 INFO CSMF2.step_1_1_1.run :: [h] epoch=18 step=200 total=0.05164 batch=0.05114
2026-05-14 19:21:38,179 INFO CSMF2.step_1_1_1.run :: [lat] epoch=18 step=200 mean_l2=0.02528 std_l2=0.02696
2026-05-14 19:21:38,625 INFO CSMF2.step_1_1_1.run :: epoch=18 step=200/429 train_nll=-3574.036
2026-05-14 19:22:23,201 INFO CSMF2.step_1_1_1.run :: [h] epoch=18 step=250 total=0.05100 batch=0.05046
2026-05-14 19:22:23,202 INFO CSMF2.step_1_1_1.run :: [lat] epoch=18 step=250 mean_l2=0.04458 std_l2=0.02762
2026-05-14 19:22:23,648 INFO CSMF2.step_1_1_1.run :: epoch=18 step=250/429 train_nll=-3573.596
2026-05-14 19:23:08,295 INFO CSMF2.step_1_1_1.run :: [h] epoch=18 step=300 total=0.05071 batch=0.04999
2026-05-14 19:23:08,295 INFO CSMF2.step_1_1_1.run :: [lat] epoch=18 step=300 mean_l2=0.04026 std_l2=0.02413
2026-05-14 19:23:08,705 INFO CSMF2.step_1_1_1.run :: epoch=18 step=300/429 train_nll=-3575.871
2026-05-14 19:23:53,405 INFO CSMF2.step_1_1_1.run :: [h] epoch=18 step=350 total=0.05200 batch=0.05156
2026-05-14 19:23:53,405 INFO CSMF2.step_1_1_1.run :: [lat] epoch=18 step=350 mean_l2=0.02704 std_l2=0.02907
2026-05-14 19:23:53,822 INFO CSMF2.step_1_1_1.run :: epoch=18 step=350/429 train_nll=-3576.505
2026-05-14 19:24:38,501 INFO CSMF2.step_1_1_1.run :: [h] epoch=18 step=400 total=0.05159 batch=0.04898
2026-05-14 19:24:38,501 INFO CSMF2.step_1_1_1.run :: [lat] epoch=18 step=400 mean_l2=0.05772 std_l2=0.03904
2026-05-14 19:24:38,920 INFO CSMF2.step_1_1_1.run :: epoch=18 step=400/429 train_nll=-3571.144
2026-05-14 19:25:15,339 INFO CSMF2.step_1_1_1.run :: epoch=18  train_nll=-3570.838  val_nll=-3572.613  t=396.5s
2026-05-14 19:25:15,339 INFO CSMF2.step_1_1_1.run :: [glow] film_gain mean=0.2598 min=0.2398 max=0.2805
2026-05-14 19:25:15,339 INFO CSMF2.step_1_1_1.run :: [shuffle] gap_mean=12.861 hinge=0.0104 lambda=1.000 margin=0.50
2026-05-14 19:25:15,339 INFO CSMF2.step_1_1_1.run :: [h_std] total=0.05032 batch=0.04952 penalty=0.00084 target=0.0500 mu=10.000
2026-05-14 19:25:15,339 INFO CSMF2.step_1_1_1.run :: [lat_epoch] mean_l2=0.04345 std_l2=0.03322 lambda=1.000
2026-05-14 19:25:15,339 INFO CSMF2.step_1_1_1.run :: [y_resid] alpha=0.1547
2026-05-14 19:25:15,339 INFO CSMF2.step_1_1_1.run :: [grad] cond=42.0912 film_gain=688.1389
2026-05-14 19:26:07,687 INFO CSMF2.step_1_1_1.run :: [h] epoch=19 step=50 total=0.04537 batch=0.04444
2026-05-14 19:26:07,687 INFO CSMF2.step_1_1_1.run :: [lat] epoch=19 step=50 mean_l2=0.02976 std_l2=0.01924
2026-05-14 19:26:08,097 INFO CSMF2.step_1_1_1.run :: epoch=19 step=50/429 train_nll=-3571.771
2026-05-14 19:26:52,932 INFO CSMF2.step_1_1_1.run :: [h] epoch=19 step=100 total=0.04586 batch=0.04523
2026-05-14 19:26:52,933 INFO CSMF2.step_1_1_1.run :: [lat] epoch=19 step=100 mean_l2=0.02350 std_l2=0.02135
2026-05-14 19:26:53,381 INFO CSMF2.step_1_1_1.run :: epoch=19 step=100/429 train_nll=-3566.773
2026-05-14 19:27:38,114 INFO CSMF2.step_1_1_1.run :: [h] epoch=19 step=150 total=0.04558 batch=0.04489
2026-05-14 19:27:38,114 INFO CSMF2.step_1_1_1.run :: [lat] epoch=19 step=150 mean_l2=0.03048 std_l2=0.02165
2026-05-14 19:27:38,525 INFO CSMF2.step_1_1_1.run :: epoch=19 step=150/429 train_nll=-3577.149
2026-05-14 19:28:23,026 INFO CSMF2.step_1_1_1.run :: [h] epoch=19 step=200 total=0.04584 batch=0.04533
2026-05-14 19:28:23,027 INFO CSMF2.step_1_1_1.run :: [lat] epoch=19 step=200 mean_l2=0.03477 std_l2=0.02225
2026-05-14 19:28:23,443 INFO CSMF2.step_1_1_1.run :: epoch=19 step=200/429 train_nll=-3579.608
2026-05-14 19:29:08,026 INFO CSMF2.step_1_1_1.run :: [h] epoch=19 step=250 total=0.05166 batch=0.05065
2026-05-14 19:29:08,027 INFO CSMF2.step_1_1_1.run :: [lat] epoch=19 step=250 mean_l2=0.04042 std_l2=0.02767
2026-05-14 19:29:08,475 INFO CSMF2.step_1_1_1.run :: epoch=19 step=250/429 train_nll=-3572.690
2026-05-14 19:29:53,293 INFO CSMF2.step_1_1_1.run :: [h] epoch=19 step=300 total=0.04853 batch=0.04803
2026-05-14 19:29:53,293 INFO CSMF2.step_1_1_1.run :: [lat] epoch=19 step=300 mean_l2=0.04212 std_l2=0.02427
2026-05-14 19:29:53,711 INFO CSMF2.step_1_1_1.run :: epoch=19 step=300/429 train_nll=-3575.579
2026-05-14 19:30:38,587 INFO CSMF2.step_1_1_1.run :: [h] epoch=19 step=350 total=0.04971 batch=0.04885
2026-05-14 19:30:38,588 INFO CSMF2.step_1_1_1.run :: [lat] epoch=19 step=350 mean_l2=0.03115 std_l2=0.02183
2026-05-14 19:30:39,024 INFO CSMF2.step_1_1_1.run :: epoch=19 step=350/429 train_nll=-3579.576
2026-05-14 19:31:23,659 INFO CSMF2.step_1_1_1.run :: [h] epoch=19 step=400 total=0.05060 batch=0.05018
2026-05-14 19:31:23,660 INFO CSMF2.step_1_1_1.run :: [lat] epoch=19 step=400 mean_l2=0.05503 std_l2=0.06383
2026-05-14 19:31:24,108 INFO CSMF2.step_1_1_1.run :: epoch=19 step=400/429 train_nll=-3581.966
2026-05-14 19:32:00,227 INFO CSMF2.step_1_1_1.run :: epoch=19  train_nll=-3582.688  val_nll=-3585.592  t=397.0s
2026-05-14 19:32:00,227 INFO CSMF2.step_1_1_1.run :: [glow] film_gain mean=0.2589 min=0.2386 max=0.2795
2026-05-14 19:32:00,227 INFO CSMF2.step_1_1_1.run :: [shuffle] gap_mean=13.627 hinge=0.0000 lambda=1.000 margin=0.50
2026-05-14 19:32:00,227 INFO CSMF2.step_1_1_1.run :: [h_std] total=0.04771 batch=0.04681 penalty=0.00321 target=0.0500 mu=10.000
2026-05-14 19:32:00,227 INFO CSMF2.step_1_1_1.run :: [lat_epoch] mean_l2=0.03982 std_l2=0.02915 lambda=1.000
2026-05-14 19:32:00,227 INFO CSMF2.step_1_1_1.run :: [y_resid] alpha=0.1570
2026-05-14 19:32:00,227 INFO CSMF2.step_1_1_1.run :: [grad] cond=109.0118 film_gain=2421.5357
2026-05-14 19:32:53,646 INFO CSMF2.step_1_1_1.run :: [h] epoch=20 step=50 total=0.05111 batch=0.05063
2026-05-14 19:32:53,647 INFO CSMF2.step_1_1_1.run :: [lat] epoch=20 step=50 mean_l2=0.03100 std_l2=0.02079
2026-05-14 19:32:54,053 INFO CSMF2.step_1_1_1.run :: epoch=20 step=50/429 train_nll=-3578.683
2026-05-14 19:33:38,723 INFO CSMF2.step_1_1_1.run :: [h] epoch=20 step=100 total=0.05214 batch=0.05171
2026-05-14 19:33:38,724 INFO CSMF2.step_1_1_1.run :: [lat] epoch=20 step=100 mean_l2=0.04146 std_l2=0.04541
2026-05-14 19:33:39,140 INFO CSMF2.step_1_1_1.run :: epoch=20 step=100/429 train_nll=-3578.515
2026-05-14 19:34:23,888 INFO CSMF2.step_1_1_1.run :: [h] epoch=20 step=150 total=0.04878 batch=0.04840
2026-05-14 19:34:23,889 INFO CSMF2.step_1_1_1.run :: [lat] epoch=20 step=150 mean_l2=0.03866 std_l2=0.02293
2026-05-14 19:34:24,298 INFO CSMF2.step_1_1_1.run :: epoch=20 step=150/429 train_nll=-3586.594
2026-05-14 19:35:08,567 INFO CSMF2.step_1_1_1.run :: [h] epoch=20 step=200 total=0.04829 batch=0.04770
2026-05-14 19:35:08,567 INFO CSMF2.step_1_1_1.run :: [lat] epoch=20 step=200 mean_l2=0.03605 std_l2=0.03062
2026-05-14 19:35:09,016 INFO CSMF2.step_1_1_1.run :: epoch=20 step=200/429 train_nll=-3584.956
2026-05-14 19:35:53,257 INFO CSMF2.step_1_1_1.run :: [h] epoch=20 step=250 total=0.05115 batch=0.05080
2026-05-14 19:35:53,258 INFO CSMF2.step_1_1_1.run :: [lat] epoch=20 step=250 mean_l2=0.03509 std_l2=0.02033
2026-05-14 19:35:53,667 INFO CSMF2.step_1_1_1.run :: epoch=20 step=250/429 train_nll=-3584.642
2026-05-14 19:36:38,465 INFO CSMF2.step_1_1_1.run :: [h] epoch=20 step=300 total=0.05001 batch=0.04944
2026-05-14 19:36:38,465 INFO CSMF2.step_1_1_1.run :: [lat] epoch=20 step=300 mean_l2=0.07343 std_l2=0.02446
2026-05-14 19:36:38,877 INFO CSMF2.step_1_1_1.run :: epoch=20 step=300/429 train_nll=-3582.919
2026-05-14 19:37:23,728 INFO CSMF2.step_1_1_1.run :: [h] epoch=20 step=350 total=0.05106 batch=0.05073
2026-05-14 19:37:23,729 INFO CSMF2.step_1_1_1.run :: [lat] epoch=20 step=350 mean_l2=0.02337 std_l2=0.03107
2026-05-14 19:37:24,177 INFO CSMF2.step_1_1_1.run :: epoch=20 step=350/429 train_nll=-3584.188
2026-05-14 19:38:08,987 INFO CSMF2.step_1_1_1.run :: [h] epoch=20 step=400 total=0.05672 batch=0.05076
2026-05-14 19:38:08,988 INFO CSMF2.step_1_1_1.run :: [lat] epoch=20 step=400 mean_l2=0.03015 std_l2=0.06504
2026-05-14 19:38:09,396 INFO CSMF2.step_1_1_1.run :: epoch=20 step=400/429 train_nll=-3580.326
2026-05-14 19:38:45,825 INFO CSMF2.step_1_1_1.run :: epoch=20  train_nll=-3577.567  val_nll=-3546.117  t=396.7s
2026-05-14 19:38:45,825 INFO CSMF2.step_1_1_1.run :: [glow] film_gain mean=0.2557 min=0.2376 max=0.2765
2026-05-14 19:38:45,825 INFO CSMF2.step_1_1_1.run :: [shuffle] gap_mean=13.742 hinge=0.0000 lambda=1.000 margin=0.50
2026-05-14 19:38:45,825 INFO CSMF2.step_1_1_1.run :: [h_std] total=0.05042 batch=0.04960 penalty=0.00076 target=0.0500 mu=10.000
2026-05-14 19:38:45,826 INFO CSMF2.step_1_1_1.run :: [lat_epoch] mean_l2=0.04218 std_l2=0.03259 lambda=1.000
2026-05-14 19:38:45,826 INFO CSMF2.step_1_1_1.run :: [y_resid] alpha=0.1487
2026-05-14 19:38:45,826 INFO CSMF2.step_1_1_1.run :: [grad] cond=102.2499 film_gain=959.8935
2026-05-14 19:39:40,006 INFO CSMF2.step_1_1_1.run :: [h] epoch=21 step=50 total=0.04672 batch=0.04599
2026-05-14 19:39:40,007 INFO CSMF2.step_1_1_1.run :: [lat] epoch=21 step=50 mean_l2=0.03198 std_l2=0.02322
2026-05-14 19:39:40,416 INFO CSMF2.step_1_1_1.run :: epoch=21 step=50/429 train_nll=-3583.415
2026-05-14 19:40:25,283 INFO CSMF2.step_1_1_1.run :: [h] epoch=21 step=100 total=0.04772 batch=0.04717
2026-05-14 19:40:25,283 INFO CSMF2.step_1_1_1.run :: [lat] epoch=21 step=100 mean_l2=0.03553 std_l2=0.02090
2026-05-14 19:40:25,696 INFO CSMF2.step_1_1_1.run :: epoch=21 step=100/429 train_nll=-3588.109
2026-05-14 19:41:10,167 INFO CSMF2.step_1_1_1.run :: [h] epoch=21 step=150 total=0.04837 batch=0.04788
2026-05-14 19:41:10,167 INFO CSMF2.step_1_1_1.run :: [lat] epoch=21 step=150 mean_l2=0.04123 std_l2=0.02905
2026-05-14 19:41:10,576 INFO CSMF2.step_1_1_1.run :: epoch=21 step=150/429 train_nll=-3587.886
2026-05-14 19:41:55,192 INFO CSMF2.step_1_1_1.run :: [h] epoch=21 step=200 total=0.05273 batch=0.04986
2026-05-14 19:41:55,192 INFO CSMF2.step_1_1_1.run :: [lat] epoch=21 step=200 mean_l2=0.02494 std_l2=0.03826
2026-05-14 19:41:55,603 INFO CSMF2.step_1_1_1.run :: epoch=21 step=200/429 train_nll=-3581.019
2026-05-14 19:42:40,106 INFO CSMF2.step_1_1_1.run :: [h] epoch=21 step=250 total=0.04938 batch=0.04852
2026-05-14 19:42:40,107 INFO CSMF2.step_1_1_1.run :: [lat] epoch=21 step=250 mean_l2=0.03874 std_l2=0.03588
2026-05-14 19:42:40,561 INFO CSMF2.step_1_1_1.run :: epoch=21 step=250/429 train_nll=-3583.530
2026-05-14 19:43:24,994 INFO CSMF2.step_1_1_1.run :: [h] epoch=21 step=300 total=0.05236 batch=0.05168
2026-05-14 19:43:24,994 INFO CSMF2.step_1_1_1.run :: [lat] epoch=21 step=300 mean_l2=0.03433 std_l2=0.03263
2026-05-14 19:43:25,412 INFO CSMF2.step_1_1_1.run :: epoch=21 step=300/429 train_nll=-3584.680
2026-05-14 19:44:10,464 INFO CSMF2.step_1_1_1.run :: [h] epoch=21 step=350 total=0.04729 batch=0.04646
2026-05-14 19:44:10,465 INFO CSMF2.step_1_1_1.run :: [lat] epoch=21 step=350 mean_l2=0.03020 std_l2=0.01940
2026-05-14 19:44:10,875 INFO CSMF2.step_1_1_1.run :: epoch=21 step=350/429 train_nll=-3584.302
2026-05-14 19:44:55,501 INFO CSMF2.step_1_1_1.run :: [h] epoch=21 step=400 total=0.04913 batch=0.04866
2026-05-14 19:44:55,502 INFO CSMF2.step_1_1_1.run :: [lat] epoch=21 step=400 mean_l2=0.02559 std_l2=0.02461
2026-05-14 19:44:55,951 INFO CSMF2.step_1_1_1.run :: epoch=21 step=400/429 train_nll=-3586.362
2026-05-14 19:45:32,442 INFO CSMF2.step_1_1_1.run :: epoch=21  train_nll=-3585.452  val_nll=-3504.197  t=397.2s
2026-05-14 19:45:32,442 INFO CSMF2.step_1_1_1.run :: [glow] film_gain mean=0.2542 min=0.2363 max=0.2760
2026-05-14 19:45:32,442 INFO CSMF2.step_1_1_1.run :: [shuffle] gap_mean=14.145 hinge=0.0000 lambda=1.000 margin=0.50
2026-05-14 19:45:32,442 INFO CSMF2.step_1_1_1.run :: [h_std] total=0.04926 batch=0.04831 penalty=0.00177 target=0.0500 mu=10.000
2026-05-14 19:45:32,442 INFO CSMF2.step_1_1_1.run :: [lat_epoch] mean_l2=0.03914 std_l2=0.02949 lambda=1.000
2026-05-14 19:45:32,443 INFO CSMF2.step_1_1_1.run :: [y_resid] alpha=0.1520
2026-05-14 19:45:32,443 INFO CSMF2.step_1_1_1.run :: [grad] cond=253.8314 film_gain=1692.8285
2026-05-14 19:46:24,981 INFO CSMF2.step_1_1_1.run :: [h] epoch=22 step=50 total=0.04915 batch=0.04866
2026-05-14 19:46:24,982 INFO CSMF2.step_1_1_1.run :: [lat] epoch=22 step=50 mean_l2=0.03631 std_l2=0.02252
2026-05-14 19:46:25,391 INFO CSMF2.step_1_1_1.run :: epoch=22 step=50/429 train_nll=-3558.311
2026-05-14 19:47:10,013 INFO CSMF2.step_1_1_1.run :: [h] epoch=22 step=100 total=0.05006 batch=0.04964
2026-05-14 19:47:10,013 INFO CSMF2.step_1_1_1.run :: [lat] epoch=22 step=100 mean_l2=0.03127 std_l2=0.01964
2026-05-14 19:47:10,440 INFO CSMF2.step_1_1_1.run :: epoch=22 step=100/429 train_nll=-3578.191
2026-05-14 19:47:55,392 INFO CSMF2.step_1_1_1.run :: [h] epoch=22 step=150 total=0.05068 batch=0.04884
2026-05-14 19:47:55,393 INFO CSMF2.step_1_1_1.run :: [lat] epoch=22 step=150 mean_l2=0.03732 std_l2=0.03157
2026-05-14 19:47:55,800 INFO CSMF2.step_1_1_1.run :: epoch=22 step=150/429 train_nll=-3571.863
2026-05-14 19:48:41,455 INFO CSMF2.step_1_1_1.run :: [h] epoch=22 step=200 total=0.04763 batch=0.04689
2026-05-14 19:48:41,456 INFO CSMF2.step_1_1_1.run :: [lat] epoch=22 step=200 mean_l2=0.04286 std_l2=0.02282
2026-05-14 19:48:41,866 INFO CSMF2.step_1_1_1.run :: epoch=22 step=200/429 train_nll=-3575.186
2026-05-14 19:49:26,750 INFO CSMF2.step_1_1_1.run :: [h] epoch=22 step=250 total=0.04745 batch=0.04672
2026-05-14 19:49:26,752 INFO CSMF2.step_1_1_1.run :: [lat] epoch=22 step=250 mean_l2=0.04435 std_l2=0.04486
2026-05-14 19:49:27,161 INFO CSMF2.step_1_1_1.run :: epoch=22 step=250/429 train_nll=-3577.944
2026-05-14 19:50:11,919 INFO CSMF2.step_1_1_1.run :: [h] epoch=22 step=300 total=0.04844 batch=0.04800
2026-05-14 19:50:11,919 INFO CSMF2.step_1_1_1.run :: [lat] epoch=22 step=300 mean_l2=0.03608 std_l2=0.02684
2026-05-14 19:50:12,330 INFO CSMF2.step_1_1_1.run :: epoch=22 step=300/429 train_nll=-3575.704
2026-05-14 19:50:56,853 INFO CSMF2.step_1_1_1.run :: [h] epoch=22 step=350 total=0.05129 batch=0.05082
2026-05-14 19:50:56,854 INFO CSMF2.step_1_1_1.run :: [lat] epoch=22 step=350 mean_l2=0.03380 std_l2=0.02054
2026-05-14 19:50:57,303 INFO CSMF2.step_1_1_1.run :: epoch=22 step=350/429 train_nll=-3576.133
2026-05-14 19:51:42,316 INFO CSMF2.step_1_1_1.run :: [h] epoch=22 step=400 total=0.05062 batch=0.04975
2026-05-14 19:51:42,317 INFO CSMF2.step_1_1_1.run :: [lat] epoch=22 step=400 mean_l2=0.03897 std_l2=0.02706
2026-05-14 19:51:42,728 INFO CSMF2.step_1_1_1.run :: epoch=22 step=400/429 train_nll=-3574.483
2026-05-14 19:52:19,219 INFO CSMF2.step_1_1_1.run :: epoch=22  train_nll=-3575.228  val_nll=-3600.462  t=398.9s
2026-05-14 19:52:19,219 INFO CSMF2.step_1_1_1.run :: [glow] film_gain mean=0.2521 min=0.2344 max=0.2752
2026-05-14 19:52:19,219 INFO CSMF2.step_1_1_1.run :: [shuffle] gap_mean=14.325 hinge=0.0000 lambda=1.000 margin=0.50
2026-05-14 19:52:19,219 INFO CSMF2.step_1_1_1.run :: [h_std] total=0.04996 batch=0.04911 penalty=0.00107 target=0.0500 mu=10.000
2026-05-14 19:52:19,219 INFO CSMF2.step_1_1_1.run :: [lat_epoch] mean_l2=0.04109 std_l2=0.03525 lambda=1.000
2026-05-14 19:52:19,219 INFO CSMF2.step_1_1_1.run :: [y_resid] alpha=0.1496
2026-05-14 19:52:19,219 INFO CSMF2.step_1_1_1.run :: [grad] cond=8.2249 film_gain=1017.6043
2026-05-14 19:53:12,889 INFO CSMF2.step_1_1_1.run :: [h] epoch=23 step=50 total=0.04789 batch=0.04755
2026-05-14 19:53:12,890 INFO CSMF2.step_1_1_1.run :: [lat] epoch=23 step=50 mean_l2=0.02600 std_l2=0.02465
2026-05-14 19:53:13,297 INFO CSMF2.step_1_1_1.run :: epoch=23 step=50/429 train_nll=-3592.769
2026-05-14 19:53:58,260 INFO CSMF2.step_1_1_1.run :: [h] epoch=23 step=100 total=0.05135 batch=0.05026
2026-05-14 19:53:58,261 INFO CSMF2.step_1_1_1.run :: [lat] epoch=23 step=100 mean_l2=0.03948 std_l2=0.02809
2026-05-14 19:53:58,670 INFO CSMF2.step_1_1_1.run :: epoch=23 step=100/429 train_nll=-3581.437
2026-05-14 19:54:43,651 INFO CSMF2.step_1_1_1.run :: [h] epoch=23 step=150 total=0.04852 batch=0.04772
2026-05-14 19:54:43,651 INFO CSMF2.step_1_1_1.run :: [lat] epoch=23 step=150 mean_l2=0.02852 std_l2=0.02717
2026-05-14 19:54:44,061 INFO CSMF2.step_1_1_1.run :: epoch=23 step=150/429 train_nll=-3586.171
2026-05-14 19:55:28,831 INFO CSMF2.step_1_1_1.run :: [h] epoch=23 step=200 total=0.05009 batch=0.04968
2026-05-14 19:55:28,832 INFO CSMF2.step_1_1_1.run :: [lat] epoch=23 step=200 mean_l2=0.02969 std_l2=0.02133
2026-05-14 19:55:29,248 INFO CSMF2.step_1_1_1.run :: epoch=23 step=200/429 train_nll=-3588.614
2026-05-14 19:56:13,542 INFO CSMF2.step_1_1_1.run :: [h] epoch=23 step=250 total=0.04937 batch=0.04823
2026-05-14 19:56:13,543 INFO CSMF2.step_1_1_1.run :: [lat] epoch=23 step=250 mean_l2=0.03389 std_l2=0.03214
2026-05-14 19:56:13,993 INFO CSMF2.step_1_1_1.run :: epoch=23 step=250/429 train_nll=-3586.796
2026-05-14 19:56:58,638 INFO CSMF2.step_1_1_1.run :: [h] epoch=23 step=300 total=0.05025 batch=0.04962
2026-05-14 19:56:58,639 INFO CSMF2.step_1_1_1.run :: [lat] epoch=23 step=300 mean_l2=0.03583 std_l2=0.02237
2026-05-14 19:56:59,048 INFO CSMF2.step_1_1_1.run :: epoch=23 step=300/429 train_nll=-3587.123
2026-05-14 19:57:43,702 INFO CSMF2.step_1_1_1.run :: [h] epoch=23 step=350 total=0.05143 batch=0.05073
2026-05-14 19:57:43,703 INFO CSMF2.step_1_1_1.run :: [lat] epoch=23 step=350 mean_l2=0.02546 std_l2=0.02306
2026-05-14 19:57:44,112 INFO CSMF2.step_1_1_1.run :: epoch=23 step=350/429 train_nll=-3590.734
2026-05-14 19:58:28,998 INFO CSMF2.step_1_1_1.run :: [h] epoch=23 step=400 total=0.05061 batch=0.04987
2026-05-14 19:58:28,998 INFO CSMF2.step_1_1_1.run :: [lat] epoch=23 step=400 mean_l2=0.04892 std_l2=0.02527
2026-05-14 19:58:29,408 INFO CSMF2.step_1_1_1.run :: epoch=23 step=400/429 train_nll=-3593.313
2026-05-14 19:59:05,836 INFO CSMF2.step_1_1_1.run :: epoch=23  train_nll=-3592.938  val_nll=-3615.221  t=397.9s
2026-05-14 19:59:05,836 INFO CSMF2.step_1_1_1.run :: [glow] film_gain mean=0.2507 min=0.2330 max=0.2752
2026-05-14 19:59:05,836 INFO CSMF2.step_1_1_1.run :: [shuffle] gap_mean=15.404 hinge=0.0000 lambda=1.000 margin=0.50
2026-05-14 19:59:05,836 INFO CSMF2.step_1_1_1.run :: [h_std] total=0.05063 batch=0.05001 penalty=0.00045 target=0.0500 mu=10.000
2026-05-14 19:59:05,836 INFO CSMF2.step_1_1_1.run :: [lat_epoch] mean_l2=0.03824 std_l2=0.02704 lambda=1.000
2026-05-14 19:59:05,836 INFO CSMF2.step_1_1_1.run :: [y_resid] alpha=0.1509
2026-05-14 19:59:05,836 INFO CSMF2.step_1_1_1.run :: [grad] cond=43.2054 film_gain=1115.0742
2026-05-14 19:59:58,789 INFO CSMF2.step_1_1_1.run :: [h] epoch=24 step=50 total=0.05255 batch=0.05202
2026-05-14 19:59:58,789 INFO CSMF2.step_1_1_1.run :: [lat] epoch=24 step=50 mean_l2=0.02635 std_l2=0.03433
2026-05-14 19:59:59,200 INFO CSMF2.step_1_1_1.run :: epoch=24 step=50/429 train_nll=-3582.595
2026-05-14 20:00:43,673 INFO CSMF2.step_1_1_1.run :: [h] epoch=24 step=100 total=0.05139 batch=0.05065
2026-05-14 20:00:43,674 INFO CSMF2.step_1_1_1.run :: [lat] epoch=24 step=100 mean_l2=0.02942 std_l2=0.02479
2026-05-14 20:00:44,122 INFO CSMF2.step_1_1_1.run :: epoch=24 step=100/429 train_nll=-3586.908
2026-05-14 20:01:29,200 INFO CSMF2.step_1_1_1.run :: [h] epoch=24 step=150 total=0.05348 batch=0.05179
2026-05-14 20:01:29,200 INFO CSMF2.step_1_1_1.run :: [lat] epoch=24 step=150 mean_l2=0.03549 std_l2=0.02901
2026-05-14 20:01:29,635 INFO CSMF2.step_1_1_1.run :: epoch=24 step=150/429 train_nll=-3583.037
2026-05-14 20:02:14,026 INFO CSMF2.step_1_1_1.run :: [h] epoch=24 step=200 total=0.04858 batch=0.04795
2026-05-14 20:02:14,027 INFO CSMF2.step_1_1_1.run :: [lat] epoch=24 step=200 mean_l2=0.04218 std_l2=0.01957
2026-05-14 20:02:14,477 INFO CSMF2.step_1_1_1.run :: epoch=24 step=200/429 train_nll=-3586.024
2026-05-14 20:02:58,760 INFO CSMF2.step_1_1_1.run :: [h] epoch=24 step=250 total=0.04981 batch=0.04922
2026-05-14 20:02:58,761 INFO CSMF2.step_1_1_1.run :: [lat] epoch=24 step=250 mean_l2=0.03628 std_l2=0.02327
2026-05-14 20:02:59,210 INFO CSMF2.step_1_1_1.run :: epoch=24 step=250/429 train_nll=-3588.909
2026-05-14 20:03:44,092 INFO CSMF2.step_1_1_1.run :: [h] epoch=24 step=300 total=0.05032 batch=0.04959
2026-05-14 20:03:44,092 INFO CSMF2.step_1_1_1.run :: [lat] epoch=24 step=300 mean_l2=0.11169 std_l2=0.12336
2026-05-14 20:03:44,503 INFO CSMF2.step_1_1_1.run :: epoch=24 step=300/429 train_nll=-3590.493
2026-05-14 20:04:29,377 INFO CSMF2.step_1_1_1.run :: [h] epoch=24 step=350 total=0.05097 batch=0.05032
2026-05-14 20:04:29,377 INFO CSMF2.step_1_1_1.run :: [lat] epoch=24 step=350 mean_l2=0.07018 std_l2=0.02883
2026-05-14 20:04:29,827 INFO CSMF2.step_1_1_1.run :: epoch=24 step=350/429 train_nll=-3588.749
2026-05-14 20:05:14,518 INFO CSMF2.step_1_1_1.run :: [h] epoch=24 step=400 total=0.05113 batch=0.05057
2026-05-14 20:05:14,519 INFO CSMF2.step_1_1_1.run :: [lat] epoch=24 step=400 mean_l2=0.02975 std_l2=0.01867
2026-05-14 20:05:14,985 INFO CSMF2.step_1_1_1.run :: epoch=24 step=400/429 train_nll=-3590.298
2026-05-14 20:05:51,485 INFO CSMF2.step_1_1_1.run :: epoch=24  train_nll=-3590.684  val_nll=-3609.000  t=397.7s
2026-05-14 20:05:51,485 INFO CSMF2.step_1_1_1.run :: [glow] film_gain mean=0.2491 min=0.2319 max=0.2744
2026-05-14 20:05:51,485 INFO CSMF2.step_1_1_1.run :: [shuffle] gap_mean=15.815 hinge=0.0000 lambda=1.000 margin=0.50
2026-05-14 20:05:51,485 INFO CSMF2.step_1_1_1.run :: [h_std] total=0.05060 batch=0.04988 penalty=0.00052 target=0.0500 mu=10.000
2026-05-14 20:05:51,485 INFO CSMF2.step_1_1_1.run :: [lat_epoch] mean_l2=0.03927 std_l2=0.02826 lambda=1.000
2026-05-14 20:05:51,486 INFO CSMF2.step_1_1_1.run :: [y_resid] alpha=0.1498
2026-05-14 20:05:51,486 INFO CSMF2.step_1_1_1.run :: [grad] cond=8.4777 film_gain=661.4186
2026-05-14 20:06:43,911 INFO CSMF2.step_1_1_1.run :: [h] epoch=25 step=50 total=0.05049 batch=0.05004
2026-05-14 20:06:43,912 INFO CSMF2.step_1_1_1.run :: [lat] epoch=25 step=50 mean_l2=0.03282 std_l2=0.02396
2026-05-14 20:06:44,362 INFO CSMF2.step_1_1_1.run :: epoch=25 step=50/429 train_nll=-3602.094
2026-05-14 20:07:29,087 INFO CSMF2.step_1_1_1.run :: [h] epoch=25 step=100 total=0.04892 batch=0.04844
2026-05-14 20:07:29,087 INFO CSMF2.step_1_1_1.run :: [lat] epoch=25 step=100 mean_l2=0.06228 std_l2=0.09157
2026-05-14 20:07:29,496 INFO CSMF2.step_1_1_1.run :: epoch=25 step=100/429 train_nll=-3604.493
2026-05-14 20:08:14,543 INFO CSMF2.step_1_1_1.run :: [h] epoch=25 step=150 total=0.04817 batch=0.04734
2026-05-14 20:08:14,543 INFO CSMF2.step_1_1_1.run :: [lat] epoch=25 step=150 mean_l2=0.03897 std_l2=0.01881
2026-05-14 20:08:14,962 INFO CSMF2.step_1_1_1.run :: epoch=25 step=150/429 train_nll=-3594.989
2026-05-14 20:08:59,604 INFO CSMF2.step_1_1_1.run :: [h] epoch=25 step=200 total=0.05024 batch=0.04985
2026-05-14 20:08:59,605 INFO CSMF2.step_1_1_1.run :: [lat] epoch=25 step=200 mean_l2=0.03581 std_l2=0.02119
2026-05-14 20:09:00,015 INFO CSMF2.step_1_1_1.run :: epoch=25 step=200/429 train_nll=-3597.566
2026-05-14 20:09:44,694 INFO CSMF2.step_1_1_1.run :: [h] epoch=25 step=250 total=0.04891 batch=0.04817
2026-05-14 20:09:44,695 INFO CSMF2.step_1_1_1.run :: [lat] epoch=25 step=250 mean_l2=0.03967 std_l2=0.02236
2026-05-14 20:09:45,104 INFO CSMF2.step_1_1_1.run :: epoch=25 step=250/429 train_nll=-3598.304
2026-05-14 20:10:29,788 INFO CSMF2.step_1_1_1.run :: [h] epoch=25 step=300 total=0.05105 batch=0.05049
2026-05-14 20:10:29,789 INFO CSMF2.step_1_1_1.run :: [lat] epoch=25 step=300 mean_l2=0.02749 std_l2=0.02867
2026-05-14 20:10:30,197 INFO CSMF2.step_1_1_1.run :: epoch=25 step=300/429 train_nll=-3599.168
2026-05-14 20:11:14,936 INFO CSMF2.step_1_1_1.run :: [h] epoch=25 step=350 total=0.04979 batch=0.04930
2026-05-14 20:11:14,937 INFO CSMF2.step_1_1_1.run :: [lat] epoch=25 step=350 mean_l2=0.03775 std_l2=0.02023
2026-05-14 20:11:15,354 INFO CSMF2.step_1_1_1.run :: epoch=25 step=350/429 train_nll=-3598.640
2026-05-14 20:11:59,959 INFO CSMF2.step_1_1_1.run :: [h] epoch=25 step=400 total=0.05375 batch=0.05330
2026-05-14 20:11:59,960 INFO CSMF2.step_1_1_1.run :: [lat] epoch=25 step=400 mean_l2=0.04388 std_l2=0.07645
2026-05-14 20:12:00,408 INFO CSMF2.step_1_1_1.run :: epoch=25 step=400/429 train_nll=-3599.668
2026-05-14 20:12:36,949 INFO CSMF2.step_1_1_1.run :: epoch=25  train_nll=-3599.142  val_nll=-3614.605  t=397.4s
2026-05-14 20:12:36,949 INFO CSMF2.step_1_1_1.run :: [glow] film_gain mean=0.2475 min=0.2301 max=0.2742
2026-05-14 20:12:36,949 INFO CSMF2.step_1_1_1.run :: [shuffle] gap_mean=16.236 hinge=0.0000 lambda=1.000 margin=0.50
2026-05-14 20:12:36,949 INFO CSMF2.step_1_1_1.run :: [h_std] total=0.05077 batch=0.05013 penalty=0.00041 target=0.0500 mu=10.000
2026-05-14 20:12:36,949 INFO CSMF2.step_1_1_1.run :: [lat_epoch] mean_l2=0.03765 std_l2=0.02809 lambda=1.000
2026-05-14 20:12:36,949 INFO CSMF2.step_1_1_1.run :: [y_resid] alpha=0.1486
2026-05-14 20:12:36,949 INFO CSMF2.step_1_1_1.run :: [grad] cond=64.3511 film_gain=411.0931
2026-05-14 20:13:30,257 INFO CSMF2.step_1_1_1.run :: [h] epoch=26 step=50 total=0.05024 batch=0.04925
2026-05-14 20:13:30,258 INFO CSMF2.step_1_1_1.run :: [lat] epoch=26 step=50 mean_l2=0.04998 std_l2=0.02603
2026-05-14 20:13:30,707 INFO CSMF2.step_1_1_1.run :: epoch=26 step=50/429 train_nll=-3594.711
2026-05-14 20:14:15,187 INFO CSMF2.step_1_1_1.run :: [h] epoch=26 step=100 total=0.05036 batch=0.04980
2026-05-14 20:14:15,187 INFO CSMF2.step_1_1_1.run :: [lat] epoch=26 step=100 mean_l2=0.03803 std_l2=0.02251
2026-05-14 20:14:15,597 INFO CSMF2.step_1_1_1.run :: epoch=26 step=100/429 train_nll=-3594.071
2026-05-14 20:15:00,251 INFO CSMF2.step_1_1_1.run :: [h] epoch=26 step=150 total=0.05051 batch=0.04828
2026-05-14 20:15:00,252 INFO CSMF2.step_1_1_1.run :: [lat] epoch=26 step=150 mean_l2=0.05016 std_l2=0.02520
2026-05-14 20:15:00,660 INFO CSMF2.step_1_1_1.run :: epoch=26 step=150/429 train_nll=-3588.268
2026-05-14 20:15:45,418 INFO CSMF2.step_1_1_1.run :: [h] epoch=26 step=200 total=0.04966 batch=0.04913
2026-05-14 20:15:45,419 INFO CSMF2.step_1_1_1.run :: [lat] epoch=26 step=200 mean_l2=0.06650 std_l2=0.01945
2026-05-14 20:15:45,868 INFO CSMF2.step_1_1_1.run :: epoch=26 step=200/429 train_nll=-3587.245
2026-05-14 20:16:30,760 INFO CSMF2.step_1_1_1.run :: [h] epoch=26 step=250 total=0.05059 batch=0.05012
2026-05-14 20:16:30,761 INFO CSMF2.step_1_1_1.run :: [lat] epoch=26 step=250 mean_l2=0.03633 std_l2=0.02957
2026-05-14 20:16:31,170 INFO CSMF2.step_1_1_1.run :: epoch=26 step=250/429 train_nll=-3585.407
2026-05-14 20:17:15,956 INFO CSMF2.step_1_1_1.run :: [h] epoch=26 step=300 total=0.04990 batch=0.04917
2026-05-14 20:17:15,957 INFO CSMF2.step_1_1_1.run :: [lat] epoch=26 step=300 mean_l2=0.03105 std_l2=0.02783
2026-05-14 20:17:16,405 INFO CSMF2.step_1_1_1.run :: epoch=26 step=300/429 train_nll=-3587.643
2026-05-14 20:18:01,537 INFO CSMF2.step_1_1_1.run :: [h] epoch=26 step=350 total=0.04912 batch=0.04813
2026-05-14 20:18:01,538 INFO CSMF2.step_1_1_1.run :: [lat] epoch=26 step=350 mean_l2=0.03011 std_l2=0.01909
2026-05-14 20:18:01,992 INFO CSMF2.step_1_1_1.run :: epoch=26 step=350/429 train_nll=-3582.608
2026-05-14 20:18:46,562 INFO CSMF2.step_1_1_1.run :: [h] epoch=26 step=400 total=0.05036 batch=0.04989
2026-05-14 20:18:46,570 INFO CSMF2.step_1_1_1.run :: [lat] epoch=26 step=400 mean_l2=0.05753 std_l2=0.01990
2026-05-14 20:18:46,993 INFO CSMF2.step_1_1_1.run :: epoch=26 step=400/429 train_nll=-3583.704
2026-05-14 20:19:23,656 INFO CSMF2.step_1_1_1.run :: epoch=26  train_nll=-3584.992  val_nll=-3616.551  t=397.9s
2026-05-14 20:19:23,656 INFO CSMF2.step_1_1_1.run :: [glow] film_gain mean=0.2454 min=0.2272 max=0.2728
2026-05-14 20:19:23,656 INFO CSMF2.step_1_1_1.run :: [shuffle] gap_mean=15.486 hinge=0.0000 lambda=1.000 margin=0.50
2026-05-14 20:19:23,656 INFO CSMF2.step_1_1_1.run :: [h_std] total=0.05012 batch=0.04919 penalty=0.00104 target=0.0500 mu=10.000
2026-05-14 20:19:23,656 INFO CSMF2.step_1_1_1.run :: [lat_epoch] mean_l2=0.04058 std_l2=0.03637 lambda=1.000
2026-05-14 20:19:23,656 INFO CSMF2.step_1_1_1.run :: [y_resid] alpha=0.1421
2026-05-14 20:19:23,656 INFO CSMF2.step_1_1_1.run :: [grad] cond=43.0608 film_gain=424.6746
2026-05-14 20:20:16,404 INFO CSMF2.step_1_1_1.run :: [h] epoch=27 step=50 total=0.04996 batch=0.04925
2026-05-14 20:20:16,405 INFO CSMF2.step_1_1_1.run :: [lat] epoch=27 step=50 mean_l2=0.07180 std_l2=0.02319
2026-05-14 20:20:16,815 INFO CSMF2.step_1_1_1.run :: epoch=27 step=50/429 train_nll=-3579.590
2026-05-14 20:21:01,501 INFO CSMF2.step_1_1_1.run :: [h] epoch=27 step=100 total=0.05123 batch=0.04989
2026-05-14 20:21:01,502 INFO CSMF2.step_1_1_1.run :: [lat] epoch=27 step=100 mean_l2=0.02833 std_l2=0.03043
2026-05-14 20:21:01,951 INFO CSMF2.step_1_1_1.run :: epoch=27 step=100/429 train_nll=-3581.961
2026-05-14 20:21:46,798 INFO CSMF2.step_1_1_1.run :: [h] epoch=27 step=150 total=0.04857 batch=0.04783
2026-05-14 20:21:46,799 INFO CSMF2.step_1_1_1.run :: [lat] epoch=27 step=150 mean_l2=0.02361 std_l2=0.02054
2026-05-14 20:21:47,209 INFO CSMF2.step_1_1_1.run :: epoch=27 step=150/429 train_nll=-3592.237
2026-05-14 20:22:31,814 INFO CSMF2.step_1_1_1.run :: [h] epoch=27 step=200 total=0.05005 batch=0.04884
2026-05-14 20:22:31,815 INFO CSMF2.step_1_1_1.run :: [lat] epoch=27 step=200 mean_l2=0.05325 std_l2=0.02390
2026-05-14 20:22:32,224 INFO CSMF2.step_1_1_1.run :: epoch=27 step=200/429 train_nll=-3589.050
2026-05-14 20:23:16,720 INFO CSMF2.step_1_1_1.run :: [h] epoch=27 step=250 total=0.04771 batch=0.04678
2026-05-14 20:23:16,720 INFO CSMF2.step_1_1_1.run :: [lat] epoch=27 step=250 mean_l2=0.07421 std_l2=0.03365
2026-05-14 20:23:17,180 INFO CSMF2.step_1_1_1.run :: epoch=27 step=250/429 train_nll=-3590.497
2026-05-14 20:24:01,678 INFO CSMF2.step_1_1_1.run :: [h] epoch=27 step=300 total=0.04918 batch=0.04874
2026-05-14 20:24:01,679 INFO CSMF2.step_1_1_1.run :: [lat] epoch=27 step=300 mean_l2=0.03336 std_l2=0.01991
2026-05-14 20:24:02,128 INFO CSMF2.step_1_1_1.run :: epoch=27 step=300/429 train_nll=-3590.507
2026-05-14 20:24:47,033 INFO CSMF2.step_1_1_1.run :: [h] epoch=27 step=350 total=0.04947 batch=0.04903
2026-05-14 20:24:47,034 INFO CSMF2.step_1_1_1.run :: [lat] epoch=27 step=350 mean_l2=0.02780 std_l2=0.01937
2026-05-14 20:24:47,484 INFO CSMF2.step_1_1_1.run :: epoch=27 step=350/429 train_nll=-3593.296
2026-05-14 20:25:32,166 INFO CSMF2.step_1_1_1.run :: [h] epoch=27 step=400 total=0.04939 batch=0.04904
2026-05-14 20:25:32,167 INFO CSMF2.step_1_1_1.run :: [lat] epoch=27 step=400 mean_l2=0.03037 std_l2=0.02483
2026-05-14 20:25:32,615 INFO CSMF2.step_1_1_1.run :: epoch=27 step=400/429 train_nll=-3595.708
2026-05-14 20:26:08,944 INFO CSMF2.step_1_1_1.run :: epoch=27  train_nll=-3596.694  val_nll=-3620.239  t=397.4s
2026-05-14 20:26:08,944 INFO CSMF2.step_1_1_1.run :: [glow] film_gain mean=0.2440 min=0.2260 max=0.2723
2026-05-14 20:26:08,944 INFO CSMF2.step_1_1_1.run :: [shuffle] gap_mean=16.737 hinge=0.0000 lambda=1.000 margin=0.50
2026-05-14 20:26:08,944 INFO CSMF2.step_1_1_1.run :: [h_std] total=0.05026 batch=0.04958 penalty=0.00073 target=0.0500 mu=10.000
2026-05-14 20:26:08,944 INFO CSMF2.step_1_1_1.run :: [lat_epoch] mean_l2=0.03821 std_l2=0.02724 lambda=1.000
2026-05-14 20:26:08,944 INFO CSMF2.step_1_1_1.run :: [y_resid] alpha=0.1440
2026-05-14 20:26:08,944 INFO CSMF2.step_1_1_1.run :: [grad] cond=58.2839 film_gain=904.6045
2026-05-14 20:27:01,679 INFO CSMF2.step_1_1_1.run :: [h] epoch=28 step=50 total=0.04988 batch=0.04917
2026-05-14 20:27:01,680 INFO CSMF2.step_1_1_1.run :: [lat] epoch=28 step=50 mean_l2=0.03005 std_l2=0.02005
2026-05-14 20:27:02,089 INFO CSMF2.step_1_1_1.run :: epoch=28 step=50/429 train_nll=-3610.328
2026-05-14 20:27:46,885 INFO CSMF2.step_1_1_1.run :: [h] epoch=28 step=100 total=0.05063 batch=0.05012
2026-05-14 20:27:46,886 INFO CSMF2.step_1_1_1.run :: [lat] epoch=28 step=100 mean_l2=0.04367 std_l2=0.02718
2026-05-14 20:27:47,296 INFO CSMF2.step_1_1_1.run :: epoch=28 step=100/429 train_nll=-3606.723
2026-05-14 20:28:32,077 INFO CSMF2.step_1_1_1.run :: [h] epoch=28 step=150 total=0.04916 batch=0.04882
2026-05-14 20:28:32,077 INFO CSMF2.step_1_1_1.run :: [lat] epoch=28 step=150 mean_l2=0.03247 std_l2=0.02534
2026-05-14 20:28:32,487 INFO CSMF2.step_1_1_1.run :: epoch=28 step=150/429 train_nll=-3607.220
2026-05-14 20:29:17,146 INFO CSMF2.step_1_1_1.run :: [h] epoch=28 step=200 total=0.05035 batch=0.04986
2026-05-14 20:29:17,146 INFO CSMF2.step_1_1_1.run :: [lat] epoch=28 step=200 mean_l2=0.02453 std_l2=0.01879
2026-05-14 20:29:17,551 INFO CSMF2.step_1_1_1.run :: epoch=28 step=200/429 train_nll=-3608.149
2026-05-14 20:30:02,270 INFO CSMF2.step_1_1_1.run :: [h] epoch=28 step=250 total=0.04938 batch=0.04868
2026-05-14 20:30:02,270 INFO CSMF2.step_1_1_1.run :: [lat] epoch=28 step=250 mean_l2=0.05128 std_l2=0.08204
2026-05-14 20:30:02,680 INFO CSMF2.step_1_1_1.run :: epoch=28 step=250/429 train_nll=-3608.561
2026-05-14 20:30:47,792 INFO CSMF2.step_1_1_1.run :: [h] epoch=28 step=300 total=0.05033 batch=0.04903
2026-05-14 20:30:47,793 INFO CSMF2.step_1_1_1.run :: [lat] epoch=28 step=300 mean_l2=0.04376 std_l2=0.02515
2026-05-14 20:30:48,209 INFO CSMF2.step_1_1_1.run :: epoch=28 step=300/429 train_nll=-3604.680
2026-05-14 20:31:33,124 INFO CSMF2.step_1_1_1.run :: [h] epoch=28 step=350 total=0.05225 batch=0.05167
2026-05-14 20:31:33,124 INFO CSMF2.step_1_1_1.run :: [lat] epoch=28 step=350 mean_l2=0.04372 std_l2=0.03080
2026-05-14 20:31:33,533 INFO CSMF2.step_1_1_1.run :: epoch=28 step=350/429 train_nll=-3604.407
2026-05-14 20:32:18,352 INFO CSMF2.step_1_1_1.run :: [h] epoch=28 step=400 total=0.05017 batch=0.04969
2026-05-14 20:32:18,353 INFO CSMF2.step_1_1_1.run :: [lat] epoch=28 step=400 mean_l2=0.03506 std_l2=0.02430
2026-05-14 20:32:18,804 INFO CSMF2.step_1_1_1.run :: epoch=28 step=400/429 train_nll=-3603.906
2026-05-14 20:32:55,463 INFO CSMF2.step_1_1_1.run :: epoch=28  train_nll=-3602.589  val_nll=-3611.506  t=398.6s
2026-05-14 20:32:55,463 INFO CSMF2.step_1_1_1.run :: [glow] film_gain mean=0.2422 min=0.2228 max=0.2719
2026-05-14 20:32:55,463 INFO CSMF2.step_1_1_1.run :: [shuffle] gap_mean=17.085 hinge=0.0000 lambda=1.000 margin=0.50
2026-05-14 20:32:55,463 INFO CSMF2.step_1_1_1.run :: [h_std] total=0.05082 batch=0.05017 penalty=0.00038 target=0.0500 mu=10.000
2026-05-14 20:32:55,463 INFO CSMF2.step_1_1_1.run :: [lat_epoch] mean_l2=0.03806 std_l2=0.02775 lambda=1.000
2026-05-14 20:32:55,463 INFO CSMF2.step_1_1_1.run :: [y_resid] alpha=0.1420
2026-05-14 20:32:55,463 INFO CSMF2.step_1_1_1.run :: [grad] cond=57.7826 film_gain=766.9321
2026-05-14 20:33:48,619 INFO CSMF2.step_1_1_1.run :: [h] epoch=29 step=50 total=0.04831 batch=0.04744
2026-05-14 20:33:48,621 INFO CSMF2.step_1_1_1.run :: [lat] epoch=29 step=50 mean_l2=0.04218 std_l2=0.02288
2026-05-14 20:33:49,038 INFO CSMF2.step_1_1_1.run :: epoch=29 step=50/429 train_nll=-3606.712
2026-05-14 20:34:33,600 INFO CSMF2.step_1_1_1.run :: [h] epoch=29 step=100 total=0.04892 batch=0.04826
2026-05-14 20:34:33,601 INFO CSMF2.step_1_1_1.run :: [lat] epoch=29 step=100 mean_l2=0.02574 std_l2=0.02924
2026-05-14 20:34:34,050 INFO CSMF2.step_1_1_1.run :: epoch=29 step=100/429 train_nll=-3611.463
2026-05-14 20:35:18,764 INFO CSMF2.step_1_1_1.run :: [h] epoch=29 step=150 total=0.05017 batch=0.04956
2026-05-14 20:35:18,765 INFO CSMF2.step_1_1_1.run :: [lat] epoch=29 step=150 mean_l2=0.04290 std_l2=0.02586
2026-05-14 20:35:19,174 INFO CSMF2.step_1_1_1.run :: epoch=29 step=150/429 train_nll=-3604.459
2026-05-14 20:36:03,841 INFO CSMF2.step_1_1_1.run :: [h] epoch=29 step=200 total=0.05035 batch=0.04970
2026-05-14 20:36:03,841 INFO CSMF2.step_1_1_1.run :: [lat] epoch=29 step=200 mean_l2=0.02281 std_l2=0.02132
2026-05-14 20:36:04,259 INFO CSMF2.step_1_1_1.run :: epoch=29 step=200/429 train_nll=-3606.303
2026-05-14 20:36:49,030 INFO CSMF2.step_1_1_1.run :: [h] epoch=29 step=250 total=0.04921 batch=0.04827
2026-05-14 20:36:49,030 INFO CSMF2.step_1_1_1.run :: [lat] epoch=29 step=250 mean_l2=0.04169 std_l2=0.02156
2026-05-14 20:36:49,449 INFO CSMF2.step_1_1_1.run :: epoch=29 step=250/429 train_nll=-3601.237
2026-05-14 20:37:34,398 INFO CSMF2.step_1_1_1.run :: [h] epoch=29 step=300 total=0.04984 batch=0.04886
2026-05-14 20:37:34,399 INFO CSMF2.step_1_1_1.run :: [lat] epoch=29 step=300 mean_l2=0.02521 std_l2=0.02488
2026-05-14 20:37:34,810 INFO CSMF2.step_1_1_1.run :: epoch=29 step=300/429 train_nll=-3602.195
2026-05-14 20:38:19,375 INFO CSMF2.step_1_1_1.run :: [h] epoch=29 step=350 total=0.05057 batch=0.05005
2026-05-14 20:38:19,376 INFO CSMF2.step_1_1_1.run :: [lat] epoch=29 step=350 mean_l2=0.03775 std_l2=0.02870
2026-05-14 20:38:19,829 INFO CSMF2.step_1_1_1.run :: epoch=29 step=350/429 train_nll=-3599.553
2026-05-14 20:39:04,304 INFO CSMF2.step_1_1_1.run :: [h] epoch=29 step=400 total=0.04933 batch=0.04895
2026-05-14 20:39:04,312 INFO CSMF2.step_1_1_1.run :: [lat] epoch=29 step=400 mean_l2=0.05428 std_l2=0.17824
2026-05-14 20:39:04,722 INFO CSMF2.step_1_1_1.run :: epoch=29 step=400/429 train_nll=-3599.799
2026-05-14 20:39:41,011 INFO CSMF2.step_1_1_1.run :: epoch=29  train_nll=-3598.929  val_nll=-3597.618  t=396.8s
2026-05-14 20:39:41,011 INFO CSMF2.step_1_1_1.run :: [glow] film_gain mean=0.2404 min=0.2212 max=0.2713
2026-05-14 20:39:41,011 INFO CSMF2.step_1_1_1.run :: [shuffle] gap_mean=17.073 hinge=0.0000 lambda=1.000 margin=0.50
2026-05-14 20:39:41,011 INFO CSMF2.step_1_1_1.run :: [h_std] total=0.04993 batch=0.04911 penalty=0.00102 target=0.0500 mu=10.000
2026-05-14 20:39:41,011 INFO CSMF2.step_1_1_1.run :: [lat_epoch] mean_l2=0.03712 std_l2=0.02902 lambda=1.000
2026-05-14 20:39:41,011 INFO CSMF2.step_1_1_1.run :: [y_resid] alpha=0.1403
2026-05-14 20:39:41,011 INFO CSMF2.step_1_1_1.run :: [grad] cond=15.6730 film_gain=877.8526
2026-05-14 20:39:49,798 WARNING CSMF2.step_1_1_1.run :: [exit_gate] fwd_rel=0.970 > target 0.500 (informational; no resume baseline available)
2026-05-14 20:40:10,363 INFO CSMF2.step_1_1_1.run :: [run] FINAL test_nll (sealed 10k) = -3595.301
2026-05-14 20:40:11,149 INFO CSMF2.experiments.step_1_1_1.density_plots :: [plot_latent_density] saved -> CSMF2/experiments/step_1_1_1/results/glow_s2_n0.10_seed0_a7f01bc637a9/plots/latent_density.png  (ks=0.0232, mean=-0.041, std=0.954)
2026-05-14 20:40:11,604 INFO CSMF2.experiments.step_1_1_1.density_plots :: [plot_cycle_density] saved -> CSMF2/experiments/step_1_1_1/results/glow_s2_n0.10_seed0_a7f01bc637a9/plots/cycle_density.png  (max|err|=1.168e-05 rms=5.243e-07)
2026-05-14 20:40:12,023 INFO CSMF2.experiments.step_1_1_1.density_plots :: [plot_reconstruction_panel] saved -> CSMF2/experiments/step_1_1_1/results/glow_s2_n0.10_seed0_a7f01bc637a9/plots/reconstruction_panel.png  rms(enc-prior)=2.031
==============================================================
[1mSTEP-1_1_1 RUN SUMMARY[0m
==============================================================
expert: glow   scale: 2   noise: 0.1   seed: 0   epochs: 30
train NLL:    -2941.15  ->    -3598.93  (Δ = -657.78)
test  NLL:    -3245.84  ->    -3597.62

[1mHARD GATES (halt on fail)[0m
  [32m 30/30  ✓[0m  invertibility FP64 <1e-5
  [33m 17/30  ✗[0m  latent KS vs N(0,1) <0.05
  [32m 30/30  ✓[0m  cycle_max < 1e-12
  [31m  0/30  ✗[0m  h std > 1e-3
  [31m  0/30  ✗[0m  FiLM γ,β std > 1e-3 aggregate
  [31m  0/30  ✗[0m  (y,seed) max|Δh| < 1e-6
  [32m 30/30  ✓[0m  no NaN/Inf this epoch
  [32m  1/1   ✓[0m  numeric log-det (FP64, once)

[1mINFORMATIONAL (logged, non-blocking)[0m
  [31m  0/30  ✗[0m  null-control gap ≥ 0.10
  [31m  0/30  ✗[0m  h_st Δlogp slope > 1e-3
  [31m  0/30  ✗[0m  grad norm > 1e-6
  [32m 30/30  ✓[0m  fwd residual reported
--------------------------------------------------------------
[1mHARD TOTAL: 108/211[0m  (51.2%)
[1mEXIT_CRITERIA_MET:[0m [31mNO[0m
[1mREMEDY HINTS:[0m
  - hard gate failed: latent_ks (latent KS vs N(0,1) <0.05) -- check epochs [0, 1, 2, 3, 6, 8, 9, 13, 19, 21, 23, 25, 26]
  - hard gate failed: h_alive (h std > 1e-3) -- check epochs [0, 1, 2, 3, 4, 5, 6, 7, 8, 9, 10, 11, 12, 13, 14, 15, 16, 17, 18, 19, 20, 21, 22, 23, 24, 25, 26, 27, 28, 29]
  - hard gate failed: film_alive (FiLM γ,β std > 1e-3 aggregate) -- check epochs [0, 1, 2, 3, 4, 5, 6, 7, 8, 9, 10, 11, 12, 13, 14, 15, 16, 17, 18, 19, 20, 21, 22, 23, 24, 25, 26, 27, 28, 29]
  - hard gate failed: determinism ((y,seed) max|Δh| < 1e-6) -- check epochs [0, 1, 2, 3, 4, 5, 6, 7, 8, 9, 10, 11, 12, 13, 14, 15, 16, 17, 18, 19, 20, 21, 22, 23, 24, 25, 26, 27, 28, 29]
[33mSTEP-1_1_1 SOFT WARNINGS (non-blocking):[0m
  ! fwd_rel=0.970 > target 0.500 (informational; no resume baseline available)
==============================================================
2026-05-14 20:40:12,096 INFO CSMF2.step_1_1_1.run :: STEP-1_1 run DONE  exit_ok=False  out=CSMF2/experiments/step_1_1_1/results/glow_s2_n0.10_seed0_a7f01bc637a9
