>>> 07:14:13 expert=nsf noise=0.0 lam=0.0 v2=off
2026-05-15 07:14:14,270 INFO CSMF2.step_1_1_1.run :: STEP-1_1 run | tag=nsf_s2_n0.00_seed0_318228682ea7 | cfg=StepCfg(data_root='./mnist_data', scale=2, blur_sigma=1.0, noise_sigma=0.0, batch_size=128, expert='nsf', dim=784, cond_width=128, h_dim=256, flow_hidden=256, use_film=True, cache_h=True, use_v2_conditioner=False, film_depth=2, film_hidden=128, film_use_gelu=True, realnvp_n_couplings=6, realnvp_s_max=2.0, glow_n_steps=8, glow_coupling_hidden=256, glow_s_max=2.0, glow_squeeze=True, glow_n_levels=1, glow_image_c=1, glow_image_h=28, glow_image_w=28, glow_film_gain_init=0.3, lr=0.001, epochs=30, weight_decay=0.0, grad_clip=5.0, shuffle_loss_lambda=0.0, shuffle_loss_margin=0.5, h_std_penalty_mu=0.0, h_std_target=0.05, cond_y_residual_alpha_init=0.0, latent_moment_lambda=0.0, latent_ks_target=0.1, fwd_rel_target=0.5, resume_from=None, seed=0, out_root='./CSMF2/experiments/step_1_1_1/results', log_every=50, sanity_every_epoch=True)
2026-05-15 07:14:14,336 INFO CSMF2.step_1_1_1.run :: [run] data sizes: train=55000  val=5000 (per-epoch)  test=10000 (final-only)
2026-05-15 07:14:14,396 INFO CSMF2.step_1_1_1.run :: [y_sanity] y.std(dim=0).mean() = 0.1294  shape=(128, 1, 14, 14)
2026-05-15 07:14:26,513 INFO CSMF2.step_1_1_1.run :: [h] epoch=0 step=50 total=0.20134 batch=0.00897
2026-05-15 07:14:26,514 INFO CSMF2.step_1_1_1.run :: [lat] epoch=0 step=50 mean_l2=0.34237 std_l2=0.15652
2026-05-15 07:14:26,634 INFO CSMF2.step_1_1_1.run :: epoch=0 step=50/429 train_nll=-1916.686
2026-05-15 07:14:38,138 INFO CSMF2.step_1_1_1.run :: [h] epoch=0 step=100 total=0.14163 batch=0.00179
2026-05-15 07:14:38,139 INFO CSMF2.step_1_1_1.run :: [lat] epoch=0 step=100 mean_l2=0.05557 std_l2=0.06574
2026-05-15 07:14:38,256 INFO CSMF2.step_1_1_1.run :: epoch=0 step=100/429 train_nll=-2547.957
2026-05-15 07:14:50,138 INFO CSMF2.step_1_1_1.run :: [h] epoch=0 step=150 total=0.14690 batch=0.00195
2026-05-15 07:14:50,139 INFO CSMF2.step_1_1_1.run :: [lat] epoch=0 step=150 mean_l2=0.04546 std_l2=0.04843
2026-05-15 07:14:50,267 INFO CSMF2.step_1_1_1.run :: epoch=0 step=150/429 train_nll=-2793.952
2026-05-15 07:15:02,877 INFO CSMF2.step_1_1_1.run :: [h] epoch=0 step=200 total=0.17601 batch=0.00680
2026-05-15 07:15:02,877 INFO CSMF2.step_1_1_1.run :: [lat] epoch=0 step=200 mean_l2=0.03348 std_l2=0.03526
2026-05-15 07:15:03,007 INFO CSMF2.step_1_1_1.run :: epoch=0 step=200/429 train_nll=-2936.031
2026-05-15 07:15:15,642 INFO CSMF2.step_1_1_1.run :: [h] epoch=0 step=250 total=0.17529 batch=0.01220
2026-05-15 07:15:15,643 INFO CSMF2.step_1_1_1.run :: [lat] epoch=0 step=250 mean_l2=0.04992 std_l2=0.04194
2026-05-15 07:15:15,797 INFO CSMF2.step_1_1_1.run :: epoch=0 step=250/429 train_nll=-3022.548
2026-05-15 07:15:28,353 INFO CSMF2.step_1_1_1.run :: [h] epoch=0 step=300 total=0.19557 batch=0.02535
2026-05-15 07:15:28,354 INFO CSMF2.step_1_1_1.run :: [lat] epoch=0 step=300 mean_l2=0.03965 std_l2=0.03225
2026-05-15 07:15:28,485 INFO CSMF2.step_1_1_1.run :: epoch=0 step=300/429 train_nll=-3084.749
2026-05-15 07:15:41,225 INFO CSMF2.step_1_1_1.run :: [h] epoch=0 step=350 total=0.14622 batch=0.03201
2026-05-15 07:15:41,225 INFO CSMF2.step_1_1_1.run :: [lat] epoch=0 step=350 mean_l2=0.02960 std_l2=0.03913
2026-05-15 07:15:41,353 INFO CSMF2.step_1_1_1.run :: epoch=0 step=350/429 train_nll=-3130.599
2026-05-15 07:15:53,829 INFO CSMF2.step_1_1_1.run :: [h] epoch=0 step=400 total=0.07238 batch=0.02609
2026-05-15 07:15:53,829 INFO CSMF2.step_1_1_1.run :: [lat] epoch=0 step=400 mean_l2=0.05368 std_l2=0.03706
2026-05-15 07:15:53,957 INFO CSMF2.step_1_1_1.run :: epoch=0 step=400/429 train_nll=-3166.245
2026-05-15 07:16:05,900 INFO CSMF2.step_1_1_1.run :: epoch=0  train_nll=-3184.619  val_nll=-3468.721  t=111.4s
2026-05-15 07:16:05,900 INFO CSMF2.step_1_1_1.run :: [h_std] total=0.14046 batch=0.01571 (no penalty)
2026-05-15 07:16:05,900 INFO CSMF2.step_1_1_1.run :: [lat_epoch] mean_l2=0.18487 std_l2=0.12256 (no penalty)
2026-05-15 07:16:05,900 INFO CSMF2.step_1_1_1.run :: [grad] cond=12.9036 film_gain=0.0000
2026-05-15 07:16:21,799 INFO CSMF2.step_1_1_1.run :: [h] epoch=1 step=50 total=0.17346 batch=0.06229
2026-05-15 07:16:21,799 INFO CSMF2.step_1_1_1.run :: [lat] epoch=1 step=50 mean_l2=0.04751 std_l2=0.03238
2026-05-15 07:16:21,953 INFO CSMF2.step_1_1_1.run :: epoch=1 step=50/429 train_nll=-3458.530
2026-05-15 07:16:34,573 INFO CSMF2.step_1_1_1.run :: [h] epoch=1 step=100 total=0.21837 batch=0.09848
2026-05-15 07:16:34,573 INFO CSMF2.step_1_1_1.run :: [lat] epoch=1 step=100 mean_l2=0.02466 std_l2=0.02978
2026-05-15 07:16:34,703 INFO CSMF2.step_1_1_1.run :: epoch=1 step=100/429 train_nll=-3461.576
2026-05-15 07:16:47,653 INFO CSMF2.step_1_1_1.run :: [h] epoch=1 step=150 total=0.29809 batch=0.15325
2026-05-15 07:16:47,653 INFO CSMF2.step_1_1_1.run :: [lat] epoch=1 step=150 mean_l2=0.01920 std_l2=0.02487
2026-05-15 07:16:47,783 INFO CSMF2.step_1_1_1.run :: epoch=1 step=150/429 train_nll=-3466.379
2026-05-15 07:17:00,692 INFO CSMF2.step_1_1_1.run :: [h] epoch=1 step=200 total=0.29846 batch=0.14607
2026-05-15 07:17:00,693 INFO CSMF2.step_1_1_1.run :: [lat] epoch=1 step=200 mean_l2=0.02746 std_l2=0.02946
2026-05-15 07:17:00,826 INFO CSMF2.step_1_1_1.run :: epoch=1 step=200/429 train_nll=-3468.689
2026-05-15 07:17:14,114 INFO CSMF2.step_1_1_1.run :: [h] epoch=1 step=250 total=0.30639 batch=0.16629
2026-05-15 07:17:14,114 INFO CSMF2.step_1_1_1.run :: [lat] epoch=1 step=250 mean_l2=0.03648 std_l2=0.03411
2026-05-15 07:17:14,284 INFO CSMF2.step_1_1_1.run :: epoch=1 step=250/429 train_nll=-3469.349
2026-05-15 07:17:27,939 INFO CSMF2.step_1_1_1.run :: [h] epoch=1 step=300 total=0.32003 batch=0.17997
2026-05-15 07:17:27,939 INFO CSMF2.step_1_1_1.run :: [lat] epoch=1 step=300 mean_l2=0.02011 std_l2=0.02580
2026-05-15 07:17:28,091 INFO CSMF2.step_1_1_1.run :: epoch=1 step=300/429 train_nll=-3470.046
2026-05-15 07:17:41,890 INFO CSMF2.step_1_1_1.run :: [h] epoch=1 step=350 total=0.37050 batch=0.20663
2026-05-15 07:17:41,890 INFO CSMF2.step_1_1_1.run :: [lat] epoch=1 step=350 mean_l2=0.01919 std_l2=0.02404
2026-05-15 07:17:42,044 INFO CSMF2.step_1_1_1.run :: epoch=1 step=350/429 train_nll=-3474.384
2026-05-15 07:17:55,945 INFO CSMF2.step_1_1_1.run :: [h] epoch=1 step=400 total=0.38994 batch=0.22347
2026-05-15 07:17:55,945 INFO CSMF2.step_1_1_1.run :: [lat] epoch=1 step=400 mean_l2=0.03584 std_l2=0.02571
2026-05-15 07:17:56,097 INFO CSMF2.step_1_1_1.run :: epoch=1 step=400/429 train_nll=-3479.550
2026-05-15 07:18:08,683 INFO CSMF2.step_1_1_1.run :: epoch=1  train_nll=-3480.810  val_nll=-3518.554  t=119.5s
2026-05-15 07:18:08,683 INFO CSMF2.step_1_1_1.run :: [h_std] total=0.29746 batch=0.14817 (no penalty)
2026-05-15 07:18:08,683 INFO CSMF2.step_1_1_1.run :: [lat_epoch] mean_l2=0.03272 std_l2=0.02754 (no penalty)
2026-05-15 07:18:08,684 INFO CSMF2.step_1_1_1.run :: [grad] cond=73.2064 film_gain=0.0000
2026-05-15 07:18:25,439 INFO CSMF2.step_1_1_1.run :: [h] epoch=2 step=50 total=0.33621 batch=0.19606
2026-05-15 07:18:25,440 INFO CSMF2.step_1_1_1.run :: [lat] epoch=2 step=50 mean_l2=0.05498 std_l2=0.03041
2026-05-15 07:18:25,587 INFO CSMF2.step_1_1_1.run :: epoch=2 step=50/429 train_nll=-3512.885
2026-05-15 07:18:39,273 INFO CSMF2.step_1_1_1.run :: [h] epoch=2 step=100 total=0.40874 batch=0.24351
2026-05-15 07:18:39,273 INFO CSMF2.step_1_1_1.run :: [lat] epoch=2 step=100 mean_l2=0.02107 std_l2=0.02704
2026-05-15 07:18:39,423 INFO CSMF2.step_1_1_1.run :: epoch=2 step=100/429 train_nll=-3517.653
2026-05-15 07:18:53,049 INFO CSMF2.step_1_1_1.run :: [h] epoch=2 step=150 total=0.41084 batch=0.25262
2026-05-15 07:18:53,049 INFO CSMF2.step_1_1_1.run :: [lat] epoch=2 step=150 mean_l2=0.03551 std_l2=0.03606
2026-05-15 07:18:53,199 INFO CSMF2.step_1_1_1.run :: epoch=2 step=150/429 train_nll=-3519.700
2026-05-15 07:19:06,891 INFO CSMF2.step_1_1_1.run :: [h] epoch=2 step=200 total=0.42020 batch=0.25302
2026-05-15 07:19:06,891 INFO CSMF2.step_1_1_1.run :: [lat] epoch=2 step=200 mean_l2=0.02040 std_l2=0.02179
2026-05-15 07:19:07,041 INFO CSMF2.step_1_1_1.run :: epoch=2 step=200/429 train_nll=-3520.531
2026-05-15 07:19:20,789 INFO CSMF2.step_1_1_1.run :: [h] epoch=2 step=250 total=0.43027 batch=0.26518
2026-05-15 07:19:20,789 INFO CSMF2.step_1_1_1.run :: [lat] epoch=2 step=250 mean_l2=0.01550 std_l2=0.02433
2026-05-15 07:19:20,939 INFO CSMF2.step_1_1_1.run :: epoch=2 step=250/429 train_nll=-3524.706
2026-05-15 07:19:34,709 INFO CSMF2.step_1_1_1.run :: [h] epoch=2 step=300 total=0.43918 batch=0.25897
2026-05-15 07:19:34,710 INFO CSMF2.step_1_1_1.run :: [lat] epoch=2 step=300 mean_l2=0.01772 std_l2=0.02428
2026-05-15 07:19:34,860 INFO CSMF2.step_1_1_1.run :: epoch=2 step=300/429 train_nll=-3527.589
2026-05-15 07:19:48,616 INFO CSMF2.step_1_1_1.run :: [h] epoch=2 step=350 total=0.45538 batch=0.27063
2026-05-15 07:19:48,616 INFO CSMF2.step_1_1_1.run :: [lat] epoch=2 step=350 mean_l2=0.04995 std_l2=0.03182
2026-05-15 07:19:48,769 INFO CSMF2.step_1_1_1.run :: epoch=2 step=350/429 train_nll=-3530.556
2026-05-15 07:20:03,073 INFO CSMF2.step_1_1_1.run :: [h] epoch=2 step=400 total=0.45316 batch=0.27554
2026-05-15 07:20:03,074 INFO CSMF2.step_1_1_1.run :: [lat] epoch=2 step=400 mean_l2=0.02476 std_l2=0.02582
2026-05-15 07:20:03,226 INFO CSMF2.step_1_1_1.run :: epoch=2 step=400/429 train_nll=-3532.360
2026-05-15 07:20:15,934 INFO CSMF2.step_1_1_1.run :: epoch=2  train_nll=-3532.277  val_nll=-3537.998  t=124.1s
2026-05-15 07:20:15,934 INFO CSMF2.step_1_1_1.run :: [h_std] total=0.41874 batch=0.25051 (no penalty)
2026-05-15 07:20:15,934 INFO CSMF2.step_1_1_1.run :: [lat_epoch] mean_l2=0.02764 std_l2=0.02547 (no penalty)
2026-05-15 07:20:15,934 INFO CSMF2.step_1_1_1.run :: [grad] cond=102.8380 film_gain=0.0000
2026-05-15 07:20:33,268 INFO CSMF2.step_1_1_1.run :: [h] epoch=3 step=50 total=0.39347 batch=0.23474
2026-05-15 07:20:33,269 INFO CSMF2.step_1_1_1.run :: [lat] epoch=3 step=50 mean_l2=0.05481 std_l2=0.03110
2026-05-15 07:20:33,429 INFO CSMF2.step_1_1_1.run :: epoch=3 step=50/429 train_nll=-3538.389
2026-05-15 07:20:48,020 INFO CSMF2.step_1_1_1.run :: [h] epoch=3 step=100 total=0.43943 batch=0.26747
2026-05-15 07:20:48,020 INFO CSMF2.step_1_1_1.run :: [lat] epoch=3 step=100 mean_l2=0.01612 std_l2=0.02360
2026-05-15 07:20:48,176 INFO CSMF2.step_1_1_1.run :: epoch=3 step=100/429 train_nll=-3545.374
2026-05-15 07:21:02,516 INFO CSMF2.step_1_1_1.run :: [h] epoch=3 step=150 total=0.45595 batch=0.27910
2026-05-15 07:21:02,516 INFO CSMF2.step_1_1_1.run :: [lat] epoch=3 step=150 mean_l2=0.04155 std_l2=0.02698
2026-05-15 07:21:02,669 INFO CSMF2.step_1_1_1.run :: epoch=3 step=150/429 train_nll=-3553.223
2026-05-15 07:21:16,711 INFO CSMF2.step_1_1_1.run :: [h] epoch=3 step=200 total=0.45476 batch=0.27297
2026-05-15 07:21:16,712 INFO CSMF2.step_1_1_1.run :: [lat] epoch=3 step=200 mean_l2=0.02715 std_l2=0.02297
2026-05-15 07:21:16,869 INFO CSMF2.step_1_1_1.run :: epoch=3 step=200/429 train_nll=-3555.037
2026-05-15 07:21:31,191 INFO CSMF2.step_1_1_1.run :: [h] epoch=3 step=250 total=0.45331 batch=0.28204
2026-05-15 07:21:31,191 INFO CSMF2.step_1_1_1.run :: [lat] epoch=3 step=250 mean_l2=0.02448 std_l2=0.02134
2026-05-15 07:21:31,349 INFO CSMF2.step_1_1_1.run :: epoch=3 step=250/429 train_nll=-3558.898
2026-05-15 07:21:45,536 INFO CSMF2.step_1_1_1.run :: [h] epoch=3 step=300 total=0.46136 batch=0.27781
2026-05-15 07:21:45,537 INFO CSMF2.step_1_1_1.run :: [lat] epoch=3 step=300 mean_l2=0.01713 std_l2=0.02035
2026-05-15 07:21:45,697 INFO CSMF2.step_1_1_1.run :: epoch=3 step=300/429 train_nll=-3559.000
2026-05-15 07:21:59,794 INFO CSMF2.step_1_1_1.run :: [h] epoch=3 step=350 total=0.45536 batch=0.28473
2026-05-15 07:21:59,794 INFO CSMF2.step_1_1_1.run :: [lat] epoch=3 step=350 mean_l2=0.02060 std_l2=0.02232
2026-05-15 07:21:59,954 INFO CSMF2.step_1_1_1.run :: epoch=3 step=350/429 train_nll=-3561.269
2026-05-15 07:22:13,978 INFO CSMF2.step_1_1_1.run :: [h] epoch=3 step=400 total=0.42657 batch=0.26582
2026-05-15 07:22:13,978 INFO CSMF2.step_1_1_1.run :: [lat] epoch=3 step=400 mean_l2=0.04287 std_l2=0.03553
2026-05-15 07:22:14,138 INFO CSMF2.step_1_1_1.run :: epoch=3 step=400/429 train_nll=-3560.353
2026-05-15 07:22:27,270 INFO CSMF2.step_1_1_1.run :: epoch=3  train_nll=-3560.688  val_nll=-3581.097  t=128.2s
2026-05-15 07:22:27,270 INFO CSMF2.step_1_1_1.run :: [h_std] total=0.44526 batch=0.27215 (no penalty)
2026-05-15 07:22:27,270 INFO CSMF2.step_1_1_1.run :: [lat_epoch] mean_l2=0.02777 std_l2=0.02548 (no penalty)
2026-05-15 07:22:27,270 INFO CSMF2.step_1_1_1.run :: [grad] cond=205.3460 film_gain=0.0000
2026-05-15 07:22:44,619 INFO CSMF2.step_1_1_1.run :: [h] epoch=4 step=50 total=0.42537 batch=0.25838
2026-05-15 07:22:44,620 INFO CSMF2.step_1_1_1.run :: [lat] epoch=4 step=50 mean_l2=0.02751 std_l2=0.03227
2026-05-15 07:22:44,778 INFO CSMF2.step_1_1_1.run :: epoch=4 step=50/429 train_nll=-3550.808
2026-05-15 07:22:59,043 INFO CSMF2.step_1_1_1.run :: [h] epoch=4 step=100 total=0.46094 batch=0.27705
2026-05-15 07:22:59,043 INFO CSMF2.step_1_1_1.run :: [lat] epoch=4 step=100 mean_l2=0.02033 std_l2=0.02202
2026-05-15 07:22:59,203 INFO CSMF2.step_1_1_1.run :: epoch=4 step=100/429 train_nll=-3567.988
2026-05-15 07:23:13,708 INFO CSMF2.step_1_1_1.run :: [h] epoch=4 step=150 total=0.45912 batch=0.28202
2026-05-15 07:23:13,709 INFO CSMF2.step_1_1_1.run :: [lat] epoch=4 step=150 mean_l2=0.02650 std_l2=0.02400
2026-05-15 07:23:13,867 INFO CSMF2.step_1_1_1.run :: epoch=4 step=150/429 train_nll=-3574.134
2026-05-15 07:23:27,966 INFO CSMF2.step_1_1_1.run :: [h] epoch=4 step=200 total=0.43115 batch=0.26526
2026-05-15 07:23:27,966 INFO CSMF2.step_1_1_1.run :: [lat] epoch=4 step=200 mean_l2=0.02685 std_l2=0.03240
2026-05-15 07:23:28,123 INFO CSMF2.step_1_1_1.run :: epoch=4 step=200/429 train_nll=-3570.350
2026-05-15 07:23:42,254 INFO CSMF2.step_1_1_1.run :: [h] epoch=4 step=250 total=0.44462 batch=0.27940
2026-05-15 07:23:42,255 INFO CSMF2.step_1_1_1.run :: [lat] epoch=4 step=250 mean_l2=0.02168 std_l2=0.02372
2026-05-15 07:23:42,415 INFO CSMF2.step_1_1_1.run :: epoch=4 step=250/429 train_nll=-3571.043
2026-05-15 07:23:56,607 INFO CSMF2.step_1_1_1.run :: [h] epoch=4 step=300 total=0.45004 batch=0.27075
2026-05-15 07:23:56,607 INFO CSMF2.step_1_1_1.run :: [lat] epoch=4 step=300 mean_l2=0.01642 std_l2=0.02268
2026-05-15 07:23:56,766 INFO CSMF2.step_1_1_1.run :: epoch=4 step=300/429 train_nll=-3574.860
2026-05-15 07:24:11,121 INFO CSMF2.step_1_1_1.run :: [h] epoch=4 step=350 total=0.45535 batch=0.28201
2026-05-15 07:24:11,122 INFO CSMF2.step_1_1_1.run :: [lat] epoch=4 step=350 mean_l2=0.01622 std_l2=0.02185
2026-05-15 07:24:11,280 INFO CSMF2.step_1_1_1.run :: epoch=4 step=350/429 train_nll=-3577.570
2026-05-15 07:24:25,570 INFO CSMF2.step_1_1_1.run :: [h] epoch=4 step=400 total=0.44609 batch=0.26969
2026-05-15 07:24:25,571 INFO CSMF2.step_1_1_1.run :: [lat] epoch=4 step=400 mean_l2=0.04556 std_l2=0.02496
2026-05-15 07:24:25,775 INFO CSMF2.step_1_1_1.run :: epoch=4 step=400/429 train_nll=-3580.736
2026-05-15 07:24:38,775 INFO CSMF2.step_1_1_1.run :: epoch=4  train_nll=-3581.192  val_nll=-3604.508  t=128.3s
2026-05-15 07:24:38,775 INFO CSMF2.step_1_1_1.run :: [h_std] total=0.44614 batch=0.27387 (no penalty)
2026-05-15 07:24:38,775 INFO CSMF2.step_1_1_1.run :: [lat_epoch] mean_l2=0.02706 std_l2=0.02497 (no penalty)
2026-05-15 07:24:38,775 INFO CSMF2.step_1_1_1.run :: [grad] cond=125.7540 film_gain=0.0000
2026-05-15 07:24:56,177 INFO CSMF2.step_1_1_1.run :: [h] epoch=5 step=50 total=0.43917 batch=0.26234
2026-05-15 07:24:56,177 INFO CSMF2.step_1_1_1.run :: [lat] epoch=5 step=50 mean_l2=0.02126 std_l2=0.02050
2026-05-15 07:24:56,382 INFO CSMF2.step_1_1_1.run :: epoch=5 step=50/429 train_nll=-3609.005
2026-05-15 07:25:11,347 INFO CSMF2.step_1_1_1.run :: [h] epoch=5 step=100 total=0.43971 batch=0.26053
2026-05-15 07:25:11,348 INFO CSMF2.step_1_1_1.run :: [lat] epoch=5 step=100 mean_l2=0.01948 std_l2=0.02222
2026-05-15 07:25:11,555 INFO CSMF2.step_1_1_1.run :: epoch=5 step=100/429 train_nll=-3595.923
2026-05-15 07:25:25,985 INFO CSMF2.step_1_1_1.run :: [h] epoch=5 step=150 total=0.46447 batch=0.28500
2026-05-15 07:25:25,985 INFO CSMF2.step_1_1_1.run :: [lat] epoch=5 step=150 mean_l2=0.01921 std_l2=0.02123
2026-05-15 07:25:26,142 INFO CSMF2.step_1_1_1.run :: epoch=5 step=150/429 train_nll=-3600.181
2026-05-15 07:25:40,536 INFO CSMF2.step_1_1_1.run :: [h] epoch=5 step=200 total=0.45550 batch=0.27304
2026-05-15 07:25:40,537 INFO CSMF2.step_1_1_1.run :: [lat] epoch=5 step=200 mean_l2=0.01585 std_l2=0.02228
2026-05-15 07:25:40,695 INFO CSMF2.step_1_1_1.run :: epoch=5 step=200/429 train_nll=-3600.698
2026-05-15 07:25:55,331 INFO CSMF2.step_1_1_1.run :: [h] epoch=5 step=250 total=0.47152 batch=0.28753
2026-05-15 07:25:55,332 INFO CSMF2.step_1_1_1.run :: [lat] epoch=5 step=250 mean_l2=0.01448 std_l2=0.01784
2026-05-15 07:25:55,537 INFO CSMF2.step_1_1_1.run :: epoch=5 step=250/429 train_nll=-3604.092
2026-05-15 07:26:09,999 INFO CSMF2.step_1_1_1.run :: [h] epoch=5 step=300 total=0.45381 batch=0.26734
2026-05-15 07:26:10,000 INFO CSMF2.step_1_1_1.run :: [lat] epoch=5 step=300 mean_l2=0.01939 std_l2=0.02195
2026-05-15 07:26:10,206 INFO CSMF2.step_1_1_1.run :: epoch=5 step=300/429 train_nll=-3605.434
2026-05-15 07:26:24,514 INFO CSMF2.step_1_1_1.run :: [h] epoch=5 step=350 total=0.45239 batch=0.27662
2026-05-15 07:26:24,515 INFO CSMF2.step_1_1_1.run :: [lat] epoch=5 step=350 mean_l2=0.01678 std_l2=0.02082
2026-05-15 07:26:24,673 INFO CSMF2.step_1_1_1.run :: epoch=5 step=350/429 train_nll=-3605.415
2026-05-15 07:26:39,199 INFO CSMF2.step_1_1_1.run :: [h] epoch=5 step=400 total=0.46856 batch=0.28161
2026-05-15 07:26:39,199 INFO CSMF2.step_1_1_1.run :: [lat] epoch=5 step=400 mean_l2=0.02821 std_l2=0.01930
2026-05-15 07:26:39,406 INFO CSMF2.step_1_1_1.run :: epoch=5 step=400/429 train_nll=-3607.332
2026-05-15 07:26:52,811 INFO CSMF2.step_1_1_1.run :: epoch=5  train_nll=-3606.456  val_nll=-3614.230  t=130.8s
2026-05-15 07:26:52,811 INFO CSMF2.step_1_1_1.run :: [h_std] total=0.45448 batch=0.27453 (no penalty)
2026-05-15 07:26:52,811 INFO CSMF2.step_1_1_1.run :: [lat_epoch] mean_l2=0.02211 std_l2=0.02324 (no penalty)
2026-05-15 07:26:52,811 INFO CSMF2.step_1_1_1.run :: [grad] cond=164.6386 film_gain=0.0000
2026-05-15 07:27:09,945 INFO CSMF2.step_1_1_1.run :: [h] epoch=6 step=50 total=0.43864 batch=0.26654
2026-05-15 07:27:09,946 INFO CSMF2.step_1_1_1.run :: [lat] epoch=6 step=50 mean_l2=0.02444 std_l2=0.02274
2026-05-15 07:27:10,154 INFO CSMF2.step_1_1_1.run :: epoch=6 step=50/429 train_nll=-3596.236
2026-05-15 07:27:24,771 INFO CSMF2.step_1_1_1.run :: [h] epoch=6 step=100 total=0.43606 batch=0.26048
2026-05-15 07:27:24,772 INFO CSMF2.step_1_1_1.run :: [lat] epoch=6 step=100 mean_l2=0.06801 std_l2=0.02560
2026-05-15 07:27:24,933 INFO CSMF2.step_1_1_1.run :: epoch=6 step=100/429 train_nll=-3599.227
2026-05-15 07:27:39,123 INFO CSMF2.step_1_1_1.run :: [h] epoch=6 step=150 total=0.45138 batch=0.27954
2026-05-15 07:27:39,123 INFO CSMF2.step_1_1_1.run :: [lat] epoch=6 step=150 mean_l2=0.01420 std_l2=0.02095
2026-05-15 07:27:39,284 INFO CSMF2.step_1_1_1.run :: epoch=6 step=150/429 train_nll=-3599.299
2026-05-15 07:27:53,947 INFO CSMF2.step_1_1_1.run :: [h] epoch=6 step=200 total=0.42756 batch=0.25972
2026-05-15 07:27:53,948 INFO CSMF2.step_1_1_1.run :: [lat] epoch=6 step=200 mean_l2=0.03102 std_l2=0.03084
2026-05-15 07:27:54,109 INFO CSMF2.step_1_1_1.run :: epoch=6 step=200/429 train_nll=-3603.031
2026-05-15 07:28:08,536 INFO CSMF2.step_1_1_1.run :: [h] epoch=6 step=250 total=0.44789 batch=0.27660
2026-05-15 07:28:08,536 INFO CSMF2.step_1_1_1.run :: [lat] epoch=6 step=250 mean_l2=0.01908 std_l2=0.02200
2026-05-15 07:28:08,698 INFO CSMF2.step_1_1_1.run :: epoch=6 step=250/429 train_nll=-3603.922
2026-05-15 07:28:23,321 INFO CSMF2.step_1_1_1.run :: [h] epoch=6 step=300 total=0.41775 batch=0.25356
2026-05-15 07:28:23,322 INFO CSMF2.step_1_1_1.run :: [lat] epoch=6 step=300 mean_l2=0.02235 std_l2=0.02551
2026-05-15 07:28:23,483 INFO CSMF2.step_1_1_1.run :: epoch=6 step=300/429 train_nll=-3603.799
2026-05-15 07:28:37,723 INFO CSMF2.step_1_1_1.run :: [h] epoch=6 step=350 total=0.42764 batch=0.26319
2026-05-15 07:28:37,724 INFO CSMF2.step_1_1_1.run :: [lat] epoch=6 step=350 mean_l2=0.01986 std_l2=0.02542
2026-05-15 07:28:37,884 INFO CSMF2.step_1_1_1.run :: epoch=6 step=350/429 train_nll=-3603.127
2026-05-15 07:28:52,108 INFO CSMF2.step_1_1_1.run :: [h] epoch=6 step=400 total=0.44454 batch=0.27007
2026-05-15 07:28:52,108 INFO CSMF2.step_1_1_1.run :: [lat] epoch=6 step=400 mean_l2=0.01637 std_l2=0.01972
2026-05-15 07:28:52,269 INFO CSMF2.step_1_1_1.run :: epoch=6 step=400/429 train_nll=-3605.555
2026-05-15 07:29:05,373 INFO CSMF2.step_1_1_1.run :: epoch=6  train_nll=-3607.526  val_nll=-3637.069  t=129.4s
2026-05-15 07:29:05,373 INFO CSMF2.step_1_1_1.run :: [h_std] total=0.43603 batch=0.26630 (no penalty)
2026-05-15 07:29:05,373 INFO CSMF2.step_1_1_1.run :: [lat_epoch] mean_l2=0.02587 std_l2=0.02449 (no penalty)
2026-05-15 07:29:05,373 INFO CSMF2.step_1_1_1.run :: [grad] cond=265.9790 film_gain=0.0000
2026-05-15 07:29:22,942 INFO CSMF2.step_1_1_1.run :: [h] epoch=7 step=50 total=0.44185 batch=0.25710
2026-05-15 07:29:22,943 INFO CSMF2.step_1_1_1.run :: [lat] epoch=7 step=50 mean_l2=0.03440 std_l2=0.02887
2026-05-15 07:29:23,103 INFO CSMF2.step_1_1_1.run :: epoch=7 step=50/429 train_nll=-3628.545
2026-05-15 07:29:37,450 INFO CSMF2.step_1_1_1.run :: [h] epoch=7 step=100 total=0.44010 batch=0.26081
2026-05-15 07:29:37,451 INFO CSMF2.step_1_1_1.run :: [lat] epoch=7 step=100 mean_l2=0.01737 std_l2=0.01922
2026-05-15 07:29:37,611 INFO CSMF2.step_1_1_1.run :: epoch=7 step=100/429 train_nll=-3626.104
2026-05-15 07:29:52,343 INFO CSMF2.step_1_1_1.run :: [h] epoch=7 step=150 total=0.45335 batch=0.27503
2026-05-15 07:29:52,343 INFO CSMF2.step_1_1_1.run :: [lat] epoch=7 step=150 mean_l2=0.01650 std_l2=0.02017
2026-05-15 07:29:52,505 INFO CSMF2.step_1_1_1.run :: epoch=7 step=150/429 train_nll=-3629.597
2026-05-15 07:30:06,805 INFO CSMF2.step_1_1_1.run :: [h] epoch=7 step=200 total=0.43090 batch=0.25800
2026-05-15 07:30:06,806 INFO CSMF2.step_1_1_1.run :: [lat] epoch=7 step=200 mean_l2=0.02575 std_l2=0.02255
2026-05-15 07:30:07,014 INFO CSMF2.step_1_1_1.run :: epoch=7 step=200/429 train_nll=-3626.898
2026-05-15 07:30:21,287 INFO CSMF2.step_1_1_1.run :: [h] epoch=7 step=250 total=0.43462 batch=0.26762
2026-05-15 07:30:21,287 INFO CSMF2.step_1_1_1.run :: [lat] epoch=7 step=250 mean_l2=0.01933 std_l2=0.02332
2026-05-15 07:30:21,452 INFO CSMF2.step_1_1_1.run :: epoch=7 step=250/429 train_nll=-3625.537
2026-05-15 07:30:35,940 INFO CSMF2.step_1_1_1.run :: [h] epoch=7 step=300 total=0.43796 batch=0.25940
2026-05-15 07:30:35,941 INFO CSMF2.step_1_1_1.run :: [lat] epoch=7 step=300 mean_l2=0.02103 std_l2=0.01974
2026-05-15 07:30:36,105 INFO CSMF2.step_1_1_1.run :: epoch=7 step=300/429 train_nll=-3627.267
2026-05-15 07:30:51,081 INFO CSMF2.step_1_1_1.run :: [h] epoch=7 step=350 total=0.43367 batch=0.26436
2026-05-15 07:30:51,082 INFO CSMF2.step_1_1_1.run :: [lat] epoch=7 step=350 mean_l2=0.04059 std_l2=0.02485
2026-05-15 07:30:51,244 INFO CSMF2.step_1_1_1.run :: epoch=7 step=350/429 train_nll=-3628.521
2026-05-15 07:31:05,729 INFO CSMF2.step_1_1_1.run :: [h] epoch=7 step=400 total=0.44463 batch=0.26717
2026-05-15 07:31:05,730 INFO CSMF2.step_1_1_1.run :: [lat] epoch=7 step=400 mean_l2=0.01762 std_l2=0.02004
2026-05-15 07:31:05,940 INFO CSMF2.step_1_1_1.run :: epoch=7 step=400/429 train_nll=-3629.601
2026-05-15 07:31:18,983 INFO CSMF2.step_1_1_1.run :: epoch=7  train_nll=-3629.298  val_nll=-3628.835  t=130.5s
2026-05-15 07:31:18,984 INFO CSMF2.step_1_1_1.run :: [h_std] total=0.43774 batch=0.26339 (no penalty)
2026-05-15 07:31:18,984 INFO CSMF2.step_1_1_1.run :: [lat_epoch] mean_l2=0.02065 std_l2=0.02260 (no penalty)
2026-05-15 07:31:18,984 INFO CSMF2.step_1_1_1.run :: [grad] cond=250.2403 film_gain=0.0000
2026-05-15 07:31:36,521 INFO CSMF2.step_1_1_1.run :: [h] epoch=8 step=50 total=0.42800 batch=0.25412
2026-05-15 07:31:36,521 INFO CSMF2.step_1_1_1.run :: [lat] epoch=8 step=50 mean_l2=0.01448 std_l2=0.02033
2026-05-15 07:31:36,741 INFO CSMF2.step_1_1_1.run :: epoch=8 step=50/429 train_nll=-3642.714
2026-05-15 07:31:51,285 INFO CSMF2.step_1_1_1.run :: [h] epoch=8 step=100 total=0.41758 batch=0.24960
2026-05-15 07:31:51,286 INFO CSMF2.step_1_1_1.run :: [lat] epoch=8 step=100 mean_l2=0.02316 std_l2=0.02275
2026-05-15 07:31:51,497 INFO CSMF2.step_1_1_1.run :: epoch=8 step=100/429 train_nll=-3635.987
2026-05-15 07:32:06,214 INFO CSMF2.step_1_1_1.run :: [h] epoch=8 step=150 total=0.40981 batch=0.25613
2026-05-15 07:32:06,214 INFO CSMF2.step_1_1_1.run :: [lat] epoch=8 step=150 mean_l2=0.02437 std_l2=0.02668
2026-05-15 07:32:06,383 INFO CSMF2.step_1_1_1.run :: epoch=8 step=150/429 train_nll=-3626.540
2026-05-15 07:32:21,122 INFO CSMF2.step_1_1_1.run :: [h] epoch=8 step=200 total=0.42392 batch=0.25765
2026-05-15 07:32:21,123 INFO CSMF2.step_1_1_1.run :: [lat] epoch=8 step=200 mean_l2=0.01480 std_l2=0.02353
2026-05-15 07:32:21,337 INFO CSMF2.step_1_1_1.run :: epoch=8 step=200/429 train_nll=-3627.753
2026-05-15 07:32:36,184 INFO CSMF2.step_1_1_1.run :: [h] epoch=8 step=250 total=0.43343 batch=0.26791
2026-05-15 07:32:36,185 INFO CSMF2.step_1_1_1.run :: [lat] epoch=8 step=250 mean_l2=0.01476 std_l2=0.02019
2026-05-15 07:32:36,400 INFO CSMF2.step_1_1_1.run :: epoch=8 step=250/429 train_nll=-3632.284
2026-05-15 07:32:51,197 INFO CSMF2.step_1_1_1.run :: [h] epoch=8 step=300 total=0.43639 batch=0.26028
2026-05-15 07:32:51,198 INFO CSMF2.step_1_1_1.run :: [lat] epoch=8 step=300 mean_l2=0.02099 std_l2=0.02091
2026-05-15 07:32:51,361 INFO CSMF2.step_1_1_1.run :: epoch=8 step=300/429 train_nll=-3635.172
2026-05-15 07:33:05,929 INFO CSMF2.step_1_1_1.run :: [h] epoch=8 step=350 total=0.42493 batch=0.25810
2026-05-15 07:33:05,930 INFO CSMF2.step_1_1_1.run :: [lat] epoch=8 step=350 mean_l2=0.01983 std_l2=0.02209
2026-05-15 07:33:06,094 INFO CSMF2.step_1_1_1.run :: epoch=8 step=350/429 train_nll=-3633.462
2026-05-15 07:33:21,013 INFO CSMF2.step_1_1_1.run :: [h] epoch=8 step=400 total=0.42845 batch=0.25929
2026-05-15 07:33:21,013 INFO CSMF2.step_1_1_1.run :: [lat] epoch=8 step=400 mean_l2=0.01394 std_l2=0.01977
2026-05-15 07:33:21,180 INFO CSMF2.step_1_1_1.run :: epoch=8 step=400/429 train_nll=-3634.544
2026-05-15 07:33:34,358 INFO CSMF2.step_1_1_1.run :: epoch=8  train_nll=-3635.883  val_nll=-3654.981  t=132.2s
2026-05-15 07:33:34,358 INFO CSMF2.step_1_1_1.run :: [h_std] total=0.42548 batch=0.25800 (no penalty)
2026-05-15 07:33:34,358 INFO CSMF2.step_1_1_1.run :: [lat_epoch] mean_l2=0.02064 std_l2=0.02272 (no penalty)
2026-05-15 07:33:34,358 INFO CSMF2.step_1_1_1.run :: [grad] cond=93.1249 film_gain=0.0000
2026-05-15 07:33:51,738 INFO CSMF2.step_1_1_1.run :: [h] epoch=9 step=50 total=0.42832 batch=0.25255
2026-05-15 07:33:51,739 INFO CSMF2.step_1_1_1.run :: [lat] epoch=9 step=50 mean_l2=0.01392 std_l2=0.01963
2026-05-15 07:33:51,956 INFO CSMF2.step_1_1_1.run :: epoch=9 step=50/429 train_nll=-3656.494
2026-05-15 07:34:06,619 INFO CSMF2.step_1_1_1.run :: [h] epoch=9 step=100 total=0.43761 batch=0.25330
2026-05-15 07:34:06,620 INFO CSMF2.step_1_1_1.run :: [lat] epoch=9 step=100 mean_l2=0.02948 std_l2=0.02365
2026-05-15 07:34:06,833 INFO CSMF2.step_1_1_1.run :: epoch=9 step=100/429 train_nll=-3652.656
2026-05-15 07:34:21,229 INFO CSMF2.step_1_1_1.run :: [h] epoch=9 step=150 total=0.43504 batch=0.26504
2026-05-15 07:34:21,229 INFO CSMF2.step_1_1_1.run :: [lat] epoch=9 step=150 mean_l2=0.01750 std_l2=0.02167
2026-05-15 07:34:21,400 INFO CSMF2.step_1_1_1.run :: epoch=9 step=150/429 train_nll=-3646.984
2026-05-15 07:34:36,162 INFO CSMF2.step_1_1_1.run :: [h] epoch=9 step=200 total=0.42856 batch=0.25541
2026-05-15 07:34:36,162 INFO CSMF2.step_1_1_1.run :: [lat] epoch=9 step=200 mean_l2=0.01735 std_l2=0.02200
2026-05-15 07:34:36,380 INFO CSMF2.step_1_1_1.run :: epoch=9 step=200/429 train_nll=-3648.385
2026-05-15 07:34:50,874 INFO CSMF2.step_1_1_1.run :: [h] epoch=9 step=250 total=0.42679 batch=0.26031
2026-05-15 07:34:50,875 INFO CSMF2.step_1_1_1.run :: [lat] epoch=9 step=250 mean_l2=0.01565 std_l2=0.02079
2026-05-15 07:34:51,044 INFO CSMF2.step_1_1_1.run :: epoch=9 step=250/429 train_nll=-3645.724
2026-05-15 07:35:05,563 INFO CSMF2.step_1_1_1.run :: [h] epoch=9 step=300 total=0.43342 batch=0.25627
2026-05-15 07:35:05,564 INFO CSMF2.step_1_1_1.run :: [lat] epoch=9 step=300 mean_l2=0.01646 std_l2=0.01842
2026-05-15 07:35:05,781 INFO CSMF2.step_1_1_1.run :: epoch=9 step=300/429 train_nll=-3647.489
2026-05-15 07:35:20,654 INFO CSMF2.step_1_1_1.run :: [h] epoch=9 step=350 total=0.41375 batch=0.24783
2026-05-15 07:35:20,655 INFO CSMF2.step_1_1_1.run :: [lat] epoch=9 step=350 mean_l2=0.01750 std_l2=0.02277
2026-05-15 07:35:20,826 INFO CSMF2.step_1_1_1.run :: epoch=9 step=350/429 train_nll=-3645.687
2026-05-15 07:35:35,805 INFO CSMF2.step_1_1_1.run :: [h] epoch=9 step=400 total=0.43296 batch=0.25785
2026-05-15 07:35:35,806 INFO CSMF2.step_1_1_1.run :: [lat] epoch=9 step=400 mean_l2=0.01369 std_l2=0.02089
2026-05-15 07:35:36,021 INFO CSMF2.step_1_1_1.run :: epoch=9 step=400/429 train_nll=-3647.207
2026-05-15 07:35:49,548 INFO CSMF2.step_1_1_1.run :: epoch=9  train_nll=-3648.084  val_nll=-3659.533  t=132.0s
2026-05-15 07:35:49,548 INFO CSMF2.step_1_1_1.run :: [h_std] total=0.42804 batch=0.25642 (no penalty)
2026-05-15 07:35:49,548 INFO CSMF2.step_1_1_1.run :: [lat_epoch] mean_l2=0.01907 std_l2=0.02204 (no penalty)
2026-05-15 07:35:49,548 INFO CSMF2.step_1_1_1.run :: [grad] cond=122.7268 film_gain=0.0000
2026-05-15 07:36:07,339 INFO CSMF2.step_1_1_1.run :: [h] epoch=10 step=50 total=0.42316 batch=0.24770
2026-05-15 07:36:07,340 INFO CSMF2.step_1_1_1.run :: [lat] epoch=10 step=50 mean_l2=0.01590 std_l2=0.01969
2026-05-15 07:36:07,558 INFO CSMF2.step_1_1_1.run :: epoch=10 step=50/429 train_nll=-3661.726
2026-05-15 07:36:22,505 INFO CSMF2.step_1_1_1.run :: [h] epoch=10 step=100 total=0.43223 batch=0.25121
2026-05-15 07:36:22,505 INFO CSMF2.step_1_1_1.run :: [lat] epoch=10 step=100 mean_l2=0.01825 std_l2=0.02257
2026-05-15 07:36:22,670 INFO CSMF2.step_1_1_1.run :: epoch=10 step=100/429 train_nll=-3660.645
2026-05-15 07:36:37,432 INFO CSMF2.step_1_1_1.run :: [h] epoch=10 step=150 total=0.44213 batch=0.26524
2026-05-15 07:36:37,432 INFO CSMF2.step_1_1_1.run :: [lat] epoch=10 step=150 mean_l2=0.01699 std_l2=0.02113
2026-05-15 07:36:37,651 INFO CSMF2.step_1_1_1.run :: epoch=10 step=150/429 train_nll=-3660.068
2026-05-15 07:36:52,332 INFO CSMF2.step_1_1_1.run :: [h] epoch=10 step=200 total=0.43421 batch=0.25625
2026-05-15 07:36:52,333 INFO CSMF2.step_1_1_1.run :: [lat] epoch=10 step=200 mean_l2=0.01741 std_l2=0.02091
2026-05-15 07:36:52,503 INFO CSMF2.step_1_1_1.run :: epoch=10 step=200/429 train_nll=-3660.719
2026-05-15 07:37:07,088 INFO CSMF2.step_1_1_1.run :: [h] epoch=10 step=250 total=0.44103 batch=0.26443
2026-05-15 07:37:07,089 INFO CSMF2.step_1_1_1.run :: [lat] epoch=10 step=250 mean_l2=0.01545 std_l2=0.02015
2026-05-15 07:37:07,260 INFO CSMF2.step_1_1_1.run :: epoch=10 step=250/429 train_nll=-3661.538
2026-05-15 07:37:22,315 INFO CSMF2.step_1_1_1.run :: [h] epoch=10 step=300 total=0.42283 batch=0.25144
2026-05-15 07:37:22,316 INFO CSMF2.step_1_1_1.run :: [lat] epoch=10 step=300 mean_l2=0.01493 std_l2=0.02211
2026-05-15 07:37:22,533 INFO CSMF2.step_1_1_1.run :: epoch=10 step=300/429 train_nll=-3657.722
2026-05-15 07:37:37,603 INFO CSMF2.step_1_1_1.run :: [h] epoch=10 step=350 total=0.43235 batch=0.25914
2026-05-15 07:37:37,603 INFO CSMF2.step_1_1_1.run :: [lat] epoch=10 step=350 mean_l2=0.01458 std_l2=0.01978
2026-05-15 07:37:37,774 INFO CSMF2.step_1_1_1.run :: epoch=10 step=350/429 train_nll=-3658.518
2026-05-15 07:37:52,926 INFO CSMF2.step_1_1_1.run :: [h] epoch=10 step=400 total=0.42809 batch=0.24982
2026-05-15 07:37:52,927 INFO CSMF2.step_1_1_1.run :: [lat] epoch=10 step=400 mean_l2=0.05130 std_l2=0.02457
2026-05-15 07:37:53,099 INFO CSMF2.step_1_1_1.run :: epoch=10 step=400/429 train_nll=-3657.957
2026-05-15 07:38:06,347 INFO CSMF2.step_1_1_1.run :: epoch=10  train_nll=-3654.745  val_nll=-3631.232  t=133.8s
2026-05-15 07:38:06,347 INFO CSMF2.step_1_1_1.run :: [h_std] total=0.42942 batch=0.25485 (no penalty)
2026-05-15 07:38:06,347 INFO CSMF2.step_1_1_1.run :: [lat_epoch] mean_l2=0.01985 std_l2=0.02211 (no penalty)
2026-05-15 07:38:06,347 INFO CSMF2.step_1_1_1.run :: [grad] cond=174.5677 film_gain=0.0000
2026-05-15 07:38:24,131 INFO CSMF2.step_1_1_1.run :: [h] epoch=11 step=50 total=0.40925 batch=0.24259
2026-05-15 07:38:24,131 INFO CSMF2.step_1_1_1.run :: [lat] epoch=11 step=50 mean_l2=0.01510 std_l2=0.02215
2026-05-15 07:38:24,308 INFO CSMF2.step_1_1_1.run :: epoch=11 step=50/429 train_nll=-3653.880
2026-05-15 07:38:39,088 INFO CSMF2.step_1_1_1.run :: [h] epoch=11 step=100 total=0.42527 batch=0.24988
2026-05-15 07:38:39,088 INFO CSMF2.step_1_1_1.run :: [lat] epoch=11 step=100 mean_l2=0.02556 std_l2=0.01885
2026-05-15 07:38:39,263 INFO CSMF2.step_1_1_1.run :: epoch=11 step=100/429 train_nll=-3658.133
2026-05-15 07:38:54,283 INFO CSMF2.step_1_1_1.run :: [h] epoch=11 step=150 total=0.42943 batch=0.25890
2026-05-15 07:38:54,284 INFO CSMF2.step_1_1_1.run :: [lat] epoch=11 step=150 mean_l2=0.01648 std_l2=0.02228
2026-05-15 07:38:54,457 INFO CSMF2.step_1_1_1.run :: epoch=11 step=150/429 train_nll=-3656.706
2026-05-15 07:39:09,949 INFO CSMF2.step_1_1_1.run :: [h] epoch=11 step=200 total=0.42465 batch=0.25066
2026-05-15 07:39:09,949 INFO CSMF2.step_1_1_1.run :: [lat] epoch=11 step=200 mean_l2=0.01689 std_l2=0.01990
2026-05-15 07:39:10,127 INFO CSMF2.step_1_1_1.run :: epoch=11 step=200/429 train_nll=-3659.473
2026-05-15 07:39:25,624 INFO CSMF2.step_1_1_1.run :: [h] epoch=11 step=250 total=0.42692 batch=0.25699
2026-05-15 07:39:25,625 INFO CSMF2.step_1_1_1.run :: [lat] epoch=11 step=250 mean_l2=0.01472 std_l2=0.02256
2026-05-15 07:39:25,797 INFO CSMF2.step_1_1_1.run :: epoch=11 step=250/429 train_nll=-3661.640
2026-05-15 07:39:40,589 INFO CSMF2.step_1_1_1.run :: [h] epoch=11 step=300 total=0.40566 batch=0.23493
2026-05-15 07:39:40,590 INFO CSMF2.step_1_1_1.run :: [lat] epoch=11 step=300 mean_l2=0.03363 std_l2=0.03476
2026-05-15 07:39:40,810 INFO CSMF2.step_1_1_1.run :: epoch=11 step=300/429 train_nll=-3660.257
2026-05-15 07:39:55,564 INFO CSMF2.step_1_1_1.run :: [h] epoch=11 step=350 total=0.41544 batch=0.25019
2026-05-15 07:39:55,565 INFO CSMF2.step_1_1_1.run :: [lat] epoch=11 step=350 mean_l2=0.01522 std_l2=0.02033
2026-05-15 07:39:55,737 INFO CSMF2.step_1_1_1.run :: epoch=11 step=350/429 train_nll=-3659.636
2026-05-15 07:40:11,153 INFO CSMF2.step_1_1_1.run :: [h] epoch=11 step=400 total=0.42426 batch=0.25085
2026-05-15 07:40:11,153 INFO CSMF2.step_1_1_1.run :: [lat] epoch=11 step=400 mean_l2=0.01387 std_l2=0.02018
2026-05-15 07:40:11,327 INFO CSMF2.step_1_1_1.run :: epoch=11 step=400/429 train_nll=-3661.481
2026-05-15 07:40:24,703 INFO CSMF2.step_1_1_1.run :: epoch=11  train_nll=-3662.153  val_nll=-3662.461  t=135.3s
2026-05-15 07:40:24,703 INFO CSMF2.step_1_1_1.run :: [h_std] total=0.41880 batch=0.24919 (no penalty)
2026-05-15 07:40:24,703 INFO CSMF2.step_1_1_1.run :: [lat_epoch] mean_l2=0.01758 std_l2=0.02151 (no penalty)
2026-05-15 07:40:24,703 INFO CSMF2.step_1_1_1.run :: [grad] cond=209.3177 film_gain=0.0000
2026-05-15 07:40:42,545 INFO CSMF2.step_1_1_1.run :: [h] epoch=12 step=50 total=0.41389 batch=0.24134
2026-05-15 07:40:42,545 INFO CSMF2.step_1_1_1.run :: [lat] epoch=12 step=50 mean_l2=0.01748 std_l2=0.02129
2026-05-15 07:40:42,718 INFO CSMF2.step_1_1_1.run :: epoch=12 step=50/429 train_nll=-3662.669
2026-05-15 07:40:57,343 INFO CSMF2.step_1_1_1.run :: [h] epoch=12 step=100 total=0.41756 batch=0.24258
2026-05-15 07:40:57,346 INFO CSMF2.step_1_1_1.run :: [lat] epoch=12 step=100 mean_l2=0.01589 std_l2=0.02300
2026-05-15 07:40:57,516 INFO CSMF2.step_1_1_1.run :: epoch=12 step=100/429 train_nll=-3666.608
2026-05-15 07:41:12,281 INFO CSMF2.step_1_1_1.run :: [h] epoch=12 step=150 total=0.42809 batch=0.25599
2026-05-15 07:41:12,281 INFO CSMF2.step_1_1_1.run :: [lat] epoch=12 step=150 mean_l2=0.01723 std_l2=0.02062
2026-05-15 07:41:12,460 INFO CSMF2.step_1_1_1.run :: epoch=12 step=150/429 train_nll=-3667.382
2026-05-15 07:41:27,660 INFO CSMF2.step_1_1_1.run :: [h] epoch=12 step=200 total=0.41195 batch=0.24302
2026-05-15 07:41:27,660 INFO CSMF2.step_1_1_1.run :: [lat] epoch=12 step=200 mean_l2=0.01767 std_l2=0.02038
2026-05-15 07:41:27,835 INFO CSMF2.step_1_1_1.run :: epoch=12 step=200/429 train_nll=-3666.466
2026-05-15 07:41:43,190 INFO CSMF2.step_1_1_1.run :: [h] epoch=12 step=250 total=0.42706 batch=0.25461
2026-05-15 07:41:43,190 INFO CSMF2.step_1_1_1.run :: [lat] epoch=12 step=250 mean_l2=0.01589 std_l2=0.01936
2026-05-15 07:41:43,361 INFO CSMF2.step_1_1_1.run :: epoch=12 step=250/429 train_nll=-3668.106
2026-05-15 07:41:58,627 INFO CSMF2.step_1_1_1.run :: [h] epoch=12 step=300 total=0.42484 batch=0.24759
2026-05-15 07:41:58,628 INFO CSMF2.step_1_1_1.run :: [lat] epoch=12 step=300 mean_l2=0.01603 std_l2=0.02016
2026-05-15 07:41:58,850 INFO CSMF2.step_1_1_1.run :: epoch=12 step=300/429 train_nll=-3669.217
2026-05-15 07:42:13,928 INFO CSMF2.step_1_1_1.run :: [h] epoch=12 step=350 total=0.41138 batch=0.24161
2026-05-15 07:42:13,929 INFO CSMF2.step_1_1_1.run :: [lat] epoch=12 step=350 mean_l2=0.02374 std_l2=0.02487
2026-05-15 07:42:14,099 INFO CSMF2.step_1_1_1.run :: epoch=12 step=350/429 train_nll=-3668.769
2026-05-15 07:42:28,888 INFO CSMF2.step_1_1_1.run :: [h] epoch=12 step=400 total=0.40832 batch=0.24041
2026-05-15 07:42:28,888 INFO CSMF2.step_1_1_1.run :: [lat] epoch=12 step=400 mean_l2=0.01867 std_l2=0.02178
2026-05-15 07:42:29,058 INFO CSMF2.step_1_1_1.run :: epoch=12 step=400/429 train_nll=-3666.078
2026-05-15 07:42:42,194 INFO CSMF2.step_1_1_1.run :: epoch=12  train_nll=-3666.372  val_nll=-3673.058  t=134.4s
2026-05-15 07:42:42,194 INFO CSMF2.step_1_1_1.run :: [h_std] total=0.41627 batch=0.24581 (no penalty)
2026-05-15 07:42:42,194 INFO CSMF2.step_1_1_1.run :: [lat_epoch] mean_l2=0.01904 std_l2=0.02185 (no penalty)
2026-05-15 07:42:42,194 INFO CSMF2.step_1_1_1.run :: [grad] cond=179.5607 film_gain=0.0000
2026-05-15 07:43:00,021 INFO CSMF2.step_1_1_1.run :: [h] epoch=13 step=50 total=0.40698 batch=0.23620
2026-05-15 07:43:00,021 INFO CSMF2.step_1_1_1.run :: [lat] epoch=13 step=50 mean_l2=0.01424 std_l2=0.01894
2026-05-15 07:43:00,196 INFO CSMF2.step_1_1_1.run :: epoch=13 step=50/429 train_nll=-3677.079
2026-05-15 07:43:15,476 INFO CSMF2.step_1_1_1.run :: [h] epoch=13 step=100 total=0.41317 batch=0.23698
2026-05-15 07:43:15,477 INFO CSMF2.step_1_1_1.run :: [lat] epoch=13 step=100 mean_l2=0.01465 std_l2=0.02271
2026-05-15 07:43:15,648 INFO CSMF2.step_1_1_1.run :: epoch=13 step=100/429 train_nll=-3677.304
2026-05-15 07:43:30,389 INFO CSMF2.step_1_1_1.run :: [h] epoch=13 step=150 total=0.42200 batch=0.24974
2026-05-15 07:43:30,389 INFO CSMF2.step_1_1_1.run :: [lat] epoch=13 step=150 mean_l2=0.01557 std_l2=0.01923
2026-05-15 07:43:30,609 INFO CSMF2.step_1_1_1.run :: epoch=13 step=150/429 train_nll=-3676.828
2026-05-15 07:43:45,542 INFO CSMF2.step_1_1_1.run :: [h] epoch=13 step=200 total=0.41603 batch=0.23768
2026-05-15 07:43:45,543 INFO CSMF2.step_1_1_1.run :: [lat] epoch=13 step=200 mean_l2=0.01840 std_l2=0.02012
2026-05-15 07:43:45,717 INFO CSMF2.step_1_1_1.run :: epoch=13 step=200/429 train_nll=-3676.851
2026-05-15 07:44:01,019 INFO CSMF2.step_1_1_1.run :: [h] epoch=13 step=250 total=0.39548 batch=0.23807
2026-05-15 07:44:01,020 INFO CSMF2.step_1_1_1.run :: [lat] epoch=13 step=250 mean_l2=0.02205 std_l2=0.02213
2026-05-15 07:44:01,197 INFO CSMF2.step_1_1_1.run :: epoch=13 step=250/429 train_nll=-3670.357
2026-05-15 07:44:16,275 INFO CSMF2.step_1_1_1.run :: [h] epoch=13 step=300 total=0.39778 batch=0.23560
2026-05-15 07:44:16,276 INFO CSMF2.step_1_1_1.run :: [lat] epoch=13 step=300 mean_l2=0.01467 std_l2=0.01819
2026-05-15 07:44:16,449 INFO CSMF2.step_1_1_1.run :: epoch=13 step=300/429 train_nll=-3667.498
2026-05-15 07:44:31,477 INFO CSMF2.step_1_1_1.run :: [h] epoch=13 step=350 total=0.40534 batch=0.24277
2026-05-15 07:44:31,478 INFO CSMF2.step_1_1_1.run :: [lat] epoch=13 step=350 mean_l2=0.01350 std_l2=0.02139
2026-05-15 07:44:31,656 INFO CSMF2.step_1_1_1.run :: epoch=13 step=350/429 train_nll=-3669.159
2026-05-15 07:44:46,740 INFO CSMF2.step_1_1_1.run :: [h] epoch=13 step=400 total=0.41078 batch=0.24138
2026-05-15 07:44:46,740 INFO CSMF2.step_1_1_1.run :: [lat] epoch=13 step=400 mean_l2=0.01403 std_l2=0.01940
2026-05-15 07:44:46,918 INFO CSMF2.step_1_1_1.run :: epoch=13 step=400/429 train_nll=-3671.190
2026-05-15 07:45:00,330 INFO CSMF2.step_1_1_1.run :: epoch=13  train_nll=-3672.029  val_nll=-3681.197  t=135.1s
2026-05-15 07:45:00,330 INFO CSMF2.step_1_1_1.run :: [h_std] total=0.40726 batch=0.24022 (no penalty)
2026-05-15 07:45:00,330 INFO CSMF2.step_1_1_1.run :: [lat_epoch] mean_l2=0.01798 std_l2=0.02122 (no penalty)
2026-05-15 07:45:00,330 INFO CSMF2.step_1_1_1.run :: [grad] cond=133.5451 film_gain=0.0000
2026-05-15 07:45:18,329 INFO CSMF2.step_1_1_1.run :: [h] epoch=14 step=50 total=0.40248 batch=0.23454
2026-05-15 07:45:18,330 INFO CSMF2.step_1_1_1.run :: [lat] epoch=14 step=50 mean_l2=0.01495 std_l2=0.02145
2026-05-15 07:45:18,505 INFO CSMF2.step_1_1_1.run :: epoch=14 step=50/429 train_nll=-3683.360
2026-05-15 07:45:34,010 INFO CSMF2.step_1_1_1.run :: [h] epoch=14 step=100 total=0.40103 batch=0.22924
2026-05-15 07:45:34,010 INFO CSMF2.step_1_1_1.run :: [lat] epoch=14 step=100 mean_l2=0.02892 std_l2=0.02408
2026-05-15 07:45:34,185 INFO CSMF2.step_1_1_1.run :: epoch=14 step=100/429 train_nll=-3676.577
2026-05-15 07:45:48,998 INFO CSMF2.step_1_1_1.run :: [h] epoch=14 step=150 total=0.39774 batch=0.24020
2026-05-15 07:45:48,999 INFO CSMF2.step_1_1_1.run :: [lat] epoch=14 step=150 mean_l2=0.02587 std_l2=0.02518
2026-05-15 07:45:49,172 INFO CSMF2.step_1_1_1.run :: epoch=14 step=150/429 train_nll=-3667.654
2026-05-15 07:46:04,542 INFO CSMF2.step_1_1_1.run :: [h] epoch=14 step=200 total=0.39533 batch=0.23498
2026-05-15 07:46:04,543 INFO CSMF2.step_1_1_1.run :: [lat] epoch=14 step=200 mean_l2=0.01615 std_l2=0.02024
2026-05-15 07:46:04,715 INFO CSMF2.step_1_1_1.run :: epoch=14 step=200/429 train_nll=-3667.019
2026-05-15 07:46:20,201 INFO CSMF2.step_1_1_1.run :: [h] epoch=14 step=250 total=0.40404 batch=0.24342
2026-05-15 07:46:20,202 INFO CSMF2.step_1_1_1.run :: [lat] epoch=14 step=250 mean_l2=0.01415 std_l2=0.02023
2026-05-15 07:46:20,371 INFO CSMF2.step_1_1_1.run :: epoch=14 step=250/429 train_nll=-3670.530
2026-05-15 07:46:35,573 INFO CSMF2.step_1_1_1.run :: [h] epoch=14 step=300 total=0.40195 batch=0.23576
2026-05-15 07:46:35,573 INFO CSMF2.step_1_1_1.run :: [lat] epoch=14 step=300 mean_l2=0.02679 std_l2=0.02122
2026-05-15 07:46:35,794 INFO CSMF2.step_1_1_1.run :: epoch=14 step=300/429 train_nll=-3671.261
2026-05-15 07:46:50,917 INFO CSMF2.step_1_1_1.run :: [h] epoch=14 step=350 total=0.40274 batch=0.24013
2026-05-15 07:46:50,917 INFO CSMF2.step_1_1_1.run :: [lat] epoch=14 step=350 mean_l2=0.01460 std_l2=0.02159
2026-05-15 07:46:51,139 INFO CSMF2.step_1_1_1.run :: epoch=14 step=350/429 train_nll=-3672.678
2026-05-15 07:47:06,263 INFO CSMF2.step_1_1_1.run :: [h] epoch=14 step=400 total=0.40817 batch=0.23875
2026-05-15 07:47:06,264 INFO CSMF2.step_1_1_1.run :: [lat] epoch=14 step=400 mean_l2=0.01639 std_l2=0.01886
2026-05-15 07:47:06,490 INFO CSMF2.step_1_1_1.run :: epoch=14 step=400/429 train_nll=-3674.720
2026-05-15 07:47:19,910 INFO CSMF2.step_1_1_1.run :: epoch=14  train_nll=-3675.493  val_nll=-3681.429  t=136.5s
2026-05-15 07:47:19,910 INFO CSMF2.step_1_1_1.run :: [h_std] total=0.40139 batch=0.23716 (no penalty)
2026-05-15 07:47:19,910 INFO CSMF2.step_1_1_1.run :: [lat_epoch] mean_l2=0.01849 std_l2=0.02140 (no penalty)
2026-05-15 07:47:19,910 INFO CSMF2.step_1_1_1.run :: [grad] cond=158.9632 film_gain=0.0000
2026-05-15 07:47:38,363 INFO CSMF2.step_1_1_1.run :: [h] epoch=15 step=50 total=0.39549 batch=0.22912
2026-05-15 07:47:38,364 INFO CSMF2.step_1_1_1.run :: [lat] epoch=15 step=50 mean_l2=0.01764 std_l2=0.01951
2026-05-15 07:47:38,543 INFO CSMF2.step_1_1_1.run :: epoch=15 step=50/429 train_nll=-3685.170
2026-05-15 07:47:53,863 INFO CSMF2.step_1_1_1.run :: [h] epoch=15 step=100 total=0.40404 batch=0.23115
2026-05-15 07:47:53,863 INFO CSMF2.step_1_1_1.run :: [lat] epoch=15 step=100 mean_l2=0.01599 std_l2=0.02204
2026-05-15 07:47:54,040 INFO CSMF2.step_1_1_1.run :: epoch=15 step=100/429 train_nll=-3684.823
2026-05-15 07:48:09,335 INFO CSMF2.step_1_1_1.run :: [h] epoch=15 step=150 total=0.41140 batch=0.24389
2026-05-15 07:48:09,335 INFO CSMF2.step_1_1_1.run :: [lat] epoch=15 step=150 mean_l2=0.01639 std_l2=0.01826
2026-05-15 07:48:09,516 INFO CSMF2.step_1_1_1.run :: epoch=15 step=150/429 train_nll=-3684.274
2026-05-15 07:48:24,941 INFO CSMF2.step_1_1_1.run :: [h] epoch=15 step=200 total=0.40474 batch=0.23441
2026-05-15 07:48:24,942 INFO CSMF2.step_1_1_1.run :: [lat] epoch=15 step=200 mean_l2=0.01502 std_l2=0.02201
2026-05-15 07:48:25,172 INFO CSMF2.step_1_1_1.run :: epoch=15 step=200/429 train_nll=-3685.118
2026-05-15 07:48:40,692 INFO CSMF2.step_1_1_1.run :: [h] epoch=15 step=250 total=0.39377 batch=0.23476
2026-05-15 07:48:40,693 INFO CSMF2.step_1_1_1.run :: [lat] epoch=15 step=250 mean_l2=0.01718 std_l2=0.02090
2026-05-15 07:48:40,924 INFO CSMF2.step_1_1_1.run :: epoch=15 step=250/429 train_nll=-3680.782
2026-05-15 07:48:56,403 INFO CSMF2.step_1_1_1.run :: [h] epoch=15 step=300 total=0.39674 batch=0.23152
2026-05-15 07:48:56,403 INFO CSMF2.step_1_1_1.run :: [lat] epoch=15 step=300 mean_l2=0.01397 std_l2=0.02047
2026-05-15 07:48:56,587 INFO CSMF2.step_1_1_1.run :: epoch=15 step=300/429 train_nll=-3679.998
2026-05-15 07:49:12,005 INFO CSMF2.step_1_1_1.run :: [h] epoch=15 step=350 total=0.39804 batch=0.23517
2026-05-15 07:49:12,006 INFO CSMF2.step_1_1_1.run :: [lat] epoch=15 step=350 mean_l2=0.01992 std_l2=0.02312
2026-05-15 07:49:12,188 INFO CSMF2.step_1_1_1.run :: epoch=15 step=350/429 train_nll=-3681.067
2026-05-15 07:49:27,531 INFO CSMF2.step_1_1_1.run :: [h] epoch=15 step=400 total=0.40728 batch=0.23508
2026-05-15 07:49:27,532 INFO CSMF2.step_1_1_1.run :: [lat] epoch=15 step=400 mean_l2=0.01351 std_l2=0.01755
2026-05-15 07:49:27,760 INFO CSMF2.step_1_1_1.run :: epoch=15 step=400/429 train_nll=-3682.237
2026-05-15 07:49:41,486 INFO CSMF2.step_1_1_1.run :: epoch=15  train_nll=-3682.655  val_nll=-3685.118  t=138.6s
2026-05-15 07:49:41,487 INFO CSMF2.step_1_1_1.run :: [h_std] total=0.40040 batch=0.23429 (no penalty)
2026-05-15 07:49:41,487 INFO CSMF2.step_1_1_1.run :: [lat_epoch] mean_l2=0.01748 std_l2=0.02093 (no penalty)
2026-05-15 07:49:41,487 INFO CSMF2.step_1_1_1.run :: [grad] cond=180.0676 film_gain=0.0000
2026-05-15 07:49:59,599 INFO CSMF2.step_1_1_1.run :: [h] epoch=16 step=50 total=0.39271 batch=0.22551
2026-05-15 07:49:59,600 INFO CSMF2.step_1_1_1.run :: [lat] epoch=16 step=50 mean_l2=0.01482 std_l2=0.02063
2026-05-15 07:49:59,777 INFO CSMF2.step_1_1_1.run :: epoch=16 step=50/429 train_nll=-3689.667
2026-05-15 07:50:15,100 INFO CSMF2.step_1_1_1.run :: [h] epoch=16 step=100 total=0.40380 batch=0.22528
2026-05-15 07:50:15,100 INFO CSMF2.step_1_1_1.run :: [lat] epoch=16 step=100 mean_l2=0.03237 std_l2=0.02579
2026-05-15 07:50:15,328 INFO CSMF2.step_1_1_1.run :: epoch=16 step=100/429 train_nll=-3682.325
2026-05-15 07:50:30,690 INFO CSMF2.step_1_1_1.run :: [h] epoch=16 step=150 total=0.39880 batch=0.23586
2026-05-15 07:50:30,690 INFO CSMF2.step_1_1_1.run :: [lat] epoch=16 step=150 mean_l2=0.01429 std_l2=0.01957
2026-05-15 07:50:30,867 INFO CSMF2.step_1_1_1.run :: epoch=16 step=150/429 train_nll=-3678.399
2026-05-15 07:50:46,179 INFO CSMF2.step_1_1_1.run :: [h] epoch=16 step=200 total=0.39151 batch=0.22809
2026-05-15 07:50:46,180 INFO CSMF2.step_1_1_1.run :: [lat] epoch=16 step=200 mean_l2=0.01752 std_l2=0.02213
2026-05-15 07:50:46,406 INFO CSMF2.step_1_1_1.run :: epoch=16 step=200/429 train_nll=-3680.590
2026-05-15 07:51:01,732 INFO CSMF2.step_1_1_1.run :: [h] epoch=16 step=250 total=0.40050 batch=0.23715
2026-05-15 07:51:01,733 INFO CSMF2.step_1_1_1.run :: [lat] epoch=16 step=250 mean_l2=0.01509 std_l2=0.01998
2026-05-15 07:51:01,959 INFO CSMF2.step_1_1_1.run :: epoch=16 step=250/429 train_nll=-3682.819
2026-05-15 07:51:17,374 INFO CSMF2.step_1_1_1.run :: [h] epoch=16 step=300 total=0.39972 batch=0.23064
2026-05-15 07:51:17,374 INFO CSMF2.step_1_1_1.run :: [lat] epoch=16 step=300 mean_l2=0.01713 std_l2=0.01993
2026-05-15 07:51:17,604 INFO CSMF2.step_1_1_1.run :: epoch=16 step=300/429 train_nll=-3683.846
2026-05-15 07:51:33,028 INFO CSMF2.step_1_1_1.run :: [h] epoch=16 step=350 total=0.39492 batch=0.23187
2026-05-15 07:51:33,028 INFO CSMF2.step_1_1_1.run :: [lat] epoch=16 step=350 mean_l2=0.01784 std_l2=0.02111
2026-05-15 07:51:33,207 INFO CSMF2.step_1_1_1.run :: epoch=16 step=350/429 train_nll=-3684.649
2026-05-15 07:51:48,295 INFO CSMF2.step_1_1_1.run :: [h] epoch=16 step=400 total=0.38875 batch=0.22472
2026-05-15 07:51:48,295 INFO CSMF2.step_1_1_1.run :: [lat] epoch=16 step=400 mean_l2=0.01480 std_l2=0.02124
2026-05-15 07:51:48,472 INFO CSMF2.step_1_1_1.run :: epoch=16 step=400/429 train_nll=-3681.306
2026-05-15 07:52:01,644 INFO CSMF2.step_1_1_1.run :: epoch=16  train_nll=-3681.563  val_nll=-3686.262  t=137.1s
2026-05-15 07:52:01,644 INFO CSMF2.step_1_1_1.run :: [h_std] total=0.39467 batch=0.22976 (no penalty)
2026-05-15 07:52:01,644 INFO CSMF2.step_1_1_1.run :: [lat_epoch] mean_l2=0.01850 std_l2=0.02156 (no penalty)
2026-05-15 07:52:01,644 INFO CSMF2.step_1_1_1.run :: [grad] cond=269.2192 film_gain=0.0000
2026-05-15 07:52:19,681 INFO CSMF2.step_1_1_1.run :: [h] epoch=17 step=50 total=0.38166 batch=0.21944
2026-05-15 07:52:19,682 INFO CSMF2.step_1_1_1.run :: [lat] epoch=17 step=50 mean_l2=0.01461 std_l2=0.01949
2026-05-15 07:52:19,863 INFO CSMF2.step_1_1_1.run :: epoch=17 step=50/429 train_nll=-3691.488
2026-05-15 07:52:35,170 INFO CSMF2.step_1_1_1.run :: [h] epoch=17 step=100 total=0.39103 batch=0.22021
2026-05-15 07:52:35,171 INFO CSMF2.step_1_1_1.run :: [lat] epoch=17 step=100 mean_l2=0.01798 std_l2=0.02266
2026-05-15 07:52:35,352 INFO CSMF2.step_1_1_1.run :: epoch=17 step=100/429 train_nll=-3690.657
2026-05-15 07:52:50,581 INFO CSMF2.step_1_1_1.run :: [h] epoch=17 step=150 total=0.39020 batch=0.23284
2026-05-15 07:52:50,581 INFO CSMF2.step_1_1_1.run :: [lat] epoch=17 step=150 mean_l2=0.01932 std_l2=0.01835
2026-05-15 07:52:50,763 INFO CSMF2.step_1_1_1.run :: epoch=17 step=150/429 train_nll=-3684.636
2026-05-15 07:53:06,157 INFO CSMF2.step_1_1_1.run :: [h] epoch=17 step=200 total=0.38684 batch=0.22428
2026-05-15 07:53:06,158 INFO CSMF2.step_1_1_1.run :: [lat] epoch=17 step=200 mean_l2=0.01476 std_l2=0.02041
2026-05-15 07:53:06,384 INFO CSMF2.step_1_1_1.run :: epoch=17 step=200/429 train_nll=-3686.308
2026-05-15 07:53:21,962 INFO CSMF2.step_1_1_1.run :: [h] epoch=17 step=250 total=0.39470 batch=0.23202
2026-05-15 07:53:21,963 INFO CSMF2.step_1_1_1.run :: [lat] epoch=17 step=250 mean_l2=0.01637 std_l2=0.01806
2026-05-15 07:53:22,143 INFO CSMF2.step_1_1_1.run :: epoch=17 step=250/429 train_nll=-3687.638
2026-05-15 07:53:37,353 INFO CSMF2.step_1_1_1.run :: [h] epoch=17 step=300 total=0.38931 batch=0.22464
2026-05-15 07:53:37,354 INFO CSMF2.step_1_1_1.run :: [lat] epoch=17 step=300 mean_l2=0.01585 std_l2=0.02055
2026-05-15 07:53:37,536 INFO CSMF2.step_1_1_1.run :: epoch=17 step=300/429 train_nll=-3688.651
2026-05-15 07:53:53,208 INFO CSMF2.step_1_1_1.run :: [h] epoch=17 step=350 total=0.38817 batch=0.22779
2026-05-15 07:53:53,209 INFO CSMF2.step_1_1_1.run :: [lat] epoch=17 step=350 mean_l2=0.01592 std_l2=0.02193
2026-05-15 07:53:53,390 INFO CSMF2.step_1_1_1.run :: epoch=17 step=350/429 train_nll=-3689.478
2026-05-15 07:54:08,889 INFO CSMF2.step_1_1_1.run :: [h] epoch=17 step=400 total=0.37713 batch=0.21823
2026-05-15 07:54:08,890 INFO CSMF2.step_1_1_1.run :: [lat] epoch=17 step=400 mean_l2=0.03214 std_l2=0.03188
2026-05-15 07:54:09,121 INFO CSMF2.step_1_1_1.run :: epoch=17 step=400/429 train_nll=-3686.581
2026-05-15 07:54:22,903 INFO CSMF2.step_1_1_1.run :: epoch=17  train_nll=-3684.278  val_nll=-3658.045  t=138.1s
2026-05-15 07:54:22,903 INFO CSMF2.step_1_1_1.run :: [h_std] total=0.38681 batch=0.22508 (no penalty)
2026-05-15 07:54:22,903 INFO CSMF2.step_1_1_1.run :: [lat_epoch] mean_l2=0.01918 std_l2=0.02149 (no penalty)
2026-05-15 07:54:22,903 INFO CSMF2.step_1_1_1.run :: [grad] cond=324.1261 film_gain=0.0000
2026-05-15 07:54:41,371 INFO CSMF2.step_1_1_1.run :: [h] epoch=18 step=50 total=0.36874 batch=0.21442
2026-05-15 07:54:41,372 INFO CSMF2.step_1_1_1.run :: [lat] epoch=18 step=50 mean_l2=0.01444 std_l2=0.01944
2026-05-15 07:54:41,555 INFO CSMF2.step_1_1_1.run :: epoch=18 step=50/429 train_nll=-3681.991
2026-05-15 07:54:57,008 INFO CSMF2.step_1_1_1.run :: [h] epoch=18 step=100 total=0.37604 batch=0.21585
2026-05-15 07:54:57,008 INFO CSMF2.step_1_1_1.run :: [lat] epoch=18 step=100 mean_l2=0.01416 std_l2=0.01981
2026-05-15 07:54:57,190 INFO CSMF2.step_1_1_1.run :: epoch=18 step=100/429 train_nll=-3687.846
2026-05-15 07:55:12,636 INFO CSMF2.step_1_1_1.run :: [h] epoch=18 step=150 total=0.38443 batch=0.22714
2026-05-15 07:55:12,637 INFO CSMF2.step_1_1_1.run :: [lat] epoch=18 step=150 mean_l2=0.01519 std_l2=0.01802
2026-05-15 07:55:12,820 INFO CSMF2.step_1_1_1.run :: epoch=18 step=150/429 train_nll=-3689.485
2026-05-15 07:55:28,284 INFO CSMF2.step_1_1_1.run :: [h] epoch=18 step=200 total=0.38093 batch=0.22053
2026-05-15 07:55:28,284 INFO CSMF2.step_1_1_1.run :: [lat] epoch=18 step=200 mean_l2=0.01551 std_l2=0.02210
2026-05-15 07:55:28,466 INFO CSMF2.step_1_1_1.run :: epoch=18 step=200/429 train_nll=-3691.300
2026-05-15 07:55:43,898 INFO CSMF2.step_1_1_1.run :: [h] epoch=18 step=250 total=0.38408 batch=0.22630
2026-05-15 07:55:43,898 INFO CSMF2.step_1_1_1.run :: [lat] epoch=18 step=250 mean_l2=0.01464 std_l2=0.01799
2026-05-15 07:55:44,081 INFO CSMF2.step_1_1_1.run :: epoch=18 step=250/429 train_nll=-3692.797
2026-05-15 07:55:59,672 INFO CSMF2.step_1_1_1.run :: [h] epoch=18 step=300 total=0.38714 batch=0.22158
2026-05-15 07:55:59,672 INFO CSMF2.step_1_1_1.run :: [lat] epoch=18 step=300 mean_l2=0.01596 std_l2=0.02108
2026-05-15 07:55:59,858 INFO CSMF2.step_1_1_1.run :: epoch=18 step=300/429 train_nll=-3693.609
2026-05-15 07:56:15,218 INFO CSMF2.step_1_1_1.run :: [h] epoch=18 step=350 total=0.37181 batch=0.21808
2026-05-15 07:56:15,219 INFO CSMF2.step_1_1_1.run :: [lat] epoch=18 step=350 mean_l2=0.02344 std_l2=0.02045
2026-05-15 07:56:15,402 INFO CSMF2.step_1_1_1.run :: epoch=18 step=350/429 train_nll=-3691.840
2026-05-15 07:56:30,950 INFO CSMF2.step_1_1_1.run :: [h] epoch=18 step=400 total=0.38337 batch=0.22192
2026-05-15 07:56:30,951 INFO CSMF2.step_1_1_1.run :: [lat] epoch=18 step=400 mean_l2=0.01483 std_l2=0.01859
2026-05-15 07:56:31,132 INFO CSMF2.step_1_1_1.run :: epoch=18 step=400/429 train_nll=-3692.534
2026-05-15 07:56:44,996 INFO CSMF2.step_1_1_1.run :: epoch=18  train_nll=-3692.981  val_nll=-3694.690  t=139.0s
2026-05-15 07:56:44,996 INFO CSMF2.step_1_1_1.run :: [h_std] total=0.37854 batch=0.22117 (no penalty)
2026-05-15 07:56:44,997 INFO CSMF2.step_1_1_1.run :: [lat_epoch] mean_l2=0.01609 std_l2=0.02052 (no penalty)
2026-05-15 07:56:44,997 INFO CSMF2.step_1_1_1.run :: [grad] cond=339.9908 film_gain=0.0000
2026-05-15 07:57:03,272 INFO CSMF2.step_1_1_1.run :: [h] epoch=19 step=50 total=0.37498 batch=0.21515
2026-05-15 07:57:03,273 INFO CSMF2.step_1_1_1.run :: [lat] epoch=19 step=50 mean_l2=0.01817 std_l2=0.01884
2026-05-15 07:57:03,456 INFO CSMF2.step_1_1_1.run :: epoch=19 step=50/429 train_nll=-3698.338
2026-05-15 07:57:18,999 INFO CSMF2.step_1_1_1.run :: [h] epoch=19 step=100 total=0.38093 batch=0.21553
2026-05-15 07:57:18,999 INFO CSMF2.step_1_1_1.run :: [lat] epoch=19 step=100 mean_l2=0.01726 std_l2=0.02172
2026-05-15 07:57:19,182 INFO CSMF2.step_1_1_1.run :: epoch=19 step=100/429 train_nll=-3697.465
2026-05-15 07:57:34,423 INFO CSMF2.step_1_1_1.run :: [h] epoch=19 step=150 total=0.38600 batch=0.22480
2026-05-15 07:57:34,423 INFO CSMF2.step_1_1_1.run :: [lat] epoch=19 step=150 mean_l2=0.01594 std_l2=0.01912
2026-05-15 07:57:34,607 INFO CSMF2.step_1_1_1.run :: epoch=19 step=150/429 train_nll=-3696.887
2026-05-15 07:57:50,554 INFO CSMF2.step_1_1_1.run :: [h] epoch=19 step=200 total=0.38063 batch=0.21753
2026-05-15 07:57:50,555 INFO CSMF2.step_1_1_1.run :: [lat] epoch=19 step=200 mean_l2=0.01389 std_l2=0.02012
2026-05-15 07:57:50,738 INFO CSMF2.step_1_1_1.run :: epoch=19 step=200/429 train_nll=-3697.316
2026-05-15 07:58:06,580 INFO CSMF2.step_1_1_1.run :: [h] epoch=19 step=250 total=0.36154 batch=0.21253
2026-05-15 07:58:06,580 INFO CSMF2.step_1_1_1.run :: [lat] epoch=19 step=250 mean_l2=0.03325 std_l2=0.02939
2026-05-15 07:58:06,814 INFO CSMF2.step_1_1_1.run :: epoch=19 step=250/429 train_nll=-3693.179
2026-05-15 07:58:22,258 INFO CSMF2.step_1_1_1.run :: [h] epoch=19 step=300 total=0.34867 batch=0.20554
2026-05-15 07:58:22,258 INFO CSMF2.step_1_1_1.run :: [lat] epoch=19 step=300 mean_l2=0.03052 std_l2=0.02469
2026-05-15 07:58:22,442 INFO CSMF2.step_1_1_1.run :: epoch=19 step=300/429 train_nll=-3684.396
2026-05-15 07:58:37,785 INFO CSMF2.step_1_1_1.run :: [h] epoch=19 step=350 total=0.35678 batch=0.21090
2026-05-15 07:58:37,786 INFO CSMF2.step_1_1_1.run :: [lat] epoch=19 step=350 mean_l2=0.01490 std_l2=0.02246
2026-05-15 07:58:37,968 INFO CSMF2.step_1_1_1.run :: epoch=19 step=350/429 train_nll=-3683.027
2026-05-15 07:58:53,083 INFO CSMF2.step_1_1_1.run :: [h] epoch=19 step=400 total=0.36419 batch=0.21267
2026-05-15 07:58:53,084 INFO CSMF2.step_1_1_1.run :: [lat] epoch=19 step=400 mean_l2=0.01489 std_l2=0.01927
2026-05-15 07:58:53,266 INFO CSMF2.step_1_1_1.run :: epoch=19 step=400/429 train_nll=-3685.063
2026-05-15 07:59:07,035 INFO CSMF2.step_1_1_1.run :: epoch=19  train_nll=-3686.125  val_nll=-3696.055  t=138.9s
2026-05-15 07:59:07,035 INFO CSMF2.step_1_1_1.run :: [h_std] total=0.36975 batch=0.21548 (no penalty)
2026-05-15 07:59:07,035 INFO CSMF2.step_1_1_1.run :: [lat_epoch] mean_l2=0.01991 std_l2=0.02150 (no penalty)
2026-05-15 07:59:07,035 INFO CSMF2.step_1_1_1.run :: [grad] cond=158.5428 film_gain=0.0000
2026-05-15 07:59:25,564 INFO CSMF2.step_1_1_1.run :: [h] epoch=20 step=50 total=0.35756 batch=0.20737
2026-05-15 07:59:25,565 INFO CSMF2.step_1_1_1.run :: [lat] epoch=20 step=50 mean_l2=0.01452 std_l2=0.02034
2026-05-15 07:59:25,797 INFO CSMF2.step_1_1_1.run :: epoch=20 step=50/429 train_nll=-3702.353
2026-05-15 07:59:41,013 INFO CSMF2.step_1_1_1.run :: [h] epoch=20 step=100 total=0.36601 batch=0.20983
2026-05-15 07:59:41,013 INFO CSMF2.step_1_1_1.run :: [lat] epoch=20 step=100 mean_l2=0.01622 std_l2=0.01953
2026-05-15 07:59:41,198 INFO CSMF2.step_1_1_1.run :: epoch=20 step=100/429 train_nll=-3702.181
2026-05-15 07:59:56,603 INFO CSMF2.step_1_1_1.run :: [h] epoch=20 step=150 total=0.37265 batch=0.22080
2026-05-15 07:59:56,603 INFO CSMF2.step_1_1_1.run :: [lat] epoch=20 step=150 mean_l2=0.01318 std_l2=0.02208
2026-05-15 07:59:56,781 INFO CSMF2.step_1_1_1.run :: epoch=20 step=150/429 train_nll=-3701.060
2026-05-15 08:00:11,786 INFO CSMF2.step_1_1_1.run :: [h] epoch=20 step=200 total=0.36029 batch=0.20976
2026-05-15 08:00:11,786 INFO CSMF2.step_1_1_1.run :: [lat] epoch=20 step=200 mean_l2=0.04300 std_l2=0.02913
2026-05-15 08:00:11,969 INFO CSMF2.step_1_1_1.run :: epoch=20 step=200/429 train_nll=-3698.365
2026-05-15 08:00:27,653 INFO CSMF2.step_1_1_1.run :: [h] epoch=20 step=250 total=0.35868 batch=0.21346
2026-05-15 08:00:27,654 INFO CSMF2.step_1_1_1.run :: [lat] epoch=20 step=250 mean_l2=0.01445 std_l2=0.02182
2026-05-15 08:00:27,838 INFO CSMF2.step_1_1_1.run :: epoch=20 step=250/429 train_nll=-3694.668
2026-05-15 08:00:43,592 INFO CSMF2.step_1_1_1.run :: [h] epoch=20 step=300 total=0.36428 batch=0.21212
2026-05-15 08:00:43,593 INFO CSMF2.step_1_1_1.run :: [lat] epoch=20 step=300 mean_l2=0.01407 std_l2=0.01827
2026-05-15 08:00:43,772 INFO CSMF2.step_1_1_1.run :: epoch=20 step=300/429 train_nll=-3695.519
2026-05-15 08:00:59,529 INFO CSMF2.step_1_1_1.run :: [h] epoch=20 step=350 total=0.36725 batch=0.21612
2026-05-15 08:00:59,530 INFO CSMF2.step_1_1_1.run :: [lat] epoch=20 step=350 mean_l2=0.01436 std_l2=0.01990
2026-05-15 08:00:59,716 INFO CSMF2.step_1_1_1.run :: epoch=20 step=350/429 train_nll=-3696.445
2026-05-15 08:01:15,306 INFO CSMF2.step_1_1_1.run :: [h] epoch=20 step=400 total=0.36852 batch=0.21351
2026-05-15 08:01:15,306 INFO CSMF2.step_1_1_1.run :: [lat] epoch=20 step=400 mean_l2=0.01502 std_l2=0.01786
2026-05-15 08:01:15,489 INFO CSMF2.step_1_1_1.run :: epoch=20 step=400/429 train_nll=-3697.722
2026-05-15 08:01:29,490 INFO CSMF2.step_1_1_1.run :: epoch=20  train_nll=-3698.259  val_nll=-3700.517  t=139.4s
2026-05-15 08:01:29,490 INFO CSMF2.step_1_1_1.run :: [h_std] total=0.36475 batch=0.21348 (no penalty)
2026-05-15 08:01:29,490 INFO CSMF2.step_1_1_1.run :: [lat_epoch] mean_l2=0.01620 std_l2=0.02040 (no penalty)
2026-05-15 08:01:29,490 INFO CSMF2.step_1_1_1.run :: [grad] cond=216.4587 film_gain=0.0000
2026-05-15 08:01:48,068 INFO CSMF2.step_1_1_1.run :: [h] epoch=21 step=50 total=0.35660 batch=0.20415
2026-05-15 08:01:48,068 INFO CSMF2.step_1_1_1.run :: [lat] epoch=21 step=50 mean_l2=0.01510 std_l2=0.02082
2026-05-15 08:01:48,253 INFO CSMF2.step_1_1_1.run :: epoch=21 step=50/429 train_nll=-3703.289
2026-05-15 08:02:03,965 INFO CSMF2.step_1_1_1.run :: [h] epoch=21 step=100 total=0.36583 batch=0.20789
2026-05-15 08:02:03,966 INFO CSMF2.step_1_1_1.run :: [lat] epoch=21 step=100 mean_l2=0.01458 std_l2=0.01992
2026-05-15 08:02:04,154 INFO CSMF2.step_1_1_1.run :: epoch=21 step=100/429 train_nll=-3703.617
2026-05-15 08:02:19,802 INFO CSMF2.step_1_1_1.run :: [h] epoch=21 step=150 total=0.37486 batch=0.21612
2026-05-15 08:02:19,802 INFO CSMF2.step_1_1_1.run :: [lat] epoch=21 step=150 mean_l2=0.01948 std_l2=0.01795
2026-05-15 08:02:19,990 INFO CSMF2.step_1_1_1.run :: epoch=21 step=150/429 train_nll=-3702.190
2026-05-15 08:02:35,616 INFO CSMF2.step_1_1_1.run :: [h] epoch=21 step=200 total=0.35070 batch=0.20333
2026-05-15 08:02:35,616 INFO CSMF2.step_1_1_1.run :: [lat] epoch=21 step=200 mean_l2=0.02032 std_l2=0.02127
2026-05-15 08:02:35,805 INFO CSMF2.step_1_1_1.run :: epoch=21 step=200/429 train_nll=-3697.279
2026-05-15 08:02:51,367 INFO CSMF2.step_1_1_1.run :: [h] epoch=21 step=250 total=0.36374 batch=0.21419
2026-05-15 08:02:51,368 INFO CSMF2.step_1_1_1.run :: [lat] epoch=21 step=250 mean_l2=0.01417 std_l2=0.02138
2026-05-15 08:02:51,557 INFO CSMF2.step_1_1_1.run :: epoch=21 step=250/429 train_nll=-3698.423
2026-05-15 08:03:07,197 INFO CSMF2.step_1_1_1.run :: [h] epoch=21 step=300 total=0.36616 batch=0.21093
2026-05-15 08:03:07,198 INFO CSMF2.step_1_1_1.run :: [lat] epoch=21 step=300 mean_l2=0.01480 std_l2=0.01796
2026-05-15 08:03:07,383 INFO CSMF2.step_1_1_1.run :: epoch=21 step=300/429 train_nll=-3699.512
2026-05-15 08:03:23,164 INFO CSMF2.step_1_1_1.run :: [h] epoch=21 step=350 total=0.36653 batch=0.21400
2026-05-15 08:03:23,164 INFO CSMF2.step_1_1_1.run :: [lat] epoch=21 step=350 mean_l2=0.01439 std_l2=0.01870
2026-05-15 08:03:23,399 INFO CSMF2.step_1_1_1.run :: epoch=21 step=350/429 train_nll=-3700.390
2026-05-15 08:03:39,581 INFO CSMF2.step_1_1_1.run :: [h] epoch=21 step=400 total=0.37048 batch=0.21224
2026-05-15 08:03:39,581 INFO CSMF2.step_1_1_1.run :: [lat] epoch=21 step=400 mean_l2=0.01639 std_l2=0.02107
2026-05-15 08:03:39,766 INFO CSMF2.step_1_1_1.run :: epoch=21 step=400/429 train_nll=-3701.288
2026-05-15 08:03:53,684 INFO CSMF2.step_1_1_1.run :: epoch=21  train_nll=-3701.352  val_nll=-3699.529  t=141.1s
2026-05-15 08:03:53,684 INFO CSMF2.step_1_1_1.run :: [h_std] total=0.36348 batch=0.21087 (no penalty)
2026-05-15 08:03:53,684 INFO CSMF2.step_1_1_1.run :: [lat_epoch] mean_l2=0.01629 std_l2=0.02030 (no penalty)
2026-05-15 08:03:53,684 INFO CSMF2.step_1_1_1.run :: [grad] cond=727.7527 film_gain=0.0000
2026-05-15 08:04:12,232 INFO CSMF2.step_1_1_1.run :: [h] epoch=22 step=50 total=0.35441 batch=0.20263
2026-05-15 08:04:12,233 INFO CSMF2.step_1_1_1.run :: [lat] epoch=22 step=50 mean_l2=0.01417 std_l2=0.01994
2026-05-15 08:04:12,416 INFO CSMF2.step_1_1_1.run :: epoch=22 step=50/429 train_nll=-3705.643
2026-05-15 08:04:28,000 INFO CSMF2.step_1_1_1.run :: [h] epoch=22 step=100 total=0.36257 batch=0.20425
2026-05-15 08:04:28,000 INFO CSMF2.step_1_1_1.run :: [lat] epoch=22 step=100 mean_l2=0.01464 std_l2=0.01977
2026-05-15 08:04:28,187 INFO CSMF2.step_1_1_1.run :: epoch=22 step=100/429 train_nll=-3705.690
2026-05-15 08:04:43,844 INFO CSMF2.step_1_1_1.run :: [h] epoch=22 step=150 total=0.36678 batch=0.21309
2026-05-15 08:04:43,844 INFO CSMF2.step_1_1_1.run :: [lat] epoch=22 step=150 mean_l2=0.01709 std_l2=0.02106
2026-05-15 08:04:44,031 INFO CSMF2.step_1_1_1.run :: epoch=22 step=150/429 train_nll=-3704.694
2026-05-15 08:04:59,827 INFO CSMF2.step_1_1_1.run :: [h] epoch=22 step=200 total=0.35156 batch=0.19901
2026-05-15 08:04:59,828 INFO CSMF2.step_1_1_1.run :: [lat] epoch=22 step=200 mean_l2=0.03052 std_l2=0.02568
2026-05-15 08:05:00,021 INFO CSMF2.step_1_1_1.run :: epoch=22 step=200/429 train_nll=-3700.601
2026-05-15 08:05:16,094 INFO CSMF2.step_1_1_1.run :: [h] epoch=22 step=250 total=0.35286 batch=0.20945
2026-05-15 08:05:16,094 INFO CSMF2.step_1_1_1.run :: [lat] epoch=22 step=250 mean_l2=0.01501 std_l2=0.02006
2026-05-15 08:05:16,280 INFO CSMF2.step_1_1_1.run :: epoch=22 step=250/429 train_nll=-3697.555
2026-05-15 08:05:31,800 INFO CSMF2.step_1_1_1.run :: [h] epoch=22 step=300 total=0.35753 batch=0.20767
2026-05-15 08:05:31,801 INFO CSMF2.step_1_1_1.run :: [lat] epoch=22 step=300 mean_l2=0.01572 std_l2=0.01796
2026-05-15 08:05:31,989 INFO CSMF2.step_1_1_1.run :: epoch=22 step=300/429 train_nll=-3698.875
2026-05-15 08:05:47,720 INFO CSMF2.step_1_1_1.run :: [h] epoch=22 step=350 total=0.35990 batch=0.21098
2026-05-15 08:05:47,720 INFO CSMF2.step_1_1_1.run :: [lat] epoch=22 step=350 mean_l2=0.01423 std_l2=0.01930
2026-05-15 08:05:47,909 INFO CSMF2.step_1_1_1.run :: epoch=22 step=350/429 train_nll=-3699.959
2026-05-15 08:06:03,468 INFO CSMF2.step_1_1_1.run :: [h] epoch=22 step=400 total=0.36252 batch=0.20792
2026-05-15 08:06:03,469 INFO CSMF2.step_1_1_1.run :: [lat] epoch=22 step=400 mean_l2=0.01600 std_l2=0.01688
2026-05-15 08:06:03,655 INFO CSMF2.step_1_1_1.run :: epoch=22 step=400/429 train_nll=-3701.253
2026-05-15 08:06:17,838 INFO CSMF2.step_1_1_1.run :: epoch=22  train_nll=-3701.687  val_nll=-3700.919  t=141.1s
2026-05-15 08:06:17,838 INFO CSMF2.step_1_1_1.run :: [h_std] total=0.35812 batch=0.20762 (no penalty)
2026-05-15 08:06:17,838 INFO CSMF2.step_1_1_1.run :: [lat_epoch] mean_l2=0.01684 std_l2=0.02037 (no penalty)
2026-05-15 08:06:17,838 INFO CSMF2.step_1_1_1.run :: [grad] cond=529.1550 film_gain=0.0000
2026-05-15 08:06:36,241 INFO CSMF2.step_1_1_1.run :: [h] epoch=23 step=50 total=0.34584 batch=0.19731
2026-05-15 08:06:36,242 INFO CSMF2.step_1_1_1.run :: [lat] epoch=23 step=50 mean_l2=0.01801 std_l2=0.01938
2026-05-15 08:06:36,426 INFO CSMF2.step_1_1_1.run :: epoch=23 step=50/429 train_nll=-3704.861
2026-05-15 08:06:52,358 INFO CSMF2.step_1_1_1.run :: [h] epoch=23 step=100 total=0.35307 batch=0.19950
2026-05-15 08:06:52,359 INFO CSMF2.step_1_1_1.run :: [lat] epoch=23 step=100 mean_l2=0.01610 std_l2=0.02087
2026-05-15 08:06:52,594 INFO CSMF2.step_1_1_1.run :: epoch=23 step=100/429 train_nll=-3705.295
2026-05-15 08:07:08,297 INFO CSMF2.step_1_1_1.run :: [h] epoch=23 step=150 total=0.35734 batch=0.20826
2026-05-15 08:07:08,297 INFO CSMF2.step_1_1_1.run :: [lat] epoch=23 step=150 mean_l2=0.01343 std_l2=0.02053
2026-05-15 08:07:08,487 INFO CSMF2.step_1_1_1.run :: epoch=23 step=150/429 train_nll=-3704.527
2026-05-15 08:07:24,321 INFO CSMF2.step_1_1_1.run :: [h] epoch=23 step=200 total=0.34209 batch=0.19773
2026-05-15 08:07:24,322 INFO CSMF2.step_1_1_1.run :: [lat] epoch=23 step=200 mean_l2=0.02543 std_l2=0.02376
2026-05-15 08:07:24,508 INFO CSMF2.step_1_1_1.run :: epoch=23 step=200/429 train_nll=-3700.003
2026-05-15 08:07:40,039 INFO CSMF2.step_1_1_1.run :: [h] epoch=23 step=250 total=0.34677 batch=0.20490
2026-05-15 08:07:40,040 INFO CSMF2.step_1_1_1.run :: [lat] epoch=23 step=250 mean_l2=0.01634 std_l2=0.02040
2026-05-15 08:07:40,276 INFO CSMF2.step_1_1_1.run :: epoch=23 step=250/429 train_nll=-3697.876
2026-05-15 08:07:55,881 INFO CSMF2.step_1_1_1.run :: [h] epoch=23 step=300 total=0.34849 batch=0.20232
2026-05-15 08:07:55,881 INFO CSMF2.step_1_1_1.run :: [lat] epoch=23 step=300 mean_l2=0.01210 std_l2=0.01965
2026-05-15 08:07:56,067 INFO CSMF2.step_1_1_1.run :: epoch=23 step=300/429 train_nll=-3699.492
2026-05-15 08:08:11,868 INFO CSMF2.step_1_1_1.run :: [h] epoch=23 step=350 total=0.35096 batch=0.20562
2026-05-15 08:08:11,869 INFO CSMF2.step_1_1_1.run :: [lat] epoch=23 step=350 mean_l2=0.01358 std_l2=0.01814
2026-05-15 08:08:12,058 INFO CSMF2.step_1_1_1.run :: epoch=23 step=350/429 train_nll=-3700.909
2026-05-15 08:08:28,176 INFO CSMF2.step_1_1_1.run :: [h] epoch=23 step=400 total=0.35535 batch=0.20437
2026-05-15 08:08:28,177 INFO CSMF2.step_1_1_1.run :: [lat] epoch=23 step=400 mean_l2=0.01250 std_l2=0.02127
2026-05-15 08:08:28,415 INFO CSMF2.step_1_1_1.run :: epoch=23 step=400/429 train_nll=-3702.483
2026-05-15 08:08:42,367 INFO CSMF2.step_1_1_1.run :: epoch=23  train_nll=-3702.990  val_nll=-3703.878  t=141.5s
2026-05-15 08:08:42,367 INFO CSMF2.step_1_1_1.run :: [h_std] total=0.35097 batch=0.20357 (no penalty)
2026-05-15 08:08:42,367 INFO CSMF2.step_1_1_1.run :: [lat_epoch] mean_l2=0.01706 std_l2=0.02035 (no penalty)
2026-05-15 08:08:42,367 INFO CSMF2.step_1_1_1.run :: [grad] cond=166.6629 film_gain=0.0000
2026-05-15 08:09:01,681 INFO CSMF2.step_1_1_1.run :: [h] epoch=24 step=50 total=0.34120 batch=0.19688
2026-05-15 08:09:01,682 INFO CSMF2.step_1_1_1.run :: [lat] epoch=24 step=50 mean_l2=0.02262 std_l2=0.01895
2026-05-15 08:09:01,922 INFO CSMF2.step_1_1_1.run :: epoch=24 step=50/429 train_nll=-3701.602
2026-05-15 08:09:18,149 INFO CSMF2.step_1_1_1.run :: [h] epoch=24 step=100 total=0.34863 batch=0.19745
2026-05-15 08:09:18,150 INFO CSMF2.step_1_1_1.run :: [lat] epoch=24 step=100 mean_l2=0.01378 std_l2=0.02254
2026-05-15 08:09:18,386 INFO CSMF2.step_1_1_1.run :: epoch=24 step=100/429 train_nll=-3703.169
2026-05-15 08:09:34,363 INFO CSMF2.step_1_1_1.run :: [h] epoch=24 step=150 total=0.35137 batch=0.20485
2026-05-15 08:09:34,363 INFO CSMF2.step_1_1_1.run :: [lat] epoch=24 step=150 mean_l2=0.01491 std_l2=0.01793
2026-05-15 08:09:34,552 INFO CSMF2.step_1_1_1.run :: epoch=24 step=150/429 train_nll=-3704.272
2026-05-15 08:09:50,268 INFO CSMF2.step_1_1_1.run :: [h] epoch=24 step=200 total=0.34906 batch=0.19969
2026-05-15 08:09:50,269 INFO CSMF2.step_1_1_1.run :: [lat] epoch=24 step=200 mean_l2=0.01325 std_l2=0.02038
2026-05-15 08:09:50,458 INFO CSMF2.step_1_1_1.run :: epoch=24 step=200/429 train_nll=-3706.098
2026-05-15 08:10:06,361 INFO CSMF2.step_1_1_1.run :: [h] epoch=24 step=250 total=0.35105 batch=0.20514
2026-05-15 08:10:06,362 INFO CSMF2.step_1_1_1.run :: [lat] epoch=24 step=250 mean_l2=0.01589 std_l2=0.01898
2026-05-15 08:10:06,551 INFO CSMF2.step_1_1_1.run :: epoch=24 step=250/429 train_nll=-3707.202
2026-05-15 08:10:22,274 INFO CSMF2.step_1_1_1.run :: [h] epoch=24 step=300 total=0.33517 batch=0.19463
2026-05-15 08:10:22,275 INFO CSMF2.step_1_1_1.run :: [lat] epoch=24 step=300 mean_l2=0.03928 std_l2=0.02249
2026-05-15 08:10:22,462 INFO CSMF2.step_1_1_1.run :: epoch=24 step=300/429 train_nll=-3705.760
2026-05-15 08:10:38,525 INFO CSMF2.step_1_1_1.run :: [h] epoch=24 step=350 total=0.33806 batch=0.19921
2026-05-15 08:10:38,525 INFO CSMF2.step_1_1_1.run :: [lat] epoch=24 step=350 mean_l2=0.01285 std_l2=0.01969
2026-05-15 08:10:38,712 INFO CSMF2.step_1_1_1.run :: epoch=24 step=350/429 train_nll=-3703.516
2026-05-15 08:10:55,111 INFO CSMF2.step_1_1_1.run :: [h] epoch=24 step=400 total=0.34713 batch=0.20075
2026-05-15 08:10:55,112 INFO CSMF2.step_1_1_1.run :: [lat] epoch=24 step=400 mean_l2=0.01520 std_l2=0.01781
2026-05-15 08:10:55,298 INFO CSMF2.step_1_1_1.run :: epoch=24 step=400/429 train_nll=-3704.586
2026-05-15 08:11:09,286 INFO CSMF2.step_1_1_1.run :: epoch=24  train_nll=-3705.029  val_nll=-3706.073  t=143.8s
2026-05-15 08:11:09,286 INFO CSMF2.step_1_1_1.run :: [h_std] total=0.34622 batch=0.20067 (no penalty)
2026-05-15 08:11:09,286 INFO CSMF2.step_1_1_1.run :: [lat_epoch] mean_l2=0.01689 std_l2=0.02023 (no penalty)
2026-05-15 08:11:09,286 INFO CSMF2.step_1_1_1.run :: [grad] cond=208.5745 film_gain=0.0000
2026-05-15 08:11:27,639 INFO CSMF2.step_1_1_1.run :: [h] epoch=25 step=50 total=0.33791 batch=0.19444
2026-05-15 08:11:27,639 INFO CSMF2.step_1_1_1.run :: [lat] epoch=25 step=50 mean_l2=0.01538 std_l2=0.01884
2026-05-15 08:11:27,824 INFO CSMF2.step_1_1_1.run :: epoch=25 step=50/429 train_nll=-3711.927
2026-05-15 08:11:43,357 INFO CSMF2.step_1_1_1.run :: [h] epoch=25 step=100 total=0.34683 batch=0.19557
2026-05-15 08:11:43,357 INFO CSMF2.step_1_1_1.run :: [lat] epoch=25 step=100 mean_l2=0.01454 std_l2=0.01806
2026-05-15 08:11:43,547 INFO CSMF2.step_1_1_1.run :: epoch=25 step=100/429 train_nll=-3711.094
2026-05-15 08:11:59,164 INFO CSMF2.step_1_1_1.run :: [h] epoch=25 step=150 total=0.34374 batch=0.20095
2026-05-15 08:11:59,165 INFO CSMF2.step_1_1_1.run :: [lat] epoch=25 step=150 mean_l2=0.01651 std_l2=0.02186
2026-05-15 08:11:59,351 INFO CSMF2.step_1_1_1.run :: epoch=25 step=150/429 train_nll=-3710.348
2026-05-15 08:12:15,512 INFO CSMF2.step_1_1_1.run :: [h] epoch=25 step=200 total=0.34415 batch=0.19685
2026-05-15 08:12:15,512 INFO CSMF2.step_1_1_1.run :: [lat] epoch=25 step=200 mean_l2=0.01755 std_l2=0.01934
2026-05-15 08:12:15,701 INFO CSMF2.step_1_1_1.run :: epoch=25 step=200/429 train_nll=-3709.947
2026-05-15 08:12:31,430 INFO CSMF2.step_1_1_1.run :: [h] epoch=25 step=250 total=0.34543 batch=0.20075
2026-05-15 08:12:31,431 INFO CSMF2.step_1_1_1.run :: [lat] epoch=25 step=250 mean_l2=0.01452 std_l2=0.01865
2026-05-15 08:12:31,669 INFO CSMF2.step_1_1_1.run :: epoch=25 step=250/429 train_nll=-3710.583
2026-05-15 08:12:47,585 INFO CSMF2.step_1_1_1.run :: [h] epoch=25 step=300 total=0.33866 batch=0.19585
2026-05-15 08:12:47,586 INFO CSMF2.step_1_1_1.run :: [lat] epoch=25 step=300 mean_l2=0.01890 std_l2=0.02098
2026-05-15 08:12:47,771 INFO CSMF2.step_1_1_1.run :: epoch=25 step=300/429 train_nll=-3710.692
2026-05-15 08:13:04,101 INFO CSMF2.step_1_1_1.run :: [h] epoch=25 step=350 total=0.33549 batch=0.19575
2026-05-15 08:13:04,102 INFO CSMF2.step_1_1_1.run :: [lat] epoch=25 step=350 mean_l2=0.01749 std_l2=0.02113
2026-05-15 08:13:04,289 INFO CSMF2.step_1_1_1.run :: epoch=25 step=350/429 train_nll=-3707.235
2026-05-15 08:13:20,377 INFO CSMF2.step_1_1_1.run :: [h] epoch=25 step=400 total=0.34435 batch=0.19734
2026-05-15 08:13:20,378 INFO CSMF2.step_1_1_1.run :: [lat] epoch=25 step=400 mean_l2=0.01572 std_l2=0.01889
2026-05-15 08:13:20,620 INFO CSMF2.step_1_1_1.run :: epoch=25 step=400/429 train_nll=-3707.857
2026-05-15 08:13:34,685 INFO CSMF2.step_1_1_1.run :: epoch=25  train_nll=-3708.088  val_nll=-3704.495  t=142.3s
2026-05-15 08:13:34,686 INFO CSMF2.step_1_1_1.run :: [h_std] total=0.34253 batch=0.19780 (no penalty)
2026-05-15 08:13:34,686 INFO CSMF2.step_1_1_1.run :: [lat_epoch] mean_l2=0.01637 std_l2=0.02018 (no penalty)
2026-05-15 08:13:34,686 INFO CSMF2.step_1_1_1.run :: [grad] cond=499.7180 film_gain=0.0000
2026-05-15 08:13:53,375 INFO CSMF2.step_1_1_1.run :: [h] epoch=26 step=50 total=0.33116 batch=0.18915
2026-05-15 08:13:53,375 INFO CSMF2.step_1_1_1.run :: [lat] epoch=26 step=50 mean_l2=0.01537 std_l2=0.01895
2026-05-15 08:13:53,565 INFO CSMF2.step_1_1_1.run :: epoch=26 step=50/429 train_nll=-3712.683
2026-05-15 08:14:09,440 INFO CSMF2.step_1_1_1.run :: [h] epoch=26 step=100 total=0.34310 batch=0.19261
2026-05-15 08:14:09,440 INFO CSMF2.step_1_1_1.run :: [lat] epoch=26 step=100 mean_l2=0.01542 std_l2=0.01890
2026-05-15 08:14:09,628 INFO CSMF2.step_1_1_1.run :: epoch=26 step=100/429 train_nll=-3712.535
2026-05-15 08:14:25,327 INFO CSMF2.step_1_1_1.run :: [h] epoch=26 step=150 total=0.34032 batch=0.19766
2026-05-15 08:14:25,327 INFO CSMF2.step_1_1_1.run :: [lat] epoch=26 step=150 mean_l2=0.01426 std_l2=0.02167
2026-05-15 08:14:25,517 INFO CSMF2.step_1_1_1.run :: epoch=26 step=150/429 train_nll=-3711.575
2026-05-15 08:14:41,165 INFO CSMF2.step_1_1_1.run :: [h] epoch=26 step=200 total=0.34096 batch=0.19392
2026-05-15 08:14:41,165 INFO CSMF2.step_1_1_1.run :: [lat] epoch=26 step=200 mean_l2=0.01865 std_l2=0.01931
2026-05-15 08:14:41,357 INFO CSMF2.step_1_1_1.run :: epoch=26 step=200/429 train_nll=-3712.049
2026-05-15 08:14:57,258 INFO CSMF2.step_1_1_1.run :: [h] epoch=26 step=250 total=0.34040 batch=0.19745
2026-05-15 08:14:57,259 INFO CSMF2.step_1_1_1.run :: [lat] epoch=26 step=250 mean_l2=0.01551 std_l2=0.01766
2026-05-15 08:14:57,499 INFO CSMF2.step_1_1_1.run :: epoch=26 step=250/429 train_nll=-3712.625
2026-05-15 08:15:13,460 INFO CSMF2.step_1_1_1.run :: [h] epoch=26 step=300 total=0.34000 batch=0.19463
2026-05-15 08:15:13,461 INFO CSMF2.step_1_1_1.run :: [lat] epoch=26 step=300 mean_l2=0.01534 std_l2=0.02040
2026-05-15 08:15:13,652 INFO CSMF2.step_1_1_1.run :: epoch=26 step=300/429 train_nll=-3712.915
2026-05-15 08:15:29,307 INFO CSMF2.step_1_1_1.run :: [h] epoch=26 step=350 total=0.33965 batch=0.19603
2026-05-15 08:15:29,307 INFO CSMF2.step_1_1_1.run :: [lat] epoch=26 step=350 mean_l2=0.01579 std_l2=0.02054
2026-05-15 08:15:29,498 INFO CSMF2.step_1_1_1.run :: epoch=26 step=350/429 train_nll=-3712.551
2026-05-15 08:15:45,524 INFO CSMF2.step_1_1_1.run :: [h] epoch=26 step=400 total=0.34416 batch=0.19307
2026-05-15 08:15:45,524 INFO CSMF2.step_1_1_1.run :: [lat] epoch=26 step=400 mean_l2=0.01710 std_l2=0.01815
2026-05-15 08:15:45,713 INFO CSMF2.step_1_1_1.run :: epoch=26 step=400/429 train_nll=-3713.033
2026-05-15 08:15:59,977 INFO CSMF2.step_1_1_1.run :: epoch=26  train_nll=-3711.275  val_nll=-3676.158  t=142.2s
2026-05-15 08:15:59,977 INFO CSMF2.step_1_1_1.run :: [h_std] total=0.33885 batch=0.19472 (no penalty)
2026-05-15 08:15:59,977 INFO CSMF2.step_1_1_1.run :: [lat_epoch] mean_l2=0.01636 std_l2=0.01986 (no penalty)
2026-05-15 08:15:59,977 INFO CSMF2.step_1_1_1.run :: [grad] cond=627.8363 film_gain=0.0000
2026-05-15 08:16:18,939 INFO CSMF2.step_1_1_1.run :: [h] epoch=27 step=50 total=0.32329 batch=0.18552
2026-05-15 08:16:18,940 INFO CSMF2.step_1_1_1.run :: [lat] epoch=27 step=50 mean_l2=0.01477 std_l2=0.01763
2026-05-15 08:16:19,124 INFO CSMF2.step_1_1_1.run :: epoch=27 step=50/429 train_nll=-3701.853
2026-05-15 08:16:34,607 INFO CSMF2.step_1_1_1.run :: [h] epoch=27 step=100 total=0.33258 batch=0.18908
2026-05-15 08:16:34,608 INFO CSMF2.step_1_1_1.run :: [lat] epoch=27 step=100 mean_l2=0.01445 std_l2=0.02160
2026-05-15 08:16:34,800 INFO CSMF2.step_1_1_1.run :: epoch=27 step=100/429 train_nll=-3708.200
2026-05-15 08:16:50,875 INFO CSMF2.step_1_1_1.run :: [h] epoch=27 step=150 total=0.33604 batch=0.19538
2026-05-15 08:16:50,876 INFO CSMF2.step_1_1_1.run :: [lat] epoch=27 step=150 mean_l2=0.01415 std_l2=0.01818
2026-05-15 08:16:51,064 INFO CSMF2.step_1_1_1.run :: epoch=27 step=150/429 train_nll=-3709.306
2026-05-15 08:17:06,568 INFO CSMF2.step_1_1_1.run :: [h] epoch=27 step=200 total=0.33488 batch=0.19136
2026-05-15 08:17:06,569 INFO CSMF2.step_1_1_1.run :: [lat] epoch=27 step=200 mean_l2=0.01544 std_l2=0.01846
2026-05-15 08:17:06,810 INFO CSMF2.step_1_1_1.run :: epoch=27 step=200/429 train_nll=-3711.011
2026-05-15 08:17:22,758 INFO CSMF2.step_1_1_1.run :: [h] epoch=27 step=250 total=0.33596 batch=0.19519
2026-05-15 08:17:22,758 INFO CSMF2.step_1_1_1.run :: [lat] epoch=27 step=250 mean_l2=0.01516 std_l2=0.01728
2026-05-15 08:17:22,951 INFO CSMF2.step_1_1_1.run :: epoch=27 step=250/429 train_nll=-3712.177
2026-05-15 08:17:38,613 INFO CSMF2.step_1_1_1.run :: [h] epoch=27 step=300 total=0.32722 batch=0.18629
2026-05-15 08:17:38,614 INFO CSMF2.step_1_1_1.run :: [lat] epoch=27 step=300 mean_l2=0.02037 std_l2=0.02134
2026-05-15 08:17:38,803 INFO CSMF2.step_1_1_1.run :: epoch=27 step=300/429 train_nll=-3709.756
2026-05-15 08:17:54,630 INFO CSMF2.step_1_1_1.run :: [h] epoch=27 step=350 total=0.33006 batch=0.19175
2026-05-15 08:17:54,630 INFO CSMF2.step_1_1_1.run :: [lat] epoch=27 step=350 mean_l2=0.01576 std_l2=0.01803
2026-05-15 08:17:54,816 INFO CSMF2.step_1_1_1.run :: epoch=27 step=350/429 train_nll=-3709.492
2026-05-15 08:18:10,675 INFO CSMF2.step_1_1_1.run :: [h] epoch=27 step=400 total=0.33460 batch=0.19154
2026-05-15 08:18:10,676 INFO CSMF2.step_1_1_1.run :: [lat] epoch=27 step=400 mean_l2=0.01337 std_l2=0.01945
2026-05-15 08:18:10,864 INFO CSMF2.step_1_1_1.run :: epoch=27 step=400/429 train_nll=-3710.674
2026-05-15 08:18:25,110 INFO CSMF2.step_1_1_1.run :: epoch=27  train_nll=-3711.096  val_nll=-3709.642  t=142.0s
2026-05-15 08:18:25,110 INFO CSMF2.step_1_1_1.run :: [h_std] total=0.33087 batch=0.19118 (no penalty)
2026-05-15 08:18:25,110 INFO CSMF2.step_1_1_1.run :: [lat_epoch] mean_l2=0.01632 std_l2=0.01998 (no penalty)
2026-05-15 08:18:25,110 INFO CSMF2.step_1_1_1.run :: [grad] cond=367.6993 film_gain=0.0000
2026-05-15 08:18:43,552 INFO CSMF2.step_1_1_1.run :: [h] epoch=28 step=50 total=0.32381 batch=0.18461
2026-05-15 08:18:43,553 INFO CSMF2.step_1_1_1.run :: [lat] epoch=28 step=50 mean_l2=0.01579 std_l2=0.01844
2026-05-15 08:18:43,789 INFO CSMF2.step_1_1_1.run :: epoch=28 step=50/429 train_nll=-3717.829
2026-05-15 08:18:59,506 INFO CSMF2.step_1_1_1.run :: [h] epoch=28 step=100 total=0.33109 batch=0.18661
2026-05-15 08:18:59,507 INFO CSMF2.step_1_1_1.run :: [lat] epoch=28 step=100 mean_l2=0.01718 std_l2=0.02111
2026-05-15 08:18:59,692 INFO CSMF2.step_1_1_1.run :: epoch=28 step=100/429 train_nll=-3717.097
2026-05-15 08:19:15,641 INFO CSMF2.step_1_1_1.run :: [h] epoch=28 step=150 total=0.32832 batch=0.19162
2026-05-15 08:19:15,642 INFO CSMF2.step_1_1_1.run :: [lat] epoch=28 step=150 mean_l2=0.01590 std_l2=0.02029
2026-05-15 08:19:15,879 INFO CSMF2.step_1_1_1.run :: epoch=28 step=150/429 train_nll=-3711.452
2026-05-15 08:19:31,412 INFO CSMF2.step_1_1_1.run :: [h] epoch=28 step=200 total=0.32544 batch=0.18660
2026-05-15 08:19:31,413 INFO CSMF2.step_1_1_1.run :: [lat] epoch=28 step=200 mean_l2=0.01709 std_l2=0.01856
2026-05-15 08:19:31,599 INFO CSMF2.step_1_1_1.run :: epoch=28 step=200/429 train_nll=-3712.238
2026-05-15 08:19:47,380 INFO CSMF2.step_1_1_1.run :: [h] epoch=28 step=250 total=0.32895 batch=0.19175
2026-05-15 08:19:47,381 INFO CSMF2.step_1_1_1.run :: [lat] epoch=28 step=250 mean_l2=0.01339 std_l2=0.01802
2026-05-15 08:19:47,566 INFO CSMF2.step_1_1_1.run :: epoch=28 step=250/429 train_nll=-3713.529
2026-05-15 08:20:03,041 INFO CSMF2.step_1_1_1.run :: [h] epoch=28 step=300 total=0.32945 batch=0.18892
2026-05-15 08:20:03,042 INFO CSMF2.step_1_1_1.run :: [lat] epoch=28 step=300 mean_l2=0.01644 std_l2=0.01717
2026-05-15 08:20:03,227 INFO CSMF2.step_1_1_1.run :: epoch=28 step=300/429 train_nll=-3714.194
2026-05-15 08:20:18,524 INFO CSMF2.step_1_1_1.run :: [h] epoch=28 step=350 total=0.32996 batch=0.19132
2026-05-15 08:20:18,525 INFO CSMF2.step_1_1_1.run :: [lat] epoch=28 step=350 mean_l2=0.01482 std_l2=0.02118
2026-05-15 08:20:18,760 INFO CSMF2.step_1_1_1.run :: epoch=28 step=350/429 train_nll=-3714.269
2026-05-15 08:20:34,177 INFO CSMF2.step_1_1_1.run :: [h] epoch=28 step=400 total=0.33069 batch=0.18874
2026-05-15 08:20:34,177 INFO CSMF2.step_1_1_1.run :: [lat] epoch=28 step=400 mean_l2=0.01663 std_l2=0.01973
2026-05-15 08:20:34,363 INFO CSMF2.step_1_1_1.run :: epoch=28 step=400/429 train_nll=-3714.826
2026-05-15 08:20:48,228 INFO CSMF2.step_1_1_1.run :: epoch=28  train_nll=-3715.007  val_nll=-3712.492  t=140.1s
2026-05-15 08:20:48,228 INFO CSMF2.step_1_1_1.run :: [h_std] total=0.32726 batch=0.18866 (no penalty)
2026-05-15 08:20:48,228 INFO CSMF2.step_1_1_1.run :: [lat_epoch] mean_l2=0.01565 std_l2=0.01969 (no penalty)
2026-05-15 08:20:48,228 INFO CSMF2.step_1_1_1.run :: [grad] cond=348.6714 film_gain=0.0000
2026-05-15 08:21:07,367 INFO CSMF2.step_1_1_1.run :: [h] epoch=29 step=50 total=0.31946 batch=0.18245
2026-05-15 08:21:07,367 INFO CSMF2.step_1_1_1.run :: [lat] epoch=29 step=50 mean_l2=0.01515 std_l2=0.01834
2026-05-15 08:21:07,609 INFO CSMF2.step_1_1_1.run :: epoch=29 step=50/429 train_nll=-3719.566
2026-05-15 08:21:24,161 INFO CSMF2.step_1_1_1.run :: [h] epoch=29 step=100 total=0.32635 batch=0.18380
2026-05-15 08:21:24,161 INFO CSMF2.step_1_1_1.run :: [lat] epoch=29 step=100 mean_l2=0.01386 std_l2=0.02022
2026-05-15 08:21:24,398 INFO CSMF2.step_1_1_1.run :: epoch=29 step=100/429 train_nll=-3719.046
2026-05-15 08:21:40,193 INFO CSMF2.step_1_1_1.run :: [h] epoch=29 step=150 total=0.32186 batch=0.18976
2026-05-15 08:21:40,194 INFO CSMF2.step_1_1_1.run :: [lat] epoch=29 step=150 mean_l2=0.04236 std_l2=0.02375
2026-05-15 08:21:40,380 INFO CSMF2.step_1_1_1.run :: epoch=29 step=150/429 train_nll=-3711.431
2026-05-15 08:21:55,919 INFO CSMF2.step_1_1_1.run :: [h] epoch=29 step=200 total=0.31705 batch=0.18245
2026-05-15 08:21:55,919 INFO CSMF2.step_1_1_1.run :: [lat] epoch=29 step=200 mean_l2=0.01481 std_l2=0.01907
2026-05-15 08:21:56,105 INFO CSMF2.step_1_1_1.run :: epoch=29 step=200/429 train_nll=-3710.193
2026-05-15 08:22:12,223 INFO CSMF2.step_1_1_1.run :: [h] epoch=29 step=250 total=0.32093 batch=0.18848
2026-05-15 08:22:12,224 INFO CSMF2.step_1_1_1.run :: [lat] epoch=29 step=250 mean_l2=0.01825 std_l2=0.01883
2026-05-15 08:22:12,465 INFO CSMF2.step_1_1_1.run :: epoch=29 step=250/429 train_nll=-3711.055
2026-05-15 08:22:28,268 INFO CSMF2.step_1_1_1.run :: [h] epoch=29 step=300 total=0.32458 batch=0.18627
2026-05-15 08:22:28,269 INFO CSMF2.step_1_1_1.run :: [lat] epoch=29 step=300 mean_l2=0.01251 std_l2=0.01802
2026-05-15 08:22:28,458 INFO CSMF2.step_1_1_1.run :: epoch=29 step=300/429 train_nll=-3712.162
2026-05-15 08:22:44,145 INFO CSMF2.step_1_1_1.run :: [h] epoch=29 step=350 total=0.32224 batch=0.18849
2026-05-15 08:22:44,146 INFO CSMF2.step_1_1_1.run :: [lat] epoch=29 step=350 mean_l2=0.01598 std_l2=0.02062
2026-05-15 08:22:44,336 INFO CSMF2.step_1_1_1.run :: epoch=29 step=350/429 train_nll=-3713.156
2026-05-15 08:23:00,074 INFO CSMF2.step_1_1_1.run :: [h] epoch=29 step=400 total=0.32667 batch=0.18773
2026-05-15 08:23:00,074 INFO CSMF2.step_1_1_1.run :: [lat] epoch=29 step=400 mean_l2=0.01634 std_l2=0.01938
2026-05-15 08:23:00,262 INFO CSMF2.step_1_1_1.run :: epoch=29 step=400/429 train_nll=-3714.224
2026-05-15 08:23:14,683 INFO CSMF2.step_1_1_1.run :: epoch=29  train_nll=-3713.722  val_nll=-3707.682  t=143.4s
2026-05-15 08:23:14,683 INFO CSMF2.step_1_1_1.run :: [h_std] total=0.32186 batch=0.18586 (no penalty)
2026-05-15 08:23:14,683 INFO CSMF2.step_1_1_1.run :: [lat_epoch] mean_l2=0.01678 std_l2=0.01996 (no penalty)
2026-05-15 08:23:14,684 INFO CSMF2.step_1_1_1.run :: [grad] cond=534.2250 film_gain=0.0000
2026-05-15 08:23:27,044 INFO CSMF2.step_1_1_1.run :: [run] FINAL test_nll (sealed 10k) = -3710.182
2026-05-15 08:23:27,784 INFO CSMF2.experiments.step_1_1_1.density_plots :: [plot_latent_density] saved -> CSMF2/experiments/step_1_1_1/results/nsf_s2_n0.00_seed0_318228682ea7/plots/latent_density.png  (ks=0.0079, mean=0.022, std=0.989)
2026-05-15 08:23:28,004 INFO CSMF2.experiments.step_1_1_1.density_plots :: [plot_cycle_density] saved -> CSMF2/experiments/step_1_1_1/results/nsf_s2_n0.00_seed0_318228682ea7/plots/cycle_density.png  (max|err|=1.370e-04 rms=1.783e-06)
2026-05-15 08:23:28,290 INFO CSMF2.experiments.step_1_1_1.density_plots :: [plot_reconstruction_panel] saved -> CSMF2/experiments/step_1_1_1/results/nsf_s2_n0.00_seed0_318228682ea7/plots/reconstruction_panel.png  rms(enc-prior)=0.799
==============================================================
[1mSTEP-1_1_1 RUN SUMMARY[0m
==============================================================
expert: nsf   scale: 2   noise: 0.0   seed: 0   epochs: 30
train NLL:    -3184.62  ->    -3713.72  (Δ = -529.10)
test  NLL:    -3468.72  ->    -3707.68

[1mHARD GATES (halt on fail)[0m
  [32m 30/30  ✓[0m  invertibility FP64 <1e-5
  [32m 30/30  ✓[0m  latent KS vs N(0,1) <0.05
  [33m 28/30  ✗[0m  cycle_max < 1e-12
  [32m 30/30  ✓[0m  h std > 1e-3
  [32m 30/30  ✓[0m  FiLM γ,β std > 1e-3 aggregate
  [32m 30/30  ✓[0m  (y,seed) max|Δh| < 1e-6
  [32m 30/30  ✓[0m  no NaN/Inf this epoch
  [32m  1/1   ✓[0m  numeric log-det (FP64, once)

[1mINFORMATIONAL (logged, non-blocking)[0m
  [33m 28/30  ✗[0m  null-control gap ≥ 0.10
  [32m 30/30  ✓[0m  h_st Δlogp slope > 1e-3
  [32m 30/30  ✓[0m  grad norm > 1e-6
  [32m 30/30  ✓[0m  fwd residual reported
--------------------------------------------------------------
[1mHARD TOTAL: 209/211[0m  (99.1%)
[1mEXIT_CRITERIA_MET:[0m [31mNO[0m
[1mREMEDY HINTS:[0m
  - hard gate failed: cycle_max (cycle_max < 1e-12) -- check epochs [3, 17]
==============================================================
2026-05-15 08:23:28,354 INFO CSMF2.step_1_1_1.run :: STEP-1_1 run DONE  exit_ok=False  out=CSMF2/experiments/step_1_1_1/results/nsf_s2_n0.00_seed0_318228682ea7
>>> 08:23:28 expert=nsf noise=0.0 lam=0.1 v2=off
2026-05-15 08:23:29,978 INFO CSMF2.step_1_1_1.run :: STEP-1_1 run | tag=nsf_s2_n0.00_seed0_5e9307fb36d4 | cfg=StepCfg(data_root='./mnist_data', scale=2, blur_sigma=1.0, noise_sigma=0.0, batch_size=128, expert='nsf', dim=784, cond_width=128, h_dim=256, flow_hidden=256, use_film=True, cache_h=True, use_v2_conditioner=False, film_depth=2, film_hidden=128, film_use_gelu=True, realnvp_n_couplings=6, realnvp_s_max=2.0, glow_n_steps=8, glow_coupling_hidden=256, glow_s_max=2.0, glow_squeeze=True, glow_n_levels=1, glow_image_c=1, glow_image_h=28, glow_image_w=28, glow_film_gain_init=0.3, lr=0.001, epochs=30, weight_decay=0.0, grad_clip=5.0, shuffle_loss_lambda=0.0, shuffle_loss_margin=0.5, h_std_penalty_mu=0.0, h_std_target=0.05, cond_y_residual_alpha_init=0.0, latent_moment_lambda=0.1, latent_ks_target=0.1, fwd_rel_target=0.5, resume_from=None, seed=0, out_root='./CSMF2/experiments/step_1_1_1/results', log_every=50, sanity_every_epoch=True)
2026-05-15 08:23:30,044 INFO CSMF2.step_1_1_1.run :: [run] data sizes: train=55000  val=5000 (per-epoch)  test=10000 (final-only)
2026-05-15 08:23:30,100 INFO CSMF2.step_1_1_1.run :: [y_sanity] y.std(dim=0).mean() = 0.1294  shape=(128, 1, 14, 14)
2026-05-15 08:23:42,871 INFO CSMF2.step_1_1_1.run :: [h] epoch=0 step=50 total=0.07470 batch=0.00232
2026-05-15 08:23:42,872 INFO CSMF2.step_1_1_1.run :: [lat] epoch=0 step=50 mean_l2=0.18522 std_l2=0.17005
2026-05-15 08:23:43,001 INFO CSMF2.step_1_1_1.run :: epoch=0 step=50/429 train_nll=-2038.350
2026-05-15 08:23:55,754 INFO CSMF2.step_1_1_1.run :: [h] epoch=0 step=100 total=0.25840 batch=0.00290
2026-05-15 08:23:55,755 INFO CSMF2.step_1_1_1.run :: [lat] epoch=0 step=100 mean_l2=0.11673 std_l2=0.09079
2026-05-15 08:23:55,882 INFO CSMF2.step_1_1_1.run :: epoch=0 step=100/429 train_nll=-2601.887
2026-05-15 08:24:08,671 INFO CSMF2.step_1_1_1.run :: [h] epoch=0 step=150 total=0.21525 batch=0.01194
2026-05-15 08:24:08,672 INFO CSMF2.step_1_1_1.run :: [lat] epoch=0 step=150 mean_l2=0.08993 std_l2=0.03687
2026-05-15 08:24:08,802 INFO CSMF2.step_1_1_1.run :: epoch=0 step=150/429 train_nll=-2837.227
2026-05-15 08:24:21,420 INFO CSMF2.step_1_1_1.run :: [h] epoch=0 step=200 total=0.26013 batch=0.02635
2026-05-15 08:24:21,421 INFO CSMF2.step_1_1_1.run :: [lat] epoch=0 step=200 mean_l2=0.03284 std_l2=0.03274
2026-05-15 08:24:21,554 INFO CSMF2.step_1_1_1.run :: epoch=0 step=200/429 train_nll=-2970.158
2026-05-15 08:24:34,215 INFO CSMF2.step_1_1_1.run :: [h] epoch=0 step=250 total=0.19399 batch=0.02963
2026-05-15 08:24:34,216 INFO CSMF2.step_1_1_1.run :: [lat] epoch=0 step=250 mean_l2=0.05534 std_l2=0.04323
2026-05-15 08:24:34,345 INFO CSMF2.step_1_1_1.run :: epoch=0 step=250/429 train_nll=-3054.362
2026-05-15 08:24:46,880 INFO CSMF2.step_1_1_1.run :: [h] epoch=0 step=300 total=0.23969 batch=0.06194
2026-05-15 08:24:46,881 INFO CSMF2.step_1_1_1.run :: [lat] epoch=0 step=300 mean_l2=0.03669 std_l2=0.03448
2026-05-15 08:24:47,008 INFO CSMF2.step_1_1_1.run :: epoch=0 step=300/429 train_nll=-3111.001
2026-05-15 08:24:59,777 INFO CSMF2.step_1_1_1.run :: [h] epoch=0 step=350 total=0.27860 batch=0.09271
2026-05-15 08:24:59,777 INFO CSMF2.step_1_1_1.run :: [lat] epoch=0 step=350 mean_l2=0.02508 std_l2=0.02856
2026-05-15 08:24:59,906 INFO CSMF2.step_1_1_1.run :: epoch=0 step=350/429 train_nll=-3156.675
2026-05-15 08:25:12,530 INFO CSMF2.step_1_1_1.run :: [h] epoch=0 step=400 total=0.26262 batch=0.09390
2026-05-15 08:25:12,530 INFO CSMF2.step_1_1_1.run :: [lat] epoch=0 step=400 mean_l2=0.06931 std_l2=0.04105
2026-05-15 08:25:12,661 INFO CSMF2.step_1_1_1.run :: epoch=0 step=400/429 train_nll=-3192.269
2026-05-15 08:25:24,759 INFO CSMF2.step_1_1_1.run :: epoch=0  train_nll=-3209.951  val_nll=-3456.348  t=114.5s
2026-05-15 08:25:24,759 INFO CSMF2.step_1_1_1.run :: [h_std] total=0.22381 batch=0.04241 (no penalty)
2026-05-15 08:25:24,759 INFO CSMF2.step_1_1_1.run :: [lat_epoch] mean_l2=0.17038 std_l2=0.11869 lambda=0.100
2026-05-15 08:25:24,759 INFO CSMF2.step_1_1_1.run :: [grad] cond=17.2643 film_gain=0.0000
2026-05-15 08:25:40,600 INFO CSMF2.step_1_1_1.run :: [h] epoch=1 step=50 total=0.24857 batch=0.09748
2026-05-15 08:25:40,600 INFO CSMF2.step_1_1_1.run :: [lat] epoch=1 step=50 mean_l2=0.03206 std_l2=0.02984
2026-05-15 08:25:40,729 INFO CSMF2.step_1_1_1.run :: epoch=1 step=50/429 train_nll=-3450.779
2026-05-15 08:25:53,402 INFO CSMF2.step_1_1_1.run :: [h] epoch=1 step=100 total=0.27088 batch=0.13927
2026-05-15 08:25:53,402 INFO CSMF2.step_1_1_1.run :: [lat] epoch=1 step=100 mean_l2=0.03684 std_l2=0.02817
2026-05-15 08:25:53,529 INFO CSMF2.step_1_1_1.run :: epoch=1 step=100/429 train_nll=-3447.520
2026-05-15 08:26:06,276 INFO CSMF2.step_1_1_1.run :: [h] epoch=1 step=150 total=0.31460 batch=0.17060
2026-05-15 08:26:06,277 INFO CSMF2.step_1_1_1.run :: [lat] epoch=1 step=150 mean_l2=0.07677 std_l2=0.03529
2026-05-15 08:26:06,430 INFO CSMF2.step_1_1_1.run :: epoch=1 step=150/429 train_nll=-3448.416
2026-05-15 08:26:19,320 INFO CSMF2.step_1_1_1.run :: [h] epoch=1 step=200 total=0.35180 batch=0.16513
2026-05-15 08:26:19,321 INFO CSMF2.step_1_1_1.run :: [lat] epoch=1 step=200 mean_l2=0.03933 std_l2=0.02805
2026-05-15 08:26:19,483 INFO CSMF2.step_1_1_1.run :: epoch=1 step=200/429 train_nll=-3454.873
2026-05-15 08:26:32,757 INFO CSMF2.step_1_1_1.run :: [h] epoch=1 step=250 total=0.33978 batch=0.18678
2026-05-15 08:26:32,757 INFO CSMF2.step_1_1_1.run :: [lat] epoch=1 step=250 mean_l2=0.03635 std_l2=0.03378
2026-05-15 08:26:32,899 INFO CSMF2.step_1_1_1.run :: epoch=1 step=250/429 train_nll=-3460.045
2026-05-15 08:26:46,320 INFO CSMF2.step_1_1_1.run :: [h] epoch=1 step=300 total=0.36995 batch=0.19954
2026-05-15 08:26:46,321 INFO CSMF2.step_1_1_1.run :: [lat] epoch=1 step=300 mean_l2=0.01693 std_l2=0.02252
2026-05-15 08:26:46,471 INFO CSMF2.step_1_1_1.run :: epoch=1 step=300/429 train_nll=-3466.382
2026-05-15 08:27:00,133 INFO CSMF2.step_1_1_1.run :: [h] epoch=1 step=350 total=0.39822 batch=0.23327
2026-05-15 08:27:00,134 INFO CSMF2.step_1_1_1.run :: [lat] epoch=1 step=350 mean_l2=0.02117 std_l2=0.02411
2026-05-15 08:27:00,286 INFO CSMF2.step_1_1_1.run :: epoch=1 step=350/429 train_nll=-3471.905
2026-05-15 08:27:13,921 INFO CSMF2.step_1_1_1.run :: [h] epoch=1 step=400 total=0.35245 batch=0.22790
2026-05-15 08:27:13,922 INFO CSMF2.step_1_1_1.run :: [lat] epoch=1 step=400 mean_l2=0.02379 std_l2=0.02712
2026-05-15 08:27:14,102 INFO CSMF2.step_1_1_1.run :: epoch=1 step=400/429 train_nll=-3475.665
2026-05-15 08:27:26,735 INFO CSMF2.step_1_1_1.run :: epoch=1  train_nll=-3477.777  val_nll=-3509.994  t=118.6s
2026-05-15 08:27:26,735 INFO CSMF2.step_1_1_1.run :: [h_std] total=0.33076 batch=0.17547 (no penalty)
2026-05-15 08:27:26,735 INFO CSMF2.step_1_1_1.run :: [lat_epoch] mean_l2=0.03797 std_l2=0.02913 lambda=0.100
2026-05-15 08:27:26,735 INFO CSMF2.step_1_1_1.run :: [grad] cond=196.8962 film_gain=0.0000
2026-05-15 08:27:43,108 INFO CSMF2.step_1_1_1.run :: [h] epoch=2 step=50 total=0.32443 batch=0.20869
2026-05-15 08:27:43,109 INFO CSMF2.step_1_1_1.run :: [lat] epoch=2 step=50 mean_l2=0.03093 std_l2=0.02598
2026-05-15 08:27:43,253 INFO CSMF2.step_1_1_1.run :: epoch=2 step=50/429 train_nll=-3507.703
2026-05-15 08:27:56,752 INFO CSMF2.step_1_1_1.run :: [h] epoch=2 step=100 total=0.36628 batch=0.24080
2026-05-15 08:27:56,752 INFO CSMF2.step_1_1_1.run :: [lat] epoch=2 step=100 mean_l2=0.02745 std_l2=0.02665
2026-05-15 08:27:56,899 INFO CSMF2.step_1_1_1.run :: epoch=2 step=100/429 train_nll=-3515.030
2026-05-15 08:28:10,603 INFO CSMF2.step_1_1_1.run :: [h] epoch=2 step=150 total=0.38683 batch=0.25540
2026-05-15 08:28:10,604 INFO CSMF2.step_1_1_1.run :: [lat] epoch=2 step=150 mean_l2=0.03042 std_l2=0.03079
2026-05-15 08:28:10,750 INFO CSMF2.step_1_1_1.run :: epoch=2 step=150/429 train_nll=-3520.938
2026-05-15 08:28:24,249 INFO CSMF2.step_1_1_1.run :: [h] epoch=2 step=200 total=0.38324 batch=0.24289
2026-05-15 08:28:24,249 INFO CSMF2.step_1_1_1.run :: [lat] epoch=2 step=200 mean_l2=0.02336 std_l2=0.02349
2026-05-15 08:28:24,395 INFO CSMF2.step_1_1_1.run :: epoch=2 step=200/429 train_nll=-3522.836
2026-05-15 08:28:37,795 INFO CSMF2.step_1_1_1.run :: [h] epoch=2 step=250 total=0.39801 batch=0.26667
2026-05-15 08:28:37,796 INFO CSMF2.step_1_1_1.run :: [lat] epoch=2 step=250 mean_l2=0.03701 std_l2=0.02992
2026-05-15 08:28:37,942 INFO CSMF2.step_1_1_1.run :: epoch=2 step=250/429 train_nll=-3524.792
2026-05-15 08:28:51,537 INFO CSMF2.step_1_1_1.run :: [h] epoch=2 step=300 total=0.38718 batch=0.24962
2026-05-15 08:28:51,538 INFO CSMF2.step_1_1_1.run :: [lat] epoch=2 step=300 mean_l2=0.02304 std_l2=0.02251
2026-05-15 08:28:51,687 INFO CSMF2.step_1_1_1.run :: epoch=2 step=300/429 train_nll=-3526.443
2026-05-15 08:29:05,283 INFO CSMF2.step_1_1_1.run :: [h] epoch=2 step=350 total=0.42221 batch=0.28021
2026-05-15 08:29:05,283 INFO CSMF2.step_1_1_1.run :: [lat] epoch=2 step=350 mean_l2=0.01635 std_l2=0.02287
2026-05-15 08:29:05,433 INFO CSMF2.step_1_1_1.run :: epoch=2 step=350/429 train_nll=-3530.744
2026-05-15 08:29:19,040 INFO CSMF2.step_1_1_1.run :: [h] epoch=2 step=400 total=0.40006 batch=0.27268
2026-05-15 08:29:19,041 INFO CSMF2.step_1_1_1.run :: [lat] epoch=2 step=400 mean_l2=0.03016 std_l2=0.02719
2026-05-15 08:29:19,190 INFO CSMF2.step_1_1_1.run :: epoch=2 step=400/429 train_nll=-3532.152
2026-05-15 08:29:31,916 INFO CSMF2.step_1_1_1.run :: epoch=2  train_nll=-3533.518  val_nll=-3566.375  t=122.0s
2026-05-15 08:29:31,916 INFO CSMF2.step_1_1_1.run :: [h_std] total=0.38715 batch=0.25290 (no penalty)
2026-05-15 08:29:31,916 INFO CSMF2.step_1_1_1.run :: [lat_epoch] mean_l2=0.02919 std_l2=0.02578 lambda=0.100
2026-05-15 08:29:31,916 INFO CSMF2.step_1_1_1.run :: [grad] cond=98.3803 film_gain=0.0000
2026-05-15 08:29:48,779 INFO CSMF2.step_1_1_1.run :: [h] epoch=3 step=50 total=0.39084 batch=0.25550
2026-05-15 08:29:48,780 INFO CSMF2.step_1_1_1.run :: [lat] epoch=3 step=50 mean_l2=0.05552 std_l2=0.02564
2026-05-15 08:29:48,931 INFO CSMF2.step_1_1_1.run :: epoch=3 step=50/429 train_nll=-3557.604
2026-05-15 08:30:02,686 INFO CSMF2.step_1_1_1.run :: [h] epoch=3 step=100 total=0.39622 batch=0.26411
2026-05-15 08:30:02,687 INFO CSMF2.step_1_1_1.run :: [lat] epoch=3 step=100 mean_l2=0.02511 std_l2=0.02524
2026-05-15 08:30:02,875 INFO CSMF2.step_1_1_1.run :: epoch=3 step=100/429 train_nll=-3557.445
2026-05-15 08:30:17,100 INFO CSMF2.step_1_1_1.run :: [h] epoch=3 step=150 total=0.40091 batch=0.27605
2026-05-15 08:30:17,100 INFO CSMF2.step_1_1_1.run :: [lat] epoch=3 step=150 mean_l2=0.02274 std_l2=0.02604
2026-05-15 08:30:17,252 INFO CSMF2.step_1_1_1.run :: epoch=3 step=150/429 train_nll=-3562.149
2026-05-15 08:30:30,784 INFO CSMF2.step_1_1_1.run :: [h] epoch=3 step=200 total=0.40986 batch=0.26507
2026-05-15 08:30:30,784 INFO CSMF2.step_1_1_1.run :: [lat] epoch=3 step=200 mean_l2=0.01856 std_l2=0.02040
2026-05-15 08:30:30,937 INFO CSMF2.step_1_1_1.run :: epoch=3 step=200/429 train_nll=-3562.152
2026-05-15 08:30:45,024 INFO CSMF2.step_1_1_1.run :: [h] epoch=3 step=250 total=0.41499 batch=0.28655
2026-05-15 08:30:45,025 INFO CSMF2.step_1_1_1.run :: [lat] epoch=3 step=250 mean_l2=0.01621 std_l2=0.01865
2026-05-15 08:30:45,217 INFO CSMF2.step_1_1_1.run :: epoch=3 step=250/429 train_nll=-3562.794
2026-05-15 08:30:59,083 INFO CSMF2.step_1_1_1.run :: [h] epoch=3 step=300 total=0.39084 batch=0.25632
2026-05-15 08:30:59,084 INFO CSMF2.step_1_1_1.run :: [lat] epoch=3 step=300 mean_l2=0.03717 std_l2=0.03034
2026-05-15 08:30:59,279 INFO CSMF2.step_1_1_1.run :: epoch=3 step=300/429 train_nll=-3563.966
2026-05-15 08:31:13,185 INFO CSMF2.step_1_1_1.run :: [h] epoch=3 step=350 total=0.39867 batch=0.27245
2026-05-15 08:31:13,186 INFO CSMF2.step_1_1_1.run :: [lat] epoch=3 step=350 mean_l2=0.04499 std_l2=0.03013
2026-05-15 08:31:13,338 INFO CSMF2.step_1_1_1.run :: epoch=3 step=350/429 train_nll=-3562.086
2026-05-15 08:31:27,459 INFO CSMF2.step_1_1_1.run :: [h] epoch=3 step=400 total=0.40942 batch=0.27953
2026-05-15 08:31:27,460 INFO CSMF2.step_1_1_1.run :: [lat] epoch=3 step=400 mean_l2=0.01883 std_l2=0.02247
2026-05-15 08:31:27,610 INFO CSMF2.step_1_1_1.run :: epoch=3 step=400/429 train_nll=-3562.635
2026-05-15 08:31:40,342 INFO CSMF2.step_1_1_1.run :: epoch=3  train_nll=-3563.145  val_nll=-3557.611  t=125.2s
2026-05-15 08:31:40,342 INFO CSMF2.step_1_1_1.run :: [h_std] total=0.40571 batch=0.27311 (no penalty)
2026-05-15 08:31:40,342 INFO CSMF2.step_1_1_1.run :: [lat_epoch] mean_l2=0.02890 std_l2=0.02539 lambda=0.100
2026-05-15 08:31:40,342 INFO CSMF2.step_1_1_1.run :: [grad] cond=278.8154 film_gain=0.0000
2026-05-15 08:31:57,414 INFO CSMF2.step_1_1_1.run :: [h] epoch=4 step=50 total=0.39589 batch=0.26227
2026-05-15 08:31:57,415 INFO CSMF2.step_1_1_1.run :: [lat] epoch=4 step=50 mean_l2=0.02213 std_l2=0.02231
2026-05-15 08:31:57,616 INFO CSMF2.step_1_1_1.run :: epoch=4 step=50/429 train_nll=-3579.202
2026-05-15 08:32:12,300 INFO CSMF2.step_1_1_1.run :: [h] epoch=4 step=100 total=0.41963 batch=0.27378
2026-05-15 08:32:12,301 INFO CSMF2.step_1_1_1.run :: [lat] epoch=4 step=100 mean_l2=0.01859 std_l2=0.02272
2026-05-15 08:32:12,457 INFO CSMF2.step_1_1_1.run :: epoch=4 step=100/429 train_nll=-3586.091
2026-05-15 08:32:26,576 INFO CSMF2.step_1_1_1.run :: [h] epoch=4 step=150 total=0.39567 batch=0.27298
2026-05-15 08:32:26,576 INFO CSMF2.step_1_1_1.run :: [lat] epoch=4 step=150 mean_l2=0.03102 std_l2=0.02586
2026-05-15 08:32:26,734 INFO CSMF2.step_1_1_1.run :: epoch=4 step=150/429 train_nll=-3582.988
2026-05-15 08:32:41,187 INFO CSMF2.step_1_1_1.run :: [h] epoch=4 step=200 total=0.38845 batch=0.26106
2026-05-15 08:32:41,187 INFO CSMF2.step_1_1_1.run :: [lat] epoch=4 step=200 mean_l2=0.04357 std_l2=0.03079
2026-05-15 08:32:41,346 INFO CSMF2.step_1_1_1.run :: epoch=4 step=200/429 train_nll=-3580.266
2026-05-15 08:32:55,751 INFO CSMF2.step_1_1_1.run :: [h] epoch=4 step=250 total=0.40915 batch=0.28205
2026-05-15 08:32:55,751 INFO CSMF2.step_1_1_1.run :: [lat] epoch=4 step=250 mean_l2=0.01732 std_l2=0.01958
2026-05-15 08:32:55,949 INFO CSMF2.step_1_1_1.run :: epoch=4 step=250/429 train_nll=-3582.325
2026-05-15 08:33:09,892 INFO CSMF2.step_1_1_1.run :: [h] epoch=4 step=300 total=0.41114 batch=0.26704
2026-05-15 08:33:09,893 INFO CSMF2.step_1_1_1.run :: [lat] epoch=4 step=300 mean_l2=0.02026 std_l2=0.02482
2026-05-15 08:33:10,048 INFO CSMF2.step_1_1_1.run :: epoch=4 step=300/429 train_nll=-3585.384
2026-05-15 08:33:24,507 INFO CSMF2.step_1_1_1.run :: [h] epoch=4 step=350 total=0.41831 batch=0.28446
2026-05-15 08:33:24,507 INFO CSMF2.step_1_1_1.run :: [lat] epoch=4 step=350 mean_l2=0.01507 std_l2=0.02288
2026-05-15 08:33:24,666 INFO CSMF2.step_1_1_1.run :: epoch=4 step=350/429 train_nll=-3586.144
2026-05-15 08:33:39,135 INFO CSMF2.step_1_1_1.run :: [h] epoch=4 step=400 total=0.40098 batch=0.27056
2026-05-15 08:33:39,136 INFO CSMF2.step_1_1_1.run :: [lat] epoch=4 step=400 mean_l2=0.03043 std_l2=0.02213
2026-05-15 08:33:39,294 INFO CSMF2.step_1_1_1.run :: epoch=4 step=400/429 train_nll=-3586.681
2026-05-15 08:33:52,435 INFO CSMF2.step_1_1_1.run :: epoch=4  train_nll=-3587.159  val_nll=-3580.411  t=129.0s
2026-05-15 08:33:52,435 INFO CSMF2.step_1_1_1.run :: [h_std] total=0.40501 batch=0.27267 (no penalty)
2026-05-15 08:33:52,435 INFO CSMF2.step_1_1_1.run :: [lat_epoch] mean_l2=0.02523 std_l2=0.02404 lambda=0.100
2026-05-15 08:33:52,435 INFO CSMF2.step_1_1_1.run :: [grad] cond=201.6520 film_gain=0.0000
2026-05-15 08:34:09,760 INFO CSMF2.step_1_1_1.run :: [h] epoch=5 step=50 total=0.39401 batch=0.25998
2026-05-15 08:34:09,761 INFO CSMF2.step_1_1_1.run :: [lat] epoch=5 step=50 mean_l2=0.01486 std_l2=0.02150
2026-05-15 08:34:09,921 INFO CSMF2.step_1_1_1.run :: epoch=5 step=50/429 train_nll=-3583.317
2026-05-15 08:34:24,362 INFO CSMF2.step_1_1_1.run :: [h] epoch=5 step=100 total=0.41633 batch=0.27194
2026-05-15 08:34:24,363 INFO CSMF2.step_1_1_1.run :: [lat] epoch=5 step=100 mean_l2=0.01577 std_l2=0.02037
2026-05-15 08:34:24,568 INFO CSMF2.step_1_1_1.run :: epoch=5 step=100/429 train_nll=-3597.121
2026-05-15 08:34:39,090 INFO CSMF2.step_1_1_1.run :: [h] epoch=5 step=150 total=0.41494 batch=0.28133
2026-05-15 08:34:39,090 INFO CSMF2.step_1_1_1.run :: [lat] epoch=5 step=150 mean_l2=0.01703 std_l2=0.01972
2026-05-15 08:34:39,251 INFO CSMF2.step_1_1_1.run :: epoch=5 step=150/429 train_nll=-3600.385
2026-05-15 08:34:53,389 INFO CSMF2.step_1_1_1.run :: [h] epoch=5 step=200 total=0.41297 batch=0.26841
2026-05-15 08:34:53,390 INFO CSMF2.step_1_1_1.run :: [lat] epoch=5 step=200 mean_l2=0.01729 std_l2=0.02419
2026-05-15 08:34:53,550 INFO CSMF2.step_1_1_1.run :: epoch=5 step=200/429 train_nll=-3604.601
2026-05-15 08:35:07,720 INFO CSMF2.step_1_1_1.run :: [h] epoch=5 step=250 total=0.40564 batch=0.27567
2026-05-15 08:35:07,720 INFO CSMF2.step_1_1_1.run :: [lat] epoch=5 step=250 mean_l2=0.02612 std_l2=0.02871
2026-05-15 08:35:07,880 INFO CSMF2.step_1_1_1.run :: epoch=5 step=250/429 train_nll=-3603.227
2026-05-15 08:35:22,051 INFO CSMF2.step_1_1_1.run :: [h] epoch=5 step=300 total=0.39630 batch=0.25979
2026-05-15 08:35:22,052 INFO CSMF2.step_1_1_1.run :: [lat] epoch=5 step=300 mean_l2=0.01989 std_l2=0.02535
2026-05-15 08:35:22,210 INFO CSMF2.step_1_1_1.run :: epoch=5 step=300/429 train_nll=-3601.046
2026-05-15 08:35:36,618 INFO CSMF2.step_1_1_1.run :: [h] epoch=5 step=350 total=0.41810 batch=0.28069
2026-05-15 08:35:36,622 INFO CSMF2.step_1_1_1.run :: [lat] epoch=5 step=350 mean_l2=0.02235 std_l2=0.02195
2026-05-15 08:35:36,830 INFO CSMF2.step_1_1_1.run :: epoch=5 step=350/429 train_nll=-3602.929
2026-05-15 08:35:51,407 INFO CSMF2.step_1_1_1.run :: [h] epoch=5 step=400 total=0.41716 batch=0.27663
2026-05-15 08:35:51,407 INFO CSMF2.step_1_1_1.run :: [lat] epoch=5 step=400 mean_l2=0.02675 std_l2=0.02333
2026-05-15 08:35:51,570 INFO CSMF2.step_1_1_1.run :: epoch=5 step=400/429 train_nll=-3605.396
2026-05-15 08:36:04,941 INFO CSMF2.step_1_1_1.run :: epoch=5  train_nll=-3605.687  val_nll=-3596.874  t=129.4s
2026-05-15 08:36:04,941 INFO CSMF2.step_1_1_1.run :: [h_std] total=0.40862 batch=0.27191 (no penalty)
2026-05-15 08:36:04,941 INFO CSMF2.step_1_1_1.run :: [lat_epoch] mean_l2=0.02345 std_l2=0.02389 lambda=0.100
2026-05-15 08:36:04,941 INFO CSMF2.step_1_1_1.run :: [grad] cond=352.9068 film_gain=0.0000
2026-05-15 08:36:22,074 INFO CSMF2.step_1_1_1.run :: [h] epoch=6 step=50 total=0.40838 batch=0.26582
2026-05-15 08:36:22,074 INFO CSMF2.step_1_1_1.run :: [lat] epoch=6 step=50 mean_l2=0.01770 std_l2=0.02160
2026-05-15 08:36:22,237 INFO CSMF2.step_1_1_1.run :: epoch=6 step=50/429 train_nll=-3617.866
2026-05-15 08:36:36,850 INFO CSMF2.step_1_1_1.run :: [h] epoch=6 step=100 total=0.41456 batch=0.26826
2026-05-15 08:36:36,850 INFO CSMF2.step_1_1_1.run :: [lat] epoch=6 step=100 mean_l2=0.02532 std_l2=0.02353
2026-05-15 08:36:37,058 INFO CSMF2.step_1_1_1.run :: epoch=6 step=100/429 train_nll=-3621.387
2026-05-15 08:36:51,467 INFO CSMF2.step_1_1_1.run :: [h] epoch=6 step=150 total=0.41178 batch=0.28047
2026-05-15 08:36:51,467 INFO CSMF2.step_1_1_1.run :: [lat] epoch=6 step=150 mean_l2=0.02349 std_l2=0.02048
2026-05-15 08:36:51,630 INFO CSMF2.step_1_1_1.run :: epoch=6 step=150/429 train_nll=-3614.810
2026-05-15 08:37:05,759 INFO CSMF2.step_1_1_1.run :: [h] epoch=6 step=200 total=0.40040 batch=0.26505
2026-05-15 08:37:05,760 INFO CSMF2.step_1_1_1.run :: [lat] epoch=6 step=200 mean_l2=0.02122 std_l2=0.02852
2026-05-15 08:37:05,919 INFO CSMF2.step_1_1_1.run :: epoch=6 step=200/429 train_nll=-3612.370
2026-05-15 08:37:20,413 INFO CSMF2.step_1_1_1.run :: [h] epoch=6 step=250 total=0.40721 batch=0.27084
2026-05-15 08:37:20,414 INFO CSMF2.step_1_1_1.run :: [lat] epoch=6 step=250 mean_l2=0.02403 std_l2=0.02494
2026-05-15 08:37:20,575 INFO CSMF2.step_1_1_1.run :: epoch=6 step=250/429 train_nll=-3612.108
2026-05-15 08:37:34,895 INFO CSMF2.step_1_1_1.run :: [h] epoch=6 step=300 total=0.40927 batch=0.26223
2026-05-15 08:37:34,896 INFO CSMF2.step_1_1_1.run :: [lat] epoch=6 step=300 mean_l2=0.01789 std_l2=0.02083
2026-05-15 08:37:35,056 INFO CSMF2.step_1_1_1.run :: epoch=6 step=300/429 train_nll=-3612.683
2026-05-15 08:37:49,296 INFO CSMF2.step_1_1_1.run :: [h] epoch=6 step=350 total=0.40862 batch=0.26858
2026-05-15 08:37:49,297 INFO CSMF2.step_1_1_1.run :: [lat] epoch=6 step=350 mean_l2=0.02797 std_l2=0.02344
2026-05-15 08:37:49,456 INFO CSMF2.step_1_1_1.run :: epoch=6 step=350/429 train_nll=-3614.030
2026-05-15 08:38:03,896 INFO CSMF2.step_1_1_1.run :: [h] epoch=6 step=400 total=0.40944 batch=0.26443
2026-05-15 08:38:03,897 INFO CSMF2.step_1_1_1.run :: [lat] epoch=6 step=400 mean_l2=0.01979 std_l2=0.02316
2026-05-15 08:38:04,101 INFO CSMF2.step_1_1_1.run :: epoch=6 step=400/429 train_nll=-3616.955
2026-05-15 08:38:17,267 INFO CSMF2.step_1_1_1.run :: epoch=6  train_nll=-3617.580  val_nll=-3635.975  t=129.2s
2026-05-15 08:38:17,267 INFO CSMF2.step_1_1_1.run :: [h_std] total=0.40877 batch=0.26828 (no penalty)
2026-05-15 08:38:17,267 INFO CSMF2.step_1_1_1.run :: [lat_epoch] mean_l2=0.02307 std_l2=0.02368 lambda=0.100
2026-05-15 08:38:17,267 INFO CSMF2.step_1_1_1.run :: [grad] cond=278.9907 film_gain=0.0000
2026-05-15 08:38:34,942 INFO CSMF2.step_1_1_1.run :: [h] epoch=7 step=50 total=0.41322 batch=0.26103
2026-05-15 08:38:34,943 INFO CSMF2.step_1_1_1.run :: [lat] epoch=7 step=50 mean_l2=0.02150 std_l2=0.02047
2026-05-15 08:38:35,153 INFO CSMF2.step_1_1_1.run :: epoch=7 step=50/429 train_nll=-3642.553
2026-05-15 08:38:49,872 INFO CSMF2.step_1_1_1.run :: [h] epoch=7 step=100 total=0.39601 batch=0.25361
2026-05-15 08:38:49,872 INFO CSMF2.step_1_1_1.run :: [lat] epoch=7 step=100 mean_l2=0.03389 std_l2=0.02514
2026-05-15 08:38:50,036 INFO CSMF2.step_1_1_1.run :: epoch=7 step=100/429 train_nll=-3628.552
2026-05-15 08:39:04,745 INFO CSMF2.step_1_1_1.run :: [h] epoch=7 step=150 total=0.39770 batch=0.25731
2026-05-15 08:39:04,746 INFO CSMF2.step_1_1_1.run :: [lat] epoch=7 step=150 mean_l2=0.02934 std_l2=0.02693
2026-05-15 08:39:04,909 INFO CSMF2.step_1_1_1.run :: epoch=7 step=150/429 train_nll=-3622.998
2026-05-15 08:39:19,313 INFO CSMF2.step_1_1_1.run :: [h] epoch=7 step=200 total=0.38931 batch=0.25417
2026-05-15 08:39:19,314 INFO CSMF2.step_1_1_1.run :: [lat] epoch=7 step=200 mean_l2=0.01562 std_l2=0.02558
2026-05-15 08:39:19,478 INFO CSMF2.step_1_1_1.run :: epoch=7 step=200/429 train_nll=-3621.950
2026-05-15 08:39:33,942 INFO CSMF2.step_1_1_1.run :: [h] epoch=7 step=250 total=0.40159 batch=0.26573
2026-05-15 08:39:33,943 INFO CSMF2.step_1_1_1.run :: [lat] epoch=7 step=250 mean_l2=0.01940 std_l2=0.02472
2026-05-15 08:39:34,109 INFO CSMF2.step_1_1_1.run :: epoch=7 step=250/429 train_nll=-3622.939
2026-05-15 08:39:48,830 INFO CSMF2.step_1_1_1.run :: [h] epoch=7 step=300 total=0.39489 batch=0.25718
2026-05-15 08:39:48,830 INFO CSMF2.step_1_1_1.run :: [lat] epoch=7 step=300 mean_l2=0.02072 std_l2=0.02057
2026-05-15 08:39:48,990 INFO CSMF2.step_1_1_1.run :: epoch=7 step=300/429 train_nll=-3622.333
2026-05-15 08:40:03,678 INFO CSMF2.step_1_1_1.run :: [h] epoch=7 step=350 total=0.40763 batch=0.27314
2026-05-15 08:40:03,678 INFO CSMF2.step_1_1_1.run :: [lat] epoch=7 step=350 mean_l2=0.02055 std_l2=0.02321
2026-05-15 08:40:03,841 INFO CSMF2.step_1_1_1.run :: epoch=7 step=350/429 train_nll=-3625.049
2026-05-15 08:40:18,711 INFO CSMF2.step_1_1_1.run :: [h] epoch=7 step=400 total=0.41232 batch=0.26917
2026-05-15 08:40:18,712 INFO CSMF2.step_1_1_1.run :: [lat] epoch=7 step=400 mean_l2=0.03857 std_l2=0.02268
2026-05-15 08:40:18,876 INFO CSMF2.step_1_1_1.run :: epoch=7 step=400/429 train_nll=-3624.426
2026-05-15 08:40:31,905 INFO CSMF2.step_1_1_1.run :: epoch=7  train_nll=-3624.637  val_nll=-3633.133  t=131.5s
2026-05-15 08:40:31,905 INFO CSMF2.step_1_1_1.run :: [h_std] total=0.39966 batch=0.26210 (no penalty)
2026-05-15 08:40:31,905 INFO CSMF2.step_1_1_1.run :: [lat_epoch] mean_l2=0.02441 std_l2=0.02386 lambda=0.100
2026-05-15 08:40:31,905 INFO CSMF2.step_1_1_1.run :: [grad] cond=104.2983 film_gain=0.0000
2026-05-15 08:40:49,487 INFO CSMF2.step_1_1_1.run :: [h] epoch=8 step=50 total=0.39074 batch=0.25122
2026-05-15 08:40:49,488 INFO CSMF2.step_1_1_1.run :: [lat] epoch=8 step=50 mean_l2=0.01495 std_l2=0.01983
2026-05-15 08:40:49,699 INFO CSMF2.step_1_1_1.run :: epoch=8 step=50/429 train_nll=-3644.775
2026-05-15 08:41:04,372 INFO CSMF2.step_1_1_1.run :: [h] epoch=8 step=100 total=0.40255 batch=0.25731
2026-05-15 08:41:04,373 INFO CSMF2.step_1_1_1.run :: [lat] epoch=8 step=100 mean_l2=0.01467 std_l2=0.01959
2026-05-15 08:41:04,536 INFO CSMF2.step_1_1_1.run :: epoch=8 step=100/429 train_nll=-3648.370
2026-05-15 08:41:18,865 INFO CSMF2.step_1_1_1.run :: [h] epoch=8 step=150 total=0.40011 batch=0.26577
2026-05-15 08:41:18,866 INFO CSMF2.step_1_1_1.run :: [lat] epoch=8 step=150 mean_l2=0.02041 std_l2=0.02179
2026-05-15 08:41:19,063 INFO CSMF2.step_1_1_1.run :: epoch=8 step=150/429 train_nll=-3644.756
2026-05-15 08:41:33,461 INFO CSMF2.step_1_1_1.run :: [h] epoch=8 step=200 total=0.40153 batch=0.25905
2026-05-15 08:41:33,462 INFO CSMF2.step_1_1_1.run :: [lat] epoch=8 step=200 mean_l2=0.01712 std_l2=0.02082
2026-05-15 08:41:33,674 INFO CSMF2.step_1_1_1.run :: epoch=8 step=200/429 train_nll=-3646.059
2026-05-15 08:41:48,364 INFO CSMF2.step_1_1_1.run :: [h] epoch=8 step=250 total=0.40706 batch=0.26436
2026-05-15 08:41:48,365 INFO CSMF2.step_1_1_1.run :: [lat] epoch=8 step=250 mean_l2=0.01873 std_l2=0.02070
2026-05-15 08:41:48,574 INFO CSMF2.step_1_1_1.run :: epoch=8 step=250/429 train_nll=-3647.520
2026-05-15 08:42:03,173 INFO CSMF2.step_1_1_1.run :: [h] epoch=8 step=300 total=0.38995 batch=0.24679
2026-05-15 08:42:03,174 INFO CSMF2.step_1_1_1.run :: [lat] epoch=8 step=300 mean_l2=0.01797 std_l2=0.02457
2026-05-15 08:42:03,340 INFO CSMF2.step_1_1_1.run :: epoch=8 step=300/429 train_nll=-3645.912
2026-05-15 08:42:18,192 INFO CSMF2.step_1_1_1.run :: [h] epoch=8 step=350 total=0.40684 batch=0.26942
2026-05-15 08:42:18,192 INFO CSMF2.step_1_1_1.run :: [lat] epoch=8 step=350 mean_l2=0.01439 std_l2=0.01982
2026-05-15 08:42:18,352 INFO CSMF2.step_1_1_1.run :: epoch=8 step=350/429 train_nll=-3647.108
2026-05-15 08:42:33,343 INFO CSMF2.step_1_1_1.run :: [h] epoch=8 step=400 total=0.40909 batch=0.26193
2026-05-15 08:42:33,344 INFO CSMF2.step_1_1_1.run :: [lat] epoch=8 step=400 mean_l2=0.01513 std_l2=0.01789
2026-05-15 08:42:33,512 INFO CSMF2.step_1_1_1.run :: epoch=8 step=400/429 train_nll=-3648.494
2026-05-15 08:42:46,738 INFO CSMF2.step_1_1_1.run :: epoch=8  train_nll=-3648.600  val_nll=-3652.831  t=131.8s
2026-05-15 08:42:46,738 INFO CSMF2.step_1_1_1.run :: [h_std] total=0.40121 batch=0.26086 (no penalty)
2026-05-15 08:42:46,738 INFO CSMF2.step_1_1_1.run :: [lat_epoch] mean_l2=0.01793 std_l2=0.02159 lambda=0.100
2026-05-15 08:42:46,738 INFO CSMF2.step_1_1_1.run :: [grad] cond=222.4228 film_gain=0.0000
2026-05-15 08:43:04,541 INFO CSMF2.step_1_1_1.run :: [h] epoch=9 step=50 total=0.38356 batch=0.24305
2026-05-15 08:43:04,542 INFO CSMF2.step_1_1_1.run :: [lat] epoch=9 step=50 mean_l2=0.03841 std_l2=0.02735
2026-05-15 08:43:04,756 INFO CSMF2.step_1_1_1.run :: epoch=9 step=50/429 train_nll=-3641.869
2026-05-15 08:43:19,770 INFO CSMF2.step_1_1_1.run :: [h] epoch=9 step=100 total=0.39645 batch=0.25627
2026-05-15 08:43:19,771 INFO CSMF2.step_1_1_1.run :: [lat] epoch=9 step=100 mean_l2=0.02014 std_l2=0.02035
2026-05-15 08:43:19,938 INFO CSMF2.step_1_1_1.run :: epoch=9 step=100/429 train_nll=-3639.741
2026-05-15 08:43:34,775 INFO CSMF2.step_1_1_1.run :: [h] epoch=9 step=150 total=0.40251 batch=0.26569
2026-05-15 08:43:34,776 INFO CSMF2.step_1_1_1.run :: [lat] epoch=9 step=150 mean_l2=0.01525 std_l2=0.02357
2026-05-15 08:43:34,941 INFO CSMF2.step_1_1_1.run :: epoch=9 step=150/429 train_nll=-3645.059
2026-05-15 08:43:49,867 INFO CSMF2.step_1_1_1.run :: [h] epoch=9 step=200 total=0.39112 batch=0.25228
2026-05-15 08:43:49,868 INFO CSMF2.step_1_1_1.run :: [lat] epoch=9 step=200 mean_l2=0.01639 std_l2=0.01992
2026-05-15 08:43:50,034 INFO CSMF2.step_1_1_1.run :: epoch=9 step=200/429 train_nll=-3647.218
2026-05-15 08:44:04,525 INFO CSMF2.step_1_1_1.run :: [h] epoch=9 step=250 total=0.40574 batch=0.26479
2026-05-15 08:44:04,525 INFO CSMF2.step_1_1_1.run :: [lat] epoch=9 step=250 mean_l2=0.02895 std_l2=0.02186
2026-05-15 08:44:04,691 INFO CSMF2.step_1_1_1.run :: epoch=9 step=250/429 train_nll=-3648.325
2026-05-15 08:44:19,159 INFO CSMF2.step_1_1_1.run :: [h] epoch=9 step=300 total=0.38467 batch=0.24414
2026-05-15 08:44:19,160 INFO CSMF2.step_1_1_1.run :: [lat] epoch=9 step=300 mean_l2=0.02669 std_l2=0.02590
2026-05-15 08:44:19,374 INFO CSMF2.step_1_1_1.run :: epoch=9 step=300/429 train_nll=-3645.408
2026-05-15 08:44:33,943 INFO CSMF2.step_1_1_1.run :: [h] epoch=9 step=350 total=0.38945 batch=0.25518
2026-05-15 08:44:33,943 INFO CSMF2.step_1_1_1.run :: [lat] epoch=9 step=350 mean_l2=0.02389 std_l2=0.02517
2026-05-15 08:44:34,111 INFO CSMF2.step_1_1_1.run :: epoch=9 step=350/429 train_nll=-3646.463
2026-05-15 08:44:48,753 INFO CSMF2.step_1_1_1.run :: [h] epoch=9 step=400 total=0.40155 batch=0.25719
2026-05-15 08:44:48,754 INFO CSMF2.step_1_1_1.run :: [lat] epoch=9 step=400 mean_l2=0.01334 std_l2=0.02152
2026-05-15 08:44:48,921 INFO CSMF2.step_1_1_1.run :: epoch=9 step=400/429 train_nll=-3648.523
2026-05-15 08:45:02,233 INFO CSMF2.step_1_1_1.run :: epoch=9  train_nll=-3648.925  val_nll=-3661.249  t=132.4s
2026-05-15 08:45:02,233 INFO CSMF2.step_1_1_1.run :: [h_std] total=0.39577 batch=0.25544 (no penalty)
2026-05-15 08:45:02,233 INFO CSMF2.step_1_1_1.run :: [lat_epoch] mean_l2=0.02088 std_l2=0.02248 lambda=0.100
2026-05-15 08:45:02,233 INFO CSMF2.step_1_1_1.run :: [grad] cond=293.7017 film_gain=0.0000
2026-05-15 08:45:20,198 INFO CSMF2.step_1_1_1.run :: [h] epoch=10 step=50 total=0.39322 batch=0.24550
2026-05-15 08:45:20,199 INFO CSMF2.step_1_1_1.run :: [lat] epoch=10 step=50 mean_l2=0.01639 std_l2=0.01918
2026-05-15 08:45:20,413 INFO CSMF2.step_1_1_1.run :: epoch=10 step=50/429 train_nll=-3664.321
2026-05-15 08:45:35,148 INFO CSMF2.step_1_1_1.run :: [h] epoch=10 step=100 total=0.39972 batch=0.25093
2026-05-15 08:45:35,149 INFO CSMF2.step_1_1_1.run :: [lat] epoch=10 step=100 mean_l2=0.04639 std_l2=0.02413
2026-05-15 08:45:35,320 INFO CSMF2.step_1_1_1.run :: epoch=10 step=100/429 train_nll=-3659.782
2026-05-15 08:45:50,657 INFO CSMF2.step_1_1_1.run :: [h] epoch=10 step=150 total=0.38881 batch=0.25486
2026-05-15 08:45:50,658 INFO CSMF2.step_1_1_1.run :: [lat] epoch=10 step=150 mean_l2=0.02012 std_l2=0.02032
2026-05-15 08:45:50,829 INFO CSMF2.step_1_1_1.run :: epoch=10 step=150/429 train_nll=-3650.495
2026-05-15 08:46:05,696 INFO CSMF2.step_1_1_1.run :: [h] epoch=10 step=200 total=0.38056 batch=0.24539
2026-05-15 08:46:05,697 INFO CSMF2.step_1_1_1.run :: [lat] epoch=10 step=200 mean_l2=0.01694 std_l2=0.02378
2026-05-15 08:46:05,866 INFO CSMF2.step_1_1_1.run :: epoch=10 step=200/429 train_nll=-3652.468
2026-05-15 08:46:20,219 INFO CSMF2.step_1_1_1.run :: [h] epoch=10 step=250 total=0.38420 batch=0.24775
2026-05-15 08:46:20,219 INFO CSMF2.step_1_1_1.run :: [lat] epoch=10 step=250 mean_l2=0.02962 std_l2=0.02472
2026-05-15 08:46:20,387 INFO CSMF2.step_1_1_1.run :: epoch=10 step=250/429 train_nll=-3652.317
2026-05-15 08:46:35,038 INFO CSMF2.step_1_1_1.run :: [h] epoch=10 step=300 total=0.38136 batch=0.24222
2026-05-15 08:46:35,039 INFO CSMF2.step_1_1_1.run :: [lat] epoch=10 step=300 mean_l2=0.01850 std_l2=0.02165
2026-05-15 08:46:35,206 INFO CSMF2.step_1_1_1.run :: epoch=10 step=300/429 train_nll=-3650.001
2026-05-15 08:46:50,164 INFO CSMF2.step_1_1_1.run :: [h] epoch=10 step=350 total=0.38263 batch=0.25309
2026-05-15 08:46:50,165 INFO CSMF2.step_1_1_1.run :: [lat] epoch=10 step=350 mean_l2=0.01669 std_l2=0.02040
2026-05-15 08:46:50,337 INFO CSMF2.step_1_1_1.run :: epoch=10 step=350/429 train_nll=-3649.412
2026-05-15 08:47:05,302 INFO CSMF2.step_1_1_1.run :: [h] epoch=10 step=400 total=0.38928 batch=0.25117
2026-05-15 08:47:05,303 INFO CSMF2.step_1_1_1.run :: [lat] epoch=10 step=400 mean_l2=0.01722 std_l2=0.02021
2026-05-15 08:47:05,519 INFO CSMF2.step_1_1_1.run :: epoch=10 step=400/429 train_nll=-3652.145
2026-05-15 08:47:18,711 INFO CSMF2.step_1_1_1.run :: epoch=10  train_nll=-3653.184  val_nll=-3666.247  t=133.3s
2026-05-15 08:47:18,711 INFO CSMF2.step_1_1_1.run :: [h_std] total=0.38621 batch=0.24864 (no penalty)
2026-05-15 08:47:18,711 INFO CSMF2.step_1_1_1.run :: [lat_epoch] mean_l2=0.02112 std_l2=0.02249 lambda=0.100
2026-05-15 08:47:18,711 INFO CSMF2.step_1_1_1.run :: [grad] cond=335.7091 film_gain=0.0000
2026-05-15 08:47:36,491 INFO CSMF2.step_1_1_1.run :: [h] epoch=11 step=50 total=0.38128 batch=0.24050
2026-05-15 08:47:36,492 INFO CSMF2.step_1_1_1.run :: [lat] epoch=11 step=50 mean_l2=0.01407 std_l2=0.02042
2026-05-15 08:47:36,661 INFO CSMF2.step_1_1_1.run :: epoch=11 step=50/429 train_nll=-3669.029
2026-05-15 08:47:51,674 INFO CSMF2.step_1_1_1.run :: [h] epoch=11 step=100 total=0.37619 batch=0.23889
2026-05-15 08:47:51,674 INFO CSMF2.step_1_1_1.run :: [lat] epoch=11 step=100 mean_l2=0.01599 std_l2=0.02606
2026-05-15 08:47:51,845 INFO CSMF2.step_1_1_1.run :: epoch=11 step=100/429 train_nll=-3661.484
2026-05-15 08:48:06,667 INFO CSMF2.step_1_1_1.run :: [h] epoch=11 step=150 total=0.38916 batch=0.25420
2026-05-15 08:48:06,667 INFO CSMF2.step_1_1_1.run :: [lat] epoch=11 step=150 mean_l2=0.01676 std_l2=0.02045
2026-05-15 08:48:06,835 INFO CSMF2.step_1_1_1.run :: epoch=11 step=150/429 train_nll=-3663.622
2026-05-15 08:48:21,664 INFO CSMF2.step_1_1_1.run :: [h] epoch=11 step=200 total=0.38992 batch=0.24851
2026-05-15 08:48:21,665 INFO CSMF2.step_1_1_1.run :: [lat] epoch=11 step=200 mean_l2=0.05832 std_l2=0.03316
2026-05-15 08:48:21,837 INFO CSMF2.step_1_1_1.run :: epoch=11 step=200/429 train_nll=-3663.561
2026-05-15 08:48:36,816 INFO CSMF2.step_1_1_1.run :: [h] epoch=11 step=250 total=0.38516 batch=0.24833
2026-05-15 08:48:36,817 INFO CSMF2.step_1_1_1.run :: [lat] epoch=11 step=250 mean_l2=0.01426 std_l2=0.02045
2026-05-15 08:48:37,033 INFO CSMF2.step_1_1_1.run :: epoch=11 step=250/429 train_nll=-3662.534
2026-05-15 08:48:51,735 INFO CSMF2.step_1_1_1.run :: [h] epoch=11 step=300 total=0.38162 batch=0.23760
2026-05-15 08:48:51,736 INFO CSMF2.step_1_1_1.run :: [lat] epoch=11 step=300 mean_l2=0.03225 std_l2=0.02309
2026-05-15 08:48:51,907 INFO CSMF2.step_1_1_1.run :: epoch=11 step=300/429 train_nll=-3661.058
2026-05-15 08:49:07,068 INFO CSMF2.step_1_1_1.run :: [h] epoch=11 step=350 total=0.37631 batch=0.24520
2026-05-15 08:49:07,068 INFO CSMF2.step_1_1_1.run :: [lat] epoch=11 step=350 mean_l2=0.02686 std_l2=0.02352
2026-05-15 08:49:07,287 INFO CSMF2.step_1_1_1.run :: epoch=11 step=350/429 train_nll=-3661.203
2026-05-15 08:49:22,155 INFO CSMF2.step_1_1_1.run :: [h] epoch=11 step=400 total=0.38059 batch=0.24379
2026-05-15 08:49:22,155 INFO CSMF2.step_1_1_1.run :: [lat] epoch=11 step=400 mean_l2=0.01429 std_l2=0.02147
2026-05-15 08:49:22,328 INFO CSMF2.step_1_1_1.run :: epoch=11 step=400/429 train_nll=-3660.215
2026-05-15 08:49:35,554 INFO CSMF2.step_1_1_1.run :: epoch=11  train_nll=-3661.190  val_nll=-3676.023  t=133.7s
2026-05-15 08:49:35,554 INFO CSMF2.step_1_1_1.run :: [h_std] total=0.38134 batch=0.24446 (no penalty)
2026-05-15 08:49:35,554 INFO CSMF2.step_1_1_1.run :: [lat_epoch] mean_l2=0.02041 std_l2=0.02239 lambda=0.100
2026-05-15 08:49:35,554 INFO CSMF2.step_1_1_1.run :: [grad] cond=202.3812 film_gain=0.0000
2026-05-15 08:49:53,772 INFO CSMF2.step_1_1_1.run :: [h] epoch=12 step=50 total=0.37727 batch=0.23576
2026-05-15 08:49:53,773 INFO CSMF2.step_1_1_1.run :: [lat] epoch=12 step=50 mean_l2=0.01599 std_l2=0.02233
2026-05-15 08:49:53,992 INFO CSMF2.step_1_1_1.run :: epoch=12 step=50/429 train_nll=-3676.208
2026-05-15 08:50:08,965 INFO CSMF2.step_1_1_1.run :: [h] epoch=12 step=100 total=0.37651 batch=0.23333
2026-05-15 08:50:08,965 INFO CSMF2.step_1_1_1.run :: [lat] epoch=12 step=100 mean_l2=0.02711 std_l2=0.02093
2026-05-15 08:50:09,143 INFO CSMF2.step_1_1_1.run :: epoch=12 step=100/429 train_nll=-3671.164
2026-05-15 08:50:23,848 INFO CSMF2.step_1_1_1.run :: [h] epoch=12 step=150 total=0.37925 batch=0.24499
2026-05-15 08:50:23,848 INFO CSMF2.step_1_1_1.run :: [lat] epoch=12 step=150 mean_l2=0.01682 std_l2=0.02143
2026-05-15 08:50:24,018 INFO CSMF2.step_1_1_1.run :: epoch=12 step=150/429 train_nll=-3667.962
2026-05-15 08:50:39,220 INFO CSMF2.step_1_1_1.run :: [h] epoch=12 step=200 total=0.36524 batch=0.23154
2026-05-15 08:50:39,221 INFO CSMF2.step_1_1_1.run :: [lat] epoch=12 step=200 mean_l2=0.02171 std_l2=0.02669
2026-05-15 08:50:39,393 INFO CSMF2.step_1_1_1.run :: epoch=12 step=200/429 train_nll=-3665.474
2026-05-15 08:50:54,537 INFO CSMF2.step_1_1_1.run :: [h] epoch=12 step=250 total=0.36511 batch=0.23815
2026-05-15 08:50:54,538 INFO CSMF2.step_1_1_1.run :: [lat] epoch=12 step=250 mean_l2=0.01624 std_l2=0.02154
2026-05-15 08:50:54,757 INFO CSMF2.step_1_1_1.run :: epoch=12 step=250/429 train_nll=-3659.254
2026-05-15 08:51:09,687 INFO CSMF2.step_1_1_1.run :: [h] epoch=12 step=300 total=0.36988 batch=0.23343
2026-05-15 08:51:09,688 INFO CSMF2.step_1_1_1.run :: [lat] epoch=12 step=300 mean_l2=0.01331 std_l2=0.01945
2026-05-15 08:51:09,859 INFO CSMF2.step_1_1_1.run :: epoch=12 step=300/429 train_nll=-3661.293
2026-05-15 08:51:24,499 INFO CSMF2.step_1_1_1.run :: [h] epoch=12 step=350 total=0.36112 batch=0.23403
2026-05-15 08:51:24,499 INFO CSMF2.step_1_1_1.run :: [lat] epoch=12 step=350 mean_l2=0.02555 std_l2=0.02467
2026-05-15 08:51:24,673 INFO CSMF2.step_1_1_1.run :: epoch=12 step=350/429 train_nll=-3661.439
2026-05-15 08:51:40,007 INFO CSMF2.step_1_1_1.run :: [h] epoch=12 step=400 total=0.37542 batch=0.23930
2026-05-15 08:51:40,007 INFO CSMF2.step_1_1_1.run :: [lat] epoch=12 step=400 mean_l2=0.01486 std_l2=0.02468
2026-05-15 08:51:40,179 INFO CSMF2.step_1_1_1.run :: epoch=12 step=400/429 train_nll=-3662.297
2026-05-15 08:51:53,739 INFO CSMF2.step_1_1_1.run :: epoch=12  train_nll=-3661.976  val_nll=-3671.248  t=135.1s
2026-05-15 08:51:53,739 INFO CSMF2.step_1_1_1.run :: [h_std] total=0.37155 batch=0.23728 (no penalty)
2026-05-15 08:51:53,739 INFO CSMF2.step_1_1_1.run :: [lat_epoch] mean_l2=0.02150 std_l2=0.02266 lambda=0.100
2026-05-15 08:51:53,739 INFO CSMF2.step_1_1_1.run :: [grad] cond=364.8477 film_gain=0.0000
2026-05-15 08:52:11,487 INFO CSMF2.step_1_1_1.run :: [h] epoch=13 step=50 total=0.36435 batch=0.23129
2026-05-15 08:52:11,488 INFO CSMF2.step_1_1_1.run :: [lat] epoch=13 step=50 mean_l2=0.01564 std_l2=0.01800
2026-05-15 08:52:11,711 INFO CSMF2.step_1_1_1.run :: epoch=13 step=50/429 train_nll=-3679.215
2026-05-15 08:52:26,470 INFO CSMF2.step_1_1_1.run :: [h] epoch=13 step=100 total=0.36915 batch=0.23294
2026-05-15 08:52:26,470 INFO CSMF2.step_1_1_1.run :: [lat] epoch=13 step=100 mean_l2=0.02817 std_l2=0.02176
2026-05-15 08:52:26,641 INFO CSMF2.step_1_1_1.run :: epoch=13 step=100/429 train_nll=-3678.110
2026-05-15 08:52:41,806 INFO CSMF2.step_1_1_1.run :: [h] epoch=13 step=150 total=0.37016 batch=0.24034
2026-05-15 08:52:41,807 INFO CSMF2.step_1_1_1.run :: [lat] epoch=13 step=150 mean_l2=0.01337 std_l2=0.02083
2026-05-15 08:52:41,979 INFO CSMF2.step_1_1_1.run :: epoch=13 step=150/429 train_nll=-3675.309
2026-05-15 08:52:57,131 INFO CSMF2.step_1_1_1.run :: [h] epoch=13 step=200 total=0.36790 batch=0.23400
2026-05-15 08:52:57,131 INFO CSMF2.step_1_1_1.run :: [lat] epoch=13 step=200 mean_l2=0.02424 std_l2=0.02414
2026-05-15 08:52:57,301 INFO CSMF2.step_1_1_1.run :: epoch=13 step=200/429 train_nll=-3675.175
2026-05-15 08:53:11,919 INFO CSMF2.step_1_1_1.run :: [h] epoch=13 step=250 total=0.37416 batch=0.24212
2026-05-15 08:53:11,919 INFO CSMF2.step_1_1_1.run :: [lat] epoch=13 step=250 mean_l2=0.01674 std_l2=0.01787
2026-05-15 08:53:12,090 INFO CSMF2.step_1_1_1.run :: epoch=13 step=250/429 train_nll=-3675.734
2026-05-15 08:53:26,607 INFO CSMF2.step_1_1_1.run :: [h] epoch=13 step=300 total=0.36819 batch=0.23023
2026-05-15 08:53:26,607 INFO CSMF2.step_1_1_1.run :: [lat] epoch=13 step=300 mean_l2=0.01541 std_l2=0.02123
2026-05-15 08:53:26,780 INFO CSMF2.step_1_1_1.run :: epoch=13 step=300/429 train_nll=-3676.920
2026-05-15 08:53:41,712 INFO CSMF2.step_1_1_1.run :: [h] epoch=13 step=350 total=0.37539 batch=0.24114
2026-05-15 08:53:41,713 INFO CSMF2.step_1_1_1.run :: [lat] epoch=13 step=350 mean_l2=0.02534 std_l2=0.01943
2026-05-15 08:53:41,887 INFO CSMF2.step_1_1_1.run :: epoch=13 step=350/429 train_nll=-3678.123
2026-05-15 08:53:56,920 INFO CSMF2.step_1_1_1.run :: [h] epoch=13 step=400 total=0.37381 batch=0.23752
2026-05-15 08:53:56,920 INFO CSMF2.step_1_1_1.run :: [lat] epoch=13 step=400 mean_l2=0.01636 std_l2=0.02068
2026-05-15 08:53:57,141 INFO CSMF2.step_1_1_1.run :: epoch=13 step=400/429 train_nll=-3678.372
2026-05-15 08:54:10,558 INFO CSMF2.step_1_1_1.run :: epoch=13  train_nll=-3678.254  val_nll=-3672.900  t=133.9s
2026-05-15 08:54:10,558 INFO CSMF2.step_1_1_1.run :: [h_std] total=0.36936 batch=0.23612 (no penalty)
2026-05-15 08:54:10,558 INFO CSMF2.step_1_1_1.run :: [lat_epoch] mean_l2=0.01771 std_l2=0.02108 lambda=0.100
2026-05-15 08:54:10,558 INFO CSMF2.step_1_1_1.run :: [grad] cond=471.6769 film_gain=0.0000
2026-05-15 08:54:28,543 INFO CSMF2.step_1_1_1.run :: [h] epoch=14 step=50 total=0.36570 batch=0.22906
2026-05-15 08:54:28,544 INFO CSMF2.step_1_1_1.run :: [lat] epoch=14 step=50 mean_l2=0.01613 std_l2=0.02047
2026-05-15 08:54:28,713 INFO CSMF2.step_1_1_1.run :: epoch=14 step=50/429 train_nll=-3684.876
2026-05-15 08:54:43,561 INFO CSMF2.step_1_1_1.run :: [h] epoch=14 step=100 total=0.37702 batch=0.23406
2026-05-15 08:54:43,562 INFO CSMF2.step_1_1_1.run :: [lat] epoch=14 step=100 mean_l2=0.01927 std_l2=0.01848
2026-05-15 08:54:43,780 INFO CSMF2.step_1_1_1.run :: epoch=14 step=100/429 train_nll=-3684.999
2026-05-15 08:54:58,607 INFO CSMF2.step_1_1_1.run :: [h] epoch=14 step=150 total=0.37324 batch=0.23848
2026-05-15 08:54:58,608 INFO CSMF2.step_1_1_1.run :: [lat] epoch=14 step=150 mean_l2=0.01693 std_l2=0.02222
2026-05-15 08:54:58,777 INFO CSMF2.step_1_1_1.run :: epoch=14 step=150/429 train_nll=-3683.773
2026-05-15 08:55:13,674 INFO CSMF2.step_1_1_1.run :: [h] epoch=14 step=200 total=0.35518 batch=0.22553
2026-05-15 08:55:13,675 INFO CSMF2.step_1_1_1.run :: [lat] epoch=14 step=200 mean_l2=0.02352 std_l2=0.02361
2026-05-15 08:55:13,844 INFO CSMF2.step_1_1_1.run :: epoch=14 step=200/429 train_nll=-3679.179
2026-05-15 08:55:28,943 INFO CSMF2.step_1_1_1.run :: [h] epoch=14 step=250 total=0.36193 batch=0.23474
2026-05-15 08:55:28,943 INFO CSMF2.step_1_1_1.run :: [lat] epoch=14 step=250 mean_l2=0.01922 std_l2=0.01972
2026-05-15 08:55:29,114 INFO CSMF2.step_1_1_1.run :: epoch=14 step=250/429 train_nll=-3676.049
2026-05-15 08:55:44,196 INFO CSMF2.step_1_1_1.run :: [h] epoch=14 step=300 total=0.36233 batch=0.22758
2026-05-15 08:55:44,196 INFO CSMF2.step_1_1_1.run :: [lat] epoch=14 step=300 mean_l2=0.01492 std_l2=0.01989
2026-05-15 08:55:44,366 INFO CSMF2.step_1_1_1.run :: epoch=14 step=300/429 train_nll=-3676.993
2026-05-15 08:55:59,348 INFO CSMF2.step_1_1_1.run :: [h] epoch=14 step=350 total=0.35848 batch=0.23404
2026-05-15 08:55:59,349 INFO CSMF2.step_1_1_1.run :: [lat] epoch=14 step=350 mean_l2=0.02100 std_l2=0.02904
2026-05-15 08:55:59,521 INFO CSMF2.step_1_1_1.run :: epoch=14 step=350/429 train_nll=-3676.135
2026-05-15 08:56:14,323 INFO CSMF2.step_1_1_1.run :: [h] epoch=14 step=400 total=0.36299 batch=0.23248
2026-05-15 08:56:14,324 INFO CSMF2.step_1_1_1.run :: [lat] epoch=14 step=400 mean_l2=0.01963 std_l2=0.02262
2026-05-15 08:56:14,491 INFO CSMF2.step_1_1_1.run :: epoch=14 step=400/429 train_nll=-3677.103
2026-05-15 08:56:27,808 INFO CSMF2.step_1_1_1.run :: epoch=14  train_nll=-3676.075  val_nll=-3661.712  t=134.1s
2026-05-15 08:56:27,808 INFO CSMF2.step_1_1_1.run :: [h_std] total=0.36458 batch=0.23184 (no penalty)
2026-05-15 08:56:27,808 INFO CSMF2.step_1_1_1.run :: [lat_epoch] mean_l2=0.01998 std_l2=0.02197 lambda=0.100
2026-05-15 08:56:27,808 INFO CSMF2.step_1_1_1.run :: [grad] cond=376.5367 film_gain=0.0000
2026-05-15 08:56:46,158 INFO CSMF2.step_1_1_1.run :: [h] epoch=15 step=50 total=0.34275 batch=0.21598
2026-05-15 08:56:46,158 INFO CSMF2.step_1_1_1.run :: [lat] epoch=15 step=50 mean_l2=0.02399 std_l2=0.02363
2026-05-15 08:56:46,332 INFO CSMF2.step_1_1_1.run :: epoch=15 step=50/429 train_nll=-3658.562
2026-05-15 08:57:01,481 INFO CSMF2.step_1_1_1.run :: [h] epoch=15 step=100 total=0.35232 batch=0.22510
2026-05-15 08:57:01,482 INFO CSMF2.step_1_1_1.run :: [lat] epoch=15 step=100 mean_l2=0.01692 std_l2=0.02308
2026-05-15 08:57:01,656 INFO CSMF2.step_1_1_1.run :: epoch=15 step=100/429 train_nll=-3664.799
2026-05-15 08:57:16,679 INFO CSMF2.step_1_1_1.run :: [h] epoch=15 step=150 total=0.35855 batch=0.23327
2026-05-15 08:57:16,680 INFO CSMF2.step_1_1_1.run :: [lat] epoch=15 step=150 mean_l2=0.01553 std_l2=0.01871
2026-05-15 08:57:16,855 INFO CSMF2.step_1_1_1.run :: epoch=15 step=150/429 train_nll=-3672.537
2026-05-15 08:57:31,510 INFO CSMF2.step_1_1_1.run :: [h] epoch=15 step=200 total=0.35271 batch=0.22517
2026-05-15 08:57:31,510 INFO CSMF2.step_1_1_1.run :: [lat] epoch=15 step=200 mean_l2=0.01870 std_l2=0.01960
2026-05-15 08:57:31,683 INFO CSMF2.step_1_1_1.run :: epoch=15 step=200/429 train_nll=-3676.187
2026-05-15 08:57:47,194 INFO CSMF2.step_1_1_1.run :: [h] epoch=15 step=250 total=0.35986 batch=0.23339
2026-05-15 08:57:47,195 INFO CSMF2.step_1_1_1.run :: [lat] epoch=15 step=250 mean_l2=0.01348 std_l2=0.01881
2026-05-15 08:57:47,369 INFO CSMF2.step_1_1_1.run :: epoch=15 step=250/429 train_nll=-3679.002
2026-05-15 08:58:02,281 INFO CSMF2.step_1_1_1.run :: [h] epoch=15 step=300 total=0.35892 batch=0.22499
2026-05-15 08:58:02,282 INFO CSMF2.step_1_1_1.run :: [lat] epoch=15 step=300 mean_l2=0.01460 std_l2=0.01844
2026-05-15 08:58:02,454 INFO CSMF2.step_1_1_1.run :: epoch=15 step=300/429 train_nll=-3681.452
2026-05-15 08:58:17,552 INFO CSMF2.step_1_1_1.run :: [h] epoch=15 step=350 total=0.35006 batch=0.22813
2026-05-15 08:58:17,552 INFO CSMF2.step_1_1_1.run :: [lat] epoch=15 step=350 mean_l2=0.02279 std_l2=0.02326
2026-05-15 08:58:17,726 INFO CSMF2.step_1_1_1.run :: epoch=15 step=350/429 train_nll=-3681.042
2026-05-15 08:58:32,717 INFO CSMF2.step_1_1_1.run :: [h] epoch=15 step=400 total=0.35079 batch=0.22505
2026-05-15 08:58:32,718 INFO CSMF2.step_1_1_1.run :: [lat] epoch=15 step=400 mean_l2=0.01743 std_l2=0.02144
2026-05-15 08:58:32,939 INFO CSMF2.step_1_1_1.run :: epoch=15 step=400/429 train_nll=-3678.026
2026-05-15 08:58:46,441 INFO CSMF2.step_1_1_1.run :: epoch=15  train_nll=-3677.871  val_nll=-3680.114  t=135.5s
2026-05-15 08:58:46,441 INFO CSMF2.step_1_1_1.run :: [h_std] total=0.35209 batch=0.22647 (no penalty)
2026-05-15 08:58:46,441 INFO CSMF2.step_1_1_1.run :: [lat_epoch] mean_l2=0.02039 std_l2=0.02202 lambda=0.100
2026-05-15 08:58:46,441 INFO CSMF2.step_1_1_1.run :: [grad] cond=272.8288 film_gain=0.0000
2026-05-15 08:59:04,751 INFO CSMF2.step_1_1_1.run :: [h] epoch=16 step=50 total=0.34378 batch=0.21831
2026-05-15 08:59:04,751 INFO CSMF2.step_1_1_1.run :: [lat] epoch=16 step=50 mean_l2=0.01301 std_l2=0.01854
2026-05-15 08:59:04,925 INFO CSMF2.step_1_1_1.run :: epoch=16 step=50/429 train_nll=-3691.437
2026-05-15 08:59:19,642 INFO CSMF2.step_1_1_1.run :: [h] epoch=16 step=100 total=0.35210 batch=0.22345
2026-05-15 08:59:19,643 INFO CSMF2.step_1_1_1.run :: [lat] epoch=16 step=100 mean_l2=0.01400 std_l2=0.01916
2026-05-15 08:59:19,817 INFO CSMF2.step_1_1_1.run :: epoch=16 step=100/429 train_nll=-3693.166
2026-05-15 08:59:34,735 INFO CSMF2.step_1_1_1.run :: [h] epoch=16 step=150 total=0.35241 batch=0.22966
2026-05-15 08:59:34,736 INFO CSMF2.step_1_1_1.run :: [lat] epoch=16 step=150 mean_l2=0.03102 std_l2=0.02599
2026-05-15 08:59:34,957 INFO CSMF2.step_1_1_1.run :: epoch=16 step=150/429 train_nll=-3685.577
2026-05-15 08:59:49,867 INFO CSMF2.step_1_1_1.run :: [h] epoch=16 step=200 total=0.34239 batch=0.21765
2026-05-15 08:59:49,868 INFO CSMF2.step_1_1_1.run :: [lat] epoch=16 step=200 mean_l2=0.01442 std_l2=0.02219
2026-05-15 08:59:50,042 INFO CSMF2.step_1_1_1.run :: epoch=16 step=200/429 train_nll=-3685.736
2026-05-15 09:00:05,274 INFO CSMF2.step_1_1_1.run :: [h] epoch=16 step=250 total=0.35479 batch=0.22866
2026-05-15 09:00:05,275 INFO CSMF2.step_1_1_1.run :: [lat] epoch=16 step=250 mean_l2=0.01519 std_l2=0.01743
2026-05-15 09:00:05,501 INFO CSMF2.step_1_1_1.run :: epoch=16 step=250/429 train_nll=-3687.903
2026-05-15 09:00:20,671 INFO CSMF2.step_1_1_1.run :: [h] epoch=16 step=300 total=0.35183 batch=0.21936
2026-05-15 09:00:20,672 INFO CSMF2.step_1_1_1.run :: [lat] epoch=16 step=300 mean_l2=0.01585 std_l2=0.02163
2026-05-15 09:00:20,847 INFO CSMF2.step_1_1_1.run :: epoch=16 step=300/429 train_nll=-3689.082
2026-05-15 09:00:36,051 INFO CSMF2.step_1_1_1.run :: [h] epoch=16 step=350 total=0.33710 batch=0.21923
2026-05-15 09:00:36,052 INFO CSMF2.step_1_1_1.run :: [lat] epoch=16 step=350 mean_l2=0.02110 std_l2=0.02398
2026-05-15 09:00:36,274 INFO CSMF2.step_1_1_1.run :: epoch=16 step=350/429 train_nll=-3683.722
2026-05-15 09:00:51,355 INFO CSMF2.step_1_1_1.run :: [h] epoch=16 step=400 total=0.34753 batch=0.21969
2026-05-15 09:00:51,355 INFO CSMF2.step_1_1_1.run :: [lat] epoch=16 step=400 mean_l2=0.01446 std_l2=0.02183
2026-05-15 09:00:51,529 INFO CSMF2.step_1_1_1.run :: epoch=16 step=400/429 train_nll=-3684.207
2026-05-15 09:01:05,030 INFO CSMF2.step_1_1_1.run :: epoch=16  train_nll=-3684.748  val_nll=-3693.541  t=135.6s
2026-05-15 09:01:05,030 INFO CSMF2.step_1_1_1.run :: [h_std] total=0.34783 batch=0.22230 (no penalty)
2026-05-15 09:01:05,030 INFO CSMF2.step_1_1_1.run :: [lat_epoch] mean_l2=0.01906 std_l2=0.02178 lambda=0.100
2026-05-15 09:01:05,030 INFO CSMF2.step_1_1_1.run :: [grad] cond=220.6615 film_gain=0.0000
2026-05-15 09:01:22,942 INFO CSMF2.step_1_1_1.run :: [h] epoch=17 step=50 total=0.34036 batch=0.21327
2026-05-15 09:01:22,943 INFO CSMF2.step_1_1_1.run :: [lat] epoch=17 step=50 mean_l2=0.01513 std_l2=0.01888
2026-05-15 09:01:23,122 INFO CSMF2.step_1_1_1.run :: epoch=17 step=50/429 train_nll=-3690.924
2026-05-15 09:01:38,097 INFO CSMF2.step_1_1_1.run :: [h] epoch=17 step=100 total=0.34500 batch=0.21586
2026-05-15 09:01:38,098 INFO CSMF2.step_1_1_1.run :: [lat] epoch=17 step=100 mean_l2=0.01796 std_l2=0.02219
2026-05-15 09:01:38,275 INFO CSMF2.step_1_1_1.run :: epoch=17 step=100/429 train_nll=-3692.998
2026-05-15 09:01:53,687 INFO CSMF2.step_1_1_1.run :: [h] epoch=17 step=150 total=0.35107 batch=0.22048
2026-05-15 09:01:53,688 INFO CSMF2.step_1_1_1.run :: [lat] epoch=17 step=150 mean_l2=0.01783 std_l2=0.01886
2026-05-15 09:01:53,863 INFO CSMF2.step_1_1_1.run :: epoch=17 step=150/429 train_nll=-3693.030
2026-05-15 09:02:08,958 INFO CSMF2.step_1_1_1.run :: [h] epoch=17 step=200 total=0.34114 batch=0.21459
2026-05-15 09:02:08,959 INFO CSMF2.step_1_1_1.run :: [lat] epoch=17 step=200 mean_l2=0.01533 std_l2=0.02098
2026-05-15 09:02:09,182 INFO CSMF2.step_1_1_1.run :: epoch=17 step=200/429 train_nll=-3691.977
2026-05-15 09:02:24,595 INFO CSMF2.step_1_1_1.run :: [h] epoch=17 step=250 total=0.35091 batch=0.22475
2026-05-15 09:02:24,595 INFO CSMF2.step_1_1_1.run :: [lat] epoch=17 step=250 mean_l2=0.01357 std_l2=0.01754
2026-05-15 09:02:24,774 INFO CSMF2.step_1_1_1.run :: epoch=17 step=250/429 train_nll=-3693.749
2026-05-15 09:02:40,190 INFO CSMF2.step_1_1_1.run :: [h] epoch=17 step=300 total=0.34087 batch=0.21295
2026-05-15 09:02:40,191 INFO CSMF2.step_1_1_1.run :: [lat] epoch=17 step=300 mean_l2=0.02053 std_l2=0.02274
2026-05-15 09:02:40,415 INFO CSMF2.step_1_1_1.run :: epoch=17 step=300/429 train_nll=-3692.730
2026-05-15 09:02:55,541 INFO CSMF2.step_1_1_1.run :: [h] epoch=17 step=350 total=0.34541 batch=0.22340
2026-05-15 09:02:55,541 INFO CSMF2.step_1_1_1.run :: [lat] epoch=17 step=350 mean_l2=0.01601 std_l2=0.01978
2026-05-15 09:02:55,717 INFO CSMF2.step_1_1_1.run :: epoch=17 step=350/429 train_nll=-3692.260
2026-05-15 09:03:11,118 INFO CSMF2.step_1_1_1.run :: [h] epoch=17 step=400 total=0.34874 batch=0.21912
2026-05-15 09:03:11,119 INFO CSMF2.step_1_1_1.run :: [lat] epoch=17 step=400 mean_l2=0.02527 std_l2=0.02473
2026-05-15 09:03:11,342 INFO CSMF2.step_1_1_1.run :: epoch=17 step=400/429 train_nll=-3692.649
2026-05-15 09:03:24,711 INFO CSMF2.step_1_1_1.run :: epoch=17  train_nll=-3692.395  val_nll=-3696.885  t=136.6s
2026-05-15 09:03:24,711 INFO CSMF2.step_1_1_1.run :: [h_std] total=0.34482 batch=0.21870 (no penalty)
2026-05-15 09:03:24,711 INFO CSMF2.step_1_1_1.run :: [lat_epoch] mean_l2=0.01771 std_l2=0.02106 lambda=0.100
2026-05-15 09:03:24,711 INFO CSMF2.step_1_1_1.run :: [grad] cond=137.6175 film_gain=0.0000
2026-05-15 09:03:42,671 INFO CSMF2.step_1_1_1.run :: [h] epoch=18 step=50 total=0.34083 batch=0.21258
2026-05-15 09:03:42,671 INFO CSMF2.step_1_1_1.run :: [lat] epoch=18 step=50 mean_l2=0.01582 std_l2=0.01763
2026-05-15 09:03:42,895 INFO CSMF2.step_1_1_1.run :: epoch=18 step=50/429 train_nll=-3703.542
2026-05-15 09:03:58,524 INFO CSMF2.step_1_1_1.run :: [h] epoch=18 step=100 total=0.33600 batch=0.21004
2026-05-15 09:03:58,524 INFO CSMF2.step_1_1_1.run :: [lat] epoch=18 step=100 mean_l2=0.02861 std_l2=0.02151
2026-05-15 09:03:58,749 INFO CSMF2.step_1_1_1.run :: epoch=18 step=100/429 train_nll=-3692.264
2026-05-15 09:04:14,213 INFO CSMF2.step_1_1_1.run :: [h] epoch=18 step=150 total=0.32725 batch=0.21098
2026-05-15 09:04:14,213 INFO CSMF2.step_1_1_1.run :: [lat] epoch=18 step=150 mean_l2=0.03013 std_l2=0.02197
2026-05-15 09:04:14,393 INFO CSMF2.step_1_1_1.run :: epoch=18 step=150/429 train_nll=-3686.468
2026-05-15 09:04:29,350 INFO CSMF2.step_1_1_1.run :: [h] epoch=18 step=200 total=0.32565 batch=0.20824
2026-05-15 09:04:29,351 INFO CSMF2.step_1_1_1.run :: [lat] epoch=18 step=200 mean_l2=0.01549 std_l2=0.02414
2026-05-15 09:04:29,576 INFO CSMF2.step_1_1_1.run :: epoch=18 step=200/429 train_nll=-3682.961
2026-05-15 09:04:44,706 INFO CSMF2.step_1_1_1.run :: [h] epoch=18 step=250 total=0.34131 batch=0.22021
2026-05-15 09:04:44,706 INFO CSMF2.step_1_1_1.run :: [lat] epoch=18 step=250 mean_l2=0.01331 std_l2=0.01769
2026-05-15 09:04:44,882 INFO CSMF2.step_1_1_1.run :: epoch=18 step=250/429 train_nll=-3686.891
2026-05-15 09:05:00,398 INFO CSMF2.step_1_1_1.run :: [h] epoch=18 step=300 total=0.34015 batch=0.21398
2026-05-15 09:05:00,399 INFO CSMF2.step_1_1_1.run :: [lat] epoch=18 step=300 mean_l2=0.01303 std_l2=0.01979
2026-05-15 09:05:00,623 INFO CSMF2.step_1_1_1.run :: epoch=18 step=300/429 train_nll=-3689.934
2026-05-15 09:05:16,000 INFO CSMF2.step_1_1_1.run :: [h] epoch=18 step=350 total=0.34097 batch=0.21986
2026-05-15 09:05:16,001 INFO CSMF2.step_1_1_1.run :: [lat] epoch=18 step=350 mean_l2=0.01415 std_l2=0.01858
2026-05-15 09:05:16,181 INFO CSMF2.step_1_1_1.run :: epoch=18 step=350/429 train_nll=-3692.233
2026-05-15 09:05:31,600 INFO CSMF2.step_1_1_1.run :: [h] epoch=18 step=400 total=0.33498 batch=0.21384
2026-05-15 09:05:31,601 INFO CSMF2.step_1_1_1.run :: [lat] epoch=18 step=400 mean_l2=0.03300 std_l2=0.02705
2026-05-15 09:05:31,780 INFO CSMF2.step_1_1_1.run :: epoch=18 step=400/429 train_nll=-3688.869
2026-05-15 09:05:45,504 INFO CSMF2.step_1_1_1.run :: epoch=18  train_nll=-3688.347  val_nll=-3689.138  t=137.8s
2026-05-15 09:05:45,504 INFO CSMF2.step_1_1_1.run :: [h_std] total=0.33705 batch=0.21388 (no penalty)
2026-05-15 09:05:45,504 INFO CSMF2.step_1_1_1.run :: [lat_epoch] mean_l2=0.02021 std_l2=0.02212 lambda=0.100
2026-05-15 09:05:45,504 INFO CSMF2.step_1_1_1.run :: [grad] cond=150.2861 film_gain=0.0000
2026-05-15 09:06:03,702 INFO CSMF2.step_1_1_1.run :: [h] epoch=19 step=50 total=0.32428 batch=0.20007
2026-05-15 09:06:03,703 INFO CSMF2.step_1_1_1.run :: [lat] epoch=19 step=50 mean_l2=0.02807 std_l2=0.02131
2026-05-15 09:06:03,926 INFO CSMF2.step_1_1_1.run :: epoch=19 step=50/429 train_nll=-3682.120
2026-05-15 09:06:18,928 INFO CSMF2.step_1_1_1.run :: [h] epoch=19 step=100 total=0.32972 batch=0.20832
2026-05-15 09:06:18,929 INFO CSMF2.step_1_1_1.run :: [lat] epoch=19 step=100 mean_l2=0.01502 std_l2=0.02181
2026-05-15 09:06:19,153 INFO CSMF2.step_1_1_1.run :: epoch=19 step=100/429 train_nll=-3685.154
2026-05-15 09:06:34,225 INFO CSMF2.step_1_1_1.run :: [h] epoch=19 step=150 total=0.33984 batch=0.22029
2026-05-15 09:06:34,225 INFO CSMF2.step_1_1_1.run :: [lat] epoch=19 step=150 mean_l2=0.01568 std_l2=0.01824
2026-05-15 09:06:34,401 INFO CSMF2.step_1_1_1.run :: epoch=19 step=150/429 train_nll=-3691.440
2026-05-15 09:06:49,601 INFO CSMF2.step_1_1_1.run :: [h] epoch=19 step=200 total=0.33224 batch=0.21038
2026-05-15 09:06:49,602 INFO CSMF2.step_1_1_1.run :: [lat] epoch=19 step=200 mean_l2=0.01396 std_l2=0.01996
2026-05-15 09:06:49,826 INFO CSMF2.step_1_1_1.run :: epoch=19 step=200/429 train_nll=-3695.574
2026-05-15 09:07:05,011 INFO CSMF2.step_1_1_1.run :: [h] epoch=19 step=250 total=0.34079 batch=0.21874
2026-05-15 09:07:05,011 INFO CSMF2.step_1_1_1.run :: [lat] epoch=19 step=250 mean_l2=0.01526 std_l2=0.01859
2026-05-15 09:07:05,183 INFO CSMF2.step_1_1_1.run :: epoch=19 step=250/429 train_nll=-3698.415
2026-05-15 09:07:20,072 INFO CSMF2.step_1_1_1.run :: [h] epoch=19 step=300 total=0.34037 batch=0.21374
2026-05-15 09:07:20,073 INFO CSMF2.step_1_1_1.run :: [lat] epoch=19 step=300 mean_l2=0.03231 std_l2=0.01967
2026-05-15 09:07:20,250 INFO CSMF2.step_1_1_1.run :: epoch=19 step=300/429 train_nll=-3696.022
2026-05-15 09:07:35,390 INFO CSMF2.step_1_1_1.run :: [h] epoch=19 step=350 total=0.32266 batch=0.21221
2026-05-15 09:07:35,390 INFO CSMF2.step_1_1_1.run :: [lat] epoch=19 step=350 mean_l2=0.01397 std_l2=0.02668
2026-05-15 09:07:35,568 INFO CSMF2.step_1_1_1.run :: epoch=19 step=350/429 train_nll=-3692.741
2026-05-15 09:07:50,784 INFO CSMF2.step_1_1_1.run :: [h] epoch=19 step=400 total=0.33518 batch=0.20986
2026-05-15 09:07:50,784 INFO CSMF2.step_1_1_1.run :: [lat] epoch=19 step=400 mean_l2=0.04878 std_l2=0.03084
2026-05-15 09:07:50,962 INFO CSMF2.step_1_1_1.run :: epoch=19 step=400/429 train_nll=-3693.597
2026-05-15 09:08:04,432 INFO CSMF2.step_1_1_1.run :: epoch=19  train_nll=-3692.493  val_nll=-3686.106  t=135.9s
2026-05-15 09:08:04,432 INFO CSMF2.step_1_1_1.run :: [h_std] total=0.32953 batch=0.21057 (no penalty)
2026-05-15 09:08:04,432 INFO CSMF2.step_1_1_1.run :: [lat_epoch] mean_l2=0.01961 std_l2=0.02169 lambda=0.100
2026-05-15 09:08:04,432 INFO CSMF2.step_1_1_1.run :: [grad] cond=356.7256 film_gain=0.0000
2026-05-15 09:08:22,918 INFO CSMF2.step_1_1_1.run :: [h] epoch=20 step=50 total=0.31458 batch=0.19884
2026-05-15 09:08:22,919 INFO CSMF2.step_1_1_1.run :: [lat] epoch=20 step=50 mean_l2=0.01825 std_l2=0.02299
2026-05-15 09:08:23,096 INFO CSMF2.step_1_1_1.run :: epoch=20 step=50/429 train_nll=-3697.954
2026-05-15 09:08:38,228 INFO CSMF2.step_1_1_1.run :: [h] epoch=20 step=100 total=0.32389 batch=0.20436
2026-05-15 09:08:38,229 INFO CSMF2.step_1_1_1.run :: [lat] epoch=20 step=100 mean_l2=0.01453 std_l2=0.01898
2026-05-15 09:08:38,405 INFO CSMF2.step_1_1_1.run :: epoch=20 step=100/429 train_nll=-3695.817
2026-05-15 09:08:53,787 INFO CSMF2.step_1_1_1.run :: [h] epoch=20 step=150 total=0.33215 batch=0.21429
2026-05-15 09:08:53,788 INFO CSMF2.step_1_1_1.run :: [lat] epoch=20 step=150 mean_l2=0.01507 std_l2=0.02025
2026-05-15 09:08:53,966 INFO CSMF2.step_1_1_1.run :: epoch=20 step=150/429 train_nll=-3699.333
2026-05-15 09:09:09,208 INFO CSMF2.step_1_1_1.run :: [h] epoch=20 step=200 total=0.32908 batch=0.20535
2026-05-15 09:09:09,209 INFO CSMF2.step_1_1_1.run :: [lat] epoch=20 step=200 mean_l2=0.01685 std_l2=0.01793
2026-05-15 09:09:09,387 INFO CSMF2.step_1_1_1.run :: epoch=20 step=200/429 train_nll=-3701.912
2026-05-15 09:09:24,923 INFO CSMF2.step_1_1_1.run :: [h] epoch=20 step=250 total=0.33322 batch=0.21480
2026-05-15 09:09:24,923 INFO CSMF2.step_1_1_1.run :: [lat] epoch=20 step=250 mean_l2=0.01406 std_l2=0.01704
2026-05-15 09:09:25,101 INFO CSMF2.step_1_1_1.run :: epoch=20 step=250/429 train_nll=-3702.607
2026-05-15 09:09:40,218 INFO CSMF2.step_1_1_1.run :: [h] epoch=20 step=300 total=0.32876 batch=0.20735
2026-05-15 09:09:40,218 INFO CSMF2.step_1_1_1.run :: [lat] epoch=20 step=300 mean_l2=0.01578 std_l2=0.02138
2026-05-15 09:09:40,396 INFO CSMF2.step_1_1_1.run :: epoch=20 step=300/429 train_nll=-3703.918
2026-05-15 09:09:55,514 INFO CSMF2.step_1_1_1.run :: [h] epoch=20 step=350 total=0.33346 batch=0.21566
2026-05-15 09:09:55,515 INFO CSMF2.step_1_1_1.run :: [lat] epoch=20 step=350 mean_l2=0.02167 std_l2=0.02388
2026-05-15 09:09:55,691 INFO CSMF2.step_1_1_1.run :: epoch=20 step=350/429 train_nll=-3704.404
2026-05-15 09:10:10,943 INFO CSMF2.step_1_1_1.run :: [h] epoch=20 step=400 total=0.33299 batch=0.21208
2026-05-15 09:10:10,943 INFO CSMF2.step_1_1_1.run :: [lat] epoch=20 step=400 mean_l2=0.01798 std_l2=0.02063
2026-05-15 09:10:11,121 INFO CSMF2.step_1_1_1.run :: epoch=20 step=400/429 train_nll=-3704.232
2026-05-15 09:10:24,854 INFO CSMF2.step_1_1_1.run :: epoch=20  train_nll=-3704.508  val_nll=-3709.677  t=137.2s
2026-05-15 09:10:24,854 INFO CSMF2.step_1_1_1.run :: [h_std] total=0.32737 batch=0.20896 (no penalty)
2026-05-15 09:10:24,854 INFO CSMF2.step_1_1_1.run :: [lat_epoch] mean_l2=0.01647 std_l2=0.02049 lambda=0.100
2026-05-15 09:10:24,854 INFO CSMF2.step_1_1_1.run :: [grad] cond=302.5339 film_gain=0.0000
2026-05-15 09:10:42,864 INFO CSMF2.step_1_1_1.run :: [h] epoch=21 step=50 total=0.32394 batch=0.20275
2026-05-15 09:10:42,864 INFO CSMF2.step_1_1_1.run :: [lat] epoch=21 step=50 mean_l2=0.02506 std_l2=0.02281
2026-05-15 09:10:43,043 INFO CSMF2.step_1_1_1.run :: epoch=21 step=50/429 train_nll=-3706.181
2026-05-15 09:10:58,297 INFO CSMF2.step_1_1_1.run :: [h] epoch=21 step=100 total=0.32556 batch=0.20138
2026-05-15 09:10:58,297 INFO CSMF2.step_1_1_1.run :: [lat] epoch=21 step=100 mean_l2=0.02934 std_l2=0.02051
2026-05-15 09:10:58,524 INFO CSMF2.step_1_1_1.run :: epoch=21 step=100/429 train_nll=-3694.969
2026-05-15 09:11:13,903 INFO CSMF2.step_1_1_1.run :: [h] epoch=21 step=150 total=0.31107 batch=0.20216
2026-05-15 09:11:13,904 INFO CSMF2.step_1_1_1.run :: [lat] epoch=21 step=150 mean_l2=0.02361 std_l2=0.02314
2026-05-15 09:11:14,131 INFO CSMF2.step_1_1_1.run :: epoch=21 step=150/429 train_nll=-3683.020
2026-05-15 09:11:29,399 INFO CSMF2.step_1_1_1.run :: [h] epoch=21 step=200 total=0.30435 batch=0.19691
2026-05-15 09:11:29,400 INFO CSMF2.step_1_1_1.run :: [lat] epoch=21 step=200 mean_l2=0.02457 std_l2=0.02449
2026-05-15 09:11:29,576 INFO CSMF2.step_1_1_1.run :: epoch=21 step=200/429 train_nll=-3678.185
2026-05-15 09:11:44,669 INFO CSMF2.step_1_1_1.run :: [h] epoch=21 step=250 total=0.30820 batch=0.20447
2026-05-15 09:11:44,669 INFO CSMF2.step_1_1_1.run :: [lat] epoch=21 step=250 mean_l2=0.01550 std_l2=0.02124
2026-05-15 09:11:44,846 INFO CSMF2.step_1_1_1.run :: epoch=21 step=250/429 train_nll=-3675.885
2026-05-15 09:11:59,721 INFO CSMF2.step_1_1_1.run :: [h] epoch=21 step=300 total=0.31213 batch=0.20096
2026-05-15 09:11:59,721 INFO CSMF2.step_1_1_1.run :: [lat] epoch=21 step=300 mean_l2=0.01387 std_l2=0.01702
2026-05-15 09:11:59,898 INFO CSMF2.step_1_1_1.run :: epoch=21 step=300/429 train_nll=-3680.511
2026-05-15 09:12:15,111 INFO CSMF2.step_1_1_1.run :: [h] epoch=21 step=350 total=0.31402 batch=0.20684
2026-05-15 09:12:15,111 INFO CSMF2.step_1_1_1.run :: [lat] epoch=21 step=350 mean_l2=0.01398 std_l2=0.01987
2026-05-15 09:12:15,288 INFO CSMF2.step_1_1_1.run :: epoch=21 step=350/429 train_nll=-3685.163
2026-05-15 09:12:30,282 INFO CSMF2.step_1_1_1.run :: [h] epoch=21 step=400 total=0.32167 batch=0.20640
2026-05-15 09:12:30,283 INFO CSMF2.step_1_1_1.run :: [lat] epoch=21 step=400 mean_l2=0.01336 std_l2=0.01982
2026-05-15 09:12:30,459 INFO CSMF2.step_1_1_1.run :: epoch=21 step=400/429 train_nll=-3689.224
2026-05-15 09:12:44,139 INFO CSMF2.step_1_1_1.run :: epoch=21  train_nll=-3690.939  val_nll=-3711.614  t=136.2s
2026-05-15 09:12:44,139 INFO CSMF2.step_1_1_1.run :: [h_std] total=0.31376 batch=0.20214 (no penalty)
2026-05-15 09:12:44,139 INFO CSMF2.step_1_1_1.run :: [lat_epoch] mean_l2=0.02217 std_l2=0.02224 lambda=0.100
2026-05-15 09:12:44,139 INFO CSMF2.step_1_1_1.run :: [grad] cond=216.1866 film_gain=0.0000
2026-05-15 09:13:02,781 INFO CSMF2.step_1_1_1.run :: [h] epoch=22 step=50 total=0.31401 batch=0.19866
2026-05-15 09:13:02,781 INFO CSMF2.step_1_1_1.run :: [lat] epoch=22 step=50 mean_l2=0.01713 std_l2=0.01664
2026-05-15 09:13:02,959 INFO CSMF2.step_1_1_1.run :: epoch=22 step=50/429 train_nll=-3710.018
2026-05-15 09:13:18,171 INFO CSMF2.step_1_1_1.run :: [h] epoch=22 step=100 total=0.30739 batch=0.19717
2026-05-15 09:13:18,172 INFO CSMF2.step_1_1_1.run :: [lat] epoch=22 step=100 mean_l2=0.02290 std_l2=0.02243
2026-05-15 09:13:18,350 INFO CSMF2.step_1_1_1.run :: epoch=22 step=100/429 train_nll=-3702.780
2026-05-15 09:13:33,778 INFO CSMF2.step_1_1_1.run :: [h] epoch=22 step=150 total=0.31333 batch=0.20650
2026-05-15 09:13:33,778 INFO CSMF2.step_1_1_1.run :: [lat] epoch=22 step=150 mean_l2=0.01451 std_l2=0.02341
2026-05-15 09:13:33,955 INFO CSMF2.step_1_1_1.run :: epoch=22 step=150/429 train_nll=-3699.300
2026-05-15 09:13:49,245 INFO CSMF2.step_1_1_1.run :: [h] epoch=22 step=200 total=0.30969 batch=0.19871
2026-05-15 09:13:49,245 INFO CSMF2.step_1_1_1.run :: [lat] epoch=22 step=200 mean_l2=0.01341 std_l2=0.01799
2026-05-15 09:13:49,424 INFO CSMF2.step_1_1_1.run :: epoch=22 step=200/429 train_nll=-3702.897
2026-05-15 09:14:04,822 INFO CSMF2.step_1_1_1.run :: [h] epoch=22 step=250 total=0.31955 batch=0.20792
2026-05-15 09:14:04,823 INFO CSMF2.step_1_1_1.run :: [lat] epoch=22 step=250 mean_l2=0.02133 std_l2=0.01855
2026-05-15 09:14:04,999 INFO CSMF2.step_1_1_1.run :: epoch=22 step=250/429 train_nll=-3705.612
2026-05-15 09:14:19,912 INFO CSMF2.step_1_1_1.run :: [h] epoch=22 step=300 total=0.31855 batch=0.20269
2026-05-15 09:14:19,912 INFO CSMF2.step_1_1_1.run :: [lat] epoch=22 step=300 mean_l2=0.01616 std_l2=0.02085
2026-05-15 09:14:20,089 INFO CSMF2.step_1_1_1.run :: epoch=22 step=300/429 train_nll=-3706.972
2026-05-15 09:14:35,312 INFO CSMF2.step_1_1_1.run :: [h] epoch=22 step=350 total=0.31969 batch=0.20955
2026-05-15 09:14:35,313 INFO CSMF2.step_1_1_1.run :: [lat] epoch=22 step=350 mean_l2=0.01575 std_l2=0.01965
2026-05-15 09:14:35,538 INFO CSMF2.step_1_1_1.run :: epoch=22 step=350/429 train_nll=-3707.501
2026-05-15 09:14:50,759 INFO CSMF2.step_1_1_1.run :: [h] epoch=22 step=400 total=0.32383 batch=0.20718
2026-05-15 09:14:50,760 INFO CSMF2.step_1_1_1.run :: [lat] epoch=22 step=400 mean_l2=0.01426 std_l2=0.01855
2026-05-15 09:14:50,938 INFO CSMF2.step_1_1_1.run :: epoch=22 step=400/429 train_nll=-3708.941
2026-05-15 09:15:04,438 INFO CSMF2.step_1_1_1.run :: epoch=22  train_nll=-3709.369  val_nll=-3712.428  t=137.3s
2026-05-15 09:15:04,438 INFO CSMF2.step_1_1_1.run :: [h_std] total=0.31491 batch=0.20259 (no penalty)
2026-05-15 09:15:04,438 INFO CSMF2.step_1_1_1.run :: [lat_epoch] mean_l2=0.01666 std_l2=0.02044 lambda=0.100
2026-05-15 09:15:04,438 INFO CSMF2.step_1_1_1.run :: [grad] cond=276.7506 film_gain=0.0000
2026-05-15 09:15:22,897 INFO CSMF2.step_1_1_1.run :: [h] epoch=23 step=50 total=0.31208 batch=0.19623
2026-05-15 09:15:22,898 INFO CSMF2.step_1_1_1.run :: [lat] epoch=23 step=50 mean_l2=0.01777 std_l2=0.02340
2026-05-15 09:15:23,078 INFO CSMF2.step_1_1_1.run :: epoch=23 step=50/429 train_nll=-3715.885
2026-05-15 09:15:38,630 INFO CSMF2.step_1_1_1.run :: [h] epoch=23 step=100 total=0.31098 batch=0.19589
2026-05-15 09:15:38,631 INFO CSMF2.step_1_1_1.run :: [lat] epoch=23 step=100 mean_l2=0.02098 std_l2=0.02163
2026-05-15 09:15:38,810 INFO CSMF2.step_1_1_1.run :: epoch=23 step=100/429 train_nll=-3713.801
2026-05-15 09:15:54,204 INFO CSMF2.step_1_1_1.run :: [h] epoch=23 step=150 total=0.31669 batch=0.20351
2026-05-15 09:15:54,204 INFO CSMF2.step_1_1_1.run :: [lat] epoch=23 step=150 mean_l2=0.01904 std_l2=0.02026
2026-05-15 09:15:54,433 INFO CSMF2.step_1_1_1.run :: epoch=23 step=150/429 train_nll=-3709.588
2026-05-15 09:16:09,867 INFO CSMF2.step_1_1_1.run :: [h] epoch=23 step=200 total=0.31099 batch=0.19793
2026-05-15 09:16:09,868 INFO CSMF2.step_1_1_1.run :: [lat] epoch=23 step=200 mean_l2=0.01774 std_l2=0.01972
2026-05-15 09:16:10,049 INFO CSMF2.step_1_1_1.run :: epoch=23 step=200/429 train_nll=-3710.422
2026-05-15 09:16:25,395 INFO CSMF2.step_1_1_1.run :: [h] epoch=23 step=250 total=0.31814 batch=0.20441
2026-05-15 09:16:25,395 INFO CSMF2.step_1_1_1.run :: [lat] epoch=23 step=250 mean_l2=0.01344 std_l2=0.01927
2026-05-15 09:16:25,576 INFO CSMF2.step_1_1_1.run :: epoch=23 step=250/429 train_nll=-3711.588
2026-05-15 09:16:41,188 INFO CSMF2.step_1_1_1.run :: [h] epoch=23 step=300 total=0.31542 batch=0.19865
2026-05-15 09:16:41,189 INFO CSMF2.step_1_1_1.run :: [lat] epoch=23 step=300 mean_l2=0.01388 std_l2=0.01913
2026-05-15 09:16:41,369 INFO CSMF2.step_1_1_1.run :: epoch=23 step=300/429 train_nll=-3712.772
2026-05-15 09:16:56,911 INFO CSMF2.step_1_1_1.run :: [h] epoch=23 step=350 total=0.31655 batch=0.20556
2026-05-15 09:16:56,911 INFO CSMF2.step_1_1_1.run :: [lat] epoch=23 step=350 mean_l2=0.01517 std_l2=0.01988
2026-05-15 09:16:57,092 INFO CSMF2.step_1_1_1.run :: epoch=23 step=350/429 train_nll=-3713.037
2026-05-15 09:17:12,899 INFO CSMF2.step_1_1_1.run :: [h] epoch=23 step=400 total=0.30867 batch=0.19715
2026-05-15 09:17:12,899 INFO CSMF2.step_1_1_1.run :: [lat] epoch=23 step=400 mean_l2=0.02811 std_l2=0.02163
2026-05-15 09:17:13,081 INFO CSMF2.step_1_1_1.run :: epoch=23 step=400/429 train_nll=-3710.959
2026-05-15 09:17:26,481 INFO CSMF2.step_1_1_1.run :: epoch=23  train_nll=-3710.820  val_nll=-3714.259  t=138.9s
2026-05-15 09:17:26,481 INFO CSMF2.step_1_1_1.run :: [h_std] total=0.31388 batch=0.20041 (no penalty)
2026-05-15 09:17:26,481 INFO CSMF2.step_1_1_1.run :: [lat_epoch] mean_l2=0.01732 std_l2=0.02062 lambda=0.100
2026-05-15 09:17:26,481 INFO CSMF2.step_1_1_1.run :: [grad] cond=228.5662 film_gain=0.0000
2026-05-15 09:17:44,859 INFO CSMF2.step_1_1_1.run :: [h] epoch=24 step=50 total=0.29594 batch=0.19069
2026-05-15 09:17:44,859 INFO CSMF2.step_1_1_1.run :: [lat] epoch=24 step=50 mean_l2=0.01848 std_l2=0.01913
2026-05-15 09:17:45,041 INFO CSMF2.step_1_1_1.run :: epoch=24 step=50/429 train_nll=-3699.374
2026-05-15 09:18:00,919 INFO CSMF2.step_1_1_1.run :: [h] epoch=24 step=100 total=0.29306 batch=0.18817
2026-05-15 09:18:00,919 INFO CSMF2.step_1_1_1.run :: [lat] epoch=24 step=100 mean_l2=0.03103 std_l2=0.02230
2026-05-15 09:18:01,100 INFO CSMF2.step_1_1_1.run :: epoch=24 step=100/429 train_nll=-3692.586
2026-05-15 09:18:16,475 INFO CSMF2.step_1_1_1.run :: [h] epoch=24 step=150 total=0.30013 batch=0.19581
2026-05-15 09:18:16,476 INFO CSMF2.step_1_1_1.run :: [lat] epoch=24 step=150 mean_l2=0.02513 std_l2=0.02561
2026-05-15 09:18:16,657 INFO CSMF2.step_1_1_1.run :: epoch=24 step=150/429 train_nll=-3688.613
2026-05-15 09:18:32,309 INFO CSMF2.step_1_1_1.run :: [h] epoch=24 step=200 total=0.29078 batch=0.18727
2026-05-15 09:18:32,310 INFO CSMF2.step_1_1_1.run :: [lat] epoch=24 step=200 mean_l2=0.01337 std_l2=0.02075
2026-05-15 09:18:32,539 INFO CSMF2.step_1_1_1.run :: epoch=24 step=200/429 train_nll=-3691.284
2026-05-15 09:18:48,307 INFO CSMF2.step_1_1_1.run :: [h] epoch=24 step=250 total=0.30609 batch=0.19885
2026-05-15 09:18:48,308 INFO CSMF2.step_1_1_1.run :: [lat] epoch=24 step=250 mean_l2=0.01385 std_l2=0.01845
2026-05-15 09:18:48,537 INFO CSMF2.step_1_1_1.run :: epoch=24 step=250/429 train_nll=-3695.472
2026-05-15 09:19:04,119 INFO CSMF2.step_1_1_1.run :: [h] epoch=24 step=300 total=0.30480 batch=0.19510
2026-05-15 09:19:04,119 INFO CSMF2.step_1_1_1.run :: [lat] epoch=24 step=300 mean_l2=0.01387 std_l2=0.02044
2026-05-15 09:19:04,300 INFO CSMF2.step_1_1_1.run :: epoch=24 step=300/429 train_nll=-3699.808
2026-05-15 09:19:19,707 INFO CSMF2.step_1_1_1.run :: [h] epoch=24 step=350 total=0.30686 batch=0.20085
2026-05-15 09:19:19,708 INFO CSMF2.step_1_1_1.run :: [lat] epoch=24 step=350 mean_l2=0.01358 std_l2=0.01883
2026-05-15 09:19:19,936 INFO CSMF2.step_1_1_1.run :: epoch=24 step=350/429 train_nll=-3703.014
2026-05-15 09:19:35,268 INFO CSMF2.step_1_1_1.run :: [h] epoch=24 step=400 total=0.31164 batch=0.19757
2026-05-15 09:19:35,268 INFO CSMF2.step_1_1_1.run :: [lat] epoch=24 step=400 mean_l2=0.01544 std_l2=0.01783
2026-05-15 09:19:35,449 INFO CSMF2.step_1_1_1.run :: epoch=24 step=400/429 train_nll=-3705.082
2026-05-15 09:19:49,035 INFO CSMF2.step_1_1_1.run :: epoch=24  train_nll=-3706.160  val_nll=-3717.155  t=139.5s
2026-05-15 09:19:49,035 INFO CSMF2.step_1_1_1.run :: [h_std] total=0.30183 batch=0.19437 (no penalty)
2026-05-15 09:19:49,035 INFO CSMF2.step_1_1_1.run :: [lat_epoch] mean_l2=0.01911 std_l2=0.02114 lambda=0.100
2026-05-15 09:19:49,035 INFO CSMF2.step_1_1_1.run :: [grad] cond=268.4480 film_gain=0.0000
2026-05-15 09:20:07,498 INFO CSMF2.step_1_1_1.run :: [h] epoch=25 step=50 total=0.29655 batch=0.18845
2026-05-15 09:20:07,499 INFO CSMF2.step_1_1_1.run :: [lat] epoch=25 step=50 mean_l2=0.01388 std_l2=0.01896
2026-05-15 09:20:07,680 INFO CSMF2.step_1_1_1.run :: epoch=25 step=50/429 train_nll=-3703.844
2026-05-15 09:20:23,000 INFO CSMF2.step_1_1_1.run :: [h] epoch=25 step=100 total=0.29910 batch=0.18837
2026-05-15 09:20:23,000 INFO CSMF2.step_1_1_1.run :: [lat] epoch=25 step=100 mean_l2=0.01246 std_l2=0.01903
2026-05-15 09:20:23,181 INFO CSMF2.step_1_1_1.run :: epoch=25 step=100/429 train_nll=-3711.005
2026-05-15 09:20:38,524 INFO CSMF2.step_1_1_1.run :: [h] epoch=25 step=150 total=0.30395 batch=0.19674
2026-05-15 09:20:38,525 INFO CSMF2.step_1_1_1.run :: [lat] epoch=25 step=150 mean_l2=0.01697 std_l2=0.02092
2026-05-15 09:20:38,709 INFO CSMF2.step_1_1_1.run :: epoch=25 step=150/429 train_nll=-3713.546
2026-05-15 09:20:54,575 INFO CSMF2.step_1_1_1.run :: [h] epoch=25 step=200 total=0.29882 batch=0.18939
2026-05-15 09:20:54,576 INFO CSMF2.step_1_1_1.run :: [lat] epoch=25 step=200 mean_l2=0.01506 std_l2=0.02052
2026-05-15 09:20:54,759 INFO CSMF2.step_1_1_1.run :: epoch=25 step=200/429 train_nll=-3715.597
2026-05-15 09:21:10,277 INFO CSMF2.step_1_1_1.run :: [h] epoch=25 step=250 total=0.30490 batch=0.19593
2026-05-15 09:21:10,277 INFO CSMF2.step_1_1_1.run :: [lat] epoch=25 step=250 mean_l2=0.02178 std_l2=0.02276
2026-05-15 09:21:10,458 INFO CSMF2.step_1_1_1.run :: epoch=25 step=250/429 train_nll=-3712.879
2026-05-15 09:21:26,332 INFO CSMF2.step_1_1_1.run :: [h] epoch=25 step=300 total=0.29923 batch=0.19048
2026-05-15 09:21:26,333 INFO CSMF2.step_1_1_1.run :: [lat] epoch=25 step=300 mean_l2=0.01273 std_l2=0.01755
2026-05-15 09:21:26,563 INFO CSMF2.step_1_1_1.run :: epoch=25 step=300/429 train_nll=-3713.421
2026-05-15 09:21:42,068 INFO CSMF2.step_1_1_1.run :: [h] epoch=25 step=350 total=0.30394 batch=0.19751
2026-05-15 09:21:42,069 INFO CSMF2.step_1_1_1.run :: [lat] epoch=25 step=350 mean_l2=0.01463 std_l2=0.01950
2026-05-15 09:21:42,298 INFO CSMF2.step_1_1_1.run :: epoch=25 step=350/429 train_nll=-3714.992
2026-05-15 09:21:58,096 INFO CSMF2.step_1_1_1.run :: [h] epoch=25 step=400 total=0.31099 batch=0.19691
2026-05-15 09:21:58,097 INFO CSMF2.step_1_1_1.run :: [lat] epoch=25 step=400 mean_l2=0.01416 std_l2=0.01865
2026-05-15 09:21:58,279 INFO CSMF2.step_1_1_1.run :: epoch=25 step=400/429 train_nll=-3716.523
2026-05-15 09:22:11,842 INFO CSMF2.step_1_1_1.run :: epoch=25  train_nll=-3717.021  val_nll=-3718.261  t=139.7s
2026-05-15 09:22:11,842 INFO CSMF2.step_1_1_1.run :: [h_std] total=0.30214 batch=0.19314 (no penalty)
2026-05-15 09:22:11,842 INFO CSMF2.step_1_1_1.run :: [lat_epoch] mean_l2=0.01642 std_l2=0.02013 lambda=0.100
2026-05-15 09:22:11,842 INFO CSMF2.step_1_1_1.run :: [grad] cond=275.3067 film_gain=0.0000
2026-05-15 09:22:30,188 INFO CSMF2.step_1_1_1.run :: [h] epoch=26 step=50 total=0.29969 batch=0.18848
2026-05-15 09:22:30,188 INFO CSMF2.step_1_1_1.run :: [lat] epoch=26 step=50 mean_l2=0.01345 std_l2=0.01816
2026-05-15 09:22:30,420 INFO CSMF2.step_1_1_1.run :: epoch=26 step=50/429 train_nll=-3726.045
2026-05-15 09:22:45,889 INFO CSMF2.step_1_1_1.run :: [h] epoch=26 step=100 total=0.30395 batch=0.19021
2026-05-15 09:22:45,890 INFO CSMF2.step_1_1_1.run :: [lat] epoch=26 step=100 mean_l2=0.01613 std_l2=0.01758
2026-05-15 09:22:46,070 INFO CSMF2.step_1_1_1.run :: epoch=26 step=100/429 train_nll=-3724.329
2026-05-15 09:23:01,546 INFO CSMF2.step_1_1_1.run :: [h] epoch=26 step=150 total=0.31375 batch=0.20124
2026-05-15 09:23:01,547 INFO CSMF2.step_1_1_1.run :: [lat] epoch=26 step=150 mean_l2=0.01745 std_l2=0.02157
2026-05-15 09:23:01,777 INFO CSMF2.step_1_1_1.run :: epoch=26 step=150/429 train_nll=-3722.790
2026-05-15 09:23:17,019 INFO CSMF2.step_1_1_1.run :: [h] epoch=26 step=200 total=0.28951 batch=0.18413
2026-05-15 09:23:17,020 INFO CSMF2.step_1_1_1.run :: [lat] epoch=26 step=200 mean_l2=0.01625 std_l2=0.02216
2026-05-15 09:23:17,254 INFO CSMF2.step_1_1_1.run :: epoch=26 step=200/429 train_nll=-3716.104
2026-05-15 09:23:32,602 INFO CSMF2.step_1_1_1.run :: [h] epoch=26 step=250 total=0.29883 batch=0.19150
2026-05-15 09:23:32,603 INFO CSMF2.step_1_1_1.run :: [lat] epoch=26 step=250 mean_l2=0.01538 std_l2=0.01919
2026-05-15 09:23:32,784 INFO CSMF2.step_1_1_1.run :: epoch=26 step=250/429 train_nll=-3716.824
2026-05-15 09:23:48,398 INFO CSMF2.step_1_1_1.run :: [h] epoch=26 step=300 total=0.29388 batch=0.18794
2026-05-15 09:23:48,398 INFO CSMF2.step_1_1_1.run :: [lat] epoch=26 step=300 mean_l2=0.01192 std_l2=0.02011
2026-05-15 09:23:48,630 INFO CSMF2.step_1_1_1.run :: epoch=26 step=300/429 train_nll=-3715.141
2026-05-15 09:24:04,654 INFO CSMF2.step_1_1_1.run :: [h] epoch=26 step=350 total=0.29869 batch=0.19404
2026-05-15 09:24:04,655 INFO CSMF2.step_1_1_1.run :: [lat] epoch=26 step=350 mean_l2=0.02187 std_l2=0.01927
2026-05-15 09:24:04,838 INFO CSMF2.step_1_1_1.run :: epoch=26 step=350/429 train_nll=-3716.435
2026-05-15 09:24:20,738 INFO CSMF2.step_1_1_1.run :: [h] epoch=26 step=400 total=0.29786 batch=0.18952
2026-05-15 09:24:20,739 INFO CSMF2.step_1_1_1.run :: [lat] epoch=26 step=400 mean_l2=0.02522 std_l2=0.02384
2026-05-15 09:24:20,921 INFO CSMF2.step_1_1_1.run :: epoch=26 step=400/429 train_nll=-3717.274
2026-05-15 09:24:34,964 INFO CSMF2.step_1_1_1.run :: epoch=26  train_nll=-3714.557  val_nll=-3686.989  t=140.0s
2026-05-15 09:24:34,964 INFO CSMF2.step_1_1_1.run :: [h_std] total=0.29819 batch=0.18998 (no penalty)
2026-05-15 09:24:34,964 INFO CSMF2.step_1_1_1.run :: [lat_epoch] mean_l2=0.01792 std_l2=0.02054 lambda=0.100
2026-05-15 09:24:34,964 INFO CSMF2.step_1_1_1.run :: [grad] cond=386.3373 film_gain=0.0000
2026-05-15 09:24:53,729 INFO CSMF2.step_1_1_1.run :: [h] epoch=27 step=50 total=0.28144 batch=0.17983
2026-05-15 09:24:53,730 INFO CSMF2.step_1_1_1.run :: [lat] epoch=27 step=50 mean_l2=0.01390 std_l2=0.01763
2026-05-15 09:24:53,911 INFO CSMF2.step_1_1_1.run :: epoch=27 step=50/429 train_nll=-3706.560
2026-05-15 09:25:09,473 INFO CSMF2.step_1_1_1.run :: [h] epoch=27 step=100 total=0.29040 batch=0.18390
2026-05-15 09:25:09,474 INFO CSMF2.step_1_1_1.run :: [lat] epoch=27 step=100 mean_l2=0.01252 std_l2=0.02175
2026-05-15 09:25:09,655 INFO CSMF2.step_1_1_1.run :: epoch=27 step=100/429 train_nll=-3715.755
2026-05-15 09:25:25,143 INFO CSMF2.step_1_1_1.run :: [h] epoch=27 step=150 total=0.28846 batch=0.18739
2026-05-15 09:25:25,144 INFO CSMF2.step_1_1_1.run :: [lat] epoch=27 step=150 mean_l2=0.02372 std_l2=0.02438
2026-05-15 09:25:25,376 INFO CSMF2.step_1_1_1.run :: epoch=27 step=150/429 train_nll=-3713.789
2026-05-15 09:25:40,633 INFO CSMF2.step_1_1_1.run :: [h] epoch=27 step=200 total=0.27949 batch=0.17975
2026-05-15 09:25:40,634 INFO CSMF2.step_1_1_1.run :: [lat] epoch=27 step=200 mean_l2=0.01783 std_l2=0.02047
2026-05-15 09:25:40,815 INFO CSMF2.step_1_1_1.run :: epoch=27 step=200/429 train_nll=-3708.682
2026-05-15 09:25:56,362 INFO CSMF2.step_1_1_1.run :: [h] epoch=27 step=250 total=0.28813 batch=0.18880
2026-05-15 09:25:56,362 INFO CSMF2.step_1_1_1.run :: [lat] epoch=27 step=250 mean_l2=0.01444 std_l2=0.01807
2026-05-15 09:25:56,543 INFO CSMF2.step_1_1_1.run :: epoch=27 step=250/429 train_nll=-3708.745
2026-05-15 09:26:11,898 INFO CSMF2.step_1_1_1.run :: [h] epoch=27 step=300 total=0.28780 batch=0.18542
2026-05-15 09:26:11,898 INFO CSMF2.step_1_1_1.run :: [lat] epoch=27 step=300 mean_l2=0.01162 std_l2=0.01823
2026-05-15 09:26:12,077 INFO CSMF2.step_1_1_1.run :: epoch=27 step=300/429 train_nll=-3710.925
2026-05-15 09:26:28,015 INFO CSMF2.step_1_1_1.run :: [h] epoch=27 step=350 total=0.29020 batch=0.19073
2026-05-15 09:26:28,015 INFO CSMF2.step_1_1_1.run :: [lat] epoch=27 step=350 mean_l2=0.01569 std_l2=0.01861
2026-05-15 09:26:28,197 INFO CSMF2.step_1_1_1.run :: epoch=27 step=350/429 train_nll=-3713.483
2026-05-15 09:26:43,959 INFO CSMF2.step_1_1_1.run :: [h] epoch=27 step=400 total=0.29652 batch=0.18877
2026-05-15 09:26:43,960 INFO CSMF2.step_1_1_1.run :: [lat] epoch=27 step=400 mean_l2=0.01104 std_l2=0.01835
2026-05-15 09:26:44,141 INFO CSMF2.step_1_1_1.run :: epoch=27 step=400/429 train_nll=-3715.924
2026-05-15 09:26:57,764 INFO CSMF2.step_1_1_1.run :: epoch=27  train_nll=-3716.715  val_nll=-3718.944  t=139.6s
2026-05-15 09:26:57,764 INFO CSMF2.step_1_1_1.run :: [h_std] total=0.28691 batch=0.18512 (no penalty)
2026-05-15 09:26:57,764 INFO CSMF2.step_1_1_1.run :: [lat_epoch] mean_l2=0.01706 std_l2=0.02034 lambda=0.100
2026-05-15 09:26:57,764 INFO CSMF2.step_1_1_1.run :: [grad] cond=163.5989 film_gain=0.0000
2026-05-15 09:27:16,295 INFO CSMF2.step_1_1_1.run :: [h] epoch=28 step=50 total=0.28678 batch=0.18200
2026-05-15 09:27:16,295 INFO CSMF2.step_1_1_1.run :: [lat] epoch=28 step=50 mean_l2=0.01408 std_l2=0.01897
2026-05-15 09:27:16,479 INFO CSMF2.step_1_1_1.run :: epoch=28 step=50/429 train_nll=-3727.228
2026-05-15 09:27:31,806 INFO CSMF2.step_1_1_1.run :: [h] epoch=28 step=100 total=0.29032 batch=0.18277
2026-05-15 09:27:31,807 INFO CSMF2.step_1_1_1.run :: [lat] epoch=28 step=100 mean_l2=0.01384 std_l2=0.01821
2026-05-15 09:27:31,989 INFO CSMF2.step_1_1_1.run :: epoch=28 step=100/429 train_nll=-3728.138
2026-05-15 09:27:47,577 INFO CSMF2.step_1_1_1.run :: [h] epoch=28 step=150 total=0.29927 batch=0.19310
2026-05-15 09:27:47,578 INFO CSMF2.step_1_1_1.run :: [lat] epoch=28 step=150 mean_l2=0.02015 std_l2=0.02476
2026-05-15 09:27:47,760 INFO CSMF2.step_1_1_1.run :: epoch=28 step=150/429 train_nll=-3726.822
2026-05-15 09:28:03,250 INFO CSMF2.step_1_1_1.run :: [h] epoch=28 step=200 total=0.27919 batch=0.17894
2026-05-15 09:28:03,251 INFO CSMF2.step_1_1_1.run :: [lat] epoch=28 step=200 mean_l2=0.01741 std_l2=0.01840
2026-05-15 09:28:03,433 INFO CSMF2.step_1_1_1.run :: epoch=28 step=200/429 train_nll=-3721.927
2026-05-15 09:28:19,276 INFO CSMF2.step_1_1_1.run :: [h] epoch=28 step=250 total=0.28221 batch=0.18526
2026-05-15 09:28:19,277 INFO CSMF2.step_1_1_1.run :: [lat] epoch=28 step=250 mean_l2=0.01879 std_l2=0.02407
2026-05-15 09:28:19,459 INFO CSMF2.step_1_1_1.run :: epoch=28 step=250/429 train_nll=-3718.347
2026-05-15 09:28:34,791 INFO CSMF2.step_1_1_1.run :: [h] epoch=28 step=300 total=0.27641 batch=0.17924
2026-05-15 09:28:34,792 INFO CSMF2.step_1_1_1.run :: [lat] epoch=28 step=300 mean_l2=0.01855 std_l2=0.02271
2026-05-15 09:28:34,975 INFO CSMF2.step_1_1_1.run :: epoch=28 step=300/429 train_nll=-3713.563
2026-05-15 09:28:50,888 INFO CSMF2.step_1_1_1.run :: [h] epoch=28 step=350 total=0.27926 batch=0.18506
2026-05-15 09:28:50,888 INFO CSMF2.step_1_1_1.run :: [lat] epoch=28 step=350 mean_l2=0.01185 std_l2=0.01944
2026-05-15 09:28:51,071 INFO CSMF2.step_1_1_1.run :: epoch=28 step=350/429 train_nll=-3714.454
2026-05-15 09:29:06,576 INFO CSMF2.step_1_1_1.run :: [h] epoch=28 step=400 total=0.28690 batch=0.18447
2026-05-15 09:29:06,576 INFO CSMF2.step_1_1_1.run :: [lat] epoch=28 step=400 mean_l2=0.01201 std_l2=0.01884
2026-05-15 09:29:06,759 INFO CSMF2.step_1_1_1.run :: epoch=28 step=400/429 train_nll=-3716.742
2026-05-15 09:29:20,307 INFO CSMF2.step_1_1_1.run :: epoch=28  train_nll=-3717.662  val_nll=-3725.040  t=139.5s
2026-05-15 09:29:20,307 INFO CSMF2.step_1_1_1.run :: [h_std] total=0.28408 batch=0.18319 (no penalty)
2026-05-15 09:29:20,307 INFO CSMF2.step_1_1_1.run :: [lat_epoch] mean_l2=0.01790 std_l2=0.02035 lambda=0.100
2026-05-15 09:29:20,307 INFO CSMF2.step_1_1_1.run :: [grad] cond=278.4677 film_gain=0.0000
2026-05-15 09:29:38,629 INFO CSMF2.step_1_1_1.run :: [h] epoch=29 step=50 total=0.27865 batch=0.17861
2026-05-15 09:29:38,630 INFO CSMF2.step_1_1_1.run :: [lat] epoch=29 step=50 mean_l2=0.01495 std_l2=0.02158
2026-05-15 09:29:38,810 INFO CSMF2.step_1_1_1.run :: epoch=29 step=50/429 train_nll=-3728.374
2026-05-15 09:29:54,414 INFO CSMF2.step_1_1_1.run :: [h] epoch=29 step=100 total=0.28252 batch=0.17918
2026-05-15 09:29:54,415 INFO CSMF2.step_1_1_1.run :: [lat] epoch=29 step=100 mean_l2=0.01575 std_l2=0.01992
2026-05-15 09:29:54,598 INFO CSMF2.step_1_1_1.run :: epoch=29 step=100/429 train_nll=-3727.039
2026-05-15 09:30:10,522 INFO CSMF2.step_1_1_1.run :: [h] epoch=29 step=150 total=0.28133 batch=0.18439
2026-05-15 09:30:10,523 INFO CSMF2.step_1_1_1.run :: [lat] epoch=29 step=150 mean_l2=0.01976 std_l2=0.02566
2026-05-15 09:30:10,703 INFO CSMF2.step_1_1_1.run :: epoch=29 step=150/429 train_nll=-3720.170
2026-05-15 09:30:25,953 INFO CSMF2.step_1_1_1.run :: [h] epoch=29 step=200 total=0.26062 batch=0.16825
2026-05-15 09:30:25,953 INFO CSMF2.step_1_1_1.run :: [lat] epoch=29 step=200 mean_l2=0.03758 std_l2=0.02297
2026-05-15 09:30:26,135 INFO CSMF2.step_1_1_1.run :: epoch=29 step=200/429 train_nll=-3714.170
2026-05-15 09:30:41,816 INFO CSMF2.step_1_1_1.run :: [h] epoch=29 step=250 total=0.27290 batch=0.18022
2026-05-15 09:30:41,817 INFO CSMF2.step_1_1_1.run :: [lat] epoch=29 step=250 mean_l2=0.01383 std_l2=0.01787
2026-05-15 09:30:42,048 INFO CSMF2.step_1_1_1.run :: epoch=29 step=250/429 train_nll=-3710.956
2026-05-15 09:30:57,686 INFO CSMF2.step_1_1_1.run :: [h] epoch=29 step=300 total=0.27549 batch=0.17869
2026-05-15 09:30:57,686 INFO CSMF2.step_1_1_1.run :: [lat] epoch=29 step=300 mean_l2=0.01209 std_l2=0.01766
2026-05-15 09:30:57,869 INFO CSMF2.step_1_1_1.run :: epoch=29 step=300/429 train_nll=-3713.809
2026-05-15 09:31:13,243 INFO CSMF2.step_1_1_1.run :: [h] epoch=29 step=350 total=0.27892 batch=0.18434
2026-05-15 09:31:13,244 INFO CSMF2.step_1_1_1.run :: [lat] epoch=29 step=350 mean_l2=0.01299 std_l2=0.01945
2026-05-15 09:31:13,426 INFO CSMF2.step_1_1_1.run :: epoch=29 step=350/429 train_nll=-3716.435
2026-05-15 09:31:29,348 INFO CSMF2.step_1_1_1.run :: [h] epoch=29 step=400 total=0.28371 batch=0.18237
2026-05-15 09:31:29,349 INFO CSMF2.step_1_1_1.run :: [lat] epoch=29 step=400 mean_l2=0.01198 std_l2=0.01913
2026-05-15 09:31:29,580 INFO CSMF2.step_1_1_1.run :: epoch=29 step=400/429 train_nll=-3718.517
2026-05-15 09:31:43,348 INFO CSMF2.step_1_1_1.run :: epoch=29  train_nll=-3719.474  val_nll=-3727.793  t=140.0s
2026-05-15 09:31:43,348 INFO CSMF2.step_1_1_1.run :: [h_std] total=0.27701 batch=0.17972 (no penalty)
2026-05-15 09:31:43,348 INFO CSMF2.step_1_1_1.run :: [lat_epoch] mean_l2=0.01751 std_l2=0.02034 lambda=0.100
2026-05-15 09:31:43,348 INFO CSMF2.step_1_1_1.run :: [grad] cond=160.0673 film_gain=0.0000
2026-05-15 09:31:55,662 INFO CSMF2.step_1_1_1.run :: [run] FINAL test_nll (sealed 10k) = -3729.947
2026-05-15 09:31:56,316 INFO CSMF2.experiments.step_1_1_1.density_plots :: [plot_latent_density] saved -> CSMF2/experiments/step_1_1_1/results/nsf_s2_n0.00_seed0_5e9307fb36d4/plots/latent_density.png  (ks=0.0064, mean=0.018, std=0.989)
2026-05-15 09:31:56,547 INFO CSMF2.experiments.step_1_1_1.density_plots :: [plot_cycle_density] saved -> CSMF2/experiments/step_1_1_1/results/nsf_s2_n0.00_seed0_5e9307fb36d4/plots/cycle_density.png  (max|err|=1.618e-04 rms=1.924e-06)
2026-05-15 09:31:56,920 INFO CSMF2.experiments.step_1_1_1.density_plots :: [plot_reconstruction_panel] saved -> CSMF2/experiments/step_1_1_1/results/nsf_s2_n0.00_seed0_5e9307fb36d4/plots/reconstruction_panel.png  rms(enc-prior)=0.710
==============================================================
[1mSTEP-1_1_1 RUN SUMMARY[0m
==============================================================
expert: nsf   scale: 2   noise: 0.0   seed: 0   epochs: 30
train NLL:    -3209.95  ->    -3719.47  (Δ = -509.52)
test  NLL:    -3456.35  ->    -3727.79

[1mHARD GATES (halt on fail)[0m
  [32m 30/30  ✓[0m  invertibility FP64 <1e-5
  [33m 29/30  ✗[0m  latent KS vs N(0,1) <0.05
  [33m 28/30  ✗[0m  cycle_max < 1e-12
  [32m 30/30  ✓[0m  h std > 1e-3
  [32m 30/30  ✓[0m  FiLM γ,β std > 1e-3 aggregate
  [32m 30/30  ✓[0m  (y,seed) max|Δh| < 1e-6
  [32m 30/30  ✓[0m  no NaN/Inf this epoch
  [32m  1/1   ✓[0m  numeric log-det (FP64, once)

[1mINFORMATIONAL (logged, non-blocking)[0m
  [33m 29/30  ✗[0m  null-control gap ≥ 0.10
  [32m 30/30  ✓[0m  h_st Δlogp slope > 1e-3
  [32m 30/30  ✓[0m  grad norm > 1e-6
  [32m 30/30  ✓[0m  fwd residual reported
--------------------------------------------------------------
[1mHARD TOTAL: 208/211[0m  (98.6%)
[1mEXIT_CRITERIA_MET:[0m [31mNO[0m
[1mREMEDY HINTS:[0m
  - hard gate failed: latent_ks (latent KS vs N(0,1) <0.05) -- check epochs [3]
  - hard gate failed: cycle_max (cycle_max < 1e-12) -- check epochs [11, 28]
==============================================================
2026-05-15 09:31:56,984 INFO CSMF2.step_1_1_1.run :: STEP-1_1 run DONE  exit_ok=False  out=CSMF2/experiments/step_1_1_1/results/nsf_s2_n0.00_seed0_5e9307fb36d4
>>> 09:31:57 expert=nsf noise=0.0 lam=1.0 v2=off
2026-05-15 09:31:58,625 INFO CSMF2.step_1_1_1.run :: STEP-1_1 run | tag=nsf_s2_n0.00_seed0_1d65d509bede | cfg=StepCfg(data_root='./mnist_data', scale=2, blur_sigma=1.0, noise_sigma=0.0, batch_size=128, expert='nsf', dim=784, cond_width=128, h_dim=256, flow_hidden=256, use_film=True, cache_h=True, use_v2_conditioner=False, film_depth=2, film_hidden=128, film_use_gelu=True, realnvp_n_couplings=6, realnvp_s_max=2.0, glow_n_steps=8, glow_coupling_hidden=256, glow_s_max=2.0, glow_squeeze=True, glow_n_levels=1, glow_image_c=1, glow_image_h=28, glow_image_w=28, glow_film_gain_init=0.3, lr=0.001, epochs=30, weight_decay=0.0, grad_clip=5.0, shuffle_loss_lambda=0.0, shuffle_loss_margin=0.5, h_std_penalty_mu=0.0, h_std_target=0.05, cond_y_residual_alpha_init=0.0, latent_moment_lambda=1.0, latent_ks_target=0.1, fwd_rel_target=0.5, resume_from=None, seed=0, out_root='./CSMF2/experiments/step_1_1_1/results', log_every=50, sanity_every_epoch=True)
2026-05-15 09:31:58,694 INFO CSMF2.step_1_1_1.run :: [run] data sizes: train=55000  val=5000 (per-epoch)  test=10000 (final-only)
2026-05-15 09:31:58,747 INFO CSMF2.step_1_1_1.run :: [y_sanity] y.std(dim=0).mean() = 0.1294  shape=(128, 1, 14, 14)
2026-05-15 09:32:11,476 INFO CSMF2.step_1_1_1.run :: [h] epoch=0 step=50 total=0.37329 batch=0.01349
2026-05-15 09:32:11,477 INFO CSMF2.step_1_1_1.run :: [lat] epoch=0 step=50 mean_l2=0.49109 std_l2=0.10647
2026-05-15 09:32:11,606 INFO CSMF2.step_1_1_1.run :: epoch=0 step=50/429 train_nll=-2108.168
2026-05-15 09:32:24,432 INFO CSMF2.step_1_1_1.run :: [h] epoch=0 step=100 total=0.28859 batch=0.00471
2026-05-15 09:32:24,433 INFO CSMF2.step_1_1_1.run :: [lat] epoch=0 step=100 mean_l2=0.06964 std_l2=0.06204
2026-05-15 09:32:24,562 INFO CSMF2.step_1_1_1.run :: epoch=0 step=100/429 train_nll=-2646.922
2026-05-15 09:32:37,332 INFO CSMF2.step_1_1_1.run :: [h] epoch=0 step=150 total=0.22705 batch=0.00597
2026-05-15 09:32:37,333 INFO CSMF2.step_1_1_1.run :: [lat] epoch=0 step=150 mean_l2=0.09816 std_l2=0.04340
2026-05-15 09:32:37,463 INFO CSMF2.step_1_1_1.run :: epoch=0 step=150/429 train_nll=-2856.427
2026-05-15 09:32:50,254 INFO CSMF2.step_1_1_1.run :: [h] epoch=0 step=200 total=0.17150 batch=0.01412
2026-05-15 09:32:50,254 INFO CSMF2.step_1_1_1.run :: [lat] epoch=0 step=200 mean_l2=0.04567 std_l2=0.05718
2026-05-15 09:32:50,387 INFO CSMF2.step_1_1_1.run :: epoch=0 step=200/429 train_nll=-2975.405
2026-05-15 09:33:02,791 INFO CSMF2.step_1_1_1.run :: [h] epoch=0 step=250 total=0.28448 batch=0.03140
2026-05-15 09:33:02,791 INFO CSMF2.step_1_1_1.run :: [lat] epoch=0 step=250 mean_l2=0.04677 std_l2=0.03798
2026-05-15 09:33:02,919 INFO CSMF2.step_1_1_1.run :: epoch=0 step=250/429 train_nll=-3052.157
2026-05-15 09:33:15,672 INFO CSMF2.step_1_1_1.run :: [h] epoch=0 step=300 total=0.32429 batch=0.06122
2026-05-15 09:33:15,673 INFO CSMF2.step_1_1_1.run :: [lat] epoch=0 step=300 mean_l2=0.02445 std_l2=0.03107
2026-05-15 09:33:15,806 INFO CSMF2.step_1_1_1.run :: epoch=0 step=300/429 train_nll=-3111.083
2026-05-15 09:33:28,443 INFO CSMF2.step_1_1_1.run :: [h] epoch=0 step=350 total=0.27757 batch=0.09471
2026-05-15 09:33:28,444 INFO CSMF2.step_1_1_1.run :: [lat] epoch=0 step=350 mean_l2=0.05021 std_l2=0.04168
2026-05-15 09:33:28,574 INFO CSMF2.step_1_1_1.run :: epoch=0 step=350/429 train_nll=-3153.797
2026-05-15 09:33:41,275 INFO CSMF2.step_1_1_1.run :: [h] epoch=0 step=400 total=0.26248 batch=0.10372
2026-05-15 09:33:41,275 INFO CSMF2.step_1_1_1.run :: [lat] epoch=0 step=400 mean_l2=0.02900 std_l2=0.03985
2026-05-15 09:33:41,408 INFO CSMF2.step_1_1_1.run :: epoch=0 step=400/429 train_nll=-3188.374
2026-05-15 09:33:53,491 INFO CSMF2.step_1_1_1.run :: epoch=0  train_nll=-3204.564  val_nll=-3455.909  t=114.6s
2026-05-15 09:33:53,492 INFO CSMF2.step_1_1_1.run :: [h_std] total=0.24847 batch=0.03983 (no penalty)
2026-05-15 09:33:53,492 INFO CSMF2.step_1_1_1.run :: [lat_epoch] mean_l2=0.17191 std_l2=0.11657 lambda=1.000
2026-05-15 09:33:53,492 INFO CSMF2.step_1_1_1.run :: [grad] cond=82.4635 film_gain=0.0000
2026-05-15 09:34:09,641 INFO CSMF2.step_1_1_1.run :: [h] epoch=1 step=50 total=0.33104 batch=0.12756
2026-05-15 09:34:09,642 INFO CSMF2.step_1_1_1.run :: [lat] epoch=1 step=50 mean_l2=0.03842 std_l2=0.02942
2026-05-15 09:34:09,773 INFO CSMF2.step_1_1_1.run :: epoch=1 step=50/429 train_nll=-3462.219
2026-05-15 09:34:22,673 INFO CSMF2.step_1_1_1.run :: [h] epoch=1 step=100 total=0.33880 batch=0.16596
2026-05-15 09:34:22,674 INFO CSMF2.step_1_1_1.run :: [lat] epoch=1 step=100 mean_l2=0.02360 std_l2=0.03002
2026-05-15 09:34:22,803 INFO CSMF2.step_1_1_1.run :: epoch=1 step=100/429 train_nll=-3467.294
2026-05-15 09:34:35,429 INFO CSMF2.step_1_1_1.run :: [h] epoch=1 step=150 total=0.37690 batch=0.20879
2026-05-15 09:34:35,429 INFO CSMF2.step_1_1_1.run :: [lat] epoch=1 step=150 mean_l2=0.02851 std_l2=0.03082
2026-05-15 09:34:35,559 INFO CSMF2.step_1_1_1.run :: epoch=1 step=150/429 train_nll=-3468.879
2026-05-15 09:34:48,478 INFO CSMF2.step_1_1_1.run :: [h] epoch=1 step=200 total=0.45729 batch=0.22122
2026-05-15 09:34:48,479 INFO CSMF2.step_1_1_1.run :: [lat] epoch=1 step=200 mean_l2=0.02976 std_l2=0.03632
2026-05-15 09:34:48,637 INFO CSMF2.step_1_1_1.run :: epoch=1 step=200/429 train_nll=-3474.774
2026-05-15 09:35:01,780 INFO CSMF2.step_1_1_1.run :: [h] epoch=1 step=250 total=0.40720 batch=0.23471
2026-05-15 09:35:01,781 INFO CSMF2.step_1_1_1.run :: [lat] epoch=1 step=250 mean_l2=0.03216 std_l2=0.02445
2026-05-15 09:35:01,925 INFO CSMF2.step_1_1_1.run :: epoch=1 step=250/429 train_nll=-3475.826
2026-05-15 09:35:15,492 INFO CSMF2.step_1_1_1.run :: [h] epoch=1 step=300 total=0.43252 batch=0.23990
2026-05-15 09:35:15,492 INFO CSMF2.step_1_1_1.run :: [lat] epoch=1 step=300 mean_l2=0.03573 std_l2=0.03633
2026-05-15 09:35:15,639 INFO CSMF2.step_1_1_1.run :: epoch=1 step=300/429 train_nll=-3476.848
2026-05-15 09:35:29,378 INFO CSMF2.step_1_1_1.run :: [h] epoch=1 step=350 total=0.46523 batch=0.27667
2026-05-15 09:35:29,378 INFO CSMF2.step_1_1_1.run :: [lat] epoch=1 step=350 mean_l2=0.07502 std_l2=0.03709
2026-05-15 09:35:29,531 INFO CSMF2.step_1_1_1.run :: epoch=1 step=350/429 train_nll=-3481.237
2026-05-15 09:35:43,449 INFO CSMF2.step_1_1_1.run :: [h] epoch=1 step=400 total=0.41043 batch=0.25859
2026-05-15 09:35:43,450 INFO CSMF2.step_1_1_1.run :: [lat] epoch=1 step=400 mean_l2=0.04110 std_l2=0.02919
2026-05-15 09:35:43,596 INFO CSMF2.step_1_1_1.run :: epoch=1 step=400/429 train_nll=-3482.749
2026-05-15 09:35:56,321 INFO CSMF2.step_1_1_1.run :: epoch=1  train_nll=-3482.879  val_nll=-3512.828  t=119.4s
2026-05-15 09:35:56,321 INFO CSMF2.step_1_1_1.run :: [h_std] total=0.38229 batch=0.20621 (no penalty)
2026-05-15 09:35:56,321 INFO CSMF2.step_1_1_1.run :: [lat_epoch] mean_l2=0.03314 std_l2=0.02770 lambda=1.000
2026-05-15 09:35:56,321 INFO CSMF2.step_1_1_1.run :: [grad] cond=200.8245 film_gain=0.0000
2026-05-15 09:36:13,028 INFO CSMF2.step_1_1_1.run :: [h] epoch=2 step=50 total=0.40967 batch=0.25409
2026-05-15 09:36:13,028 INFO CSMF2.step_1_1_1.run :: [lat] epoch=2 step=50 mean_l2=0.02379 std_l2=0.02034
2026-05-15 09:36:13,176 INFO CSMF2.step_1_1_1.run :: epoch=2 step=50/429 train_nll=-3496.743
2026-05-15 09:36:26,780 INFO CSMF2.step_1_1_1.run :: [h] epoch=2 step=100 total=0.40290 batch=0.25785
2026-05-15 09:36:26,780 INFO CSMF2.step_1_1_1.run :: [lat] epoch=2 step=100 mean_l2=0.03541 std_l2=0.02380
2026-05-15 09:36:26,929 INFO CSMF2.step_1_1_1.run :: epoch=2 step=100/429 train_nll=-3505.357
2026-05-15 09:36:40,630 INFO CSMF2.step_1_1_1.run :: [h] epoch=2 step=150 total=0.42654 batch=0.28113
2026-05-15 09:36:40,630 INFO CSMF2.step_1_1_1.run :: [lat] epoch=2 step=150 mean_l2=0.03051 std_l2=0.02852
2026-05-15 09:36:40,780 INFO CSMF2.step_1_1_1.run :: epoch=2 step=150/429 train_nll=-3510.418
2026-05-15 09:36:54,143 INFO CSMF2.step_1_1_1.run :: [h] epoch=2 step=200 total=0.39576 batch=0.24974
2026-05-15 09:36:54,144 INFO CSMF2.step_1_1_1.run :: [lat] epoch=2 step=200 mean_l2=0.04072 std_l2=0.02258
2026-05-15 09:36:54,287 INFO CSMF2.step_1_1_1.run :: epoch=2 step=200/429 train_nll=-3510.567
2026-05-15 09:37:08,069 INFO CSMF2.step_1_1_1.run :: [h] epoch=2 step=250 total=0.44970 batch=0.29377
2026-05-15 09:37:08,070 INFO CSMF2.step_1_1_1.run :: [lat] epoch=2 step=250 mean_l2=0.01765 std_l2=0.02200
2026-05-15 09:37:08,255 INFO CSMF2.step_1_1_1.run :: epoch=2 step=250/429 train_nll=-3515.472
2026-05-15 09:37:21,917 INFO CSMF2.step_1_1_1.run :: [h] epoch=2 step=300 total=0.45344 batch=0.27911
2026-05-15 09:37:21,918 INFO CSMF2.step_1_1_1.run :: [lat] epoch=2 step=300 mean_l2=0.01783 std_l2=0.02566
2026-05-15 09:37:22,067 INFO CSMF2.step_1_1_1.run :: epoch=2 step=300/429 train_nll=-3521.354
2026-05-15 09:37:36,024 INFO CSMF2.step_1_1_1.run :: [h] epoch=2 step=350 total=0.44291 batch=0.28392
2026-05-15 09:37:36,024 INFO CSMF2.step_1_1_1.run :: [lat] epoch=2 step=350 mean_l2=0.03415 std_l2=0.02182
2026-05-15 09:37:36,211 INFO CSMF2.step_1_1_1.run :: epoch=2 step=350/429 train_nll=-3525.276
2026-05-15 09:37:50,103 INFO CSMF2.step_1_1_1.run :: [h] epoch=2 step=400 total=0.43601 batch=0.28324
2026-05-15 09:37:50,103 INFO CSMF2.step_1_1_1.run :: [lat] epoch=2 step=400 mean_l2=0.04754 std_l2=0.02811
2026-05-15 09:37:50,252 INFO CSMF2.step_1_1_1.run :: epoch=2 step=400/429 train_nll=-3527.743
2026-05-15 09:38:02,706 INFO CSMF2.step_1_1_1.run :: epoch=2  train_nll=-3529.568  val_nll=-3571.651  t=123.1s
2026-05-15 09:38:02,706 INFO CSMF2.step_1_1_1.run :: [h_std] total=0.42852 batch=0.27364 (no penalty)
2026-05-15 09:38:02,706 INFO CSMF2.step_1_1_1.run :: [lat_epoch] mean_l2=0.02993 std_l2=0.02564 lambda=1.000
2026-05-15 09:38:02,706 INFO CSMF2.step_1_1_1.run :: [grad] cond=46.7653 film_gain=0.0000
2026-05-15 09:38:19,877 INFO CSMF2.step_1_1_1.run :: [h] epoch=3 step=50 total=0.46381 batch=0.28777
2026-05-15 09:38:19,877 INFO CSMF2.step_1_1_1.run :: [lat] epoch=3 step=50 mean_l2=0.02701 std_l2=0.02621
2026-05-15 09:38:20,022 INFO CSMF2.step_1_1_1.run :: epoch=3 step=50/429 train_nll=-3566.938
2026-05-15 09:38:33,866 INFO CSMF2.step_1_1_1.run :: [h] epoch=3 step=100 total=0.47284 batch=0.29882
2026-05-15 09:38:33,866 INFO CSMF2.step_1_1_1.run :: [lat] epoch=3 step=100 mean_l2=0.01999 std_l2=0.02458
2026-05-15 09:38:34,025 INFO CSMF2.step_1_1_1.run :: epoch=3 step=100/429 train_nll=-3561.314
2026-05-15 09:38:48,129 INFO CSMF2.step_1_1_1.run :: [h] epoch=3 step=150 total=0.47042 batch=0.31819
2026-05-15 09:38:48,130 INFO CSMF2.step_1_1_1.run :: [lat] epoch=3 step=150 mean_l2=0.02506 std_l2=0.02046
2026-05-15 09:38:48,320 INFO CSMF2.step_1_1_1.run :: epoch=3 step=150/429 train_nll=-3558.066
2026-05-15 09:39:02,152 INFO CSMF2.step_1_1_1.run :: [h] epoch=3 step=200 total=0.44009 batch=0.28659
2026-05-15 09:39:02,153 INFO CSMF2.step_1_1_1.run :: [lat] epoch=3 step=200 mean_l2=0.03362 std_l2=0.02328
2026-05-15 09:39:02,304 INFO CSMF2.step_1_1_1.run :: epoch=3 step=200/429 train_nll=-3559.678
2026-05-15 09:39:16,151 INFO CSMF2.step_1_1_1.run :: [h] epoch=3 step=250 total=0.46790 batch=0.30959
2026-05-15 09:39:16,151 INFO CSMF2.step_1_1_1.run :: [lat] epoch=3 step=250 mean_l2=0.02495 std_l2=0.02157
2026-05-15 09:39:16,302 INFO CSMF2.step_1_1_1.run :: epoch=3 step=250/429 train_nll=-3559.247
2026-05-15 09:39:30,314 INFO CSMF2.step_1_1_1.run :: [h] epoch=3 step=300 total=0.44575 batch=0.28674
2026-05-15 09:39:30,315 INFO CSMF2.step_1_1_1.run :: [lat] epoch=3 step=300 mean_l2=0.05786 std_l2=0.03156
2026-05-15 09:39:30,467 INFO CSMF2.step_1_1_1.run :: epoch=3 step=300/429 train_nll=-3557.906
2026-05-15 09:39:44,661 INFO CSMF2.step_1_1_1.run :: [h] epoch=3 step=350 total=0.48244 batch=0.32083
2026-05-15 09:39:44,662 INFO CSMF2.step_1_1_1.run :: [lat] epoch=3 step=350 mean_l2=0.08114 std_l2=0.02321
2026-05-15 09:39:44,854 INFO CSMF2.step_1_1_1.run :: epoch=3 step=350/429 train_nll=-3557.616
2026-05-15 09:39:58,938 INFO CSMF2.step_1_1_1.run :: [h] epoch=3 step=400 total=0.47580 batch=0.30948
2026-05-15 09:39:58,939 INFO CSMF2.step_1_1_1.run :: [lat] epoch=3 step=400 mean_l2=0.02229 std_l2=0.02042
2026-05-15 09:39:59,091 INFO CSMF2.step_1_1_1.run :: epoch=3 step=400/429 train_nll=-3560.258
2026-05-15 09:40:11,730 INFO CSMF2.step_1_1_1.run :: epoch=3  train_nll=-3561.623  val_nll=-3543.487  t=125.8s
2026-05-15 09:40:11,730 INFO CSMF2.step_1_1_1.run :: [h_std] total=0.46173 batch=0.30078 (no penalty)
2026-05-15 09:40:11,730 INFO CSMF2.step_1_1_1.run :: [lat_epoch] mean_l2=0.02814 std_l2=0.02487 lambda=1.000
2026-05-15 09:40:11,730 INFO CSMF2.step_1_1_1.run :: [grad] cond=263.6211 film_gain=0.0000
2026-05-15 09:40:28,449 INFO CSMF2.step_1_1_1.run :: [h] epoch=4 step=50 total=0.45807 batch=0.29940
2026-05-15 09:40:28,449 INFO CSMF2.step_1_1_1.run :: [lat] epoch=4 step=50 mean_l2=0.01738 std_l2=0.02129
2026-05-15 09:40:28,601 INFO CSMF2.step_1_1_1.run :: epoch=4 step=50/429 train_nll=-3571.383
2026-05-15 09:40:42,422 INFO CSMF2.step_1_1_1.run :: [h] epoch=4 step=100 total=0.47107 batch=0.30408
2026-05-15 09:40:42,422 INFO CSMF2.step_1_1_1.run :: [lat] epoch=4 step=100 mean_l2=0.03313 std_l2=0.02269
2026-05-15 09:40:42,577 INFO CSMF2.step_1_1_1.run :: epoch=4 step=100/429 train_nll=-3579.772
2026-05-15 09:40:56,548 INFO CSMF2.step_1_1_1.run :: [h] epoch=4 step=150 total=0.45814 batch=0.30977
2026-05-15 09:40:56,549 INFO CSMF2.step_1_1_1.run :: [lat] epoch=4 step=150 mean_l2=0.03504 std_l2=0.02540
2026-05-15 09:40:56,702 INFO CSMF2.step_1_1_1.run :: epoch=4 step=150/429 train_nll=-3573.857
2026-05-15 09:41:10,617 INFO CSMF2.step_1_1_1.run :: [h] epoch=4 step=200 total=0.46366 batch=0.30377
2026-05-15 09:41:10,618 INFO CSMF2.step_1_1_1.run :: [lat] epoch=4 step=200 mean_l2=0.01793 std_l2=0.02415
2026-05-15 09:41:10,772 INFO CSMF2.step_1_1_1.run :: epoch=4 step=200/429 train_nll=-3575.300
2026-05-15 09:41:24,805 INFO CSMF2.step_1_1_1.run :: [h] epoch=4 step=250 total=0.49434 batch=0.32000
2026-05-15 09:41:24,806 INFO CSMF2.step_1_1_1.run :: [lat] epoch=4 step=250 mean_l2=0.02657 std_l2=0.02052
2026-05-15 09:41:24,959 INFO CSMF2.step_1_1_1.run :: epoch=4 step=250/429 train_nll=-3577.761
2026-05-15 09:41:38,704 INFO CSMF2.step_1_1_1.run :: [h] epoch=4 step=300 total=0.46535 batch=0.29798
2026-05-15 09:41:38,705 INFO CSMF2.step_1_1_1.run :: [lat] epoch=4 step=300 mean_l2=0.02046 std_l2=0.02404
2026-05-15 09:41:38,859 INFO CSMF2.step_1_1_1.run :: epoch=4 step=300/429 train_nll=-3578.093
2026-05-15 09:41:52,796 INFO CSMF2.step_1_1_1.run :: [h] epoch=4 step=350 total=0.48784 batch=0.32051
2026-05-15 09:41:52,796 INFO CSMF2.step_1_1_1.run :: [lat] epoch=4 step=350 mean_l2=0.01661 std_l2=0.02435
2026-05-15 09:41:52,950 INFO CSMF2.step_1_1_1.run :: epoch=4 step=350/429 train_nll=-3580.360
2026-05-15 09:42:07,058 INFO CSMF2.step_1_1_1.run :: [h] epoch=4 step=400 total=0.49200 batch=0.31696
2026-05-15 09:42:07,059 INFO CSMF2.step_1_1_1.run :: [lat] epoch=4 step=400 mean_l2=0.02391 std_l2=0.02154
2026-05-15 09:42:07,212 INFO CSMF2.step_1_1_1.run :: epoch=4 step=400/429 train_nll=-3583.769
2026-05-15 09:42:20,133 INFO CSMF2.step_1_1_1.run :: epoch=4  train_nll=-3583.777  val_nll=-3568.303  t=125.4s
2026-05-15 09:42:20,133 INFO CSMF2.step_1_1_1.run :: [h_std] total=0.47251 batch=0.30767 (no penalty)
2026-05-15 09:42:20,133 INFO CSMF2.step_1_1_1.run :: [lat_epoch] mean_l2=0.02674 std_l2=0.02466 lambda=1.000
2026-05-15 09:42:20,133 INFO CSMF2.step_1_1_1.run :: [grad] cond=343.3647 film_gain=0.0000
2026-05-15 09:42:37,555 INFO CSMF2.step_1_1_1.run :: [h] epoch=5 step=50 total=0.46220 batch=0.28979
2026-05-15 09:42:37,555 INFO CSMF2.step_1_1_1.run :: [lat] epoch=5 step=50 mean_l2=0.02156 std_l2=0.02395
2026-05-15 09:42:37,709 INFO CSMF2.step_1_1_1.run :: epoch=5 step=50/429 train_nll=-3593.511
2026-05-15 09:42:52,049 INFO CSMF2.step_1_1_1.run :: [h] epoch=5 step=100 total=0.48050 batch=0.29951
2026-05-15 09:42:52,050 INFO CSMF2.step_1_1_1.run :: [lat] epoch=5 step=100 mean_l2=0.03024 std_l2=0.02066
2026-05-15 09:42:52,255 INFO CSMF2.step_1_1_1.run :: epoch=5 step=100/429 train_nll=-3592.930
2026-05-15 09:43:06,661 INFO CSMF2.step_1_1_1.run :: [h] epoch=5 step=150 total=0.47740 batch=0.31556
2026-05-15 09:43:06,662 INFO CSMF2.step_1_1_1.run :: [lat] epoch=5 step=150 mean_l2=0.01893 std_l2=0.02357
2026-05-15 09:43:06,821 INFO CSMF2.step_1_1_1.run :: epoch=5 step=150/429 train_nll=-3594.078
2026-05-15 09:43:21,191 INFO CSMF2.step_1_1_1.run :: [h] epoch=5 step=200 total=0.48716 batch=0.30569
2026-05-15 09:43:21,192 INFO CSMF2.step_1_1_1.run :: [lat] epoch=5 step=200 mean_l2=0.01514 std_l2=0.02175
2026-05-15 09:43:21,393 INFO CSMF2.step_1_1_1.run :: epoch=5 step=200/429 train_nll=-3600.935
2026-05-15 09:43:35,459 INFO CSMF2.step_1_1_1.run :: [h] epoch=5 step=250 total=0.49344 batch=0.31612
2026-05-15 09:43:35,460 INFO CSMF2.step_1_1_1.run :: [lat] epoch=5 step=250 mean_l2=0.01566 std_l2=0.02359
2026-05-15 09:43:35,618 INFO CSMF2.step_1_1_1.run :: epoch=5 step=250/429 train_nll=-3605.164
2026-05-15 09:43:49,886 INFO CSMF2.step_1_1_1.run :: [h] epoch=5 step=300 total=0.48278 batch=0.30586
2026-05-15 09:43:49,887 INFO CSMF2.step_1_1_1.run :: [lat] epoch=5 step=300 mean_l2=0.02648 std_l2=0.02636
2026-05-15 09:43:50,049 INFO CSMF2.step_1_1_1.run :: epoch=5 step=300/429 train_nll=-3604.379
2026-05-15 09:44:04,532 INFO CSMF2.step_1_1_1.run :: [h] epoch=5 step=350 total=0.47985 batch=0.31435
2026-05-15 09:44:04,533 INFO CSMF2.step_1_1_1.run :: [lat] epoch=5 step=350 mean_l2=0.01878 std_l2=0.02505
2026-05-15 09:44:04,742 INFO CSMF2.step_1_1_1.run :: epoch=5 step=350/429 train_nll=-3604.197
2026-05-15 09:44:19,233 INFO CSMF2.step_1_1_1.run :: [h] epoch=5 step=400 total=0.47709 batch=0.30931
2026-05-15 09:44:19,234 INFO CSMF2.step_1_1_1.run :: [lat] epoch=5 step=400 mean_l2=0.02408 std_l2=0.02374
2026-05-15 09:44:19,394 INFO CSMF2.step_1_1_1.run :: epoch=5 step=400/429 train_nll=-3605.739
2026-05-15 09:44:32,358 INFO CSMF2.step_1_1_1.run :: epoch=5  train_nll=-3605.794  val_nll=-3605.225  t=129.2s
2026-05-15 09:44:32,358 INFO CSMF2.step_1_1_1.run :: [h_std] total=0.47834 batch=0.30678 (no penalty)
2026-05-15 09:44:32,358 INFO CSMF2.step_1_1_1.run :: [lat_epoch] mean_l2=0.02370 std_l2=0.02343 lambda=1.000
2026-05-15 09:44:32,358 INFO CSMF2.step_1_1_1.run :: [grad] cond=115.3207 film_gain=0.0000
2026-05-15 09:44:49,820 INFO CSMF2.step_1_1_1.run :: [h] epoch=6 step=50 total=0.46438 batch=0.29259
2026-05-15 09:44:49,820 INFO CSMF2.step_1_1_1.run :: [lat] epoch=6 step=50 mean_l2=0.02366 std_l2=0.02745
2026-05-15 09:44:50,029 INFO CSMF2.step_1_1_1.run :: epoch=6 step=50/429 train_nll=-3610.285
2026-05-15 09:45:04,761 INFO CSMF2.step_1_1_1.run :: [h] epoch=6 step=100 total=0.46133 batch=0.29503
2026-05-15 09:45:04,761 INFO CSMF2.step_1_1_1.run :: [lat] epoch=6 step=100 mean_l2=0.02854 std_l2=0.02293
2026-05-15 09:45:04,923 INFO CSMF2.step_1_1_1.run :: epoch=6 step=100/429 train_nll=-3612.110
2026-05-15 09:45:19,375 INFO CSMF2.step_1_1_1.run :: [h] epoch=6 step=150 total=0.49026 batch=0.31914
2026-05-15 09:45:19,376 INFO CSMF2.step_1_1_1.run :: [lat] epoch=6 step=150 mean_l2=0.02231 std_l2=0.02014
2026-05-15 09:45:19,536 INFO CSMF2.step_1_1_1.run :: epoch=6 step=150/429 train_nll=-3614.391
2026-05-15 09:45:34,029 INFO CSMF2.step_1_1_1.run :: [h] epoch=6 step=200 total=0.47038 batch=0.29649
2026-05-15 09:45:34,030 INFO CSMF2.step_1_1_1.run :: [lat] epoch=6 step=200 mean_l2=0.01804 std_l2=0.02661
2026-05-15 09:45:34,192 INFO CSMF2.step_1_1_1.run :: epoch=6 step=200/429 train_nll=-3614.464
2026-05-15 09:45:48,420 INFO CSMF2.step_1_1_1.run :: [h] epoch=6 step=250 total=0.49425 batch=0.31829
2026-05-15 09:45:48,421 INFO CSMF2.step_1_1_1.run :: [lat] epoch=6 step=250 mean_l2=0.01608 std_l2=0.01918
2026-05-15 09:45:48,630 INFO CSMF2.step_1_1_1.run :: epoch=6 step=250/429 train_nll=-3619.160
2026-05-15 09:46:02,939 INFO CSMF2.step_1_1_1.run :: [h] epoch=6 step=300 total=0.49666 batch=0.31086
2026-05-15 09:46:02,939 INFO CSMF2.step_1_1_1.run :: [lat] epoch=6 step=300 mean_l2=0.02248 std_l2=0.02403
2026-05-15 09:46:03,101 INFO CSMF2.step_1_1_1.run :: epoch=6 step=300/429 train_nll=-3619.910
2026-05-15 09:46:17,706 INFO CSMF2.step_1_1_1.run :: [h] epoch=6 step=350 total=0.49058 batch=0.31367
2026-05-15 09:46:17,706 INFO CSMF2.step_1_1_1.run :: [lat] epoch=6 step=350 mean_l2=0.01540 std_l2=0.01932
2026-05-15 09:46:17,870 INFO CSMF2.step_1_1_1.run :: epoch=6 step=350/429 train_nll=-3621.755
2026-05-15 09:46:32,600 INFO CSMF2.step_1_1_1.run :: [h] epoch=6 step=400 total=0.48467 batch=0.30638
2026-05-15 09:46:32,600 INFO CSMF2.step_1_1_1.run :: [lat] epoch=6 step=400 mean_l2=0.02043 std_l2=0.02267
2026-05-15 09:46:32,762 INFO CSMF2.step_1_1_1.run :: epoch=6 step=400/429 train_nll=-3623.101
2026-05-15 09:46:45,683 INFO CSMF2.step_1_1_1.run :: epoch=6  train_nll=-3624.115  val_nll=-3641.219  t=130.4s
2026-05-15 09:46:45,683 INFO CSMF2.step_1_1_1.run :: [h_std] total=0.47894 batch=0.30566 (no penalty)
2026-05-15 09:46:45,683 INFO CSMF2.step_1_1_1.run :: [lat_epoch] mean_l2=0.02108 std_l2=0.02252 lambda=1.000
2026-05-15 09:46:45,683 INFO CSMF2.step_1_1_1.run :: [grad] cond=300.6023 film_gain=0.0000
2026-05-15 09:47:03,373 INFO CSMF2.step_1_1_1.run :: [h] epoch=7 step=50 total=0.46960 batch=0.28713
2026-05-15 09:47:03,374 INFO CSMF2.step_1_1_1.run :: [lat] epoch=7 step=50 mean_l2=0.01849 std_l2=0.02218
2026-05-15 09:47:03,582 INFO CSMF2.step_1_1_1.run :: epoch=7 step=50/429 train_nll=-3628.577
2026-05-15 09:47:18,031 INFO CSMF2.step_1_1_1.run :: [h] epoch=7 step=100 total=0.48603 batch=0.29883
2026-05-15 09:47:18,032 INFO CSMF2.step_1_1_1.run :: [lat] epoch=7 step=100 mean_l2=0.01618 std_l2=0.02565
2026-05-15 09:47:18,193 INFO CSMF2.step_1_1_1.run :: epoch=7 step=100/429 train_nll=-3634.094
2026-05-15 09:47:32,590 INFO CSMF2.step_1_1_1.run :: [h] epoch=7 step=150 total=0.49146 batch=0.31139
2026-05-15 09:47:32,591 INFO CSMF2.step_1_1_1.run :: [lat] epoch=7 step=150 mean_l2=0.02286 std_l2=0.02434
2026-05-15 09:47:32,755 INFO CSMF2.step_1_1_1.run :: epoch=7 step=150/429 train_nll=-3634.093
2026-05-15 09:47:47,654 INFO CSMF2.step_1_1_1.run :: [h] epoch=7 step=200 total=0.46254 batch=0.28897
2026-05-15 09:47:47,655 INFO CSMF2.step_1_1_1.run :: [lat] epoch=7 step=200 mean_l2=0.03945 std_l2=0.02449
2026-05-15 09:47:47,818 INFO CSMF2.step_1_1_1.run :: epoch=7 step=200/429 train_nll=-3629.192
2026-05-15 09:48:02,543 INFO CSMF2.step_1_1_1.run :: [h] epoch=7 step=250 total=0.46746 batch=0.30248
2026-05-15 09:48:02,544 INFO CSMF2.step_1_1_1.run :: [lat] epoch=7 step=250 mean_l2=0.01992 std_l2=0.02064
2026-05-15 09:48:02,702 INFO CSMF2.step_1_1_1.run :: epoch=7 step=250/429 train_nll=-3626.297
2026-05-15 09:48:17,218 INFO CSMF2.step_1_1_1.run :: [h] epoch=7 step=300 total=0.46100 batch=0.29065
2026-05-15 09:48:17,218 INFO CSMF2.step_1_1_1.run :: [lat] epoch=7 step=300 mean_l2=0.01791 std_l2=0.02245
2026-05-15 09:48:17,381 INFO CSMF2.step_1_1_1.run :: epoch=7 step=300/429 train_nll=-3626.358
2026-05-15 09:48:32,163 INFO CSMF2.step_1_1_1.run :: [h] epoch=7 step=350 total=0.46779 batch=0.30139
2026-05-15 09:48:32,164 INFO CSMF2.step_1_1_1.run :: [lat] epoch=7 step=350 mean_l2=0.02500 std_l2=0.02440
2026-05-15 09:48:32,376 INFO CSMF2.step_1_1_1.run :: epoch=7 step=350/429 train_nll=-3628.496
2026-05-15 09:48:46,883 INFO CSMF2.step_1_1_1.run :: [h] epoch=7 step=400 total=0.47422 batch=0.29936
2026-05-15 09:48:46,883 INFO CSMF2.step_1_1_1.run :: [lat] epoch=7 step=400 mean_l2=0.01757 std_l2=0.02152
2026-05-15 09:48:47,041 INFO CSMF2.step_1_1_1.run :: epoch=7 step=400/429 train_nll=-3631.140
2026-05-15 09:49:00,319 INFO CSMF2.step_1_1_1.run :: epoch=7  train_nll=-3631.700  val_nll=-3646.277  t=131.4s
2026-05-15 09:49:00,319 INFO CSMF2.step_1_1_1.run :: [h_std] total=0.47359 batch=0.29896 (no penalty)
2026-05-15 09:49:00,319 INFO CSMF2.step_1_1_1.run :: [lat_epoch] mean_l2=0.02195 std_l2=0.02261 lambda=1.000
2026-05-15 09:49:00,319 INFO CSMF2.step_1_1_1.run :: [grad] cond=590.8186 film_gain=0.0000
2026-05-15 09:49:17,894 INFO CSMF2.step_1_1_1.run :: [h] epoch=8 step=50 total=0.46316 batch=0.28940
2026-05-15 09:49:17,895 INFO CSMF2.step_1_1_1.run :: [lat] epoch=8 step=50 mean_l2=0.01481 std_l2=0.02037
2026-05-15 09:49:18,058 INFO CSMF2.step_1_1_1.run :: epoch=8 step=50/429 train_nll=-3639.721
2026-05-15 09:49:32,560 INFO CSMF2.step_1_1_1.run :: [h] epoch=8 step=100 total=0.46754 batch=0.29156
2026-05-15 09:49:32,561 INFO CSMF2.step_1_1_1.run :: [lat] epoch=8 step=100 mean_l2=0.01944 std_l2=0.02553
2026-05-15 09:49:32,723 INFO CSMF2.step_1_1_1.run :: epoch=8 step=100/429 train_nll=-3641.387
2026-05-15 09:49:47,329 INFO CSMF2.step_1_1_1.run :: [h] epoch=8 step=150 total=0.46147 batch=0.29347
2026-05-15 09:49:47,330 INFO CSMF2.step_1_1_1.run :: [lat] epoch=8 step=150 mean_l2=0.01830 std_l2=0.02515
2026-05-15 09:49:47,494 INFO CSMF2.step_1_1_1.run :: epoch=8 step=150/429 train_nll=-3641.318
2026-05-15 09:50:02,209 INFO CSMF2.step_1_1_1.run :: [h] epoch=8 step=200 total=0.46890 batch=0.29325
2026-05-15 09:50:02,210 INFO CSMF2.step_1_1_1.run :: [lat] epoch=8 step=200 mean_l2=0.01786 std_l2=0.02183
2026-05-15 09:50:02,418 INFO CSMF2.step_1_1_1.run :: epoch=8 step=200/429 train_nll=-3641.859
2026-05-15 09:50:17,175 INFO CSMF2.step_1_1_1.run :: [h] epoch=8 step=250 total=0.47917 batch=0.30585
2026-05-15 09:50:17,176 INFO CSMF2.step_1_1_1.run :: [lat] epoch=8 step=250 mean_l2=0.01454 std_l2=0.01926
2026-05-15 09:50:17,340 INFO CSMF2.step_1_1_1.run :: epoch=8 step=250/429 train_nll=-3644.252
2026-05-15 09:50:32,197 INFO CSMF2.step_1_1_1.run :: [h] epoch=8 step=300 total=0.46554 batch=0.28816
2026-05-15 09:50:32,198 INFO CSMF2.step_1_1_1.run :: [lat] epoch=8 step=300 mean_l2=0.01564 std_l2=0.01994
2026-05-15 09:50:32,362 INFO CSMF2.step_1_1_1.run :: epoch=8 step=300/429 train_nll=-3644.606
2026-05-15 09:50:47,266 INFO CSMF2.step_1_1_1.run :: [h] epoch=8 step=350 total=0.47253 batch=0.30073
2026-05-15 09:50:47,266 INFO CSMF2.step_1_1_1.run :: [lat] epoch=8 step=350 mean_l2=0.02072 std_l2=0.02210
2026-05-15 09:50:47,429 INFO CSMF2.step_1_1_1.run :: epoch=8 step=350/429 train_nll=-3645.130
2026-05-15 09:51:02,135 INFO CSMF2.step_1_1_1.run :: [h] epoch=8 step=400 total=0.45471 batch=0.28408
2026-05-15 09:51:02,136 INFO CSMF2.step_1_1_1.run :: [lat] epoch=8 step=400 mean_l2=0.02900 std_l2=0.02725
2026-05-15 09:51:02,349 INFO CSMF2.step_1_1_1.run :: epoch=8 step=400/429 train_nll=-3643.273
2026-05-15 09:51:15,299 INFO CSMF2.step_1_1_1.run :: epoch=8  train_nll=-3641.900  val_nll=-3635.444  t=131.8s
2026-05-15 09:51:15,299 INFO CSMF2.step_1_1_1.run :: [h_std] total=0.46793 batch=0.29578 (no penalty)
2026-05-15 09:51:15,299 INFO CSMF2.step_1_1_1.run :: [lat_epoch] mean_l2=0.02081 std_l2=0.02240 lambda=1.000
2026-05-15 09:51:15,299 INFO CSMF2.step_1_1_1.run :: [grad] cond=223.7959 film_gain=0.0000
2026-05-15 09:51:32,822 INFO CSMF2.step_1_1_1.run :: [h] epoch=9 step=50 total=0.45742 batch=0.28204
2026-05-15 09:51:32,823 INFO CSMF2.step_1_1_1.run :: [lat] epoch=9 step=50 mean_l2=0.01483 std_l2=0.02085
2026-05-15 09:51:32,987 INFO CSMF2.step_1_1_1.run :: epoch=9 step=50/429 train_nll=-3651.784
2026-05-15 09:51:47,516 INFO CSMF2.step_1_1_1.run :: [h] epoch=9 step=100 total=0.45306 batch=0.27820
2026-05-15 09:51:47,516 INFO CSMF2.step_1_1_1.run :: [lat] epoch=9 step=100 mean_l2=0.02027 std_l2=0.02493
2026-05-15 09:51:47,680 INFO CSMF2.step_1_1_1.run :: epoch=9 step=100/429 train_nll=-3652.910
2026-05-15 09:52:02,231 INFO CSMF2.step_1_1_1.run :: [h] epoch=9 step=150 total=0.47389 batch=0.30180
2026-05-15 09:52:02,232 INFO CSMF2.step_1_1_1.run :: [lat] epoch=9 step=150 mean_l2=0.04157 std_l2=0.02688
2026-05-15 09:52:02,443 INFO CSMF2.step_1_1_1.run :: epoch=9 step=150/429 train_nll=-3651.381
2026-05-15 09:52:17,113 INFO CSMF2.step_1_1_1.run :: [h] epoch=9 step=200 total=0.45005 batch=0.27769
2026-05-15 09:52:17,114 INFO CSMF2.step_1_1_1.run :: [lat] epoch=9 step=200 mean_l2=0.02462 std_l2=0.02308
2026-05-15 09:52:17,325 INFO CSMF2.step_1_1_1.run :: epoch=9 step=200/429 train_nll=-3649.548
2026-05-15 09:52:31,868 INFO CSMF2.step_1_1_1.run :: [h] epoch=9 step=250 total=0.45628 batch=0.28794
2026-05-15 09:52:31,869 INFO CSMF2.step_1_1_1.run :: [lat] epoch=9 step=250 mean_l2=0.01933 std_l2=0.02391
2026-05-15 09:52:32,080 INFO CSMF2.step_1_1_1.run :: epoch=9 step=250/429 train_nll=-3649.818
2026-05-15 09:52:46,894 INFO CSMF2.step_1_1_1.run :: [h] epoch=9 step=300 total=0.45810 batch=0.28430
2026-05-15 09:52:46,894 INFO CSMF2.step_1_1_1.run :: [lat] epoch=9 step=300 mean_l2=0.01570 std_l2=0.02005
2026-05-15 09:52:47,061 INFO CSMF2.step_1_1_1.run :: epoch=9 step=300/429 train_nll=-3649.925
2026-05-15 09:53:01,440 INFO CSMF2.step_1_1_1.run :: [h] epoch=9 step=350 total=0.46629 batch=0.29147
2026-05-15 09:53:01,441 INFO CSMF2.step_1_1_1.run :: [lat] epoch=9 step=350 mean_l2=0.01806 std_l2=0.01910
2026-05-15 09:53:01,606 INFO CSMF2.step_1_1_1.run :: epoch=9 step=350/429 train_nll=-3650.882
2026-05-15 09:53:16,595 INFO CSMF2.step_1_1_1.run :: [h] epoch=9 step=400 total=0.45530 batch=0.28427
2026-05-15 09:53:16,596 INFO CSMF2.step_1_1_1.run :: [lat] epoch=9 step=400 mean_l2=0.02128 std_l2=0.02248
2026-05-15 09:53:16,762 INFO CSMF2.step_1_1_1.run :: epoch=9 step=400/429 train_nll=-3650.716
2026-05-15 09:53:29,992 INFO CSMF2.step_1_1_1.run :: epoch=9  train_nll=-3651.264  val_nll=-3659.524  t=131.6s
2026-05-15 09:53:29,992 INFO CSMF2.step_1_1_1.run :: [h_std] total=0.45798 batch=0.28823 (no penalty)
2026-05-15 09:53:29,992 INFO CSMF2.step_1_1_1.run :: [lat_epoch] mean_l2=0.01955 std_l2=0.02193 lambda=1.000
2026-05-15 09:53:29,992 INFO CSMF2.step_1_1_1.run :: [grad] cond=613.3331 film_gain=0.0000
2026-05-15 09:53:47,718 INFO CSMF2.step_1_1_1.run :: [h] epoch=10 step=50 total=0.44423 batch=0.27132
2026-05-15 09:53:47,719 INFO CSMF2.step_1_1_1.run :: [lat] epoch=10 step=50 mean_l2=0.02734 std_l2=0.02347
2026-05-15 09:53:47,885 INFO CSMF2.step_1_1_1.run :: epoch=10 step=50/429 train_nll=-3663.442
2026-05-15 09:54:02,338 INFO CSMF2.step_1_1_1.run :: [h] epoch=10 step=100 total=0.45855 batch=0.28068
2026-05-15 09:54:02,338 INFO CSMF2.step_1_1_1.run :: [lat] epoch=10 step=100 mean_l2=0.03116 std_l2=0.02395
2026-05-15 09:54:02,505 INFO CSMF2.step_1_1_1.run :: epoch=10 step=100/429 train_nll=-3657.213
2026-05-15 09:54:17,212 INFO CSMF2.step_1_1_1.run :: [h] epoch=10 step=150 total=0.45150 batch=0.28106
2026-05-15 09:54:17,213 INFO CSMF2.step_1_1_1.run :: [lat] epoch=10 step=150 mean_l2=0.07752 std_l2=0.03139
2026-05-15 09:54:17,382 INFO CSMF2.step_1_1_1.run :: epoch=10 step=150/429 train_nll=-3648.387
2026-05-15 09:54:32,303 INFO CSMF2.step_1_1_1.run :: [h] epoch=10 step=200 total=0.43744 batch=0.27635
2026-05-15 09:54:32,304 INFO CSMF2.step_1_1_1.run :: [lat] epoch=10 step=200 mean_l2=0.02705 std_l2=0.02411
2026-05-15 09:54:32,519 INFO CSMF2.step_1_1_1.run :: epoch=10 step=200/429 train_nll=-3643.790
2026-05-15 09:54:47,241 INFO CSMF2.step_1_1_1.run :: [h] epoch=10 step=250 total=0.44298 batch=0.28566
2026-05-15 09:54:47,242 INFO CSMF2.step_1_1_1.run :: [lat] epoch=10 step=250 mean_l2=0.01942 std_l2=0.01852
2026-05-15 09:54:47,411 INFO CSMF2.step_1_1_1.run :: epoch=10 step=250/429 train_nll=-3642.402
2026-05-15 09:55:02,074 INFO CSMF2.step_1_1_1.run :: [h] epoch=10 step=300 total=0.43447 batch=0.27790
2026-05-15 09:55:02,075 INFO CSMF2.step_1_1_1.run :: [lat] epoch=10 step=300 mean_l2=0.02646 std_l2=0.02404
2026-05-15 09:55:02,243 INFO CSMF2.step_1_1_1.run :: epoch=10 step=300/429 train_nll=-3645.250
2026-05-15 09:55:17,004 INFO CSMF2.step_1_1_1.run :: [h] epoch=10 step=350 total=0.44883 batch=0.28909
2026-05-15 09:55:17,005 INFO CSMF2.step_1_1_1.run :: [lat] epoch=10 step=350 mean_l2=0.01428 std_l2=0.02028
2026-05-15 09:55:17,220 INFO CSMF2.step_1_1_1.run :: epoch=10 step=350/429 train_nll=-3647.525
2026-05-15 09:55:32,094 INFO CSMF2.step_1_1_1.run :: [h] epoch=10 step=400 total=0.45321 batch=0.28383
2026-05-15 09:55:32,095 INFO CSMF2.step_1_1_1.run :: [lat] epoch=10 step=400 mean_l2=0.01948 std_l2=0.01763
2026-05-15 09:55:32,262 INFO CSMF2.step_1_1_1.run :: epoch=10 step=400/429 train_nll=-3649.471
2026-05-15 09:55:45,559 INFO CSMF2.step_1_1_1.run :: epoch=10  train_nll=-3649.375  val_nll=-3663.390  t=132.5s
2026-05-15 09:55:45,559 INFO CSMF2.step_1_1_1.run :: [h_std] total=0.44465 batch=0.28187 (no penalty)
2026-05-15 09:55:45,559 INFO CSMF2.step_1_1_1.run :: [lat_epoch] mean_l2=0.02255 std_l2=0.02280 lambda=1.000
2026-05-15 09:55:45,559 INFO CSMF2.step_1_1_1.run :: [grad] cond=121.3306 film_gain=0.0000
2026-05-15 09:56:03,354 INFO CSMF2.step_1_1_1.run :: [h] epoch=11 step=50 total=0.43509 batch=0.27067
2026-05-15 09:56:03,355 INFO CSMF2.step_1_1_1.run :: [lat] epoch=11 step=50 mean_l2=0.02106 std_l2=0.02706
2026-05-15 09:56:03,570 INFO CSMF2.step_1_1_1.run :: epoch=11 step=50/429 train_nll=-3665.958
2026-05-15 09:56:18,570 INFO CSMF2.step_1_1_1.run :: [h] epoch=11 step=100 total=0.43747 batch=0.26918
2026-05-15 09:56:18,571 INFO CSMF2.step_1_1_1.run :: [lat] epoch=11 step=100 mean_l2=0.03739 std_l2=0.02572
2026-05-15 09:56:18,786 INFO CSMF2.step_1_1_1.run :: epoch=11 step=100/429 train_nll=-3656.588
2026-05-15 09:56:33,648 INFO CSMF2.step_1_1_1.run :: [h] epoch=11 step=150 total=0.44063 batch=0.28152
2026-05-15 09:56:33,649 INFO CSMF2.step_1_1_1.run :: [lat] epoch=11 step=150 mean_l2=0.01291 std_l2=0.02161
2026-05-15 09:56:33,813 INFO CSMF2.step_1_1_1.run :: epoch=11 step=150/429 train_nll=-3657.010
2026-05-15 09:56:48,443 INFO CSMF2.step_1_1_1.run :: [h] epoch=11 step=200 total=0.44590 batch=0.27517
2026-05-15 09:56:48,444 INFO CSMF2.step_1_1_1.run :: [lat] epoch=11 step=200 mean_l2=0.01540 std_l2=0.02054
2026-05-15 09:56:48,612 INFO CSMF2.step_1_1_1.run :: epoch=11 step=200/429 train_nll=-3660.677
2026-05-15 09:57:03,119 INFO CSMF2.step_1_1_1.run :: [h] epoch=11 step=250 total=0.44791 batch=0.28377
2026-05-15 09:57:03,120 INFO CSMF2.step_1_1_1.run :: [lat] epoch=11 step=250 mean_l2=0.01277 std_l2=0.02062
2026-05-15 09:57:03,287 INFO CSMF2.step_1_1_1.run :: epoch=11 step=250/429 train_nll=-3661.368
2026-05-15 09:57:18,025 INFO CSMF2.step_1_1_1.run :: [h] epoch=11 step=300 total=0.43550 batch=0.26848
2026-05-15 09:57:18,026 INFO CSMF2.step_1_1_1.run :: [lat] epoch=11 step=300 mean_l2=0.01985 std_l2=0.02429
2026-05-15 09:57:18,194 INFO CSMF2.step_1_1_1.run :: epoch=11 step=300/429 train_nll=-3662.314
2026-05-15 09:57:33,020 INFO CSMF2.step_1_1_1.run :: [h] epoch=11 step=350 total=0.42359 batch=0.26877
2026-05-15 09:57:33,020 INFO CSMF2.step_1_1_1.run :: [lat] epoch=11 step=350 mean_l2=0.03033 std_l2=0.02844
2026-05-15 09:57:33,190 INFO CSMF2.step_1_1_1.run :: epoch=11 step=350/429 train_nll=-3660.433
2026-05-15 09:57:48,259 INFO CSMF2.step_1_1_1.run :: [h] epoch=11 step=400 total=0.43604 batch=0.27544
2026-05-15 09:57:48,260 INFO CSMF2.step_1_1_1.run :: [lat] epoch=11 step=400 mean_l2=0.01518 std_l2=0.02042
2026-05-15 09:57:48,429 INFO CSMF2.step_1_1_1.run :: epoch=11 step=400/429 train_nll=-3660.457
2026-05-15 09:58:02,088 INFO CSMF2.step_1_1_1.run :: epoch=11  train_nll=-3661.471  val_nll=-3676.343  t=133.4s
2026-05-15 09:58:02,089 INFO CSMF2.step_1_1_1.run :: [h_std] total=0.43732 batch=0.27596 (no penalty)
2026-05-15 09:58:02,089 INFO CSMF2.step_1_1_1.run :: [lat_epoch] mean_l2=0.01957 std_l2=0.02193 lambda=1.000
2026-05-15 09:58:02,089 INFO CSMF2.step_1_1_1.run :: [grad] cond=155.1323 film_gain=0.0000
2026-05-15 09:58:20,093 INFO CSMF2.step_1_1_1.run :: [h] epoch=12 step=50 total=0.43195 batch=0.26575
2026-05-15 09:58:20,094 INFO CSMF2.step_1_1_1.run :: [lat] epoch=12 step=50 mean_l2=0.02112 std_l2=0.02088
2026-05-15 09:58:20,264 INFO CSMF2.step_1_1_1.run :: epoch=12 step=50/429 train_nll=-3659.841
2026-05-15 09:58:35,199 INFO CSMF2.step_1_1_1.run :: [h] epoch=12 step=100 total=0.43501 batch=0.26643
2026-05-15 09:58:35,200 INFO CSMF2.step_1_1_1.run :: [lat] epoch=12 step=100 mean_l2=0.01992 std_l2=0.02135
2026-05-15 09:58:35,371 INFO CSMF2.step_1_1_1.run :: epoch=12 step=100/429 train_nll=-3667.128
2026-05-15 09:58:50,577 INFO CSMF2.step_1_1_1.run :: [h] epoch=12 step=150 total=0.44382 batch=0.27846
2026-05-15 09:58:50,578 INFO CSMF2.step_1_1_1.run :: [lat] epoch=12 step=150 mean_l2=0.03877 std_l2=0.02767
2026-05-15 09:58:50,750 INFO CSMF2.step_1_1_1.run :: epoch=12 step=150/429 train_nll=-3666.093
2026-05-15 09:59:05,623 INFO CSMF2.step_1_1_1.run :: [h] epoch=12 step=200 total=0.42128 batch=0.26223
2026-05-15 09:59:05,624 INFO CSMF2.step_1_1_1.run :: [lat] epoch=12 step=200 mean_l2=0.01696 std_l2=0.02186
2026-05-15 09:59:05,843 INFO CSMF2.step_1_1_1.run :: epoch=12 step=200/429 train_nll=-3661.216
2026-05-15 09:59:20,956 INFO CSMF2.step_1_1_1.run :: [h] epoch=12 step=250 total=0.43289 batch=0.27455
2026-05-15 09:59:20,957 INFO CSMF2.step_1_1_1.run :: [lat] epoch=12 step=250 mean_l2=0.02788 std_l2=0.02342
2026-05-15 09:59:21,133 INFO CSMF2.step_1_1_1.run :: epoch=12 step=250/429 train_nll=-3663.270
2026-05-15 09:59:36,212 INFO CSMF2.step_1_1_1.run :: [h] epoch=12 step=300 total=0.43507 batch=0.26537
2026-05-15 09:59:36,212 INFO CSMF2.step_1_1_1.run :: [lat] epoch=12 step=300 mean_l2=0.02091 std_l2=0.01902
2026-05-15 09:59:36,388 INFO CSMF2.step_1_1_1.run :: epoch=12 step=300/429 train_nll=-3662.251
2026-05-15 09:59:51,647 INFO CSMF2.step_1_1_1.run :: [h] epoch=12 step=350 total=0.43808 batch=0.27452
2026-05-15 09:59:51,647 INFO CSMF2.step_1_1_1.run :: [lat] epoch=12 step=350 mean_l2=0.01759 std_l2=0.01942
2026-05-15 09:59:51,818 INFO CSMF2.step_1_1_1.run :: epoch=12 step=350/429 train_nll=-3663.230
2026-05-15 10:00:07,013 INFO CSMF2.step_1_1_1.run :: [h] epoch=12 step=400 total=0.42738 batch=0.26603
2026-05-15 10:00:07,013 INFO CSMF2.step_1_1_1.run :: [lat] epoch=12 step=400 mean_l2=0.02406 std_l2=0.02000
2026-05-15 10:00:07,195 INFO CSMF2.step_1_1_1.run :: epoch=12 step=400/429 train_nll=-3662.372
2026-05-15 10:00:20,486 INFO CSMF2.step_1_1_1.run :: epoch=12  train_nll=-3663.090  val_nll=-3675.739  t=135.2s
2026-05-15 10:00:20,486 INFO CSMF2.step_1_1_1.run :: [h_std] total=0.42775 batch=0.27003 (no penalty)
2026-05-15 10:00:20,486 INFO CSMF2.step_1_1_1.run :: [lat_epoch] mean_l2=0.02138 std_l2=0.02233 lambda=1.000
2026-05-15 10:00:20,486 INFO CSMF2.step_1_1_1.run :: [grad] cond=237.4852 film_gain=0.0000
2026-05-15 10:00:38,614 INFO CSMF2.step_1_1_1.run :: [h] epoch=13 step=50 total=0.42245 batch=0.25959
2026-05-15 10:00:38,614 INFO CSMF2.step_1_1_1.run :: [lat] epoch=13 step=50 mean_l2=0.01493 std_l2=0.02151
2026-05-15 10:00:38,787 INFO CSMF2.step_1_1_1.run :: epoch=13 step=50/429 train_nll=-3682.896
2026-05-15 10:00:53,682 INFO CSMF2.step_1_1_1.run :: [h] epoch=13 step=100 total=0.41905 batch=0.25667
2026-05-15 10:00:53,683 INFO CSMF2.step_1_1_1.run :: [lat] epoch=13 step=100 mean_l2=0.01816 std_l2=0.02537
2026-05-15 10:00:53,902 INFO CSMF2.step_1_1_1.run :: epoch=13 step=100/429 train_nll=-3676.835
2026-05-15 10:01:09,072 INFO CSMF2.step_1_1_1.run :: [h] epoch=13 step=150 total=0.43546 batch=0.27729
2026-05-15 10:01:09,073 INFO CSMF2.step_1_1_1.run :: [lat] epoch=13 step=150 mean_l2=0.01442 std_l2=0.02327
2026-05-15 10:01:09,246 INFO CSMF2.step_1_1_1.run :: epoch=13 step=150/429 train_nll=-3676.255
2026-05-15 10:01:24,125 INFO CSMF2.step_1_1_1.run :: [h] epoch=13 step=200 total=0.40915 batch=0.25216
2026-05-15 10:01:24,125 INFO CSMF2.step_1_1_1.run :: [lat] epoch=13 step=200 mean_l2=0.02239 std_l2=0.02662
2026-05-15 10:01:24,293 INFO CSMF2.step_1_1_1.run :: epoch=13 step=200/429 train_nll=-3674.066
2026-05-15 10:01:39,455 INFO CSMF2.step_1_1_1.run :: [h] epoch=13 step=250 total=0.42248 batch=0.26879
2026-05-15 10:01:39,456 INFO CSMF2.step_1_1_1.run :: [lat] epoch=13 step=250 mean_l2=0.01598 std_l2=0.01700
2026-05-15 10:01:39,631 INFO CSMF2.step_1_1_1.run :: epoch=13 step=250/429 train_nll=-3670.063
2026-05-15 10:01:54,300 INFO CSMF2.step_1_1_1.run :: [h] epoch=13 step=300 total=0.41614 batch=0.25795
2026-05-15 10:01:54,300 INFO CSMF2.step_1_1_1.run :: [lat] epoch=13 step=300 mean_l2=0.01611 std_l2=0.02155
2026-05-15 10:01:54,474 INFO CSMF2.step_1_1_1.run :: epoch=13 step=300/429 train_nll=-3672.164
2026-05-15 10:02:09,476 INFO CSMF2.step_1_1_1.run :: [h] epoch=13 step=350 total=0.42201 batch=0.27027
2026-05-15 10:02:09,476 INFO CSMF2.step_1_1_1.run :: [lat] epoch=13 step=350 mean_l2=0.01631 std_l2=0.01899
2026-05-15 10:02:09,654 INFO CSMF2.step_1_1_1.run :: epoch=13 step=350/429 train_nll=-3672.801
2026-05-15 10:02:24,710 INFO CSMF2.step_1_1_1.run :: [h] epoch=13 step=400 total=0.42000 batch=0.26083
2026-05-15 10:02:24,711 INFO CSMF2.step_1_1_1.run :: [lat] epoch=13 step=400 mean_l2=0.02047 std_l2=0.01795
2026-05-15 10:02:24,882 INFO CSMF2.step_1_1_1.run :: epoch=13 step=400/429 train_nll=-3673.559
2026-05-15 10:02:38,191 INFO CSMF2.step_1_1_1.run :: epoch=13  train_nll=-3673.158  val_nll=-3670.300  t=134.6s
2026-05-15 10:02:38,192 INFO CSMF2.step_1_1_1.run :: [h_std] total=0.42142 batch=0.26560 (no penalty)
2026-05-15 10:02:38,192 INFO CSMF2.step_1_1_1.run :: [lat_epoch] mean_l2=0.01913 std_l2=0.02140 lambda=1.000
2026-05-15 10:02:38,192 INFO CSMF2.step_1_1_1.run :: [grad] cond=228.1005 film_gain=0.0000
2026-05-15 10:02:56,212 INFO CSMF2.step_1_1_1.run :: [h] epoch=14 step=50 total=0.41732 batch=0.25696
2026-05-15 10:02:56,212 INFO CSMF2.step_1_1_1.run :: [lat] epoch=14 step=50 mean_l2=0.01631 std_l2=0.01903
2026-05-15 10:02:56,385 INFO CSMF2.step_1_1_1.run :: epoch=14 step=50/429 train_nll=-3683.323
2026-05-15 10:03:11,046 INFO CSMF2.step_1_1_1.run :: [h] epoch=14 step=100 total=0.41519 batch=0.25507
2026-05-15 10:03:11,047 INFO CSMF2.step_1_1_1.run :: [lat] epoch=14 step=100 mean_l2=0.01943 std_l2=0.02799
2026-05-15 10:03:11,220 INFO CSMF2.step_1_1_1.run :: epoch=14 step=100/429 train_nll=-3680.667
2026-05-15 10:03:25,967 INFO CSMF2.step_1_1_1.run :: [h] epoch=14 step=150 total=0.43063 batch=0.27164
2026-05-15 10:03:25,968 INFO CSMF2.step_1_1_1.run :: [lat] epoch=14 step=150 mean_l2=0.01640 std_l2=0.01943
2026-05-15 10:03:26,140 INFO CSMF2.step_1_1_1.run :: epoch=14 step=150/429 train_nll=-3679.908
2026-05-15 10:03:41,140 INFO CSMF2.step_1_1_1.run :: [h] epoch=14 step=200 total=0.43917 batch=0.26309
2026-05-15 10:03:41,141 INFO CSMF2.step_1_1_1.run :: [lat] epoch=14 step=200 mean_l2=0.05393 std_l2=0.06693
2026-05-15 10:03:41,314 INFO CSMF2.step_1_1_1.run :: epoch=14 step=200/429 train_nll=-3678.192
2026-05-15 10:03:56,184 INFO CSMF2.step_1_1_1.run :: [h] epoch=14 step=250 total=0.41662 batch=0.27065
2026-05-15 10:03:56,185 INFO CSMF2.step_1_1_1.run :: [lat] epoch=14 step=250 mean_l2=0.02594 std_l2=0.01961
2026-05-15 10:03:56,404 INFO CSMF2.step_1_1_1.run :: epoch=14 step=250/429 train_nll=-3674.651
2026-05-15 10:04:11,412 INFO CSMF2.step_1_1_1.run :: [h] epoch=14 step=300 total=0.40248 batch=0.25357
2026-05-15 10:04:11,412 INFO CSMF2.step_1_1_1.run :: [lat] epoch=14 step=300 mean_l2=0.01667 std_l2=0.02301
2026-05-15 10:04:11,587 INFO CSMF2.step_1_1_1.run :: epoch=14 step=300/429 train_nll=-3672.369
2026-05-15 10:04:27,055 INFO CSMF2.step_1_1_1.run :: [h] epoch=14 step=350 total=0.41098 batch=0.26320
2026-05-15 10:04:27,055 INFO CSMF2.step_1_1_1.run :: [lat] epoch=14 step=350 mean_l2=0.01543 std_l2=0.01906
2026-05-15 10:04:27,227 INFO CSMF2.step_1_1_1.run :: epoch=14 step=350/429 train_nll=-3673.972
2026-05-15 10:04:42,039 INFO CSMF2.step_1_1_1.run :: [h] epoch=14 step=400 total=0.40949 batch=0.25860
2026-05-15 10:04:42,040 INFO CSMF2.step_1_1_1.run :: [lat] epoch=14 step=400 mean_l2=0.01272 std_l2=0.01988
2026-05-15 10:04:42,212 INFO CSMF2.step_1_1_1.run :: epoch=14 step=400/429 train_nll=-3674.658
2026-05-15 10:04:55,471 INFO CSMF2.step_1_1_1.run :: epoch=14  train_nll=-3674.961  val_nll=-3685.225  t=134.2s
2026-05-15 10:04:55,471 INFO CSMF2.step_1_1_1.run :: [h_std] total=0.41260 batch=0.26077 (no penalty)
2026-05-15 10:04:55,471 INFO CSMF2.step_1_1_1.run :: [lat_epoch] mean_l2=0.02014 std_l2=0.02189 lambda=1.000
2026-05-15 10:04:55,471 INFO CSMF2.step_1_1_1.run :: [grad] cond=182.3606 film_gain=0.0000
2026-05-15 10:05:13,880 INFO CSMF2.step_1_1_1.run :: [h] epoch=15 step=50 total=0.41055 batch=0.25346
2026-05-15 10:05:13,881 INFO CSMF2.step_1_1_1.run :: [lat] epoch=15 step=50 mean_l2=0.01372 std_l2=0.01848
2026-05-15 10:05:14,056 INFO CSMF2.step_1_1_1.run :: epoch=15 step=50/429 train_nll=-3691.889
2026-05-15 10:05:29,138 INFO CSMF2.step_1_1_1.run :: [h] epoch=15 step=100 total=0.41238 batch=0.25693
2026-05-15 10:05:29,139 INFO CSMF2.step_1_1_1.run :: [lat] epoch=15 step=100 mean_l2=0.01592 std_l2=0.02335
2026-05-15 10:05:29,314 INFO CSMF2.step_1_1_1.run :: epoch=15 step=100/429 train_nll=-3691.586
2026-05-15 10:05:44,491 INFO CSMF2.step_1_1_1.run :: [h] epoch=15 step=150 total=0.41928 batch=0.26763
2026-05-15 10:05:44,492 INFO CSMF2.step_1_1_1.run :: [lat] epoch=15 step=150 mean_l2=0.01536 std_l2=0.01966
2026-05-15 10:05:44,666 INFO CSMF2.step_1_1_1.run :: epoch=15 step=150/429 train_nll=-3690.614
2026-05-15 10:05:59,506 INFO CSMF2.step_1_1_1.run :: [h] epoch=15 step=200 total=0.41320 batch=0.25902
2026-05-15 10:05:59,507 INFO CSMF2.step_1_1_1.run :: [lat] epoch=15 step=200 mean_l2=0.06488 std_l2=0.02537
2026-05-15 10:05:59,682 INFO CSMF2.step_1_1_1.run :: epoch=15 step=200/429 train_nll=-3690.018
2026-05-15 10:06:14,771 INFO CSMF2.step_1_1_1.run :: [h] epoch=15 step=250 total=0.41161 batch=0.26022
2026-05-15 10:06:14,771 INFO CSMF2.step_1_1_1.run :: [lat] epoch=15 step=250 mean_l2=0.01480 std_l2=0.01700
2026-05-15 10:06:14,945 INFO CSMF2.step_1_1_1.run :: epoch=15 step=250/429 train_nll=-3684.732
2026-05-15 10:06:30,123 INFO CSMF2.step_1_1_1.run :: [h] epoch=15 step=300 total=0.40931 batch=0.25307
2026-05-15 10:06:30,124 INFO CSMF2.step_1_1_1.run :: [lat] epoch=15 step=300 mean_l2=0.01470 std_l2=0.01852
2026-05-15 10:06:30,345 INFO CSMF2.step_1_1_1.run :: epoch=15 step=300/429 train_nll=-3684.543
2026-05-15 10:06:45,335 INFO CSMF2.step_1_1_1.run :: [h] epoch=15 step=350 total=0.41137 batch=0.25984
2026-05-15 10:06:45,336 INFO CSMF2.step_1_1_1.run :: [lat] epoch=15 step=350 mean_l2=0.01600 std_l2=0.02377
2026-05-15 10:06:45,508 INFO CSMF2.step_1_1_1.run :: epoch=15 step=350/429 train_nll=-3685.455
2026-05-15 10:07:00,730 INFO CSMF2.step_1_1_1.run :: [h] epoch=15 step=400 total=0.41825 batch=0.25972
2026-05-15 10:07:00,731 INFO CSMF2.step_1_1_1.run :: [lat] epoch=15 step=400 mean_l2=0.01796 std_l2=0.01864
2026-05-15 10:07:00,904 INFO CSMF2.step_1_1_1.run :: epoch=15 step=400/429 train_nll=-3687.075
2026-05-15 10:07:14,185 INFO CSMF2.step_1_1_1.run :: epoch=15  train_nll=-3686.999  val_nll=-3682.832  t=135.6s
2026-05-15 10:07:14,185 INFO CSMF2.step_1_1_1.run :: [h_std] total=0.41130 batch=0.25858 (no penalty)
2026-05-15 10:07:14,185 INFO CSMF2.step_1_1_1.run :: [lat_epoch] mean_l2=0.01716 std_l2=0.02075 lambda=1.000
2026-05-15 10:07:14,185 INFO CSMF2.step_1_1_1.run :: [grad] cond=309.8532 film_gain=0.0000
2026-05-15 10:07:32,540 INFO CSMF2.step_1_1_1.run :: [h] epoch=16 step=50 total=0.40585 batch=0.24778
2026-05-15 10:07:32,541 INFO CSMF2.step_1_1_1.run :: [lat] epoch=16 step=50 mean_l2=0.01663 std_l2=0.02166
2026-05-15 10:07:32,762 INFO CSMF2.step_1_1_1.run :: epoch=16 step=50/429 train_nll=-3683.501
2026-05-15 10:07:47,889 INFO CSMF2.step_1_1_1.run :: [h] epoch=16 step=100 total=0.39187 batch=0.24333
2026-05-15 10:07:47,889 INFO CSMF2.step_1_1_1.run :: [lat] epoch=16 step=100 mean_l2=0.02632 std_l2=0.02514
2026-05-15 10:07:48,064 INFO CSMF2.step_1_1_1.run :: epoch=16 step=100/429 train_nll=-3667.273
2026-05-15 10:08:03,310 INFO CSMF2.step_1_1_1.run :: [h] epoch=16 step=150 total=0.39311 batch=0.25603
2026-05-15 10:08:03,310 INFO CSMF2.step_1_1_1.run :: [lat] epoch=16 step=150 mean_l2=0.02040 std_l2=0.02321
2026-05-15 10:08:03,484 INFO CSMF2.step_1_1_1.run :: epoch=16 step=150/429 train_nll=-3661.063
2026-05-15 10:08:18,677 INFO CSMF2.step_1_1_1.run :: [h] epoch=16 step=200 total=0.39056 batch=0.24550
2026-05-15 10:08:18,678 INFO CSMF2.step_1_1_1.run :: [lat] epoch=16 step=200 mean_l2=0.01415 std_l2=0.02063
2026-05-15 10:08:18,852 INFO CSMF2.step_1_1_1.run :: epoch=16 step=200/429 train_nll=-3668.470
2026-05-15 10:08:33,934 INFO CSMF2.step_1_1_1.run :: [h] epoch=16 step=250 total=0.40330 batch=0.25808
2026-05-15 10:08:33,934 INFO CSMF2.step_1_1_1.run :: [lat] epoch=16 step=250 mean_l2=0.01713 std_l2=0.01903
2026-05-15 10:08:34,111 INFO CSMF2.step_1_1_1.run :: epoch=16 step=250/429 train_nll=-3674.496
2026-05-15 10:08:48,957 INFO CSMF2.step_1_1_1.run :: [h] epoch=16 step=300 total=0.39520 batch=0.24883
2026-05-15 10:08:48,958 INFO CSMF2.step_1_1_1.run :: [lat] epoch=16 step=300 mean_l2=0.01392 std_l2=0.02084
2026-05-15 10:08:49,183 INFO CSMF2.step_1_1_1.run :: epoch=16 step=300/429 train_nll=-3676.575
2026-05-15 10:09:04,114 INFO CSMF2.step_1_1_1.run :: [h] epoch=16 step=350 total=0.39716 batch=0.25226
2026-05-15 10:09:04,114 INFO CSMF2.step_1_1_1.run :: [lat] epoch=16 step=350 mean_l2=0.02175 std_l2=0.02493
2026-05-15 10:09:04,288 INFO CSMF2.step_1_1_1.run :: epoch=16 step=350/429 train_nll=-3677.539
2026-05-15 10:09:19,170 INFO CSMF2.step_1_1_1.run :: [h] epoch=16 step=400 total=0.40412 batch=0.25394
2026-05-15 10:09:19,170 INFO CSMF2.step_1_1_1.run :: [lat] epoch=16 step=400 mean_l2=0.01299 std_l2=0.01915
2026-05-15 10:09:19,345 INFO CSMF2.step_1_1_1.run :: epoch=16 step=400/429 train_nll=-3679.929
2026-05-15 10:09:33,207 INFO CSMF2.step_1_1_1.run :: epoch=16  train_nll=-3679.965  val_nll=-3661.297  t=136.0s
2026-05-15 10:09:33,208 INFO CSMF2.step_1_1_1.run :: [h_std] total=0.39578 batch=0.25063 (no penalty)
2026-05-15 10:09:33,216 INFO CSMF2.step_1_1_1.run :: [lat_epoch] mean_l2=0.02133 std_l2=0.02199 lambda=1.000
2026-05-15 10:09:33,216 INFO CSMF2.step_1_1_1.run :: [grad] cond=390.8611 film_gain=0.0000
2026-05-15 10:09:51,315 INFO CSMF2.step_1_1_1.run :: [h] epoch=17 step=50 total=0.37840 batch=0.23835
2026-05-15 10:09:51,316 INFO CSMF2.step_1_1_1.run :: [lat] epoch=17 step=50 mean_l2=0.02573 std_l2=0.02264
2026-05-15 10:09:51,490 INFO CSMF2.step_1_1_1.run :: epoch=17 step=50/429 train_nll=-3671.545
2026-05-15 10:10:06,479 INFO CSMF2.step_1_1_1.run :: [h] epoch=17 step=100 total=0.38507 batch=0.24298
2026-05-15 10:10:06,480 INFO CSMF2.step_1_1_1.run :: [lat] epoch=17 step=100 mean_l2=0.01660 std_l2=0.02238
2026-05-15 10:10:06,653 INFO CSMF2.step_1_1_1.run :: epoch=17 step=100/429 train_nll=-3674.255
2026-05-15 10:10:21,968 INFO CSMF2.step_1_1_1.run :: [h] epoch=17 step=150 total=0.39505 batch=0.25590
2026-05-15 10:10:21,969 INFO CSMF2.step_1_1_1.run :: [lat] epoch=17 step=150 mean_l2=0.01493 std_l2=0.01904
2026-05-15 10:10:22,146 INFO CSMF2.step_1_1_1.run :: epoch=17 step=150/429 train_nll=-3680.234
2026-05-15 10:10:37,576 INFO CSMF2.step_1_1_1.run :: [h] epoch=17 step=200 total=0.39167 batch=0.24634
2026-05-15 10:10:37,577 INFO CSMF2.step_1_1_1.run :: [lat] epoch=17 step=200 mean_l2=0.01449 std_l2=0.02152
2026-05-15 10:10:37,750 INFO CSMF2.step_1_1_1.run :: epoch=17 step=200/429 train_nll=-3685.480
2026-05-15 10:10:53,141 INFO CSMF2.step_1_1_1.run :: [h] epoch=17 step=250 total=0.39479 batch=0.25269
2026-05-15 10:10:53,142 INFO CSMF2.step_1_1_1.run :: [lat] epoch=17 step=250 mean_l2=0.03183 std_l2=0.02593
2026-05-15 10:10:53,363 INFO CSMF2.step_1_1_1.run :: epoch=17 step=250/429 train_nll=-3686.850
2026-05-15 10:11:08,391 INFO CSMF2.step_1_1_1.run :: [h] epoch=17 step=300 total=0.38241 batch=0.24272
2026-05-15 10:11:08,391 INFO CSMF2.step_1_1_1.run :: [lat] epoch=17 step=300 mean_l2=0.01819 std_l2=0.01999
2026-05-15 10:11:08,566 INFO CSMF2.step_1_1_1.run :: epoch=17 step=300/429 train_nll=-3682.810
2026-05-15 10:11:23,621 INFO CSMF2.step_1_1_1.run :: [h] epoch=17 step=350 total=0.37845 batch=0.24428
2026-05-15 10:11:23,622 INFO CSMF2.step_1_1_1.run :: [lat] epoch=17 step=350 mean_l2=0.02279 std_l2=0.02542
2026-05-15 10:11:23,797 INFO CSMF2.step_1_1_1.run :: epoch=17 step=350/429 train_nll=-3682.346
2026-05-15 10:11:38,840 INFO CSMF2.step_1_1_1.run :: [h] epoch=17 step=400 total=0.38980 batch=0.24736
2026-05-15 10:11:38,841 INFO CSMF2.step_1_1_1.run :: [lat] epoch=17 step=400 mean_l2=0.01280 std_l2=0.01895
2026-05-15 10:11:39,016 INFO CSMF2.step_1_1_1.run :: epoch=17 step=400/429 train_nll=-3684.384
2026-05-15 10:11:52,692 INFO CSMF2.step_1_1_1.run :: epoch=17  train_nll=-3684.374  val_nll=-3680.656  t=136.4s
2026-05-15 10:11:52,692 INFO CSMF2.step_1_1_1.run :: [h_std] total=0.38648 batch=0.24704 (no penalty)
2026-05-15 10:11:52,692 INFO CSMF2.step_1_1_1.run :: [lat_epoch] mean_l2=0.02067 std_l2=0.02183 lambda=1.000
2026-05-15 10:11:52,692 INFO CSMF2.step_1_1_1.run :: [grad] cond=422.3751 film_gain=0.0000
2026-05-15 10:12:11,030 INFO CSMF2.step_1_1_1.run :: [h] epoch=18 step=50 total=0.37732 batch=0.23584
2026-05-15 10:12:11,031 INFO CSMF2.step_1_1_1.run :: [lat] epoch=18 step=50 mean_l2=0.01435 std_l2=0.02052
2026-05-15 10:12:11,210 INFO CSMF2.step_1_1_1.run :: epoch=18 step=50/429 train_nll=-3687.275
2026-05-15 10:12:26,369 INFO CSMF2.step_1_1_1.run :: [h] epoch=18 step=100 total=0.38628 batch=0.24165
2026-05-15 10:12:26,370 INFO CSMF2.step_1_1_1.run :: [lat] epoch=18 step=100 mean_l2=0.01335 std_l2=0.01967
2026-05-15 10:12:26,546 INFO CSMF2.step_1_1_1.run :: epoch=18 step=100/429 train_nll=-3694.406
2026-05-15 10:12:41,602 INFO CSMF2.step_1_1_1.run :: [h] epoch=18 step=150 total=0.38995 batch=0.25119
2026-05-15 10:12:41,602 INFO CSMF2.step_1_1_1.run :: [lat] epoch=18 step=150 mean_l2=0.01598 std_l2=0.02247
2026-05-15 10:12:41,779 INFO CSMF2.step_1_1_1.run :: epoch=18 step=150/429 train_nll=-3696.406
2026-05-15 10:12:57,031 INFO CSMF2.step_1_1_1.run :: [h] epoch=18 step=200 total=0.38445 batch=0.24109
2026-05-15 10:12:57,031 INFO CSMF2.step_1_1_1.run :: [lat] epoch=18 step=200 mean_l2=0.01714 std_l2=0.02166
2026-05-15 10:12:57,208 INFO CSMF2.step_1_1_1.run :: epoch=18 step=200/429 train_nll=-3693.464
2026-05-15 10:13:12,262 INFO CSMF2.step_1_1_1.run :: [h] epoch=18 step=250 total=0.38703 batch=0.24857
2026-05-15 10:13:12,263 INFO CSMF2.step_1_1_1.run :: [lat] epoch=18 step=250 mean_l2=0.02085 std_l2=0.01959
2026-05-15 10:13:12,440 INFO CSMF2.step_1_1_1.run :: epoch=18 step=250/429 train_nll=-3694.231
2026-05-15 10:13:27,531 INFO CSMF2.step_1_1_1.run :: [h] epoch=18 step=300 total=0.38857 batch=0.24455
2026-05-15 10:13:27,532 INFO CSMF2.step_1_1_1.run :: [lat] epoch=18 step=300 mean_l2=0.01280 std_l2=0.01935
2026-05-15 10:13:27,758 INFO CSMF2.step_1_1_1.run :: epoch=18 step=300/429 train_nll=-3695.621
2026-05-15 10:13:42,784 INFO CSMF2.step_1_1_1.run :: [h] epoch=18 step=350 total=0.39026 batch=0.24684
2026-05-15 10:13:42,785 INFO CSMF2.step_1_1_1.run :: [lat] epoch=18 step=350 mean_l2=0.01704 std_l2=0.02087
2026-05-15 10:13:42,964 INFO CSMF2.step_1_1_1.run :: epoch=18 step=350/429 train_nll=-3696.448
2026-05-15 10:13:58,026 INFO CSMF2.step_1_1_1.run :: [h] epoch=18 step=400 total=0.38867 batch=0.24458
2026-05-15 10:13:58,027 INFO CSMF2.step_1_1_1.run :: [lat] epoch=18 step=400 mean_l2=0.02362 std_l2=0.02123
2026-05-15 10:13:58,205 INFO CSMF2.step_1_1_1.run :: epoch=18 step=400/429 train_nll=-3695.958
2026-05-15 10:14:11,780 INFO CSMF2.step_1_1_1.run :: epoch=18  train_nll=-3695.345  val_nll=-3668.359  t=136.0s
2026-05-15 10:14:11,780 INFO CSMF2.step_1_1_1.run :: [h_std] total=0.38456 batch=0.24467 (no penalty)
2026-05-15 10:14:11,780 INFO CSMF2.step_1_1_1.run :: [lat_epoch] mean_l2=0.01808 std_l2=0.02105 lambda=1.000
2026-05-15 10:14:11,780 INFO CSMF2.step_1_1_1.run :: [grad] cond=792.8581 film_gain=0.0000
2026-05-15 10:14:30,397 INFO CSMF2.step_1_1_1.run :: [h] epoch=19 step=50 total=0.37792 batch=0.23590
2026-05-15 10:14:30,398 INFO CSMF2.step_1_1_1.run :: [lat] epoch=19 step=50 mean_l2=0.01675 std_l2=0.01919
2026-05-15 10:14:30,575 INFO CSMF2.step_1_1_1.run :: epoch=19 step=50/429 train_nll=-3694.313
2026-05-15 10:14:45,620 INFO CSMF2.step_1_1_1.run :: [h] epoch=19 step=100 total=0.38344 batch=0.23759
2026-05-15 10:14:45,621 INFO CSMF2.step_1_1_1.run :: [lat] epoch=19 step=100 mean_l2=0.01641 std_l2=0.02213
2026-05-15 10:14:45,799 INFO CSMF2.step_1_1_1.run :: epoch=19 step=100/429 train_nll=-3698.251
2026-05-15 10:15:01,063 INFO CSMF2.step_1_1_1.run :: [h] epoch=19 step=150 total=0.39961 batch=0.25739
2026-05-15 10:15:01,064 INFO CSMF2.step_1_1_1.run :: [lat] epoch=19 step=150 mean_l2=0.02892 std_l2=0.02304
2026-05-15 10:15:01,290 INFO CSMF2.step_1_1_1.run :: epoch=19 step=150/429 train_nll=-3697.961
2026-05-15 10:15:16,364 INFO CSMF2.step_1_1_1.run :: [h] epoch=19 step=200 total=0.37183 batch=0.23303
2026-05-15 10:15:16,364 INFO CSMF2.step_1_1_1.run :: [lat] epoch=19 step=200 mean_l2=0.01706 std_l2=0.02058
2026-05-15 10:15:16,542 INFO CSMF2.step_1_1_1.run :: epoch=19 step=200/429 train_nll=-3694.671
2026-05-15 10:15:31,977 INFO CSMF2.step_1_1_1.run :: [h] epoch=19 step=250 total=0.38394 batch=0.24589
2026-05-15 10:15:31,978 INFO CSMF2.step_1_1_1.run :: [lat] epoch=19 step=250 mean_l2=0.01321 std_l2=0.01988
2026-05-15 10:15:32,159 INFO CSMF2.step_1_1_1.run :: epoch=19 step=250/429 train_nll=-3696.946
2026-05-15 10:15:47,324 INFO CSMF2.step_1_1_1.run :: [h] epoch=19 step=300 total=0.37838 batch=0.23868
2026-05-15 10:15:47,325 INFO CSMF2.step_1_1_1.run :: [lat] epoch=19 step=300 mean_l2=0.01494 std_l2=0.01756
2026-05-15 10:15:47,504 INFO CSMF2.step_1_1_1.run :: epoch=19 step=300/429 train_nll=-3697.313
2026-05-15 10:16:02,424 INFO CSMF2.step_1_1_1.run :: [h] epoch=19 step=350 total=0.37505 batch=0.24000
2026-05-15 10:16:02,425 INFO CSMF2.step_1_1_1.run :: [lat] epoch=19 step=350 mean_l2=0.01583 std_l2=0.02224
2026-05-15 10:16:02,605 INFO CSMF2.step_1_1_1.run :: epoch=19 step=350/429 train_nll=-3696.287
2026-05-15 10:16:17,982 INFO CSMF2.step_1_1_1.run :: [h] epoch=19 step=400 total=0.38155 batch=0.24070
2026-05-15 10:16:17,982 INFO CSMF2.step_1_1_1.run :: [lat] epoch=19 step=400 mean_l2=0.01366 std_l2=0.01996
2026-05-15 10:16:18,163 INFO CSMF2.step_1_1_1.run :: epoch=19 step=400/429 train_nll=-3697.867
2026-05-15 10:16:31,818 INFO CSMF2.step_1_1_1.run :: epoch=19  train_nll=-3698.712  val_nll=-3707.895  t=136.9s
2026-05-15 10:16:31,818 INFO CSMF2.step_1_1_1.run :: [h_std] total=0.37814 batch=0.24024 (no penalty)
2026-05-15 10:16:31,818 INFO CSMF2.step_1_1_1.run :: [lat_epoch] mean_l2=0.01775 std_l2=0.02081 lambda=1.000
2026-05-15 10:16:31,818 INFO CSMF2.step_1_1_1.run :: [grad] cond=229.5248 film_gain=0.0000
2026-05-15 10:16:50,023 INFO CSMF2.step_1_1_1.run :: [h] epoch=20 step=50 total=0.34851 batch=0.21633
2026-05-15 10:16:50,024 INFO CSMF2.step_1_1_1.run :: [lat] epoch=20 step=50 mean_l2=0.05033 std_l2=0.02716
2026-05-15 10:16:50,201 INFO CSMF2.step_1_1_1.run :: epoch=20 step=50/429 train_nll=-3686.835
2026-05-15 10:17:05,382 INFO CSMF2.step_1_1_1.run :: [h] epoch=20 step=100 total=0.35329 batch=0.22181
2026-05-15 10:17:05,383 INFO CSMF2.step_1_1_1.run :: [lat] epoch=20 step=100 mean_l2=0.02018 std_l2=0.02396
2026-05-15 10:17:05,561 INFO CSMF2.step_1_1_1.run :: epoch=20 step=100/429 train_nll=-3674.648
2026-05-15 10:17:21,120 INFO CSMF2.step_1_1_1.run :: [h] epoch=20 step=150 total=0.36234 batch=0.23351
2026-05-15 10:17:21,121 INFO CSMF2.step_1_1_1.run :: [lat] epoch=20 step=150 mean_l2=0.02514 std_l2=0.02668
2026-05-15 10:17:21,347 INFO CSMF2.step_1_1_1.run :: epoch=20 step=150/429 train_nll=-3678.537
2026-05-15 10:17:36,754 INFO CSMF2.step_1_1_1.run :: [h] epoch=20 step=200 total=0.35691 batch=0.22624
2026-05-15 10:17:36,755 INFO CSMF2.step_1_1_1.run :: [lat] epoch=20 step=200 mean_l2=0.01459 std_l2=0.02190
2026-05-15 10:17:36,933 INFO CSMF2.step_1_1_1.run :: epoch=20 step=200/429 train_nll=-3679.914
2026-05-15 10:17:52,402 INFO CSMF2.step_1_1_1.run :: [h] epoch=20 step=250 total=0.37275 batch=0.24018
2026-05-15 10:17:52,403 INFO CSMF2.step_1_1_1.run :: [lat] epoch=20 step=250 mean_l2=0.01474 std_l2=0.01656
2026-05-15 10:17:52,629 INFO CSMF2.step_1_1_1.run :: epoch=20 step=250/429 train_nll=-3685.954
2026-05-15 10:18:07,636 INFO CSMF2.step_1_1_1.run :: [h] epoch=20 step=300 total=0.36827 batch=0.23297
2026-05-15 10:18:07,637 INFO CSMF2.step_1_1_1.run :: [lat] epoch=20 step=300 mean_l2=0.01529 std_l2=0.01865
2026-05-15 10:18:07,814 INFO CSMF2.step_1_1_1.run :: epoch=20 step=300/429 train_nll=-3690.049
2026-05-15 10:18:23,356 INFO CSMF2.step_1_1_1.run :: [h] epoch=20 step=350 total=0.36958 batch=0.23934
2026-05-15 10:18:23,357 INFO CSMF2.step_1_1_1.run :: [lat] epoch=20 step=350 mean_l2=0.02096 std_l2=0.02273
2026-05-15 10:18:23,534 INFO CSMF2.step_1_1_1.run :: epoch=20 step=350/429 train_nll=-3691.741
2026-05-15 10:18:38,843 INFO CSMF2.step_1_1_1.run :: [h] epoch=20 step=400 total=0.36870 batch=0.23390
2026-05-15 10:18:38,844 INFO CSMF2.step_1_1_1.run :: [lat] epoch=20 step=400 mean_l2=0.01585 std_l2=0.01731
2026-05-15 10:18:39,021 INFO CSMF2.step_1_1_1.run :: epoch=20 step=400/429 train_nll=-3691.733
2026-05-15 10:18:52,595 INFO CSMF2.step_1_1_1.run :: epoch=20  train_nll=-3691.495  val_nll=-3692.907  t=137.8s
2026-05-15 10:18:52,595 INFO CSMF2.step_1_1_1.run :: [h_std] total=0.36384 batch=0.23254 (no penalty)
2026-05-15 10:18:52,595 INFO CSMF2.step_1_1_1.run :: [lat_epoch] mean_l2=0.02090 std_l2=0.02175 lambda=1.000
2026-05-15 10:18:52,595 INFO CSMF2.step_1_1_1.run :: [grad] cond=273.6742 film_gain=0.0000
2026-05-15 10:19:10,938 INFO CSMF2.step_1_1_1.run :: [h] epoch=21 step=50 total=0.35875 batch=0.22299
2026-05-15 10:19:10,938 INFO CSMF2.step_1_1_1.run :: [lat] epoch=21 step=50 mean_l2=0.01604 std_l2=0.01987
2026-05-15 10:19:11,117 INFO CSMF2.step_1_1_1.run :: epoch=21 step=50/429 train_nll=-3703.862
2026-05-15 10:19:26,198 INFO CSMF2.step_1_1_1.run :: [h] epoch=21 step=100 total=0.36286 batch=0.22712
2026-05-15 10:19:26,199 INFO CSMF2.step_1_1_1.run :: [lat] epoch=21 step=100 mean_l2=0.01412 std_l2=0.01949
2026-05-15 10:19:26,429 INFO CSMF2.step_1_1_1.run :: epoch=21 step=100/429 train_nll=-3707.327
2026-05-15 10:19:41,465 INFO CSMF2.step_1_1_1.run :: [h] epoch=21 step=150 total=0.37024 batch=0.23863
2026-05-15 10:19:41,465 INFO CSMF2.step_1_1_1.run :: [lat] epoch=21 step=150 mean_l2=0.01416 std_l2=0.02206
2026-05-15 10:19:41,647 INFO CSMF2.step_1_1_1.run :: epoch=21 step=150/429 train_nll=-3708.494
2026-05-15 10:19:57,000 INFO CSMF2.step_1_1_1.run :: [h] epoch=21 step=200 total=0.36872 batch=0.22575
2026-05-15 10:19:57,001 INFO CSMF2.step_1_1_1.run :: [lat] epoch=21 step=200 mean_l2=0.02227 std_l2=0.02408
2026-05-15 10:19:57,180 INFO CSMF2.step_1_1_1.run :: epoch=21 step=200/429 train_nll=-3707.516
2026-05-15 10:20:12,472 INFO CSMF2.step_1_1_1.run :: [h] epoch=21 step=250 total=0.36074 batch=0.23283
2026-05-15 10:20:12,472 INFO CSMF2.step_1_1_1.run :: [lat] epoch=21 step=250 mean_l2=0.02206 std_l2=0.02165
2026-05-15 10:20:12,650 INFO CSMF2.step_1_1_1.run :: epoch=21 step=250/429 train_nll=-3701.503
2026-05-15 10:20:27,946 INFO CSMF2.step_1_1_1.run :: [h] epoch=21 step=300 total=0.35177 batch=0.22420
2026-05-15 10:20:27,947 INFO CSMF2.step_1_1_1.run :: [lat] epoch=21 step=300 mean_l2=0.02580 std_l2=0.02385
2026-05-15 10:20:28,127 INFO CSMF2.step_1_1_1.run :: epoch=21 step=300/429 train_nll=-3699.326
2026-05-15 10:20:43,452 INFO CSMF2.step_1_1_1.run :: [h] epoch=21 step=350 total=0.35175 batch=0.22907
2026-05-15 10:20:43,453 INFO CSMF2.step_1_1_1.run :: [lat] epoch=21 step=350 mean_l2=0.01284 std_l2=0.02120
2026-05-15 10:20:43,679 INFO CSMF2.step_1_1_1.run :: epoch=21 step=350/429 train_nll=-3698.961
2026-05-15 10:20:59,276 INFO CSMF2.step_1_1_1.run :: [h] epoch=21 step=400 total=0.36334 batch=0.23295
2026-05-15 10:20:59,277 INFO CSMF2.step_1_1_1.run :: [lat] epoch=21 step=400 mean_l2=0.01438 std_l2=0.01926
2026-05-15 10:20:59,504 INFO CSMF2.step_1_1_1.run :: epoch=21 step=400/429 train_nll=-3701.058
2026-05-15 10:21:13,109 INFO CSMF2.step_1_1_1.run :: epoch=21  train_nll=-3702.029  val_nll=-3712.538  t=137.4s
2026-05-15 10:21:13,109 INFO CSMF2.step_1_1_1.run :: [h_std] total=0.35843 batch=0.22944 (no penalty)
2026-05-15 10:21:13,109 INFO CSMF2.step_1_1_1.run :: [lat_epoch] mean_l2=0.01837 std_l2=0.02082 lambda=1.000
2026-05-15 10:21:13,109 INFO CSMF2.step_1_1_1.run :: [grad] cond=191.2718 film_gain=0.0000
2026-05-15 10:21:31,334 INFO CSMF2.step_1_1_1.run :: [h] epoch=22 step=50 total=0.35656 batch=0.22158
2026-05-15 10:21:31,335 INFO CSMF2.step_1_1_1.run :: [lat] epoch=22 step=50 mean_l2=0.01514 std_l2=0.01991
2026-05-15 10:21:31,566 INFO CSMF2.step_1_1_1.run :: epoch=22 step=50/429 train_nll=-3710.159
2026-05-15 10:21:46,787 INFO CSMF2.step_1_1_1.run :: [h] epoch=22 step=100 total=0.35952 batch=0.22495
2026-05-15 10:21:46,787 INFO CSMF2.step_1_1_1.run :: [lat] epoch=22 step=100 mean_l2=0.01292 std_l2=0.01855
2026-05-15 10:21:46,968 INFO CSMF2.step_1_1_1.run :: epoch=22 step=100/429 train_nll=-3711.868
2026-05-15 10:22:02,353 INFO CSMF2.step_1_1_1.run :: [h] epoch=22 step=150 total=0.36793 batch=0.23628
2026-05-15 10:22:02,354 INFO CSMF2.step_1_1_1.run :: [lat] epoch=22 step=150 mean_l2=0.01462 std_l2=0.02028
2026-05-15 10:22:02,581 INFO CSMF2.step_1_1_1.run :: epoch=22 step=150/429 train_nll=-3710.408
2026-05-15 10:22:18,016 INFO CSMF2.step_1_1_1.run :: [h] epoch=22 step=200 total=0.35982 batch=0.22470
2026-05-15 10:22:18,016 INFO CSMF2.step_1_1_1.run :: [lat] epoch=22 step=200 mean_l2=0.01243 std_l2=0.01988
2026-05-15 10:22:18,246 INFO CSMF2.step_1_1_1.run :: epoch=22 step=200/429 train_nll=-3711.800
2026-05-15 10:22:33,600 INFO CSMF2.step_1_1_1.run :: [h] epoch=22 step=250 total=0.36604 batch=0.23376
2026-05-15 10:22:33,601 INFO CSMF2.step_1_1_1.run :: [lat] epoch=22 step=250 mean_l2=0.01467 std_l2=0.01765
2026-05-15 10:22:33,779 INFO CSMF2.step_1_1_1.run :: epoch=22 step=250/429 train_nll=-3713.130
2026-05-15 10:22:49,154 INFO CSMF2.step_1_1_1.run :: [h] epoch=22 step=300 total=0.36064 batch=0.22604
2026-05-15 10:22:49,155 INFO CSMF2.step_1_1_1.run :: [lat] epoch=22 step=300 mean_l2=0.01662 std_l2=0.01882
2026-05-15 10:22:49,335 INFO CSMF2.step_1_1_1.run :: epoch=22 step=300/429 train_nll=-3713.368
2026-05-15 10:23:05,165 INFO CSMF2.step_1_1_1.run :: [h] epoch=22 step=350 total=0.34985 batch=0.22395
2026-05-15 10:23:05,166 INFO CSMF2.step_1_1_1.run :: [lat] epoch=22 step=350 mean_l2=0.02259 std_l2=0.02153
2026-05-15 10:23:05,343 INFO CSMF2.step_1_1_1.run :: epoch=22 step=350/429 train_nll=-3710.271
2026-05-15 10:23:20,528 INFO CSMF2.step_1_1_1.run :: [h] epoch=22 step=400 total=0.33925 batch=0.21645
2026-05-15 10:23:20,531 INFO CSMF2.step_1_1_1.run :: [lat] epoch=22 step=400 mean_l2=0.02817 std_l2=0.01879
2026-05-15 10:23:20,715 INFO CSMF2.step_1_1_1.run :: epoch=22 step=400/429 train_nll=-3705.181
2026-05-15 10:23:34,444 INFO CSMF2.step_1_1_1.run :: epoch=22  train_nll=-3704.216  val_nll=-3692.735  t=138.3s
2026-05-15 10:23:34,444 INFO CSMF2.step_1_1_1.run :: [h_std] total=0.35565 batch=0.22697 (no penalty)
2026-05-15 10:23:34,444 INFO CSMF2.step_1_1_1.run :: [lat_epoch] mean_l2=0.01910 std_l2=0.02101 lambda=1.000
2026-05-15 10:23:34,445 INFO CSMF2.step_1_1_1.run :: [grad] cond=1253.5821 film_gain=0.0000
2026-05-15 10:23:52,888 INFO CSMF2.step_1_1_1.run :: [h] epoch=23 step=50 total=0.34391 batch=0.21848
2026-05-15 10:23:52,889 INFO CSMF2.step_1_1_1.run :: [lat] epoch=23 step=50 mean_l2=0.01376 std_l2=0.01948
2026-05-15 10:23:53,119 INFO CSMF2.step_1_1_1.run :: epoch=23 step=50/429 train_nll=-3700.669
2026-05-15 10:24:08,767 INFO CSMF2.step_1_1_1.run :: [h] epoch=23 step=100 total=0.34877 batch=0.22035
2026-05-15 10:24:08,768 INFO CSMF2.step_1_1_1.run :: [lat] epoch=23 step=100 mean_l2=0.01387 std_l2=0.02008
2026-05-15 10:24:08,947 INFO CSMF2.step_1_1_1.run :: epoch=23 step=100/429 train_nll=-3708.378
2026-05-15 10:24:24,340 INFO CSMF2.step_1_1_1.run :: [h] epoch=23 step=150 total=0.35698 batch=0.23120
2026-05-15 10:24:24,340 INFO CSMF2.step_1_1_1.run :: [lat] epoch=23 step=150 mean_l2=0.01322 std_l2=0.01941
2026-05-15 10:24:24,521 INFO CSMF2.step_1_1_1.run :: epoch=23 step=150/429 train_nll=-3711.049
2026-05-15 10:24:39,951 INFO CSMF2.step_1_1_1.run :: [h] epoch=23 step=200 total=0.34174 batch=0.21614
2026-05-15 10:24:39,952 INFO CSMF2.step_1_1_1.run :: [lat] epoch=23 step=200 mean_l2=0.01713 std_l2=0.02269
2026-05-15 10:24:40,184 INFO CSMF2.step_1_1_1.run :: epoch=23 step=200/429 train_nll=-3710.187
2026-05-15 10:24:55,682 INFO CSMF2.step_1_1_1.run :: [h] epoch=23 step=250 total=0.34067 batch=0.21879
2026-05-15 10:24:55,683 INFO CSMF2.step_1_1_1.run :: [lat] epoch=23 step=250 mean_l2=0.05501 std_l2=0.02294
2026-05-15 10:24:55,863 INFO CSMF2.step_1_1_1.run :: epoch=23 step=250/429 train_nll=-3705.710
2026-05-15 10:25:11,140 INFO CSMF2.step_1_1_1.run :: [h] epoch=23 step=300 total=0.33537 batch=0.21103
2026-05-15 10:25:11,141 INFO CSMF2.step_1_1_1.run :: [lat] epoch=23 step=300 mean_l2=0.02711 std_l2=0.02338
2026-05-15 10:25:11,317 INFO CSMF2.step_1_1_1.run :: epoch=23 step=300/429 train_nll=-3701.240
2026-05-15 10:25:26,991 INFO CSMF2.step_1_1_1.run :: [h] epoch=23 step=350 total=0.33585 batch=0.21975
2026-05-15 10:25:26,991 INFO CSMF2.step_1_1_1.run :: [lat] epoch=23 step=350 mean_l2=0.01763 std_l2=0.02254
2026-05-15 10:25:27,174 INFO CSMF2.step_1_1_1.run :: epoch=23 step=350/429 train_nll=-3698.279
2026-05-15 10:25:42,518 INFO CSMF2.step_1_1_1.run :: [h] epoch=23 step=400 total=0.33802 batch=0.21866
2026-05-15 10:25:42,519 INFO CSMF2.step_1_1_1.run :: [lat] epoch=23 step=400 mean_l2=0.01121 std_l2=0.02147
2026-05-15 10:25:42,753 INFO CSMF2.step_1_1_1.run :: epoch=23 step=400/429 train_nll=-3700.189
2026-05-15 10:25:56,412 INFO CSMF2.step_1_1_1.run :: epoch=23  train_nll=-3701.498  val_nll=-3715.764  t=138.9s
2026-05-15 10:25:56,412 INFO CSMF2.step_1_1_1.run :: [h_std] total=0.34011 batch=0.21992 (no penalty)
2026-05-15 10:25:56,412 INFO CSMF2.step_1_1_1.run :: [lat_epoch] mean_l2=0.01946 std_l2=0.02121 lambda=1.000
2026-05-15 10:25:56,413 INFO CSMF2.step_1_1_1.run :: [grad] cond=164.2675 film_gain=0.0000
2026-05-15 10:26:14,675 INFO CSMF2.step_1_1_1.run :: [h] epoch=24 step=50 total=0.33925 batch=0.21528
2026-05-15 10:26:14,675 INFO CSMF2.step_1_1_1.run :: [lat] epoch=24 step=50 mean_l2=0.01442 std_l2=0.01654
2026-05-15 10:26:14,858 INFO CSMF2.step_1_1_1.run :: epoch=24 step=50/429 train_nll=-3721.268
2026-05-15 10:26:30,298 INFO CSMF2.step_1_1_1.run :: [h] epoch=24 step=100 total=0.34786 batch=0.21881
2026-05-15 10:26:30,299 INFO CSMF2.step_1_1_1.run :: [lat] epoch=24 step=100 mean_l2=0.01221 std_l2=0.02088
2026-05-15 10:26:30,476 INFO CSMF2.step_1_1_1.run :: epoch=24 step=100/429 train_nll=-3721.181
2026-05-15 10:26:45,958 INFO CSMF2.step_1_1_1.run :: [h] epoch=24 step=150 total=0.34952 batch=0.22618
2026-05-15 10:26:45,959 INFO CSMF2.step_1_1_1.run :: [lat] epoch=24 step=150 mean_l2=0.01346 std_l2=0.01746
2026-05-15 10:26:46,140 INFO CSMF2.step_1_1_1.run :: epoch=24 step=150/429 train_nll=-3720.666
2026-05-15 10:27:01,576 INFO CSMF2.step_1_1_1.run :: [h] epoch=24 step=200 total=0.34066 batch=0.21607
2026-05-15 10:27:01,576 INFO CSMF2.step_1_1_1.run :: [lat] epoch=24 step=200 mean_l2=0.01248 std_l2=0.02129
2026-05-15 10:27:01,755 INFO CSMF2.step_1_1_1.run :: epoch=24 step=200/429 train_nll=-3719.552
2026-05-15 10:27:17,310 INFO CSMF2.step_1_1_1.run :: [h] epoch=24 step=250 total=0.34924 batch=0.22693
2026-05-15 10:27:17,311 INFO CSMF2.step_1_1_1.run :: [lat] epoch=24 step=250 mean_l2=0.02154 std_l2=0.02156
2026-05-15 10:27:17,491 INFO CSMF2.step_1_1_1.run :: epoch=24 step=250/429 train_nll=-3717.146
2026-05-15 10:27:33,046 INFO CSMF2.step_1_1_1.run :: [h] epoch=24 step=300 total=0.34144 batch=0.21654
2026-05-15 10:27:33,047 INFO CSMF2.step_1_1_1.run :: [lat] epoch=24 step=300 mean_l2=0.02640 std_l2=0.02286
2026-05-15 10:27:33,274 INFO CSMF2.step_1_1_1.run :: epoch=24 step=300/429 train_nll=-3713.570
2026-05-15 10:27:48,995 INFO CSMF2.step_1_1_1.run :: [h] epoch=24 step=350 total=0.33160 batch=0.21440
2026-05-15 10:27:48,996 INFO CSMF2.step_1_1_1.run :: [lat] epoch=24 step=350 mean_l2=0.01786 std_l2=0.02216
2026-05-15 10:27:49,179 INFO CSMF2.step_1_1_1.run :: epoch=24 step=350/429 train_nll=-3709.889
2026-05-15 10:28:04,673 INFO CSMF2.step_1_1_1.run :: [h] epoch=24 step=400 total=0.33633 batch=0.21638
2026-05-15 10:28:04,674 INFO CSMF2.step_1_1_1.run :: [lat] epoch=24 step=400 mean_l2=0.01172 std_l2=0.01631
2026-05-15 10:28:04,859 INFO CSMF2.step_1_1_1.run :: epoch=24 step=400/429 train_nll=-3710.802
2026-05-15 10:28:18,384 INFO CSMF2.step_1_1_1.run :: epoch=24  train_nll=-3711.542  val_nll=-3717.988  t=138.9s
2026-05-15 10:28:18,384 INFO CSMF2.step_1_1_1.run :: [h_std] total=0.33821 batch=0.21841 (no penalty)
2026-05-15 10:28:18,384 INFO CSMF2.step_1_1_1.run :: [lat_epoch] mean_l2=0.01766 std_l2=0.02040 lambda=1.000
2026-05-15 10:28:18,384 INFO CSMF2.step_1_1_1.run :: [grad] cond=182.9718 film_gain=0.0000
2026-05-15 10:28:37,595 INFO CSMF2.step_1_1_1.run :: [h] epoch=25 step=50 total=0.33740 batch=0.21283
2026-05-15 10:28:37,595 INFO CSMF2.step_1_1_1.run :: [lat] epoch=25 step=50 mean_l2=0.01328 std_l2=0.01732
2026-05-15 10:28:37,783 INFO CSMF2.step_1_1_1.run :: epoch=25 step=50/429 train_nll=-3723.805
2026-05-15 10:28:53,351 INFO CSMF2.step_1_1_1.run :: [h] epoch=25 step=100 total=0.33906 batch=0.21355
2026-05-15 10:28:53,352 INFO CSMF2.step_1_1_1.run :: [lat] epoch=25 step=100 mean_l2=0.01295 std_l2=0.01765
2026-05-15 10:28:53,529 INFO CSMF2.step_1_1_1.run :: epoch=25 step=100/429 train_nll=-3722.303
2026-05-15 10:29:09,342 INFO CSMF2.step_1_1_1.run :: [h] epoch=25 step=150 total=0.33185 batch=0.21654
2026-05-15 10:29:09,342 INFO CSMF2.step_1_1_1.run :: [lat] epoch=25 step=150 mean_l2=0.02433 std_l2=0.02404
2026-05-15 10:29:09,529 INFO CSMF2.step_1_1_1.run :: epoch=25 step=150/429 train_nll=-3720.384
2026-05-15 10:29:25,549 INFO CSMF2.step_1_1_1.run :: [h] epoch=25 step=200 total=0.33526 batch=0.21263
2026-05-15 10:29:25,550 INFO CSMF2.step_1_1_1.run :: [lat] epoch=25 step=200 mean_l2=0.01387 std_l2=0.02135
2026-05-15 10:29:25,735 INFO CSMF2.step_1_1_1.run :: epoch=25 step=200/429 train_nll=-3719.279
2026-05-15 10:29:41,515 INFO CSMF2.step_1_1_1.run :: [h] epoch=25 step=250 total=0.32574 batch=0.21424
2026-05-15 10:29:41,516 INFO CSMF2.step_1_1_1.run :: [lat] epoch=25 step=250 mean_l2=0.04498 std_l2=0.02236
2026-05-15 10:29:41,698 INFO CSMF2.step_1_1_1.run :: epoch=25 step=250/429 train_nll=-3716.357
2026-05-15 10:29:57,039 INFO CSMF2.step_1_1_1.run :: [h] epoch=25 step=300 total=0.32700 batch=0.21078
2026-05-15 10:29:57,040 INFO CSMF2.step_1_1_1.run :: [lat] epoch=25 step=300 mean_l2=0.01220 std_l2=0.02108
2026-05-15 10:29:57,223 INFO CSMF2.step_1_1_1.run :: epoch=25 step=300/429 train_nll=-3714.414
2026-05-15 10:30:12,461 INFO CSMF2.step_1_1_1.run :: [h] epoch=25 step=350 total=0.33483 batch=0.21696
2026-05-15 10:30:12,462 INFO CSMF2.step_1_1_1.run :: [lat] epoch=25 step=350 mean_l2=0.01291 std_l2=0.01928
2026-05-15 10:30:12,648 INFO CSMF2.step_1_1_1.run :: epoch=25 step=350/429 train_nll=-3715.745
2026-05-15 10:30:28,326 INFO CSMF2.step_1_1_1.run :: [h] epoch=25 step=400 total=0.33772 batch=0.21665
2026-05-15 10:30:28,326 INFO CSMF2.step_1_1_1.run :: [lat] epoch=25 step=400 mean_l2=0.01514 std_l2=0.02066
2026-05-15 10:30:28,512 INFO CSMF2.step_1_1_1.run :: epoch=25 step=400/429 train_nll=-3715.888
2026-05-15 10:30:42,213 INFO CSMF2.step_1_1_1.run :: epoch=25  train_nll=-3715.564  val_nll=-3706.191  t=140.7s
2026-05-15 10:30:42,213 INFO CSMF2.step_1_1_1.run :: [h_std] total=0.33412 batch=0.21526 (no penalty)
2026-05-15 10:30:42,213 INFO CSMF2.step_1_1_1.run :: [lat_epoch] mean_l2=0.01665 std_l2=0.02011 lambda=1.000
2026-05-15 10:30:42,213 INFO CSMF2.step_1_1_1.run :: [grad] cond=281.2510 film_gain=0.0000
2026-05-15 10:31:00,763 INFO CSMF2.step_1_1_1.run :: [h] epoch=26 step=50 total=0.32247 batch=0.20603
2026-05-15 10:31:00,764 INFO CSMF2.step_1_1_1.run :: [lat] epoch=26 step=50 mean_l2=0.02408 std_l2=0.02272
2026-05-15 10:31:00,999 INFO CSMF2.step_1_1_1.run :: epoch=26 step=50/429 train_nll=-3707.193
2026-05-15 10:31:16,689 INFO CSMF2.step_1_1_1.run :: [h] epoch=26 step=100 total=0.33130 batch=0.20909
2026-05-15 10:31:16,689 INFO CSMF2.step_1_1_1.run :: [lat] epoch=26 step=100 mean_l2=0.02463 std_l2=0.02175
2026-05-15 10:31:16,873 INFO CSMF2.step_1_1_1.run :: epoch=26 step=100/429 train_nll=-3711.696
2026-05-15 10:31:32,330 INFO CSMF2.step_1_1_1.run :: [h] epoch=26 step=150 total=0.33669 batch=0.21864
2026-05-15 10:31:32,331 INFO CSMF2.step_1_1_1.run :: [lat] epoch=26 step=150 mean_l2=0.01504 std_l2=0.01934
2026-05-15 10:31:32,512 INFO CSMF2.step_1_1_1.run :: epoch=26 step=150/429 train_nll=-3713.049
2026-05-15 10:31:47,839 INFO CSMF2.step_1_1_1.run :: [h] epoch=26 step=200 total=0.33088 batch=0.20877
2026-05-15 10:31:47,840 INFO CSMF2.step_1_1_1.run :: [lat] epoch=26 step=200 mean_l2=0.01516 std_l2=0.02116
2026-05-15 10:31:48,070 INFO CSMF2.step_1_1_1.run :: epoch=26 step=200/429 train_nll=-3715.964
2026-05-15 10:32:03,622 INFO CSMF2.step_1_1_1.run :: [h] epoch=26 step=250 total=0.32959 batch=0.21430
2026-05-15 10:32:03,623 INFO CSMF2.step_1_1_1.run :: [lat] epoch=26 step=250 mean_l2=0.01440 std_l2=0.01824
2026-05-15 10:32:03,809 INFO CSMF2.step_1_1_1.run :: epoch=26 step=250/429 train_nll=-3713.529
2026-05-15 10:32:19,722 INFO CSMF2.step_1_1_1.run :: [h] epoch=26 step=300 total=0.32623 batch=0.20930
2026-05-15 10:32:19,723 INFO CSMF2.step_1_1_1.run :: [lat] epoch=26 step=300 mean_l2=0.01351 std_l2=0.01782
2026-05-15 10:32:19,903 INFO CSMF2.step_1_1_1.run :: epoch=26 step=300/429 train_nll=-3715.142
2026-05-15 10:32:35,585 INFO CSMF2.step_1_1_1.run :: [h] epoch=26 step=350 total=0.33221 batch=0.21422
2026-05-15 10:32:35,586 INFO CSMF2.step_1_1_1.run :: [lat] epoch=26 step=350 mean_l2=0.01316 std_l2=0.01885
2026-05-15 10:32:35,771 INFO CSMF2.step_1_1_1.run :: epoch=26 step=350/429 train_nll=-3716.848
2026-05-15 10:32:51,234 INFO CSMF2.step_1_1_1.run :: [h] epoch=26 step=400 total=0.33589 batch=0.21365
2026-05-15 10:32:51,235 INFO CSMF2.step_1_1_1.run :: [lat] epoch=26 step=400 mean_l2=0.01303 std_l2=0.01732
2026-05-15 10:32:51,470 INFO CSMF2.step_1_1_1.run :: epoch=26 step=400/429 train_nll=-3717.842
2026-05-15 10:33:05,479 INFO CSMF2.step_1_1_1.run :: epoch=26  train_nll=-3718.536  val_nll=-3722.967  t=140.1s
2026-05-15 10:33:05,479 INFO CSMF2.step_1_1_1.run :: [h_std] total=0.32863 batch=0.21160 (no penalty)
2026-05-15 10:33:05,479 INFO CSMF2.step_1_1_1.run :: [lat_epoch] mean_l2=0.01645 std_l2=0.01990 lambda=1.000
2026-05-15 10:33:05,479 INFO CSMF2.step_1_1_1.run :: [grad] cond=187.5657 film_gain=0.0000
2026-05-15 10:33:24,028 INFO CSMF2.step_1_1_1.run :: [h] epoch=27 step=50 total=0.32852 batch=0.20669
2026-05-15 10:33:24,029 INFO CSMF2.step_1_1_1.run :: [lat] epoch=27 step=50 mean_l2=0.01436 std_l2=0.01777
2026-05-15 10:33:24,214 INFO CSMF2.step_1_1_1.run :: epoch=27 step=50/429 train_nll=-3728.499
2026-05-15 10:33:39,854 INFO CSMF2.step_1_1_1.run :: [h] epoch=27 step=100 total=0.33557 batch=0.20910
2026-05-15 10:33:39,854 INFO CSMF2.step_1_1_1.run :: [lat] epoch=27 step=100 mean_l2=0.02692 std_l2=0.02023
2026-05-15 10:33:40,036 INFO CSMF2.step_1_1_1.run :: epoch=27 step=100/429 train_nll=-3726.979
2026-05-15 10:33:55,620 INFO CSMF2.step_1_1_1.run :: [h] epoch=27 step=150 total=0.32793 batch=0.21203
2026-05-15 10:33:55,621 INFO CSMF2.step_1_1_1.run :: [lat] epoch=27 step=150 mean_l2=0.01663 std_l2=0.02060
2026-05-15 10:33:55,802 INFO CSMF2.step_1_1_1.run :: epoch=27 step=150/429 train_nll=-3721.389
2026-05-15 10:34:11,194 INFO CSMF2.step_1_1_1.run :: [h] epoch=27 step=200 total=0.32766 batch=0.20528
2026-05-15 10:34:11,195 INFO CSMF2.step_1_1_1.run :: [lat] epoch=27 step=200 mean_l2=0.01450 std_l2=0.02124
2026-05-15 10:34:11,375 INFO CSMF2.step_1_1_1.run :: epoch=27 step=200/429 train_nll=-3722.196
2026-05-15 10:34:27,155 INFO CSMF2.step_1_1_1.run :: [h] epoch=27 step=250 total=0.33095 batch=0.21229
2026-05-15 10:34:27,156 INFO CSMF2.step_1_1_1.run :: [lat] epoch=27 step=250 mean_l2=0.01334 std_l2=0.01732
2026-05-15 10:34:27,390 INFO CSMF2.step_1_1_1.run :: epoch=27 step=250/429 train_nll=-3723.592
2026-05-15 10:34:43,284 INFO CSMF2.step_1_1_1.run :: [h] epoch=27 step=300 total=0.32798 batch=0.20769
2026-05-15 10:34:43,285 INFO CSMF2.step_1_1_1.run :: [lat] epoch=27 step=300 mean_l2=0.01242 std_l2=0.01879
2026-05-15 10:34:43,471 INFO CSMF2.step_1_1_1.run :: epoch=27 step=300/429 train_nll=-3723.698
2026-05-15 10:34:58,974 INFO CSMF2.step_1_1_1.run :: [h] epoch=27 step=350 total=0.33111 batch=0.21292
2026-05-15 10:34:58,975 INFO CSMF2.step_1_1_1.run :: [lat] epoch=27 step=350 mean_l2=0.01632 std_l2=0.01890
2026-05-15 10:34:59,206 INFO CSMF2.step_1_1_1.run :: epoch=27 step=350/429 train_nll=-3723.312
2026-05-15 10:35:14,822 INFO CSMF2.step_1_1_1.run :: [h] epoch=27 step=400 total=0.32904 batch=0.20787
2026-05-15 10:35:14,823 INFO CSMF2.step_1_1_1.run :: [lat] epoch=27 step=400 mean_l2=0.01783 std_l2=0.01943
2026-05-15 10:35:15,006 INFO CSMF2.step_1_1_1.run :: epoch=27 step=400/429 train_nll=-3723.826
2026-05-15 10:35:29,027 INFO CSMF2.step_1_1_1.run :: epoch=27  train_nll=-3723.930  val_nll=-3717.663  t=140.4s
2026-05-15 10:35:29,027 INFO CSMF2.step_1_1_1.run :: [h_std] total=0.32839 batch=0.20958 (no penalty)
2026-05-15 10:35:29,027 INFO CSMF2.step_1_1_1.run :: [lat_epoch] mean_l2=0.01551 std_l2=0.01964 lambda=1.000
2026-05-15 10:35:29,027 INFO CSMF2.step_1_1_1.run :: [grad] cond=320.3147 film_gain=0.0000
2026-05-15 10:35:47,926 INFO CSMF2.step_1_1_1.run :: [h] epoch=28 step=50 total=0.32032 batch=0.20267
2026-05-15 10:35:47,927 INFO CSMF2.step_1_1_1.run :: [lat] epoch=28 step=50 mean_l2=0.01486 std_l2=0.01986
2026-05-15 10:35:48,115 INFO CSMF2.step_1_1_1.run :: epoch=28 step=50/429 train_nll=-3713.939
2026-05-15 10:36:03,828 INFO CSMF2.step_1_1_1.run :: [h] epoch=28 step=100 total=0.32747 batch=0.20526
2026-05-15 10:36:03,829 INFO CSMF2.step_1_1_1.run :: [lat] epoch=28 step=100 mean_l2=0.01711 std_l2=0.01934
2026-05-15 10:36:04,064 INFO CSMF2.step_1_1_1.run :: epoch=28 step=100/429 train_nll=-3720.763
2026-05-15 10:36:20,130 INFO CSMF2.step_1_1_1.run :: [h] epoch=28 step=150 total=0.32227 batch=0.20811
2026-05-15 10:36:20,131 INFO CSMF2.step_1_1_1.run :: [lat] epoch=28 step=150 mean_l2=0.01868 std_l2=0.02129
2026-05-15 10:36:20,314 INFO CSMF2.step_1_1_1.run :: epoch=28 step=150/429 train_nll=-3719.100
2026-05-15 10:36:36,360 INFO CSMF2.step_1_1_1.run :: [h] epoch=28 step=200 total=0.31862 batch=0.19755
2026-05-15 10:36:36,360 INFO CSMF2.step_1_1_1.run :: [lat] epoch=28 step=200 mean_l2=0.02261 std_l2=0.02523
2026-05-15 10:36:36,546 INFO CSMF2.step_1_1_1.run :: epoch=28 step=200/429 train_nll=-3718.202
2026-05-15 10:36:52,115 INFO CSMF2.step_1_1_1.run :: [h] epoch=28 step=250 total=0.32250 batch=0.20791
2026-05-15 10:36:52,115 INFO CSMF2.step_1_1_1.run :: [lat] epoch=28 step=250 mean_l2=0.01612 std_l2=0.01859
2026-05-15 10:36:52,298 INFO CSMF2.step_1_1_1.run :: epoch=28 step=250/429 train_nll=-3717.048
2026-05-15 10:37:07,925 INFO CSMF2.step_1_1_1.run :: [h] epoch=28 step=300 total=0.31922 batch=0.20408
2026-05-15 10:37:07,926 INFO CSMF2.step_1_1_1.run :: [lat] epoch=28 step=300 mean_l2=0.01288 std_l2=0.01754
2026-05-15 10:37:08,113 INFO CSMF2.step_1_1_1.run :: epoch=28 step=300/429 train_nll=-3718.072
2026-05-15 10:37:23,998 INFO CSMF2.step_1_1_1.run :: [h] epoch=28 step=350 total=0.32465 batch=0.20839
2026-05-15 10:37:23,999 INFO CSMF2.step_1_1_1.run :: [lat] epoch=28 step=350 mean_l2=0.01169 std_l2=0.02272
2026-05-15 10:37:24,186 INFO CSMF2.step_1_1_1.run :: epoch=28 step=350/429 train_nll=-3719.957
2026-05-15 10:37:39,646 INFO CSMF2.step_1_1_1.run :: [h] epoch=28 step=400 total=0.32714 batch=0.20787
2026-05-15 10:37:39,647 INFO CSMF2.step_1_1_1.run :: [lat] epoch=28 step=400 mean_l2=0.01469 std_l2=0.01774
2026-05-15 10:37:39,879 INFO CSMF2.step_1_1_1.run :: epoch=28 step=400/429 train_nll=-3721.782
2026-05-15 10:37:53,837 INFO CSMF2.step_1_1_1.run :: epoch=28  train_nll=-3722.398  val_nll=-3724.004  t=141.7s
2026-05-15 10:37:53,837 INFO CSMF2.step_1_1_1.run :: [h_std] total=0.32143 batch=0.20598 (no penalty)
2026-05-15 10:37:53,837 INFO CSMF2.step_1_1_1.run :: [lat_epoch] mean_l2=0.01644 std_l2=0.01975 lambda=1.000
2026-05-15 10:37:53,837 INFO CSMF2.step_1_1_1.run :: [grad] cond=207.0971 film_gain=0.0000
2026-05-15 10:38:12,394 INFO CSMF2.step_1_1_1.run :: [h] epoch=29 step=50 total=0.30377 batch=0.19317
2026-05-15 10:38:12,394 INFO CSMF2.step_1_1_1.run :: [lat] epoch=29 step=50 mean_l2=0.01857 std_l2=0.02314
2026-05-15 10:38:12,578 INFO CSMF2.step_1_1_1.run :: epoch=29 step=50/429 train_nll=-3708.441
2026-05-15 10:38:27,861 INFO CSMF2.step_1_1_1.run :: [h] epoch=29 step=100 total=0.31425 batch=0.19744
2026-05-15 10:38:27,861 INFO CSMF2.step_1_1_1.run :: [lat] epoch=29 step=100 mean_l2=0.01287 std_l2=0.01962
2026-05-15 10:38:28,041 INFO CSMF2.step_1_1_1.run :: epoch=29 step=100/429 train_nll=-3710.910
2026-05-15 10:38:43,799 INFO CSMF2.step_1_1_1.run :: [h] epoch=29 step=150 total=0.31742 batch=0.20578
2026-05-15 10:38:43,800 INFO CSMF2.step_1_1_1.run :: [lat] epoch=29 step=150 mean_l2=0.01284 std_l2=0.02069
2026-05-15 10:38:43,979 INFO CSMF2.step_1_1_1.run :: epoch=29 step=150/429 train_nll=-3715.950
2026-05-15 10:38:59,613 INFO CSMF2.step_1_1_1.run :: [h] epoch=29 step=200 total=0.31493 batch=0.19707
2026-05-15 10:38:59,614 INFO CSMF2.step_1_1_1.run :: [lat] epoch=29 step=200 mean_l2=0.01457 std_l2=0.01917
2026-05-15 10:38:59,844 INFO CSMF2.step_1_1_1.run :: epoch=29 step=200/429 train_nll=-3719.757
2026-05-15 10:39:14,997 INFO CSMF2.step_1_1_1.run :: [h] epoch=29 step=250 total=0.31991 batch=0.20440
2026-05-15 10:39:14,998 INFO CSMF2.step_1_1_1.run :: [lat] epoch=29 step=250 mean_l2=0.01581 std_l2=0.01896
2026-05-15 10:39:15,230 INFO CSMF2.step_1_1_1.run :: epoch=29 step=250/429 train_nll=-3721.595
2026-05-15 10:39:30,546 INFO CSMF2.step_1_1_1.run :: [h] epoch=29 step=300 total=0.31468 batch=0.20075
2026-05-15 10:39:30,547 INFO CSMF2.step_1_1_1.run :: [lat] epoch=29 step=300 mean_l2=0.01439 std_l2=0.01859
2026-05-15 10:39:30,779 INFO CSMF2.step_1_1_1.run :: epoch=29 step=300/429 train_nll=-3721.839
2026-05-15 10:39:46,107 INFO CSMF2.step_1_1_1.run :: [h] epoch=29 step=350 total=0.30530 batch=0.19823
2026-05-15 10:39:46,107 INFO CSMF2.step_1_1_1.run :: [lat] epoch=29 step=350 mean_l2=0.01776 std_l2=0.02369
2026-05-15 10:39:46,289 INFO CSMF2.step_1_1_1.run :: epoch=29 step=350/429 train_nll=-3718.583
2026-05-15 10:40:01,815 INFO CSMF2.step_1_1_1.run :: [h] epoch=29 step=400 total=0.30828 batch=0.19708
2026-05-15 10:40:01,816 INFO CSMF2.step_1_1_1.run :: [lat] epoch=29 step=400 mean_l2=0.02331 std_l2=0.03011
2026-05-15 10:40:02,000 INFO CSMF2.step_1_1_1.run :: epoch=29 step=400/429 train_nll=-3717.912
2026-05-15 10:40:15,535 INFO CSMF2.step_1_1_1.run :: epoch=29  train_nll=-3717.179  val_nll=-3715.698  t=138.6s
2026-05-15 10:40:15,535 INFO CSMF2.step_1_1_1.run :: [h_std] total=0.31221 batch=0.20028 (no penalty)
2026-05-15 10:40:15,535 INFO CSMF2.step_1_1_1.run :: [lat_epoch] mean_l2=0.01885 std_l2=0.02071 lambda=1.000
2026-05-15 10:40:15,535 INFO CSMF2.step_1_1_1.run :: [grad] cond=348.3482 film_gain=0.0000
2026-05-15 10:40:27,800 INFO CSMF2.step_1_1_1.run :: [run] FINAL test_nll (sealed 10k) = -3718.015
2026-05-15 10:40:28,561 INFO CSMF2.experiments.step_1_1_1.density_plots :: [plot_latent_density] saved -> CSMF2/experiments/step_1_1_1/results/nsf_s2_n0.00_seed0_1d65d509bede/plots/latent_density.png  (ks=0.0071, mean=-0.013, std=0.980)
2026-05-15 10:40:28,780 INFO CSMF2.experiments.step_1_1_1.density_plots :: [plot_cycle_density] saved -> CSMF2/experiments/step_1_1_1/results/nsf_s2_n0.00_seed0_1d65d509bede/plots/cycle_density.png  (max|err|=1.663e-04 rms=1.635e-06)
2026-05-15 10:40:29,077 INFO CSMF2.experiments.step_1_1_1.density_plots :: [plot_reconstruction_panel] saved -> CSMF2/experiments/step_1_1_1/results/nsf_s2_n0.00_seed0_1d65d509bede/plots/reconstruction_panel.png  rms(enc-prior)=0.698
==============================================================
[1mSTEP-1_1_1 RUN SUMMARY[0m
==============================================================
expert: nsf   scale: 2   noise: 0.0   seed: 0   epochs: 30
train NLL:    -3204.56  ->    -3717.18  (Δ = -512.62)
test  NLL:    -3455.91  ->    -3715.70

[1mHARD GATES (halt on fail)[0m
  [32m 30/30  ✓[0m  invertibility FP64 <1e-5
  [33m 29/30  ✗[0m  latent KS vs N(0,1) <0.05
  [33m 28/30  ✗[0m  cycle_max < 1e-12
  [32m 30/30  ✓[0m  h std > 1e-3
  [32m 30/30  ✓[0m  FiLM γ,β std > 1e-3 aggregate
  [32m 30/30  ✓[0m  (y,seed) max|Δh| < 1e-6
  [32m 30/30  ✓[0m  no NaN/Inf this epoch
  [32m  1/1   ✓[0m  numeric log-det (FP64, once)

[1mINFORMATIONAL (logged, non-blocking)[0m
  [33m 29/30  ✗[0m  null-control gap ≥ 0.10
  [32m 30/30  ✓[0m  h_st Δlogp slope > 1e-3
  [32m 30/30  ✓[0m  grad norm > 1e-6
  [32m 30/30  ✓[0m  fwd residual reported
--------------------------------------------------------------
[1mHARD TOTAL: 208/211[0m  (98.6%)
[1mEXIT_CRITERIA_MET:[0m [31mNO[0m
[1mREMEDY HINTS:[0m
  - hard gate failed: latent_ks (latent KS vs N(0,1) <0.05) -- check epochs [18]
  - hard gate failed: cycle_max (cycle_max < 1e-12) -- check epochs [11, 21]
==============================================================
2026-05-15 10:40:29,141 INFO CSMF2.step_1_1_1.run :: STEP-1_1 run DONE  exit_ok=False  out=CSMF2/experiments/step_1_1_1/results/nsf_s2_n0.00_seed0_1d65d509bede
>>> 10:40:29 expert=nsf noise=0.0 lam=10.0 v2=off
2026-05-15 10:40:30,804 INFO CSMF2.step_1_1_1.run :: STEP-1_1 run | tag=nsf_s2_n0.00_seed0_add67dddb13f | cfg=StepCfg(data_root='./mnist_data', scale=2, blur_sigma=1.0, noise_sigma=0.0, batch_size=128, expert='nsf', dim=784, cond_width=128, h_dim=256, flow_hidden=256, use_film=True, cache_h=True, use_v2_conditioner=False, film_depth=2, film_hidden=128, film_use_gelu=True, realnvp_n_couplings=6, realnvp_s_max=2.0, glow_n_steps=8, glow_coupling_hidden=256, glow_s_max=2.0, glow_squeeze=True, glow_n_levels=1, glow_image_c=1, glow_image_h=28, glow_image_w=28, glow_film_gain_init=0.3, lr=0.001, epochs=30, weight_decay=0.0, grad_clip=5.0, shuffle_loss_lambda=0.0, shuffle_loss_margin=0.5, h_std_penalty_mu=0.0, h_std_target=0.05, cond_y_residual_alpha_init=0.0, latent_moment_lambda=10.0, latent_ks_target=0.1, fwd_rel_target=0.5, resume_from=None, seed=0, out_root='./CSMF2/experiments/step_1_1_1/results', log_every=50, sanity_every_epoch=True)
2026-05-15 10:40:30,877 INFO CSMF2.step_1_1_1.run :: [run] data sizes: train=55000  val=5000 (per-epoch)  test=10000 (final-only)
2026-05-15 10:40:30,934 INFO CSMF2.step_1_1_1.run :: [y_sanity] y.std(dim=0).mean() = 0.1294  shape=(128, 1, 14, 14)
2026-05-15 10:40:43,687 INFO CSMF2.step_1_1_1.run :: [h] epoch=0 step=50 total=0.06188 batch=0.00191
2026-05-15 10:40:43,688 INFO CSMF2.step_1_1_1.run :: [lat] epoch=0 step=50 mean_l2=0.13441 std_l2=0.12819
2026-05-15 10:40:43,817 INFO CSMF2.step_1_1_1.run :: epoch=0 step=50/429 train_nll=-2036.650
2026-05-15 10:40:56,607 INFO CSMF2.step_1_1_1.run :: [h] epoch=0 step=100 total=0.06219 batch=0.00012
2026-05-15 10:40:56,607 INFO CSMF2.step_1_1_1.run :: [lat] epoch=0 step=100 mean_l2=0.10583 std_l2=0.05652
2026-05-15 10:40:56,736 INFO CSMF2.step_1_1_1.run :: epoch=0 step=100/429 train_nll=-2590.511
2026-05-15 10:41:09,496 INFO CSMF2.step_1_1_1.run :: [h] epoch=0 step=150 total=0.03882 batch=0.00008
2026-05-15 10:41:09,497 INFO CSMF2.step_1_1_1.run :: [lat] epoch=0 step=150 mean_l2=0.05824 std_l2=0.04975
2026-05-15 10:41:09,653 INFO CSMF2.step_1_1_1.run :: epoch=0 step=150/429 train_nll=-2820.384
2026-05-15 10:41:22,480 INFO CSMF2.step_1_1_1.run :: [h] epoch=0 step=200 total=0.07045 batch=0.00098
2026-05-15 10:41:22,481 INFO CSMF2.step_1_1_1.run :: [lat] epoch=0 step=200 mean_l2=0.04589 std_l2=0.04666
2026-05-15 10:41:22,613 INFO CSMF2.step_1_1_1.run :: epoch=0 step=200/429 train_nll=-2955.917
2026-05-15 10:41:35,349 INFO CSMF2.step_1_1_1.run :: [h] epoch=0 step=250 total=0.07165 batch=0.00006
2026-05-15 10:41:35,350 INFO CSMF2.step_1_1_1.run :: [lat] epoch=0 step=250 mean_l2=0.04626 std_l2=0.03636
2026-05-15 10:41:35,483 INFO CSMF2.step_1_1_1.run :: epoch=0 step=250/429 train_nll=-3042.601
2026-05-15 10:41:48,267 INFO CSMF2.step_1_1_1.run :: [h] epoch=0 step=300 total=0.06370 batch=0.00009
2026-05-15 10:41:48,268 INFO CSMF2.step_1_1_1.run :: [lat] epoch=0 step=300 mean_l2=0.03390 std_l2=0.03373
2026-05-15 10:41:48,424 INFO CSMF2.step_1_1_1.run :: epoch=0 step=300/429 train_nll=-3102.206
2026-05-15 10:42:01,222 INFO CSMF2.step_1_1_1.run :: [h] epoch=0 step=350 total=0.08717 batch=0.00003
2026-05-15 10:42:01,223 INFO CSMF2.step_1_1_1.run :: [lat] epoch=0 step=350 mean_l2=0.04235 std_l2=0.02630
2026-05-15 10:42:01,352 INFO CSMF2.step_1_1_1.run :: epoch=0 step=350/429 train_nll=-3149.831
2026-05-15 10:42:14,065 INFO CSMF2.step_1_1_1.run :: [h] epoch=0 step=400 total=0.09383 batch=0.00004
2026-05-15 10:42:14,066 INFO CSMF2.step_1_1_1.run :: [lat] epoch=0 step=400 mean_l2=0.04085 std_l2=0.02892
2026-05-15 10:42:14,199 INFO CSMF2.step_1_1_1.run :: epoch=0 step=400/429 train_nll=-3184.427
2026-05-15 10:42:26,313 INFO CSMF2.step_1_1_1.run :: epoch=0  train_nll=-3200.943  val_nll=-3430.966  t=115.3s
2026-05-15 10:42:26,313 INFO CSMF2.step_1_1_1.run :: [h_std] total=0.06126 batch=0.00026 (no penalty)
2026-05-15 10:42:26,313 INFO CSMF2.step_1_1_1.run :: [lat_epoch] mean_l2=0.17617 std_l2=0.12243 lambda=10.000
2026-05-15 10:42:26,313 INFO CSMF2.step_1_1_1.run :: [grad] cond=2.6065 film_gain=0.0000
2026-05-15 10:42:42,143 INFO CSMF2.step_1_1_1.run :: [h] epoch=1 step=50 total=0.13078 batch=0.00001
2026-05-15 10:42:42,143 INFO CSMF2.step_1_1_1.run :: [lat] epoch=1 step=50 mean_l2=0.04175 std_l2=0.02626
2026-05-15 10:42:42,275 INFO CSMF2.step_1_1_1.run :: epoch=1 step=50/429 train_nll=-3446.847
2026-05-15 10:42:55,204 INFO CSMF2.step_1_1_1.run :: [h] epoch=1 step=100 total=0.10937 batch=0.00001
2026-05-15 10:42:55,204 INFO CSMF2.step_1_1_1.run :: [lat] epoch=1 step=100 mean_l2=0.02903 std_l2=0.02818
2026-05-15 10:42:55,340 INFO CSMF2.step_1_1_1.run :: epoch=1 step=100/429 train_nll=-3448.993
2026-05-15 10:43:08,216 INFO CSMF2.step_1_1_1.run :: [h] epoch=1 step=150 total=0.16557 batch=0.00000
2026-05-15 10:43:08,216 INFO CSMF2.step_1_1_1.run :: [lat] epoch=1 step=150 mean_l2=0.03871 std_l2=0.02378
2026-05-15 10:43:08,350 INFO CSMF2.step_1_1_1.run :: epoch=1 step=150/429 train_nll=-3456.229
2026-05-15 10:43:21,261 INFO CSMF2.step_1_1_1.run :: [h] epoch=1 step=200 total=0.14534 batch=0.00000
2026-05-15 10:43:21,262 INFO CSMF2.step_1_1_1.run :: [lat] epoch=1 step=200 mean_l2=0.03897 std_l2=0.02531
2026-05-15 10:43:21,428 INFO CSMF2.step_1_1_1.run :: epoch=1 step=200/429 train_nll=-3459.922
2026-05-15 10:43:35,003 INFO CSMF2.step_1_1_1.run :: [h] epoch=1 step=250 total=0.12844 batch=0.00000
2026-05-15 10:43:35,003 INFO CSMF2.step_1_1_1.run :: [lat] epoch=1 step=250 mean_l2=0.03991 std_l2=0.03238
2026-05-15 10:43:35,151 INFO CSMF2.step_1_1_1.run :: epoch=1 step=250/429 train_nll=-3462.857
2026-05-15 10:43:49,364 INFO CSMF2.step_1_1_1.run :: [h] epoch=1 step=300 total=0.16784 batch=0.00000
2026-05-15 10:43:49,365 INFO CSMF2.step_1_1_1.run :: [lat] epoch=1 step=300 mean_l2=0.03545 std_l2=0.02541
2026-05-15 10:43:49,523 INFO CSMF2.step_1_1_1.run :: epoch=1 step=300/429 train_nll=-3464.519
2026-05-15 10:44:03,970 INFO CSMF2.step_1_1_1.run :: [h] epoch=1 step=350 total=0.15272 batch=0.00000
2026-05-15 10:44:03,970 INFO CSMF2.step_1_1_1.run :: [lat] epoch=1 step=350 mean_l2=0.03302 std_l2=0.03322
2026-05-15 10:44:04,128 INFO CSMF2.step_1_1_1.run :: epoch=1 step=350/429 train_nll=-3466.262
2026-05-15 10:44:18,782 INFO CSMF2.step_1_1_1.run :: [h] epoch=1 step=400 total=0.15278 batch=0.00000
2026-05-15 10:44:18,782 INFO CSMF2.step_1_1_1.run :: [lat] epoch=1 step=400 mean_l2=0.06539 std_l2=0.03233
2026-05-15 10:44:18,939 INFO CSMF2.step_1_1_1.run :: epoch=1 step=400/429 train_nll=-3467.314
2026-05-15 10:44:32,124 INFO CSMF2.step_1_1_1.run :: epoch=1  train_nll=-3467.203  val_nll=-3483.812  t=122.6s
2026-05-15 10:44:32,124 INFO CSMF2.step_1_1_1.run :: [h_std] total=0.14186 batch=0.00001 (no penalty)
2026-05-15 10:44:32,124 INFO CSMF2.step_1_1_1.run :: [lat_epoch] mean_l2=0.03911 std_l2=0.02913 lambda=10.000
2026-05-15 10:44:32,124 INFO CSMF2.step_1_1_1.run :: [grad] cond=6.9184 film_gain=0.0000
2026-05-15 10:44:49,282 INFO CSMF2.step_1_1_1.run :: [h] epoch=2 step=50 total=0.18647 batch=0.00000
2026-05-15 10:44:49,282 INFO CSMF2.step_1_1_1.run :: [lat] epoch=2 step=50 mean_l2=0.02218 std_l2=0.01990
2026-05-15 10:44:49,485 INFO CSMF2.step_1_1_1.run :: epoch=2 step=50/429 train_nll=-3504.102
2026-05-15 10:45:03,957 INFO CSMF2.step_1_1_1.run :: [h] epoch=2 step=100 total=0.17895 batch=0.00000
2026-05-15 10:45:03,957 INFO CSMF2.step_1_1_1.run :: [lat] epoch=2 step=100 mean_l2=0.02757 std_l2=0.02392
2026-05-15 10:45:04,114 INFO CSMF2.step_1_1_1.run :: epoch=2 step=100/429 train_nll=-3505.678
2026-05-15 10:45:18,486 INFO CSMF2.step_1_1_1.run :: [h] epoch=2 step=150 total=0.18562 batch=0.00000
2026-05-15 10:45:18,487 INFO CSMF2.step_1_1_1.run :: [lat] epoch=2 step=150 mean_l2=0.02534 std_l2=0.02591
2026-05-15 10:45:18,645 INFO CSMF2.step_1_1_1.run :: epoch=2 step=150/429 train_nll=-3505.300
2026-05-15 10:45:32,611 INFO CSMF2.step_1_1_1.run :: [h] epoch=2 step=200 total=0.19432 batch=0.00000
2026-05-15 10:45:32,612 INFO CSMF2.step_1_1_1.run :: [lat] epoch=2 step=200 mean_l2=0.02144 std_l2=0.02455
2026-05-15 10:45:32,766 INFO CSMF2.step_1_1_1.run :: epoch=2 step=200/429 train_nll=-3505.979
2026-05-15 10:45:47,251 INFO CSMF2.step_1_1_1.run :: [h] epoch=2 step=250 total=0.18558 batch=0.00000
2026-05-15 10:45:47,251 INFO CSMF2.step_1_1_1.run :: [lat] epoch=2 step=250 mean_l2=0.01698 std_l2=0.02534
2026-05-15 10:45:47,409 INFO CSMF2.step_1_1_1.run :: epoch=2 step=250/429 train_nll=-3506.295
2026-05-15 10:46:01,852 INFO CSMF2.step_1_1_1.run :: [h] epoch=2 step=300 total=0.17435 batch=0.00000
2026-05-15 10:46:01,853 INFO CSMF2.step_1_1_1.run :: [lat] epoch=2 step=300 mean_l2=0.03667 std_l2=0.03703
2026-05-15 10:46:02,010 INFO CSMF2.step_1_1_1.run :: epoch=2 step=300/429 train_nll=-3504.391
2026-05-15 10:46:16,037 INFO CSMF2.step_1_1_1.run :: [h] epoch=2 step=350 total=0.19310 batch=0.00000
2026-05-15 10:46:16,037 INFO CSMF2.step_1_1_1.run :: [lat] epoch=2 step=350 mean_l2=0.02198 std_l2=0.02623
2026-05-15 10:46:16,197 INFO CSMF2.step_1_1_1.run :: epoch=2 step=350/429 train_nll=-3505.053
2026-05-15 10:46:30,541 INFO CSMF2.step_1_1_1.run :: [h] epoch=2 step=400 total=0.20700 batch=0.00000
2026-05-15 10:46:30,542 INFO CSMF2.step_1_1_1.run :: [lat] epoch=2 step=400 mean_l2=0.02513 std_l2=0.02415
2026-05-15 10:46:30,746 INFO CSMF2.step_1_1_1.run :: epoch=2 step=400/429 train_nll=-3509.003
2026-05-15 10:46:43,927 INFO CSMF2.step_1_1_1.run :: epoch=2  train_nll=-3510.101  val_nll=-3537.932  t=128.6s
2026-05-15 10:46:43,927 INFO CSMF2.step_1_1_1.run :: [h_std] total=0.18874 batch=0.00000 (no penalty)
2026-05-15 10:46:43,927 INFO CSMF2.step_1_1_1.run :: [lat_epoch] mean_l2=0.02922 std_l2=0.02563 lambda=10.000
2026-05-15 10:46:43,927 INFO CSMF2.step_1_1_1.run :: [grad] cond=15.2469 film_gain=0.0000
2026-05-15 10:47:01,506 INFO CSMF2.step_1_1_1.run :: [h] epoch=3 step=50 total=0.21040 batch=0.00000
2026-05-15 10:47:01,507 INFO CSMF2.step_1_1_1.run :: [lat] epoch=3 step=50 mean_l2=0.01811 std_l2=0.02453
2026-05-15 10:47:01,713 INFO CSMF2.step_1_1_1.run :: epoch=3 step=50/429 train_nll=-3542.449
2026-05-15 10:47:16,125 INFO CSMF2.step_1_1_1.run :: [h] epoch=3 step=100 total=0.22478 batch=0.00000
2026-05-15 10:47:16,126 INFO CSMF2.step_1_1_1.run :: [lat] epoch=3 step=100 mean_l2=0.05919 std_l2=0.03511
2026-05-15 10:47:16,286 INFO CSMF2.step_1_1_1.run :: epoch=3 step=100/429 train_nll=-3541.954
2026-05-15 10:47:30,764 INFO CSMF2.step_1_1_1.run :: [h] epoch=3 step=150 total=0.21982 batch=0.00000
2026-05-15 10:47:30,764 INFO CSMF2.step_1_1_1.run :: [lat] epoch=3 step=150 mean_l2=0.02077 std_l2=0.02583
2026-05-15 10:47:30,924 INFO CSMF2.step_1_1_1.run :: epoch=3 step=150/429 train_nll=-3534.755
2026-05-15 10:47:45,477 INFO CSMF2.step_1_1_1.run :: [h] epoch=3 step=200 total=0.22282 batch=0.00000
2026-05-15 10:47:45,478 INFO CSMF2.step_1_1_1.run :: [lat] epoch=3 step=200 mean_l2=0.03977 std_l2=0.03174
2026-05-15 10:47:45,684 INFO CSMF2.step_1_1_1.run :: epoch=3 step=200/429 train_nll=-3534.644
2026-05-15 10:48:00,462 INFO CSMF2.step_1_1_1.run :: [h] epoch=3 step=250 total=0.22956 batch=0.00000
2026-05-15 10:48:00,463 INFO CSMF2.step_1_1_1.run :: [lat] epoch=3 step=250 mean_l2=0.01983 std_l2=0.01699
2026-05-15 10:48:00,669 INFO CSMF2.step_1_1_1.run :: epoch=3 step=250/429 train_nll=-3536.056
2026-05-15 10:48:15,503 INFO CSMF2.step_1_1_1.run :: [h] epoch=3 step=300 total=0.24351 batch=0.00000
2026-05-15 10:48:15,504 INFO CSMF2.step_1_1_1.run :: [lat] epoch=3 step=300 mean_l2=0.04496 std_l2=0.02643
2026-05-15 10:48:15,711 INFO CSMF2.step_1_1_1.run :: epoch=3 step=300/429 train_nll=-3537.826
2026-05-15 10:48:30,206 INFO CSMF2.step_1_1_1.run :: [h] epoch=3 step=350 total=0.22716 batch=0.00000
2026-05-15 10:48:30,207 INFO CSMF2.step_1_1_1.run :: [lat] epoch=3 step=350 mean_l2=0.02180 std_l2=0.02299
2026-05-15 10:48:30,416 INFO CSMF2.step_1_1_1.run :: epoch=3 step=350/429 train_nll=-3537.264
2026-05-15 10:48:44,902 INFO CSMF2.step_1_1_1.run :: [h] epoch=3 step=400 total=0.24131 batch=0.00000
2026-05-15 10:48:44,902 INFO CSMF2.step_1_1_1.run :: [lat] epoch=3 step=400 mean_l2=0.01638 std_l2=0.01985
2026-05-15 10:48:45,064 INFO CSMF2.step_1_1_1.run :: epoch=3 step=400/429 train_nll=-3540.230
2026-05-15 10:48:58,061 INFO CSMF2.step_1_1_1.run :: epoch=3  train_nll=-3541.134  val_nll=-3549.322  t=130.9s
2026-05-15 10:48:58,061 INFO CSMF2.step_1_1_1.run :: [h_std] total=0.22619 batch=0.00000 (no penalty)
2026-05-15 10:48:58,061 INFO CSMF2.step_1_1_1.run :: [lat_epoch] mean_l2=0.02408 std_l2=0.02341 lambda=10.000
2026-05-15 10:48:58,061 INFO CSMF2.step_1_1_1.run :: [grad] cond=145.5492 film_gain=0.0000
2026-05-15 10:49:15,789 INFO CSMF2.step_1_1_1.run :: [h] epoch=4 step=50 total=0.22418 batch=0.00000
2026-05-15 10:49:15,790 INFO CSMF2.step_1_1_1.run :: [lat] epoch=4 step=50 mean_l2=0.02250 std_l2=0.02229
2026-05-15 10:49:15,994 INFO CSMF2.step_1_1_1.run :: epoch=4 step=50/429 train_nll=-3532.778
2026-05-15 10:49:30,657 INFO CSMF2.step_1_1_1.run :: [h] epoch=4 step=100 total=0.23778 batch=0.00000
2026-05-15 10:49:30,658 INFO CSMF2.step_1_1_1.run :: [lat] epoch=4 step=100 mean_l2=0.02713 std_l2=0.02103
2026-05-15 10:49:30,863 INFO CSMF2.step_1_1_1.run :: epoch=4 step=100/429 train_nll=-3544.887
2026-05-15 10:49:45,163 INFO CSMF2.step_1_1_1.run :: [h] epoch=4 step=150 total=0.23863 batch=0.00000
2026-05-15 10:49:45,164 INFO CSMF2.step_1_1_1.run :: [lat] epoch=4 step=150 mean_l2=0.05066 std_l2=0.02440
2026-05-15 10:49:45,325 INFO CSMF2.step_1_1_1.run :: epoch=4 step=150/429 train_nll=-3544.640
2026-05-15 10:49:59,827 INFO CSMF2.step_1_1_1.run :: [h] epoch=4 step=200 total=0.24167 batch=0.00000
2026-05-15 10:49:59,827 INFO CSMF2.step_1_1_1.run :: [lat] epoch=4 step=200 mean_l2=0.01527 std_l2=0.01792
2026-05-15 10:49:59,987 INFO CSMF2.step_1_1_1.run :: epoch=4 step=200/429 train_nll=-3544.823
2026-05-15 10:50:14,204 INFO CSMF2.step_1_1_1.run :: [h] epoch=4 step=250 total=0.24726 batch=0.00000
2026-05-15 10:50:14,205 INFO CSMF2.step_1_1_1.run :: [lat] epoch=4 step=250 mean_l2=0.04027 std_l2=0.02882
2026-05-15 10:50:14,411 INFO CSMF2.step_1_1_1.run :: epoch=4 step=250/429 train_nll=-3546.506
2026-05-15 10:50:28,944 INFO CSMF2.step_1_1_1.run :: [h] epoch=4 step=300 total=0.24781 batch=0.00000
2026-05-15 10:50:28,945 INFO CSMF2.step_1_1_1.run :: [lat] epoch=4 step=300 mean_l2=0.02798 std_l2=0.02466
2026-05-15 10:50:29,103 INFO CSMF2.step_1_1_1.run :: epoch=4 step=300/429 train_nll=-3545.370
2026-05-15 10:50:43,495 INFO CSMF2.step_1_1_1.run :: [h] epoch=4 step=350 total=0.25071 batch=0.00000
2026-05-15 10:50:43,495 INFO CSMF2.step_1_1_1.run :: [lat] epoch=4 step=350 mean_l2=0.01819 std_l2=0.02141
2026-05-15 10:50:43,656 INFO CSMF2.step_1_1_1.run :: epoch=4 step=350/429 train_nll=-3547.162
2026-05-15 10:50:57,883 INFO CSMF2.step_1_1_1.run :: [h] epoch=4 step=400 total=0.25751 batch=0.00000
2026-05-15 10:50:57,884 INFO CSMF2.step_1_1_1.run :: [lat] epoch=4 step=400 mean_l2=0.01653 std_l2=0.01796
2026-05-15 10:50:58,042 INFO CSMF2.step_1_1_1.run :: epoch=4 step=400/429 train_nll=-3550.930
2026-05-15 10:51:10,961 INFO CSMF2.step_1_1_1.run :: epoch=4  train_nll=-3551.907  val_nll=-3566.293  t=129.7s
2026-05-15 10:51:10,961 INFO CSMF2.step_1_1_1.run :: [h_std] total=0.24531 batch=0.00000 (no penalty)
2026-05-15 10:51:10,961 INFO CSMF2.step_1_1_1.run :: [lat_epoch] mean_l2=0.02476 std_l2=0.02384 lambda=10.000
2026-05-15 10:51:10,961 INFO CSMF2.step_1_1_1.run :: [grad] cond=23.8650 film_gain=0.0000
2026-05-15 10:51:28,459 INFO CSMF2.step_1_1_1.run :: [h] epoch=5 step=50 total=0.25007 batch=0.00000
2026-05-15 10:51:28,460 INFO CSMF2.step_1_1_1.run :: [lat] epoch=5 step=50 mean_l2=0.01331 std_l2=0.01779
2026-05-15 10:51:28,623 INFO CSMF2.step_1_1_1.run :: epoch=5 step=50/429 train_nll=-3567.533
2026-05-15 10:51:43,503 INFO CSMF2.step_1_1_1.run :: [h] epoch=5 step=100 total=0.25823 batch=0.00000
2026-05-15 10:51:43,504 INFO CSMF2.step_1_1_1.run :: [lat] epoch=5 step=100 mean_l2=0.02148 std_l2=0.01955
2026-05-15 10:51:43,662 INFO CSMF2.step_1_1_1.run :: epoch=5 step=100/429 train_nll=-3566.486
2026-05-15 10:51:58,161 INFO CSMF2.step_1_1_1.run :: [h] epoch=5 step=150 total=0.25349 batch=0.00000
2026-05-15 10:51:58,162 INFO CSMF2.step_1_1_1.run :: [lat] epoch=5 step=150 mean_l2=0.02440 std_l2=0.02174
2026-05-15 10:51:58,375 INFO CSMF2.step_1_1_1.run :: epoch=5 step=150/429 train_nll=-3557.591
2026-05-15 10:52:12,892 INFO CSMF2.step_1_1_1.run :: [h] epoch=5 step=200 total=0.25638 batch=0.00000
2026-05-15 10:52:12,893 INFO CSMF2.step_1_1_1.run :: [lat] epoch=5 step=200 mean_l2=0.01408 std_l2=0.01867
2026-05-15 10:52:13,055 INFO CSMF2.step_1_1_1.run :: epoch=5 step=200/429 train_nll=-3558.871
2026-05-15 10:52:27,351 INFO CSMF2.step_1_1_1.run :: [h] epoch=5 step=250 total=0.26484 batch=0.00000
2026-05-15 10:52:27,352 INFO CSMF2.step_1_1_1.run :: [lat] epoch=5 step=250 mean_l2=0.03128 std_l2=0.02183
2026-05-15 10:52:27,517 INFO CSMF2.step_1_1_1.run :: epoch=5 step=250/429 train_nll=-3562.704
2026-05-15 10:52:41,941 INFO CSMF2.step_1_1_1.run :: [h] epoch=5 step=300 total=0.25582 batch=0.00000
2026-05-15 10:52:41,942 INFO CSMF2.step_1_1_1.run :: [lat] epoch=5 step=300 mean_l2=0.02742 std_l2=0.02141
2026-05-15 10:52:42,147 INFO CSMF2.step_1_1_1.run :: epoch=5 step=300/429 train_nll=-3561.930
2026-05-15 10:52:56,706 INFO CSMF2.step_1_1_1.run :: [h] epoch=5 step=350 total=0.26061 batch=0.00000
2026-05-15 10:52:56,706 INFO CSMF2.step_1_1_1.run :: [lat] epoch=5 step=350 mean_l2=0.02107 std_l2=0.02284
2026-05-15 10:52:56,873 INFO CSMF2.step_1_1_1.run :: epoch=5 step=350/429 train_nll=-3562.775
2026-05-15 10:53:11,750 INFO CSMF2.step_1_1_1.run :: [h] epoch=5 step=400 total=0.26613 batch=0.00000
2026-05-15 10:53:11,750 INFO CSMF2.step_1_1_1.run :: [lat] epoch=5 step=400 mean_l2=0.02958 std_l2=0.02457
2026-05-15 10:53:11,917 INFO CSMF2.step_1_1_1.run :: epoch=5 step=400/429 train_nll=-3563.958
2026-05-15 10:53:24,992 INFO CSMF2.step_1_1_1.run :: epoch=5  train_nll=-3564.847  val_nll=-3576.475  t=130.8s
2026-05-15 10:53:24,992 INFO CSMF2.step_1_1_1.run :: [h_std] total=0.25885 batch=0.00000 (no penalty)
2026-05-15 10:53:24,992 INFO CSMF2.step_1_1_1.run :: [lat_epoch] mean_l2=0.02319 std_l2=0.02326 lambda=10.000
2026-05-15 10:53:24,992 INFO CSMF2.step_1_1_1.run :: [grad] cond=338.5979 film_gain=0.0000
2026-05-15 10:53:42,895 INFO CSMF2.step_1_1_1.run :: [h] epoch=6 step=50 total=0.26530 batch=0.00000
2026-05-15 10:53:42,895 INFO CSMF2.step_1_1_1.run :: [lat] epoch=6 step=50 mean_l2=0.01599 std_l2=0.01934
2026-05-15 10:53:43,058 INFO CSMF2.step_1_1_1.run :: epoch=6 step=50/429 train_nll=-3575.497
2026-05-15 10:53:57,665 INFO CSMF2.step_1_1_1.run :: [h] epoch=6 step=100 total=0.27180 batch=0.00000
2026-05-15 10:53:57,666 INFO CSMF2.step_1_1_1.run :: [lat] epoch=6 step=100 mean_l2=0.01327 std_l2=0.01704
2026-05-15 10:53:57,828 INFO CSMF2.step_1_1_1.run :: epoch=6 step=100/429 train_nll=-3581.304
2026-05-15 10:54:12,207 INFO CSMF2.step_1_1_1.run :: [h] epoch=6 step=150 total=0.27474 batch=0.00000
2026-05-15 10:54:12,207 INFO CSMF2.step_1_1_1.run :: [lat] epoch=6 step=150 mean_l2=0.01971 std_l2=0.02414
2026-05-15 10:54:12,368 INFO CSMF2.step_1_1_1.run :: epoch=6 step=150/429 train_nll=-3581.012
2026-05-15 10:54:26,924 INFO CSMF2.step_1_1_1.run :: [h] epoch=6 step=200 total=0.27540 batch=0.00000
2026-05-15 10:54:26,925 INFO CSMF2.step_1_1_1.run :: [lat] epoch=6 step=200 mean_l2=0.04186 std_l2=0.02718
2026-05-15 10:54:27,132 INFO CSMF2.step_1_1_1.run :: epoch=6 step=200/429 train_nll=-3579.807
2026-05-15 10:54:41,620 INFO CSMF2.step_1_1_1.run :: [h] epoch=6 step=250 total=0.26590 batch=0.00000
2026-05-15 10:54:41,621 INFO CSMF2.step_1_1_1.run :: [lat] epoch=6 step=250 mean_l2=0.01428 std_l2=0.02305
2026-05-15 10:54:41,827 INFO CSMF2.step_1_1_1.run :: epoch=6 step=250/429 train_nll=-3575.970
2026-05-15 10:54:56,436 INFO CSMF2.step_1_1_1.run :: [h] epoch=6 step=300 total=0.26845 batch=0.00000
2026-05-15 10:54:56,437 INFO CSMF2.step_1_1_1.run :: [lat] epoch=6 step=300 mean_l2=0.01924 std_l2=0.02552
2026-05-15 10:54:56,601 INFO CSMF2.step_1_1_1.run :: epoch=6 step=300/429 train_nll=-3574.772
2026-05-15 10:55:11,161 INFO CSMF2.step_1_1_1.run :: [h] epoch=6 step=350 total=0.26934 batch=0.00000
2026-05-15 10:55:11,161 INFO CSMF2.step_1_1_1.run :: [lat] epoch=6 step=350 mean_l2=0.01593 std_l2=0.02028
2026-05-15 10:55:11,323 INFO CSMF2.step_1_1_1.run :: epoch=6 step=350/429 train_nll=-3574.417
2026-05-15 10:55:25,487 INFO CSMF2.step_1_1_1.run :: [h] epoch=6 step=400 total=0.27540 batch=0.00000
2026-05-15 10:55:25,488 INFO CSMF2.step_1_1_1.run :: [lat] epoch=6 step=400 mean_l2=0.02255 std_l2=0.01987
2026-05-15 10:55:25,650 INFO CSMF2.step_1_1_1.run :: epoch=6 step=400/429 train_nll=-3576.704
2026-05-15 10:55:38,817 INFO CSMF2.step_1_1_1.run :: epoch=6  train_nll=-3576.634  val_nll=-3540.825  t=130.7s
2026-05-15 10:55:38,817 INFO CSMF2.step_1_1_1.run :: [h_std] total=0.26958 batch=0.00000 (no penalty)
2026-05-15 10:55:38,817 INFO CSMF2.step_1_1_1.run :: [lat_epoch] mean_l2=0.02198 std_l2=0.02270 lambda=10.000
2026-05-15 10:55:38,817 INFO CSMF2.step_1_1_1.run :: [grad] cond=14.9392 film_gain=0.0000
2026-05-15 10:55:56,560 INFO CSMF2.step_1_1_1.run :: [h] epoch=7 step=50 total=0.27268 batch=0.00000
2026-05-15 10:55:56,561 INFO CSMF2.step_1_1_1.run :: [lat] epoch=7 step=50 mean_l2=0.01751 std_l2=0.01792
2026-05-15 10:55:56,769 INFO CSMF2.step_1_1_1.run :: epoch=7 step=50/429 train_nll=-3569.373
2026-05-15 10:56:11,808 INFO CSMF2.step_1_1_1.run :: [h] epoch=7 step=100 total=0.27471 batch=0.00000
2026-05-15 10:56:11,809 INFO CSMF2.step_1_1_1.run :: [lat] epoch=7 step=100 mean_l2=0.01827 std_l2=0.02813
2026-05-15 10:56:11,970 INFO CSMF2.step_1_1_1.run :: epoch=7 step=100/429 train_nll=-3571.362
2026-05-15 10:56:26,503 INFO CSMF2.step_1_1_1.run :: [h] epoch=7 step=150 total=0.27313 batch=0.00000
2026-05-15 10:56:26,504 INFO CSMF2.step_1_1_1.run :: [lat] epoch=7 step=150 mean_l2=0.02474 std_l2=0.02236
2026-05-15 10:56:26,666 INFO CSMF2.step_1_1_1.run :: epoch=7 step=150/429 train_nll=-3569.428
2026-05-15 10:56:41,260 INFO CSMF2.step_1_1_1.run :: [h] epoch=7 step=200 total=0.27194 batch=0.00000
2026-05-15 10:56:41,261 INFO CSMF2.step_1_1_1.run :: [lat] epoch=7 step=200 mean_l2=0.03739 std_l2=0.02837
2026-05-15 10:56:41,423 INFO CSMF2.step_1_1_1.run :: epoch=7 step=200/429 train_nll=-3572.040
2026-05-15 10:56:55,938 INFO CSMF2.step_1_1_1.run :: [h] epoch=7 step=250 total=0.27181 batch=0.00000
2026-05-15 10:56:55,939 INFO CSMF2.step_1_1_1.run :: [lat] epoch=7 step=250 mean_l2=0.02713 std_l2=0.02338
2026-05-15 10:56:56,100 INFO CSMF2.step_1_1_1.run :: epoch=7 step=250/429 train_nll=-3571.825
2026-05-15 10:57:10,519 INFO CSMF2.step_1_1_1.run :: [h] epoch=7 step=300 total=0.28025 batch=0.00000
2026-05-15 10:57:10,519 INFO CSMF2.step_1_1_1.run :: [lat] epoch=7 step=300 mean_l2=0.03283 std_l2=0.02087
2026-05-15 10:57:10,683 INFO CSMF2.step_1_1_1.run :: epoch=7 step=300/429 train_nll=-3575.066
2026-05-15 10:57:25,036 INFO CSMF2.step_1_1_1.run :: [h] epoch=7 step=350 total=0.27316 batch=0.00000
2026-05-15 10:57:25,037 INFO CSMF2.step_1_1_1.run :: [lat] epoch=7 step=350 mean_l2=0.01757 std_l2=0.01919
2026-05-15 10:57:25,246 INFO CSMF2.step_1_1_1.run :: epoch=7 step=350/429 train_nll=-3574.716
2026-05-15 10:57:39,712 INFO CSMF2.step_1_1_1.run :: [h] epoch=7 step=400 total=0.27532 batch=0.00000
2026-05-15 10:57:39,713 INFO CSMF2.step_1_1_1.run :: [lat] epoch=7 step=400 mean_l2=0.01412 std_l2=0.02050
2026-05-15 10:57:39,876 INFO CSMF2.step_1_1_1.run :: epoch=7 step=400/429 train_nll=-3578.082
2026-05-15 10:57:53,111 INFO CSMF2.step_1_1_1.run :: epoch=7  train_nll=-3579.660  val_nll=-3596.168  t=131.2s
2026-05-15 10:57:53,111 INFO CSMF2.step_1_1_1.run :: [h_std] total=0.27311 batch=0.00000 (no penalty)
2026-05-15 10:57:53,111 INFO CSMF2.step_1_1_1.run :: [lat_epoch] mean_l2=0.02265 std_l2=0.02311 lambda=10.000
2026-05-15 10:57:53,111 INFO CSMF2.step_1_1_1.run :: [grad] cond=328.2697 film_gain=0.0000
2026-05-15 10:58:11,331 INFO CSMF2.step_1_1_1.run :: [h] epoch=8 step=50 total=0.27509 batch=0.00000
2026-05-15 10:58:11,332 INFO CSMF2.step_1_1_1.run :: [lat] epoch=8 step=50 mean_l2=0.01785 std_l2=0.02346
2026-05-15 10:58:11,546 INFO CSMF2.step_1_1_1.run :: epoch=8 step=50/429 train_nll=-3591.455
2026-05-15 10:58:26,485 INFO CSMF2.step_1_1_1.run :: [h] epoch=8 step=100 total=0.27222 batch=0.00000
2026-05-15 10:58:26,486 INFO CSMF2.step_1_1_1.run :: [lat] epoch=8 step=100 mean_l2=0.03062 std_l2=0.02155
2026-05-15 10:58:26,654 INFO CSMF2.step_1_1_1.run :: epoch=8 step=100/429 train_nll=-3581.416
2026-05-15 10:58:41,531 INFO CSMF2.step_1_1_1.run :: [h] epoch=8 step=150 total=0.27131 batch=0.00000
2026-05-15 10:58:41,532 INFO CSMF2.step_1_1_1.run :: [lat] epoch=8 step=150 mean_l2=0.02607 std_l2=0.02353
2026-05-15 10:58:41,746 INFO CSMF2.step_1_1_1.run :: epoch=8 step=150/429 train_nll=-3577.141
2026-05-15 10:58:56,958 INFO CSMF2.step_1_1_1.run :: [h] epoch=8 step=200 total=0.27578 batch=0.00000
2026-05-15 10:58:56,958 INFO CSMF2.step_1_1_1.run :: [lat] epoch=8 step=200 mean_l2=0.01830 std_l2=0.02074
2026-05-15 10:58:57,122 INFO CSMF2.step_1_1_1.run :: epoch=8 step=200/429 train_nll=-3580.176
2026-05-15 10:59:11,786 INFO CSMF2.step_1_1_1.run :: [h] epoch=8 step=250 total=0.27700 batch=0.00000
2026-05-15 10:59:11,790 INFO CSMF2.step_1_1_1.run :: [lat] epoch=8 step=250 mean_l2=0.01418 std_l2=0.02062
2026-05-15 10:59:12,005 INFO CSMF2.step_1_1_1.run :: epoch=8 step=250/429 train_nll=-3584.843
2026-05-15 10:59:27,003 INFO CSMF2.step_1_1_1.run :: [h] epoch=8 step=300 total=0.27739 batch=0.00000
2026-05-15 10:59:27,004 INFO CSMF2.step_1_1_1.run :: [lat] epoch=8 step=300 mean_l2=0.02853 std_l2=0.02069
2026-05-15 10:59:27,171 INFO CSMF2.step_1_1_1.run :: epoch=8 step=300/429 train_nll=-3586.440
2026-05-15 10:59:42,338 INFO CSMF2.step_1_1_1.run :: [h] epoch=8 step=350 total=0.27864 batch=0.00000
2026-05-15 10:59:42,339 INFO CSMF2.step_1_1_1.run :: [lat] epoch=8 step=350 mean_l2=0.02408 std_l2=0.02189
2026-05-15 10:59:42,554 INFO CSMF2.step_1_1_1.run :: epoch=8 step=350/429 train_nll=-3586.935
2026-05-15 10:59:57,629 INFO CSMF2.step_1_1_1.run :: [h] epoch=8 step=400 total=0.27967 batch=0.00000
2026-05-15 10:59:57,630 INFO CSMF2.step_1_1_1.run :: [lat] epoch=8 step=400 mean_l2=0.01615 std_l2=0.01964
2026-05-15 10:59:57,844 INFO CSMF2.step_1_1_1.run :: epoch=8 step=400/429 train_nll=-3588.199
2026-05-15 11:00:11,367 INFO CSMF2.step_1_1_1.run :: epoch=8  train_nll=-3589.360  val_nll=-3605.308  t=135.2s
2026-05-15 11:00:11,367 INFO CSMF2.step_1_1_1.run :: [h_std] total=0.27635 batch=0.00000 (no penalty)
2026-05-15 11:00:11,367 INFO CSMF2.step_1_1_1.run :: [lat_epoch] mean_l2=0.02164 std_l2=0.02238 lambda=10.000
2026-05-15 11:00:11,367 INFO CSMF2.step_1_1_1.run :: [grad] cond=50.5858 film_gain=0.0000
2026-05-15 11:00:29,434 INFO CSMF2.step_1_1_1.run :: [h] epoch=9 step=50 total=0.28240 batch=0.00000
2026-05-15 11:00:29,435 INFO CSMF2.step_1_1_1.run :: [lat] epoch=9 step=50 mean_l2=0.01965 std_l2=0.01951
2026-05-15 11:00:29,601 INFO CSMF2.step_1_1_1.run :: epoch=9 step=50/429 train_nll=-3605.399
2026-05-15 11:00:44,207 INFO CSMF2.step_1_1_1.run :: [h] epoch=9 step=100 total=0.27810 batch=0.00000
2026-05-15 11:00:44,208 INFO CSMF2.step_1_1_1.run :: [lat] epoch=9 step=100 mean_l2=0.02271 std_l2=0.02243
2026-05-15 11:00:44,374 INFO CSMF2.step_1_1_1.run :: epoch=9 step=100/429 train_nll=-3600.028
2026-05-15 11:00:59,438 INFO CSMF2.step_1_1_1.run :: [h] epoch=9 step=150 total=0.28246 batch=0.00000
2026-05-15 11:00:59,439 INFO CSMF2.step_1_1_1.run :: [lat] epoch=9 step=150 mean_l2=0.01650 std_l2=0.02185
2026-05-15 11:00:59,657 INFO CSMF2.step_1_1_1.run :: epoch=9 step=150/429 train_nll=-3600.107
2026-05-15 11:01:14,412 INFO CSMF2.step_1_1_1.run :: [h] epoch=9 step=200 total=0.28362 batch=0.00000
2026-05-15 11:01:14,413 INFO CSMF2.step_1_1_1.run :: [lat] epoch=9 step=200 mean_l2=0.02050 std_l2=0.02296
2026-05-15 11:01:14,631 INFO CSMF2.step_1_1_1.run :: epoch=9 step=200/429 train_nll=-3601.077
2026-05-15 11:01:29,515 INFO CSMF2.step_1_1_1.run :: [h] epoch=9 step=250 total=0.28096 batch=0.00000
2026-05-15 11:01:29,516 INFO CSMF2.step_1_1_1.run :: [lat] epoch=9 step=250 mean_l2=0.01789 std_l2=0.02000
2026-05-15 11:01:29,678 INFO CSMF2.step_1_1_1.run :: epoch=9 step=250/429 train_nll=-3599.417
2026-05-15 11:01:44,650 INFO CSMF2.step_1_1_1.run :: [h] epoch=9 step=300 total=0.28108 batch=0.00002
2026-05-15 11:01:44,651 INFO CSMF2.step_1_1_1.run :: [lat] epoch=9 step=300 mean_l2=0.02593 std_l2=0.02225
2026-05-15 11:01:44,870 INFO CSMF2.step_1_1_1.run :: epoch=9 step=300/429 train_nll=-3598.761
2026-05-15 11:01:59,906 INFO CSMF2.step_1_1_1.run :: [h] epoch=9 step=350 total=0.28190 batch=0.00000
2026-05-15 11:01:59,907 INFO CSMF2.step_1_1_1.run :: [lat] epoch=9 step=350 mean_l2=0.02259 std_l2=0.02600
2026-05-15 11:02:00,078 INFO CSMF2.step_1_1_1.run :: epoch=9 step=350/429 train_nll=-3597.999
2026-05-15 11:02:14,742 INFO CSMF2.step_1_1_1.run :: [h] epoch=9 step=400 total=0.27636 batch=0.00000
2026-05-15 11:02:14,743 INFO CSMF2.step_1_1_1.run :: [lat] epoch=9 step=400 mean_l2=0.02274 std_l2=0.02538
2026-05-15 11:02:14,957 INFO CSMF2.step_1_1_1.run :: epoch=9 step=400/429 train_nll=-3596.714
2026-05-15 11:02:28,465 INFO CSMF2.step_1_1_1.run :: epoch=9  train_nll=-3596.870  val_nll=-3594.597  t=134.1s
2026-05-15 11:02:28,465 INFO CSMF2.step_1_1_1.run :: [h_std] total=0.28028 batch=0.00001 (no penalty)
2026-05-15 11:02:28,465 INFO CSMF2.step_1_1_1.run :: [lat_epoch] mean_l2=0.02111 std_l2=0.02219 lambda=10.000
2026-05-15 11:02:28,465 INFO CSMF2.step_1_1_1.run :: [grad] cond=498.5438 film_gain=0.0000
2026-05-15 11:02:46,032 INFO CSMF2.step_1_1_1.run :: [h] epoch=10 step=50 total=0.28182 batch=0.00000
2026-05-15 11:02:46,033 INFO CSMF2.step_1_1_1.run :: [lat] epoch=10 step=50 mean_l2=0.01464 std_l2=0.01841
2026-05-15 11:02:46,202 INFO CSMF2.step_1_1_1.run :: epoch=10 step=50/429 train_nll=-3602.146
2026-05-15 11:03:00,981 INFO CSMF2.step_1_1_1.run :: [h] epoch=10 step=100 total=0.28256 batch=0.00000
2026-05-15 11:03:00,981 INFO CSMF2.step_1_1_1.run :: [lat] epoch=10 step=100 mean_l2=0.03122 std_l2=0.02228
2026-05-15 11:03:01,147 INFO CSMF2.step_1_1_1.run :: epoch=10 step=100/429 train_nll=-3596.310
2026-05-15 11:03:16,105 INFO CSMF2.step_1_1_1.run :: [h] epoch=10 step=150 total=0.28323 batch=0.00000
2026-05-15 11:03:16,105 INFO CSMF2.step_1_1_1.run :: [lat] epoch=10 step=150 mean_l2=0.02098 std_l2=0.02069
2026-05-15 11:03:16,273 INFO CSMF2.step_1_1_1.run :: epoch=10 step=150/429 train_nll=-3593.018
2026-05-15 11:03:31,217 INFO CSMF2.step_1_1_1.run :: [h] epoch=10 step=200 total=0.28024 batch=0.00000
2026-05-15 11:03:31,217 INFO CSMF2.step_1_1_1.run :: [lat] epoch=10 step=200 mean_l2=0.01377 std_l2=0.01758
2026-05-15 11:03:31,383 INFO CSMF2.step_1_1_1.run :: epoch=10 step=200/429 train_nll=-3594.586
2026-05-15 11:03:46,081 INFO CSMF2.step_1_1_1.run :: [h] epoch=10 step=250 total=0.27719 batch=0.00000
2026-05-15 11:03:46,082 INFO CSMF2.step_1_1_1.run :: [lat] epoch=10 step=250 mean_l2=0.01475 std_l2=0.01820
2026-05-15 11:03:46,295 INFO CSMF2.step_1_1_1.run :: epoch=10 step=250/429 train_nll=-3598.121
2026-05-15 11:04:00,999 INFO CSMF2.step_1_1_1.run :: [h] epoch=10 step=300 total=0.28191 batch=0.00000
2026-05-15 11:04:00,999 INFO CSMF2.step_1_1_1.run :: [lat] epoch=10 step=300 mean_l2=0.02531 std_l2=0.02067
2026-05-15 11:04:01,165 INFO CSMF2.step_1_1_1.run :: epoch=10 step=300/429 train_nll=-3598.225
2026-05-15 11:04:15,998 INFO CSMF2.step_1_1_1.run :: [h] epoch=10 step=350 total=0.27717 batch=0.00000
2026-05-15 11:04:15,999 INFO CSMF2.step_1_1_1.run :: [lat] epoch=10 step=350 mean_l2=0.02776 std_l2=0.02334
2026-05-15 11:04:16,212 INFO CSMF2.step_1_1_1.run :: epoch=10 step=350/429 train_nll=-3596.050
2026-05-15 11:04:30,788 INFO CSMF2.step_1_1_1.run :: [h] epoch=10 step=400 total=0.27923 batch=0.00000
2026-05-15 11:04:30,789 INFO CSMF2.step_1_1_1.run :: [lat] epoch=10 step=400 mean_l2=0.01522 std_l2=0.01960
2026-05-15 11:04:31,004 INFO CSMF2.step_1_1_1.run :: epoch=10 step=400/429 train_nll=-3596.866
2026-05-15 11:04:44,586 INFO CSMF2.step_1_1_1.run :: epoch=10  train_nll=-3598.063  val_nll=-3617.133  t=133.1s
2026-05-15 11:04:44,586 INFO CSMF2.step_1_1_1.run :: [h_std] total=0.28055 batch=0.00000 (no penalty)
2026-05-15 11:04:44,586 INFO CSMF2.step_1_1_1.run :: [lat_epoch] mean_l2=0.02123 std_l2=0.02222 lambda=10.000
2026-05-15 11:04:44,586 INFO CSMF2.step_1_1_1.run :: [grad] cond=4.9084 film_gain=0.0000
2026-05-15 11:05:02,588 INFO CSMF2.step_1_1_1.run :: [h] epoch=11 step=50 total=0.28399 batch=0.00000
2026-05-15 11:05:02,589 INFO CSMF2.step_1_1_1.run :: [lat] epoch=11 step=50 mean_l2=0.04282 std_l2=0.02483
2026-05-15 11:05:02,756 INFO CSMF2.step_1_1_1.run :: epoch=11 step=50/429 train_nll=-3609.139
2026-05-15 11:05:17,647 INFO CSMF2.step_1_1_1.run :: [h] epoch=11 step=100 total=0.28299 batch=0.00000
2026-05-15 11:05:17,647 INFO CSMF2.step_1_1_1.run :: [lat] epoch=11 step=100 mean_l2=0.02998 std_l2=0.02766
2026-05-15 11:05:17,867 INFO CSMF2.step_1_1_1.run :: epoch=11 step=100/429 train_nll=-3594.886
2026-05-15 11:05:33,074 INFO CSMF2.step_1_1_1.run :: [h] epoch=11 step=150 total=0.28035 batch=0.00000
2026-05-15 11:05:33,075 INFO CSMF2.step_1_1_1.run :: [lat] epoch=11 step=150 mean_l2=0.01518 std_l2=0.02173
2026-05-15 11:05:33,246 INFO CSMF2.step_1_1_1.run :: epoch=11 step=150/429 train_nll=-3596.202
2026-05-15 11:05:48,146 INFO CSMF2.step_1_1_1.run :: [h] epoch=11 step=200 total=0.28424 batch=0.00000
2026-05-15 11:05:48,146 INFO CSMF2.step_1_1_1.run :: [lat] epoch=11 step=200 mean_l2=0.01487 std_l2=0.02087
2026-05-15 11:05:48,315 INFO CSMF2.step_1_1_1.run :: epoch=11 step=200/429 train_nll=-3599.552
2026-05-15 11:06:03,529 INFO CSMF2.step_1_1_1.run :: [h] epoch=11 step=250 total=0.28158 batch=0.00000
2026-05-15 11:06:03,529 INFO CSMF2.step_1_1_1.run :: [lat] epoch=11 step=250 mean_l2=0.01453 std_l2=0.02124
2026-05-15 11:06:03,698 INFO CSMF2.step_1_1_1.run :: epoch=11 step=250/429 train_nll=-3601.252
2026-05-15 11:06:18,872 INFO CSMF2.step_1_1_1.run :: [h] epoch=11 step=300 total=0.28104 batch=0.00000
2026-05-15 11:06:18,873 INFO CSMF2.step_1_1_1.run :: [lat] epoch=11 step=300 mean_l2=0.02320 std_l2=0.03257
2026-05-15 11:06:19,042 INFO CSMF2.step_1_1_1.run :: epoch=11 step=300/429 train_nll=-3601.876
2026-05-15 11:06:34,156 INFO CSMF2.step_1_1_1.run :: [h] epoch=11 step=350 total=0.28051 batch=0.00000
2026-05-15 11:06:34,157 INFO CSMF2.step_1_1_1.run :: [lat] epoch=11 step=350 mean_l2=0.04839 std_l2=0.02405
2026-05-15 11:06:34,376 INFO CSMF2.step_1_1_1.run :: epoch=11 step=350/429 train_nll=-3602.100
2026-05-15 11:06:49,309 INFO CSMF2.step_1_1_1.run :: [h] epoch=11 step=400 total=0.27922 batch=0.00000
2026-05-15 11:06:49,310 INFO CSMF2.step_1_1_1.run :: [lat] epoch=11 step=400 mean_l2=0.02007 std_l2=0.02230
2026-05-15 11:06:49,482 INFO CSMF2.step_1_1_1.run :: epoch=11 step=400/429 train_nll=-3600.619
2026-05-15 11:07:02,997 INFO CSMF2.step_1_1_1.run :: epoch=11  train_nll=-3600.477  val_nll=-3607.791  t=135.4s
2026-05-15 11:07:02,997 INFO CSMF2.step_1_1_1.run :: [h_std] total=0.28134 batch=0.00000 (no penalty)
2026-05-15 11:07:02,997 INFO CSMF2.step_1_1_1.run :: [lat_epoch] mean_l2=0.02156 std_l2=0.02252 lambda=10.000
2026-05-15 11:07:02,997 INFO CSMF2.step_1_1_1.run :: [grad] cond=9.8558 film_gain=0.0000
2026-05-15 11:07:20,867 INFO CSMF2.step_1_1_1.run :: [h] epoch=12 step=50 total=0.28086 batch=0.00000
2026-05-15 11:07:20,867 INFO CSMF2.step_1_1_1.run :: [lat] epoch=12 step=50 mean_l2=0.02856 std_l2=0.02474
2026-05-15 11:07:21,035 INFO CSMF2.step_1_1_1.run :: epoch=12 step=50/429 train_nll=-3614.883
2026-05-15 11:07:36,089 INFO CSMF2.step_1_1_1.run :: [h] epoch=12 step=100 total=0.27862 batch=0.00000
2026-05-15 11:07:36,090 INFO CSMF2.step_1_1_1.run :: [lat] epoch=12 step=100 mean_l2=0.03508 std_l2=0.01976
2026-05-15 11:07:36,261 INFO CSMF2.step_1_1_1.run :: epoch=12 step=100/429 train_nll=-3609.519
2026-05-15 11:07:51,087 INFO CSMF2.step_1_1_1.run :: [h] epoch=12 step=150 total=0.27944 batch=0.00000
2026-05-15 11:07:51,088 INFO CSMF2.step_1_1_1.run :: [lat] epoch=12 step=150 mean_l2=0.02170 std_l2=0.02390
2026-05-15 11:07:51,259 INFO CSMF2.step_1_1_1.run :: epoch=12 step=150/429 train_nll=-3607.812
2026-05-15 11:08:06,049 INFO CSMF2.step_1_1_1.run :: [h] epoch=12 step=200 total=0.27833 batch=0.00000
2026-05-15 11:08:06,049 INFO CSMF2.step_1_1_1.run :: [lat] epoch=12 step=200 mean_l2=0.02086 std_l2=0.02378
2026-05-15 11:08:06,219 INFO CSMF2.step_1_1_1.run :: epoch=12 step=200/429 train_nll=-3605.789
2026-05-15 11:08:21,299 INFO CSMF2.step_1_1_1.run :: [h] epoch=12 step=250 total=0.27812 batch=0.00000
2026-05-15 11:08:21,300 INFO CSMF2.step_1_1_1.run :: [lat] epoch=12 step=250 mean_l2=0.05802 std_l2=0.02643
2026-05-15 11:08:21,522 INFO CSMF2.step_1_1_1.run :: epoch=12 step=250/429 train_nll=-3606.115
2026-05-15 11:08:36,370 INFO CSMF2.step_1_1_1.run :: [h] epoch=12 step=300 total=0.27535 batch=0.00000
2026-05-15 11:08:36,370 INFO CSMF2.step_1_1_1.run :: [lat] epoch=12 step=300 mean_l2=0.01902 std_l2=0.02127
2026-05-15 11:08:36,541 INFO CSMF2.step_1_1_1.run :: epoch=12 step=300/429 train_nll=-3604.168
2026-05-15 11:08:51,589 INFO CSMF2.step_1_1_1.run :: [h] epoch=12 step=350 total=0.27682 batch=0.00000
2026-05-15 11:08:51,590 INFO CSMF2.step_1_1_1.run :: [lat] epoch=12 step=350 mean_l2=0.02281 std_l2=0.02751
2026-05-15 11:08:51,760 INFO CSMF2.step_1_1_1.run :: epoch=12 step=350/429 train_nll=-3604.914
2026-05-15 11:09:06,488 INFO CSMF2.step_1_1_1.run :: [h] epoch=12 step=400 total=0.27599 batch=0.00000
2026-05-15 11:09:06,489 INFO CSMF2.step_1_1_1.run :: [lat] epoch=12 step=400 mean_l2=0.01801 std_l2=0.02748
2026-05-15 11:09:06,657 INFO CSMF2.step_1_1_1.run :: epoch=12 step=400/429 train_nll=-3604.122
2026-05-15 11:09:20,440 INFO CSMF2.step_1_1_1.run :: epoch=12  train_nll=-3604.108  val_nll=-3600.730  t=134.3s
2026-05-15 11:09:20,440 INFO CSMF2.step_1_1_1.run :: [h_std] total=0.27818 batch=0.00000 (no penalty)
2026-05-15 11:09:20,440 INFO CSMF2.step_1_1_1.run :: [lat_epoch] mean_l2=0.02217 std_l2=0.02252 lambda=10.000
2026-05-15 11:09:20,440 INFO CSMF2.step_1_1_1.run :: [grad] cond=193.0532 film_gain=0.0000
2026-05-15 11:09:37,951 INFO CSMF2.step_1_1_1.run :: [h] epoch=13 step=50 total=0.27736 batch=0.00000
2026-05-15 11:09:37,952 INFO CSMF2.step_1_1_1.run :: [lat] epoch=13 step=50 mean_l2=0.02004 std_l2=0.02395
2026-05-15 11:09:38,171 INFO CSMF2.step_1_1_1.run :: epoch=13 step=50/429 train_nll=-3601.041
2026-05-15 11:09:53,346 INFO CSMF2.step_1_1_1.run :: [h] epoch=13 step=100 total=0.27458 batch=0.00000
2026-05-15 11:09:53,347 INFO CSMF2.step_1_1_1.run :: [lat] epoch=13 step=100 mean_l2=0.01687 std_l2=0.01912
2026-05-15 11:09:53,564 INFO CSMF2.step_1_1_1.run :: epoch=13 step=100/429 train_nll=-3605.157
2026-05-15 11:10:08,486 INFO CSMF2.step_1_1_1.run :: [h] epoch=13 step=150 total=0.27296 batch=0.00000
2026-05-15 11:10:08,486 INFO CSMF2.step_1_1_1.run :: [lat] epoch=13 step=150 mean_l2=0.03192 std_l2=0.02458
2026-05-15 11:10:08,656 INFO CSMF2.step_1_1_1.run :: epoch=13 step=150/429 train_nll=-3608.501
2026-05-15 11:10:23,782 INFO CSMF2.step_1_1_1.run :: [h] epoch=13 step=200 total=0.27262 batch=0.00000
2026-05-15 11:10:23,783 INFO CSMF2.step_1_1_1.run :: [lat] epoch=13 step=200 mean_l2=0.03676 std_l2=0.02716
2026-05-15 11:10:23,949 INFO CSMF2.step_1_1_1.run :: epoch=13 step=200/429 train_nll=-3601.908
2026-05-15 11:10:38,637 INFO CSMF2.step_1_1_1.run :: [h] epoch=13 step=250 total=0.27113 batch=0.00000
2026-05-15 11:10:38,638 INFO CSMF2.step_1_1_1.run :: [lat] epoch=13 step=250 mean_l2=0.01580 std_l2=0.02052
2026-05-15 11:10:38,808 INFO CSMF2.step_1_1_1.run :: epoch=13 step=250/429 train_nll=-3602.785
2026-05-15 11:10:53,248 INFO CSMF2.step_1_1_1.run :: [h] epoch=13 step=300 total=0.27412 batch=0.00000
2026-05-15 11:10:53,248 INFO CSMF2.step_1_1_1.run :: [lat] epoch=13 step=300 mean_l2=0.01375 std_l2=0.01963
2026-05-15 11:10:53,418 INFO CSMF2.step_1_1_1.run :: epoch=13 step=300/429 train_nll=-3606.197
2026-05-15 11:11:08,545 INFO CSMF2.step_1_1_1.run :: [h] epoch=13 step=350 total=0.27502 batch=0.00000
2026-05-15 11:11:08,545 INFO CSMF2.step_1_1_1.run :: [lat] epoch=13 step=350 mean_l2=0.01659 std_l2=0.01921
2026-05-15 11:11:08,717 INFO CSMF2.step_1_1_1.run :: epoch=13 step=350/429 train_nll=-3609.328
2026-05-15 11:11:23,706 INFO CSMF2.step_1_1_1.run :: [h] epoch=13 step=400 total=0.27564 batch=0.00000
2026-05-15 11:11:23,706 INFO CSMF2.step_1_1_1.run :: [lat] epoch=13 step=400 mean_l2=0.01218 std_l2=0.01751
2026-05-15 11:11:23,877 INFO CSMF2.step_1_1_1.run :: epoch=13 step=400/429 train_nll=-3610.899
2026-05-15 11:11:37,313 INFO CSMF2.step_1_1_1.run :: epoch=13  train_nll=-3611.459  val_nll=-3616.531  t=133.8s
2026-05-15 11:11:37,313 INFO CSMF2.step_1_1_1.run :: [h_std] total=0.27508 batch=0.00000 (no penalty)
2026-05-15 11:11:37,313 INFO CSMF2.step_1_1_1.run :: [lat_epoch] mean_l2=0.01976 std_l2=0.02183 lambda=10.000
2026-05-15 11:11:37,313 INFO CSMF2.step_1_1_1.run :: [grad] cond=30.3810 film_gain=0.0000
2026-05-15 11:11:55,614 INFO CSMF2.step_1_1_1.run :: [h] epoch=14 step=50 total=0.27522 batch=0.00000
2026-05-15 11:11:55,615 INFO CSMF2.step_1_1_1.run :: [lat] epoch=14 step=50 mean_l2=0.01525 std_l2=0.01926
2026-05-15 11:11:55,788 INFO CSMF2.step_1_1_1.run :: epoch=14 step=50/429 train_nll=-3623.768
2026-05-15 11:12:11,031 INFO CSMF2.step_1_1_1.run :: [h] epoch=14 step=100 total=0.27593 batch=0.00000
2026-05-15 11:12:11,031 INFO CSMF2.step_1_1_1.run :: [lat] epoch=14 step=100 mean_l2=0.01568 std_l2=0.01947
2026-05-15 11:12:11,202 INFO CSMF2.step_1_1_1.run :: epoch=14 step=100/429 train_nll=-3623.509
2026-05-15 11:12:26,704 INFO CSMF2.step_1_1_1.run :: [h] epoch=14 step=150 total=0.27550 batch=0.00000
2026-05-15 11:12:26,705 INFO CSMF2.step_1_1_1.run :: [lat] epoch=14 step=150 mean_l2=0.02269 std_l2=0.02365
2026-05-15 11:12:26,924 INFO CSMF2.step_1_1_1.run :: epoch=14 step=150/429 train_nll=-3618.336
2026-05-15 11:12:42,060 INFO CSMF2.step_1_1_1.run :: [h] epoch=14 step=200 total=0.27554 batch=0.00000
2026-05-15 11:12:42,060 INFO CSMF2.step_1_1_1.run :: [lat] epoch=14 step=200 mean_l2=0.08341 std_l2=0.02916
2026-05-15 11:12:42,231 INFO CSMF2.step_1_1_1.run :: epoch=14 step=200/429 train_nll=-3611.602
2026-05-15 11:12:57,451 INFO CSMF2.step_1_1_1.run :: [h] epoch=14 step=250 total=0.27393 batch=0.00000
2026-05-15 11:12:57,451 INFO CSMF2.step_1_1_1.run :: [lat] epoch=14 step=250 mean_l2=0.01502 std_l2=0.01960
2026-05-15 11:12:57,625 INFO CSMF2.step_1_1_1.run :: epoch=14 step=250/429 train_nll=-3608.713
2026-05-15 11:13:13,145 INFO CSMF2.step_1_1_1.run :: [h] epoch=14 step=300 total=0.27308 batch=0.00000
2026-05-15 11:13:13,146 INFO CSMF2.step_1_1_1.run :: [lat] epoch=14 step=300 mean_l2=0.01987 std_l2=0.01947
2026-05-15 11:13:13,318 INFO CSMF2.step_1_1_1.run :: epoch=14 step=300/429 train_nll=-3609.599
2026-05-15 11:13:28,649 INFO CSMF2.step_1_1_1.run :: [h] epoch=14 step=350 total=0.27314 batch=0.00000
2026-05-15 11:13:28,650 INFO CSMF2.step_1_1_1.run :: [lat] epoch=14 step=350 mean_l2=0.01632 std_l2=0.02161
2026-05-15 11:13:28,822 INFO CSMF2.step_1_1_1.run :: epoch=14 step=350/429 train_nll=-3610.524
2026-05-15 11:13:44,192 INFO CSMF2.step_1_1_1.run :: [h] epoch=14 step=400 total=0.27349 batch=0.00000
2026-05-15 11:13:44,193 INFO CSMF2.step_1_1_1.run :: [lat] epoch=14 step=400 mean_l2=0.01643 std_l2=0.01781
2026-05-15 11:13:44,417 INFO CSMF2.step_1_1_1.run :: epoch=14 step=400/429 train_nll=-3612.981
2026-05-15 11:13:57,973 INFO CSMF2.step_1_1_1.run :: epoch=14  train_nll=-3613.855  val_nll=-3630.390  t=137.5s
2026-05-15 11:13:57,973 INFO CSMF2.step_1_1_1.run :: [h_std] total=0.27484 batch=0.00000 (no penalty)
2026-05-15 11:13:57,973 INFO CSMF2.step_1_1_1.run :: [lat_epoch] mean_l2=0.01984 std_l2=0.02172 lambda=10.000
2026-05-15 11:13:57,973 INFO CSMF2.step_1_1_1.run :: [grad] cond=5.2184 film_gain=0.0000
2026-05-15 11:14:16,210 INFO CSMF2.step_1_1_1.run :: [h] epoch=15 step=50 total=0.27424 batch=0.00000
2026-05-15 11:14:16,211 INFO CSMF2.step_1_1_1.run :: [lat] epoch=15 step=50 mean_l2=0.01548 std_l2=0.02084
2026-05-15 11:14:16,383 INFO CSMF2.step_1_1_1.run :: epoch=15 step=50/429 train_nll=-3613.785
2026-05-15 11:14:31,561 INFO CSMF2.step_1_1_1.run :: [h] epoch=15 step=100 total=0.26955 batch=0.00000
2026-05-15 11:14:31,562 INFO CSMF2.step_1_1_1.run :: [lat] epoch=15 step=100 mean_l2=0.04477 std_l2=0.02539
2026-05-15 11:14:31,730 INFO CSMF2.step_1_1_1.run :: epoch=15 step=100/429 train_nll=-3613.138
2026-05-15 11:14:46,594 INFO CSMF2.step_1_1_1.run :: [h] epoch=15 step=150 total=0.27153 batch=0.00000
2026-05-15 11:14:46,595 INFO CSMF2.step_1_1_1.run :: [lat] epoch=15 step=150 mean_l2=0.03656 std_l2=0.03401
2026-05-15 11:14:46,769 INFO CSMF2.step_1_1_1.run :: epoch=15 step=150/429 train_nll=-3605.566
2026-05-15 11:15:01,827 INFO CSMF2.step_1_1_1.run :: [h] epoch=15 step=200 total=0.26967 batch=0.00000
2026-05-15 11:15:01,828 INFO CSMF2.step_1_1_1.run :: [lat] epoch=15 step=200 mean_l2=0.02316 std_l2=0.02486
2026-05-15 11:15:02,003 INFO CSMF2.step_1_1_1.run :: epoch=15 step=200/429 train_nll=-3605.421
2026-05-15 11:15:17,380 INFO CSMF2.step_1_1_1.run :: [h] epoch=15 step=250 total=0.26877 batch=0.00000
2026-05-15 11:15:17,381 INFO CSMF2.step_1_1_1.run :: [lat] epoch=15 step=250 mean_l2=0.01319 std_l2=0.02009
2026-05-15 11:15:17,556 INFO CSMF2.step_1_1_1.run :: epoch=15 step=250/429 train_nll=-3608.082
2026-05-15 11:15:32,571 INFO CSMF2.step_1_1_1.run :: [h] epoch=15 step=300 total=0.27165 batch=0.00000
2026-05-15 11:15:32,571 INFO CSMF2.step_1_1_1.run :: [lat] epoch=15 step=300 mean_l2=0.02237 std_l2=0.02122
2026-05-15 11:15:32,746 INFO CSMF2.step_1_1_1.run :: epoch=15 step=300/429 train_nll=-3609.824
2026-05-15 11:15:47,900 INFO CSMF2.step_1_1_1.run :: [h] epoch=15 step=350 total=0.27022 batch=0.00000
2026-05-15 11:15:47,901 INFO CSMF2.step_1_1_1.run :: [lat] epoch=15 step=350 mean_l2=0.01840 std_l2=0.02219
2026-05-15 11:15:48,073 INFO CSMF2.step_1_1_1.run :: epoch=15 step=350/429 train_nll=-3610.454
2026-05-15 11:16:02,958 INFO CSMF2.step_1_1_1.run :: [h] epoch=15 step=400 total=0.26980 batch=0.00000
2026-05-15 11:16:02,959 INFO CSMF2.step_1_1_1.run :: [lat] epoch=15 step=400 mean_l2=0.04493 std_l2=0.02290
2026-05-15 11:16:03,131 INFO CSMF2.step_1_1_1.run :: epoch=15 step=400/429 train_nll=-3612.018
2026-05-15 11:16:16,502 INFO CSMF2.step_1_1_1.run :: epoch=15  train_nll=-3611.159  val_nll=-3599.359  t=135.4s
2026-05-15 11:16:16,502 INFO CSMF2.step_1_1_1.run :: [h_std] total=0.27051 batch=0.00000 (no penalty)
2026-05-15 11:16:16,502 INFO CSMF2.step_1_1_1.run :: [lat_epoch] mean_l2=0.02275 std_l2=0.02249 lambda=10.000
2026-05-15 11:16:16,502 INFO CSMF2.step_1_1_1.run :: [grad] cond=327.9579 film_gain=0.0000
2026-05-15 11:16:34,392 INFO CSMF2.step_1_1_1.run :: [h] epoch=16 step=50 total=0.26636 batch=0.00000
2026-05-15 11:16:34,392 INFO CSMF2.step_1_1_1.run :: [lat] epoch=16 step=50 mean_l2=0.01328 std_l2=0.01849
2026-05-15 11:16:34,566 INFO CSMF2.step_1_1_1.run :: epoch=16 step=50/429 train_nll=-3605.405
2026-05-15 11:16:49,827 INFO CSMF2.step_1_1_1.run :: [h] epoch=16 step=100 total=0.26604 batch=0.00000
2026-05-15 11:16:49,828 INFO CSMF2.step_1_1_1.run :: [lat] epoch=16 step=100 mean_l2=0.01266 std_l2=0.01805
2026-05-15 11:16:50,049 INFO CSMF2.step_1_1_1.run :: epoch=16 step=100/429 train_nll=-3617.085
2026-05-15 11:17:04,891 INFO CSMF2.step_1_1_1.run :: [h] epoch=16 step=150 total=0.26532 batch=0.00000
2026-05-15 11:17:04,892 INFO CSMF2.step_1_1_1.run :: [lat] epoch=16 step=150 mean_l2=0.05160 std_l2=0.02383
2026-05-15 11:17:05,111 INFO CSMF2.step_1_1_1.run :: epoch=16 step=150/429 train_nll=-3617.932
2026-05-15 11:17:20,004 INFO CSMF2.step_1_1_1.run :: [h] epoch=16 step=200 total=0.26220 batch=0.00000
2026-05-15 11:17:20,004 INFO CSMF2.step_1_1_1.run :: [lat] epoch=16 step=200 mean_l2=0.01727 std_l2=0.02285
2026-05-15 11:17:20,178 INFO CSMF2.step_1_1_1.run :: epoch=16 step=200/429 train_nll=-3615.420
2026-05-15 11:17:35,227 INFO CSMF2.step_1_1_1.run :: [h] epoch=16 step=250 total=0.26384 batch=0.00000
2026-05-15 11:17:35,228 INFO CSMF2.step_1_1_1.run :: [lat] epoch=16 step=250 mean_l2=0.01538 std_l2=0.01917
2026-05-15 11:17:35,404 INFO CSMF2.step_1_1_1.run :: epoch=16 step=250/429 train_nll=-3615.854
2026-05-15 11:17:50,277 INFO CSMF2.step_1_1_1.run :: [h] epoch=16 step=300 total=0.26572 batch=0.00000
2026-05-15 11:17:50,278 INFO CSMF2.step_1_1_1.run :: [lat] epoch=16 step=300 mean_l2=0.01316 std_l2=0.01916
2026-05-15 11:17:50,450 INFO CSMF2.step_1_1_1.run :: epoch=16 step=300/429 train_nll=-3618.773
2026-05-15 11:18:05,439 INFO CSMF2.step_1_1_1.run :: [h] epoch=16 step=350 total=0.26695 batch=0.00000
2026-05-15 11:18:05,440 INFO CSMF2.step_1_1_1.run :: [lat] epoch=16 step=350 mean_l2=0.03282 std_l2=0.02903
2026-05-15 11:18:05,664 INFO CSMF2.step_1_1_1.run :: epoch=16 step=350/429 train_nll=-3621.211
2026-05-15 11:18:20,990 INFO CSMF2.step_1_1_1.run :: [h] epoch=16 step=400 total=0.26332 batch=0.00000
2026-05-15 11:18:20,990 INFO CSMF2.step_1_1_1.run :: [lat] epoch=16 step=400 mean_l2=0.02482 std_l2=0.02044
2026-05-15 11:18:21,212 INFO CSMF2.step_1_1_1.run :: epoch=16 step=400/429 train_nll=-3622.164
2026-05-15 11:18:34,904 INFO CSMF2.step_1_1_1.run :: epoch=16  train_nll=-3621.986  val_nll=-3618.150  t=135.3s
2026-05-15 11:18:34,904 INFO CSMF2.step_1_1_1.run :: [h_std] total=0.26584 batch=0.00000 (no penalty)
2026-05-15 11:18:34,904 INFO CSMF2.step_1_1_1.run :: [lat_epoch] mean_l2=0.01894 std_l2=0.02126 lambda=10.000
2026-05-15 11:18:34,904 INFO CSMF2.step_1_1_1.run :: [grad] cond=402.2185 film_gain=0.0000
2026-05-15 11:18:52,954 INFO CSMF2.step_1_1_1.run :: [h] epoch=17 step=50 total=0.26585 batch=0.00000
2026-05-15 11:18:52,955 INFO CSMF2.step_1_1_1.run :: [lat] epoch=17 step=50 mean_l2=0.01481 std_l2=0.02029
2026-05-15 11:18:53,180 INFO CSMF2.step_1_1_1.run :: epoch=17 step=50/429 train_nll=-3626.108
2026-05-15 11:19:08,367 INFO CSMF2.step_1_1_1.run :: [h] epoch=17 step=100 total=0.26108 batch=0.00000
2026-05-15 11:19:08,367 INFO CSMF2.step_1_1_1.run :: [lat] epoch=17 step=100 mean_l2=0.02907 std_l2=0.02803
2026-05-15 11:19:08,543 INFO CSMF2.step_1_1_1.run :: epoch=17 step=100/429 train_nll=-3617.737
2026-05-15 11:19:23,701 INFO CSMF2.step_1_1_1.run :: [h] epoch=17 step=150 total=0.26432 batch=0.00000
2026-05-15 11:19:23,702 INFO CSMF2.step_1_1_1.run :: [lat] epoch=17 step=150 mean_l2=0.02524 std_l2=0.02662
2026-05-15 11:19:23,927 INFO CSMF2.step_1_1_1.run :: epoch=17 step=150/429 train_nll=-3616.228
2026-05-15 11:19:39,295 INFO CSMF2.step_1_1_1.run :: [h] epoch=17 step=200 total=0.26056 batch=0.00000
2026-05-15 11:19:39,296 INFO CSMF2.step_1_1_1.run :: [lat] epoch=17 step=200 mean_l2=0.01235 std_l2=0.02111
2026-05-15 11:19:39,521 INFO CSMF2.step_1_1_1.run :: epoch=17 step=200/429 train_nll=-3613.760
2026-05-15 11:19:54,804 INFO CSMF2.step_1_1_1.run :: [h] epoch=17 step=250 total=0.26238 batch=0.00000
2026-05-15 11:19:54,805 INFO CSMF2.step_1_1_1.run :: [lat] epoch=17 step=250 mean_l2=0.02174 std_l2=0.02251
2026-05-15 11:19:54,980 INFO CSMF2.step_1_1_1.run :: epoch=17 step=250/429 train_nll=-3616.064
2026-05-15 11:20:10,561 INFO CSMF2.step_1_1_1.run :: [h] epoch=17 step=300 total=0.26380 batch=0.00000
2026-05-15 11:20:10,561 INFO CSMF2.step_1_1_1.run :: [lat] epoch=17 step=300 mean_l2=0.01322 std_l2=0.01816
2026-05-15 11:20:10,787 INFO CSMF2.step_1_1_1.run :: epoch=17 step=300/429 train_nll=-3618.271
2026-05-15 11:20:26,303 INFO CSMF2.step_1_1_1.run :: [h] epoch=17 step=350 total=0.26215 batch=0.00000
2026-05-15 11:20:26,303 INFO CSMF2.step_1_1_1.run :: [lat] epoch=17 step=350 mean_l2=0.02220 std_l2=0.02561
2026-05-15 11:20:26,480 INFO CSMF2.step_1_1_1.run :: epoch=17 step=350/429 train_nll=-3618.725
2026-05-15 11:20:41,813 INFO CSMF2.step_1_1_1.run :: [h] epoch=17 step=400 total=0.26119 batch=0.00000
2026-05-15 11:20:41,813 INFO CSMF2.step_1_1_1.run :: [lat] epoch=17 step=400 mean_l2=0.01706 std_l2=0.01836
2026-05-15 11:20:41,990 INFO CSMF2.step_1_1_1.run :: epoch=17 step=400/429 train_nll=-3620.249
2026-05-15 11:20:55,651 INFO CSMF2.step_1_1_1.run :: epoch=17  train_nll=-3619.599  val_nll=-3592.646  t=137.7s
2026-05-15 11:20:55,651 INFO CSMF2.step_1_1_1.run :: [h_std] total=0.26352 batch=0.00000 (no penalty)
2026-05-15 11:20:55,651 INFO CSMF2.step_1_1_1.run :: [lat_epoch] mean_l2=0.02114 std_l2=0.02191 lambda=10.000
2026-05-15 11:20:55,651 INFO CSMF2.step_1_1_1.run :: [grad] cond=212.8394 film_gain=0.0000
2026-05-15 11:21:13,810 INFO CSMF2.step_1_1_1.run :: [h] epoch=18 step=50 total=0.26244 batch=0.00000
2026-05-15 11:21:13,810 INFO CSMF2.step_1_1_1.run :: [lat] epoch=18 step=50 mean_l2=0.02211 std_l2=0.02024
2026-05-15 11:21:13,983 INFO CSMF2.step_1_1_1.run :: epoch=18 step=50/429 train_nll=-3608.693
2026-05-15 11:21:29,644 INFO CSMF2.step_1_1_1.run :: [h] epoch=18 step=100 total=0.26120 batch=0.00000
2026-05-15 11:21:29,645 INFO CSMF2.step_1_1_1.run :: [lat] epoch=18 step=100 mean_l2=0.01423 std_l2=0.01845
2026-05-15 11:21:29,867 INFO CSMF2.step_1_1_1.run :: epoch=18 step=100/429 train_nll=-3617.178
2026-05-15 11:21:45,086 INFO CSMF2.step_1_1_1.run :: [h] epoch=18 step=150 total=0.25978 batch=0.00000
2026-05-15 11:21:45,087 INFO CSMF2.step_1_1_1.run :: [lat] epoch=18 step=150 mean_l2=0.01545 std_l2=0.01900
2026-05-15 11:21:45,261 INFO CSMF2.step_1_1_1.run :: epoch=18 step=150/429 train_nll=-3622.051
2026-05-15 11:22:00,332 INFO CSMF2.step_1_1_1.run :: [h] epoch=18 step=200 total=0.26097 batch=0.00000
2026-05-15 11:22:00,333 INFO CSMF2.step_1_1_1.run :: [lat] epoch=18 step=200 mean_l2=0.01402 std_l2=0.02203
2026-05-15 11:22:00,555 INFO CSMF2.step_1_1_1.run :: epoch=18 step=200/429 train_nll=-3626.531
2026-05-15 11:22:15,868 INFO CSMF2.step_1_1_1.run :: [h] epoch=18 step=250 total=0.26041 batch=0.00000
2026-05-15 11:22:15,868 INFO CSMF2.step_1_1_1.run :: [lat] epoch=18 step=250 mean_l2=0.01217 std_l2=0.02027
2026-05-15 11:22:16,042 INFO CSMF2.step_1_1_1.run :: epoch=18 step=250/429 train_nll=-3628.871
2026-05-15 11:22:31,313 INFO CSMF2.step_1_1_1.run :: [h] epoch=18 step=300 total=0.26282 batch=0.00000
2026-05-15 11:22:31,314 INFO CSMF2.step_1_1_1.run :: [lat] epoch=18 step=300 mean_l2=0.01213 std_l2=0.01926
2026-05-15 11:22:31,537 INFO CSMF2.step_1_1_1.run :: epoch=18 step=300/429 train_nll=-3630.974
2026-05-15 11:22:46,719 INFO CSMF2.step_1_1_1.run :: [h] epoch=18 step=350 total=0.26203 batch=0.00000
2026-05-15 11:22:46,720 INFO CSMF2.step_1_1_1.run :: [lat] epoch=18 step=350 mean_l2=0.01831 std_l2=0.01969
2026-05-15 11:22:46,893 INFO CSMF2.step_1_1_1.run :: epoch=18 step=350/429 train_nll=-3632.634
2026-05-15 11:23:01,830 INFO CSMF2.step_1_1_1.run :: [h] epoch=18 step=400 total=0.25813 batch=0.00000
2026-05-15 11:23:01,831 INFO CSMF2.step_1_1_1.run :: [lat] epoch=18 step=400 mean_l2=0.02941 std_l2=0.02615
2026-05-15 11:23:02,054 INFO CSMF2.step_1_1_1.run :: epoch=18 step=400/429 train_nll=-3631.394
2026-05-15 11:23:15,876 INFO CSMF2.step_1_1_1.run :: epoch=18  train_nll=-3630.763  val_nll=-3631.377  t=137.0s
2026-05-15 11:23:15,877 INFO CSMF2.step_1_1_1.run :: [h_std] total=0.26086 batch=0.00000 (no penalty)
2026-05-15 11:23:15,877 INFO CSMF2.step_1_1_1.run :: [lat_epoch] mean_l2=0.01725 std_l2=0.02071 lambda=10.000
2026-05-15 11:23:15,877 INFO CSMF2.step_1_1_1.run :: [grad] cond=369.2481 film_gain=0.0000
2026-05-15 11:23:34,134 INFO CSMF2.step_1_1_1.run :: [h] epoch=19 step=50 total=0.25765 batch=0.00000
2026-05-15 11:23:34,135 INFO CSMF2.step_1_1_1.run :: [lat] epoch=19 step=50 mean_l2=0.02514 std_l2=0.02557
2026-05-15 11:23:34,359 INFO CSMF2.step_1_1_1.run :: epoch=19 step=50/429 train_nll=-3627.794
2026-05-15 11:23:49,307 INFO CSMF2.step_1_1_1.run :: [h] epoch=19 step=100 total=0.25466 batch=0.00000
2026-05-15 11:23:49,308 INFO CSMF2.step_1_1_1.run :: [lat] epoch=19 step=100 mean_l2=0.02829 std_l2=0.02503
2026-05-15 11:23:49,485 INFO CSMF2.step_1_1_1.run :: epoch=19 step=100/429 train_nll=-3620.427
2026-05-15 11:24:04,724 INFO CSMF2.step_1_1_1.run :: [h] epoch=19 step=150 total=0.25795 batch=0.00000
2026-05-15 11:24:04,724 INFO CSMF2.step_1_1_1.run :: [lat] epoch=19 step=150 mean_l2=0.01790 std_l2=0.02218
2026-05-15 11:24:04,895 INFO CSMF2.step_1_1_1.run :: epoch=19 step=150/429 train_nll=-3620.261
2026-05-15 11:24:20,127 INFO CSMF2.step_1_1_1.run :: [h] epoch=19 step=200 total=0.25634 batch=0.00000
2026-05-15 11:24:20,127 INFO CSMF2.step_1_1_1.run :: [lat] epoch=19 step=200 mean_l2=0.01241 std_l2=0.01947
2026-05-15 11:24:20,304 INFO CSMF2.step_1_1_1.run :: epoch=19 step=200/429 train_nll=-3624.588
2026-05-15 11:24:35,183 INFO CSMF2.step_1_1_1.run :: [h] epoch=19 step=250 total=0.25864 batch=0.00000
2026-05-15 11:24:35,183 INFO CSMF2.step_1_1_1.run :: [lat] epoch=19 step=250 mean_l2=0.03660 std_l2=0.02995
2026-05-15 11:24:35,360 INFO CSMF2.step_1_1_1.run :: epoch=19 step=250/429 train_nll=-3623.518
2026-05-15 11:24:50,768 INFO CSMF2.step_1_1_1.run :: [h] epoch=19 step=300 total=0.25654 batch=0.00000
2026-05-15 11:24:50,769 INFO CSMF2.step_1_1_1.run :: [lat] epoch=19 step=300 mean_l2=0.01460 std_l2=0.02180
2026-05-15 11:24:50,944 INFO CSMF2.step_1_1_1.run :: epoch=19 step=300/429 train_nll=-3621.809
2026-05-15 11:25:06,216 INFO CSMF2.step_1_1_1.run :: [h] epoch=19 step=350 total=0.25509 batch=0.00000
2026-05-15 11:25:06,216 INFO CSMF2.step_1_1_1.run :: [lat] epoch=19 step=350 mean_l2=0.02254 std_l2=0.02092
2026-05-15 11:25:06,394 INFO CSMF2.step_1_1_1.run :: epoch=19 step=350/429 train_nll=-3622.391
2026-05-15 11:25:21,472 INFO CSMF2.step_1_1_1.run :: [h] epoch=19 step=400 total=0.25590 batch=0.00000
2026-05-15 11:25:21,473 INFO CSMF2.step_1_1_1.run :: [lat] epoch=19 step=400 mean_l2=0.01721 std_l2=0.01790
2026-05-15 11:25:21,697 INFO CSMF2.step_1_1_1.run :: epoch=19 step=400/429 train_nll=-3624.360
2026-05-15 11:25:35,323 INFO CSMF2.step_1_1_1.run :: epoch=19  train_nll=-3625.537  val_nll=-3641.485  t=136.3s
2026-05-15 11:25:35,323 INFO CSMF2.step_1_1_1.run :: [h_std] total=0.25715 batch=0.00000 (no penalty)
2026-05-15 11:25:35,323 INFO CSMF2.step_1_1_1.run :: [lat_epoch] mean_l2=0.01937 std_l2=0.02151 lambda=10.000
2026-05-15 11:25:35,323 INFO CSMF2.step_1_1_1.run :: [grad] cond=563.6301 film_gain=0.0000
2026-05-15 11:25:53,308 INFO CSMF2.step_1_1_1.run :: [h] epoch=20 step=50 total=0.25767 batch=0.00000
2026-05-15 11:25:53,309 INFO CSMF2.step_1_1_1.run :: [lat] epoch=20 step=50 mean_l2=0.01716 std_l2=0.02272
2026-05-15 11:25:53,534 INFO CSMF2.step_1_1_1.run :: epoch=20 step=50/429 train_nll=-3639.457
2026-05-15 11:26:09,111 INFO CSMF2.step_1_1_1.run :: [h] epoch=20 step=100 total=0.25658 batch=0.00000
2026-05-15 11:26:09,111 INFO CSMF2.step_1_1_1.run :: [lat] epoch=20 step=100 mean_l2=0.01449 std_l2=0.01776
2026-05-15 11:26:09,287 INFO CSMF2.step_1_1_1.run :: epoch=20 step=100/429 train_nll=-3637.752
2026-05-15 11:26:24,578 INFO CSMF2.step_1_1_1.run :: [h] epoch=20 step=150 total=0.25523 batch=0.00000
2026-05-15 11:26:24,579 INFO CSMF2.step_1_1_1.run :: [lat] epoch=20 step=150 mean_l2=0.02145 std_l2=0.02411
2026-05-15 11:26:24,760 INFO CSMF2.step_1_1_1.run :: epoch=20 step=150/429 train_nll=-3635.593
2026-05-15 11:26:40,053 INFO CSMF2.step_1_1_1.run :: [h] epoch=20 step=200 total=0.25715 batch=0.00000
2026-05-15 11:26:40,053 INFO CSMF2.step_1_1_1.run :: [lat] epoch=20 step=200 mean_l2=0.02372 std_l2=0.02667
2026-05-15 11:26:40,231 INFO CSMF2.step_1_1_1.run :: epoch=20 step=200/429 train_nll=-3631.439
2026-05-15 11:26:55,495 INFO CSMF2.step_1_1_1.run :: [h] epoch=20 step=250 total=0.25462 batch=0.00000
2026-05-15 11:26:55,496 INFO CSMF2.step_1_1_1.run :: [lat] epoch=20 step=250 mean_l2=0.01411 std_l2=0.01967
2026-05-15 11:26:55,676 INFO CSMF2.step_1_1_1.run :: epoch=20 step=250/429 train_nll=-3631.463
2026-05-15 11:27:10,844 INFO CSMF2.step_1_1_1.run :: [h] epoch=20 step=300 total=0.25704 batch=0.00000
2026-05-15 11:27:10,844 INFO CSMF2.step_1_1_1.run :: [lat] epoch=20 step=300 mean_l2=0.01958 std_l2=0.02133
2026-05-15 11:27:11,019 INFO CSMF2.step_1_1_1.run :: epoch=20 step=300/429 train_nll=-3631.366
2026-05-15 11:27:26,328 INFO CSMF2.step_1_1_1.run :: [h] epoch=20 step=350 total=0.25443 batch=0.00000
2026-05-15 11:27:26,329 INFO CSMF2.step_1_1_1.run :: [lat] epoch=20 step=350 mean_l2=0.01307 std_l2=0.02201
2026-05-15 11:27:26,507 INFO CSMF2.step_1_1_1.run :: epoch=20 step=350/429 train_nll=-3629.823
2026-05-15 11:27:41,796 INFO CSMF2.step_1_1_1.run :: [h] epoch=20 step=400 total=0.25224 batch=0.00000
2026-05-15 11:27:41,796 INFO CSMF2.step_1_1_1.run :: [lat] epoch=20 step=400 mean_l2=0.01890 std_l2=0.02053
2026-05-15 11:27:41,971 INFO CSMF2.step_1_1_1.run :: epoch=20 step=400/429 train_nll=-3630.530
2026-05-15 11:27:55,805 INFO CSMF2.step_1_1_1.run :: epoch=20  train_nll=-3629.759  val_nll=-3603.452  t=137.4s
2026-05-15 11:27:55,805 INFO CSMF2.step_1_1_1.run :: [h_std] total=0.25565 batch=0.00000 (no penalty)
2026-05-15 11:27:55,805 INFO CSMF2.step_1_1_1.run :: [lat_epoch] mean_l2=0.01855 std_l2=0.02135 lambda=10.000
2026-05-15 11:27:55,805 INFO CSMF2.step_1_1_1.run :: [grad] cond=268.8218 film_gain=0.0000
2026-05-15 11:28:14,452 INFO CSMF2.step_1_1_1.run :: [h] epoch=21 step=50 total=0.25362 batch=0.00000
2026-05-15 11:28:14,453 INFO CSMF2.step_1_1_1.run :: [lat] epoch=21 step=50 mean_l2=0.02280 std_l2=0.02143
2026-05-15 11:28:14,633 INFO CSMF2.step_1_1_1.run :: epoch=21 step=50/429 train_nll=-3625.544
2026-05-15 11:28:30,320 INFO CSMF2.step_1_1_1.run :: [h] epoch=21 step=100 total=0.25002 batch=0.00000
2026-05-15 11:28:30,321 INFO CSMF2.step_1_1_1.run :: [lat] epoch=21 step=100 mean_l2=0.02791 std_l2=0.02207
2026-05-15 11:28:30,497 INFO CSMF2.step_1_1_1.run :: epoch=21 step=100/429 train_nll=-3627.794
2026-05-15 11:28:45,496 INFO CSMF2.step_1_1_1.run :: [h] epoch=21 step=150 total=0.25096 batch=0.00000
2026-05-15 11:28:45,496 INFO CSMF2.step_1_1_1.run :: [lat] epoch=21 step=150 mean_l2=0.01801 std_l2=0.02035
2026-05-15 11:28:45,673 INFO CSMF2.step_1_1_1.run :: epoch=21 step=150/429 train_nll=-3629.798
2026-05-15 11:29:00,646 INFO CSMF2.step_1_1_1.run :: [h] epoch=21 step=200 total=0.25075 batch=0.00000
2026-05-15 11:29:00,647 INFO CSMF2.step_1_1_1.run :: [lat] epoch=21 step=200 mean_l2=0.01504 std_l2=0.01619
2026-05-15 11:29:00,822 INFO CSMF2.step_1_1_1.run :: epoch=21 step=200/429 train_nll=-3630.887
2026-05-15 11:29:16,109 INFO CSMF2.step_1_1_1.run :: [h] epoch=21 step=250 total=0.24979 batch=0.00000
2026-05-15 11:29:16,110 INFO CSMF2.step_1_1_1.run :: [lat] epoch=21 step=250 mean_l2=0.01479 std_l2=0.02213
2026-05-15 11:29:16,284 INFO CSMF2.step_1_1_1.run :: epoch=21 step=250/429 train_nll=-3632.937
2026-05-15 11:29:31,535 INFO CSMF2.step_1_1_1.run :: [h] epoch=21 step=300 total=0.24872 batch=0.00000
2026-05-15 11:29:31,536 INFO CSMF2.step_1_1_1.run :: [lat] epoch=21 step=300 mean_l2=0.02174 std_l2=0.02979
2026-05-15 11:29:31,712 INFO CSMF2.step_1_1_1.run :: epoch=21 step=300/429 train_nll=-3633.369
2026-05-15 11:29:46,883 INFO CSMF2.step_1_1_1.run :: [h] epoch=21 step=350 total=0.25026 batch=0.00000
2026-05-15 11:29:46,884 INFO CSMF2.step_1_1_1.run :: [lat] epoch=21 step=350 mean_l2=0.01694 std_l2=0.01825
2026-05-15 11:29:47,109 INFO CSMF2.step_1_1_1.run :: epoch=21 step=350/429 train_nll=-3631.785
2026-05-15 11:30:02,503 INFO CSMF2.step_1_1_1.run :: [h] epoch=21 step=400 total=0.24953 batch=0.00000
2026-05-15 11:30:02,504 INFO CSMF2.step_1_1_1.run :: [lat] epoch=21 step=400 mean_l2=0.01468 std_l2=0.01971
2026-05-15 11:30:02,680 INFO CSMF2.step_1_1_1.run :: epoch=21 step=400/429 train_nll=-3632.519
2026-05-15 11:30:16,353 INFO CSMF2.step_1_1_1.run :: epoch=21  train_nll=-3632.688  val_nll=-3599.775  t=137.4s
2026-05-15 11:30:16,353 INFO CSMF2.step_1_1_1.run :: [h_std] total=0.25049 batch=0.00000 (no penalty)
2026-05-15 11:30:16,353 INFO CSMF2.step_1_1_1.run :: [lat_epoch] mean_l2=0.01846 std_l2=0.02098 lambda=10.000
2026-05-15 11:30:16,353 INFO CSMF2.step_1_1_1.run :: [grad] cond=398.6358 film_gain=0.0000
2026-05-15 11:30:34,682 INFO CSMF2.step_1_1_1.run :: [h] epoch=22 step=50 total=0.24804 batch=0.00000
2026-05-15 11:30:34,683 INFO CSMF2.step_1_1_1.run :: [lat] epoch=22 step=50 mean_l2=0.01474 std_l2=0.01840
2026-05-15 11:30:34,858 INFO CSMF2.step_1_1_1.run :: epoch=22 step=50/429 train_nll=-3630.420
2026-05-15 11:30:50,538 INFO CSMF2.step_1_1_1.run :: [h] epoch=22 step=100 total=0.24843 batch=0.00000
2026-05-15 11:30:50,539 INFO CSMF2.step_1_1_1.run :: [lat] epoch=22 step=100 mean_l2=0.02178 std_l2=0.01939
2026-05-15 11:30:50,769 INFO CSMF2.step_1_1_1.run :: epoch=22 step=100/429 train_nll=-3627.617
2026-05-15 11:31:06,331 INFO CSMF2.step_1_1_1.run :: [h] epoch=22 step=150 total=0.24791 batch=0.00000
2026-05-15 11:31:06,332 INFO CSMF2.step_1_1_1.run :: [lat] epoch=22 step=150 mean_l2=0.01776 std_l2=0.02097
2026-05-15 11:31:06,510 INFO CSMF2.step_1_1_1.run :: epoch=22 step=150/429 train_nll=-3629.715
2026-05-15 11:31:21,962 INFO CSMF2.step_1_1_1.run :: [h] epoch=22 step=200 total=0.24447 batch=0.00000
2026-05-15 11:31:21,962 INFO CSMF2.step_1_1_1.run :: [lat] epoch=22 step=200 mean_l2=0.01158 std_l2=0.01788
2026-05-15 11:31:22,192 INFO CSMF2.step_1_1_1.run :: epoch=22 step=200/429 train_nll=-3629.724
2026-05-15 11:31:37,524 INFO CSMF2.step_1_1_1.run :: [h] epoch=22 step=250 total=0.24613 batch=0.00000
2026-05-15 11:31:37,524 INFO CSMF2.step_1_1_1.run :: [lat] epoch=22 step=250 mean_l2=0.01340 std_l2=0.01821
2026-05-15 11:31:37,703 INFO CSMF2.step_1_1_1.run :: epoch=22 step=250/429 train_nll=-3633.207
2026-05-15 11:31:53,580 INFO CSMF2.step_1_1_1.run :: [h] epoch=22 step=300 total=0.24701 batch=0.00000
2026-05-15 11:31:53,580 INFO CSMF2.step_1_1_1.run :: [lat] epoch=22 step=300 mean_l2=0.01238 std_l2=0.01991
2026-05-15 11:31:53,761 INFO CSMF2.step_1_1_1.run :: epoch=22 step=300/429 train_nll=-3636.098
2026-05-15 11:32:09,381 INFO CSMF2.step_1_1_1.run :: [h] epoch=22 step=350 total=0.24557 batch=0.00000
2026-05-15 11:32:09,381 INFO CSMF2.step_1_1_1.run :: [lat] epoch=22 step=350 mean_l2=0.01768 std_l2=0.02010
2026-05-15 11:32:09,561 INFO CSMF2.step_1_1_1.run :: epoch=22 step=350/429 train_nll=-3635.570
2026-05-15 11:32:25,118 INFO CSMF2.step_1_1_1.run :: [h] epoch=22 step=400 total=0.24617 batch=0.00000
2026-05-15 11:32:25,119 INFO CSMF2.step_1_1_1.run :: [lat] epoch=22 step=400 mean_l2=0.02609 std_l2=0.02319
2026-05-15 11:32:25,296 INFO CSMF2.step_1_1_1.run :: epoch=22 step=400/429 train_nll=-3635.414
2026-05-15 11:32:39,366 INFO CSMF2.step_1_1_1.run :: epoch=22  train_nll=-3635.360  val_nll=-3636.167  t=139.9s
2026-05-15 11:32:39,366 INFO CSMF2.step_1_1_1.run :: [h_std] total=0.24680 batch=0.00000 (no penalty)
2026-05-15 11:32:39,366 INFO CSMF2.step_1_1_1.run :: [lat_epoch] mean_l2=0.01878 std_l2=0.02101 lambda=10.000
2026-05-15 11:32:39,366 INFO CSMF2.step_1_1_1.run :: [grad] cond=56.3161 film_gain=0.0000
2026-05-15 11:32:57,798 INFO CSMF2.step_1_1_1.run :: [h] epoch=23 step=50 total=0.24555 batch=0.00000
2026-05-15 11:32:57,799 INFO CSMF2.step_1_1_1.run :: [lat] epoch=23 step=50 mean_l2=0.01301 std_l2=0.01962
2026-05-15 11:32:57,981 INFO CSMF2.step_1_1_1.run :: epoch=23 step=50/429 train_nll=-3647.003
2026-05-15 11:33:13,168 INFO CSMF2.step_1_1_1.run :: [h] epoch=23 step=100 total=0.24315 batch=0.00000
2026-05-15 11:33:13,168 INFO CSMF2.step_1_1_1.run :: [lat] epoch=23 step=100 mean_l2=0.01982 std_l2=0.01982
2026-05-15 11:33:13,351 INFO CSMF2.step_1_1_1.run :: epoch=23 step=100/429 train_nll=-3642.928
2026-05-15 11:33:28,696 INFO CSMF2.step_1_1_1.run :: [h] epoch=23 step=150 total=0.24300 batch=0.00000
2026-05-15 11:33:28,697 INFO CSMF2.step_1_1_1.run :: [lat] epoch=23 step=150 mean_l2=0.01323 std_l2=0.02167
2026-05-15 11:33:28,878 INFO CSMF2.step_1_1_1.run :: epoch=23 step=150/429 train_nll=-3638.930
2026-05-15 11:33:44,503 INFO CSMF2.step_1_1_1.run :: [h] epoch=23 step=200 total=0.24123 batch=0.00000
2026-05-15 11:33:44,504 INFO CSMF2.step_1_1_1.run :: [lat] epoch=23 step=200 mean_l2=0.01595 std_l2=0.02227
2026-05-15 11:33:44,732 INFO CSMF2.step_1_1_1.run :: epoch=23 step=200/429 train_nll=-3637.943
2026-05-15 11:34:00,243 INFO CSMF2.step_1_1_1.run :: [h] epoch=23 step=250 total=0.24239 batch=0.00000
2026-05-15 11:34:00,244 INFO CSMF2.step_1_1_1.run :: [lat] epoch=23 step=250 mean_l2=0.01683 std_l2=0.02045
2026-05-15 11:34:00,471 INFO CSMF2.step_1_1_1.run :: epoch=23 step=250/429 train_nll=-3636.223
2026-05-15 11:34:15,653 INFO CSMF2.step_1_1_1.run :: [h] epoch=23 step=300 total=0.24178 batch=0.00000
2026-05-15 11:34:15,653 INFO CSMF2.step_1_1_1.run :: [lat] epoch=23 step=300 mean_l2=0.01414 std_l2=0.01819
2026-05-15 11:34:15,836 INFO CSMF2.step_1_1_1.run :: epoch=23 step=300/429 train_nll=-3636.849
2026-05-15 11:34:31,325 INFO CSMF2.step_1_1_1.run :: [h] epoch=23 step=350 total=0.24126 batch=0.00000
2026-05-15 11:34:31,326 INFO CSMF2.step_1_1_1.run :: [lat] epoch=23 step=350 mean_l2=0.01262 std_l2=0.01875
2026-05-15 11:34:31,554 INFO CSMF2.step_1_1_1.run :: epoch=23 step=350/429 train_nll=-3638.802
2026-05-15 11:34:47,535 INFO CSMF2.step_1_1_1.run :: [h] epoch=23 step=400 total=0.24215 batch=0.00000
2026-05-15 11:34:47,536 INFO CSMF2.step_1_1_1.run :: [lat] epoch=23 step=400 mean_l2=0.01322 std_l2=0.01958
2026-05-15 11:34:47,716 INFO CSMF2.step_1_1_1.run :: epoch=23 step=400/429 train_nll=-3640.707
2026-05-15 11:35:01,459 INFO CSMF2.step_1_1_1.run :: epoch=23  train_nll=-3641.588  val_nll=-3648.800  t=139.1s
2026-05-15 11:35:01,459 INFO CSMF2.step_1_1_1.run :: [h_std] total=0.24287 batch=0.00000 (no penalty)
2026-05-15 11:35:01,459 INFO CSMF2.step_1_1_1.run :: [lat_epoch] mean_l2=0.01678 std_l2=0.02031 lambda=10.000
2026-05-15 11:35:01,459 INFO CSMF2.step_1_1_1.run :: [grad] cond=588.9213 film_gain=0.0000
2026-05-15 11:35:19,678 INFO CSMF2.step_1_1_1.run :: [h] epoch=24 step=50 total=0.24320 batch=0.00000
2026-05-15 11:35:19,679 INFO CSMF2.step_1_1_1.run :: [lat] epoch=24 step=50 mean_l2=0.01668 std_l2=0.01890
2026-05-15 11:35:19,856 INFO CSMF2.step_1_1_1.run :: epoch=24 step=50/429 train_nll=-3646.766
2026-05-15 11:35:35,246 INFO CSMF2.step_1_1_1.run :: [h] epoch=24 step=100 total=0.23903 batch=0.00000
2026-05-15 11:35:35,246 INFO CSMF2.step_1_1_1.run :: [lat] epoch=24 step=100 mean_l2=0.01773 std_l2=0.01996
2026-05-15 11:35:35,425 INFO CSMF2.step_1_1_1.run :: epoch=24 step=100/429 train_nll=-3635.303
2026-05-15 11:35:51,040 INFO CSMF2.step_1_1_1.run :: [h] epoch=24 step=150 total=0.23965 batch=0.00000
2026-05-15 11:35:51,041 INFO CSMF2.step_1_1_1.run :: [lat] epoch=24 step=150 mean_l2=0.01454 std_l2=0.02253
2026-05-15 11:35:51,218 INFO CSMF2.step_1_1_1.run :: epoch=24 step=150/429 train_nll=-3635.601
2026-05-15 11:36:06,639 INFO CSMF2.step_1_1_1.run :: [h] epoch=24 step=200 total=0.23919 batch=0.00000
2026-05-15 11:36:06,639 INFO CSMF2.step_1_1_1.run :: [lat] epoch=24 step=200 mean_l2=0.01398 std_l2=0.01902
2026-05-15 11:36:06,816 INFO CSMF2.step_1_1_1.run :: epoch=24 step=200/429 train_nll=-3635.423
2026-05-15 11:36:22,312 INFO CSMF2.step_1_1_1.run :: [h] epoch=24 step=250 total=0.23774 batch=0.00000
2026-05-15 11:36:22,312 INFO CSMF2.step_1_1_1.run :: [lat] epoch=24 step=250 mean_l2=0.01970 std_l2=0.02115
2026-05-15 11:36:22,490 INFO CSMF2.step_1_1_1.run :: epoch=24 step=250/429 train_nll=-3636.183
2026-05-15 11:36:38,193 INFO CSMF2.step_1_1_1.run :: [h] epoch=24 step=300 total=0.23811 batch=0.00000
2026-05-15 11:36:38,194 INFO CSMF2.step_1_1_1.run :: [lat] epoch=24 step=300 mean_l2=0.02165 std_l2=0.02315
2026-05-15 11:36:38,420 INFO CSMF2.step_1_1_1.run :: epoch=24 step=300/429 train_nll=-3635.171
2026-05-15 11:36:53,926 INFO CSMF2.step_1_1_1.run :: [h] epoch=24 step=350 total=0.23657 batch=0.00000
2026-05-15 11:36:53,927 INFO CSMF2.step_1_1_1.run :: [lat] epoch=24 step=350 mean_l2=0.01234 std_l2=0.01687
2026-05-15 11:36:54,153 INFO CSMF2.step_1_1_1.run :: epoch=24 step=350/429 train_nll=-3635.884
2026-05-15 11:37:09,445 INFO CSMF2.step_1_1_1.run :: [h] epoch=24 step=400 total=0.23681 batch=0.00000
2026-05-15 11:37:09,445 INFO CSMF2.step_1_1_1.run :: [lat] epoch=24 step=400 mean_l2=0.02150 std_l2=0.01910
2026-05-15 11:37:09,622 INFO CSMF2.step_1_1_1.run :: epoch=24 step=400/429 train_nll=-3638.205
2026-05-15 11:37:23,212 INFO CSMF2.step_1_1_1.run :: epoch=24  train_nll=-3637.964  val_nll=-3628.726  t=138.7s
2026-05-15 11:37:23,213 INFO CSMF2.step_1_1_1.run :: [h_std] total=0.23891 batch=0.00000 (no penalty)
2026-05-15 11:37:23,213 INFO CSMF2.step_1_1_1.run :: [lat_epoch] mean_l2=0.01821 std_l2=0.02091 lambda=10.000
2026-05-15 11:37:23,213 INFO CSMF2.step_1_1_1.run :: [grad] cond=858.6450 film_gain=0.0000
2026-05-15 11:37:41,509 INFO CSMF2.step_1_1_1.run :: [h] epoch=25 step=50 total=0.23754 batch=0.00000
2026-05-15 11:37:41,510 INFO CSMF2.step_1_1_1.run :: [lat] epoch=25 step=50 mean_l2=0.01520 std_l2=0.01824
2026-05-15 11:37:41,687 INFO CSMF2.step_1_1_1.run :: epoch=25 step=50/429 train_nll=-3645.851
2026-05-15 11:37:57,466 INFO CSMF2.step_1_1_1.run :: [h] epoch=25 step=100 total=0.23662 batch=0.00000
2026-05-15 11:37:57,467 INFO CSMF2.step_1_1_1.run :: [lat] epoch=25 step=100 mean_l2=0.01166 std_l2=0.01675
2026-05-15 11:37:57,645 INFO CSMF2.step_1_1_1.run :: epoch=25 step=100/429 train_nll=-3648.692
2026-05-15 11:38:12,877 INFO CSMF2.step_1_1_1.run :: [h] epoch=25 step=150 total=0.23898 batch=0.00000
2026-05-15 11:38:12,878 INFO CSMF2.step_1_1_1.run :: [lat] epoch=25 step=150 mean_l2=0.01336 std_l2=0.02126
2026-05-15 11:38:13,056 INFO CSMF2.step_1_1_1.run :: epoch=25 step=150/429 train_nll=-3649.095
2026-05-15 11:38:28,297 INFO CSMF2.step_1_1_1.run :: [h] epoch=25 step=200 total=0.23491 batch=0.00000
2026-05-15 11:38:28,298 INFO CSMF2.step_1_1_1.run :: [lat] epoch=25 step=200 mean_l2=0.01963 std_l2=0.02404
2026-05-15 11:38:28,473 INFO CSMF2.step_1_1_1.run :: epoch=25 step=200/429 train_nll=-3646.191
2026-05-15 11:38:43,661 INFO CSMF2.step_1_1_1.run :: [h] epoch=25 step=250 total=0.23470 batch=0.00000
2026-05-15 11:38:43,661 INFO CSMF2.step_1_1_1.run :: [lat] epoch=25 step=250 mean_l2=0.02746 std_l2=0.02796
2026-05-15 11:38:43,838 INFO CSMF2.step_1_1_1.run :: epoch=25 step=250/429 train_nll=-3643.116
2026-05-15 11:38:59,198 INFO CSMF2.step_1_1_1.run :: [h] epoch=25 step=300 total=0.23337 batch=0.00000
2026-05-15 11:38:59,198 INFO CSMF2.step_1_1_1.run :: [lat] epoch=25 step=300 mean_l2=0.01606 std_l2=0.01947
2026-05-15 11:38:59,375 INFO CSMF2.step_1_1_1.run :: epoch=25 step=300/429 train_nll=-3641.749
2026-05-15 11:39:14,449 INFO CSMF2.step_1_1_1.run :: [h] epoch=25 step=350 total=0.23221 batch=0.00000
2026-05-15 11:39:14,450 INFO CSMF2.step_1_1_1.run :: [lat] epoch=25 step=350 mean_l2=0.01492 std_l2=0.01788
2026-05-15 11:39:14,627 INFO CSMF2.step_1_1_1.run :: epoch=25 step=350/429 train_nll=-3640.745
2026-05-15 11:39:30,283 INFO CSMF2.step_1_1_1.run :: [h] epoch=25 step=400 total=0.23311 batch=0.00000
2026-05-15 11:39:30,283 INFO CSMF2.step_1_1_1.run :: [lat] epoch=25 step=400 mean_l2=0.01141 std_l2=0.01898
2026-05-15 11:39:30,463 INFO CSMF2.step_1_1_1.run :: epoch=25 step=400/429 train_nll=-3641.280
2026-05-15 11:39:44,134 INFO CSMF2.step_1_1_1.run :: epoch=25  train_nll=-3641.012  val_nll=-3632.355  t=137.8s
2026-05-15 11:39:44,134 INFO CSMF2.step_1_1_1.run :: [h_std] total=0.23564 batch=0.00000 (no penalty)
2026-05-15 11:39:44,134 INFO CSMF2.step_1_1_1.run :: [lat_epoch] mean_l2=0.01776 std_l2=0.02069 lambda=10.000
2026-05-15 11:39:44,134 INFO CSMF2.step_1_1_1.run :: [grad] cond=722.8777 film_gain=0.0000
2026-05-15 11:40:02,610 INFO CSMF2.step_1_1_1.run :: [h] epoch=26 step=50 total=0.23256 batch=0.00000
2026-05-15 11:40:02,611 INFO CSMF2.step_1_1_1.run :: [lat] epoch=26 step=50 mean_l2=0.01403 std_l2=0.01990
2026-05-15 11:40:02,793 INFO CSMF2.step_1_1_1.run :: epoch=26 step=50/429 train_nll=-3631.450
2026-05-15 11:40:18,801 INFO CSMF2.step_1_1_1.run :: [h] epoch=26 step=100 total=0.23364 batch=0.00000
2026-05-15 11:40:18,802 INFO CSMF2.step_1_1_1.run :: [lat] epoch=26 step=100 mean_l2=0.01390 std_l2=0.01800
2026-05-15 11:40:19,031 INFO CSMF2.step_1_1_1.run :: epoch=26 step=100/429 train_nll=-3639.657
2026-05-15 11:40:34,371 INFO CSMF2.step_1_1_1.run :: [h] epoch=26 step=150 total=0.23360 batch=0.00000
2026-05-15 11:40:34,372 INFO CSMF2.step_1_1_1.run :: [lat] epoch=26 step=150 mean_l2=0.01156 std_l2=0.02061
2026-05-15 11:40:34,604 INFO CSMF2.step_1_1_1.run :: epoch=26 step=150/429 train_nll=-3643.565
2026-05-15 11:40:50,122 INFO CSMF2.step_1_1_1.run :: [h] epoch=26 step=200 total=0.23195 batch=0.00000
2026-05-15 11:40:50,123 INFO CSMF2.step_1_1_1.run :: [lat] epoch=26 step=200 mean_l2=0.01318 std_l2=0.01779
2026-05-15 11:40:50,352 INFO CSMF2.step_1_1_1.run :: epoch=26 step=200/429 train_nll=-3646.372
2026-05-15 11:41:06,110 INFO CSMF2.step_1_1_1.run :: [h] epoch=26 step=250 total=0.23238 batch=0.00000
2026-05-15 11:41:06,111 INFO CSMF2.step_1_1_1.run :: [lat] epoch=26 step=250 mean_l2=0.01538 std_l2=0.01922
2026-05-15 11:41:06,290 INFO CSMF2.step_1_1_1.run :: epoch=26 step=250/429 train_nll=-3648.525
2026-05-15 11:41:21,668 INFO CSMF2.step_1_1_1.run :: [h] epoch=26 step=300 total=0.22942 batch=0.00000
2026-05-15 11:41:21,669 INFO CSMF2.step_1_1_1.run :: [lat] epoch=26 step=300 mean_l2=0.01401 std_l2=0.01881
2026-05-15 11:41:21,848 INFO CSMF2.step_1_1_1.run :: epoch=26 step=300/429 train_nll=-3648.129
2026-05-15 11:41:37,109 INFO CSMF2.step_1_1_1.run :: [h] epoch=26 step=350 total=0.23035 batch=0.00000
2026-05-15 11:41:37,110 INFO CSMF2.step_1_1_1.run :: [lat] epoch=26 step=350 mean_l2=0.01405 std_l2=0.01955
2026-05-15 11:41:37,286 INFO CSMF2.step_1_1_1.run :: epoch=26 step=350/429 train_nll=-3648.610
2026-05-15 11:41:52,409 INFO CSMF2.step_1_1_1.run :: [h] epoch=26 step=400 total=0.23072 batch=0.00000
2026-05-15 11:41:52,409 INFO CSMF2.step_1_1_1.run :: [lat] epoch=26 step=400 mean_l2=0.01239 std_l2=0.01712
2026-05-15 11:41:52,590 INFO CSMF2.step_1_1_1.run :: epoch=26 step=400/429 train_nll=-3650.111
2026-05-15 11:42:05,927 INFO CSMF2.step_1_1_1.run :: epoch=26  train_nll=-3650.531  val_nll=-3647.735  t=138.8s
2026-05-15 11:42:05,927 INFO CSMF2.step_1_1_1.run :: [h_std] total=0.23215 batch=0.00000 (no penalty)
2026-05-15 11:42:05,927 INFO CSMF2.step_1_1_1.run :: [lat_epoch] mean_l2=0.01510 std_l2=0.01946 lambda=10.000
2026-05-15 11:42:05,927 INFO CSMF2.step_1_1_1.run :: [grad] cond=180.6839 film_gain=0.0000
2026-05-15 11:42:24,146 INFO CSMF2.step_1_1_1.run :: [h] epoch=27 step=50 total=0.23186 batch=0.00000
2026-05-15 11:42:24,147 INFO CSMF2.step_1_1_1.run :: [lat] epoch=27 step=50 mean_l2=0.01898 std_l2=0.01874
2026-05-15 11:42:24,323 INFO CSMF2.step_1_1_1.run :: epoch=27 step=50/429 train_nll=-3654.191
2026-05-15 11:42:39,460 INFO CSMF2.step_1_1_1.run :: [h] epoch=27 step=100 total=0.23098 batch=0.00000
2026-05-15 11:42:39,461 INFO CSMF2.step_1_1_1.run :: [lat] epoch=27 step=100 mean_l2=0.03051 std_l2=0.02615
2026-05-15 11:42:39,637 INFO CSMF2.step_1_1_1.run :: epoch=27 step=100/429 train_nll=-3639.498
2026-05-15 11:42:55,062 INFO CSMF2.step_1_1_1.run :: [h] epoch=27 step=150 total=0.22999 batch=0.00000
2026-05-15 11:42:55,062 INFO CSMF2.step_1_1_1.run :: [lat] epoch=27 step=150 mean_l2=0.02280 std_l2=0.01754
2026-05-15 11:42:55,238 INFO CSMF2.step_1_1_1.run :: epoch=27 step=150/429 train_nll=-3636.617
2026-05-15 11:43:10,737 INFO CSMF2.step_1_1_1.run :: [h] epoch=27 step=200 total=0.22875 batch=0.00000
2026-05-15 11:43:10,738 INFO CSMF2.step_1_1_1.run :: [lat] epoch=27 step=200 mean_l2=0.01881 std_l2=0.02665
2026-05-15 11:43:10,914 INFO CSMF2.step_1_1_1.run :: epoch=27 step=200/429 train_nll=-3637.256
2026-05-15 11:43:26,469 INFO CSMF2.step_1_1_1.run :: [h] epoch=27 step=250 total=0.22815 batch=0.00000
2026-05-15 11:43:26,469 INFO CSMF2.step_1_1_1.run :: [lat] epoch=27 step=250 mean_l2=0.02022 std_l2=0.01948
2026-05-15 11:43:26,647 INFO CSMF2.step_1_1_1.run :: epoch=27 step=250/429 train_nll=-3636.751
2026-05-15 11:43:42,030 INFO CSMF2.step_1_1_1.run :: [h] epoch=27 step=300 total=0.22640 batch=0.00000
2026-05-15 11:43:42,030 INFO CSMF2.step_1_1_1.run :: [lat] epoch=27 step=300 mean_l2=0.01186 std_l2=0.01768
2026-05-15 11:43:42,257 INFO CSMF2.step_1_1_1.run :: epoch=27 step=300/429 train_nll=-3637.798
2026-05-15 11:43:57,644 INFO CSMF2.step_1_1_1.run :: [h] epoch=27 step=350 total=0.22793 batch=0.00000
2026-05-15 11:43:57,645 INFO CSMF2.step_1_1_1.run :: [lat] epoch=27 step=350 mean_l2=0.01458 std_l2=0.01864
2026-05-15 11:43:57,872 INFO CSMF2.step_1_1_1.run :: epoch=27 step=350/429 train_nll=-3639.878
2026-05-15 11:44:13,254 INFO CSMF2.step_1_1_1.run :: [h] epoch=27 step=400 total=0.22886 batch=0.00000
2026-05-15 11:44:13,254 INFO CSMF2.step_1_1_1.run :: [lat] epoch=27 step=400 mean_l2=0.01536 std_l2=0.01987
2026-05-15 11:44:13,482 INFO CSMF2.step_1_1_1.run :: epoch=27 step=400/429 train_nll=-3639.918
2026-05-15 11:44:27,075 INFO CSMF2.step_1_1_1.run :: epoch=27  train_nll=-3640.044  val_nll=-3639.354  t=138.1s
2026-05-15 11:44:27,075 INFO CSMF2.step_1_1_1.run :: [h_std] total=0.22902 batch=0.00000 (no penalty)
2026-05-15 11:44:27,075 INFO CSMF2.step_1_1_1.run :: [lat_epoch] mean_l2=0.01914 std_l2=0.02114 lambda=10.000
2026-05-15 11:44:27,075 INFO CSMF2.step_1_1_1.run :: [grad] cond=61.2267 film_gain=0.0000
2026-05-15 11:44:45,634 INFO CSMF2.step_1_1_1.run :: [h] epoch=28 step=50 total=0.22733 batch=0.00000
2026-05-15 11:44:45,634 INFO CSMF2.step_1_1_1.run :: [lat] epoch=28 step=50 mean_l2=0.02202 std_l2=0.02282
2026-05-15 11:44:45,814 INFO CSMF2.step_1_1_1.run :: epoch=28 step=50/429 train_nll=-3633.812
2026-05-15 11:45:01,185 INFO CSMF2.step_1_1_1.run :: [h] epoch=28 step=100 total=0.22584 batch=0.00000
2026-05-15 11:45:01,186 INFO CSMF2.step_1_1_1.run :: [lat] epoch=28 step=100 mean_l2=0.01349 std_l2=0.01849
2026-05-15 11:45:01,364 INFO CSMF2.step_1_1_1.run :: epoch=28 step=100/429 train_nll=-3634.520
2026-05-15 11:45:16,669 INFO CSMF2.step_1_1_1.run :: [h] epoch=28 step=150 total=0.22658 batch=0.00000
2026-05-15 11:45:16,670 INFO CSMF2.step_1_1_1.run :: [lat] epoch=28 step=150 mean_l2=0.01228 std_l2=0.01910
2026-05-15 11:45:16,849 INFO CSMF2.step_1_1_1.run :: epoch=28 step=150/429 train_nll=-3640.402
2026-05-15 11:45:32,173 INFO CSMF2.step_1_1_1.run :: [h] epoch=28 step=200 total=0.22588 batch=0.00000
2026-05-15 11:45:32,173 INFO CSMF2.step_1_1_1.run :: [lat] epoch=28 step=200 mean_l2=0.01524 std_l2=0.01903
2026-05-15 11:45:32,353 INFO CSMF2.step_1_1_1.run :: epoch=28 step=200/429 train_nll=-3642.923
2026-05-15 11:45:47,930 INFO CSMF2.step_1_1_1.run :: [h] epoch=28 step=250 total=0.22643 batch=0.00000
2026-05-15 11:45:47,930 INFO CSMF2.step_1_1_1.run :: [lat] epoch=28 step=250 mean_l2=0.01140 std_l2=0.01860
2026-05-15 11:45:48,106 INFO CSMF2.step_1_1_1.run :: epoch=28 step=250/429 train_nll=-3645.438
2026-05-15 11:46:03,787 INFO CSMF2.step_1_1_1.run :: [h] epoch=28 step=300 total=0.22535 batch=0.00000
2026-05-15 11:46:03,787 INFO CSMF2.step_1_1_1.run :: [lat] epoch=28 step=300 mean_l2=0.01202 std_l2=0.01693
2026-05-15 11:46:03,962 INFO CSMF2.step_1_1_1.run :: epoch=28 step=300/429 train_nll=-3647.685
2026-05-15 11:46:19,212 INFO CSMF2.step_1_1_1.run :: [h] epoch=28 step=350 total=0.22502 batch=0.00000
2026-05-15 11:46:19,213 INFO CSMF2.step_1_1_1.run :: [lat] epoch=28 step=350 mean_l2=0.01254 std_l2=0.02077
2026-05-15 11:46:19,392 INFO CSMF2.step_1_1_1.run :: epoch=28 step=350/429 train_nll=-3649.509
2026-05-15 11:46:35,094 INFO CSMF2.step_1_1_1.run :: [h] epoch=28 step=400 total=0.22475 batch=0.00000
2026-05-15 11:46:35,094 INFO CSMF2.step_1_1_1.run :: [lat] epoch=28 step=400 mean_l2=0.01704 std_l2=0.02111
2026-05-15 11:46:35,324 INFO CSMF2.step_1_1_1.run :: epoch=28 step=400/429 train_nll=-3649.991
2026-05-15 11:46:48,999 INFO CSMF2.step_1_1_1.run :: epoch=28  train_nll=-3649.115  val_nll=-3623.244  t=138.8s
2026-05-15 11:46:48,999 INFO CSMF2.step_1_1_1.run :: [h_std] total=0.22601 batch=0.00000 (no penalty)
2026-05-15 11:46:48,999 INFO CSMF2.step_1_1_1.run :: [lat_epoch] mean_l2=0.01627 std_l2=0.02009 lambda=10.000
2026-05-15 11:46:48,999 INFO CSMF2.step_1_1_1.run :: [grad] cond=911.5001 film_gain=0.0000
2026-05-15 11:47:07,072 INFO CSMF2.step_1_1_1.run :: [h] epoch=29 step=50 total=0.22622 batch=0.00000
2026-05-15 11:47:07,072 INFO CSMF2.step_1_1_1.run :: [lat] epoch=29 step=50 mean_l2=0.01517 std_l2=0.01831
2026-05-15 11:47:07,250 INFO CSMF2.step_1_1_1.run :: epoch=29 step=50/429 train_nll=-3644.060
2026-05-15 11:47:22,550 INFO CSMF2.step_1_1_1.run :: [h] epoch=29 step=100 total=0.22380 batch=0.00000
2026-05-15 11:47:22,550 INFO CSMF2.step_1_1_1.run :: [lat] epoch=29 step=100 mean_l2=0.02588 std_l2=0.01822
2026-05-15 11:47:22,776 INFO CSMF2.step_1_1_1.run :: epoch=29 step=100/429 train_nll=-3644.651
2026-05-15 11:47:37,733 INFO CSMF2.step_1_1_1.run :: [h] epoch=29 step=150 total=0.22283 batch=0.00000
2026-05-15 11:47:37,734 INFO CSMF2.step_1_1_1.run :: [lat] epoch=29 step=150 mean_l2=0.01346 std_l2=0.01931
2026-05-15 11:47:37,959 INFO CSMF2.step_1_1_1.run :: epoch=29 step=150/429 train_nll=-3645.368
2026-05-15 11:47:53,001 INFO CSMF2.step_1_1_1.run :: [h] epoch=29 step=200 total=0.22131 batch=0.00000
2026-05-15 11:47:53,002 INFO CSMF2.step_1_1_1.run :: [lat] epoch=29 step=200 mean_l2=0.01951 std_l2=0.02254
2026-05-15 11:47:53,228 INFO CSMF2.step_1_1_1.run :: epoch=29 step=200/429 train_nll=-3646.024
2026-05-15 11:48:08,308 INFO CSMF2.step_1_1_1.run :: [h] epoch=29 step=250 total=0.22264 batch=0.00000
2026-05-15 11:48:08,309 INFO CSMF2.step_1_1_1.run :: [lat] epoch=29 step=250 mean_l2=0.01271 std_l2=0.01876
2026-05-15 11:48:08,486 INFO CSMF2.step_1_1_1.run :: epoch=29 step=250/429 train_nll=-3647.603
2026-05-15 11:48:23,905 INFO CSMF2.step_1_1_1.run :: [h] epoch=29 step=300 total=0.22218 batch=0.00000
2026-05-15 11:48:23,905 INFO CSMF2.step_1_1_1.run :: [lat] epoch=29 step=300 mean_l2=0.01377 std_l2=0.02020
2026-05-15 11:48:24,083 INFO CSMF2.step_1_1_1.run :: epoch=29 step=300/429 train_nll=-3646.010
2026-05-15 11:48:39,447 INFO CSMF2.step_1_1_1.run :: [h] epoch=29 step=350 total=0.22181 batch=0.00000
2026-05-15 11:48:39,448 INFO CSMF2.step_1_1_1.run :: [lat] epoch=29 step=350 mean_l2=0.01577 std_l2=0.02165
2026-05-15 11:48:39,627 INFO CSMF2.step_1_1_1.run :: epoch=29 step=350/429 train_nll=-3647.097
2026-05-15 11:48:54,951 INFO CSMF2.step_1_1_1.run :: [h] epoch=29 step=400 total=0.22164 batch=0.00000
2026-05-15 11:48:54,952 INFO CSMF2.step_1_1_1.run :: [lat] epoch=29 step=400 mean_l2=0.02025 std_l2=0.02087
2026-05-15 11:48:55,129 INFO CSMF2.step_1_1_1.run :: epoch=29 step=400/429 train_nll=-3648.919
2026-05-15 11:49:08,673 INFO CSMF2.step_1_1_1.run :: epoch=29  train_nll=-3649.021  val_nll=-3647.208  t=136.6s
2026-05-15 11:49:08,674 INFO CSMF2.step_1_1_1.run :: [h_std] total=0.22281 batch=0.00000 (no penalty)
2026-05-15 11:49:08,674 INFO CSMF2.step_1_1_1.run :: [lat_epoch] mean_l2=0.01643 std_l2=0.02009 lambda=10.000
2026-05-15 11:49:08,674 INFO CSMF2.step_1_1_1.run :: [grad] cond=761.9536 film_gain=0.0000
2026-05-15 11:49:11,699 WARNING CSMF2.step_1_1_1.run :: [exit_gate] fwd_rel=0.881 > target 0.500 (informational; no resume baseline available)
2026-05-15 11:49:21,009 INFO CSMF2.step_1_1_1.run :: [run] FINAL test_nll (sealed 10k) = -3648.890
2026-05-15 11:49:21,772 INFO CSMF2.experiments.step_1_1_1.density_plots :: [plot_latent_density] saved -> CSMF2/experiments/step_1_1_1/results/nsf_s2_n0.00_seed0_add67dddb13f/plots/latent_density.png  (ks=0.0086, mean=-0.024, std=0.985)
2026-05-15 11:49:22,000 INFO CSMF2.experiments.step_1_1_1.density_plots :: [plot_cycle_density] saved -> CSMF2/experiments/step_1_1_1/results/nsf_s2_n0.00_seed0_add67dddb13f/plots/cycle_density.png  (max|err|=4.678e-04 rms=2.109e-06)
2026-05-15 11:49:22,293 INFO CSMF2.experiments.step_1_1_1.density_plots :: [plot_reconstruction_panel] saved -> CSMF2/experiments/step_1_1_1/results/nsf_s2_n0.00_seed0_add67dddb13f/plots/reconstruction_panel.png  rms(enc-prior)=1.882
==============================================================
[1mSTEP-1_1_1 RUN SUMMARY[0m
==============================================================
expert: nsf   scale: 2   noise: 0.0   seed: 0   epochs: 30
train NLL:    -3200.94  ->    -3649.02  (Δ = -448.08)
test  NLL:    -3430.97  ->    -3647.21

[1mHARD GATES (halt on fail)[0m
  [32m 30/30  ✓[0m  invertibility FP64 <1e-5
  [33m 29/30  ✗[0m  latent KS vs N(0,1) <0.05
  [33m 29/30  ✗[0m  cycle_max < 1e-12
  [32m 30/30  ✓[0m  h std > 1e-3
  [32m 30/30  ✓[0m  FiLM γ,β std > 1e-3 aggregate
  [32m 30/30  ✓[0m  (y,seed) max|Δh| < 1e-6
  [32m 30/30  ✓[0m  no NaN/Inf this epoch
  [32m  1/1   ✓[0m  numeric log-det (FP64, once)

[1mINFORMATIONAL (logged, non-blocking)[0m
  [33m 28/30  ✗[0m  null-control gap ≥ 0.10
  [33m  2/30  ✗[0m  h_st Δlogp slope > 1e-3
  [32m 30/30  ✓[0m  grad norm > 1e-6
  [32m 30/30  ✓[0m  fwd residual reported
--------------------------------------------------------------
[1mHARD TOTAL: 209/211[0m  (99.1%)
[1mEXIT_CRITERIA_MET:[0m [31mNO[0m
[1mREMEDY HINTS:[0m
  - hard gate failed: latent_ks (latent KS vs N(0,1) <0.05) -- check epochs [0]
  - hard gate failed: cycle_max (cycle_max < 1e-12) -- check epochs [13]
[33mSTEP-1_1_1 SOFT WARNINGS (non-blocking):[0m
  ! fwd_rel=0.881 > target 0.500 (informational; no resume baseline available)
==============================================================
2026-05-15 11:49:22,448 INFO CSMF2.step_1_1_1.run :: STEP-1_1 run DONE  exit_ok=False  out=CSMF2/experiments/step_1_1_1/results/nsf_s2_n0.00_seed0_add67dddb13f
>>> 11:49:22 expert=nsf noise=0.1 lam=0.0 v2=off
2026-05-15 11:49:24,077 INFO CSMF2.step_1_1_1.run :: STEP-1_1 run | tag=nsf_s2_n0.10_seed0_f4d2db7d8c94 | cfg=StepCfg(data_root='./mnist_data', scale=2, blur_sigma=1.0, noise_sigma=0.1, batch_size=128, expert='nsf', dim=784, cond_width=128, h_dim=256, flow_hidden=256, use_film=True, cache_h=True, use_v2_conditioner=False, film_depth=2, film_hidden=128, film_use_gelu=True, realnvp_n_couplings=6, realnvp_s_max=2.0, glow_n_steps=8, glow_coupling_hidden=256, glow_s_max=2.0, glow_squeeze=True, glow_n_levels=1, glow_image_c=1, glow_image_h=28, glow_image_w=28, glow_film_gain_init=0.3, lr=0.001, epochs=30, weight_decay=0.0, grad_clip=5.0, shuffle_loss_lambda=0.0, shuffle_loss_margin=0.5, h_std_penalty_mu=0.0, h_std_target=0.05, cond_y_residual_alpha_init=0.0, latent_moment_lambda=0.0, latent_ks_target=0.1, fwd_rel_target=0.5, resume_from=None, seed=0, out_root='./CSMF2/experiments/step_1_1_1/results', log_every=50, sanity_every_epoch=True)
2026-05-15 11:49:24,146 INFO CSMF2.step_1_1_1.run :: [run] data sizes: train=55000  val=5000 (per-epoch)  test=10000 (final-only)
2026-05-15 11:49:24,208 INFO CSMF2.step_1_1_1.run :: [y_sanity] y.std(dim=0).mean() = 0.1512  shape=(128, 1, 14, 14)
2026-05-15 11:49:36,987 INFO CSMF2.step_1_1_1.run :: [h] epoch=0 step=50 total=0.01383 batch=0.00021
2026-05-15 11:49:36,987 INFO CSMF2.step_1_1_1.run :: [lat] epoch=0 step=50 mean_l2=0.13848 std_l2=0.11746
2026-05-15 11:49:37,120 INFO CSMF2.step_1_1_1.run :: epoch=0 step=50/429 train_nll=-2138.004
2026-05-15 11:49:49,845 INFO CSMF2.step_1_1_1.run :: [h] epoch=0 step=100 total=0.03559 batch=0.00116
2026-05-15 11:49:49,846 INFO CSMF2.step_1_1_1.run :: [lat] epoch=0 step=100 mean_l2=0.09128 std_l2=0.08441
2026-05-15 11:49:49,974 INFO CSMF2.step_1_1_1.run :: epoch=0 step=100/429 train_nll=-2666.885
2026-05-15 11:50:03,060 INFO CSMF2.step_1_1_1.run :: [h] epoch=0 step=150 total=0.02795 batch=0.00008
2026-05-15 11:50:03,061 INFO CSMF2.step_1_1_1.run :: [lat] epoch=0 step=150 mean_l2=0.22804 std_l2=0.11413
2026-05-15 11:50:03,191 INFO CSMF2.step_1_1_1.run :: epoch=0 step=150/429 train_nll=-2857.318
2026-05-15 11:50:16,103 INFO CSMF2.step_1_1_1.run :: [h] epoch=0 step=200 total=0.03303 batch=0.00002
2026-05-15 11:50:16,104 INFO CSMF2.step_1_1_1.run :: [lat] epoch=0 step=200 mean_l2=0.06847 std_l2=0.03844
2026-05-15 11:50:16,233 INFO CSMF2.step_1_1_1.run :: epoch=0 step=200/429 train_nll=-2958.973
2026-05-15 11:50:29,158 INFO CSMF2.step_1_1_1.run :: [h] epoch=0 step=250 total=0.05737 batch=0.00001
2026-05-15 11:50:29,158 INFO CSMF2.step_1_1_1.run :: [lat] epoch=0 step=250 mean_l2=0.05022 std_l2=0.03528
2026-05-15 11:50:29,286 INFO CSMF2.step_1_1_1.run :: epoch=0 step=250/429 train_nll=-3041.715
2026-05-15 11:50:42,369 INFO CSMF2.step_1_1_1.run :: [h] epoch=0 step=300 total=0.06831 batch=0.00001
2026-05-15 11:50:42,370 INFO CSMF2.step_1_1_1.run :: [lat] epoch=0 step=300 mean_l2=0.04186 std_l2=0.03040
2026-05-15 11:50:42,501 INFO CSMF2.step_1_1_1.run :: epoch=0 step=300/429 train_nll=-3100.375
2026-05-15 11:50:55,559 INFO CSMF2.step_1_1_1.run :: [h] epoch=0 step=350 total=0.05738 batch=0.00001
2026-05-15 11:50:55,560 INFO CSMF2.step_1_1_1.run :: [lat] epoch=0 step=350 mean_l2=0.04778 std_l2=0.04317
2026-05-15 11:50:55,688 INFO CSMF2.step_1_1_1.run :: epoch=0 step=350/429 train_nll=-3138.114
2026-05-15 11:51:08,431 INFO CSMF2.step_1_1_1.run :: [h] epoch=0 step=400 total=0.06936 batch=0.00002
2026-05-15 11:51:08,432 INFO CSMF2.step_1_1_1.run :: [lat] epoch=0 step=400 mean_l2=0.10529 std_l2=0.05665
2026-05-15 11:51:08,562 INFO CSMF2.step_1_1_1.run :: epoch=0 step=400/429 train_nll=-3172.839
2026-05-15 11:51:20,812 INFO CSMF2.step_1_1_1.run :: epoch=0  train_nll=-3188.309  val_nll=-3433.288  t=116.5s
2026-05-15 11:51:20,812 INFO CSMF2.step_1_1_1.run :: [h_std] total=0.04518 batch=0.00027 (no penalty)
2026-05-15 11:51:20,812 INFO CSMF2.step_1_1_1.run :: [lat_epoch] mean_l2=0.17494 std_l2=0.12099 (no penalty)
2026-05-15 11:51:20,812 INFO CSMF2.step_1_1_1.run :: [grad] cond=1.9131 film_gain=0.0000
2026-05-15 11:51:36,729 INFO CSMF2.step_1_1_1.run :: [h] epoch=1 step=50 total=0.08904 batch=0.00001
2026-05-15 11:51:36,730 INFO CSMF2.step_1_1_1.run :: [lat] epoch=1 step=50 mean_l2=0.05344 std_l2=0.03524
2026-05-15 11:51:36,857 INFO CSMF2.step_1_1_1.run :: epoch=1 step=50/429 train_nll=-3450.951
2026-05-15 11:51:49,699 INFO CSMF2.step_1_1_1.run :: [h] epoch=1 step=100 total=0.09269 batch=0.00001
2026-05-15 11:51:49,700 INFO CSMF2.step_1_1_1.run :: [lat] epoch=1 step=100 mean_l2=0.03276 std_l2=0.02883
2026-05-15 11:51:49,830 INFO CSMF2.step_1_1_1.run :: epoch=1 step=100/429 train_nll=-3450.101
2026-05-15 11:52:02,740 INFO CSMF2.step_1_1_1.run :: [h] epoch=1 step=150 total=0.09324 batch=0.00001
2026-05-15 11:52:02,740 INFO CSMF2.step_1_1_1.run :: [lat] epoch=1 step=150 mean_l2=0.04967 std_l2=0.03612
2026-05-15 11:52:02,870 INFO CSMF2.step_1_1_1.run :: epoch=1 step=150/429 train_nll=-3448.728
2026-05-15 11:52:15,979 INFO CSMF2.step_1_1_1.run :: [h] epoch=1 step=200 total=0.08948 batch=0.00001
2026-05-15 11:52:15,980 INFO CSMF2.step_1_1_1.run :: [lat] epoch=1 step=200 mean_l2=0.03731 std_l2=0.03562
2026-05-15 11:52:16,144 INFO CSMF2.step_1_1_1.run :: epoch=1 step=200/429 train_nll=-3447.439
2026-05-15 11:52:29,452 INFO CSMF2.step_1_1_1.run :: [h] epoch=1 step=250 total=0.08920 batch=0.00001
2026-05-15 11:52:29,452 INFO CSMF2.step_1_1_1.run :: [lat] epoch=1 step=250 mean_l2=0.02752 std_l2=0.03089
2026-05-15 11:52:29,596 INFO CSMF2.step_1_1_1.run :: epoch=1 step=250/429 train_nll=-3448.846
2026-05-15 11:52:43,602 INFO CSMF2.step_1_1_1.run :: [h] epoch=1 step=300 total=0.08803 batch=0.00000
2026-05-15 11:52:43,603 INFO CSMF2.step_1_1_1.run :: [lat] epoch=1 step=300 mean_l2=0.03087 std_l2=0.03820
2026-05-15 11:52:43,763 INFO CSMF2.step_1_1_1.run :: epoch=1 step=300/429 train_nll=-3451.099
2026-05-15 11:52:57,931 INFO CSMF2.step_1_1_1.run :: [h] epoch=1 step=350 total=0.10074 batch=0.00000
2026-05-15 11:52:57,931 INFO CSMF2.step_1_1_1.run :: [lat] epoch=1 step=350 mean_l2=0.04240 std_l2=0.03020
2026-05-15 11:52:58,140 INFO CSMF2.step_1_1_1.run :: epoch=1 step=350/429 train_nll=-3453.544
2026-05-15 11:53:12,814 INFO CSMF2.step_1_1_1.run :: [h] epoch=1 step=400 total=0.09401 batch=0.00000
2026-05-15 11:53:12,815 INFO CSMF2.step_1_1_1.run :: [lat] epoch=1 step=400 mean_l2=0.03649 std_l2=0.03280
2026-05-15 11:53:12,967 INFO CSMF2.step_1_1_1.run :: epoch=1 step=400/429 train_nll=-3454.578
2026-05-15 11:53:26,117 INFO CSMF2.step_1_1_1.run :: epoch=1  train_nll=-3456.431  val_nll=-3479.750  t=122.0s
2026-05-15 11:53:26,117 INFO CSMF2.step_1_1_1.run :: [h_std] total=0.09301 batch=0.00001 (no penalty)
2026-05-15 11:53:26,117 INFO CSMF2.step_1_1_1.run :: [lat_epoch] mean_l2=0.04101 std_l2=0.03158 (no penalty)
2026-05-15 11:53:26,117 INFO CSMF2.step_1_1_1.run :: [grad] cond=17.4345 film_gain=0.0000
2026-05-15 11:53:43,294 INFO CSMF2.step_1_1_1.run :: [h] epoch=2 step=50 total=0.07874 batch=0.00000
2026-05-15 11:53:43,295 INFO CSMF2.step_1_1_1.run :: [lat] epoch=2 step=50 mean_l2=0.15861 std_l2=0.06881
2026-05-15 11:53:43,449 INFO CSMF2.step_1_1_1.run :: epoch=2 step=50/429 train_nll=-3467.671
2026-05-15 11:53:57,633 INFO CSMF2.step_1_1_1.run :: [h] epoch=2 step=100 total=0.09206 batch=0.00000
2026-05-15 11:53:57,633 INFO CSMF2.step_1_1_1.run :: [lat] epoch=2 step=100 mean_l2=0.03062 std_l2=0.03097
2026-05-15 11:53:57,828 INFO CSMF2.step_1_1_1.run :: epoch=2 step=100/429 train_nll=-3468.457
2026-05-15 11:54:12,068 INFO CSMF2.step_1_1_1.run :: [h] epoch=2 step=150 total=0.09721 batch=0.00000
2026-05-15 11:54:12,068 INFO CSMF2.step_1_1_1.run :: [lat] epoch=2 step=150 mean_l2=0.05037 std_l2=0.02641
2026-05-15 11:54:12,222 INFO CSMF2.step_1_1_1.run :: epoch=2 step=150/429 train_nll=-3480.908
2026-05-15 11:54:26,116 INFO CSMF2.step_1_1_1.run :: [h] epoch=2 step=200 total=0.10030 batch=0.00000
2026-05-15 11:54:26,116 INFO CSMF2.step_1_1_1.run :: [lat] epoch=2 step=200 mean_l2=0.01888 std_l2=0.02450
2026-05-15 11:54:26,265 INFO CSMF2.step_1_1_1.run :: epoch=2 step=200/429 train_nll=-3488.739
2026-05-15 11:54:40,430 INFO CSMF2.step_1_1_1.run :: [h] epoch=2 step=250 total=0.10021 batch=0.00000
2026-05-15 11:54:40,430 INFO CSMF2.step_1_1_1.run :: [lat] epoch=2 step=250 mean_l2=0.01842 std_l2=0.02319
2026-05-15 11:54:40,584 INFO CSMF2.step_1_1_1.run :: epoch=2 step=250/429 train_nll=-3492.487
2026-05-15 11:54:54,858 INFO CSMF2.step_1_1_1.run :: [h] epoch=2 step=300 total=0.09366 batch=0.00000
2026-05-15 11:54:54,859 INFO CSMF2.step_1_1_1.run :: [lat] epoch=2 step=300 mean_l2=0.04577 std_l2=0.02737
2026-05-15 11:54:55,056 INFO CSMF2.step_1_1_1.run :: epoch=2 step=300/429 train_nll=-3492.919
2026-05-15 11:55:09,359 INFO CSMF2.step_1_1_1.run :: [h] epoch=2 step=350 total=0.09523 batch=0.00000
2026-05-15 11:55:09,360 INFO CSMF2.step_1_1_1.run :: [lat] epoch=2 step=350 mean_l2=0.04762 std_l2=0.04058
2026-05-15 11:55:09,557 INFO CSMF2.step_1_1_1.run :: epoch=2 step=350/429 train_nll=-3494.411
2026-05-15 11:55:23,465 INFO CSMF2.step_1_1_1.run :: [h] epoch=2 step=400 total=0.09713 batch=0.00000
2026-05-15 11:55:23,465 INFO CSMF2.step_1_1_1.run :: [lat] epoch=2 step=400 mean_l2=0.03104 std_l2=0.02564
2026-05-15 11:55:23,619 INFO CSMF2.step_1_1_1.run :: epoch=2 step=400/429 train_nll=-3494.715
2026-05-15 11:55:36,842 INFO CSMF2.step_1_1_1.run :: epoch=2  train_nll=-3494.297  val_nll=-3505.884  t=127.6s
2026-05-15 11:55:36,842 INFO CSMF2.step_1_1_1.run :: [h_std] total=0.09527 batch=0.00000 (no penalty)
2026-05-15 11:55:36,843 INFO CSMF2.step_1_1_1.run :: [lat_epoch] mean_l2=0.03565 std_l2=0.02865 (no penalty)
2026-05-15 11:55:36,843 INFO CSMF2.step_1_1_1.run :: [grad] cond=1.8565 film_gain=0.0000
2026-05-15 11:55:53,995 INFO CSMF2.step_1_1_1.run :: [h] epoch=3 step=50 total=0.09005 batch=0.00000
2026-05-15 11:55:53,996 INFO CSMF2.step_1_1_1.run :: [lat] epoch=3 step=50 mean_l2=0.04838 std_l2=0.03429
2026-05-15 11:55:54,146 INFO CSMF2.step_1_1_1.run :: epoch=3 step=50/429 train_nll=-3501.980
2026-05-15 11:56:08,334 INFO CSMF2.step_1_1_1.run :: [h] epoch=3 step=100 total=0.09138 batch=0.00000
2026-05-15 11:56:08,335 INFO CSMF2.step_1_1_1.run :: [lat] epoch=3 step=100 mean_l2=0.02032 std_l2=0.02704
2026-05-15 11:56:08,529 INFO CSMF2.step_1_1_1.run :: epoch=3 step=100/429 train_nll=-3502.015
2026-05-15 11:56:22,304 INFO CSMF2.step_1_1_1.run :: [h] epoch=3 step=150 total=0.09529 batch=0.00000
2026-05-15 11:56:22,304 INFO CSMF2.step_1_1_1.run :: [lat] epoch=3 step=150 mean_l2=0.03016 std_l2=0.02444
2026-05-15 11:56:22,457 INFO CSMF2.step_1_1_1.run :: epoch=3 step=150/429 train_nll=-3505.236
2026-05-15 11:56:36,651 INFO CSMF2.step_1_1_1.run :: [h] epoch=3 step=200 total=0.09498 batch=0.00000
2026-05-15 11:56:36,651 INFO CSMF2.step_1_1_1.run :: [lat] epoch=3 step=200 mean_l2=0.02083 std_l2=0.02371
2026-05-15 11:56:36,804 INFO CSMF2.step_1_1_1.run :: epoch=3 step=200/429 train_nll=-3511.040
2026-05-15 11:56:50,977 INFO CSMF2.step_1_1_1.run :: [h] epoch=3 step=250 total=0.08997 batch=0.00000
2026-05-15 11:56:50,978 INFO CSMF2.step_1_1_1.run :: [lat] epoch=3 step=250 mean_l2=0.04250 std_l2=0.02628
2026-05-15 11:56:51,133 INFO CSMF2.step_1_1_1.run :: epoch=3 step=250/429 train_nll=-3511.275
2026-05-15 11:57:05,378 INFO CSMF2.step_1_1_1.run :: [h] epoch=3 step=300 total=0.09164 batch=0.00000
2026-05-15 11:57:05,378 INFO CSMF2.step_1_1_1.run :: [lat] epoch=3 step=300 mean_l2=0.03920 std_l2=0.02665
2026-05-15 11:57:05,532 INFO CSMF2.step_1_1_1.run :: epoch=3 step=300/429 train_nll=-3513.562
2026-05-15 11:57:19,540 INFO CSMF2.step_1_1_1.run :: [h] epoch=3 step=350 total=0.09338 batch=0.00000
2026-05-15 11:57:19,541 INFO CSMF2.step_1_1_1.run :: [lat] epoch=3 step=350 mean_l2=0.02440 std_l2=0.02608
2026-05-15 11:57:19,694 INFO CSMF2.step_1_1_1.run :: epoch=3 step=350/429 train_nll=-3517.326
2026-05-15 11:57:33,811 INFO CSMF2.step_1_1_1.run :: [h] epoch=3 step=400 total=0.09408 batch=0.00000
2026-05-15 11:57:33,812 INFO CSMF2.step_1_1_1.run :: [lat] epoch=3 step=400 mean_l2=0.05135 std_l2=0.03230
2026-05-15 11:57:34,010 INFO CSMF2.step_1_1_1.run :: epoch=3 step=400/429 train_nll=-3519.680
2026-05-15 11:57:46,916 INFO CSMF2.step_1_1_1.run :: epoch=3  train_nll=-3520.536  val_nll=-3543.588  t=126.9s
2026-05-15 11:57:46,916 INFO CSMF2.step_1_1_1.run :: [h_std] total=0.09248 batch=0.00000 (no penalty)
2026-05-15 11:57:46,916 INFO CSMF2.step_1_1_1.run :: [lat_epoch] mean_l2=0.03031 std_l2=0.02620 (no penalty)
2026-05-15 11:57:46,916 INFO CSMF2.step_1_1_1.run :: [grad] cond=46.8948 film_gain=0.0000
2026-05-15 11:58:04,101 INFO CSMF2.step_1_1_1.run :: [h] epoch=4 step=50 total=0.09073 batch=0.00000
2026-05-15 11:58:04,102 INFO CSMF2.step_1_1_1.run :: [lat] epoch=4 step=50 mean_l2=0.01836 std_l2=0.02167
2026-05-15 11:58:04,299 INFO CSMF2.step_1_1_1.run :: epoch=4 step=50/429 train_nll=-3541.458
2026-05-15 11:58:18,308 INFO CSMF2.step_1_1_1.run :: [h] epoch=4 step=100 total=0.09335 batch=0.00000
2026-05-15 11:58:18,309 INFO CSMF2.step_1_1_1.run :: [lat] epoch=4 step=100 mean_l2=0.01794 std_l2=0.02461
2026-05-15 11:58:18,464 INFO CSMF2.step_1_1_1.run :: epoch=4 step=100/429 train_nll=-3547.597
2026-05-15 11:58:32,519 INFO CSMF2.step_1_1_1.run :: [h] epoch=4 step=150 total=0.09460 batch=0.00000
2026-05-15 11:58:32,519 INFO CSMF2.step_1_1_1.run :: [lat] epoch=4 step=150 mean_l2=0.01756 std_l2=0.02113
2026-05-15 11:58:32,675 INFO CSMF2.step_1_1_1.run :: epoch=4 step=150/429 train_nll=-3547.285
2026-05-15 11:58:47,007 INFO CSMF2.step_1_1_1.run :: [h] epoch=4 step=200 total=0.09533 batch=0.00000
2026-05-15 11:58:47,007 INFO CSMF2.step_1_1_1.run :: [lat] epoch=4 step=200 mean_l2=0.03964 std_l2=0.02971
2026-05-15 11:58:47,165 INFO CSMF2.step_1_1_1.run :: epoch=4 step=200/429 train_nll=-3548.547
2026-05-15 11:59:01,282 INFO CSMF2.step_1_1_1.run :: [h] epoch=4 step=250 total=0.09280 batch=0.00000
2026-05-15 11:59:01,282 INFO CSMF2.step_1_1_1.run :: [lat] epoch=4 step=250 mean_l2=0.03600 std_l2=0.02752
2026-05-15 11:59:01,441 INFO CSMF2.step_1_1_1.run :: epoch=4 step=250/429 train_nll=-3544.219
2026-05-15 11:59:15,787 INFO CSMF2.step_1_1_1.run :: [h] epoch=4 step=300 total=0.09139 batch=0.00000
2026-05-15 11:59:15,787 INFO CSMF2.step_1_1_1.run :: [lat] epoch=4 step=300 mean_l2=0.02145 std_l2=0.02422
2026-05-15 11:59:15,947 INFO CSMF2.step_1_1_1.run :: epoch=4 step=300/429 train_nll=-3544.333
2026-05-15 11:59:30,323 INFO CSMF2.step_1_1_1.run :: [h] epoch=4 step=350 total=0.09342 batch=0.00000
2026-05-15 11:59:30,323 INFO CSMF2.step_1_1_1.run :: [lat] epoch=4 step=350 mean_l2=0.04285 std_l2=0.04204
2026-05-15 11:59:30,481 INFO CSMF2.step_1_1_1.run :: epoch=4 step=350/429 train_nll=-3545.703
2026-05-15 11:59:44,764 INFO CSMF2.step_1_1_1.run :: [h] epoch=4 step=400 total=0.08589 batch=0.00000
2026-05-15 11:59:44,765 INFO CSMF2.step_1_1_1.run :: [lat] epoch=4 step=400 mean_l2=0.04075 std_l2=0.02601
2026-05-15 11:59:44,924 INFO CSMF2.step_1_1_1.run :: epoch=4 step=400/429 train_nll=-3544.330
2026-05-15 11:59:58,057 INFO CSMF2.step_1_1_1.run :: epoch=4  train_nll=-3543.855  val_nll=-3531.459  t=128.1s
2026-05-15 11:59:58,057 INFO CSMF2.step_1_1_1.run :: [h_std] total=0.09216 batch=0.00000 (no penalty)
2026-05-15 11:59:58,058 INFO CSMF2.step_1_1_1.run :: [lat_epoch] mean_l2=0.02479 std_l2=0.02485 (no penalty)
2026-05-15 11:59:58,058 INFO CSMF2.step_1_1_1.run :: [grad] cond=111.2200 film_gain=0.0000
2026-05-15 12:00:15,581 INFO CSMF2.step_1_1_1.run :: [h] epoch=5 step=50 total=0.08798 batch=0.00000
2026-05-15 12:00:15,581 INFO CSMF2.step_1_1_1.run :: [lat] epoch=5 step=50 mean_l2=0.03806 std_l2=0.02436
2026-05-15 12:00:15,740 INFO CSMF2.step_1_1_1.run :: epoch=5 step=50/429 train_nll=-3523.664
2026-05-15 12:00:30,023 INFO CSMF2.step_1_1_1.run :: [h] epoch=5 step=100 total=0.08770 batch=0.00000
2026-05-15 12:00:30,024 INFO CSMF2.step_1_1_1.run :: [lat] epoch=5 step=100 mean_l2=0.01694 std_l2=0.02197
2026-05-15 12:00:30,225 INFO CSMF2.step_1_1_1.run :: epoch=5 step=100/429 train_nll=-3533.310
2026-05-15 12:00:44,258 INFO CSMF2.step_1_1_1.run :: [h] epoch=5 step=150 total=0.08931 batch=0.00000
2026-05-15 12:00:44,259 INFO CSMF2.step_1_1_1.run :: [lat] epoch=5 step=150 mean_l2=0.01634 std_l2=0.02065
2026-05-15 12:00:44,460 INFO CSMF2.step_1_1_1.run :: epoch=5 step=150/429 train_nll=-3543.123
2026-05-15 12:00:58,855 INFO CSMF2.step_1_1_1.run :: [h] epoch=5 step=200 total=0.08737 batch=0.00000
2026-05-15 12:00:58,856 INFO CSMF2.step_1_1_1.run :: [lat] epoch=5 step=200 mean_l2=0.02444 std_l2=0.02295
2026-05-15 12:00:59,014 INFO CSMF2.step_1_1_1.run :: epoch=5 step=200/429 train_nll=-3549.066
2026-05-15 12:01:13,072 INFO CSMF2.step_1_1_1.run :: [h] epoch=5 step=250 total=0.08310 batch=0.00000
2026-05-15 12:01:13,072 INFO CSMF2.step_1_1_1.run :: [lat] epoch=5 step=250 mean_l2=0.02546 std_l2=0.03147
2026-05-15 12:01:13,231 INFO CSMF2.step_1_1_1.run :: epoch=5 step=250/429 train_nll=-3546.599
2026-05-15 12:01:27,679 INFO CSMF2.step_1_1_1.run :: [h] epoch=5 step=300 total=0.09081 batch=0.00000
2026-05-15 12:01:27,680 INFO CSMF2.step_1_1_1.run :: [lat] epoch=5 step=300 mean_l2=0.03542 std_l2=0.02470
2026-05-15 12:01:27,838 INFO CSMF2.step_1_1_1.run :: epoch=5 step=300/429 train_nll=-3547.533
2026-05-15 12:01:42,063 INFO CSMF2.step_1_1_1.run :: [h] epoch=5 step=350 total=0.08465 batch=0.00000
2026-05-15 12:01:42,064 INFO CSMF2.step_1_1_1.run :: [lat] epoch=5 step=350 mean_l2=0.02854 std_l2=0.02496
2026-05-15 12:01:42,265 INFO CSMF2.step_1_1_1.run :: epoch=5 step=350/429 train_nll=-3545.394
2026-05-15 12:01:56,479 INFO CSMF2.step_1_1_1.run :: [h] epoch=5 step=400 total=0.08607 batch=0.00000
2026-05-15 12:01:56,479 INFO CSMF2.step_1_1_1.run :: [lat] epoch=5 step=400 mean_l2=0.01508 std_l2=0.02143
2026-05-15 12:01:56,635 INFO CSMF2.step_1_1_1.run :: epoch=5 step=400/429 train_nll=-3547.498
2026-05-15 12:02:09,882 INFO CSMF2.step_1_1_1.run :: epoch=5  train_nll=-3549.416  val_nll=-3574.797  t=128.9s
2026-05-15 12:02:09,882 INFO CSMF2.step_1_1_1.run :: [h_std] total=0.08670 batch=0.00000 (no penalty)
2026-05-15 12:02:09,882 INFO CSMF2.step_1_1_1.run :: [lat_epoch] mean_l2=0.02639 std_l2=0.02559 (no penalty)
2026-05-15 12:02:09,882 INFO CSMF2.step_1_1_1.run :: [grad] cond=114.1637 film_gain=0.0000
2026-05-15 12:02:27,426 INFO CSMF2.step_1_1_1.run :: [h] epoch=6 step=50 total=0.08760 batch=0.00000
2026-05-15 12:02:27,426 INFO CSMF2.step_1_1_1.run :: [lat] epoch=6 step=50 mean_l2=0.01815 std_l2=0.02049
2026-05-15 12:02:27,590 INFO CSMF2.step_1_1_1.run :: epoch=6 step=50/429 train_nll=-3573.705
2026-05-15 12:02:41,846 INFO CSMF2.step_1_1_1.run :: [h] epoch=6 step=100 total=0.08687 batch=0.00000
2026-05-15 12:02:41,847 INFO CSMF2.step_1_1_1.run :: [lat] epoch=6 step=100 mean_l2=0.02825 std_l2=0.02980
2026-05-15 12:02:42,003 INFO CSMF2.step_1_1_1.run :: epoch=6 step=100/429 train_nll=-3573.624
2026-05-15 12:02:56,395 INFO CSMF2.step_1_1_1.run :: [h] epoch=6 step=150 total=0.08720 batch=0.00000
2026-05-15 12:02:56,396 INFO CSMF2.step_1_1_1.run :: [lat] epoch=6 step=150 mean_l2=0.01592 std_l2=0.02221
2026-05-15 12:02:56,556 INFO CSMF2.step_1_1_1.run :: epoch=6 step=150/429 train_nll=-3571.758
2026-05-15 12:03:11,310 INFO CSMF2.step_1_1_1.run :: [h] epoch=6 step=200 total=0.08720 batch=0.00000
2026-05-15 12:03:11,311 INFO CSMF2.step_1_1_1.run :: [lat] epoch=6 step=200 mean_l2=0.01609 std_l2=0.02468
2026-05-15 12:03:11,475 INFO CSMF2.step_1_1_1.run :: epoch=6 step=200/429 train_nll=-3574.839
2026-05-15 12:03:26,275 INFO CSMF2.step_1_1_1.run :: [h] epoch=6 step=250 total=0.08694 batch=0.00000
2026-05-15 12:03:26,275 INFO CSMF2.step_1_1_1.run :: [lat] epoch=6 step=250 mean_l2=0.01425 std_l2=0.01979
2026-05-15 12:03:26,440 INFO CSMF2.step_1_1_1.run :: epoch=6 step=250/429 train_nll=-3576.620
2026-05-15 12:03:41,225 INFO CSMF2.step_1_1_1.run :: [h] epoch=6 step=300 total=0.08757 batch=0.00000
2026-05-15 12:03:41,226 INFO CSMF2.step_1_1_1.run :: [lat] epoch=6 step=300 mean_l2=0.03217 std_l2=0.02305
2026-05-15 12:03:41,392 INFO CSMF2.step_1_1_1.run :: epoch=6 step=300/429 train_nll=-3574.949
2026-05-15 12:03:56,124 INFO CSMF2.step_1_1_1.run :: [h] epoch=6 step=350 total=0.08446 batch=0.00000
2026-05-15 12:03:56,125 INFO CSMF2.step_1_1_1.run :: [lat] epoch=6 step=350 mean_l2=0.02529 std_l2=0.02518
2026-05-15 12:03:56,293 INFO CSMF2.step_1_1_1.run :: epoch=6 step=350/429 train_nll=-3573.820
2026-05-15 12:04:11,017 INFO CSMF2.step_1_1_1.run :: [h] epoch=6 step=400 total=0.08398 batch=0.00000
2026-05-15 12:04:11,017 INFO CSMF2.step_1_1_1.run :: [lat] epoch=6 step=400 mean_l2=0.01340 std_l2=0.01989
2026-05-15 12:04:11,178 INFO CSMF2.step_1_1_1.run :: epoch=6 step=400/429 train_nll=-3573.798
2026-05-15 12:04:24,541 INFO CSMF2.step_1_1_1.run :: epoch=6  train_nll=-3574.738  val_nll=-3587.920  t=131.6s
2026-05-15 12:04:24,541 INFO CSMF2.step_1_1_1.run :: [h_std] total=0.08621 batch=0.00000 (no penalty)
2026-05-15 12:04:24,541 INFO CSMF2.step_1_1_1.run :: [lat_epoch] mean_l2=0.01938 std_l2=0.02276 (no penalty)
2026-05-15 12:04:24,541 INFO CSMF2.step_1_1_1.run :: [grad] cond=112.6493 film_gain=0.0000
2026-05-15 12:04:42,393 INFO CSMF2.step_1_1_1.run :: [h] epoch=7 step=50 total=0.08280 batch=0.00000
2026-05-15 12:04:42,394 INFO CSMF2.step_1_1_1.run :: [lat] epoch=7 step=50 mean_l2=0.02394 std_l2=0.02428
2026-05-15 12:04:42,606 INFO CSMF2.step_1_1_1.run :: epoch=7 step=50/429 train_nll=-3571.426
2026-05-15 12:04:57,189 INFO CSMF2.step_1_1_1.run :: [h] epoch=7 step=100 total=0.08235 batch=0.00000
2026-05-15 12:04:57,190 INFO CSMF2.step_1_1_1.run :: [lat] epoch=7 step=100 mean_l2=0.03641 std_l2=0.02571
2026-05-15 12:04:57,357 INFO CSMF2.step_1_1_1.run :: epoch=7 step=100/429 train_nll=-3568.597
2026-05-15 12:05:12,173 INFO CSMF2.step_1_1_1.run :: [h] epoch=7 step=150 total=0.08337 batch=0.00000
2026-05-15 12:05:12,174 INFO CSMF2.step_1_1_1.run :: [lat] epoch=7 step=150 mean_l2=0.01520 std_l2=0.02043
2026-05-15 12:05:12,340 INFO CSMF2.step_1_1_1.run :: epoch=7 step=150/429 train_nll=-3567.038
2026-05-15 12:05:27,256 INFO CSMF2.step_1_1_1.run :: [h] epoch=7 step=200 total=0.08284 batch=0.00000
2026-05-15 12:05:27,257 INFO CSMF2.step_1_1_1.run :: [lat] epoch=7 step=200 mean_l2=0.02631 std_l2=0.02667
2026-05-15 12:05:27,470 INFO CSMF2.step_1_1_1.run :: epoch=7 step=200/429 train_nll=-3570.409
2026-05-15 12:05:42,493 INFO CSMF2.step_1_1_1.run :: [h] epoch=7 step=250 total=0.08119 batch=0.00000
2026-05-15 12:05:42,494 INFO CSMF2.step_1_1_1.run :: [lat] epoch=7 step=250 mean_l2=0.02487 std_l2=0.02244
2026-05-15 12:05:42,661 INFO CSMF2.step_1_1_1.run :: epoch=7 step=250/429 train_nll=-3567.600
2026-05-15 12:05:57,575 INFO CSMF2.step_1_1_1.run :: [h] epoch=7 step=300 total=0.08171 batch=0.00000
2026-05-15 12:05:57,575 INFO CSMF2.step_1_1_1.run :: [lat] epoch=7 step=300 mean_l2=0.03249 std_l2=0.02832
2026-05-15 12:05:57,739 INFO CSMF2.step_1_1_1.run :: epoch=7 step=300/429 train_nll=-3565.944
2026-05-15 12:06:12,492 INFO CSMF2.step_1_1_1.run :: [h] epoch=7 step=350 total=0.07886 batch=0.00000
2026-05-15 12:06:12,492 INFO CSMF2.step_1_1_1.run :: [lat] epoch=7 step=350 mean_l2=0.02025 std_l2=0.02722
2026-05-15 12:06:12,704 INFO CSMF2.step_1_1_1.run :: epoch=7 step=350/429 train_nll=-3565.142
2026-05-15 12:06:27,491 INFO CSMF2.step_1_1_1.run :: [h] epoch=7 step=400 total=0.07850 batch=0.00000
2026-05-15 12:06:27,492 INFO CSMF2.step_1_1_1.run :: [lat] epoch=7 step=400 mean_l2=0.02070 std_l2=0.02065
2026-05-15 12:06:27,656 INFO CSMF2.step_1_1_1.run :: epoch=7 step=400/429 train_nll=-3564.393
2026-05-15 12:06:41,110 INFO CSMF2.step_1_1_1.run :: epoch=7  train_nll=-3563.378  val_nll=-3567.011  t=133.4s
2026-05-15 12:06:41,110 INFO CSMF2.step_1_1_1.run :: [h_std] total=0.08190 batch=0.00000 (no penalty)
2026-05-15 12:06:41,110 INFO CSMF2.step_1_1_1.run :: [lat_epoch] mean_l2=0.02758 std_l2=0.02563 (no penalty)
2026-05-15 12:06:41,110 INFO CSMF2.step_1_1_1.run :: [grad] cond=5.2554 film_gain=0.0000
2026-05-15 12:06:58,984 INFO CSMF2.step_1_1_1.run :: [h] epoch=8 step=50 total=0.07823 batch=0.00000
2026-05-15 12:06:58,984 INFO CSMF2.step_1_1_1.run :: [lat] epoch=8 step=50 mean_l2=0.01592 std_l2=0.02231
2026-05-15 12:06:59,152 INFO CSMF2.step_1_1_1.run :: epoch=8 step=50/429 train_nll=-3567.839
2026-05-15 12:07:13,646 INFO CSMF2.step_1_1_1.run :: [h] epoch=8 step=100 total=0.07963 batch=0.00000
2026-05-15 12:07:13,647 INFO CSMF2.step_1_1_1.run :: [lat] epoch=8 step=100 mean_l2=0.01469 std_l2=0.02272
2026-05-15 12:07:13,806 INFO CSMF2.step_1_1_1.run :: epoch=8 step=100/429 train_nll=-3578.532
2026-05-15 12:07:28,529 INFO CSMF2.step_1_1_1.run :: [h] epoch=8 step=150 total=0.07993 batch=0.00000
2026-05-15 12:07:28,530 INFO CSMF2.step_1_1_1.run :: [lat] epoch=8 step=150 mean_l2=0.01783 std_l2=0.02272
2026-05-15 12:07:28,694 INFO CSMF2.step_1_1_1.run :: epoch=8 step=150/429 train_nll=-3581.864
2026-05-15 12:07:43,292 INFO CSMF2.step_1_1_1.run :: [h] epoch=8 step=200 total=0.07984 batch=0.00000
2026-05-15 12:07:43,292 INFO CSMF2.step_1_1_1.run :: [lat] epoch=8 step=200 mean_l2=0.01548 std_l2=0.02251
2026-05-15 12:07:43,452 INFO CSMF2.step_1_1_1.run :: epoch=8 step=200/429 train_nll=-3585.265
2026-05-15 12:07:58,133 INFO CSMF2.step_1_1_1.run :: [h] epoch=8 step=250 total=0.07927 batch=0.00000
2026-05-15 12:07:58,133 INFO CSMF2.step_1_1_1.run :: [lat] epoch=8 step=250 mean_l2=0.04524 std_l2=0.02781
2026-05-15 12:07:58,346 INFO CSMF2.step_1_1_1.run :: epoch=8 step=250/429 train_nll=-3584.234
2026-05-15 12:08:13,570 INFO CSMF2.step_1_1_1.run :: [h] epoch=8 step=300 total=0.07788 batch=0.00000
2026-05-15 12:08:13,575 INFO CSMF2.step_1_1_1.run :: [lat] epoch=8 step=300 mean_l2=0.02127 std_l2=0.02134
2026-05-15 12:08:13,785 INFO CSMF2.step_1_1_1.run :: epoch=8 step=300/429 train_nll=-3582.132
2026-05-15 12:08:28,739 INFO CSMF2.step_1_1_1.run :: [h] epoch=8 step=350 total=0.07821 batch=0.00000
2026-05-15 12:08:28,740 INFO CSMF2.step_1_1_1.run :: [lat] epoch=8 step=350 mean_l2=0.01390 std_l2=0.02061
2026-05-15 12:08:28,901 INFO CSMF2.step_1_1_1.run :: epoch=8 step=350/429 train_nll=-3583.593
2026-05-15 12:08:43,661 INFO CSMF2.step_1_1_1.run :: [h] epoch=8 step=400 total=0.07894 batch=0.00000
2026-05-15 12:08:43,661 INFO CSMF2.step_1_1_1.run :: [lat] epoch=8 step=400 mean_l2=0.01339 std_l2=0.01871
2026-05-15 12:08:43,870 INFO CSMF2.step_1_1_1.run :: epoch=8 step=400/429 train_nll=-3585.959
2026-05-15 12:08:57,254 INFO CSMF2.step_1_1_1.run :: epoch=8  train_nll=-3586.796  val_nll=-3589.243  t=133.1s
2026-05-15 12:08:57,254 INFO CSMF2.step_1_1_1.run :: [h_std] total=0.07901 batch=0.00000 (no penalty)
2026-05-15 12:08:57,255 INFO CSMF2.step_1_1_1.run :: [lat_epoch] mean_l2=0.01911 std_l2=0.02269 (no penalty)
2026-05-15 12:08:57,255 INFO CSMF2.step_1_1_1.run :: [grad] cond=21.0389 film_gain=0.0000
2026-05-15 12:09:14,647 INFO CSMF2.step_1_1_1.run :: [h] epoch=9 step=50 total=0.07654 batch=0.00000
2026-05-15 12:09:14,648 INFO CSMF2.step_1_1_1.run :: [lat] epoch=9 step=50 mean_l2=0.02593 std_l2=0.02668
2026-05-15 12:09:14,811 INFO CSMF2.step_1_1_1.run :: epoch=9 step=50/429 train_nll=-3578.003
2026-05-15 12:09:29,657 INFO CSMF2.step_1_1_1.run :: [h] epoch=9 step=100 total=0.07710 batch=0.00000
2026-05-15 12:09:29,657 INFO CSMF2.step_1_1_1.run :: [lat] epoch=9 step=100 mean_l2=0.01576 std_l2=0.02161
2026-05-15 12:09:29,825 INFO CSMF2.step_1_1_1.run :: epoch=9 step=100/429 train_nll=-3584.473
2026-05-15 12:09:44,506 INFO CSMF2.step_1_1_1.run :: [h] epoch=9 step=150 total=0.07776 batch=0.00000
2026-05-15 12:09:44,506 INFO CSMF2.step_1_1_1.run :: [lat] epoch=9 step=150 mean_l2=0.01505 std_l2=0.02315
2026-05-15 12:09:44,673 INFO CSMF2.step_1_1_1.run :: epoch=9 step=150/429 train_nll=-3589.510
2026-05-15 12:09:59,411 INFO CSMF2.step_1_1_1.run :: [h] epoch=9 step=200 total=0.07797 batch=0.00000
2026-05-15 12:09:59,412 INFO CSMF2.step_1_1_1.run :: [lat] epoch=9 step=200 mean_l2=0.02015 std_l2=0.02418
2026-05-15 12:09:59,585 INFO CSMF2.step_1_1_1.run :: epoch=9 step=200/429 train_nll=-3592.808
2026-05-15 12:10:14,268 INFO CSMF2.step_1_1_1.run :: [h] epoch=9 step=250 total=0.07727 batch=0.00000
2026-05-15 12:10:14,269 INFO CSMF2.step_1_1_1.run :: [lat] epoch=9 step=250 mean_l2=0.02499 std_l2=0.02341
2026-05-15 12:10:14,439 INFO CSMF2.step_1_1_1.run :: epoch=9 step=250/429 train_nll=-3590.151
2026-05-15 12:10:29,366 INFO CSMF2.step_1_1_1.run :: [h] epoch=9 step=300 total=0.07688 batch=0.00000
2026-05-15 12:10:29,366 INFO CSMF2.step_1_1_1.run :: [lat] epoch=9 step=300 mean_l2=0.01578 std_l2=0.01946
2026-05-15 12:10:29,537 INFO CSMF2.step_1_1_1.run :: epoch=9 step=300/429 train_nll=-3589.729
2026-05-15 12:10:44,660 INFO CSMF2.step_1_1_1.run :: [h] epoch=9 step=350 total=0.07732 batch=0.00000
2026-05-15 12:10:44,660 INFO CSMF2.step_1_1_1.run :: [lat] epoch=9 step=350 mean_l2=0.01366 std_l2=0.01974
2026-05-15 12:10:44,830 INFO CSMF2.step_1_1_1.run :: epoch=9 step=350/429 train_nll=-3592.038
2026-05-15 12:11:00,250 INFO CSMF2.step_1_1_1.run :: [h] epoch=9 step=400 total=0.07567 batch=0.00000
2026-05-15 12:11:00,250 INFO CSMF2.step_1_1_1.run :: [lat] epoch=9 step=400 mean_l2=0.01429 std_l2=0.02110
2026-05-15 12:11:00,419 INFO CSMF2.step_1_1_1.run :: epoch=9 step=400/429 train_nll=-3592.516
2026-05-15 12:11:14,223 INFO CSMF2.step_1_1_1.run :: epoch=9  train_nll=-3591.543  val_nll=-3578.261  t=133.9s
2026-05-15 12:11:14,223 INFO CSMF2.step_1_1_1.run :: [h_std] total=0.07724 batch=0.00000 (no penalty)
2026-05-15 12:11:14,223 INFO CSMF2.step_1_1_1.run :: [lat_epoch] mean_l2=0.02000 std_l2=0.02282 (no penalty)
2026-05-15 12:11:14,224 INFO CSMF2.step_1_1_1.run :: [grad] cond=9.9656 film_gain=0.0000
2026-05-15 12:11:32,616 INFO CSMF2.step_1_1_1.run :: [h] epoch=10 step=50 total=0.07587 batch=0.00000
2026-05-15 12:11:32,617 INFO CSMF2.step_1_1_1.run :: [lat] epoch=10 step=50 mean_l2=0.01413 std_l2=0.01877
2026-05-15 12:11:32,837 INFO CSMF2.step_1_1_1.run :: epoch=10 step=50/429 train_nll=-3595.930
2026-05-15 12:11:48,133 INFO CSMF2.step_1_1_1.run :: [h] epoch=10 step=100 total=0.07622 batch=0.00000
2026-05-15 12:11:48,134 INFO CSMF2.step_1_1_1.run :: [lat] epoch=10 step=100 mean_l2=0.02046 std_l2=0.02153
2026-05-15 12:11:48,306 INFO CSMF2.step_1_1_1.run :: epoch=10 step=100/429 train_nll=-3601.411
2026-05-15 12:12:03,296 INFO CSMF2.step_1_1_1.run :: [h] epoch=10 step=150 total=0.07550 batch=0.00000
2026-05-15 12:12:03,296 INFO CSMF2.step_1_1_1.run :: [lat] epoch=10 step=150 mean_l2=0.03036 std_l2=0.02152
2026-05-15 12:12:03,469 INFO CSMF2.step_1_1_1.run :: epoch=10 step=150/429 train_nll=-3593.636
2026-05-15 12:12:18,675 INFO CSMF2.step_1_1_1.run :: [h] epoch=10 step=200 total=0.07531 batch=0.00000
2026-05-15 12:12:18,675 INFO CSMF2.step_1_1_1.run :: [lat] epoch=10 step=200 mean_l2=0.04552 std_l2=0.02625
2026-05-15 12:12:18,845 INFO CSMF2.step_1_1_1.run :: epoch=10 step=200/429 train_nll=-3586.417
2026-05-15 12:12:33,692 INFO CSMF2.step_1_1_1.run :: [h] epoch=10 step=250 total=0.07340 batch=0.00000
2026-05-15 12:12:33,692 INFO CSMF2.step_1_1_1.run :: [lat] epoch=10 step=250 mean_l2=0.01387 std_l2=0.02319
2026-05-15 12:12:33,864 INFO CSMF2.step_1_1_1.run :: epoch=10 step=250/429 train_nll=-3582.673
2026-05-15 12:12:48,621 INFO CSMF2.step_1_1_1.run :: [h] epoch=10 step=300 total=0.07464 batch=0.00000
2026-05-15 12:12:48,621 INFO CSMF2.step_1_1_1.run :: [lat] epoch=10 step=300 mean_l2=0.01352 std_l2=0.02007
2026-05-15 12:12:48,792 INFO CSMF2.step_1_1_1.run :: epoch=10 step=300/429 train_nll=-3585.979
2026-05-15 12:13:03,714 INFO CSMF2.step_1_1_1.run :: [h] epoch=10 step=350 total=0.07457 batch=0.00000
2026-05-15 12:13:03,715 INFO CSMF2.step_1_1_1.run :: [lat] epoch=10 step=350 mean_l2=0.01575 std_l2=0.02502
2026-05-15 12:13:03,928 INFO CSMF2.step_1_1_1.run :: epoch=10 step=350/429 train_nll=-3588.911
2026-05-15 12:13:18,959 INFO CSMF2.step_1_1_1.run :: [h] epoch=10 step=400 total=0.07441 batch=0.00000
2026-05-15 12:13:18,960 INFO CSMF2.step_1_1_1.run :: [lat] epoch=10 step=400 mean_l2=0.01408 std_l2=0.02001
2026-05-15 12:13:19,123 INFO CSMF2.step_1_1_1.run :: epoch=10 step=400/429 train_nll=-3590.884
2026-05-15 12:13:32,600 INFO CSMF2.step_1_1_1.run :: epoch=10  train_nll=-3592.319  val_nll=-3611.357  t=135.4s
2026-05-15 12:13:32,600 INFO CSMF2.step_1_1_1.run :: [h_std] total=0.07492 batch=0.00000 (no penalty)
2026-05-15 12:13:32,600 INFO CSMF2.step_1_1_1.run :: [lat_epoch] mean_l2=0.02060 std_l2=0.02306 (no penalty)
2026-05-15 12:13:32,600 INFO CSMF2.step_1_1_1.run :: [grad] cond=43.5551 film_gain=0.0000
2026-05-15 12:13:50,649 INFO CSMF2.step_1_1_1.run :: [h] epoch=11 step=50 total=0.07399 batch=0.00000
2026-05-15 12:13:50,650 INFO CSMF2.step_1_1_1.run :: [lat] epoch=11 step=50 mean_l2=0.02702 std_l2=0.02995
2026-05-15 12:13:50,819 INFO CSMF2.step_1_1_1.run :: epoch=11 step=50/429 train_nll=-3596.094
2026-05-15 12:14:05,900 INFO CSMF2.step_1_1_1.run :: [h] epoch=11 step=100 total=0.07368 batch=0.00000
2026-05-15 12:14:05,900 INFO CSMF2.step_1_1_1.run :: [lat] epoch=11 step=100 mean_l2=0.01449 std_l2=0.02263
2026-05-15 12:14:06,069 INFO CSMF2.step_1_1_1.run :: epoch=11 step=100/429 train_nll=-3587.756
2026-05-15 12:14:21,025 INFO CSMF2.step_1_1_1.run :: [h] epoch=11 step=150 total=0.07455 batch=0.00000
2026-05-15 12:14:21,025 INFO CSMF2.step_1_1_1.run :: [lat] epoch=11 step=150 mean_l2=0.01468 std_l2=0.01981
2026-05-15 12:14:21,188 INFO CSMF2.step_1_1_1.run :: epoch=11 step=150/429 train_nll=-3594.046
2026-05-15 12:14:36,131 INFO CSMF2.step_1_1_1.run :: [h] epoch=11 step=200 total=0.07430 batch=0.00000
2026-05-15 12:14:36,132 INFO CSMF2.step_1_1_1.run :: [lat] epoch=11 step=200 mean_l2=0.01748 std_l2=0.02178
2026-05-15 12:14:36,300 INFO CSMF2.step_1_1_1.run :: epoch=11 step=200/429 train_nll=-3597.845
2026-05-15 12:14:50,981 INFO CSMF2.step_1_1_1.run :: [h] epoch=11 step=250 total=0.07308 batch=0.00000
2026-05-15 12:14:50,981 INFO CSMF2.step_1_1_1.run :: [lat] epoch=11 step=250 mean_l2=0.01948 std_l2=0.02215
2026-05-15 12:14:51,151 INFO CSMF2.step_1_1_1.run :: epoch=11 step=250/429 train_nll=-3597.383
2026-05-15 12:15:06,304 INFO CSMF2.step_1_1_1.run :: [h] epoch=11 step=300 total=0.07348 batch=0.00000
2026-05-15 12:15:06,304 INFO CSMF2.step_1_1_1.run :: [lat] epoch=11 step=300 mean_l2=0.01725 std_l2=0.02327
2026-05-15 12:15:06,520 INFO CSMF2.step_1_1_1.run :: epoch=11 step=300/429 train_nll=-3595.309
2026-05-15 12:15:21,638 INFO CSMF2.step_1_1_1.run :: [h] epoch=11 step=350 total=0.07342 batch=0.00000
2026-05-15 12:15:21,639 INFO CSMF2.step_1_1_1.run :: [lat] epoch=11 step=350 mean_l2=0.01452 std_l2=0.01940
2026-05-15 12:15:21,808 INFO CSMF2.step_1_1_1.run :: epoch=11 step=350/429 train_nll=-3597.091
2026-05-15 12:15:36,891 INFO CSMF2.step_1_1_1.run :: [h] epoch=11 step=400 total=0.07344 batch=0.00000
2026-05-15 12:15:36,892 INFO CSMF2.step_1_1_1.run :: [lat] epoch=11 step=400 mean_l2=0.01256 std_l2=0.02165
2026-05-15 12:15:37,063 INFO CSMF2.step_1_1_1.run :: epoch=11 step=400/429 train_nll=-3599.821
2026-05-15 12:15:50,925 INFO CSMF2.step_1_1_1.run :: epoch=11  train_nll=-3599.357  val_nll=-3581.782  t=135.2s
2026-05-15 12:15:50,925 INFO CSMF2.step_1_1_1.run :: [h_std] total=0.07395 batch=0.00000 (no penalty)
2026-05-15 12:15:50,925 INFO CSMF2.step_1_1_1.run :: [lat_epoch] mean_l2=0.02012 std_l2=0.02276 (no penalty)
2026-05-15 12:15:50,925 INFO CSMF2.step_1_1_1.run :: [grad] cond=40.7059 film_gain=0.0000
2026-05-15 12:16:09,237 INFO CSMF2.step_1_1_1.run :: [h] epoch=12 step=50 total=0.07163 batch=0.00000
2026-05-15 12:16:09,238 INFO CSMF2.step_1_1_1.run :: [lat] epoch=12 step=50 mean_l2=0.03005 std_l2=0.02979
2026-05-15 12:16:09,411 INFO CSMF2.step_1_1_1.run :: epoch=12 step=50/429 train_nll=-3576.019
2026-05-15 12:16:24,929 INFO CSMF2.step_1_1_1.run :: [h] epoch=12 step=100 total=0.07132 batch=0.00000
2026-05-15 12:16:24,929 INFO CSMF2.step_1_1_1.run :: [lat] epoch=12 step=100 mean_l2=0.01778 std_l2=0.02348
2026-05-15 12:16:25,103 INFO CSMF2.step_1_1_1.run :: epoch=12 step=100/429 train_nll=-3580.779
2026-05-15 12:16:40,489 INFO CSMF2.step_1_1_1.run :: [h] epoch=12 step=150 total=0.07223 batch=0.00000
2026-05-15 12:16:40,489 INFO CSMF2.step_1_1_1.run :: [lat] epoch=12 step=150 mean_l2=0.01589 std_l2=0.02173
2026-05-15 12:16:40,711 INFO CSMF2.step_1_1_1.run :: epoch=12 step=150/429 train_nll=-3589.510
2026-05-15 12:16:55,799 INFO CSMF2.step_1_1_1.run :: [h] epoch=12 step=200 total=0.07174 batch=0.00000
2026-05-15 12:16:55,800 INFO CSMF2.step_1_1_1.run :: [lat] epoch=12 step=200 mean_l2=0.01390 std_l2=0.02159
2026-05-15 12:16:55,973 INFO CSMF2.step_1_1_1.run :: epoch=12 step=200/429 train_nll=-3595.110
2026-05-15 12:17:11,261 INFO CSMF2.step_1_1_1.run :: [h] epoch=12 step=250 total=0.07218 batch=0.00000
2026-05-15 12:17:11,262 INFO CSMF2.step_1_1_1.run :: [lat] epoch=12 step=250 mean_l2=0.01305 std_l2=0.01971
2026-05-15 12:17:11,440 INFO CSMF2.step_1_1_1.run :: epoch=12 step=250/429 train_nll=-3599.788
2026-05-15 12:17:26,667 INFO CSMF2.step_1_1_1.run :: [h] epoch=12 step=300 total=0.07227 batch=0.00000
2026-05-15 12:17:26,668 INFO CSMF2.step_1_1_1.run :: [lat] epoch=12 step=300 mean_l2=0.01283 std_l2=0.02149
2026-05-15 12:17:26,891 INFO CSMF2.step_1_1_1.run :: epoch=12 step=300/429 train_nll=-3601.562
2026-05-15 12:17:42,203 INFO CSMF2.step_1_1_1.run :: [h] epoch=12 step=350 total=0.07167 batch=0.00000
2026-05-15 12:17:42,203 INFO CSMF2.step_1_1_1.run :: [lat] epoch=12 step=350 mean_l2=0.01302 std_l2=0.02145
2026-05-15 12:17:42,379 INFO CSMF2.step_1_1_1.run :: epoch=12 step=350/429 train_nll=-3602.341
2026-05-15 12:17:57,605 INFO CSMF2.step_1_1_1.run :: [h] epoch=12 step=400 total=0.07210 batch=0.00000
2026-05-15 12:17:57,605 INFO CSMF2.step_1_1_1.run :: [lat] epoch=12 step=400 mean_l2=0.01486 std_l2=0.01921
2026-05-15 12:17:57,780 INFO CSMF2.step_1_1_1.run :: epoch=12 step=400/429 train_nll=-3604.984
2026-05-15 12:18:11,701 INFO CSMF2.step_1_1_1.run :: epoch=12  train_nll=-3606.064  val_nll=-3617.083  t=137.7s
2026-05-15 12:18:11,701 INFO CSMF2.step_1_1_1.run :: [h_std] total=0.07202 batch=0.00000 (no penalty)
2026-05-15 12:18:11,701 INFO CSMF2.step_1_1_1.run :: [lat_epoch] mean_l2=0.01861 std_l2=0.02213 (no penalty)
2026-05-15 12:18:11,701 INFO CSMF2.step_1_1_1.run :: [grad] cond=18.0339 film_gain=0.0000
2026-05-15 12:18:30,190 INFO CSMF2.step_1_1_1.run :: [h] epoch=13 step=50 total=0.07206 batch=0.00000
2026-05-15 12:18:30,190 INFO CSMF2.step_1_1_1.run :: [lat] epoch=13 step=50 mean_l2=0.01357 std_l2=0.02182
2026-05-15 12:18:30,363 INFO CSMF2.step_1_1_1.run :: epoch=13 step=50/429 train_nll=-3620.940
2026-05-15 12:18:45,587 INFO CSMF2.step_1_1_1.run :: [h] epoch=13 step=100 total=0.07198 batch=0.00000
2026-05-15 12:18:45,587 INFO CSMF2.step_1_1_1.run :: [lat] epoch=13 step=100 mean_l2=0.01439 std_l2=0.01967
2026-05-15 12:18:45,765 INFO CSMF2.step_1_1_1.run :: epoch=13 step=100/429 train_nll=-3620.895
2026-05-15 12:19:00,957 INFO CSMF2.step_1_1_1.run :: [h] epoch=13 step=150 total=0.07246 batch=0.00000
2026-05-15 12:19:00,957 INFO CSMF2.step_1_1_1.run :: [lat] epoch=13 step=150 mean_l2=0.01541 std_l2=0.02352
2026-05-15 12:19:01,179 INFO CSMF2.step_1_1_1.run :: epoch=13 step=150/429 train_nll=-3620.528
2026-05-15 12:19:16,383 INFO CSMF2.step_1_1_1.run :: [h] epoch=13 step=200 total=0.07113 batch=0.00000
2026-05-15 12:19:16,384 INFO CSMF2.step_1_1_1.run :: [lat] epoch=13 step=200 mean_l2=0.01486 std_l2=0.02099
2026-05-15 12:19:16,604 INFO CSMF2.step_1_1_1.run :: epoch=13 step=200/429 train_nll=-3614.656
2026-05-15 12:19:31,764 INFO CSMF2.step_1_1_1.run :: [h] epoch=13 step=250 total=0.07134 batch=0.00000
2026-05-15 12:19:31,764 INFO CSMF2.step_1_1_1.run :: [lat] epoch=13 step=250 mean_l2=0.01333 std_l2=0.02110
2026-05-15 12:19:31,944 INFO CSMF2.step_1_1_1.run :: epoch=13 step=250/429 train_nll=-3615.894
2026-05-15 12:19:47,455 INFO CSMF2.step_1_1_1.run :: [h] epoch=13 step=300 total=0.07163 batch=0.00000
2026-05-15 12:19:47,456 INFO CSMF2.step_1_1_1.run :: [lat] epoch=13 step=300 mean_l2=0.01313 std_l2=0.01851
2026-05-15 12:19:47,682 INFO CSMF2.step_1_1_1.run :: epoch=13 step=300/429 train_nll=-3617.097
2026-05-15 12:20:03,379 INFO CSMF2.step_1_1_1.run :: [h] epoch=13 step=350 total=0.07089 batch=0.00000
2026-05-15 12:20:03,380 INFO CSMF2.step_1_1_1.run :: [lat] epoch=13 step=350 mean_l2=0.03257 std_l2=0.02791
2026-05-15 12:20:03,603 INFO CSMF2.step_1_1_1.run :: epoch=13 step=350/429 train_nll=-3613.563
2026-05-15 12:20:18,870 INFO CSMF2.step_1_1_1.run :: [h] epoch=13 step=400 total=0.06944 batch=0.00000
2026-05-15 12:20:18,871 INFO CSMF2.step_1_1_1.run :: [lat] epoch=13 step=400 mean_l2=0.02977 std_l2=0.02281
2026-05-15 12:20:19,047 INFO CSMF2.step_1_1_1.run :: epoch=13 step=400/429 train_nll=-3607.028
2026-05-15 12:20:32,936 INFO CSMF2.step_1_1_1.run :: epoch=13  train_nll=-3604.848  val_nll=-3596.968  t=138.2s
2026-05-15 12:20:32,936 INFO CSMF2.step_1_1_1.run :: [h_std] total=0.07144 batch=0.00000 (no penalty)
2026-05-15 12:20:32,936 INFO CSMF2.step_1_1_1.run :: [lat_epoch] mean_l2=0.02172 std_l2=0.02317 (no penalty)
2026-05-15 12:20:32,936 INFO CSMF2.step_1_1_1.run :: [grad] cond=25.3721 film_gain=0.0000
2026-05-15 12:20:51,088 INFO CSMF2.step_1_1_1.run :: [h] epoch=14 step=50 total=0.06944 batch=0.00000
2026-05-15 12:20:51,088 INFO CSMF2.step_1_1_1.run :: [lat] epoch=14 step=50 mean_l2=0.01261 std_l2=0.02153
2026-05-15 12:20:51,265 INFO CSMF2.step_1_1_1.run :: epoch=14 step=50/429 train_nll=-3613.483
2026-05-15 12:21:06,567 INFO CSMF2.step_1_1_1.run :: [h] epoch=14 step=100 total=0.06955 batch=0.00000
2026-05-15 12:21:06,568 INFO CSMF2.step_1_1_1.run :: [lat] epoch=14 step=100 mean_l2=0.01382 std_l2=0.01846
2026-05-15 12:21:06,739 INFO CSMF2.step_1_1_1.run :: epoch=14 step=100/429 train_nll=-3617.810
2026-05-15 12:21:21,781 INFO CSMF2.step_1_1_1.run :: [h] epoch=14 step=150 total=0.06972 batch=0.00000
2026-05-15 12:21:21,782 INFO CSMF2.step_1_1_1.run :: [lat] epoch=14 step=150 mean_l2=0.01357 std_l2=0.02272
2026-05-15 12:21:21,953 INFO CSMF2.step_1_1_1.run :: epoch=14 step=150/429 train_nll=-3618.838
2026-05-15 12:21:37,220 INFO CSMF2.step_1_1_1.run :: [h] epoch=14 step=200 total=0.06968 batch=0.00000
2026-05-15 12:21:37,221 INFO CSMF2.step_1_1_1.run :: [lat] epoch=14 step=200 mean_l2=0.01838 std_l2=0.02642
2026-05-15 12:21:37,393 INFO CSMF2.step_1_1_1.run :: epoch=14 step=200/429 train_nll=-3619.512
2026-05-15 12:21:52,293 INFO CSMF2.step_1_1_1.run :: [h] epoch=14 step=250 total=0.06915 batch=0.00000
2026-05-15 12:21:52,293 INFO CSMF2.step_1_1_1.run :: [lat] epoch=14 step=250 mean_l2=0.01634 std_l2=0.02200
2026-05-15 12:21:52,465 INFO CSMF2.step_1_1_1.run :: epoch=14 step=250/429 train_nll=-3618.252
2026-05-15 12:22:07,763 INFO CSMF2.step_1_1_1.run :: [h] epoch=14 step=300 total=0.06930 batch=0.00000
2026-05-15 12:22:07,764 INFO CSMF2.step_1_1_1.run :: [lat] epoch=14 step=300 mean_l2=0.01476 std_l2=0.01723
2026-05-15 12:22:07,936 INFO CSMF2.step_1_1_1.run :: epoch=14 step=300/429 train_nll=-3619.160
2026-05-15 12:22:23,137 INFO CSMF2.step_1_1_1.run :: [h] epoch=14 step=350 total=0.06965 batch=0.00000
2026-05-15 12:22:23,137 INFO CSMF2.step_1_1_1.run :: [lat] epoch=14 step=350 mean_l2=0.01513 std_l2=0.02158
2026-05-15 12:22:23,313 INFO CSMF2.step_1_1_1.run :: epoch=14 step=350/429 train_nll=-3619.918
2026-05-15 12:22:38,432 INFO CSMF2.step_1_1_1.run :: [h] epoch=14 step=400 total=0.06899 batch=0.00000
2026-05-15 12:22:38,432 INFO CSMF2.step_1_1_1.run :: [lat] epoch=14 step=400 mean_l2=0.01966 std_l2=0.02290
2026-05-15 12:22:38,607 INFO CSMF2.step_1_1_1.run :: epoch=14 step=400/429 train_nll=-3617.505
2026-05-15 12:22:52,019 INFO CSMF2.step_1_1_1.run :: epoch=14  train_nll=-3616.631  val_nll=-3610.262  t=136.0s
2026-05-15 12:22:52,019 INFO CSMF2.step_1_1_1.run :: [h_std] total=0.06944 batch=0.00000 (no penalty)
2026-05-15 12:22:52,019 INFO CSMF2.step_1_1_1.run :: [lat_epoch] mean_l2=0.01703 std_l2=0.02139 (no penalty)
2026-05-15 12:22:52,019 INFO CSMF2.step_1_1_1.run :: [grad] cond=29.1039 film_gain=0.0000
2026-05-15 12:23:10,177 INFO CSMF2.step_1_1_1.run :: [h] epoch=15 step=50 total=0.06942 batch=0.00000
2026-05-15 12:23:10,177 INFO CSMF2.step_1_1_1.run :: [lat] epoch=15 step=50 mean_l2=0.01536 std_l2=0.01742
2026-05-15 12:23:10,353 INFO CSMF2.step_1_1_1.run :: epoch=15 step=50/429 train_nll=-3621.219
2026-05-15 12:23:25,706 INFO CSMF2.step_1_1_1.run :: [h] epoch=15 step=100 total=0.06952 batch=0.00000
2026-05-15 12:23:25,706 INFO CSMF2.step_1_1_1.run :: [lat] epoch=15 step=100 mean_l2=0.01303 std_l2=0.02109
2026-05-15 12:23:25,884 INFO CSMF2.step_1_1_1.run :: epoch=15 step=100/429 train_nll=-3623.479
2026-05-15 12:23:41,866 INFO CSMF2.step_1_1_1.run :: [h] epoch=15 step=150 total=0.06981 batch=0.00000
2026-05-15 12:23:41,867 INFO CSMF2.step_1_1_1.run :: [lat] epoch=15 step=150 mean_l2=0.02002 std_l2=0.01948
2026-05-15 12:23:42,043 INFO CSMF2.step_1_1_1.run :: epoch=15 step=150/429 train_nll=-3620.815
2026-05-15 12:23:57,352 INFO CSMF2.step_1_1_1.run :: [h] epoch=15 step=200 total=0.06964 batch=0.00000
2026-05-15 12:23:57,353 INFO CSMF2.step_1_1_1.run :: [lat] epoch=15 step=200 mean_l2=0.02162 std_l2=0.02110
2026-05-15 12:23:57,532 INFO CSMF2.step_1_1_1.run :: epoch=15 step=200/429 train_nll=-3620.993
2026-05-15 12:24:12,848 INFO CSMF2.step_1_1_1.run :: [h] epoch=15 step=250 total=0.06945 batch=0.00000
2026-05-15 12:24:12,848 INFO CSMF2.step_1_1_1.run :: [lat] epoch=15 step=250 mean_l2=0.01323 std_l2=0.01850
2026-05-15 12:24:13,030 INFO CSMF2.step_1_1_1.run :: epoch=15 step=250/429 train_nll=-3621.450
2026-05-15 12:24:28,642 INFO CSMF2.step_1_1_1.run :: [h] epoch=15 step=300 total=0.06964 batch=0.00000
2026-05-15 12:24:28,642 INFO CSMF2.step_1_1_1.run :: [lat] epoch=15 step=300 mean_l2=0.01443 std_l2=0.01972
2026-05-15 12:24:28,826 INFO CSMF2.step_1_1_1.run :: epoch=15 step=300/429 train_nll=-3622.482
2026-05-15 12:24:44,706 INFO CSMF2.step_1_1_1.run :: [h] epoch=15 step=350 total=0.06931 batch=0.00000
2026-05-15 12:24:44,706 INFO CSMF2.step_1_1_1.run :: [lat] epoch=15 step=350 mean_l2=0.02992 std_l2=0.02431
2026-05-15 12:24:44,888 INFO CSMF2.step_1_1_1.run :: epoch=15 step=350/429 train_nll=-3622.183
2026-05-15 12:25:00,305 INFO CSMF2.step_1_1_1.run :: [h] epoch=15 step=400 total=0.06869 batch=0.00000
2026-05-15 12:25:00,306 INFO CSMF2.step_1_1_1.run :: [lat] epoch=15 step=400 mean_l2=0.03802 std_l2=0.02495
2026-05-15 12:25:00,489 INFO CSMF2.step_1_1_1.run :: epoch=15 step=400/429 train_nll=-3617.322
2026-05-15 12:25:14,567 INFO CSMF2.step_1_1_1.run :: epoch=15  train_nll=-3614.725  val_nll=-3581.339  t=139.4s
2026-05-15 12:25:14,567 INFO CSMF2.step_1_1_1.run :: [h_std] total=0.06939 batch=0.00000 (no penalty)
2026-05-15 12:25:14,567 INFO CSMF2.step_1_1_1.run :: [lat_epoch] mean_l2=0.01933 std_l2=0.02219 (no penalty)
2026-05-15 12:25:14,567 INFO CSMF2.step_1_1_1.run :: [grad] cond=2.7396 film_gain=0.0000
2026-05-15 12:25:33,488 INFO CSMF2.step_1_1_1.run :: [h] epoch=16 step=50 total=0.06819 batch=0.00000
2026-05-15 12:25:33,488 INFO CSMF2.step_1_1_1.run :: [lat] epoch=16 step=50 mean_l2=0.01453 std_l2=0.02058
2026-05-15 12:25:33,666 INFO CSMF2.step_1_1_1.run :: epoch=16 step=50/429 train_nll=-3589.242
2026-05-15 12:25:49,015 INFO CSMF2.step_1_1_1.run :: [h] epoch=16 step=100 total=0.06839 batch=0.00000
2026-05-15 12:25:49,015 INFO CSMF2.step_1_1_1.run :: [lat] epoch=16 step=100 mean_l2=0.01163 std_l2=0.02198
2026-05-15 12:25:49,199 INFO CSMF2.step_1_1_1.run :: epoch=16 step=100/429 train_nll=-3604.739
2026-05-15 12:26:04,574 INFO CSMF2.step_1_1_1.run :: [h] epoch=16 step=150 total=0.06858 batch=0.00000
2026-05-15 12:26:04,575 INFO CSMF2.step_1_1_1.run :: [lat] epoch=16 step=150 mean_l2=0.01298 std_l2=0.01998
2026-05-15 12:26:04,759 INFO CSMF2.step_1_1_1.run :: epoch=16 step=150/429 train_nll=-3611.464
2026-05-15 12:26:20,212 INFO CSMF2.step_1_1_1.run :: [h] epoch=16 step=200 total=0.06871 batch=0.00000
2026-05-15 12:26:20,213 INFO CSMF2.step_1_1_1.run :: [lat] epoch=16 step=200 mean_l2=0.01392 std_l2=0.02138
2026-05-15 12:26:20,443 INFO CSMF2.step_1_1_1.run :: epoch=16 step=200/429 train_nll=-3616.379
2026-05-15 12:26:35,864 INFO CSMF2.step_1_1_1.run :: [h] epoch=16 step=250 total=0.06867 batch=0.00000
2026-05-15 12:26:35,864 INFO CSMF2.step_1_1_1.run :: [lat] epoch=16 step=250 mean_l2=0.01415 std_l2=0.01806
2026-05-15 12:26:36,044 INFO CSMF2.step_1_1_1.run :: epoch=16 step=250/429 train_nll=-3619.641
2026-05-15 12:26:51,585 INFO CSMF2.step_1_1_1.run :: [h] epoch=16 step=300 total=0.06889 batch=0.00000
2026-05-15 12:26:51,585 INFO CSMF2.step_1_1_1.run :: [lat] epoch=16 step=300 mean_l2=0.01370 std_l2=0.01980
2026-05-15 12:26:51,764 INFO CSMF2.step_1_1_1.run :: epoch=16 step=300/429 train_nll=-3621.924
2026-05-15 12:27:07,575 INFO CSMF2.step_1_1_1.run :: [h] epoch=16 step=350 total=0.06887 batch=0.00000
2026-05-15 12:27:07,576 INFO CSMF2.step_1_1_1.run :: [lat] epoch=16 step=350 mean_l2=0.02946 std_l2=0.02922
2026-05-15 12:27:07,754 INFO CSMF2.step_1_1_1.run :: epoch=16 step=350/429 train_nll=-3620.857
2026-05-15 12:27:23,206 INFO CSMF2.step_1_1_1.run :: [h] epoch=16 step=400 total=0.06646 batch=0.00000
2026-05-15 12:27:23,207 INFO CSMF2.step_1_1_1.run :: [lat] epoch=16 step=400 mean_l2=0.02148 std_l2=0.02635
2026-05-15 12:27:23,386 INFO CSMF2.step_1_1_1.run :: epoch=16 step=400/429 train_nll=-3615.866
2026-05-15 12:27:37,022 INFO CSMF2.step_1_1_1.run :: epoch=16  train_nll=-3614.441  val_nll=-3596.158  t=139.3s
2026-05-15 12:27:37,022 INFO CSMF2.step_1_1_1.run :: [h_std] total=0.06836 batch=0.00000 (no penalty)
2026-05-15 12:27:37,022 INFO CSMF2.step_1_1_1.run :: [lat_epoch] mean_l2=0.01909 std_l2=0.02229 (no penalty)
2026-05-15 12:27:37,023 INFO CSMF2.step_1_1_1.run :: [grad] cond=60.4662 film_gain=0.0000
2026-05-15 12:27:55,409 INFO CSMF2.step_1_1_1.run :: [h] epoch=17 step=50 total=0.06741 batch=0.00000
2026-05-15 12:27:55,410 INFO CSMF2.step_1_1_1.run :: [lat] epoch=17 step=50 mean_l2=0.01163 std_l2=0.02006
2026-05-15 12:27:55,587 INFO CSMF2.step_1_1_1.run :: epoch=17 step=50/429 train_nll=-3615.069
2026-05-15 12:28:10,992 INFO CSMF2.step_1_1_1.run :: [h] epoch=17 step=100 total=0.06768 batch=0.00000
2026-05-15 12:28:10,992 INFO CSMF2.step_1_1_1.run :: [lat] epoch=17 step=100 mean_l2=0.01249 std_l2=0.02057
2026-05-15 12:28:11,216 INFO CSMF2.step_1_1_1.run :: epoch=17 step=100/429 train_nll=-3621.635
2026-05-15 12:28:26,975 INFO CSMF2.step_1_1_1.run :: [h] epoch=17 step=150 total=0.06794 batch=0.00000
2026-05-15 12:28:26,975 INFO CSMF2.step_1_1_1.run :: [lat] epoch=17 step=150 mean_l2=0.01240 std_l2=0.02295
2026-05-15 12:28:27,155 INFO CSMF2.step_1_1_1.run :: epoch=17 step=150/429 train_nll=-3623.852
2026-05-15 12:28:42,353 INFO CSMF2.step_1_1_1.run :: [h] epoch=17 step=200 total=0.06785 batch=0.00000
2026-05-15 12:28:42,354 INFO CSMF2.step_1_1_1.run :: [lat] epoch=17 step=200 mean_l2=0.01369 std_l2=0.01935
2026-05-15 12:28:42,535 INFO CSMF2.step_1_1_1.run :: epoch=17 step=200/429 train_nll=-3625.708
2026-05-15 12:28:57,585 INFO CSMF2.step_1_1_1.run :: [h] epoch=17 step=250 total=0.06795 batch=0.00000
2026-05-15 12:28:57,586 INFO CSMF2.step_1_1_1.run :: [lat] epoch=17 step=250 mean_l2=0.01146 std_l2=0.02007
2026-05-15 12:28:57,767 INFO CSMF2.step_1_1_1.run :: epoch=17 step=250/429 train_nll=-3627.751
2026-05-15 12:29:13,460 INFO CSMF2.step_1_1_1.run :: [h] epoch=17 step=300 total=0.06772 batch=0.00000
2026-05-15 12:29:13,461 INFO CSMF2.step_1_1_1.run :: [lat] epoch=17 step=300 mean_l2=0.02669 std_l2=0.02179
2026-05-15 12:29:13,688 INFO CSMF2.step_1_1_1.run :: epoch=17 step=300/429 train_nll=-3626.982
2026-05-15 12:29:29,280 INFO CSMF2.step_1_1_1.run :: [h] epoch=17 step=350 total=0.06732 batch=0.00000
2026-05-15 12:29:29,281 INFO CSMF2.step_1_1_1.run :: [lat] epoch=17 step=350 mean_l2=0.01489 std_l2=0.02255
2026-05-15 12:29:29,508 INFO CSMF2.step_1_1_1.run :: epoch=17 step=350/429 train_nll=-3626.690
2026-05-15 12:29:44,900 INFO CSMF2.step_1_1_1.run :: [h] epoch=17 step=400 total=0.06727 batch=0.00000
2026-05-15 12:29:44,901 INFO CSMF2.step_1_1_1.run :: [lat] epoch=17 step=400 mean_l2=0.01224 std_l2=0.02070
2026-05-15 12:29:45,082 INFO CSMF2.step_1_1_1.run :: epoch=17 step=400/429 train_nll=-3628.104
2026-05-15 12:29:58,823 INFO CSMF2.step_1_1_1.run :: epoch=17  train_nll=-3628.763  val_nll=-3632.841  t=138.6s
2026-05-15 12:29:58,823 INFO CSMF2.step_1_1_1.run :: [h_std] total=0.06762 batch=0.00000 (no penalty)
2026-05-15 12:29:58,823 INFO CSMF2.step_1_1_1.run :: [lat_epoch] mean_l2=0.01470 std_l2=0.02053 (no penalty)
2026-05-15 12:29:58,823 INFO CSMF2.step_1_1_1.run :: [grad] cond=16.1500 film_gain=0.0000
2026-05-15 12:30:17,328 INFO CSMF2.step_1_1_1.run :: [h] epoch=18 step=50 total=0.06754 batch=0.00000
2026-05-15 12:30:17,329 INFO CSMF2.step_1_1_1.run :: [lat] epoch=18 step=50 mean_l2=0.01451 std_l2=0.01974
2026-05-15 12:30:17,555 INFO CSMF2.step_1_1_1.run :: epoch=18 step=50/429 train_nll=-3636.508
2026-05-15 12:30:33,293 INFO CSMF2.step_1_1_1.run :: [h] epoch=18 step=100 total=0.06739 batch=0.00000
2026-05-15 12:30:33,293 INFO CSMF2.step_1_1_1.run :: [lat] epoch=18 step=100 mean_l2=0.01326 std_l2=0.01801
2026-05-15 12:30:33,477 INFO CSMF2.step_1_1_1.run :: epoch=18 step=100/429 train_nll=-3635.893
2026-05-15 12:30:49,417 INFO CSMF2.step_1_1_1.run :: [h] epoch=18 step=150 total=0.06776 batch=0.00000
2026-05-15 12:30:49,417 INFO CSMF2.step_1_1_1.run :: [lat] epoch=18 step=150 mean_l2=0.01541 std_l2=0.01975
2026-05-15 12:30:49,601 INFO CSMF2.step_1_1_1.run :: epoch=18 step=150/429 train_nll=-3635.153
2026-05-15 12:31:05,178 INFO CSMF2.step_1_1_1.run :: [h] epoch=18 step=200 total=0.06745 batch=0.00000
2026-05-15 12:31:05,178 INFO CSMF2.step_1_1_1.run :: [lat] epoch=18 step=200 mean_l2=0.01424 std_l2=0.02203
2026-05-15 12:31:05,365 INFO CSMF2.step_1_1_1.run :: epoch=18 step=200/429 train_nll=-3635.306
2026-05-15 12:31:21,551 INFO CSMF2.step_1_1_1.run :: [h] epoch=18 step=250 total=0.06751 batch=0.00000
2026-05-15 12:31:21,551 INFO CSMF2.step_1_1_1.run :: [lat] epoch=18 step=250 mean_l2=0.01420 std_l2=0.01993
2026-05-15 12:31:21,736 INFO CSMF2.step_1_1_1.run :: epoch=18 step=250/429 train_nll=-3635.813
2026-05-15 12:31:37,568 INFO CSMF2.step_1_1_1.run :: [h] epoch=18 step=300 total=0.06747 batch=0.00000
2026-05-15 12:31:37,569 INFO CSMF2.step_1_1_1.run :: [lat] epoch=18 step=300 mean_l2=0.01431 std_l2=0.01852
2026-05-15 12:31:37,755 INFO CSMF2.step_1_1_1.run :: epoch=18 step=300/429 train_nll=-3635.978
2026-05-15 12:31:53,178 INFO CSMF2.step_1_1_1.run :: [h] epoch=18 step=350 total=0.06719 batch=0.00000
2026-05-15 12:31:53,178 INFO CSMF2.step_1_1_1.run :: [lat] epoch=18 step=350 mean_l2=0.01751 std_l2=0.02565
2026-05-15 12:31:53,363 INFO CSMF2.step_1_1_1.run :: epoch=18 step=350/429 train_nll=-3633.726
2026-05-15 12:32:09,385 INFO CSMF2.step_1_1_1.run :: [h] epoch=18 step=400 total=0.06614 batch=0.00000
2026-05-15 12:32:09,386 INFO CSMF2.step_1_1_1.run :: [lat] epoch=18 step=400 mean_l2=0.02936 std_l2=0.02122
2026-05-15 12:32:09,617 INFO CSMF2.step_1_1_1.run :: epoch=18 step=400/429 train_nll=-3631.219
2026-05-15 12:32:23,596 INFO CSMF2.step_1_1_1.run :: epoch=18  train_nll=-3629.201  val_nll=-3566.809  t=141.7s
2026-05-15 12:32:23,596 INFO CSMF2.step_1_1_1.run :: [h_std] total=0.06732 batch=0.00000 (no penalty)
2026-05-15 12:32:23,596 INFO CSMF2.step_1_1_1.run :: [lat_epoch] mean_l2=0.01725 std_l2=0.02109 (no penalty)
2026-05-15 12:32:23,596 INFO CSMF2.step_1_1_1.run :: [grad] cond=8.6250 film_gain=0.0000
2026-05-15 12:32:42,494 INFO CSMF2.step_1_1_1.run :: [h] epoch=19 step=50 total=0.06670 batch=0.00000
2026-05-15 12:32:42,495 INFO CSMF2.step_1_1_1.run :: [lat] epoch=19 step=50 mean_l2=0.03624 std_l2=0.02474
2026-05-15 12:32:42,729 INFO CSMF2.step_1_1_1.run :: epoch=19 step=50/429 train_nll=-3582.535
2026-05-15 12:32:58,460 INFO CSMF2.step_1_1_1.run :: [h] epoch=19 step=100 total=0.06608 batch=0.00000
2026-05-15 12:32:58,461 INFO CSMF2.step_1_1_1.run :: [lat] epoch=19 step=100 mean_l2=0.01374 std_l2=0.02238
2026-05-15 12:32:58,695 INFO CSMF2.step_1_1_1.run :: epoch=19 step=100/429 train_nll=-3587.865
2026-05-15 12:33:14,528 INFO CSMF2.step_1_1_1.run :: [h] epoch=19 step=150 total=0.06634 batch=0.00000
2026-05-15 12:33:14,529 INFO CSMF2.step_1_1_1.run :: [lat] epoch=19 step=150 mean_l2=0.01117 std_l2=0.02014
2026-05-15 12:33:14,712 INFO CSMF2.step_1_1_1.run :: epoch=19 step=150/429 train_nll=-3600.203
2026-05-15 12:33:30,686 INFO CSMF2.step_1_1_1.run :: [h] epoch=19 step=200 total=0.06634 batch=0.00000
2026-05-15 12:33:30,686 INFO CSMF2.step_1_1_1.run :: [lat] epoch=19 step=200 mean_l2=0.01021 std_l2=0.01981
2026-05-15 12:33:30,867 INFO CSMF2.step_1_1_1.run :: epoch=19 step=200/429 train_nll=-3609.162
2026-05-15 12:33:46,592 INFO CSMF2.step_1_1_1.run :: [h] epoch=19 step=250 total=0.06640 batch=0.00000
2026-05-15 12:33:46,593 INFO CSMF2.step_1_1_1.run :: [lat] epoch=19 step=250 mean_l2=0.01168 std_l2=0.02135
2026-05-15 12:33:46,826 INFO CSMF2.step_1_1_1.run :: epoch=19 step=250/429 train_nll=-3615.046
2026-05-15 12:34:02,526 INFO CSMF2.step_1_1_1.run :: [h] epoch=19 step=300 total=0.06646 batch=0.00000
2026-05-15 12:34:02,526 INFO CSMF2.step_1_1_1.run :: [lat] epoch=19 step=300 mean_l2=0.01303 std_l2=0.01675
2026-05-15 12:34:02,760 INFO CSMF2.step_1_1_1.run :: epoch=19 step=300/429 train_nll=-3619.141
2026-05-15 12:34:18,428 INFO CSMF2.step_1_1_1.run :: [h] epoch=19 step=350 total=0.06647 batch=0.00000
2026-05-15 12:34:18,429 INFO CSMF2.step_1_1_1.run :: [lat] epoch=19 step=350 mean_l2=0.01221 std_l2=0.02126
2026-05-15 12:34:18,610 INFO CSMF2.step_1_1_1.run :: epoch=19 step=350/429 train_nll=-3622.224
2026-05-15 12:34:34,237 INFO CSMF2.step_1_1_1.run :: [h] epoch=19 step=400 total=0.06625 batch=0.00000
2026-05-15 12:34:34,238 INFO CSMF2.step_1_1_1.run :: [lat] epoch=19 step=400 mean_l2=0.02093 std_l2=0.02262
2026-05-15 12:34:34,420 INFO CSMF2.step_1_1_1.run :: epoch=19 step=400/429 train_nll=-3624.689
2026-05-15 12:34:48,247 INFO CSMF2.step_1_1_1.run :: epoch=19  train_nll=-3623.804  val_nll=-3563.935  t=141.7s
2026-05-15 12:34:48,247 INFO CSMF2.step_1_1_1.run :: [h_std] total=0.06640 batch=0.00000 (no penalty)
2026-05-15 12:34:48,247 INFO CSMF2.step_1_1_1.run :: [lat_epoch] mean_l2=0.01771 std_l2=0.02162 (no penalty)
2026-05-15 12:34:48,247 INFO CSMF2.step_1_1_1.run :: [grad] cond=57.7529 film_gain=0.0000
2026-05-15 12:35:06,789 INFO CSMF2.step_1_1_1.run :: [h] epoch=20 step=50 total=0.06562 batch=0.00000
2026-05-15 12:35:06,790 INFO CSMF2.step_1_1_1.run :: [lat] epoch=20 step=50 mean_l2=0.02814 std_l2=0.02665
2026-05-15 12:35:06,972 INFO CSMF2.step_1_1_1.run :: epoch=20 step=50/429 train_nll=-3597.694
2026-05-15 12:35:22,354 INFO CSMF2.step_1_1_1.run :: [h] epoch=20 step=100 total=0.06580 batch=0.00000
2026-05-15 12:35:22,354 INFO CSMF2.step_1_1_1.run :: [lat] epoch=20 step=100 mean_l2=0.01395 std_l2=0.01908
2026-05-15 12:35:22,541 INFO CSMF2.step_1_1_1.run :: epoch=20 step=100/429 train_nll=-3606.672
2026-05-15 12:35:37,756 INFO CSMF2.step_1_1_1.run :: [h] epoch=20 step=150 total=0.06580 batch=0.00000
2026-05-15 12:35:37,757 INFO CSMF2.step_1_1_1.run :: [lat] epoch=20 step=150 mean_l2=0.01239 std_l2=0.02030
2026-05-15 12:35:37,938 INFO CSMF2.step_1_1_1.run :: epoch=20 step=150/429 train_nll=-3615.361
2026-05-15 12:35:53,235 INFO CSMF2.step_1_1_1.run :: [h] epoch=20 step=200 total=0.06579 batch=0.00000
2026-05-15 12:35:53,235 INFO CSMF2.step_1_1_1.run :: [lat] epoch=20 step=200 mean_l2=0.01294 std_l2=0.02054
2026-05-15 12:35:53,419 INFO CSMF2.step_1_1_1.run :: epoch=20 step=200/429 train_nll=-3621.520
2026-05-15 12:36:09,271 INFO CSMF2.step_1_1_1.run :: [h] epoch=20 step=250 total=0.06590 batch=0.00000
2026-05-15 12:36:09,271 INFO CSMF2.step_1_1_1.run :: [lat] epoch=20 step=250 mean_l2=0.01215 std_l2=0.01708
2026-05-15 12:36:09,456 INFO CSMF2.step_1_1_1.run :: epoch=20 step=250/429 train_nll=-3625.578
2026-05-15 12:36:25,206 INFO CSMF2.step_1_1_1.run :: [h] epoch=20 step=300 total=0.06667 batch=0.00000
2026-05-15 12:36:25,206 INFO CSMF2.step_1_1_1.run :: [lat] epoch=20 step=300 mean_l2=0.03448 std_l2=0.03777
2026-05-15 12:36:25,391 INFO CSMF2.step_1_1_1.run :: epoch=20 step=300/429 train_nll=-3626.863
2026-05-15 12:36:41,215 INFO CSMF2.step_1_1_1.run :: [h] epoch=20 step=350 total=0.06572 batch=0.00000
2026-05-15 12:36:41,216 INFO CSMF2.step_1_1_1.run :: [lat] epoch=20 step=350 mean_l2=0.01319 std_l2=0.02033
2026-05-15 12:36:41,455 INFO CSMF2.step_1_1_1.run :: epoch=20 step=350/429 train_nll=-3624.652
2026-05-15 12:36:57,221 INFO CSMF2.step_1_1_1.run :: [h] epoch=20 step=400 total=0.06557 batch=0.00000
2026-05-15 12:36:57,222 INFO CSMF2.step_1_1_1.run :: [lat] epoch=20 step=400 mean_l2=0.01149 std_l2=0.01899
2026-05-15 12:36:57,407 INFO CSMF2.step_1_1_1.run :: epoch=20 step=400/429 train_nll=-3626.792
2026-05-15 12:37:11,089 INFO CSMF2.step_1_1_1.run :: epoch=20  train_nll=-3627.897  val_nll=-3637.616  t=139.7s
2026-05-15 12:37:11,089 INFO CSMF2.step_1_1_1.run :: [h_std] total=0.06577 batch=0.00000 (no penalty)
2026-05-15 12:37:11,089 INFO CSMF2.step_1_1_1.run :: [lat_epoch] mean_l2=0.01763 std_l2=0.02164 (no penalty)
2026-05-15 12:37:11,089 INFO CSMF2.step_1_1_1.run :: [grad] cond=41.3812 film_gain=0.0000
2026-05-15 12:37:30,012 INFO CSMF2.step_1_1_1.run :: [h] epoch=21 step=50 total=0.06563 batch=0.00000
2026-05-15 12:37:30,012 INFO CSMF2.step_1_1_1.run :: [lat] epoch=21 step=50 mean_l2=0.01444 std_l2=0.01702
2026-05-15 12:37:30,201 INFO CSMF2.step_1_1_1.run :: epoch=21 step=50/429 train_nll=-3643.591
2026-05-15 12:37:45,904 INFO CSMF2.step_1_1_1.run :: [h] epoch=21 step=100 total=0.06562 batch=0.00000
2026-05-15 12:37:45,905 INFO CSMF2.step_1_1_1.run :: [lat] epoch=21 step=100 mean_l2=0.01316 std_l2=0.02152
2026-05-15 12:37:46,092 INFO CSMF2.step_1_1_1.run :: epoch=21 step=100/429 train_nll=-3642.876
2026-05-15 12:38:02,051 INFO CSMF2.step_1_1_1.run :: [h] epoch=21 step=150 total=0.06615 batch=0.00000
2026-05-15 12:38:02,051 INFO CSMF2.step_1_1_1.run :: [lat] epoch=21 step=150 mean_l2=0.02663 std_l2=0.02584
2026-05-15 12:38:02,240 INFO CSMF2.step_1_1_1.run :: epoch=21 step=150/429 train_nll=-3640.294
2026-05-15 12:38:18,584 INFO CSMF2.step_1_1_1.run :: [h] epoch=21 step=200 total=0.06548 batch=0.00000
2026-05-15 12:38:18,585 INFO CSMF2.step_1_1_1.run :: [lat] epoch=21 step=200 mean_l2=0.01438 std_l2=0.01797
2026-05-15 12:38:18,823 INFO CSMF2.step_1_1_1.run :: epoch=21 step=200/429 train_nll=-3638.993
2026-05-15 12:38:34,695 INFO CSMF2.step_1_1_1.run :: [h] epoch=21 step=250 total=0.06562 batch=0.00000
2026-05-15 12:38:34,695 INFO CSMF2.step_1_1_1.run :: [lat] epoch=21 step=250 mean_l2=0.01267 std_l2=0.02098
2026-05-15 12:38:34,887 INFO CSMF2.step_1_1_1.run :: epoch=21 step=250/429 train_nll=-3639.983
2026-05-15 12:38:51,120 INFO CSMF2.step_1_1_1.run :: [h] epoch=21 step=300 total=0.06561 batch=0.00000
2026-05-15 12:38:51,121 INFO CSMF2.step_1_1_1.run :: [lat] epoch=21 step=300 mean_l2=0.01394 std_l2=0.01745
2026-05-15 12:38:51,313 INFO CSMF2.step_1_1_1.run :: epoch=21 step=300/429 train_nll=-3640.722
2026-05-15 12:39:07,414 INFO CSMF2.step_1_1_1.run :: [h] epoch=21 step=350 total=0.06544 batch=0.00000
2026-05-15 12:39:07,415 INFO CSMF2.step_1_1_1.run :: [lat] epoch=21 step=350 mean_l2=0.01516 std_l2=0.02017
2026-05-15 12:39:07,603 INFO CSMF2.step_1_1_1.run :: epoch=21 step=350/429 train_nll=-3641.223
2026-05-15 12:39:23,949 INFO CSMF2.step_1_1_1.run :: [h] epoch=21 step=400 total=0.06552 batch=0.00000
2026-05-15 12:39:23,950 INFO CSMF2.step_1_1_1.run :: [lat] epoch=21 step=400 mean_l2=0.01285 std_l2=0.02198
2026-05-15 12:39:24,142 INFO CSMF2.step_1_1_1.run :: epoch=21 step=400/429 train_nll=-3641.936
2026-05-15 12:39:37,949 INFO CSMF2.step_1_1_1.run :: epoch=21  train_nll=-3642.230  val_nll=-3640.796  t=143.8s
2026-05-15 12:39:37,949 INFO CSMF2.step_1_1_1.run :: [h_std] total=0.06555 batch=0.00000 (no penalty)
2026-05-15 12:39:37,949 INFO CSMF2.step_1_1_1.run :: [lat_epoch] mean_l2=0.01398 std_l2=0.01974 (no penalty)
2026-05-15 12:39:37,949 INFO CSMF2.step_1_1_1.run :: [grad] cond=32.2300 film_gain=0.0000
2026-05-15 12:39:56,800 INFO CSMF2.step_1_1_1.run :: [h] epoch=22 step=50 total=0.06536 batch=0.00000
2026-05-15 12:39:56,801 INFO CSMF2.step_1_1_1.run :: [lat] epoch=22 step=50 mean_l2=0.01416 std_l2=0.01991
2026-05-15 12:39:57,041 INFO CSMF2.step_1_1_1.run :: epoch=22 step=50/429 train_nll=-3645.371
2026-05-15 12:40:13,286 INFO CSMF2.step_1_1_1.run :: [h] epoch=22 step=100 total=0.06418 batch=0.00000
2026-05-15 12:40:13,287 INFO CSMF2.step_1_1_1.run :: [lat] epoch=22 step=100 mean_l2=0.02049 std_l2=0.02586
2026-05-15 12:40:13,525 INFO CSMF2.step_1_1_1.run :: epoch=22 step=100/429 train_nll=-3628.705
2026-05-15 12:40:29,405 INFO CSMF2.step_1_1_1.run :: [h] epoch=22 step=150 total=0.06430 batch=0.00000
2026-05-15 12:40:29,406 INFO CSMF2.step_1_1_1.run :: [lat] epoch=22 step=150 mean_l2=0.02312 std_l2=0.02625
2026-05-15 12:40:29,595 INFO CSMF2.step_1_1_1.run :: epoch=22 step=150/429 train_nll=-3621.159
2026-05-15 12:40:45,408 INFO CSMF2.step_1_1_1.run :: [h] epoch=22 step=200 total=0.06337 batch=0.00000
2026-05-15 12:40:45,409 INFO CSMF2.step_1_1_1.run :: [lat] epoch=22 step=200 mean_l2=0.01383 std_l2=0.02240
2026-05-15 12:40:45,596 INFO CSMF2.step_1_1_1.run :: epoch=22 step=200/429 train_nll=-3617.869
2026-05-15 12:41:01,463 INFO CSMF2.step_1_1_1.run :: [h] epoch=22 step=250 total=0.06460 batch=0.00000
2026-05-15 12:41:01,463 INFO CSMF2.step_1_1_1.run :: [lat] epoch=22 step=250 mean_l2=0.02447 std_l2=0.02212
2026-05-15 12:41:01,699 INFO CSMF2.step_1_1_1.run :: epoch=22 step=250/429 train_nll=-3617.227
2026-05-15 12:41:17,727 INFO CSMF2.step_1_1_1.run :: [h] epoch=22 step=300 total=0.06366 batch=0.00000
2026-05-15 12:41:17,727 INFO CSMF2.step_1_1_1.run :: [lat] epoch=22 step=300 mean_l2=0.05173 std_l2=0.03117
2026-05-15 12:41:17,912 INFO CSMF2.step_1_1_1.run :: epoch=22 step=300/429 train_nll=-3612.913
2026-05-15 12:41:33,671 INFO CSMF2.step_1_1_1.run :: [h] epoch=22 step=350 total=0.06302 batch=0.00000
2026-05-15 12:41:33,672 INFO CSMF2.step_1_1_1.run :: [lat] epoch=22 step=350 mean_l2=0.09579 std_l2=0.02828
2026-05-15 12:41:33,906 INFO CSMF2.step_1_1_1.run :: epoch=22 step=350/429 train_nll=-3607.247
2026-05-15 12:41:49,761 INFO CSMF2.step_1_1_1.run :: [h] epoch=22 step=400 total=0.06238 batch=0.00000
2026-05-15 12:41:49,762 INFO CSMF2.step_1_1_1.run :: [lat] epoch=22 step=400 mean_l2=0.02330 std_l2=0.02747
2026-05-15 12:41:49,994 INFO CSMF2.step_1_1_1.run :: epoch=22 step=400/429 train_nll=-3604.442
2026-05-15 12:42:03,923 INFO CSMF2.step_1_1_1.run :: epoch=22  train_nll=-3605.129  val_nll=-3623.157  t=143.0s
2026-05-15 12:42:03,923 INFO CSMF2.step_1_1_1.run :: [h_std] total=0.06390 batch=0.00000 (no penalty)
2026-05-15 12:42:03,923 INFO CSMF2.step_1_1_1.run :: [lat_epoch] mean_l2=0.02819 std_l2=0.02519 (no penalty)
2026-05-15 12:42:03,923 INFO CSMF2.step_1_1_1.run :: [grad] cond=28.4929 film_gain=0.0000
2026-05-15 12:42:23,313 INFO CSMF2.step_1_1_1.run :: [h] epoch=23 step=50 total=0.06223 batch=0.00000
2026-05-15 12:42:23,313 INFO CSMF2.step_1_1_1.run :: [lat] epoch=23 step=50 mean_l2=0.01627 std_l2=0.02076
2026-05-15 12:42:23,496 INFO CSMF2.step_1_1_1.run :: epoch=23 step=50/429 train_nll=-3632.548
2026-05-15 12:42:39,042 INFO CSMF2.step_1_1_1.run :: [h] epoch=23 step=100 total=0.06231 batch=0.00000
2026-05-15 12:42:39,042 INFO CSMF2.step_1_1_1.run :: [lat] epoch=23 step=100 mean_l2=0.01237 std_l2=0.02094
2026-05-15 12:42:39,224 INFO CSMF2.step_1_1_1.run :: epoch=23 step=100/429 train_nll=-3634.452
2026-05-15 12:42:55,123 INFO CSMF2.step_1_1_1.run :: [h] epoch=23 step=150 total=0.06272 batch=0.00000
2026-05-15 12:42:55,124 INFO CSMF2.step_1_1_1.run :: [lat] epoch=23 step=150 mean_l2=0.01496 std_l2=0.01851
2026-05-15 12:42:55,353 INFO CSMF2.step_1_1_1.run :: epoch=23 step=150/429 train_nll=-3630.965
2026-05-15 12:43:10,979 INFO CSMF2.step_1_1_1.run :: [h] epoch=23 step=200 total=0.06200 batch=0.00000
2026-05-15 12:43:10,979 INFO CSMF2.step_1_1_1.run :: [lat] epoch=23 step=200 mean_l2=0.02724 std_l2=0.02699
2026-05-15 12:43:11,157 INFO CSMF2.step_1_1_1.run :: epoch=23 step=200/429 train_nll=-3619.925
2026-05-15 12:43:26,881 INFO CSMF2.step_1_1_1.run :: [h] epoch=23 step=250 total=0.06191 batch=0.00000
2026-05-15 12:43:26,882 INFO CSMF2.step_1_1_1.run :: [lat] epoch=23 step=250 mean_l2=0.02138 std_l2=0.02036
2026-05-15 12:43:27,061 INFO CSMF2.step_1_1_1.run :: epoch=23 step=250/429 train_nll=-3615.767
2026-05-15 12:43:42,659 INFO CSMF2.step_1_1_1.run :: [h] epoch=23 step=300 total=0.06192 batch=0.00000
2026-05-15 12:43:42,659 INFO CSMF2.step_1_1_1.run :: [lat] epoch=23 step=300 mean_l2=0.01612 std_l2=0.02020
2026-05-15 12:43:42,844 INFO CSMF2.step_1_1_1.run :: epoch=23 step=300/429 train_nll=-3616.168
2026-05-15 12:43:58,346 INFO CSMF2.step_1_1_1.run :: [h] epoch=23 step=350 total=0.06191 batch=0.00000
2026-05-15 12:43:58,347 INFO CSMF2.step_1_1_1.run :: [lat] epoch=23 step=350 mean_l2=0.01470 std_l2=0.02132
2026-05-15 12:43:58,529 INFO CSMF2.step_1_1_1.run :: epoch=23 step=350/429 train_nll=-3618.925
2026-05-15 12:44:14,009 INFO CSMF2.step_1_1_1.run :: [h] epoch=23 step=400 total=0.06191 batch=0.00000
2026-05-15 12:44:14,009 INFO CSMF2.step_1_1_1.run :: [lat] epoch=23 step=400 mean_l2=0.01218 std_l2=0.02001
2026-05-15 12:44:14,188 INFO CSMF2.step_1_1_1.run :: epoch=23 step=400/429 train_nll=-3621.906
2026-05-15 12:44:28,067 INFO CSMF2.step_1_1_1.run :: epoch=23  train_nll=-3623.512  val_nll=-3641.483  t=140.8s
2026-05-15 12:44:28,067 INFO CSMF2.step_1_1_1.run :: [h_std] total=0.06215 batch=0.00000 (no penalty)
2026-05-15 12:44:28,067 INFO CSMF2.step_1_1_1.run :: [lat_epoch] mean_l2=0.01923 std_l2=0.02182 (no penalty)
2026-05-15 12:44:28,067 INFO CSMF2.step_1_1_1.run :: [grad] cond=25.8968 film_gain=0.0000
2026-05-15 12:44:46,512 INFO CSMF2.step_1_1_1.run :: [h] epoch=24 step=50 total=0.06198 batch=0.00000
2026-05-15 12:44:46,512 INFO CSMF2.step_1_1_1.run :: [lat] epoch=24 step=50 mean_l2=0.01138 std_l2=0.01746
2026-05-15 12:44:46,692 INFO CSMF2.step_1_1_1.run :: epoch=24 step=50/429 train_nll=-3647.286
2026-05-15 12:45:02,368 INFO CSMF2.step_1_1_1.run :: [h] epoch=24 step=100 total=0.06225 batch=0.00000
2026-05-15 12:45:02,369 INFO CSMF2.step_1_1_1.run :: [lat] epoch=24 step=100 mean_l2=0.01303 std_l2=0.01878
2026-05-15 12:45:02,550 INFO CSMF2.step_1_1_1.run :: epoch=24 step=100/429 train_nll=-3647.379
2026-05-15 12:45:18,049 INFO CSMF2.step_1_1_1.run :: [h] epoch=24 step=150 total=0.06220 batch=0.00000
2026-05-15 12:45:18,050 INFO CSMF2.step_1_1_1.run :: [lat] epoch=24 step=150 mean_l2=0.01247 std_l2=0.02102
2026-05-15 12:45:18,279 INFO CSMF2.step_1_1_1.run :: epoch=24 step=150/429 train_nll=-3646.552
2026-05-15 12:45:34,058 INFO CSMF2.step_1_1_1.run :: [h] epoch=24 step=200 total=0.06214 batch=0.00000
2026-05-15 12:45:34,058 INFO CSMF2.step_1_1_1.run :: [lat] epoch=24 step=200 mean_l2=0.03764 std_l2=0.02925
2026-05-15 12:45:34,242 INFO CSMF2.step_1_1_1.run :: epoch=24 step=200/429 train_nll=-3640.119
2026-05-15 12:45:50,027 INFO CSMF2.step_1_1_1.run :: [h] epoch=24 step=250 total=0.06112 batch=0.00000
2026-05-15 12:45:50,027 INFO CSMF2.step_1_1_1.run :: [lat] epoch=24 step=250 mean_l2=0.01377 std_l2=0.02073
2026-05-15 12:45:50,211 INFO CSMF2.step_1_1_1.run :: epoch=24 step=250/429 train_nll=-3637.646
2026-05-15 12:46:05,945 INFO CSMF2.step_1_1_1.run :: [h] epoch=24 step=300 total=0.06152 batch=0.00000
2026-05-15 12:46:05,946 INFO CSMF2.step_1_1_1.run :: [lat] epoch=24 step=300 mean_l2=0.01483 std_l2=0.01728
2026-05-15 12:46:06,131 INFO CSMF2.step_1_1_1.run :: epoch=24 step=300/429 train_nll=-3638.613
2026-05-15 12:46:21,543 INFO CSMF2.step_1_1_1.run :: [h] epoch=24 step=350 total=0.06096 batch=0.00000
2026-05-15 12:46:21,544 INFO CSMF2.step_1_1_1.run :: [lat] epoch=24 step=350 mean_l2=0.05484 std_l2=0.02325
2026-05-15 12:46:21,774 INFO CSMF2.step_1_1_1.run :: epoch=24 step=350/429 train_nll=-3636.059
2026-05-15 12:46:37,269 INFO CSMF2.step_1_1_1.run :: [h] epoch=24 step=400 total=0.06078 batch=0.00000
2026-05-15 12:46:37,269 INFO CSMF2.step_1_1_1.run :: [lat] epoch=24 step=400 mean_l2=0.01682 std_l2=0.01801
2026-05-15 12:46:37,458 INFO CSMF2.step_1_1_1.run :: epoch=24 step=400/429 train_nll=-3632.112
2026-05-15 12:46:51,500 INFO CSMF2.step_1_1_1.run :: epoch=24  train_nll=-3632.419  val_nll=-3632.480  t=140.4s
2026-05-15 12:46:51,500 INFO CSMF2.step_1_1_1.run :: [h_std] total=0.06167 batch=0.00000 (no penalty)
2026-05-15 12:46:51,500 INFO CSMF2.step_1_1_1.run :: [lat_epoch] mean_l2=0.01775 std_l2=0.02152 (no penalty)
2026-05-15 12:46:51,500 INFO CSMF2.step_1_1_1.run :: [grad] cond=21.5660 film_gain=0.0000
2026-05-15 12:47:10,633 INFO CSMF2.step_1_1_1.run :: [h] epoch=25 step=50 total=0.06116 batch=0.00000
2026-05-15 12:47:10,633 INFO CSMF2.step_1_1_1.run :: [lat] epoch=25 step=50 mean_l2=0.02424 std_l2=0.02124
2026-05-15 12:47:10,819 INFO CSMF2.step_1_1_1.run :: epoch=25 step=50/429 train_nll=-3624.371
2026-05-15 12:47:26,451 INFO CSMF2.step_1_1_1.run :: [h] epoch=25 step=100 total=0.06101 batch=0.00000
2026-05-15 12:47:26,452 INFO CSMF2.step_1_1_1.run :: [lat] epoch=25 step=100 mean_l2=0.01192 std_l2=0.01812
2026-05-15 12:47:26,637 INFO CSMF2.step_1_1_1.run :: epoch=25 step=100/429 train_nll=-3629.767
2026-05-15 12:47:42,390 INFO CSMF2.step_1_1_1.run :: [h] epoch=25 step=150 total=0.06114 batch=0.00000
2026-05-15 12:47:42,391 INFO CSMF2.step_1_1_1.run :: [lat] epoch=25 step=150 mean_l2=0.01255 std_l2=0.02057
2026-05-15 12:47:42,625 INFO CSMF2.step_1_1_1.run :: epoch=25 step=150/429 train_nll=-3633.993
2026-05-15 12:47:58,647 INFO CSMF2.step_1_1_1.run :: [h] epoch=25 step=200 total=0.06102 batch=0.00000
2026-05-15 12:47:58,647 INFO CSMF2.step_1_1_1.run :: [lat] epoch=25 step=200 mean_l2=0.01317 std_l2=0.01842
2026-05-15 12:47:58,840 INFO CSMF2.step_1_1_1.run :: epoch=25 step=200/429 train_nll=-3637.781
2026-05-15 12:48:14,936 INFO CSMF2.step_1_1_1.run :: [h] epoch=25 step=250 total=0.06132 batch=0.00000
2026-05-15 12:48:14,937 INFO CSMF2.step_1_1_1.run :: [lat] epoch=25 step=250 mean_l2=0.01275 std_l2=0.01902
2026-05-15 12:48:15,127 INFO CSMF2.step_1_1_1.run :: epoch=25 step=250/429 train_nll=-3640.268
2026-05-15 12:48:30,898 INFO CSMF2.step_1_1_1.run :: [h] epoch=25 step=300 total=0.06124 batch=0.00000
2026-05-15 12:48:30,899 INFO CSMF2.step_1_1_1.run :: [lat] epoch=25 step=300 mean_l2=0.01312 std_l2=0.01775
2026-05-15 12:48:31,086 INFO CSMF2.step_1_1_1.run :: epoch=25 step=300/429 train_nll=-3641.873
2026-05-15 12:48:47,137 INFO CSMF2.step_1_1_1.run :: [h] epoch=25 step=350 total=0.06102 batch=0.00000
2026-05-15 12:48:47,137 INFO CSMF2.step_1_1_1.run :: [lat] epoch=25 step=350 mean_l2=0.01570 std_l2=0.02117
2026-05-15 12:48:47,374 INFO CSMF2.step_1_1_1.run :: epoch=25 step=350/429 train_nll=-3643.030
2026-05-15 12:49:03,474 INFO CSMF2.step_1_1_1.run :: [h] epoch=25 step=400 total=0.06114 batch=0.00000
2026-05-15 12:49:03,475 INFO CSMF2.step_1_1_1.run :: [lat] epoch=25 step=400 mean_l2=0.01552 std_l2=0.01984
2026-05-15 12:49:03,713 INFO CSMF2.step_1_1_1.run :: epoch=25 step=400/429 train_nll=-3643.546
2026-05-15 12:49:18,148 INFO CSMF2.step_1_1_1.run :: epoch=25  train_nll=-3643.831  val_nll=-3641.796  t=143.4s
2026-05-15 12:49:18,148 INFO CSMF2.step_1_1_1.run :: [h_std] total=0.06106 batch=0.00000 (no penalty)
2026-05-15 12:49:18,148 INFO CSMF2.step_1_1_1.run :: [lat_epoch] mean_l2=0.01438 std_l2=0.01993 (no penalty)
2026-05-15 12:49:18,148 INFO CSMF2.step_1_1_1.run :: [grad] cond=26.6531 film_gain=0.0000
2026-05-15 12:49:36,680 INFO CSMF2.step_1_1_1.run :: [h] epoch=26 step=50 total=0.06092 batch=0.00000
2026-05-15 12:49:36,681 INFO CSMF2.step_1_1_1.run :: [lat] epoch=26 step=50 mean_l2=0.01443 std_l2=0.01690
2026-05-15 12:49:36,869 INFO CSMF2.step_1_1_1.run :: epoch=26 step=50/429 train_nll=-3649.855
2026-05-15 12:49:52,766 INFO CSMF2.step_1_1_1.run :: [h] epoch=26 step=100 total=0.06077 batch=0.00000
2026-05-15 12:49:52,767 INFO CSMF2.step_1_1_1.run :: [lat] epoch=26 step=100 mean_l2=0.01527 std_l2=0.01774
2026-05-15 12:49:52,954 INFO CSMF2.step_1_1_1.run :: epoch=26 step=100/429 train_nll=-3648.821
2026-05-15 12:50:08,751 INFO CSMF2.step_1_1_1.run :: [h] epoch=26 step=150 total=0.06084 batch=0.00000
2026-05-15 12:50:08,751 INFO CSMF2.step_1_1_1.run :: [lat] epoch=26 step=150 mean_l2=0.02686 std_l2=0.02624
2026-05-15 12:50:08,938 INFO CSMF2.step_1_1_1.run :: epoch=26 step=150/429 train_nll=-3646.509
2026-05-15 12:50:24,536 INFO CSMF2.step_1_1_1.run :: [h] epoch=26 step=200 total=0.06161 batch=0.00000
2026-05-15 12:50:24,537 INFO CSMF2.step_1_1_1.run :: [lat] epoch=26 step=200 mean_l2=0.03598 std_l2=0.03662
2026-05-15 12:50:24,723 INFO CSMF2.step_1_1_1.run :: epoch=26 step=200/429 train_nll=-3636.766
2026-05-15 12:50:40,710 INFO CSMF2.step_1_1_1.run :: [h] epoch=26 step=250 total=0.05992 batch=0.00000
2026-05-15 12:50:40,710 INFO CSMF2.step_1_1_1.run :: [lat] epoch=26 step=250 mean_l2=0.01937 std_l2=0.01918
2026-05-15 12:50:40,899 INFO CSMF2.step_1_1_1.run :: epoch=26 step=250/429 train_nll=-3630.159
2026-05-15 12:50:56,532 INFO CSMF2.step_1_1_1.run :: [h] epoch=26 step=300 total=0.05997 batch=0.00000
2026-05-15 12:50:56,533 INFO CSMF2.step_1_1_1.run :: [lat] epoch=26 step=300 mean_l2=0.01122 std_l2=0.02174
2026-05-15 12:50:56,719 INFO CSMF2.step_1_1_1.run :: epoch=26 step=300/429 train_nll=-3631.072
2026-05-15 12:51:12,612 INFO CSMF2.step_1_1_1.run :: [h] epoch=26 step=350 total=0.05997 batch=0.00000
2026-05-15 12:51:12,613 INFO CSMF2.step_1_1_1.run :: [lat] epoch=26 step=350 mean_l2=0.01370 std_l2=0.02069
2026-05-15 12:51:12,799 INFO CSMF2.step_1_1_1.run :: epoch=26 step=350/429 train_nll=-3633.225
2026-05-15 12:51:28,806 INFO CSMF2.step_1_1_1.run :: [h] epoch=26 step=400 total=0.05991 batch=0.00000
2026-05-15 12:51:28,806 INFO CSMF2.step_1_1_1.run :: [lat] epoch=26 step=400 mean_l2=0.01093 std_l2=0.01966
2026-05-15 12:51:28,994 INFO CSMF2.step_1_1_1.run :: epoch=26 step=400/429 train_nll=-3635.533
2026-05-15 12:51:43,602 INFO CSMF2.step_1_1_1.run :: epoch=26  train_nll=-3636.494  val_nll=-3643.999  t=142.4s
2026-05-15 12:51:43,602 INFO CSMF2.step_1_1_1.run :: [h_std] total=0.06043 batch=0.00000 (no penalty)
2026-05-15 12:51:43,602 INFO CSMF2.step_1_1_1.run :: [lat_epoch] mean_l2=0.01721 std_l2=0.02122 (no penalty)
2026-05-15 12:51:43,602 INFO CSMF2.step_1_1_1.run :: [grad] cond=54.7048 film_gain=0.0000
2026-05-15 12:52:02,943 INFO CSMF2.step_1_1_1.run :: [h] epoch=27 step=50 total=0.06004 batch=0.00000
2026-05-15 12:52:02,943 INFO CSMF2.step_1_1_1.run :: [lat] epoch=27 step=50 mean_l2=0.01404 std_l2=0.01812
2026-05-15 12:52:03,132 INFO CSMF2.step_1_1_1.run :: epoch=27 step=50/429 train_nll=-3650.607
2026-05-15 12:52:18,767 INFO CSMF2.step_1_1_1.run :: [h] epoch=27 step=100 total=0.06037 batch=0.00000
2026-05-15 12:52:18,767 INFO CSMF2.step_1_1_1.run :: [lat] epoch=27 step=100 mean_l2=0.02057 std_l2=0.02608
2026-05-15 12:52:18,953 INFO CSMF2.step_1_1_1.run :: epoch=27 step=100/429 train_nll=-3647.369
2026-05-15 12:52:35,179 INFO CSMF2.step_1_1_1.run :: [h] epoch=27 step=150 total=0.06026 batch=0.00000
2026-05-15 12:52:35,180 INFO CSMF2.step_1_1_1.run :: [lat] epoch=27 step=150 mean_l2=0.02334 std_l2=0.02380
2026-05-15 12:52:35,371 INFO CSMF2.step_1_1_1.run :: epoch=27 step=150/429 train_nll=-3636.374
2026-05-15 12:52:51,461 INFO CSMF2.step_1_1_1.run :: [h] epoch=27 step=200 total=0.05989 batch=0.00000
2026-05-15 12:52:51,462 INFO CSMF2.step_1_1_1.run :: [lat] epoch=27 step=200 mean_l2=0.01323 std_l2=0.02031
2026-05-15 12:52:51,648 INFO CSMF2.step_1_1_1.run :: epoch=27 step=200/429 train_nll=-3636.341
2026-05-15 12:53:07,448 INFO CSMF2.step_1_1_1.run :: [h] epoch=27 step=250 total=0.05980 batch=0.00000
2026-05-15 12:53:07,448 INFO CSMF2.step_1_1_1.run :: [lat] epoch=27 step=250 mean_l2=0.01390 std_l2=0.02012
2026-05-15 12:53:07,640 INFO CSMF2.step_1_1_1.run :: epoch=27 step=250/429 train_nll=-3638.330
2026-05-15 12:53:23,404 INFO CSMF2.step_1_1_1.run :: [h] epoch=27 step=300 total=0.06022 batch=0.00000
2026-05-15 12:53:23,405 INFO CSMF2.step_1_1_1.run :: [lat] epoch=27 step=300 mean_l2=0.01372 std_l2=0.01818
2026-05-15 12:53:23,641 INFO CSMF2.step_1_1_1.run :: epoch=27 step=300/429 train_nll=-3639.447
2026-05-15 12:53:39,778 INFO CSMF2.step_1_1_1.run :: [h] epoch=27 step=350 total=0.05985 batch=0.00000
2026-05-15 12:53:39,778 INFO CSMF2.step_1_1_1.run :: [lat] epoch=27 step=350 mean_l2=0.01420 std_l2=0.01971
2026-05-15 12:53:39,965 INFO CSMF2.step_1_1_1.run :: epoch=27 step=350/429 train_nll=-3641.031
2026-05-15 12:53:55,630 INFO CSMF2.step_1_1_1.run :: [h] epoch=27 step=400 total=0.05990 batch=0.00000
2026-05-15 12:53:55,631 INFO CSMF2.step_1_1_1.run :: [lat] epoch=27 step=400 mean_l2=0.01125 std_l2=0.01988
2026-05-15 12:53:55,865 INFO CSMF2.step_1_1_1.run :: epoch=27 step=400/429 train_nll=-3642.622
2026-05-15 12:54:10,210 INFO CSMF2.step_1_1_1.run :: epoch=27  train_nll=-3643.248  val_nll=-3647.659  t=143.5s
2026-05-15 12:54:10,210 INFO CSMF2.step_1_1_1.run :: [h_std] total=0.06000 batch=0.00000 (no penalty)
2026-05-15 12:54:10,210 INFO CSMF2.step_1_1_1.run :: [lat_epoch] mean_l2=0.01547 std_l2=0.02055 (no penalty)
2026-05-15 12:54:10,210 INFO CSMF2.step_1_1_1.run :: [grad] cond=33.5908 film_gain=0.0000
2026-05-15 12:54:28,839 INFO CSMF2.step_1_1_1.run :: [h] epoch=28 step=50 total=0.05981 batch=0.00000
2026-05-15 12:54:28,840 INFO CSMF2.step_1_1_1.run :: [lat] epoch=28 step=50 mean_l2=0.01740 std_l2=0.02273
2026-05-15 12:54:29,023 INFO CSMF2.step_1_1_1.run :: epoch=28 step=50/429 train_nll=-3644.369
2026-05-15 12:54:44,735 INFO CSMF2.step_1_1_1.run :: [h] epoch=28 step=100 total=0.05989 batch=0.00000
2026-05-15 12:54:44,736 INFO CSMF2.step_1_1_1.run :: [lat] epoch=28 step=100 mean_l2=0.02637 std_l2=0.02322
2026-05-15 12:54:44,925 INFO CSMF2.step_1_1_1.run :: epoch=28 step=100/429 train_nll=-3639.764
2026-05-15 12:55:00,625 INFO CSMF2.step_1_1_1.run :: [h] epoch=28 step=150 total=0.05941 batch=0.00000
2026-05-15 12:55:00,626 INFO CSMF2.step_1_1_1.run :: [lat] epoch=28 step=150 mean_l2=0.01583 std_l2=0.02039
2026-05-15 12:55:00,814 INFO CSMF2.step_1_1_1.run :: epoch=28 step=150/429 train_nll=-3634.059
2026-05-15 12:55:16,798 INFO CSMF2.step_1_1_1.run :: [h] epoch=28 step=200 total=0.05947 batch=0.00000
2026-05-15 12:55:16,798 INFO CSMF2.step_1_1_1.run :: [lat] epoch=28 step=200 mean_l2=0.01162 std_l2=0.01784
2026-05-15 12:55:16,985 INFO CSMF2.step_1_1_1.run :: epoch=28 step=200/429 train_nll=-3636.231
2026-05-15 12:55:32,870 INFO CSMF2.step_1_1_1.run :: [h] epoch=28 step=250 total=0.05952 batch=0.00000
2026-05-15 12:55:32,870 INFO CSMF2.step_1_1_1.run :: [lat] epoch=28 step=250 mean_l2=0.01315 std_l2=0.01915
2026-05-15 12:55:33,056 INFO CSMF2.step_1_1_1.run :: epoch=28 step=250/429 train_nll=-3639.331
2026-05-15 12:55:48,980 INFO CSMF2.step_1_1_1.run :: [h] epoch=28 step=300 total=0.05947 batch=0.00000
2026-05-15 12:55:48,980 INFO CSMF2.step_1_1_1.run :: [lat] epoch=28 step=300 mean_l2=0.01349 std_l2=0.01871
2026-05-15 12:55:49,214 INFO CSMF2.step_1_1_1.run :: epoch=28 step=300/429 train_nll=-3641.438
2026-05-15 12:56:05,066 INFO CSMF2.step_1_1_1.run :: [h] epoch=28 step=350 total=0.05948 batch=0.00000
2026-05-15 12:56:05,067 INFO CSMF2.step_1_1_1.run :: [lat] epoch=28 step=350 mean_l2=0.01305 std_l2=0.02034
2026-05-15 12:56:05,301 INFO CSMF2.step_1_1_1.run :: epoch=28 step=350/429 train_nll=-3642.779
2026-05-15 12:56:20,966 INFO CSMF2.step_1_1_1.run :: [h] epoch=28 step=400 total=0.05941 batch=0.00000
2026-05-15 12:56:20,967 INFO CSMF2.step_1_1_1.run :: [lat] epoch=28 step=400 mean_l2=0.01507 std_l2=0.01939
2026-05-15 12:56:21,156 INFO CSMF2.step_1_1_1.run :: epoch=28 step=400/429 train_nll=-3644.131
2026-05-15 12:56:34,959 INFO CSMF2.step_1_1_1.run :: epoch=28  train_nll=-3644.635  val_nll=-3646.278  t=141.7s
2026-05-15 12:56:34,959 INFO CSMF2.step_1_1_1.run :: [h_std] total=0.05961 batch=0.00000 (no penalty)
2026-05-15 12:56:34,959 INFO CSMF2.step_1_1_1.run :: [lat_epoch] mean_l2=0.01577 std_l2=0.02050 (no penalty)
2026-05-15 12:56:34,959 INFO CSMF2.step_1_1_1.run :: [grad] cond=12.9774 film_gain=0.0000
2026-05-15 12:56:53,947 INFO CSMF2.step_1_1_1.run :: [h] epoch=29 step=50 total=0.05934 batch=0.00000
2026-05-15 12:56:53,947 INFO CSMF2.step_1_1_1.run :: [lat] epoch=29 step=50 mean_l2=0.01299 std_l2=0.01916
2026-05-15 12:56:54,138 INFO CSMF2.step_1_1_1.run :: epoch=29 step=50/429 train_nll=-3651.176
2026-05-15 12:57:10,272 INFO CSMF2.step_1_1_1.run :: [h] epoch=29 step=100 total=0.05928 batch=0.00000
2026-05-15 12:57:10,273 INFO CSMF2.step_1_1_1.run :: [lat] epoch=29 step=100 mean_l2=0.01935 std_l2=0.01934
2026-05-15 12:57:10,508 INFO CSMF2.step_1_1_1.run :: epoch=29 step=100/429 train_nll=-3647.089
2026-05-15 12:57:26,382 INFO CSMF2.step_1_1_1.run :: [h] epoch=29 step=150 total=0.05870 batch=0.00000
2026-05-15 12:57:26,382 INFO CSMF2.step_1_1_1.run :: [lat] epoch=29 step=150 mean_l2=0.01850 std_l2=0.02258
2026-05-15 12:57:26,574 INFO CSMF2.step_1_1_1.run :: epoch=29 step=150/429 train_nll=-3640.042
2026-05-15 12:57:42,439 INFO CSMF2.step_1_1_1.run :: [h] epoch=29 step=200 total=0.05881 batch=0.00000
2026-05-15 12:57:42,440 INFO CSMF2.step_1_1_1.run :: [lat] epoch=29 step=200 mean_l2=0.01626 std_l2=0.02522
2026-05-15 12:57:42,631 INFO CSMF2.step_1_1_1.run :: epoch=29 step=200/429 train_nll=-3638.443
2026-05-15 12:57:58,373 INFO CSMF2.step_1_1_1.run :: [h] epoch=29 step=250 total=0.05812 batch=0.00000
2026-05-15 12:57:58,373 INFO CSMF2.step_1_1_1.run :: [lat] epoch=29 step=250 mean_l2=0.02124 std_l2=0.02068
2026-05-15 12:57:58,609 INFO CSMF2.step_1_1_1.run :: epoch=29 step=250/429 train_nll=-3637.989
2026-05-15 12:58:14,342 INFO CSMF2.step_1_1_1.run :: [h] epoch=29 step=300 total=0.05824 batch=0.00000
2026-05-15 12:58:14,343 INFO CSMF2.step_1_1_1.run :: [lat] epoch=29 step=300 mean_l2=0.01350 std_l2=0.01952
2026-05-15 12:58:14,583 INFO CSMF2.step_1_1_1.run :: epoch=29 step=300/429 train_nll=-3639.377
2026-05-15 12:58:31,125 INFO CSMF2.step_1_1_1.run :: [h] epoch=29 step=350 total=0.05820 batch=0.00000
2026-05-15 12:58:31,126 INFO CSMF2.step_1_1_1.run :: [lat] epoch=29 step=350 mean_l2=0.01843 std_l2=0.02396
2026-05-15 12:58:31,318 INFO CSMF2.step_1_1_1.run :: epoch=29 step=350/429 train_nll=-3639.152
2026-05-15 12:58:47,322 INFO CSMF2.step_1_1_1.run :: [h] epoch=29 step=400 total=0.05862 batch=0.00000
2026-05-15 12:58:47,323 INFO CSMF2.step_1_1_1.run :: [lat] epoch=29 step=400 mean_l2=0.01949 std_l2=0.02049
2026-05-15 12:58:47,514 INFO CSMF2.step_1_1_1.run :: epoch=29 step=400/429 train_nll=-3639.300
2026-05-15 12:59:01,820 INFO CSMF2.step_1_1_1.run :: epoch=29  train_nll=-3639.009  val_nll=-3632.805  t=143.9s
2026-05-15 12:59:01,820 INFO CSMF2.step_1_1_1.run :: [h_std] total=0.05875 batch=0.00000 (no penalty)
2026-05-15 12:59:01,820 INFO CSMF2.step_1_1_1.run :: [lat_epoch] mean_l2=0.01777 std_l2=0.02134 (no penalty)
2026-05-15 12:59:01,820 INFO CSMF2.step_1_1_1.run :: [grad] cond=12.0388 film_gain=0.0000
2026-05-15 12:59:04,891 WARNING CSMF2.step_1_1_1.run :: [exit_gate] fwd_rel=0.892 > target 0.500 (informational; no resume baseline available)
2026-05-15 12:59:14,200 INFO CSMF2.step_1_1_1.run :: [run] FINAL test_nll (sealed 10k) = -3634.409
2026-05-15 12:59:14,930 INFO CSMF2.experiments.step_1_1_1.density_plots :: [plot_latent_density] saved -> CSMF2/experiments/step_1_1_1/results/nsf_s2_n0.10_seed0_f4d2db7d8c94/plots/latent_density.png  (ks=0.0053, mean=-0.002, std=0.982)
2026-05-15 12:59:15,144 INFO CSMF2.experiments.step_1_1_1.density_plots :: [plot_cycle_density] saved -> CSMF2/experiments/step_1_1_1/results/nsf_s2_n0.10_seed0_f4d2db7d8c94/plots/cycle_density.png  (max|err|=4.728e-04 rms=3.449e-06)
2026-05-15 12:59:15,498 INFO CSMF2.experiments.step_1_1_1.density_plots :: [plot_reconstruction_panel] saved -> CSMF2/experiments/step_1_1_1/results/nsf_s2_n0.10_seed0_f4d2db7d8c94/plots/reconstruction_panel.png  rms(enc-prior)=1.992
==============================================================
[1mSTEP-1_1_1 RUN SUMMARY[0m
==============================================================
expert: nsf   scale: 2   noise: 0.1   seed: 0   epochs: 30
train NLL:    -3188.31  ->    -3639.01  (Δ = -450.70)
test  NLL:    -3433.29  ->    -3632.80

[1mHARD GATES (halt on fail)[0m
  [32m 30/30  ✓[0m  invertibility FP64 <1e-5
  [33m 28/30  ✗[0m  latent KS vs N(0,1) <0.05
  [33m 29/30  ✗[0m  cycle_max < 1e-12
  [32m 30/30  ✓[0m  h std > 1e-3
  [32m 30/30  ✓[0m  FiLM γ,β std > 1e-3 aggregate
  [32m 30/30  ✓[0m  (y,seed) max|Δh| < 1e-6
  [32m 30/30  ✓[0m  no NaN/Inf this epoch
  [32m  1/1   ✓[0m  numeric log-det (FP64, once)

[1mINFORMATIONAL (logged, non-blocking)[0m
  [33m 28/30  ✗[0m  null-control gap ≥ 0.10
  [33m  1/30  ✗[0m  h_st Δlogp slope > 1e-3
  [32m 30/30  ✓[0m  grad norm > 1e-6
  [32m 30/30  ✓[0m  fwd residual reported
--------------------------------------------------------------
[1mHARD TOTAL: 208/211[0m  (98.6%)
[1mEXIT_CRITERIA_MET:[0m [31mNO[0m
[1mREMEDY HINTS:[0m
  - hard gate failed: latent_ks (latent KS vs N(0,1) <0.05) -- check epochs [0, 19]
  - hard gate failed: cycle_max (cycle_max < 1e-12) -- check epochs [11]
[33mSTEP-1_1_1 SOFT WARNINGS (non-blocking):[0m
  ! fwd_rel=0.892 > target 0.500 (informational; no resume baseline available)
==============================================================
2026-05-15 12:59:15,560 INFO CSMF2.step_1_1_1.run :: STEP-1_1 run DONE  exit_ok=False  out=CSMF2/experiments/step_1_1_1/results/nsf_s2_n0.10_seed0_f4d2db7d8c94
>>> 12:59:15 expert=nsf noise=0.1 lam=0.1 v2=off
2026-05-15 12:59:17,195 INFO CSMF2.step_1_1_1.run :: STEP-1_1 run | tag=nsf_s2_n0.10_seed0_6fb3543bf3f8 | cfg=StepCfg(data_root='./mnist_data', scale=2, blur_sigma=1.0, noise_sigma=0.1, batch_size=128, expert='nsf', dim=784, cond_width=128, h_dim=256, flow_hidden=256, use_film=True, cache_h=True, use_v2_conditioner=False, film_depth=2, film_hidden=128, film_use_gelu=True, realnvp_n_couplings=6, realnvp_s_max=2.0, glow_n_steps=8, glow_coupling_hidden=256, glow_s_max=2.0, glow_squeeze=True, glow_n_levels=1, glow_image_c=1, glow_image_h=28, glow_image_w=28, glow_film_gain_init=0.3, lr=0.001, epochs=30, weight_decay=0.0, grad_clip=5.0, shuffle_loss_lambda=0.0, shuffle_loss_margin=0.5, h_std_penalty_mu=0.0, h_std_target=0.05, cond_y_residual_alpha_init=0.0, latent_moment_lambda=0.1, latent_ks_target=0.1, fwd_rel_target=0.5, resume_from=None, seed=0, out_root='./CSMF2/experiments/step_1_1_1/results', log_every=50, sanity_every_epoch=True)
2026-05-15 12:59:17,271 INFO CSMF2.step_1_1_1.run :: [run] data sizes: train=55000  val=5000 (per-epoch)  test=10000 (final-only)
2026-05-15 12:59:17,330 INFO CSMF2.step_1_1_1.run :: [y_sanity] y.std(dim=0).mean() = 0.1512  shape=(128, 1, 14, 14)
2026-05-15 12:59:28,368 INFO CSMF2.step_1_1_1.run :: [h] epoch=0 step=50 total=0.01299 batch=0.00004
2026-05-15 12:59:28,368 INFO CSMF2.step_1_1_1.run :: [lat] epoch=0 step=50 mean_l2=0.26261 std_l2=0.11413
2026-05-15 12:59:28,508 INFO CSMF2.step_1_1_1.run :: epoch=0 step=50/429 train_nll=-2061.531
2026-05-15 12:59:39,613 INFO CSMF2.step_1_1_1.run :: [h] epoch=0 step=100 total=0.01490 batch=0.00004
2026-05-15 12:59:39,614 INFO CSMF2.step_1_1_1.run :: [lat] epoch=0 step=100 mean_l2=0.14649 std_l2=0.06351
2026-05-15 12:59:39,748 INFO CSMF2.step_1_1_1.run :: epoch=0 step=100/429 train_nll=-2619.259
2026-05-15 12:59:50,828 INFO CSMF2.step_1_1_1.run :: [h] epoch=0 step=150 total=0.01588 batch=0.00002
2026-05-15 12:59:50,829 INFO CSMF2.step_1_1_1.run :: [lat] epoch=0 step=150 mean_l2=0.08956 std_l2=0.08680
2026-05-15 12:59:50,963 INFO CSMF2.step_1_1_1.run :: epoch=0 step=150/429 train_nll=-2834.564
2026-05-15 13:00:02,065 INFO CSMF2.step_1_1_1.run :: [h] epoch=0 step=200 total=0.01725 batch=0.00000
2026-05-15 13:00:02,065 INFO CSMF2.step_1_1_1.run :: [lat] epoch=0 step=200 mean_l2=0.06177 std_l2=0.05345
2026-05-15 13:00:02,203 INFO CSMF2.step_1_1_1.run :: epoch=0 step=200/429 train_nll=-2933.801
2026-05-15 13:00:13,357 INFO CSMF2.step_1_1_1.run :: [h] epoch=0 step=250 total=0.01958 batch=0.00000
2026-05-15 13:00:13,358 INFO CSMF2.step_1_1_1.run :: [lat] epoch=0 step=250 mean_l2=0.04915 std_l2=0.03816
2026-05-15 13:00:13,495 INFO CSMF2.step_1_1_1.run :: epoch=0 step=250/429 train_nll=-3014.616
2026-05-15 13:00:24,533 INFO CSMF2.step_1_1_1.run :: [h] epoch=0 step=300 total=0.02106 batch=0.00000
2026-05-15 13:00:24,534 INFO CSMF2.step_1_1_1.run :: [lat] epoch=0 step=300 mean_l2=0.03325 std_l2=0.03131
2026-05-15 13:00:24,668 INFO CSMF2.step_1_1_1.run :: epoch=0 step=300/429 train_nll=-3072.850
2026-05-15 13:00:35,775 INFO CSMF2.step_1_1_1.run :: [h] epoch=0 step=350 total=0.02648 batch=0.00000
2026-05-15 13:00:35,775 INFO CSMF2.step_1_1_1.run :: [lat] epoch=0 step=350 mean_l2=0.02259 std_l2=0.03021
2026-05-15 13:00:35,909 INFO CSMF2.step_1_1_1.run :: epoch=0 step=350/429 train_nll=-3122.162
2026-05-15 13:00:47,008 INFO CSMF2.step_1_1_1.run :: [h] epoch=0 step=400 total=0.02928 batch=0.00000
2026-05-15 13:00:47,008 INFO CSMF2.step_1_1_1.run :: [lat] epoch=0 step=400 mean_l2=0.05865 std_l2=0.03065
2026-05-15 13:00:47,143 INFO CSMF2.step_1_1_1.run :: epoch=0 step=400/429 train_nll=-3160.666
2026-05-15 13:00:57,015 INFO CSMF2.step_1_1_1.run :: epoch=0  train_nll=-3177.994  val_nll=-3450.908  t=99.6s
2026-05-15 13:00:57,015 INFO CSMF2.step_1_1_1.run :: [h_std] total=0.01943 batch=0.00006 (no penalty)
2026-05-15 13:00:57,015 INFO CSMF2.step_1_1_1.run :: [lat_epoch] mean_l2=0.17902 std_l2=0.12471 lambda=0.100
2026-05-15 13:00:57,015 INFO CSMF2.step_1_1_1.run :: [grad] cond=19.0467 film_gain=0.0000
2026-05-15 13:01:11,202 INFO CSMF2.step_1_1_1.run :: [h] epoch=1 step=50 total=0.02978 batch=0.00000
2026-05-15 13:01:11,202 INFO CSMF2.step_1_1_1.run :: [lat] epoch=1 step=50 mean_l2=0.06617 std_l2=0.03230
2026-05-15 13:01:11,335 INFO CSMF2.step_1_1_1.run :: epoch=1 step=50/429 train_nll=-3415.646
2026-05-15 13:01:22,403 INFO CSMF2.step_1_1_1.run :: [h] epoch=1 step=100 total=0.03394 batch=0.00000
2026-05-15 13:01:22,404 INFO CSMF2.step_1_1_1.run :: [lat] epoch=1 step=100 mean_l2=0.09801 std_l2=0.06002
2026-05-15 13:01:22,537 INFO CSMF2.step_1_1_1.run :: epoch=1 step=100/429 train_nll=-3413.968
2026-05-15 13:01:33,732 INFO CSMF2.step_1_1_1.run :: [h] epoch=1 step=150 total=0.03389 batch=0.00000
2026-05-15 13:01:33,733 INFO CSMF2.step_1_1_1.run :: [lat] epoch=1 step=150 mean_l2=0.03036 std_l2=0.03368
2026-05-15 13:01:33,870 INFO CSMF2.step_1_1_1.run :: epoch=1 step=150/429 train_nll=-3418.343
2026-05-15 13:01:45,152 INFO CSMF2.step_1_1_1.run :: [h] epoch=1 step=200 total=0.03741 batch=0.00000
2026-05-15 13:01:45,153 INFO CSMF2.step_1_1_1.run :: [lat] epoch=1 step=200 mean_l2=0.02474 std_l2=0.02602
2026-05-15 13:01:45,295 INFO CSMF2.step_1_1_1.run :: epoch=1 step=200/429 train_nll=-3431.207
2026-05-15 13:01:57,026 INFO CSMF2.step_1_1_1.run :: [h] epoch=1 step=250 total=0.03775 batch=0.00000
2026-05-15 13:01:57,027 INFO CSMF2.step_1_1_1.run :: [lat] epoch=1 step=250 mean_l2=0.03700 std_l2=0.03106
2026-05-15 13:01:57,183 INFO CSMF2.step_1_1_1.run :: epoch=1 step=250/429 train_nll=-3436.130
2026-05-15 13:02:09,432 INFO CSMF2.step_1_1_1.run :: [h] epoch=1 step=300 total=0.03929 batch=0.00000
2026-05-15 13:02:09,433 INFO CSMF2.step_1_1_1.run :: [lat] epoch=1 step=300 mean_l2=0.06129 std_l2=0.02681
2026-05-15 13:02:09,596 INFO CSMF2.step_1_1_1.run :: epoch=1 step=300/429 train_nll=-3441.769
2026-05-15 13:02:22,171 INFO CSMF2.step_1_1_1.run :: [h] epoch=1 step=350 total=0.03986 batch=0.00000
2026-05-15 13:02:22,172 INFO CSMF2.step_1_1_1.run :: [lat] epoch=1 step=350 mean_l2=0.06634 std_l2=0.03690
2026-05-15 13:02:22,342 INFO CSMF2.step_1_1_1.run :: epoch=1 step=350/429 train_nll=-3445.843
2026-05-15 13:02:35,007 INFO CSMF2.step_1_1_1.run :: [h] epoch=1 step=400 total=0.04005 batch=0.00000
2026-05-15 13:02:35,007 INFO CSMF2.step_1_1_1.run :: [lat] epoch=1 step=400 mean_l2=0.03346 std_l2=0.03602
2026-05-15 13:02:35,171 INFO CSMF2.step_1_1_1.run :: epoch=1 step=400/429 train_nll=-3449.247
2026-05-15 13:02:45,802 INFO CSMF2.step_1_1_1.run :: epoch=1  train_nll=-3450.035  val_nll=-3471.849  t=105.6s
2026-05-15 13:02:45,803 INFO CSMF2.step_1_1_1.run :: [h_std] total=0.03633 batch=0.00000 (no penalty)
2026-05-15 13:02:45,803 INFO CSMF2.step_1_1_1.run :: [lat_epoch] mean_l2=0.04428 std_l2=0.03258 lambda=0.100
2026-05-15 13:02:45,803 INFO CSMF2.step_1_1_1.run :: [grad] cond=104.0615 film_gain=0.0000
2026-05-15 13:03:00,266 INFO CSMF2.step_1_1_1.run :: [h] epoch=2 step=50 total=0.04232 batch=0.00000
2026-05-15 13:03:00,267 INFO CSMF2.step_1_1_1.run :: [lat] epoch=2 step=50 mean_l2=0.05567 std_l2=0.03379
2026-05-15 13:03:00,417 INFO CSMF2.step_1_1_1.run :: epoch=2 step=50/429 train_nll=-3489.521
2026-05-15 13:03:11,919 INFO CSMF2.step_1_1_1.run :: [h] epoch=2 step=100 total=0.04120 batch=0.00000
2026-05-15 13:03:11,919 INFO CSMF2.step_1_1_1.run :: [lat] epoch=2 step=100 mean_l2=0.01956 std_l2=0.03040
2026-05-15 13:03:12,071 INFO CSMF2.step_1_1_1.run :: epoch=2 step=100/429 train_nll=-3481.801
2026-05-15 13:03:23,585 INFO CSMF2.step_1_1_1.run :: [h] epoch=2 step=150 total=0.04233 batch=0.00000
2026-05-15 13:03:23,585 INFO CSMF2.step_1_1_1.run :: [lat] epoch=2 step=150 mean_l2=0.02372 std_l2=0.02834
2026-05-15 13:03:23,735 INFO CSMF2.step_1_1_1.run :: epoch=2 step=150/429 train_nll=-3482.523
2026-05-15 13:03:35,234 INFO CSMF2.step_1_1_1.run :: [h] epoch=2 step=200 total=0.04261 batch=0.00000
2026-05-15 13:03:35,234 INFO CSMF2.step_1_1_1.run :: [lat] epoch=2 step=200 mean_l2=0.02022 std_l2=0.02937
2026-05-15 13:03:35,384 INFO CSMF2.step_1_1_1.run :: epoch=2 step=200/429 train_nll=-3488.696
2026-05-15 13:03:46,874 INFO CSMF2.step_1_1_1.run :: [h] epoch=2 step=250 total=0.04345 batch=0.00000
2026-05-15 13:03:46,874 INFO CSMF2.step_1_1_1.run :: [lat] epoch=2 step=250 mean_l2=0.03504 std_l2=0.02635
2026-05-15 13:03:47,023 INFO CSMF2.step_1_1_1.run :: epoch=2 step=250/429 train_nll=-3495.406
2026-05-15 13:03:58,562 INFO CSMF2.step_1_1_1.run :: [h] epoch=2 step=300 total=0.04267 batch=0.00000
2026-05-15 13:03:58,562 INFO CSMF2.step_1_1_1.run :: [lat] epoch=2 step=300 mean_l2=0.02560 std_l2=0.02963
2026-05-15 13:03:58,713 INFO CSMF2.step_1_1_1.run :: epoch=2 step=300/429 train_nll=-3495.827
2026-05-15 13:04:10,334 INFO CSMF2.step_1_1_1.run :: [h] epoch=2 step=350 total=0.04320 batch=0.00000
2026-05-15 13:04:10,335 INFO CSMF2.step_1_1_1.run :: [lat] epoch=2 step=350 mean_l2=0.02654 std_l2=0.02851
2026-05-15 13:04:10,486 INFO CSMF2.step_1_1_1.run :: epoch=2 step=350/429 train_nll=-3499.352
2026-05-15 13:04:22,140 INFO CSMF2.step_1_1_1.run :: [h] epoch=2 step=400 total=0.04335 batch=0.00000
2026-05-15 13:04:22,141 INFO CSMF2.step_1_1_1.run :: [lat] epoch=2 step=400 mean_l2=0.01712 std_l2=0.02334
2026-05-15 13:04:22,295 INFO CSMF2.step_1_1_1.run :: epoch=2 step=400/429 train_nll=-3501.825
2026-05-15 13:04:32,284 INFO CSMF2.step_1_1_1.run :: epoch=2  train_nll=-3503.340  val_nll=-3519.182  t=103.4s
2026-05-15 13:04:32,284 INFO CSMF2.step_1_1_1.run :: [h_std] total=0.04252 batch=0.00000 (no penalty)
2026-05-15 13:04:32,284 INFO CSMF2.step_1_1_1.run :: [lat_epoch] mean_l2=0.02994 std_l2=0.02717 lambda=0.100
2026-05-15 13:04:32,284 INFO CSMF2.step_1_1_1.run :: [grad] cond=171.6849 film_gain=0.0000
2026-05-15 13:04:47,101 INFO CSMF2.step_1_1_1.run :: [h] epoch=3 step=50 total=0.04367 batch=0.00000
2026-05-15 13:04:47,101 INFO CSMF2.step_1_1_1.run :: [lat] epoch=3 step=50 mean_l2=0.03843 std_l2=0.02577
2026-05-15 13:04:47,254 INFO CSMF2.step_1_1_1.run :: epoch=3 step=50/429 train_nll=-3526.216
2026-05-15 13:04:58,912 INFO CSMF2.step_1_1_1.run :: [h] epoch=3 step=100 total=0.04376 batch=0.00000
2026-05-15 13:04:58,913 INFO CSMF2.step_1_1_1.run :: [lat] epoch=3 step=100 mean_l2=0.01916 std_l2=0.02239
2026-05-15 13:04:59,066 INFO CSMF2.step_1_1_1.run :: epoch=3 step=100/429 train_nll=-3527.719
2026-05-15 13:05:10,729 INFO CSMF2.step_1_1_1.run :: [h] epoch=3 step=150 total=0.04392 batch=0.00000
2026-05-15 13:05:10,730 INFO CSMF2.step_1_1_1.run :: [lat] epoch=3 step=150 mean_l2=0.01959 std_l2=0.02435
2026-05-15 13:05:10,883 INFO CSMF2.step_1_1_1.run :: epoch=3 step=150/429 train_nll=-3528.525
2026-05-15 13:05:22,562 INFO CSMF2.step_1_1_1.run :: [h] epoch=3 step=200 total=0.04425 batch=0.00000
2026-05-15 13:05:22,562 INFO CSMF2.step_1_1_1.run :: [lat] epoch=3 step=200 mean_l2=0.03270 std_l2=0.02508
2026-05-15 13:05:22,715 INFO CSMF2.step_1_1_1.run :: epoch=3 step=200/429 train_nll=-3531.843
2026-05-15 13:05:34,424 INFO CSMF2.step_1_1_1.run :: [h] epoch=3 step=250 total=0.04360 batch=0.00000
2026-05-15 13:05:34,425 INFO CSMF2.step_1_1_1.run :: [lat] epoch=3 step=250 mean_l2=0.02273 std_l2=0.02174
2026-05-15 13:05:34,577 INFO CSMF2.step_1_1_1.run :: epoch=3 step=250/429 train_nll=-3529.173
2026-05-15 13:05:46,296 INFO CSMF2.step_1_1_1.run :: [h] epoch=3 step=300 total=0.04344 batch=0.00000
2026-05-15 13:05:46,297 INFO CSMF2.step_1_1_1.run :: [lat] epoch=3 step=300 mean_l2=0.02716 std_l2=0.02967
2026-05-15 13:05:46,450 INFO CSMF2.step_1_1_1.run :: epoch=3 step=300/429 train_nll=-3526.922
2026-05-15 13:05:58,202 INFO CSMF2.step_1_1_1.run :: [h] epoch=3 step=350 total=0.04390 batch=0.00000
2026-05-15 13:05:58,202 INFO CSMF2.step_1_1_1.run :: [lat] epoch=3 step=350 mean_l2=0.02227 std_l2=0.02521
2026-05-15 13:05:58,356 INFO CSMF2.step_1_1_1.run :: epoch=3 step=350/429 train_nll=-3527.569
2026-05-15 13:06:10,102 INFO CSMF2.step_1_1_1.run :: [h] epoch=3 step=400 total=0.04364 batch=0.00000
2026-05-15 13:06:10,102 INFO CSMF2.step_1_1_1.run :: [lat] epoch=3 step=400 mean_l2=0.02336 std_l2=0.02134
2026-05-15 13:06:10,260 INFO CSMF2.step_1_1_1.run :: epoch=3 step=400/429 train_nll=-3530.199
2026-05-15 13:06:20,345 INFO CSMF2.step_1_1_1.run :: epoch=3  train_nll=-3531.656  val_nll=-3556.135  t=104.9s
2026-05-15 13:06:20,346 INFO CSMF2.step_1_1_1.run :: [h_std] total=0.04376 batch=0.00000 (no penalty)
2026-05-15 13:06:20,346 INFO CSMF2.step_1_1_1.run :: [lat_epoch] mean_l2=0.02591 std_l2=0.02520 lambda=0.100
2026-05-15 13:06:20,346 INFO CSMF2.step_1_1_1.run :: [grad] cond=42.3748 film_gain=0.0000
2026-05-15 13:06:39,482 INFO CSMF2.step_1_1_1.run :: [h] epoch=4 step=50 total=0.04366 batch=0.00000
2026-05-15 13:06:39,483 INFO CSMF2.step_1_1_1.run :: [lat] epoch=4 step=50 mean_l2=0.06023 std_l2=0.04208
2026-05-15 13:06:39,679 INFO CSMF2.step_1_1_1.run :: epoch=4 step=50/429 train_nll=-3528.420
2026-05-15 13:06:52,050 INFO CSMF2.step_1_1_1.run :: [h] epoch=4 step=100 total=0.04320 batch=0.00000
2026-05-15 13:06:52,051 INFO CSMF2.step_1_1_1.run :: [lat] epoch=4 step=100 mean_l2=0.03743 std_l2=0.02596
2026-05-15 13:06:52,208 INFO CSMF2.step_1_1_1.run :: epoch=4 step=100/429 train_nll=-3522.247
2026-05-15 13:07:04,086 INFO CSMF2.step_1_1_1.run :: [h] epoch=4 step=150 total=0.04272 batch=0.00000
2026-05-15 13:07:04,086 INFO CSMF2.step_1_1_1.run :: [lat] epoch=4 step=150 mean_l2=0.02499 std_l2=0.02677
2026-05-15 13:07:04,246 INFO CSMF2.step_1_1_1.run :: epoch=4 step=150/429 train_nll=-3520.962
2026-05-15 13:07:16,160 INFO CSMF2.step_1_1_1.run :: [h] epoch=4 step=200 total=0.04314 batch=0.00000
2026-05-15 13:07:16,161 INFO CSMF2.step_1_1_1.run :: [lat] epoch=4 step=200 mean_l2=0.01725 std_l2=0.02092
2026-05-15 13:07:16,318 INFO CSMF2.step_1_1_1.run :: epoch=4 step=200/429 train_nll=-3524.834
2026-05-15 13:07:28,277 INFO CSMF2.step_1_1_1.run :: [h] epoch=4 step=250 total=0.04336 batch=0.00000
2026-05-15 13:07:28,278 INFO CSMF2.step_1_1_1.run :: [lat] epoch=4 step=250 mean_l2=0.01674 std_l2=0.02296
2026-05-15 13:07:28,438 INFO CSMF2.step_1_1_1.run :: epoch=4 step=250/429 train_nll=-3531.457
2026-05-15 13:07:40,357 INFO CSMF2.step_1_1_1.run :: [h] epoch=4 step=300 total=0.04303 batch=0.00000
2026-05-15 13:07:40,358 INFO CSMF2.step_1_1_1.run :: [lat] epoch=4 step=300 mean_l2=0.05902 std_l2=0.02917
2026-05-15 13:07:40,518 INFO CSMF2.step_1_1_1.run :: epoch=4 step=300/429 train_nll=-3533.215
2026-05-15 13:07:52,457 INFO CSMF2.step_1_1_1.run :: [h] epoch=4 step=350 total=0.04337 batch=0.00000
2026-05-15 13:07:52,457 INFO CSMF2.step_1_1_1.run :: [lat] epoch=4 step=350 mean_l2=0.01981 std_l2=0.02455
2026-05-15 13:07:52,614 INFO CSMF2.step_1_1_1.run :: epoch=4 step=350/429 train_nll=-3534.671
2026-05-15 13:08:04,518 INFO CSMF2.step_1_1_1.run :: [h] epoch=4 step=400 total=0.04362 batch=0.00000
2026-05-15 13:08:04,519 INFO CSMF2.step_1_1_1.run :: [lat] epoch=4 step=400 mean_l2=0.03133 std_l2=0.02956
2026-05-15 13:08:04,676 INFO CSMF2.step_1_1_1.run :: epoch=4 step=400/429 train_nll=-3538.085
2026-05-15 13:08:14,890 INFO CSMF2.step_1_1_1.run :: epoch=4  train_nll=-3537.921  val_nll=-3547.798  t=111.3s
2026-05-15 13:08:14,891 INFO CSMF2.step_1_1_1.run :: [h_std] total=0.04328 batch=0.00000 (no penalty)
2026-05-15 13:08:14,891 INFO CSMF2.step_1_1_1.run :: [lat_epoch] mean_l2=0.02962 std_l2=0.02653 lambda=0.100
2026-05-15 13:08:14,891 INFO CSMF2.step_1_1_1.run :: [grad] cond=84.9510 film_gain=0.0000
2026-05-15 13:08:32,231 INFO CSMF2.step_1_1_1.run :: [h] epoch=5 step=50 total=0.04327 batch=0.00000
2026-05-15 13:08:32,232 INFO CSMF2.step_1_1_1.run :: [lat] epoch=5 step=50 mean_l2=0.01468 std_l2=0.02269
2026-05-15 13:08:32,427 INFO CSMF2.step_1_1_1.run :: epoch=5 step=50/429 train_nll=-3563.631
2026-05-15 13:08:48,343 INFO CSMF2.step_1_1_1.run :: [h] epoch=5 step=100 total=0.04301 batch=0.00000
2026-05-15 13:08:48,343 INFO CSMF2.step_1_1_1.run :: [lat] epoch=5 step=100 mean_l2=0.02736 std_l2=0.02148
2026-05-15 13:08:48,542 INFO CSMF2.step_1_1_1.run :: epoch=5 step=100/429 train_nll=-3553.577
2026-05-15 13:09:04,476 INFO CSMF2.step_1_1_1.run :: [h] epoch=5 step=150 total=0.04217 batch=0.00000
2026-05-15 13:09:04,477 INFO CSMF2.step_1_1_1.run :: [lat] epoch=5 step=150 mean_l2=0.02397 std_l2=0.02692
2026-05-15 13:09:04,671 INFO CSMF2.step_1_1_1.run :: epoch=5 step=150/429 train_nll=-3541.346
2026-05-15 13:09:20,550 INFO CSMF2.step_1_1_1.run :: [h] epoch=5 step=200 total=0.04242 batch=0.00000
2026-05-15 13:09:20,551 INFO CSMF2.step_1_1_1.run :: [lat] epoch=5 step=200 mean_l2=0.01679 std_l2=0.02045
2026-05-15 13:09:20,745 INFO CSMF2.step_1_1_1.run :: epoch=5 step=200/429 train_nll=-3543.573
2026-05-15 13:09:35,743 INFO CSMF2.step_1_1_1.run :: [h] epoch=5 step=250 total=0.04234 batch=0.00000
2026-05-15 13:09:35,744 INFO CSMF2.step_1_1_1.run :: [lat] epoch=5 step=250 mean_l2=0.01882 std_l2=0.02385
2026-05-15 13:09:35,895 INFO CSMF2.step_1_1_1.run :: epoch=5 step=250/429 train_nll=-3544.908
2026-05-15 13:09:47,366 INFO CSMF2.step_1_1_1.run :: [h] epoch=5 step=300 total=0.04272 batch=0.00000
2026-05-15 13:09:47,367 INFO CSMF2.step_1_1_1.run :: [lat] epoch=5 step=300 mean_l2=0.02108 std_l2=0.02008
2026-05-15 13:09:47,518 INFO CSMF2.step_1_1_1.run :: epoch=5 step=300/429 train_nll=-3548.300
2026-05-15 13:09:59,003 INFO CSMF2.step_1_1_1.run :: [h] epoch=5 step=350 total=0.04151 batch=0.00000
2026-05-15 13:09:59,004 INFO CSMF2.step_1_1_1.run :: [lat] epoch=5 step=350 mean_l2=0.02220 std_l2=0.02542
2026-05-15 13:09:59,153 INFO CSMF2.step_1_1_1.run :: epoch=5 step=350/429 train_nll=-3547.927
2026-05-15 13:10:10,663 INFO CSMF2.step_1_1_1.run :: [h] epoch=5 step=400 total=0.04226 batch=0.00000
2026-05-15 13:10:10,663 INFO CSMF2.step_1_1_1.run :: [lat] epoch=5 step=400 mean_l2=0.02251 std_l2=0.02531
2026-05-15 13:10:10,813 INFO CSMF2.step_1_1_1.run :: epoch=5 step=400/429 train_nll=-3549.520
2026-05-15 13:10:20,744 INFO CSMF2.step_1_1_1.run :: epoch=5  train_nll=-3549.593  val_nll=-3565.558  t=122.7s
2026-05-15 13:10:20,744 INFO CSMF2.step_1_1_1.run :: [h_std] total=0.04245 batch=0.00000 (no penalty)
2026-05-15 13:10:20,744 INFO CSMF2.step_1_1_1.run :: [lat_epoch] mean_l2=0.02807 std_l2=0.02587 lambda=0.100
2026-05-15 13:10:20,744 INFO CSMF2.step_1_1_1.run :: [grad] cond=44.1063 film_gain=0.0000
2026-05-15 13:10:39,683 INFO CSMF2.step_1_1_1.run :: [h] epoch=6 step=50 total=0.04178 batch=0.00000
2026-05-15 13:10:39,684 INFO CSMF2.step_1_1_1.run :: [lat] epoch=6 step=50 mean_l2=0.03834 std_l2=0.02362
2026-05-15 13:10:39,879 INFO CSMF2.step_1_1_1.run :: epoch=6 step=50/429 train_nll=-3546.651
2026-05-15 13:10:55,743 INFO CSMF2.step_1_1_1.run :: [h] epoch=6 step=100 total=0.04204 batch=0.00000
2026-05-15 13:10:55,744 INFO CSMF2.step_1_1_1.run :: [lat] epoch=6 step=100 mean_l2=0.01629 std_l2=0.02396
2026-05-15 13:10:55,939 INFO CSMF2.step_1_1_1.run :: epoch=6 step=100/429 train_nll=-3556.738
2026-05-15 13:11:11,832 INFO CSMF2.step_1_1_1.run :: [h] epoch=6 step=150 total=0.04159 batch=0.00000
2026-05-15 13:11:11,833 INFO CSMF2.step_1_1_1.run :: [lat] epoch=6 step=150 mean_l2=0.02667 std_l2=0.02821
2026-05-15 13:11:12,029 INFO CSMF2.step_1_1_1.run :: epoch=6 step=150/429 train_nll=-3561.585
2026-05-15 13:11:27,942 INFO CSMF2.step_1_1_1.run :: [h] epoch=6 step=200 total=0.04187 batch=0.00000
2026-05-15 13:11:27,943 INFO CSMF2.step_1_1_1.run :: [lat] epoch=6 step=200 mean_l2=0.02225 std_l2=0.02436
2026-05-15 13:11:28,140 INFO CSMF2.step_1_1_1.run :: epoch=6 step=200/429 train_nll=-3560.617
2026-05-15 13:11:44,056 INFO CSMF2.step_1_1_1.run :: [h] epoch=6 step=250 total=0.04214 batch=0.00000
2026-05-15 13:11:44,057 INFO CSMF2.step_1_1_1.run :: [lat] epoch=6 step=250 mean_l2=0.01445 std_l2=0.02047
2026-05-15 13:11:44,254 INFO CSMF2.step_1_1_1.run :: epoch=6 step=250/429 train_nll=-3564.276
2026-05-15 13:12:00,189 INFO CSMF2.step_1_1_1.run :: [h] epoch=6 step=300 total=0.04220 batch=0.00000
2026-05-15 13:12:00,190 INFO CSMF2.step_1_1_1.run :: [lat] epoch=6 step=300 mean_l2=0.02133 std_l2=0.02275
2026-05-15 13:12:00,387 INFO CSMF2.step_1_1_1.run :: epoch=6 step=300/429 train_nll=-3566.792
2026-05-15 13:12:16,339 INFO CSMF2.step_1_1_1.run :: [h] epoch=6 step=350 total=0.04204 batch=0.00000
2026-05-15 13:12:16,340 INFO CSMF2.step_1_1_1.run :: [lat] epoch=6 step=350 mean_l2=0.03676 std_l2=0.03143
2026-05-15 13:12:16,538 INFO CSMF2.step_1_1_1.run :: epoch=6 step=350/429 train_nll=-3566.426
2026-05-15 13:12:32,551 INFO CSMF2.step_1_1_1.run :: [h] epoch=6 step=400 total=0.04198 batch=0.00000
2026-05-15 13:12:32,552 INFO CSMF2.step_1_1_1.run :: [lat] epoch=6 step=400 mean_l2=0.01391 std_l2=0.01965
2026-05-15 13:12:32,751 INFO CSMF2.step_1_1_1.run :: epoch=6 step=400/429 train_nll=-3567.965
2026-05-15 13:12:47,017 INFO CSMF2.step_1_1_1.run :: epoch=6  train_nll=-3569.390  val_nll=-3577.797  t=143.1s
2026-05-15 13:12:47,017 INFO CSMF2.step_1_1_1.run :: [h_std] total=0.04203 batch=0.00000 (no penalty)
2026-05-15 13:12:47,018 INFO CSMF2.step_1_1_1.run :: [lat_epoch] mean_l2=0.02187 std_l2=0.02407 lambda=0.100
2026-05-15 13:12:47,018 INFO CSMF2.step_1_1_1.run :: [grad] cond=240.7445 film_gain=0.0000
2026-05-15 13:13:01,919 INFO CSMF2.step_1_1_1.run :: [h] epoch=7 step=50 total=0.04190 batch=0.00000
2026-05-15 13:13:01,920 INFO CSMF2.step_1_1_1.run :: [lat] epoch=7 step=50 mean_l2=0.03554 std_l2=0.02580
2026-05-15 13:13:02,080 INFO CSMF2.step_1_1_1.run :: epoch=7 step=50/429 train_nll=-3572.811
2026-05-15 13:13:14,068 INFO CSMF2.step_1_1_1.run :: [h] epoch=7 step=100 total=0.04197 batch=0.00000
2026-05-15 13:13:14,068 INFO CSMF2.step_1_1_1.run :: [lat] epoch=7 step=100 mean_l2=0.01635 std_l2=0.02519
2026-05-15 13:13:14,229 INFO CSMF2.step_1_1_1.run :: epoch=7 step=100/429 train_nll=-3569.869
2026-05-15 13:13:26,196 INFO CSMF2.step_1_1_1.run :: [h] epoch=7 step=150 total=0.04207 batch=0.00000
2026-05-15 13:13:26,197 INFO CSMF2.step_1_1_1.run :: [lat] epoch=7 step=150 mean_l2=0.01554 std_l2=0.01907
2026-05-15 13:13:26,357 INFO CSMF2.step_1_1_1.run :: epoch=7 step=150/429 train_nll=-3575.954
2026-05-15 13:13:38,363 INFO CSMF2.step_1_1_1.run :: [h] epoch=7 step=200 total=0.04150 batch=0.00000
2026-05-15 13:13:38,363 INFO CSMF2.step_1_1_1.run :: [lat] epoch=7 step=200 mean_l2=0.01970 std_l2=0.02522
2026-05-15 13:13:38,525 INFO CSMF2.step_1_1_1.run :: epoch=7 step=200/429 train_nll=-3575.878
2026-05-15 13:13:50,581 INFO CSMF2.step_1_1_1.run :: [h] epoch=7 step=250 total=0.04128 batch=0.00000
2026-05-15 13:13:50,581 INFO CSMF2.step_1_1_1.run :: [lat] epoch=7 step=250 mean_l2=0.02762 std_l2=0.02739
2026-05-15 13:13:50,744 INFO CSMF2.step_1_1_1.run :: epoch=7 step=250/429 train_nll=-3576.320
2026-05-15 13:14:02,834 INFO CSMF2.step_1_1_1.run :: [h] epoch=7 step=300 total=0.04186 batch=0.00000
2026-05-15 13:14:02,835 INFO CSMF2.step_1_1_1.run :: [lat] epoch=7 step=300 mean_l2=0.06203 std_l2=0.02860
2026-05-15 13:14:02,999 INFO CSMF2.step_1_1_1.run :: epoch=7 step=300/429 train_nll=-3574.729
2026-05-15 13:14:15,190 INFO CSMF2.step_1_1_1.run :: [h] epoch=7 step=350 total=0.04161 batch=0.00000
2026-05-15 13:14:15,191 INFO CSMF2.step_1_1_1.run :: [lat] epoch=7 step=350 mean_l2=0.01501 std_l2=0.02099
2026-05-15 13:14:15,355 INFO CSMF2.step_1_1_1.run :: epoch=7 step=350/429 train_nll=-3574.376
2026-05-15 13:14:27,505 INFO CSMF2.step_1_1_1.run :: [h] epoch=7 step=400 total=0.04176 batch=0.00000
2026-05-15 13:14:27,505 INFO CSMF2.step_1_1_1.run :: [lat] epoch=7 step=400 mean_l2=0.01364 std_l2=0.02029
2026-05-15 13:14:27,669 INFO CSMF2.step_1_1_1.run :: epoch=7 step=400/429 train_nll=-3577.273
2026-05-15 13:14:37,987 INFO CSMF2.step_1_1_1.run :: epoch=7  train_nll=-3578.086  val_nll=-3560.749  t=108.0s
2026-05-15 13:14:37,987 INFO CSMF2.step_1_1_1.run :: [h_std] total=0.04169 batch=0.00000 (no penalty)
2026-05-15 13:14:37,987 INFO CSMF2.step_1_1_1.run :: [lat_epoch] mean_l2=0.02265 std_l2=0.02407 lambda=0.100
2026-05-15 13:14:37,988 INFO CSMF2.step_1_1_1.run :: [grad] cond=304.7140 film_gain=0.0000
2026-05-15 13:14:53,003 INFO CSMF2.step_1_1_1.run :: [h] epoch=8 step=50 total=0.04101 batch=0.00000
2026-05-15 13:14:53,004 INFO CSMF2.step_1_1_1.run :: [lat] epoch=8 step=50 mean_l2=0.03746 std_l2=0.02798
2026-05-15 13:14:53,170 INFO CSMF2.step_1_1_1.run :: epoch=8 step=50/429 train_nll=-3563.818
2026-05-15 13:15:05,370 INFO CSMF2.step_1_1_1.run :: [h] epoch=8 step=100 total=0.04140 batch=0.00000
2026-05-15 13:15:05,371 INFO CSMF2.step_1_1_1.run :: [lat] epoch=8 step=100 mean_l2=0.01500 std_l2=0.02067
2026-05-15 13:15:05,537 INFO CSMF2.step_1_1_1.run :: epoch=8 step=100/429 train_nll=-3570.795
2026-05-15 13:15:17,726 INFO CSMF2.step_1_1_1.run :: [h] epoch=8 step=150 total=0.04160 batch=0.00000
2026-05-15 13:15:17,727 INFO CSMF2.step_1_1_1.run :: [lat] epoch=8 step=150 mean_l2=0.03066 std_l2=0.02663
2026-05-15 13:15:17,892 INFO CSMF2.step_1_1_1.run :: epoch=8 step=150/429 train_nll=-3576.996
2026-05-15 13:15:30,057 INFO CSMF2.step_1_1_1.run :: [h] epoch=8 step=200 total=0.04122 batch=0.00000
2026-05-15 13:15:30,058 INFO CSMF2.step_1_1_1.run :: [lat] epoch=8 step=200 mean_l2=0.01547 std_l2=0.02086
2026-05-15 13:15:30,223 INFO CSMF2.step_1_1_1.run :: epoch=8 step=200/429 train_nll=-3576.420
2026-05-15 13:15:42,391 INFO CSMF2.step_1_1_1.run :: [h] epoch=8 step=250 total=0.04159 batch=0.00000
2026-05-15 13:15:42,391 INFO CSMF2.step_1_1_1.run :: [lat] epoch=8 step=250 mean_l2=0.01422 std_l2=0.02065
2026-05-15 13:15:42,557 INFO CSMF2.step_1_1_1.run :: epoch=8 step=250/429 train_nll=-3581.226
2026-05-15 13:15:54,730 INFO CSMF2.step_1_1_1.run :: [h] epoch=8 step=300 total=0.04035 batch=0.00000
2026-05-15 13:15:54,731 INFO CSMF2.step_1_1_1.run :: [lat] epoch=8 step=300 mean_l2=0.03150 std_l2=0.02295
2026-05-15 13:15:54,895 INFO CSMF2.step_1_1_1.run :: epoch=8 step=300/429 train_nll=-3581.318
2026-05-15 13:16:06,962 INFO CSMF2.step_1_1_1.run :: [h] epoch=8 step=350 total=0.04064 batch=0.00000
2026-05-15 13:16:06,962 INFO CSMF2.step_1_1_1.run :: [lat] epoch=8 step=350 mean_l2=0.03044 std_l2=0.02523
2026-05-15 13:16:07,124 INFO CSMF2.step_1_1_1.run :: epoch=8 step=350/429 train_nll=-3579.647
2026-05-15 13:16:19,160 INFO CSMF2.step_1_1_1.run :: [h] epoch=8 step=400 total=0.04073 batch=0.00000
2026-05-15 13:16:19,161 INFO CSMF2.step_1_1_1.run :: [lat] epoch=8 step=400 mean_l2=0.01691 std_l2=0.02265
2026-05-15 13:16:19,323 INFO CSMF2.step_1_1_1.run :: epoch=8 step=400/429 train_nll=-3578.889
2026-05-15 13:16:29,548 INFO CSMF2.step_1_1_1.run :: epoch=8  train_nll=-3579.957  val_nll=-3600.200  t=108.6s
2026-05-15 13:16:29,548 INFO CSMF2.step_1_1_1.run :: [h_std] total=0.04116 batch=0.00000 (no penalty)
2026-05-15 13:16:29,548 INFO CSMF2.step_1_1_1.run :: [lat_epoch] mean_l2=0.02385 std_l2=0.02473 lambda=0.100
2026-05-15 13:16:29,548 INFO CSMF2.step_1_1_1.run :: [grad] cond=22.0574 film_gain=0.0000
2026-05-15 13:16:44,890 INFO CSMF2.step_1_1_1.run :: [h] epoch=9 step=50 total=0.04079 batch=0.00000
2026-05-15 13:16:44,890 INFO CSMF2.step_1_1_1.run :: [lat] epoch=9 step=50 mean_l2=0.01352 std_l2=0.02148
2026-05-15 13:16:45,058 INFO CSMF2.step_1_1_1.run :: epoch=9 step=50/429 train_nll=-3603.104
2026-05-15 13:16:57,317 INFO CSMF2.step_1_1_1.run :: [h] epoch=9 step=100 total=0.04069 batch=0.00000
2026-05-15 13:16:57,318 INFO CSMF2.step_1_1_1.run :: [lat] epoch=9 step=100 mean_l2=0.02300 std_l2=0.01977
2026-05-15 13:16:57,486 INFO CSMF2.step_1_1_1.run :: epoch=9 step=100/429 train_nll=-3596.248
2026-05-15 13:17:09,757 INFO CSMF2.step_1_1_1.run :: [h] epoch=9 step=150 total=0.04039 batch=0.00000
2026-05-15 13:17:09,758 INFO CSMF2.step_1_1_1.run :: [lat] epoch=9 step=150 mean_l2=0.03500 std_l2=0.02910
2026-05-15 13:17:09,925 INFO CSMF2.step_1_1_1.run :: epoch=9 step=150/429 train_nll=-3586.308
2026-05-15 13:17:22,196 INFO CSMF2.step_1_1_1.run :: [h] epoch=9 step=200 total=0.03986 batch=0.00000
2026-05-15 13:17:22,196 INFO CSMF2.step_1_1_1.run :: [lat] epoch=9 step=200 mean_l2=0.01686 std_l2=0.01840
2026-05-15 13:17:22,363 INFO CSMF2.step_1_1_1.run :: epoch=9 step=200/429 train_nll=-3584.000
2026-05-15 13:17:34,664 INFO CSMF2.step_1_1_1.run :: [h] epoch=9 step=250 total=0.04021 batch=0.00000
2026-05-15 13:17:34,664 INFO CSMF2.step_1_1_1.run :: [lat] epoch=9 step=250 mean_l2=0.01195 std_l2=0.02104
2026-05-15 13:17:34,832 INFO CSMF2.step_1_1_1.run :: epoch=9 step=250/429 train_nll=-3588.338
2026-05-15 13:17:47,127 INFO CSMF2.step_1_1_1.run :: [h] epoch=9 step=300 total=0.04045 batch=0.00000
2026-05-15 13:17:47,128 INFO CSMF2.step_1_1_1.run :: [lat] epoch=9 step=300 mean_l2=0.01454 std_l2=0.02110
2026-05-15 13:17:47,296 INFO CSMF2.step_1_1_1.run :: epoch=9 step=300/429 train_nll=-3591.791
2026-05-15 13:17:59,621 INFO CSMF2.step_1_1_1.run :: [h] epoch=9 step=350 total=0.04014 batch=0.00000
2026-05-15 13:17:59,621 INFO CSMF2.step_1_1_1.run :: [lat] epoch=9 step=350 mean_l2=0.02129 std_l2=0.02270
2026-05-15 13:17:59,789 INFO CSMF2.step_1_1_1.run :: epoch=9 step=350/429 train_nll=-3591.925
2026-05-15 13:18:12,135 INFO CSMF2.step_1_1_1.run :: [h] epoch=9 step=400 total=0.04036 batch=0.00000
2026-05-15 13:18:12,136 INFO CSMF2.step_1_1_1.run :: [lat] epoch=9 step=400 mean_l2=0.01346 std_l2=0.02150
2026-05-15 13:18:12,304 INFO CSMF2.step_1_1_1.run :: epoch=9 step=400/429 train_nll=-3593.155
2026-05-15 13:18:22,727 INFO CSMF2.step_1_1_1.run :: epoch=9  train_nll=-3594.125  val_nll=-3611.209  t=110.0s
2026-05-15 13:18:22,727 INFO CSMF2.step_1_1_1.run :: [h_std] total=0.04036 batch=0.00000 (no penalty)
2026-05-15 13:18:22,727 INFO CSMF2.step_1_1_1.run :: [lat_epoch] mean_l2=0.01950 std_l2=0.02308 lambda=0.100
2026-05-15 13:18:22,727 INFO CSMF2.step_1_1_1.run :: [grad] cond=191.5258 film_gain=0.0000
2026-05-15 13:18:37,861 INFO CSMF2.step_1_1_1.run :: [h] epoch=10 step=50 total=0.04029 batch=0.00000
2026-05-15 13:18:37,861 INFO CSMF2.step_1_1_1.run :: [lat] epoch=10 step=50 mean_l2=0.01468 std_l2=0.02026
2026-05-15 13:18:38,030 INFO CSMF2.step_1_1_1.run :: epoch=10 step=50/429 train_nll=-3611.876
2026-05-15 13:18:50,393 INFO CSMF2.step_1_1_1.run :: [h] epoch=10 step=100 total=0.04036 batch=0.00000
2026-05-15 13:18:50,393 INFO CSMF2.step_1_1_1.run :: [lat] epoch=10 step=100 mean_l2=0.03896 std_l2=0.02436
2026-05-15 13:18:50,563 INFO CSMF2.step_1_1_1.run :: epoch=10 step=100/429 train_nll=-3607.662
2026-05-15 13:19:02,958 INFO CSMF2.step_1_1_1.run :: [h] epoch=10 step=150 total=0.04048 batch=0.00000
2026-05-15 13:19:02,958 INFO CSMF2.step_1_1_1.run :: [lat] epoch=10 step=150 mean_l2=0.01756 std_l2=0.02000
2026-05-15 13:19:03,129 INFO CSMF2.step_1_1_1.run :: epoch=10 step=150/429 train_nll=-3606.039
2026-05-15 13:19:15,559 INFO CSMF2.step_1_1_1.run :: [h] epoch=10 step=200 total=0.04046 batch=0.00000
2026-05-15 13:19:15,559 INFO CSMF2.step_1_1_1.run :: [lat] epoch=10 step=200 mean_l2=0.01755 std_l2=0.02203
2026-05-15 13:19:15,729 INFO CSMF2.step_1_1_1.run :: epoch=10 step=200/429 train_nll=-3606.112
2026-05-15 13:19:28,170 INFO CSMF2.step_1_1_1.run :: [h] epoch=10 step=250 total=0.04043 batch=0.00000
2026-05-15 13:19:28,170 INFO CSMF2.step_1_1_1.run :: [lat] epoch=10 step=250 mean_l2=0.02057 std_l2=0.02002
2026-05-15 13:19:28,341 INFO CSMF2.step_1_1_1.run :: epoch=10 step=250/429 train_nll=-3606.595
2026-05-15 13:19:40,861 INFO CSMF2.step_1_1_1.run :: [h] epoch=10 step=300 total=0.04038 batch=0.00000
2026-05-15 13:19:40,861 INFO CSMF2.step_1_1_1.run :: [lat] epoch=10 step=300 mean_l2=0.01748 std_l2=0.02261
2026-05-15 13:19:41,033 INFO CSMF2.step_1_1_1.run :: epoch=10 step=300/429 train_nll=-3606.297
2026-05-15 13:19:53,452 INFO CSMF2.step_1_1_1.run :: [h] epoch=10 step=350 total=0.03995 batch=0.00000
2026-05-15 13:19:53,453 INFO CSMF2.step_1_1_1.run :: [lat] epoch=10 step=350 mean_l2=0.02092 std_l2=0.02687
2026-05-15 13:19:53,623 INFO CSMF2.step_1_1_1.run :: epoch=10 step=350/429 train_nll=-3603.247
2026-05-15 13:20:06,052 INFO CSMF2.step_1_1_1.run :: [h] epoch=10 step=400 total=0.03972 batch=0.00000
2026-05-15 13:20:06,053 INFO CSMF2.step_1_1_1.run :: [lat] epoch=10 step=400 mean_l2=0.01542 std_l2=0.02008
2026-05-15 13:20:06,224 INFO CSMF2.step_1_1_1.run :: epoch=10 step=400/429 train_nll=-3600.422
2026-05-15 13:20:16,697 INFO CSMF2.step_1_1_1.run :: epoch=10  train_nll=-3600.904  val_nll=-3611.504  t=111.1s
2026-05-15 13:20:16,698 INFO CSMF2.step_1_1_1.run :: [h_std] total=0.04030 batch=0.00000 (no penalty)
2026-05-15 13:20:16,698 INFO CSMF2.step_1_1_1.run :: [lat_epoch] mean_l2=0.01964 std_l2=0.02293 lambda=0.100
2026-05-15 13:20:16,698 INFO CSMF2.step_1_1_1.run :: [grad] cond=14.8856 film_gain=0.0000
2026-05-15 13:20:31,989 INFO CSMF2.step_1_1_1.run :: [h] epoch=11 step=50 total=0.03994 batch=0.00000
2026-05-15 13:20:31,990 INFO CSMF2.step_1_1_1.run :: [lat] epoch=11 step=50 mean_l2=0.01514 std_l2=0.02111
2026-05-15 13:20:32,162 INFO CSMF2.step_1_1_1.run :: epoch=11 step=50/429 train_nll=-3615.043
2026-05-15 13:20:44,668 INFO CSMF2.step_1_1_1.run :: [h] epoch=11 step=100 total=0.04015 batch=0.00000
2026-05-15 13:20:44,669 INFO CSMF2.step_1_1_1.run :: [lat] epoch=11 step=100 mean_l2=0.01641 std_l2=0.02232
2026-05-15 13:20:44,841 INFO CSMF2.step_1_1_1.run :: epoch=11 step=100/429 train_nll=-3614.741
2026-05-15 13:20:57,392 INFO CSMF2.step_1_1_1.run :: [h] epoch=11 step=150 total=0.04018 batch=0.00000
2026-05-15 13:20:57,392 INFO CSMF2.step_1_1_1.run :: [lat] epoch=11 step=150 mean_l2=0.01482 std_l2=0.01990
2026-05-15 13:20:57,565 INFO CSMF2.step_1_1_1.run :: epoch=11 step=150/429 train_nll=-3614.773
2026-05-15 13:21:10,109 INFO CSMF2.step_1_1_1.run :: [h] epoch=11 step=200 total=0.04009 batch=0.00000
2026-05-15 13:21:10,109 INFO CSMF2.step_1_1_1.run :: [lat] epoch=11 step=200 mean_l2=0.01455 std_l2=0.02101
2026-05-15 13:21:10,282 INFO CSMF2.step_1_1_1.run :: epoch=11 step=200/429 train_nll=-3615.500
2026-05-15 13:21:22,829 INFO CSMF2.step_1_1_1.run :: [h] epoch=11 step=250 total=0.04018 batch=0.00000
2026-05-15 13:21:22,830 INFO CSMF2.step_1_1_1.run :: [lat] epoch=11 step=250 mean_l2=0.02947 std_l2=0.04230
2026-05-15 13:21:23,004 INFO CSMF2.step_1_1_1.run :: epoch=11 step=250/429 train_nll=-3613.667
2026-05-15 13:21:35,559 INFO CSMF2.step_1_1_1.run :: [h] epoch=11 step=300 total=0.03976 batch=0.00000
2026-05-15 13:21:35,560 INFO CSMF2.step_1_1_1.run :: [lat] epoch=11 step=300 mean_l2=0.01972 std_l2=0.02603
2026-05-15 13:21:35,733 INFO CSMF2.step_1_1_1.run :: epoch=11 step=300/429 train_nll=-3608.710
2026-05-15 13:21:48,232 INFO CSMF2.step_1_1_1.run :: [h] epoch=11 step=350 total=0.03986 batch=0.00000
2026-05-15 13:21:48,233 INFO CSMF2.step_1_1_1.run :: [lat] epoch=11 step=350 mean_l2=0.01379 std_l2=0.02265
2026-05-15 13:21:48,404 INFO CSMF2.step_1_1_1.run :: epoch=11 step=350/429 train_nll=-3609.228
2026-05-15 13:22:00,864 INFO CSMF2.step_1_1_1.run :: [h] epoch=11 step=400 total=0.03972 batch=0.00000
2026-05-15 13:22:00,864 INFO CSMF2.step_1_1_1.run :: [lat] epoch=11 step=400 mean_l2=0.02465 std_l2=0.02074
2026-05-15 13:22:01,036 INFO CSMF2.step_1_1_1.run :: epoch=11 step=400/429 train_nll=-3610.137
2026-05-15 13:22:11,534 INFO CSMF2.step_1_1_1.run :: epoch=11  train_nll=-3609.385  val_nll=-3607.404  t=112.0s
2026-05-15 13:22:11,534 INFO CSMF2.step_1_1_1.run :: [h_std] total=0.03995 batch=0.00000 (no penalty)
2026-05-15 13:22:11,534 INFO CSMF2.step_1_1_1.run :: [lat_epoch] mean_l2=0.01796 std_l2=0.02208 lambda=0.100
2026-05-15 13:22:11,534 INFO CSMF2.step_1_1_1.run :: [grad] cond=23.1204 film_gain=0.0000
2026-05-15 13:22:26,997 INFO CSMF2.step_1_1_1.run :: [h] epoch=12 step=50 total=0.03951 batch=0.00000
2026-05-15 13:22:26,998 INFO CSMF2.step_1_1_1.run :: [lat] epoch=12 step=50 mean_l2=0.01574 std_l2=0.02300
2026-05-15 13:22:27,170 INFO CSMF2.step_1_1_1.run :: epoch=12 step=50/429 train_nll=-3590.938
2026-05-15 13:22:39,708 INFO CSMF2.step_1_1_1.run :: [h] epoch=12 step=100 total=0.03954 batch=0.00000
2026-05-15 13:22:39,709 INFO CSMF2.step_1_1_1.run :: [lat] epoch=12 step=100 mean_l2=0.01647 std_l2=0.02260
2026-05-15 13:22:39,881 INFO CSMF2.step_1_1_1.run :: epoch=12 step=100/429 train_nll=-3602.558
2026-05-15 13:22:52,449 INFO CSMF2.step_1_1_1.run :: [h] epoch=12 step=150 total=0.03885 batch=0.00000
2026-05-15 13:22:52,450 INFO CSMF2.step_1_1_1.run :: [lat] epoch=12 step=150 mean_l2=0.03677 std_l2=0.02416
2026-05-15 13:22:52,624 INFO CSMF2.step_1_1_1.run :: epoch=12 step=150/429 train_nll=-3594.208
2026-05-15 13:23:05,216 INFO CSMF2.step_1_1_1.run :: [h] epoch=12 step=200 total=0.03876 batch=0.00000
2026-05-15 13:23:05,216 INFO CSMF2.step_1_1_1.run :: [lat] epoch=12 step=200 mean_l2=0.02146 std_l2=0.02620
2026-05-15 13:23:05,388 INFO CSMF2.step_1_1_1.run :: epoch=12 step=200/429 train_nll=-3586.629
2026-05-15 13:23:17,936 INFO CSMF2.step_1_1_1.run :: [h] epoch=12 step=250 total=0.03840 batch=0.00000
2026-05-15 13:23:17,937 INFO CSMF2.step_1_1_1.run :: [lat] epoch=12 step=250 mean_l2=0.03322 std_l2=0.02683
2026-05-15 13:23:18,109 INFO CSMF2.step_1_1_1.run :: epoch=12 step=250/429 train_nll=-3586.080
2026-05-15 13:23:30,638 INFO CSMF2.step_1_1_1.run :: [h] epoch=12 step=300 total=0.03872 batch=0.00000
2026-05-15 13:23:30,639 INFO CSMF2.step_1_1_1.run :: [lat] epoch=12 step=300 mean_l2=0.01572 std_l2=0.02297
2026-05-15 13:23:30,815 INFO CSMF2.step_1_1_1.run :: epoch=12 step=300/429 train_nll=-3587.123
2026-05-15 13:23:43,323 INFO CSMF2.step_1_1_1.run :: [h] epoch=12 step=350 total=0.03879 batch=0.00000
2026-05-15 13:23:43,324 INFO CSMF2.step_1_1_1.run :: [lat] epoch=12 step=350 mean_l2=0.01244 std_l2=0.01948
2026-05-15 13:23:43,495 INFO CSMF2.step_1_1_1.run :: epoch=12 step=350/429 train_nll=-3591.391
2026-05-15 13:23:55,995 INFO CSMF2.step_1_1_1.run :: [h] epoch=12 step=400 total=0.03868 batch=0.00000
2026-05-15 13:23:55,996 INFO CSMF2.step_1_1_1.run :: [lat] epoch=12 step=400 mean_l2=0.01434 std_l2=0.02108
2026-05-15 13:23:56,168 INFO CSMF2.step_1_1_1.run :: epoch=12 step=400/429 train_nll=-3595.606
2026-05-15 13:24:06,667 INFO CSMF2.step_1_1_1.run :: epoch=12  train_nll=-3597.486  val_nll=-3621.634  t=112.2s
2026-05-15 13:24:06,667 INFO CSMF2.step_1_1_1.run :: [h_std] total=0.03895 batch=0.00000 (no penalty)
2026-05-15 13:24:06,667 INFO CSMF2.step_1_1_1.run :: [lat_epoch] mean_l2=0.02335 std_l2=0.02426 lambda=0.100
2026-05-15 13:24:06,667 INFO CSMF2.step_1_1_1.run :: [grad] cond=12.4263 film_gain=0.0000
2026-05-15 13:24:22,118 INFO CSMF2.step_1_1_1.run :: [h] epoch=13 step=50 total=0.03886 batch=0.00000
2026-05-15 13:24:22,119 INFO CSMF2.step_1_1_1.run :: [lat] epoch=13 step=50 mean_l2=0.01627 std_l2=0.02262
2026-05-15 13:24:22,293 INFO CSMF2.step_1_1_1.run :: epoch=13 step=50/429 train_nll=-3617.803
2026-05-15 13:24:34,879 INFO CSMF2.step_1_1_1.run :: [h] epoch=13 step=100 total=0.03894 batch=0.00000
2026-05-15 13:24:34,880 INFO CSMF2.step_1_1_1.run :: [lat] epoch=13 step=100 mean_l2=0.01580 std_l2=0.02040
2026-05-15 13:24:35,054 INFO CSMF2.step_1_1_1.run :: epoch=13 step=100/429 train_nll=-3618.539
2026-05-15 13:24:47,662 INFO CSMF2.step_1_1_1.run :: [h] epoch=13 step=150 total=0.03887 batch=0.00000
2026-05-15 13:24:47,662 INFO CSMF2.step_1_1_1.run :: [lat] epoch=13 step=150 mean_l2=0.02020 std_l2=0.02407
2026-05-15 13:24:47,835 INFO CSMF2.step_1_1_1.run :: epoch=13 step=150/429 train_nll=-3617.431
2026-05-15 13:25:00,423 INFO CSMF2.step_1_1_1.run :: [h] epoch=13 step=200 total=0.03865 batch=0.00000
2026-05-15 13:25:00,423 INFO CSMF2.step_1_1_1.run :: [lat] epoch=13 step=200 mean_l2=0.01424 std_l2=0.01999
2026-05-15 13:25:00,593 INFO CSMF2.step_1_1_1.run :: epoch=13 step=200/429 train_nll=-3616.658
2026-05-15 13:25:13,226 INFO CSMF2.step_1_1_1.run :: [h] epoch=13 step=250 total=0.03862 batch=0.00000
2026-05-15 13:25:13,226 INFO CSMF2.step_1_1_1.run :: [lat] epoch=13 step=250 mean_l2=0.01507 std_l2=0.02054
2026-05-15 13:25:13,398 INFO CSMF2.step_1_1_1.run :: epoch=13 step=250/429 train_nll=-3618.497
2026-05-15 13:25:26,086 INFO CSMF2.step_1_1_1.run :: [h] epoch=13 step=300 total=0.03855 batch=0.00000
2026-05-15 13:25:26,086 INFO CSMF2.step_1_1_1.run :: [lat] epoch=13 step=300 mean_l2=0.01718 std_l2=0.02074
2026-05-15 13:25:26,259 INFO CSMF2.step_1_1_1.run :: epoch=13 step=300/429 train_nll=-3616.512
2026-05-15 13:25:38,993 INFO CSMF2.step_1_1_1.run :: [h] epoch=13 step=350 total=0.03860 batch=0.00000
2026-05-15 13:25:38,993 INFO CSMF2.step_1_1_1.run :: [lat] epoch=13 step=350 mean_l2=0.01480 std_l2=0.01883
2026-05-15 13:25:39,171 INFO CSMF2.step_1_1_1.run :: epoch=13 step=350/429 train_nll=-3617.606
2026-05-15 13:25:51,980 INFO CSMF2.step_1_1_1.run :: [h] epoch=13 step=400 total=0.03866 batch=0.00000
2026-05-15 13:25:51,981 INFO CSMF2.step_1_1_1.run :: [lat] epoch=13 step=400 mean_l2=0.02217 std_l2=0.02531
2026-05-15 13:25:52,162 INFO CSMF2.step_1_1_1.run :: epoch=13 step=400/429 train_nll=-3617.999
2026-05-15 13:26:03,072 INFO CSMF2.step_1_1_1.run :: epoch=13  train_nll=-3616.923  val_nll=-3616.391  t=113.5s
2026-05-15 13:26:03,072 INFO CSMF2.step_1_1_1.run :: [h_std] total=0.03870 batch=0.00000 (no penalty)
2026-05-15 13:26:03,072 INFO CSMF2.step_1_1_1.run :: [lat_epoch] mean_l2=0.01780 std_l2=0.02194 lambda=0.100
2026-05-15 13:26:03,072 INFO CSMF2.step_1_1_1.run :: [grad] cond=36.3011 film_gain=0.0000
2026-05-15 13:26:19,520 INFO CSMF2.step_1_1_1.run :: [h] epoch=14 step=50 total=0.03844 batch=0.00000
2026-05-15 13:26:19,520 INFO CSMF2.step_1_1_1.run :: [lat] epoch=14 step=50 mean_l2=0.01505 std_l2=0.01915
2026-05-15 13:26:19,708 INFO CSMF2.step_1_1_1.run :: epoch=14 step=50/429 train_nll=-3624.882
2026-05-15 13:26:33,325 INFO CSMF2.step_1_1_1.run :: [h] epoch=14 step=100 total=0.03844 batch=0.00000
2026-05-15 13:26:33,325 INFO CSMF2.step_1_1_1.run :: [lat] epoch=14 step=100 mean_l2=0.01422 std_l2=0.02176
2026-05-15 13:26:33,516 INFO CSMF2.step_1_1_1.run :: epoch=14 step=100/429 train_nll=-3623.874
2026-05-15 13:26:47,104 INFO CSMF2.step_1_1_1.run :: [h] epoch=14 step=150 total=0.03858 batch=0.00000
2026-05-15 13:26:47,104 INFO CSMF2.step_1_1_1.run :: [lat] epoch=14 step=150 mean_l2=0.01414 std_l2=0.01857
2026-05-15 13:26:47,293 INFO CSMF2.step_1_1_1.run :: epoch=14 step=150/429 train_nll=-3624.453
2026-05-15 13:27:00,831 INFO CSMF2.step_1_1_1.run :: [h] epoch=14 step=200 total=0.03843 batch=0.00000
2026-05-15 13:27:00,831 INFO CSMF2.step_1_1_1.run :: [lat] epoch=14 step=200 mean_l2=0.02713 std_l2=0.02824
2026-05-15 13:27:01,017 INFO CSMF2.step_1_1_1.run :: epoch=14 step=200/429 train_nll=-3625.163
2026-05-15 13:27:14,529 INFO CSMF2.step_1_1_1.run :: [h] epoch=14 step=250 total=0.03818 batch=0.00000
2026-05-15 13:27:14,530 INFO CSMF2.step_1_1_1.run :: [lat] epoch=14 step=250 mean_l2=0.05350 std_l2=0.04293
2026-05-15 13:27:14,718 INFO CSMF2.step_1_1_1.run :: epoch=14 step=250/429 train_nll=-3618.505
2026-05-15 13:27:28,302 INFO CSMF2.step_1_1_1.run :: [h] epoch=14 step=300 total=0.03776 batch=0.00000
2026-05-15 13:27:28,303 INFO CSMF2.step_1_1_1.run :: [lat] epoch=14 step=300 mean_l2=0.01255 std_l2=0.01821
2026-05-15 13:27:28,485 INFO CSMF2.step_1_1_1.run :: epoch=14 step=300/429 train_nll=-3616.261
2026-05-15 13:27:41,893 INFO CSMF2.step_1_1_1.run :: [h] epoch=14 step=350 total=0.03791 batch=0.00000
2026-05-15 13:27:41,893 INFO CSMF2.step_1_1_1.run :: [lat] epoch=14 step=350 mean_l2=0.01360 std_l2=0.02053
2026-05-15 13:27:42,077 INFO CSMF2.step_1_1_1.run :: epoch=14 step=350/429 train_nll=-3618.047
2026-05-15 13:27:55,494 INFO CSMF2.step_1_1_1.run :: [h] epoch=14 step=400 total=0.03786 batch=0.00000
2026-05-15 13:27:55,495 INFO CSMF2.step_1_1_1.run :: [lat] epoch=14 step=400 mean_l2=0.01380 std_l2=0.01993
2026-05-15 13:27:55,678 INFO CSMF2.step_1_1_1.run :: epoch=14 step=400/429 train_nll=-3620.107
2026-05-15 13:28:06,932 INFO CSMF2.step_1_1_1.run :: epoch=14  train_nll=-3620.815  val_nll=-3629.826  t=120.9s
2026-05-15 13:28:06,932 INFO CSMF2.step_1_1_1.run :: [h_std] total=0.03814 batch=0.00000 (no penalty)
2026-05-15 13:28:06,932 INFO CSMF2.step_1_1_1.run :: [lat_epoch] mean_l2=0.01689 std_l2=0.02181 lambda=0.100
2026-05-15 13:28:06,932 INFO CSMF2.step_1_1_1.run :: [grad] cond=79.8888 film_gain=0.0000
2026-05-15 13:28:23,223 INFO CSMF2.step_1_1_1.run :: [h] epoch=15 step=50 total=0.03793 batch=0.00000
2026-05-15 13:28:23,223 INFO CSMF2.step_1_1_1.run :: [lat] epoch=15 step=50 mean_l2=0.01427 std_l2=0.01824
2026-05-15 13:28:23,406 INFO CSMF2.step_1_1_1.run :: epoch=15 step=50/429 train_nll=-3632.132
2026-05-15 13:28:36,750 INFO CSMF2.step_1_1_1.run :: [h] epoch=15 step=100 total=0.03812 batch=0.00000
2026-05-15 13:28:36,751 INFO CSMF2.step_1_1_1.run :: [lat] epoch=15 step=100 mean_l2=0.01467 std_l2=0.01984
2026-05-15 13:28:36,934 INFO CSMF2.step_1_1_1.run :: epoch=15 step=100/429 train_nll=-3631.481
2026-05-15 13:28:50,288 INFO CSMF2.step_1_1_1.run :: [h] epoch=15 step=150 total=0.03790 batch=0.00000
2026-05-15 13:28:50,289 INFO CSMF2.step_1_1_1.run :: [lat] epoch=15 step=150 mean_l2=0.01878 std_l2=0.01970
2026-05-15 13:28:50,473 INFO CSMF2.step_1_1_1.run :: epoch=15 step=150/429 train_nll=-3626.872
2026-05-15 13:29:03,841 INFO CSMF2.step_1_1_1.run :: [h] epoch=15 step=200 total=0.03780 batch=0.00000
2026-05-15 13:29:03,841 INFO CSMF2.step_1_1_1.run :: [lat] epoch=15 step=200 mean_l2=0.01332 std_l2=0.02124
2026-05-15 13:29:04,025 INFO CSMF2.step_1_1_1.run :: epoch=15 step=200/429 train_nll=-3627.552
2026-05-15 13:29:17,381 INFO CSMF2.step_1_1_1.run :: [h] epoch=15 step=250 total=0.03781 batch=0.00000
2026-05-15 13:29:17,381 INFO CSMF2.step_1_1_1.run :: [lat] epoch=15 step=250 mean_l2=0.01506 std_l2=0.02025
2026-05-15 13:29:17,565 INFO CSMF2.step_1_1_1.run :: epoch=15 step=250/429 train_nll=-3628.525
2026-05-15 13:29:30,928 INFO CSMF2.step_1_1_1.run :: [h] epoch=15 step=300 total=0.03801 batch=0.00000
2026-05-15 13:29:30,928 INFO CSMF2.step_1_1_1.run :: [lat] epoch=15 step=300 mean_l2=0.01344 std_l2=0.01929
2026-05-15 13:29:31,113 INFO CSMF2.step_1_1_1.run :: epoch=15 step=300/429 train_nll=-3628.889
2026-05-15 13:29:44,494 INFO CSMF2.step_1_1_1.run :: [h] epoch=15 step=350 total=0.03760 batch=0.00000
2026-05-15 13:29:44,494 INFO CSMF2.step_1_1_1.run :: [lat] epoch=15 step=350 mean_l2=0.04026 std_l2=0.02535
2026-05-15 13:29:44,679 INFO CSMF2.step_1_1_1.run :: epoch=15 step=350/429 train_nll=-3629.184
2026-05-15 13:29:58,085 INFO CSMF2.step_1_1_1.run :: [h] epoch=15 step=400 total=0.03705 batch=0.00000
2026-05-15 13:29:58,086 INFO CSMF2.step_1_1_1.run :: [lat] epoch=15 step=400 mean_l2=0.03349 std_l2=0.02089
2026-05-15 13:29:58,272 INFO CSMF2.step_1_1_1.run :: epoch=15 step=400/429 train_nll=-3624.975
2026-05-15 13:30:09,582 INFO CSMF2.step_1_1_1.run :: epoch=15  train_nll=-3622.520  val_nll=-3584.256  t=119.6s
2026-05-15 13:30:09,582 INFO CSMF2.step_1_1_1.run :: [h_std] total=0.03777 batch=0.00000 (no penalty)
2026-05-15 13:30:09,582 INFO CSMF2.step_1_1_1.run :: [lat_epoch] mean_l2=0.01833 std_l2=0.02183 lambda=0.100
2026-05-15 13:30:09,582 INFO CSMF2.step_1_1_1.run :: [grad] cond=74.9918 film_gain=0.0000
2026-05-15 13:30:25,824 INFO CSMF2.step_1_1_1.run :: [h] epoch=16 step=50 total=0.03651 batch=0.00000
2026-05-15 13:30:25,824 INFO CSMF2.step_1_1_1.run :: [lat] epoch=16 step=50 mean_l2=0.03710 std_l2=0.02911
2026-05-15 13:30:26,010 INFO CSMF2.step_1_1_1.run :: epoch=16 step=50/429 train_nll=-3580.865
2026-05-15 13:30:39,438 INFO CSMF2.step_1_1_1.run :: [h] epoch=16 step=100 total=0.03688 batch=0.00000
2026-05-15 13:30:39,439 INFO CSMF2.step_1_1_1.run :: [lat] epoch=16 step=100 mean_l2=0.01292 std_l2=0.02229
2026-05-15 13:30:39,627 INFO CSMF2.step_1_1_1.run :: epoch=16 step=100/429 train_nll=-3596.515
2026-05-15 13:30:53,057 INFO CSMF2.step_1_1_1.run :: [h] epoch=16 step=150 total=0.03694 batch=0.00000
2026-05-15 13:30:53,057 INFO CSMF2.step_1_1_1.run :: [lat] epoch=16 step=150 mean_l2=0.01332 std_l2=0.01825
2026-05-15 13:30:53,244 INFO CSMF2.step_1_1_1.run :: epoch=16 step=150/429 train_nll=-3606.847
2026-05-15 13:31:06,670 INFO CSMF2.step_1_1_1.run :: [h] epoch=16 step=200 total=0.03703 batch=0.00000
2026-05-15 13:31:06,670 INFO CSMF2.step_1_1_1.run :: [lat] epoch=16 step=200 mean_l2=0.01410 std_l2=0.02066
2026-05-15 13:31:06,857 INFO CSMF2.step_1_1_1.run :: epoch=16 step=200/429 train_nll=-3613.348
2026-05-15 13:31:20,281 INFO CSMF2.step_1_1_1.run :: [h] epoch=16 step=250 total=0.03666 batch=0.00000
2026-05-15 13:31:20,281 INFO CSMF2.step_1_1_1.run :: [lat] epoch=16 step=250 mean_l2=0.04819 std_l2=0.02773
2026-05-15 13:31:20,467 INFO CSMF2.step_1_1_1.run :: epoch=16 step=250/429 train_nll=-3613.962
2026-05-15 13:31:33,885 INFO CSMF2.step_1_1_1.run :: [h] epoch=16 step=300 total=0.03649 batch=0.00000
2026-05-15 13:31:33,886 INFO CSMF2.step_1_1_1.run :: [lat] epoch=16 step=300 mean_l2=0.02082 std_l2=0.02375
2026-05-15 13:31:34,073 INFO CSMF2.step_1_1_1.run :: epoch=16 step=300/429 train_nll=-3608.024
2026-05-15 13:31:47,486 INFO CSMF2.step_1_1_1.run :: [h] epoch=16 step=350 total=0.03648 batch=0.00000
2026-05-15 13:31:47,487 INFO CSMF2.step_1_1_1.run :: [lat] epoch=16 step=350 mean_l2=0.01330 std_l2=0.02052
2026-05-15 13:31:47,672 INFO CSMF2.step_1_1_1.run :: epoch=16 step=350/429 train_nll=-3609.987
2026-05-15 13:32:01,058 INFO CSMF2.step_1_1_1.run :: [h] epoch=16 step=400 total=0.03671 batch=0.00000
2026-05-15 13:32:01,059 INFO CSMF2.step_1_1_1.run :: [lat] epoch=16 step=400 mean_l2=0.01325 std_l2=0.01871
2026-05-15 13:32:01,245 INFO CSMF2.step_1_1_1.run :: epoch=16 step=400/429 train_nll=-3613.253
2026-05-15 13:32:12,468 INFO CSMF2.step_1_1_1.run :: epoch=16  train_nll=-3614.281  val_nll=-3616.986  t=120.0s
2026-05-15 13:32:12,468 INFO CSMF2.step_1_1_1.run :: [h_std] total=0.03672 batch=0.00000 (no penalty)
2026-05-15 13:32:12,468 INFO CSMF2.step_1_1_1.run :: [lat_epoch] mean_l2=0.02119 std_l2=0.02318 lambda=0.100
2026-05-15 13:32:12,468 INFO CSMF2.step_1_1_1.run :: [grad] cond=29.3294 film_gain=0.0000
2026-05-15 13:32:28,724 INFO CSMF2.step_1_1_1.run :: [h] epoch=17 step=50 total=0.03647 batch=0.00000
2026-05-15 13:32:28,725 INFO CSMF2.step_1_1_1.run :: [lat] epoch=17 step=50 mean_l2=0.01434 std_l2=0.02263
2026-05-15 13:32:28,912 INFO CSMF2.step_1_1_1.run :: epoch=17 step=50/429 train_nll=-3604.089
2026-05-15 13:32:42,341 INFO CSMF2.step_1_1_1.run :: [h] epoch=17 step=100 total=0.03656 batch=0.00000
2026-05-15 13:32:42,341 INFO CSMF2.step_1_1_1.run :: [lat] epoch=17 step=100 mean_l2=0.01384 std_l2=0.01982
2026-05-15 13:32:42,527 INFO CSMF2.step_1_1_1.run :: epoch=17 step=100/429 train_nll=-3615.994
2026-05-15 13:32:55,971 INFO CSMF2.step_1_1_1.run :: [h] epoch=17 step=150 total=0.03669 batch=0.00000
2026-05-15 13:32:55,971 INFO CSMF2.step_1_1_1.run :: [lat] epoch=17 step=150 mean_l2=0.01335 std_l2=0.02009
2026-05-15 13:32:56,159 INFO CSMF2.step_1_1_1.run :: epoch=17 step=150/429 train_nll=-3621.694
2026-05-15 13:33:09,628 INFO CSMF2.step_1_1_1.run :: [h] epoch=17 step=200 total=0.03642 batch=0.00000
2026-05-15 13:33:09,628 INFO CSMF2.step_1_1_1.run :: [lat] epoch=17 step=200 mean_l2=0.02385 std_l2=0.02377
2026-05-15 13:33:09,817 INFO CSMF2.step_1_1_1.run :: epoch=17 step=200/429 train_nll=-3624.069
2026-05-15 13:33:23,325 INFO CSMF2.step_1_1_1.run :: [h] epoch=17 step=250 total=0.03593 batch=0.00000
2026-05-15 13:33:23,326 INFO CSMF2.step_1_1_1.run :: [lat] epoch=17 step=250 mean_l2=0.01682 std_l2=0.01866
2026-05-15 13:33:23,515 INFO CSMF2.step_1_1_1.run :: epoch=17 step=250/429 train_nll=-3620.416
2026-05-15 13:33:37,058 INFO CSMF2.step_1_1_1.run :: [h] epoch=17 step=300 total=0.03626 batch=0.00000
2026-05-15 13:33:37,058 INFO CSMF2.step_1_1_1.run :: [lat] epoch=17 step=300 mean_l2=0.01421 std_l2=0.01966
2026-05-15 13:33:37,248 INFO CSMF2.step_1_1_1.run :: epoch=17 step=300/429 train_nll=-3619.268
2026-05-15 13:33:50,817 INFO CSMF2.step_1_1_1.run :: [h] epoch=17 step=350 total=0.03621 batch=0.00000
2026-05-15 13:33:50,817 INFO CSMF2.step_1_1_1.run :: [lat] epoch=17 step=350 mean_l2=0.01356 std_l2=0.02315
2026-05-15 13:33:51,006 INFO CSMF2.step_1_1_1.run :: epoch=17 step=350/429 train_nll=-3621.560
2026-05-15 13:34:04,574 INFO CSMF2.step_1_1_1.run :: [h] epoch=17 step=400 total=0.03632 batch=0.00000
2026-05-15 13:34:04,575 INFO CSMF2.step_1_1_1.run :: [lat] epoch=17 step=400 mean_l2=0.02100 std_l2=0.01919
2026-05-15 13:34:04,763 INFO CSMF2.step_1_1_1.run :: epoch=17 step=400/429 train_nll=-3624.009
2026-05-15 13:34:16,084 INFO CSMF2.step_1_1_1.run :: epoch=17  train_nll=-3624.583  val_nll=-3631.748  t=120.7s
2026-05-15 13:34:16,085 INFO CSMF2.step_1_1_1.run :: [h_std] total=0.03637 batch=0.00000 (no penalty)
2026-05-15 13:34:16,085 INFO CSMF2.step_1_1_1.run :: [lat_epoch] mean_l2=0.01799 std_l2=0.02186 lambda=0.100
2026-05-15 13:34:16,085 INFO CSMF2.step_1_1_1.run :: [grad] cond=43.0368 film_gain=0.0000
2026-05-15 13:34:31,530 INFO CSMF2.step_1_1_1.run :: [h] epoch=18 step=50 total=0.03625 batch=0.00000
2026-05-15 13:34:31,530 INFO CSMF2.step_1_1_1.run :: [lat] epoch=18 step=50 mean_l2=0.01308 std_l2=0.02015
2026-05-15 13:34:31,703 INFO CSMF2.step_1_1_1.run :: epoch=18 step=50/429 train_nll=-3638.596
2026-05-15 13:34:44,311 INFO CSMF2.step_1_1_1.run :: [h] epoch=18 step=100 total=0.03604 batch=0.00000
2026-05-15 13:34:44,312 INFO CSMF2.step_1_1_1.run :: [lat] epoch=18 step=100 mean_l2=0.02093 std_l2=0.02617
2026-05-15 13:34:44,486 INFO CSMF2.step_1_1_1.run :: epoch=18 step=100/429 train_nll=-3632.455
2026-05-15 13:34:57,166 INFO CSMF2.step_1_1_1.run :: [h] epoch=18 step=150 total=0.03546 batch=0.00000
2026-05-15 13:34:57,167 INFO CSMF2.step_1_1_1.run :: [lat] epoch=18 step=150 mean_l2=0.03203 std_l2=0.02432
2026-05-15 13:34:57,341 INFO CSMF2.step_1_1_1.run :: epoch=18 step=150/429 train_nll=-3620.806
2026-05-15 13:35:12,398 INFO CSMF2.step_1_1_1.run :: [h] epoch=18 step=200 total=0.03572 batch=0.00000
2026-05-15 13:35:12,399 INFO CSMF2.step_1_1_1.run :: [lat] epoch=18 step=200 mean_l2=0.01432 std_l2=0.02010
2026-05-15 13:35:12,621 INFO CSMF2.step_1_1_1.run :: epoch=18 step=200/429 train_nll=-3618.049
2026-05-15 13:35:29,733 INFO CSMF2.step_1_1_1.run :: [h] epoch=18 step=250 total=0.03569 batch=0.00000
2026-05-15 13:35:29,734 INFO CSMF2.step_1_1_1.run :: [lat] epoch=18 step=250 mean_l2=0.01211 std_l2=0.02044
2026-05-15 13:35:29,955 INFO CSMF2.step_1_1_1.run :: epoch=18 step=250/429 train_nll=-3620.789
2026-05-15 13:35:47,062 INFO CSMF2.step_1_1_1.run :: [h] epoch=18 step=300 total=0.03585 batch=0.00000
2026-05-15 13:35:47,063 INFO CSMF2.step_1_1_1.run :: [lat] epoch=18 step=300 mean_l2=0.01263 std_l2=0.02028
2026-05-15 13:35:47,283 INFO CSMF2.step_1_1_1.run :: epoch=18 step=300/429 train_nll=-3623.379
2026-05-15 13:36:04,372 INFO CSMF2.step_1_1_1.run :: [h] epoch=18 step=350 total=0.03590 batch=0.00000
2026-05-15 13:36:04,373 INFO CSMF2.step_1_1_1.run :: [lat] epoch=18 step=350 mean_l2=0.01568 std_l2=0.01939
2026-05-15 13:36:04,594 INFO CSMF2.step_1_1_1.run :: epoch=18 step=350/429 train_nll=-3625.563
2026-05-15 13:36:21,700 INFO CSMF2.step_1_1_1.run :: [h] epoch=18 step=400 total=0.03585 batch=0.00000
2026-05-15 13:36:21,701 INFO CSMF2.step_1_1_1.run :: [lat] epoch=18 step=400 mean_l2=0.01291 std_l2=0.01850
2026-05-15 13:36:21,923 INFO CSMF2.step_1_1_1.run :: epoch=18 step=400/429 train_nll=-3627.884
2026-05-15 13:36:36,841 INFO CSMF2.step_1_1_1.run :: epoch=18  train_nll=-3628.912  val_nll=-3636.970  t=137.8s
2026-05-15 13:36:36,841 INFO CSMF2.step_1_1_1.run :: [h_std] total=0.03592 batch=0.00000 (no penalty)
2026-05-15 13:36:36,841 INFO CSMF2.step_1_1_1.run :: [lat_epoch] mean_l2=0.01734 std_l2=0.02145 lambda=0.100
2026-05-15 13:36:36,841 INFO CSMF2.step_1_1_1.run :: [grad] cond=90.4497 film_gain=0.0000
2026-05-15 13:36:52,943 INFO CSMF2.step_1_1_1.run :: [h] epoch=19 step=50 total=0.03620 batch=0.00000
2026-05-15 13:36:52,943 INFO CSMF2.step_1_1_1.run :: [lat] epoch=19 step=50 mean_l2=0.04401 std_l2=0.03123
2026-05-15 13:36:53,129 INFO CSMF2.step_1_1_1.run :: epoch=19 step=50/429 train_nll=-3633.946
2026-05-15 13:37:06,314 INFO CSMF2.step_1_1_1.run :: [h] epoch=19 step=100 total=0.03567 batch=0.00000
2026-05-15 13:37:06,314 INFO CSMF2.step_1_1_1.run :: [lat] epoch=19 step=100 mean_l2=0.01389 std_l2=0.01908
2026-05-15 13:37:06,498 INFO CSMF2.step_1_1_1.run :: epoch=19 step=100/429 train_nll=-3623.739
2026-05-15 13:37:19,680 INFO CSMF2.step_1_1_1.run :: [h] epoch=19 step=150 total=0.03564 batch=0.00000
2026-05-15 13:37:19,681 INFO CSMF2.step_1_1_1.run :: [lat] epoch=19 step=150 mean_l2=0.01209 std_l2=0.01959
2026-05-15 13:37:19,863 INFO CSMF2.step_1_1_1.run :: epoch=19 step=150/429 train_nll=-3628.317
2026-05-15 13:37:33,054 INFO CSMF2.step_1_1_1.run :: [h] epoch=19 step=200 total=0.03560 batch=0.00000
2026-05-15 13:37:33,054 INFO CSMF2.step_1_1_1.run :: [lat] epoch=19 step=200 mean_l2=0.01271 std_l2=0.01838
2026-05-15 13:37:33,241 INFO CSMF2.step_1_1_1.run :: epoch=19 step=200/429 train_nll=-3631.803
2026-05-15 13:37:46,438 INFO CSMF2.step_1_1_1.run :: [h] epoch=19 step=250 total=0.03499 batch=0.00000
2026-05-15 13:37:46,439 INFO CSMF2.step_1_1_1.run :: [lat] epoch=19 step=250 mean_l2=0.03755 std_l2=0.04121
2026-05-15 13:37:46,621 INFO CSMF2.step_1_1_1.run :: epoch=19 step=250/429 train_nll=-3626.096
2026-05-15 13:37:59,820 INFO CSMF2.step_1_1_1.run :: [h] epoch=19 step=300 total=0.03526 batch=0.00000
2026-05-15 13:37:59,821 INFO CSMF2.step_1_1_1.run :: [lat] epoch=19 step=300 mean_l2=0.01298 std_l2=0.02126
2026-05-15 13:38:00,008 INFO CSMF2.step_1_1_1.run :: epoch=19 step=300/429 train_nll=-3621.214
2026-05-15 13:38:13,175 INFO CSMF2.step_1_1_1.run :: [h] epoch=19 step=350 total=0.03535 batch=0.00000
2026-05-15 13:38:13,176 INFO CSMF2.step_1_1_1.run :: [lat] epoch=19 step=350 mean_l2=0.01321 std_l2=0.02016
2026-05-15 13:38:13,358 INFO CSMF2.step_1_1_1.run :: epoch=19 step=350/429 train_nll=-3623.123
2026-05-15 13:38:26,561 INFO CSMF2.step_1_1_1.run :: [h] epoch=19 step=400 total=0.03536 batch=0.00000
2026-05-15 13:38:26,561 INFO CSMF2.step_1_1_1.run :: [lat] epoch=19 step=400 mean_l2=0.01408 std_l2=0.02162
2026-05-15 13:38:26,748 INFO CSMF2.step_1_1_1.run :: epoch=19 step=400/429 train_nll=-3625.689
2026-05-15 13:38:37,688 INFO CSMF2.step_1_1_1.run :: epoch=19  train_nll=-3626.786  val_nll=-3638.714  t=117.8s
2026-05-15 13:38:37,689 INFO CSMF2.step_1_1_1.run :: [h_std] total=0.03552 batch=0.00000 (no penalty)
2026-05-15 13:38:37,689 INFO CSMF2.step_1_1_1.run :: [lat_epoch] mean_l2=0.01903 std_l2=0.02241 lambda=0.100
2026-05-15 13:38:37,689 INFO CSMF2.step_1_1_1.run :: [grad] cond=28.1121 film_gain=0.0000
2026-05-15 13:38:53,467 INFO CSMF2.step_1_1_1.run :: [h] epoch=20 step=50 total=0.03535 batch=0.00000
2026-05-15 13:38:53,468 INFO CSMF2.step_1_1_1.run :: [lat] epoch=20 step=50 mean_l2=0.01355 std_l2=0.01946
2026-05-15 13:38:53,645 INFO CSMF2.step_1_1_1.run :: epoch=20 step=50/429 train_nll=-3644.396
2026-05-15 13:39:06,546 INFO CSMF2.step_1_1_1.run :: [h] epoch=20 step=100 total=0.03554 batch=0.00000
2026-05-15 13:39:06,547 INFO CSMF2.step_1_1_1.run :: [lat] epoch=20 step=100 mean_l2=0.01428 std_l2=0.01917
2026-05-15 13:39:06,725 INFO CSMF2.step_1_1_1.run :: epoch=20 step=100/429 train_nll=-3642.831
2026-05-15 13:39:19,598 INFO CSMF2.step_1_1_1.run :: [h] epoch=20 step=150 total=0.03545 batch=0.00000
2026-05-15 13:39:19,598 INFO CSMF2.step_1_1_1.run :: [lat] epoch=20 step=150 mean_l2=0.01414 std_l2=0.01936
2026-05-15 13:39:19,775 INFO CSMF2.step_1_1_1.run :: epoch=20 step=150/429 train_nll=-3642.465
2026-05-15 13:39:32,687 INFO CSMF2.step_1_1_1.run :: [h] epoch=20 step=200 total=0.03553 batch=0.00000
2026-05-15 13:39:32,687 INFO CSMF2.step_1_1_1.run :: [lat] epoch=20 step=200 mean_l2=0.01238 std_l2=0.01971
2026-05-15 13:39:32,867 INFO CSMF2.step_1_1_1.run :: epoch=20 step=200/429 train_nll=-3642.791
2026-05-15 13:39:45,803 INFO CSMF2.step_1_1_1.run :: [h] epoch=20 step=250 total=0.03525 batch=0.00000
2026-05-15 13:39:45,804 INFO CSMF2.step_1_1_1.run :: [lat] epoch=20 step=250 mean_l2=0.01873 std_l2=0.02017
2026-05-15 13:39:45,981 INFO CSMF2.step_1_1_1.run :: epoch=20 step=250/429 train_nll=-3642.870
2026-05-15 13:39:58,918 INFO CSMF2.step_1_1_1.run :: [h] epoch=20 step=300 total=0.03488 batch=0.00000
2026-05-15 13:39:58,918 INFO CSMF2.step_1_1_1.run :: [lat] epoch=20 step=300 mean_l2=0.03499 std_l2=0.02968
2026-05-15 13:39:59,098 INFO CSMF2.step_1_1_1.run :: epoch=20 step=300/429 train_nll=-3639.819
2026-05-15 13:40:12,055 INFO CSMF2.step_1_1_1.run :: [h] epoch=20 step=350 total=0.03441 batch=0.00000
2026-05-15 13:40:12,056 INFO CSMF2.step_1_1_1.run :: [lat] epoch=20 step=350 mean_l2=0.01770 std_l2=0.02416
2026-05-15 13:40:12,238 INFO CSMF2.step_1_1_1.run :: epoch=20 step=350/429 train_nll=-3637.208
2026-05-15 13:40:25,232 INFO CSMF2.step_1_1_1.run :: [h] epoch=20 step=400 total=0.03475 batch=0.00000
2026-05-15 13:40:25,232 INFO CSMF2.step_1_1_1.run :: [lat] epoch=20 step=400 mean_l2=0.01565 std_l2=0.01962
2026-05-15 13:40:25,418 INFO CSMF2.step_1_1_1.run :: epoch=20 step=400/429 train_nll=-3637.146
2026-05-15 13:40:36,182 INFO CSMF2.step_1_1_1.run :: epoch=20  train_nll=-3633.691  val_nll=-3563.255  t=115.6s
2026-05-15 13:40:36,183 INFO CSMF2.step_1_1_1.run :: [h_std] total=0.03517 batch=0.00000 (no penalty)
2026-05-15 13:40:36,183 INFO CSMF2.step_1_1_1.run :: [lat_epoch] mean_l2=0.01821 std_l2=0.02140 lambda=0.100
2026-05-15 13:40:36,183 INFO CSMF2.step_1_1_1.run :: [grad] cond=98.7687 film_gain=0.0000
2026-05-15 13:40:51,745 INFO CSMF2.step_1_1_1.run :: [h] epoch=21 step=50 total=0.03435 batch=0.00000
2026-05-15 13:40:51,745 INFO CSMF2.step_1_1_1.run :: [lat] epoch=21 step=50 mean_l2=0.02723 std_l2=0.02885
2026-05-15 13:40:51,920 INFO CSMF2.step_1_1_1.run :: epoch=21 step=50/429 train_nll=-3574.896
2026-05-15 13:41:04,584 INFO CSMF2.step_1_1_1.run :: [h] epoch=21 step=100 total=0.03438 batch=0.00000
2026-05-15 13:41:04,584 INFO CSMF2.step_1_1_1.run :: [lat] epoch=21 step=100 mean_l2=0.01320 std_l2=0.01940
2026-05-15 13:41:04,760 INFO CSMF2.step_1_1_1.run :: epoch=21 step=100/429 train_nll=-3596.262
2026-05-15 13:41:17,530 INFO CSMF2.step_1_1_1.run :: [h] epoch=21 step=150 total=0.03462 batch=0.00000
2026-05-15 13:41:17,530 INFO CSMF2.step_1_1_1.run :: [lat] epoch=21 step=150 mean_l2=0.01324 std_l2=0.02044
2026-05-15 13:41:17,706 INFO CSMF2.step_1_1_1.run :: epoch=21 step=150/429 train_nll=-3609.529
2026-05-15 13:41:30,395 INFO CSMF2.step_1_1_1.run :: [h] epoch=21 step=200 total=0.03462 batch=0.00000
2026-05-15 13:41:30,395 INFO CSMF2.step_1_1_1.run :: [lat] epoch=21 step=200 mean_l2=0.01344 std_l2=0.01850
2026-05-15 13:41:30,570 INFO CSMF2.step_1_1_1.run :: epoch=21 step=200/429 train_nll=-3617.889
2026-05-15 13:41:43,252 INFO CSMF2.step_1_1_1.run :: [h] epoch=21 step=250 total=0.03466 batch=0.00000
2026-05-15 13:41:43,253 INFO CSMF2.step_1_1_1.run :: [lat] epoch=21 step=250 mean_l2=0.01293 std_l2=0.02227
2026-05-15 13:41:43,428 INFO CSMF2.step_1_1_1.run :: epoch=21 step=250/429 train_nll=-3623.262
2026-05-15 13:41:56,075 INFO CSMF2.step_1_1_1.run :: [h] epoch=21 step=300 total=0.03425 batch=0.00000
2026-05-15 13:41:56,075 INFO CSMF2.step_1_1_1.run :: [lat] epoch=21 step=300 mean_l2=0.03141 std_l2=0.02885
2026-05-15 13:41:56,250 INFO CSMF2.step_1_1_1.run :: epoch=21 step=300/429 train_nll=-3622.622
2026-05-15 13:42:08,896 INFO CSMF2.step_1_1_1.run :: [h] epoch=21 step=350 total=0.03410 batch=0.00000
2026-05-15 13:42:08,896 INFO CSMF2.step_1_1_1.run :: [lat] epoch=21 step=350 mean_l2=0.01321 std_l2=0.01985
2026-05-15 13:42:09,072 INFO CSMF2.step_1_1_1.run :: epoch=21 step=350/429 train_nll=-3619.736
2026-05-15 13:42:21,697 INFO CSMF2.step_1_1_1.run :: [h] epoch=21 step=400 total=0.03419 batch=0.00000
2026-05-15 13:42:21,698 INFO CSMF2.step_1_1_1.run :: [lat] epoch=21 step=400 mean_l2=0.01136 std_l2=0.02043
2026-05-15 13:42:21,877 INFO CSMF2.step_1_1_1.run :: epoch=21 step=400/429 train_nll=-3622.978
2026-05-15 13:42:32,439 INFO CSMF2.step_1_1_1.run :: epoch=21  train_nll=-3624.676  val_nll=-3642.873  t=113.3s
2026-05-15 13:42:32,439 INFO CSMF2.step_1_1_1.run :: [h_std] total=0.03438 batch=0.00000 (no penalty)
2026-05-15 13:42:32,439 INFO CSMF2.step_1_1_1.run :: [lat_epoch] mean_l2=0.02007 std_l2=0.02253 lambda=0.100
2026-05-15 13:42:32,439 INFO CSMF2.step_1_1_1.run :: [grad] cond=11.4043 film_gain=0.0000
2026-05-15 13:42:48,243 INFO CSMF2.step_1_1_1.run :: [h] epoch=22 step=50 total=0.03410 batch=0.00000
2026-05-15 13:42:48,243 INFO CSMF2.step_1_1_1.run :: [lat] epoch=22 step=50 mean_l2=0.01362 std_l2=0.01905
2026-05-15 13:42:48,425 INFO CSMF2.step_1_1_1.run :: epoch=22 step=50/429 train_nll=-3647.898
2026-05-15 13:43:01,392 INFO CSMF2.step_1_1_1.run :: [h] epoch=22 step=100 total=0.03419 batch=0.00000
2026-05-15 13:43:01,392 INFO CSMF2.step_1_1_1.run :: [lat] epoch=22 step=100 mean_l2=0.01385 std_l2=0.01836
2026-05-15 13:43:01,575 INFO CSMF2.step_1_1_1.run :: epoch=22 step=100/429 train_nll=-3647.090
2026-05-15 13:43:14,590 INFO CSMF2.step_1_1_1.run :: [h] epoch=22 step=150 total=0.03418 batch=0.00000
2026-05-15 13:43:14,591 INFO CSMF2.step_1_1_1.run :: [lat] epoch=22 step=150 mean_l2=0.02099 std_l2=0.02080
2026-05-15 13:43:14,776 INFO CSMF2.step_1_1_1.run :: epoch=22 step=150/429 train_nll=-3645.773
2026-05-15 13:43:27,864 INFO CSMF2.step_1_1_1.run :: [h] epoch=22 step=200 total=0.03423 batch=0.00000
2026-05-15 13:43:27,864 INFO CSMF2.step_1_1_1.run :: [lat] epoch=22 step=200 mean_l2=0.01211 std_l2=0.01791
2026-05-15 13:43:28,049 INFO CSMF2.step_1_1_1.run :: epoch=22 step=200/429 train_nll=-3644.577
2026-05-15 13:43:41,714 INFO CSMF2.step_1_1_1.run :: [h] epoch=22 step=250 total=0.03428 batch=0.00000
2026-05-15 13:43:41,714 INFO CSMF2.step_1_1_1.run :: [lat] epoch=22 step=250 mean_l2=0.01266 std_l2=0.01965
2026-05-15 13:43:41,909 INFO CSMF2.step_1_1_1.run :: epoch=22 step=250/429 train_nll=-3645.927
2026-05-15 13:43:55,754 INFO CSMF2.step_1_1_1.run :: [h] epoch=22 step=300 total=0.03426 batch=0.00000
2026-05-15 13:43:55,755 INFO CSMF2.step_1_1_1.run :: [lat] epoch=22 step=300 mean_l2=0.01395 std_l2=0.01852
2026-05-15 13:43:55,949 INFO CSMF2.step_1_1_1.run :: epoch=22 step=300/429 train_nll=-3646.769
2026-05-15 13:44:09,822 INFO CSMF2.step_1_1_1.run :: [h] epoch=22 step=350 total=0.03426 batch=0.00000
2026-05-15 13:44:09,823 INFO CSMF2.step_1_1_1.run :: [lat] epoch=22 step=350 mean_l2=0.01243 std_l2=0.01988
2026-05-15 13:44:10,017 INFO CSMF2.step_1_1_1.run :: epoch=22 step=350/429 train_nll=-3647.433
2026-05-15 13:44:23,894 INFO CSMF2.step_1_1_1.run :: [h] epoch=22 step=400 total=0.03423 batch=0.00000
2026-05-15 13:44:23,894 INFO CSMF2.step_1_1_1.run :: [lat] epoch=22 step=400 mean_l2=0.03039 std_l2=0.02219
2026-05-15 13:44:24,090 INFO CSMF2.step_1_1_1.run :: epoch=22 step=400/429 train_nll=-3645.879
2026-05-15 13:44:35,630 INFO CSMF2.step_1_1_1.run :: epoch=22  train_nll=-3645.173  val_nll=-3639.902  t=120.3s
2026-05-15 13:44:35,630 INFO CSMF2.step_1_1_1.run :: [h_std] total=0.03423 batch=0.00000 (no penalty)
2026-05-15 13:44:35,630 INFO CSMF2.step_1_1_1.run :: [lat_epoch] mean_l2=0.01468 std_l2=0.02005 lambda=0.100
2026-05-15 13:44:35,630 INFO CSMF2.step_1_1_1.run :: [grad] cond=28.3572 film_gain=0.0000
2026-05-15 13:44:52,499 INFO CSMF2.step_1_1_1.run :: [h] epoch=23 step=50 total=0.03405 batch=0.00000
2026-05-15 13:44:52,499 INFO CSMF2.step_1_1_1.run :: [lat] epoch=23 step=50 mean_l2=0.01249 std_l2=0.02019
2026-05-15 13:44:52,696 INFO CSMF2.step_1_1_1.run :: epoch=23 step=50/429 train_nll=-3648.836
2026-05-15 13:45:06,756 INFO CSMF2.step_1_1_1.run :: [h] epoch=23 step=100 total=0.03415 batch=0.00000
2026-05-15 13:45:06,757 INFO CSMF2.step_1_1_1.run :: [lat] epoch=23 step=100 mean_l2=0.01404 std_l2=0.02034
2026-05-15 13:45:06,959 INFO CSMF2.step_1_1_1.run :: epoch=23 step=100/429 train_nll=-3648.802
2026-05-15 13:45:21,019 INFO CSMF2.step_1_1_1.run :: [h] epoch=23 step=150 total=0.03354 batch=0.00000
2026-05-15 13:45:21,019 INFO CSMF2.step_1_1_1.run :: [lat] epoch=23 step=150 mean_l2=0.03004 std_l2=0.02161
2026-05-15 13:45:21,217 INFO CSMF2.step_1_1_1.run :: epoch=23 step=150/429 train_nll=-3637.014
2026-05-15 13:45:35,287 INFO CSMF2.step_1_1_1.run :: [h] epoch=23 step=200 total=0.03364 batch=0.00000
2026-05-15 13:45:35,287 INFO CSMF2.step_1_1_1.run :: [lat] epoch=23 step=200 mean_l2=0.01529 std_l2=0.01972
2026-05-15 13:45:35,482 INFO CSMF2.step_1_1_1.run :: epoch=23 step=200/429 train_nll=-3634.419
2026-05-15 13:45:49,512 INFO CSMF2.step_1_1_1.run :: [h] epoch=23 step=250 total=0.03365 batch=0.00000
2026-05-15 13:45:49,512 INFO CSMF2.step_1_1_1.run :: [lat] epoch=23 step=250 mean_l2=0.01248 std_l2=0.01983
2026-05-15 13:45:49,713 INFO CSMF2.step_1_1_1.run :: epoch=23 step=250/429 train_nll=-3637.187
2026-05-15 13:46:03,760 INFO CSMF2.step_1_1_1.run :: [h] epoch=23 step=300 total=0.03385 batch=0.00000
2026-05-15 13:46:03,760 INFO CSMF2.step_1_1_1.run :: [lat] epoch=23 step=300 mean_l2=0.01197 std_l2=0.01826
2026-05-15 13:46:03,959 INFO CSMF2.step_1_1_1.run :: epoch=23 step=300/429 train_nll=-3639.538
2026-05-15 13:46:18,000 INFO CSMF2.step_1_1_1.run :: [h] epoch=23 step=350 total=0.03386 batch=0.00000
2026-05-15 13:46:18,001 INFO CSMF2.step_1_1_1.run :: [lat] epoch=23 step=350 mean_l2=0.01295 std_l2=0.01932
2026-05-15 13:46:18,203 INFO CSMF2.step_1_1_1.run :: epoch=23 step=350/429 train_nll=-3641.366
2026-05-15 13:46:32,271 INFO CSMF2.step_1_1_1.run :: [h] epoch=23 step=400 total=0.03361 batch=0.00000
2026-05-15 13:46:32,272 INFO CSMF2.step_1_1_1.run :: [lat] epoch=23 step=400 mean_l2=0.01470 std_l2=0.03541
2026-05-15 13:46:32,467 INFO CSMF2.step_1_1_1.run :: epoch=23 step=400/429 train_nll=-3641.000
2026-05-15 13:46:44,287 INFO CSMF2.step_1_1_1.run :: epoch=23  train_nll=-3640.599  val_nll=-3637.731  t=125.7s
2026-05-15 13:46:44,287 INFO CSMF2.step_1_1_1.run :: [h_std] total=0.03380 batch=0.00000 (no penalty)
2026-05-15 13:46:44,287 INFO CSMF2.step_1_1_1.run :: [lat_epoch] mean_l2=0.01666 std_l2=0.02091 lambda=0.100
2026-05-15 13:46:44,287 INFO CSMF2.step_1_1_1.run :: [grad] cond=44.6167 film_gain=0.0000
2026-05-15 13:47:01,160 INFO CSMF2.step_1_1_1.run :: [h] epoch=24 step=50 total=0.03318 batch=0.00000
2026-05-15 13:47:01,161 INFO CSMF2.step_1_1_1.run :: [lat] epoch=24 step=50 mean_l2=0.02326 std_l2=0.02301
2026-05-15 13:47:01,355 INFO CSMF2.step_1_1_1.run :: epoch=24 step=50/429 train_nll=-3610.378
2026-05-15 13:47:15,310 INFO CSMF2.step_1_1_1.run :: [h] epoch=24 step=100 total=0.03329 batch=0.00000
2026-05-15 13:47:15,311 INFO CSMF2.step_1_1_1.run :: [lat] epoch=24 step=100 mean_l2=0.01433 std_l2=0.02036
2026-05-15 13:47:15,510 INFO CSMF2.step_1_1_1.run :: epoch=24 step=100/429 train_nll=-3615.841
2026-05-15 13:47:29,474 INFO CSMF2.step_1_1_1.run :: [h] epoch=24 step=150 total=0.03320 batch=0.00000
2026-05-15 13:47:29,474 INFO CSMF2.step_1_1_1.run :: [lat] epoch=24 step=150 mean_l2=0.01250 std_l2=0.01931
2026-05-15 13:47:29,668 INFO CSMF2.step_1_1_1.run :: epoch=24 step=150/429 train_nll=-3625.403
2026-05-15 13:47:43,609 INFO CSMF2.step_1_1_1.run :: [h] epoch=24 step=200 total=0.03326 batch=0.00000
2026-05-15 13:47:43,610 INFO CSMF2.step_1_1_1.run :: [lat] epoch=24 step=200 mean_l2=0.01185 std_l2=0.01901
2026-05-15 13:47:43,804 INFO CSMF2.step_1_1_1.run :: epoch=24 step=200/429 train_nll=-3631.677
2026-05-15 13:47:57,734 INFO CSMF2.step_1_1_1.run :: [h] epoch=24 step=250 total=0.03319 batch=0.00000
2026-05-15 13:47:57,734 INFO CSMF2.step_1_1_1.run :: [lat] epoch=24 step=250 mean_l2=0.01262 std_l2=0.02006
2026-05-15 13:47:57,933 INFO CSMF2.step_1_1_1.run :: epoch=24 step=250/429 train_nll=-3635.805
2026-05-15 13:48:11,938 INFO CSMF2.step_1_1_1.run :: [h] epoch=24 step=300 total=0.03324 batch=0.00000
2026-05-15 13:48:11,939 INFO CSMF2.step_1_1_1.run :: [lat] epoch=24 step=300 mean_l2=0.01401 std_l2=0.01861
2026-05-15 13:48:12,134 INFO CSMF2.step_1_1_1.run :: epoch=24 step=300/429 train_nll=-3638.429
2026-05-15 13:48:26,016 INFO CSMF2.step_1_1_1.run :: [h] epoch=24 step=350 total=0.03327 batch=0.00000
2026-05-15 13:48:26,017 INFO CSMF2.step_1_1_1.run :: [lat] epoch=24 step=350 mean_l2=0.01225 std_l2=0.02042
2026-05-15 13:48:26,213 INFO CSMF2.step_1_1_1.run :: epoch=24 step=350/429 train_nll=-3640.023
2026-05-15 13:48:40,125 INFO CSMF2.step_1_1_1.run :: [h] epoch=24 step=400 total=0.03320 batch=0.00000
2026-05-15 13:48:40,125 INFO CSMF2.step_1_1_1.run :: [lat] epoch=24 step=400 mean_l2=0.01381 std_l2=0.01684
2026-05-15 13:48:40,321 INFO CSMF2.step_1_1_1.run :: epoch=24 step=400/429 train_nll=-3642.009
2026-05-15 13:48:51,866 INFO CSMF2.step_1_1_1.run :: epoch=24  train_nll=-3642.807  val_nll=-3645.428  t=124.6s
2026-05-15 13:48:51,866 INFO CSMF2.step_1_1_1.run :: [h_std] total=0.03324 batch=0.00000 (no penalty)
2026-05-15 13:48:51,866 INFO CSMF2.step_1_1_1.run :: [lat_epoch] mean_l2=0.01618 std_l2=0.02089 lambda=0.100
2026-05-15 13:48:51,866 INFO CSMF2.step_1_1_1.run :: [grad] cond=64.3725 film_gain=0.0000
2026-05-15 13:49:12,684 INFO CSMF2.step_1_1_1.run :: [h] epoch=25 step=50 total=0.03329 batch=0.00000
2026-05-15 13:49:12,685 INFO CSMF2.step_1_1_1.run :: [lat] epoch=25 step=50 mean_l2=0.01404 std_l2=0.01680
2026-05-15 13:49:12,917 INFO CSMF2.step_1_1_1.run :: epoch=25 step=50/429 train_nll=-3653.109
2026-05-15 13:49:30,373 INFO CSMF2.step_1_1_1.run :: [h] epoch=25 step=100 total=0.03324 batch=0.00000
2026-05-15 13:49:30,374 INFO CSMF2.step_1_1_1.run :: [lat] epoch=25 step=100 mean_l2=0.04358 std_l2=0.02559
2026-05-15 13:49:30,600 INFO CSMF2.step_1_1_1.run :: epoch=25 step=100/429 train_nll=-3638.248
2026-05-15 13:49:48,113 INFO CSMF2.step_1_1_1.run :: [h] epoch=25 step=150 total=0.03290 batch=0.00000
2026-05-15 13:49:48,114 INFO CSMF2.step_1_1_1.run :: [lat] epoch=25 step=150 mean_l2=0.01660 std_l2=0.01994
2026-05-15 13:49:48,340 INFO CSMF2.step_1_1_1.run :: epoch=25 step=150/429 train_nll=-3629.733
2026-05-15 13:50:05,862 INFO CSMF2.step_1_1_1.run :: [h] epoch=25 step=200 total=0.03300 batch=0.00000
2026-05-15 13:50:05,863 INFO CSMF2.step_1_1_1.run :: [lat] epoch=25 step=200 mean_l2=0.01291 std_l2=0.01985
2026-05-15 13:50:06,095 INFO CSMF2.step_1_1_1.run :: epoch=25 step=200/429 train_nll=-3633.555
2026-05-15 13:50:23,668 INFO CSMF2.step_1_1_1.run :: [h] epoch=25 step=250 total=0.03302 batch=0.00000
2026-05-15 13:50:23,669 INFO CSMF2.step_1_1_1.run :: [lat] epoch=25 step=250 mean_l2=0.01303 std_l2=0.01673
2026-05-15 13:50:23,896 INFO CSMF2.step_1_1_1.run :: epoch=25 step=250/429 train_nll=-3637.334
2026-05-15 13:50:41,484 INFO CSMF2.step_1_1_1.run :: [h] epoch=25 step=300 total=0.03308 batch=0.00000
2026-05-15 13:50:41,485 INFO CSMF2.step_1_1_1.run :: [lat] epoch=25 step=300 mean_l2=0.01263 std_l2=0.02060
2026-05-15 13:50:41,716 INFO CSMF2.step_1_1_1.run :: epoch=25 step=300/429 train_nll=-3639.808
2026-05-15 13:50:59,296 INFO CSMF2.step_1_1_1.run :: [h] epoch=25 step=350 total=0.03305 batch=0.00000
2026-05-15 13:50:59,297 INFO CSMF2.step_1_1_1.run :: [lat] epoch=25 step=350 mean_l2=0.01200 std_l2=0.01966
2026-05-15 13:50:59,529 INFO CSMF2.step_1_1_1.run :: epoch=25 step=350/429 train_nll=-3641.301
2026-05-15 13:51:17,108 INFO CSMF2.step_1_1_1.run :: [h] epoch=25 step=400 total=0.03311 batch=0.00000
2026-05-15 13:51:17,109 INFO CSMF2.step_1_1_1.run :: [lat] epoch=25 step=400 mean_l2=0.01503 std_l2=0.02111
2026-05-15 13:51:17,339 INFO CSMF2.step_1_1_1.run :: epoch=25 step=400/429 train_nll=-3643.120
2026-05-15 13:51:32,528 INFO CSMF2.step_1_1_1.run :: epoch=25  train_nll=-3641.995  val_nll=-3621.073  t=157.4s
2026-05-15 13:51:32,528 INFO CSMF2.step_1_1_1.run :: [h_std] total=0.03301 batch=0.00000 (no penalty)
2026-05-15 13:51:32,528 INFO CSMF2.step_1_1_1.run :: [lat_epoch] mean_l2=0.01709 std_l2=0.02092 lambda=0.100
2026-05-15 13:51:32,528 INFO CSMF2.step_1_1_1.run :: [grad] cond=81.7623 film_gain=0.0000
2026-05-15 13:51:48,625 INFO CSMF2.step_1_1_1.run :: [h] epoch=26 step=50 total=0.03252 batch=0.00000
2026-05-15 13:51:48,626 INFO CSMF2.step_1_1_1.run :: [lat] epoch=26 step=50 mean_l2=0.01307 std_l2=0.01938
2026-05-15 13:51:48,807 INFO CSMF2.step_1_1_1.run :: epoch=26 step=50/429 train_nll=-3642.186
2026-05-15 13:52:01,961 INFO CSMF2.step_1_1_1.run :: [h] epoch=26 step=100 total=0.03281 batch=0.00000
2026-05-15 13:52:01,962 INFO CSMF2.step_1_1_1.run :: [lat] epoch=26 step=100 mean_l2=0.01385 std_l2=0.01926
2026-05-15 13:52:02,148 INFO CSMF2.step_1_1_1.run :: epoch=26 step=100/429 train_nll=-3646.636
2026-05-15 13:52:15,332 INFO CSMF2.step_1_1_1.run :: [h] epoch=26 step=150 total=0.03264 batch=0.00000
2026-05-15 13:52:15,333 INFO CSMF2.step_1_1_1.run :: [lat] epoch=26 step=150 mean_l2=0.01378 std_l2=0.01937
2026-05-15 13:52:15,519 INFO CSMF2.step_1_1_1.run :: epoch=26 step=150/429 train_nll=-3648.027
2026-05-15 13:52:28,707 INFO CSMF2.step_1_1_1.run :: [h] epoch=26 step=200 total=0.03275 batch=0.00000
2026-05-15 13:52:28,707 INFO CSMF2.step_1_1_1.run :: [lat] epoch=26 step=200 mean_l2=0.01455 std_l2=0.01885
2026-05-15 13:52:28,895 INFO CSMF2.step_1_1_1.run :: epoch=26 step=200/429 train_nll=-3649.423
2026-05-15 13:52:42,103 INFO CSMF2.step_1_1_1.run :: [h] epoch=26 step=250 total=0.03284 batch=0.00000
2026-05-15 13:52:42,104 INFO CSMF2.step_1_1_1.run :: [lat] epoch=26 step=250 mean_l2=0.03353 std_l2=0.02680
2026-05-15 13:52:42,291 INFO CSMF2.step_1_1_1.run :: epoch=26 step=250/429 train_nll=-3647.950
2026-05-15 13:52:55,459 INFO CSMF2.step_1_1_1.run :: [h] epoch=26 step=300 total=0.03195 batch=0.00000
2026-05-15 13:52:55,459 INFO CSMF2.step_1_1_1.run :: [lat] epoch=26 step=300 mean_l2=0.02331 std_l2=0.02309
2026-05-15 13:52:55,647 INFO CSMF2.step_1_1_1.run :: epoch=26 step=300/429 train_nll=-3642.846
2026-05-15 13:53:08,807 INFO CSMF2.step_1_1_1.run :: [h] epoch=26 step=350 total=0.03179 batch=0.00000
2026-05-15 13:53:08,808 INFO CSMF2.step_1_1_1.run :: [lat] epoch=26 step=350 mean_l2=0.02858 std_l2=0.02255
2026-05-15 13:53:08,994 INFO CSMF2.step_1_1_1.run :: epoch=26 step=350/429 train_nll=-3636.815
2026-05-15 13:53:22,168 INFO CSMF2.step_1_1_1.run :: [h] epoch=26 step=400 total=0.03160 batch=0.00000
2026-05-15 13:53:22,169 INFO CSMF2.step_1_1_1.run :: [lat] epoch=26 step=400 mean_l2=0.01023 std_l2=0.01941
2026-05-15 13:53:22,356 INFO CSMF2.step_1_1_1.run :: epoch=26 step=400/429 train_nll=-3636.749
2026-05-15 13:53:33,277 INFO CSMF2.step_1_1_1.run :: epoch=26  train_nll=-3637.665  val_nll=-3645.014  t=117.7s
2026-05-15 13:53:33,278 INFO CSMF2.step_1_1_1.run :: [h_std] total=0.03232 batch=0.00000 (no penalty)
2026-05-15 13:53:33,278 INFO CSMF2.step_1_1_1.run :: [lat_epoch] mean_l2=0.01853 std_l2=0.02152 lambda=0.100
2026-05-15 13:53:33,278 INFO CSMF2.step_1_1_1.run :: [grad] cond=12.9454 film_gain=0.0000
2026-05-15 13:53:49,501 INFO CSMF2.step_1_1_1.run :: [h] epoch=27 step=50 total=0.03171 batch=0.00000
2026-05-15 13:53:49,502 INFO CSMF2.step_1_1_1.run :: [lat] epoch=27 step=50 mean_l2=0.01284 std_l2=0.01917
2026-05-15 13:53:49,690 INFO CSMF2.step_1_1_1.run :: epoch=27 step=50/429 train_nll=-3653.256
2026-05-15 13:54:03,082 INFO CSMF2.step_1_1_1.run :: [h] epoch=27 step=100 total=0.03189 batch=0.00000
2026-05-15 13:54:03,083 INFO CSMF2.step_1_1_1.run :: [lat] epoch=27 step=100 mean_l2=0.01407 std_l2=0.01882
2026-05-15 13:54:03,274 INFO CSMF2.step_1_1_1.run :: epoch=27 step=100/429 train_nll=-3653.480
2026-05-15 13:54:16,638 INFO CSMF2.step_1_1_1.run :: [h] epoch=27 step=150 total=0.03189 batch=0.00000
2026-05-15 13:54:16,639 INFO CSMF2.step_1_1_1.run :: [lat] epoch=27 step=150 mean_l2=0.01370 std_l2=0.01957
2026-05-15 13:54:16,825 INFO CSMF2.step_1_1_1.run :: epoch=27 step=150/429 train_nll=-3653.124
2026-05-15 13:54:30,194 INFO CSMF2.step_1_1_1.run :: [h] epoch=27 step=200 total=0.03137 batch=0.00000
2026-05-15 13:54:30,194 INFO CSMF2.step_1_1_1.run :: [lat] epoch=27 step=200 mean_l2=0.03694 std_l2=0.02183
2026-05-15 13:54:30,385 INFO CSMF2.step_1_1_1.run :: epoch=27 step=200/429 train_nll=-3651.928
2026-05-15 13:54:43,808 INFO CSMF2.step_1_1_1.run :: [h] epoch=27 step=250 total=0.03186 batch=0.00000
2026-05-15 13:54:43,808 INFO CSMF2.step_1_1_1.run :: [lat] epoch=27 step=250 mean_l2=0.01378 std_l2=0.01852
2026-05-15 13:54:44,004 INFO CSMF2.step_1_1_1.run :: epoch=27 step=250/429 train_nll=-3650.139
2026-05-15 13:54:57,406 INFO CSMF2.step_1_1_1.run :: [h] epoch=27 step=300 total=0.03195 batch=0.00000
2026-05-15 13:54:57,407 INFO CSMF2.step_1_1_1.run :: [lat] epoch=27 step=300 mean_l2=0.01137 std_l2=0.01859
2026-05-15 13:54:57,598 INFO CSMF2.step_1_1_1.run :: epoch=27 step=300/429 train_nll=-3650.882
2026-05-15 13:55:11,036 INFO CSMF2.step_1_1_1.run :: [h] epoch=27 step=350 total=0.03210 batch=0.00000
2026-05-15 13:55:11,037 INFO CSMF2.step_1_1_1.run :: [lat] epoch=27 step=350 mean_l2=0.01580 std_l2=0.02013
2026-05-15 13:55:11,226 INFO CSMF2.step_1_1_1.run :: epoch=27 step=350/429 train_nll=-3651.680
2026-05-15 13:55:24,728 INFO CSMF2.step_1_1_1.run :: [h] epoch=27 step=400 total=0.03187 batch=0.00000
2026-05-15 13:55:24,729 INFO CSMF2.step_1_1_1.run :: [lat] epoch=27 step=400 mean_l2=0.01332 std_l2=0.01911
2026-05-15 13:55:24,911 INFO CSMF2.step_1_1_1.run :: epoch=27 step=400/429 train_nll=-3652.448
2026-05-15 13:55:35,975 INFO CSMF2.step_1_1_1.run :: epoch=27  train_nll=-3652.708  val_nll=-3650.908  t=119.8s
2026-05-15 13:55:35,975 INFO CSMF2.step_1_1_1.run :: [h_std] total=0.03187 batch=0.00000 (no penalty)
2026-05-15 13:55:35,975 INFO CSMF2.step_1_1_1.run :: [lat_epoch] mean_l2=0.01386 std_l2=0.01986 lambda=0.100
2026-05-15 13:55:35,975 INFO CSMF2.step_1_1_1.run :: [grad] cond=23.3611 film_gain=0.0000
2026-05-15 13:55:52,907 INFO CSMF2.step_1_1_1.run :: [h] epoch=28 step=50 total=0.03194 batch=0.00000
2026-05-15 13:55:52,908 INFO CSMF2.step_1_1_1.run :: [lat] epoch=28 step=50 mean_l2=0.01501 std_l2=0.02086
2026-05-15 13:55:53,107 INFO CSMF2.step_1_1_1.run :: epoch=28 step=50/429 train_nll=-3656.798
2026-05-15 13:56:07,155 INFO CSMF2.step_1_1_1.run :: [h] epoch=28 step=100 total=0.03197 batch=0.00000
2026-05-15 13:56:07,155 INFO CSMF2.step_1_1_1.run :: [lat] epoch=28 step=100 mean_l2=0.01674 std_l2=0.01991
2026-05-15 13:56:07,354 INFO CSMF2.step_1_1_1.run :: epoch=28 step=100/429 train_nll=-3655.486
2026-05-15 13:56:21,399 INFO CSMF2.step_1_1_1.run :: [h] epoch=28 step=150 total=0.03183 batch=0.00000
2026-05-15 13:56:21,400 INFO CSMF2.step_1_1_1.run :: [lat] epoch=28 step=150 mean_l2=0.02847 std_l2=0.02476
2026-05-15 13:56:21,600 INFO CSMF2.step_1_1_1.run :: epoch=28 step=150/429 train_nll=-3650.222
2026-05-15 13:56:35,683 INFO CSMF2.step_1_1_1.run :: [h] epoch=28 step=200 total=0.03160 batch=0.00000
2026-05-15 13:56:35,683 INFO CSMF2.step_1_1_1.run :: [lat] epoch=28 step=200 mean_l2=0.01524 std_l2=0.02084
2026-05-15 13:56:35,883 INFO CSMF2.step_1_1_1.run :: epoch=28 step=200/429 train_nll=-3645.071
2026-05-15 13:56:49,955 INFO CSMF2.step_1_1_1.run :: [h] epoch=28 step=250 total=0.03133 batch=0.00000
2026-05-15 13:56:49,956 INFO CSMF2.step_1_1_1.run :: [lat] epoch=28 step=250 mean_l2=0.03247 std_l2=0.02563
2026-05-15 13:56:50,156 INFO CSMF2.step_1_1_1.run :: epoch=28 step=250/429 train_nll=-3641.944
2026-05-15 13:57:04,194 INFO CSMF2.step_1_1_1.run :: [h] epoch=28 step=300 total=0.03143 batch=0.00000
2026-05-15 13:57:04,194 INFO CSMF2.step_1_1_1.run :: [lat] epoch=28 step=300 mean_l2=0.01201 std_l2=0.01684
2026-05-15 13:57:04,393 INFO CSMF2.step_1_1_1.run :: epoch=28 step=300/429 train_nll=-3641.575
2026-05-15 13:57:18,408 INFO CSMF2.step_1_1_1.run :: [h] epoch=28 step=350 total=0.03140 batch=0.00000
2026-05-15 13:57:18,409 INFO CSMF2.step_1_1_1.run :: [lat] epoch=28 step=350 mean_l2=0.01299 std_l2=0.02083
2026-05-15 13:57:18,607 INFO CSMF2.step_1_1_1.run :: epoch=28 step=350/429 train_nll=-3643.379
2026-05-15 13:57:32,608 INFO CSMF2.step_1_1_1.run :: [h] epoch=28 step=400 total=0.03146 batch=0.00000
2026-05-15 13:57:32,608 INFO CSMF2.step_1_1_1.run :: [lat] epoch=28 step=400 mean_l2=0.01446 std_l2=0.02064
2026-05-15 13:57:32,806 INFO CSMF2.step_1_1_1.run :: epoch=28 step=400/429 train_nll=-3645.338
2026-05-15 13:57:44,424 INFO CSMF2.step_1_1_1.run :: epoch=28  train_nll=-3646.074  val_nll=-3650.489  t=125.5s
2026-05-15 13:57:44,424 INFO CSMF2.step_1_1_1.run :: [h_std] total=0.03166 batch=0.00000 (no penalty)
2026-05-15 13:57:44,424 INFO CSMF2.step_1_1_1.run :: [lat_epoch] mean_l2=0.01647 std_l2=0.02081 lambda=0.100
2026-05-15 13:57:44,424 INFO CSMF2.step_1_1_1.run :: [grad] cond=110.0233 film_gain=0.0000
2026-05-15 13:58:00,302 INFO CSMF2.step_1_1_1.run :: [h] epoch=29 step=50 total=0.03145 batch=0.00000
2026-05-15 13:58:00,303 INFO CSMF2.step_1_1_1.run :: [lat] epoch=29 step=50 mean_l2=0.01372 std_l2=0.01878
2026-05-15 13:58:00,483 INFO CSMF2.step_1_1_1.run :: epoch=29 step=50/429 train_nll=-3656.095
2026-05-15 13:58:13,375 INFO CSMF2.step_1_1_1.run :: [h] epoch=29 step=100 total=0.03153 batch=0.00000
2026-05-15 13:58:13,376 INFO CSMF2.step_1_1_1.run :: [lat] epoch=29 step=100 mean_l2=0.01446 std_l2=0.01885
2026-05-15 13:58:13,557 INFO CSMF2.step_1_1_1.run :: epoch=29 step=100/429 train_nll=-3655.370
2026-05-15 13:58:26,448 INFO CSMF2.step_1_1_1.run :: [h] epoch=29 step=150 total=0.03162 batch=0.00000
2026-05-15 13:58:26,449 INFO CSMF2.step_1_1_1.run :: [lat] epoch=29 step=150 mean_l2=0.01958 std_l2=0.02324
2026-05-15 13:58:26,628 INFO CSMF2.step_1_1_1.run :: epoch=29 step=150/429 train_nll=-3652.977
2026-05-15 13:58:39,498 INFO CSMF2.step_1_1_1.run :: [h] epoch=29 step=200 total=0.03164 batch=0.00000
2026-05-15 13:58:39,499 INFO CSMF2.step_1_1_1.run :: [lat] epoch=29 step=200 mean_l2=0.01733 std_l2=0.02049
2026-05-15 13:58:39,678 INFO CSMF2.step_1_1_1.run :: epoch=29 step=200/429 train_nll=-3646.461
2026-05-15 13:58:52,578 INFO CSMF2.step_1_1_1.run :: [h] epoch=29 step=250 total=0.03150 batch=0.00000
2026-05-15 13:58:52,579 INFO CSMF2.step_1_1_1.run :: [lat] epoch=29 step=250 mean_l2=0.01533 std_l2=0.02299
2026-05-15 13:58:52,758 INFO CSMF2.step_1_1_1.run :: epoch=29 step=250/429 train_nll=-3643.431
2026-05-15 13:59:05,605 INFO CSMF2.step_1_1_1.run :: [h] epoch=29 step=300 total=0.03149 batch=0.00000
2026-05-15 13:59:05,606 INFO CSMF2.step_1_1_1.run :: [lat] epoch=29 step=300 mean_l2=0.02238 std_l2=0.02514
2026-05-15 13:59:05,785 INFO CSMF2.step_1_1_1.run :: epoch=29 step=300/429 train_nll=-3642.548
2026-05-15 13:59:18,646 INFO CSMF2.step_1_1_1.run :: [h] epoch=29 step=350 total=0.03127 batch=0.00000
2026-05-15 13:59:18,647 INFO CSMF2.step_1_1_1.run :: [lat] epoch=29 step=350 mean_l2=0.01482 std_l2=0.02545
2026-05-15 13:59:18,826 INFO CSMF2.step_1_1_1.run :: epoch=29 step=350/429 train_nll=-3641.373
2026-05-15 13:59:31,815 INFO CSMF2.step_1_1_1.run :: [h] epoch=29 step=400 total=0.03118 batch=0.00000
2026-05-15 13:59:31,815 INFO CSMF2.step_1_1_1.run :: [lat] epoch=29 step=400 mean_l2=0.02939 std_l2=0.02366
2026-05-15 13:59:32,008 INFO CSMF2.step_1_1_1.run :: epoch=29 step=400/429 train_nll=-3640.914
2026-05-15 13:59:43,014 INFO CSMF2.step_1_1_1.run :: epoch=29  train_nll=-3640.113  val_nll=-3617.008  t=115.5s
2026-05-15 13:59:43,014 INFO CSMF2.step_1_1_1.run :: [h_std] total=0.03138 batch=0.00000 (no penalty)
2026-05-15 13:59:43,014 INFO CSMF2.step_1_1_1.run :: [lat_epoch] mean_l2=0.01929 std_l2=0.02199 lambda=0.100
2026-05-15 13:59:43,014 INFO CSMF2.step_1_1_1.run :: [grad] cond=39.8763 film_gain=0.0000
2026-05-15 13:59:46,042 WARNING CSMF2.step_1_1_1.run :: [exit_gate] fwd_rel=0.873 > target 0.500 (informational; no resume baseline available)
2026-05-15 13:59:52,665 INFO CSMF2.step_1_1_1.run :: [run] FINAL test_nll (sealed 10k) = -3617.717
2026-05-15 13:59:53,283 INFO CSMF2.experiments.step_1_1_1.density_plots :: [plot_latent_density] saved -> CSMF2/experiments/step_1_1_1/results/nsf_s2_n0.10_seed0_6fb3543bf3f8/plots/latent_density.png  (ks=0.0072, mean=-0.016, std=0.992)
2026-05-15 13:59:53,592 INFO CSMF2.experiments.step_1_1_1.density_plots :: [plot_cycle_density] saved -> CSMF2/experiments/step_1_1_1/results/nsf_s2_n0.10_seed0_6fb3543bf3f8/plots/cycle_density.png  (max|err|=3.332e-04 rms=2.986e-06)
2026-05-15 13:59:53,872 INFO CSMF2.experiments.step_1_1_1.density_plots :: [plot_reconstruction_panel] saved -> CSMF2/experiments/step_1_1_1/results/nsf_s2_n0.10_seed0_6fb3543bf3f8/plots/reconstruction_panel.png  rms(enc-prior)=1.846
==============================================================
[1mSTEP-1_1_1 RUN SUMMARY[0m
==============================================================
expert: nsf   scale: 2   noise: 0.1   seed: 0   epochs: 30
train NLL:    -3177.99  ->    -3640.11  (Δ = -462.12)
test  NLL:    -3450.91  ->    -3617.01

[1mHARD GATES (halt on fail)[0m
  [32m 30/30  ✓[0m  invertibility FP64 <1e-5
  [32m 30/30  ✓[0m  latent KS vs N(0,1) <0.05
  [33m 29/30  ✗[0m  cycle_max < 1e-12
  [32m 30/30  ✓[0m  h std > 1e-3
  [32m 30/30  ✓[0m  FiLM γ,β std > 1e-3 aggregate
  [32m 30/30  ✓[0m  (y,seed) max|Δh| < 1e-6
  [32m 30/30  ✓[0m  no NaN/Inf this epoch
  [32m  1/1   ✓[0m  numeric log-det (FP64, once)

[1mINFORMATIONAL (logged, non-blocking)[0m
  [33m 28/30  ✗[0m  null-control gap ≥ 0.10
  [31m  0/30  ✗[0m  h_st Δlogp slope > 1e-3
  [32m 30/30  ✓[0m  grad norm > 1e-6
  [32m 30/30  ✓[0m  fwd residual reported
--------------------------------------------------------------
[1mHARD TOTAL: 210/211[0m  (99.5%)
[1mEXIT_CRITERIA_MET:[0m [31mNO[0m
[1mREMEDY HINTS:[0m
  - hard gate failed: cycle_max (cycle_max < 1e-12) -- check epochs [18]
[33mSTEP-1_1_1 SOFT WARNINGS (non-blocking):[0m
  ! fwd_rel=0.873 > target 0.500 (informational; no resume baseline available)
==============================================================
2026-05-15 13:59:53,933 INFO CSMF2.step_1_1_1.run :: STEP-1_1 run DONE  exit_ok=False  out=CSMF2/experiments/step_1_1_1/results/nsf_s2_n0.10_seed0_6fb3543bf3f8
>>> 13:59:54 expert=nsf noise=0.1 lam=1.0 v2=off
2026-05-15 13:59:55,576 INFO CSMF2.step_1_1_1.run :: STEP-1_1 run | tag=nsf_s2_n0.10_seed0_1f6a8030ff2c | cfg=StepCfg(data_root='./mnist_data', scale=2, blur_sigma=1.0, noise_sigma=0.1, batch_size=128, expert='nsf', dim=784, cond_width=128, h_dim=256, flow_hidden=256, use_film=True, cache_h=True, use_v2_conditioner=False, film_depth=2, film_hidden=128, film_use_gelu=True, realnvp_n_couplings=6, realnvp_s_max=2.0, glow_n_steps=8, glow_coupling_hidden=256, glow_s_max=2.0, glow_squeeze=True, glow_n_levels=1, glow_image_c=1, glow_image_h=28, glow_image_w=28, glow_film_gain_init=0.3, lr=0.001, epochs=30, weight_decay=0.0, grad_clip=5.0, shuffle_loss_lambda=0.0, shuffle_loss_margin=0.5, h_std_penalty_mu=0.0, h_std_target=0.05, cond_y_residual_alpha_init=0.0, latent_moment_lambda=1.0, latent_ks_target=0.1, fwd_rel_target=0.5, resume_from=None, seed=0, out_root='./CSMF2/experiments/step_1_1_1/results', log_every=50, sanity_every_epoch=True)
2026-05-15 13:59:55,675 INFO CSMF2.step_1_1_1.run :: [run] data sizes: train=55000  val=5000 (per-epoch)  test=10000 (final-only)
2026-05-15 13:59:55,734 INFO CSMF2.step_1_1_1.run :: [y_sanity] y.std(dim=0).mean() = 0.1512  shape=(128, 1, 14, 14)
2026-05-15 14:00:06,947 INFO CSMF2.step_1_1_1.run :: [h] epoch=0 step=50 total=0.01316 batch=0.00010
2026-05-15 14:00:06,948 INFO CSMF2.step_1_1_1.run :: [lat] epoch=0 step=50 mean_l2=0.21363 std_l2=0.13416
2026-05-15 14:00:07,084 INFO CSMF2.step_1_1_1.run :: epoch=0 step=50/429 train_nll=-2089.159
2026-05-15 14:00:18,278 INFO CSMF2.step_1_1_1.run :: [h] epoch=0 step=100 total=0.01352 batch=0.00003
2026-05-15 14:00:18,278 INFO CSMF2.step_1_1_1.run :: [lat] epoch=0 step=100 mean_l2=0.06801 std_l2=0.07425
2026-05-15 14:00:18,414 INFO CSMF2.step_1_1_1.run :: epoch=0 step=100/429 train_nll=-2597.630
2026-05-15 14:00:29,584 INFO CSMF2.step_1_1_1.run :: [h] epoch=0 step=150 total=0.01711 batch=0.00005
2026-05-15 14:00:29,584 INFO CSMF2.step_1_1_1.run :: [lat] epoch=0 step=150 mean_l2=0.06159 std_l2=0.06414
2026-05-15 14:00:29,719 INFO CSMF2.step_1_1_1.run :: epoch=0 step=150/429 train_nll=-2827.748
2026-05-15 14:00:40,888 INFO CSMF2.step_1_1_1.run :: [h] epoch=0 step=200 total=0.01767 batch=0.00002
2026-05-15 14:00:40,889 INFO CSMF2.step_1_1_1.run :: [lat] epoch=0 step=200 mean_l2=0.08218 std_l2=0.04887
2026-05-15 14:00:41,025 INFO CSMF2.step_1_1_1.run :: epoch=0 step=200/429 train_nll=-2951.675
2026-05-15 14:00:52,233 INFO CSMF2.step_1_1_1.run :: [h] epoch=0 step=250 total=0.01935 batch=0.00003
2026-05-15 14:00:52,234 INFO CSMF2.step_1_1_1.run :: [lat] epoch=0 step=250 mean_l2=0.03651 std_l2=0.04633
2026-05-15 14:00:52,370 INFO CSMF2.step_1_1_1.run :: epoch=0 step=250/429 train_nll=-3033.901
2026-05-15 14:01:03,557 INFO CSMF2.step_1_1_1.run :: [h] epoch=0 step=300 total=0.01994 batch=0.00001
2026-05-15 14:01:03,557 INFO CSMF2.step_1_1_1.run :: [lat] epoch=0 step=300 mean_l2=0.05403 std_l2=0.05248
2026-05-15 14:01:03,693 INFO CSMF2.step_1_1_1.run :: epoch=0 step=300/429 train_nll=-3090.730
2026-05-15 14:01:14,876 INFO CSMF2.step_1_1_1.run :: [h] epoch=0 step=350 total=0.02794 batch=0.00004
2026-05-15 14:01:14,877 INFO CSMF2.step_1_1_1.run :: [lat] epoch=0 step=350 mean_l2=0.03484 std_l2=0.02962
2026-05-15 14:01:15,012 INFO CSMF2.step_1_1_1.run :: epoch=0 step=350/429 train_nll=-3138.045
2026-05-15 14:01:26,155 INFO CSMF2.step_1_1_1.run :: [h] epoch=0 step=400 total=0.02510 batch=0.00001
2026-05-15 14:01:26,156 INFO CSMF2.step_1_1_1.run :: [lat] epoch=0 step=400 mean_l2=0.03724 std_l2=0.02815
2026-05-15 14:01:26,290 INFO CSMF2.step_1_1_1.run :: epoch=0 step=400/429 train_nll=-3171.613
2026-05-15 14:01:36,261 INFO CSMF2.step_1_1_1.run :: epoch=0  train_nll=-3188.441  val_nll=-3432.962  t=100.4s
2026-05-15 14:01:36,261 INFO CSMF2.step_1_1_1.run :: [h_std] total=0.01975 batch=0.00008 (no penalty)
2026-05-15 14:01:36,261 INFO CSMF2.step_1_1_1.run :: [lat_epoch] mean_l2=0.17659 std_l2=0.12342 lambda=1.000
2026-05-15 14:01:36,261 INFO CSMF2.step_1_1_1.run :: [grad] cond=14.5264 film_gain=0.0000
2026-05-15 14:01:50,524 INFO CSMF2.step_1_1_1.run :: [h] epoch=1 step=50 total=0.03111 batch=0.00001
2026-05-15 14:01:50,525 INFO CSMF2.step_1_1_1.run :: [lat] epoch=1 step=50 mean_l2=0.04114 std_l2=0.03721
2026-05-15 14:01:50,658 INFO CSMF2.step_1_1_1.run :: epoch=1 step=50/429 train_nll=-3426.425
2026-05-15 14:02:01,946 INFO CSMF2.step_1_1_1.run :: [h] epoch=1 step=100 total=0.03454 batch=0.00002
2026-05-15 14:02:01,947 INFO CSMF2.step_1_1_1.run :: [lat] epoch=1 step=100 mean_l2=0.05933 std_l2=0.03397
2026-05-15 14:02:02,083 INFO CSMF2.step_1_1_1.run :: epoch=1 step=100/429 train_nll=-3441.650
2026-05-15 14:02:13,322 INFO CSMF2.step_1_1_1.run :: [h] epoch=1 step=150 total=0.03489 batch=0.00001
2026-05-15 14:02:13,322 INFO CSMF2.step_1_1_1.run :: [lat] epoch=1 step=150 mean_l2=0.05185 std_l2=0.02871
2026-05-15 14:02:13,461 INFO CSMF2.step_1_1_1.run :: epoch=1 step=150/429 train_nll=-3445.361
2026-05-15 14:02:24,820 INFO CSMF2.step_1_1_1.run :: [h] epoch=1 step=200 total=0.03833 batch=0.00000
2026-05-15 14:02:24,821 INFO CSMF2.step_1_1_1.run :: [lat] epoch=1 step=200 mean_l2=0.05006 std_l2=0.03520
2026-05-15 14:02:24,962 INFO CSMF2.step_1_1_1.run :: epoch=1 step=200/429 train_nll=-3447.528
2026-05-15 14:02:36,778 INFO CSMF2.step_1_1_1.run :: [h] epoch=1 step=250 total=0.03919 batch=0.00000
2026-05-15 14:02:36,779 INFO CSMF2.step_1_1_1.run :: [lat] epoch=1 step=250 mean_l2=0.01841 std_l2=0.02739
2026-05-15 14:02:36,937 INFO CSMF2.step_1_1_1.run :: epoch=1 step=250/429 train_nll=-3450.609
2026-05-15 14:02:49,209 INFO CSMF2.step_1_1_1.run :: [h] epoch=1 step=300 total=0.04076 batch=0.00000
2026-05-15 14:02:49,209 INFO CSMF2.step_1_1_1.run :: [lat] epoch=1 step=300 mean_l2=0.06415 std_l2=0.03912
2026-05-15 14:02:49,370 INFO CSMF2.step_1_1_1.run :: epoch=1 step=300/429 train_nll=-3455.251
2026-05-15 14:03:01,906 INFO CSMF2.step_1_1_1.run :: [h] epoch=1 step=350 total=0.04035 batch=0.00000
2026-05-15 14:03:01,907 INFO CSMF2.step_1_1_1.run :: [lat] epoch=1 step=350 mean_l2=0.03054 std_l2=0.03884
2026-05-15 14:03:02,072 INFO CSMF2.step_1_1_1.run :: epoch=1 step=350/429 train_nll=-3455.682
2026-05-15 14:03:14,675 INFO CSMF2.step_1_1_1.run :: [h] epoch=1 step=400 total=0.04348 batch=0.00000
2026-05-15 14:03:14,676 INFO CSMF2.step_1_1_1.run :: [lat] epoch=1 step=400 mean_l2=0.02464 std_l2=0.02462
2026-05-15 14:03:14,838 INFO CSMF2.step_1_1_1.run :: epoch=1 step=400/429 train_nll=-3460.358
2026-05-15 14:03:25,552 INFO CSMF2.step_1_1_1.run :: epoch=1  train_nll=-3459.798  val_nll=-3471.108  t=106.1s
2026-05-15 14:03:25,552 INFO CSMF2.step_1_1_1.run :: [h_std] total=0.03736 batch=0.00001 (no penalty)
2026-05-15 14:03:25,552 INFO CSMF2.step_1_1_1.run :: [lat_epoch] mean_l2=0.04041 std_l2=0.03104 lambda=1.000
2026-05-15 14:03:25,552 INFO CSMF2.step_1_1_1.run :: [grad] cond=29.1592 film_gain=0.0000
2026-05-15 14:03:40,878 INFO CSMF2.step_1_1_1.run :: [h] epoch=2 step=50 total=0.04243 batch=0.00000
2026-05-15 14:03:40,878 INFO CSMF2.step_1_1_1.run :: [lat] epoch=2 step=50 mean_l2=0.06094 std_l2=0.03797
2026-05-15 14:03:41,042 INFO CSMF2.step_1_1_1.run :: epoch=2 step=50/429 train_nll=-3489.722
2026-05-15 14:03:53,367 INFO CSMF2.step_1_1_1.run :: [h] epoch=2 step=100 total=0.04289 batch=0.00000
2026-05-15 14:03:53,367 INFO CSMF2.step_1_1_1.run :: [lat] epoch=2 step=100 mean_l2=0.05119 std_l2=0.02951
2026-05-15 14:03:53,531 INFO CSMF2.step_1_1_1.run :: epoch=2 step=100/429 train_nll=-3483.267
2026-05-15 14:04:05,866 INFO CSMF2.step_1_1_1.run :: [h] epoch=2 step=150 total=0.04263 batch=0.00000
2026-05-15 14:04:05,866 INFO CSMF2.step_1_1_1.run :: [lat] epoch=2 step=150 mean_l2=0.04533 std_l2=0.03136
2026-05-15 14:04:06,025 INFO CSMF2.step_1_1_1.run :: epoch=2 step=150/429 train_nll=-3479.525
2026-05-15 14:04:18,393 INFO CSMF2.step_1_1_1.run :: [h] epoch=2 step=200 total=0.04349 batch=0.00000
2026-05-15 14:04:18,393 INFO CSMF2.step_1_1_1.run :: [lat] epoch=2 step=200 mean_l2=0.02056 std_l2=0.02569
2026-05-15 14:04:18,556 INFO CSMF2.step_1_1_1.run :: epoch=2 step=200/429 train_nll=-3481.996
2026-05-15 14:04:30,940 INFO CSMF2.step_1_1_1.run :: [h] epoch=2 step=250 total=0.04485 batch=0.00000
2026-05-15 14:04:30,941 INFO CSMF2.step_1_1_1.run :: [lat] epoch=2 step=250 mean_l2=0.03885 std_l2=0.02409
2026-05-15 14:04:31,101 INFO CSMF2.step_1_1_1.run :: epoch=2 step=250/429 train_nll=-3489.678
2026-05-15 14:04:43,492 INFO CSMF2.step_1_1_1.run :: [h] epoch=2 step=300 total=0.04514 batch=0.00000
2026-05-15 14:04:43,493 INFO CSMF2.step_1_1_1.run :: [lat] epoch=2 step=300 mean_l2=0.03618 std_l2=0.02903
2026-05-15 14:04:43,655 INFO CSMF2.step_1_1_1.run :: epoch=2 step=300/429 train_nll=-3488.547
2026-05-15 14:04:56,029 INFO CSMF2.step_1_1_1.run :: [h] epoch=2 step=350 total=0.04494 batch=0.00000
2026-05-15 14:04:56,030 INFO CSMF2.step_1_1_1.run :: [lat] epoch=2 step=350 mean_l2=0.02264 std_l2=0.03095
2026-05-15 14:04:56,191 INFO CSMF2.step_1_1_1.run :: epoch=2 step=350/429 train_nll=-3490.914
2026-05-15 14:05:08,607 INFO CSMF2.step_1_1_1.run :: [h] epoch=2 step=400 total=0.04500 batch=0.00000
2026-05-15 14:05:08,608 INFO CSMF2.step_1_1_1.run :: [lat] epoch=2 step=400 mean_l2=0.01571 std_l2=0.02072
2026-05-15 14:05:08,770 INFO CSMF2.step_1_1_1.run :: epoch=2 step=400/429 train_nll=-3494.240
2026-05-15 14:05:19,506 INFO CSMF2.step_1_1_1.run :: epoch=2  train_nll=-3496.559  val_nll=-3536.465  t=110.9s
2026-05-15 14:05:19,506 INFO CSMF2.step_1_1_1.run :: [h_std] total=0.04394 batch=0.00000 (no penalty)
2026-05-15 14:05:19,506 INFO CSMF2.step_1_1_1.run :: [lat_epoch] mean_l2=0.03501 std_l2=0.02835 lambda=1.000
2026-05-15 14:05:19,506 INFO CSMF2.step_1_1_1.run :: [grad] cond=39.6752 film_gain=0.0000
2026-05-15 14:05:34,199 INFO CSMF2.step_1_1_1.run :: [h] epoch=3 step=50 total=0.04608 batch=0.00000
2026-05-15 14:05:34,200 INFO CSMF2.step_1_1_1.run :: [lat] epoch=3 step=50 mean_l2=0.03749 std_l2=0.03433
2026-05-15 14:05:34,350 INFO CSMF2.step_1_1_1.run :: epoch=3 step=50/429 train_nll=-3532.989
2026-05-15 14:05:45,879 INFO CSMF2.step_1_1_1.run :: [h] epoch=3 step=100 total=0.04612 batch=0.00000
2026-05-15 14:05:45,880 INFO CSMF2.step_1_1_1.run :: [lat] epoch=3 step=100 mean_l2=0.01905 std_l2=0.01981
2026-05-15 14:05:46,029 INFO CSMF2.step_1_1_1.run :: epoch=3 step=100/429 train_nll=-3530.343
2026-05-15 14:05:57,548 INFO CSMF2.step_1_1_1.run :: [h] epoch=3 step=150 total=0.04536 batch=0.00000
2026-05-15 14:05:57,549 INFO CSMF2.step_1_1_1.run :: [lat] epoch=3 step=150 mean_l2=0.06741 std_l2=0.03034
2026-05-15 14:05:57,698 INFO CSMF2.step_1_1_1.run :: epoch=3 step=150/429 train_nll=-3524.950
2026-05-15 14:06:09,221 INFO CSMF2.step_1_1_1.run :: [h] epoch=3 step=200 total=0.04413 batch=0.00000
2026-05-15 14:06:09,221 INFO CSMF2.step_1_1_1.run :: [lat] epoch=3 step=200 mean_l2=0.02625 std_l2=0.02827
2026-05-15 14:06:09,369 INFO CSMF2.step_1_1_1.run :: epoch=3 step=200/429 train_nll=-3523.298
2026-05-15 14:06:21,064 INFO CSMF2.step_1_1_1.run :: [h] epoch=3 step=250 total=0.04487 batch=0.00000
2026-05-15 14:06:21,065 INFO CSMF2.step_1_1_1.run :: [lat] epoch=3 step=250 mean_l2=0.06494 std_l2=0.03105
2026-05-15 14:06:21,217 INFO CSMF2.step_1_1_1.run :: epoch=3 step=250/429 train_nll=-3521.787
2026-05-15 14:06:32,809 INFO CSMF2.step_1_1_1.run :: [h] epoch=3 step=300 total=0.04521 batch=0.00000
2026-05-15 14:06:32,809 INFO CSMF2.step_1_1_1.run :: [lat] epoch=3 step=300 mean_l2=0.03747 std_l2=0.02454
2026-05-15 14:06:32,962 INFO CSMF2.step_1_1_1.run :: epoch=3 step=300/429 train_nll=-3519.755
2026-05-15 14:06:44,926 INFO CSMF2.step_1_1_1.run :: [h] epoch=3 step=350 total=0.04491 batch=0.00000
2026-05-15 14:06:44,927 INFO CSMF2.step_1_1_1.run :: [lat] epoch=3 step=350 mean_l2=0.01705 std_l2=0.02216
2026-05-15 14:06:45,124 INFO CSMF2.step_1_1_1.run :: epoch=3 step=350/429 train_nll=-3520.468
2026-05-15 14:07:01,014 INFO CSMF2.step_1_1_1.run :: [h] epoch=3 step=400 total=0.04578 batch=0.00000
2026-05-15 14:07:01,015 INFO CSMF2.step_1_1_1.run :: [lat] epoch=3 step=400 mean_l2=0.02057 std_l2=0.01914
2026-05-15 14:07:01,209 INFO CSMF2.step_1_1_1.run :: epoch=3 step=400/429 train_nll=-3524.643
2026-05-15 14:07:15,414 INFO CSMF2.step_1_1_1.run :: epoch=3  train_nll=-3526.493  val_nll=-3554.910  t=112.6s
2026-05-15 14:07:15,414 INFO CSMF2.step_1_1_1.run :: [h_std] total=0.04539 batch=0.00000 (no penalty)
2026-05-15 14:07:15,414 INFO CSMF2.step_1_1_1.run :: [lat_epoch] mean_l2=0.02846 std_l2=0.02598 lambda=1.000
2026-05-15 14:07:15,414 INFO CSMF2.step_1_1_1.run :: [grad] cond=4.0651 film_gain=0.0000
2026-05-15 14:07:30,247 INFO CSMF2.step_1_1_1.run :: [h] epoch=4 step=50 total=0.04557 batch=0.00000
2026-05-15 14:07:30,248 INFO CSMF2.step_1_1_1.run :: [lat] epoch=4 step=50 mean_l2=0.03008 std_l2=0.03287
2026-05-15 14:07:30,401 INFO CSMF2.step_1_1_1.run :: epoch=4 step=50/429 train_nll=-3550.976
2026-05-15 14:07:42,150 INFO CSMF2.step_1_1_1.run :: [h] epoch=4 step=100 total=0.04548 batch=0.00000
2026-05-15 14:07:42,151 INFO CSMF2.step_1_1_1.run :: [lat] epoch=4 step=100 mean_l2=0.04379 std_l2=0.02580
2026-05-15 14:07:42,305 INFO CSMF2.step_1_1_1.run :: epoch=4 step=100/429 train_nll=-3542.451
2026-05-15 14:07:54,028 INFO CSMF2.step_1_1_1.run :: [h] epoch=4 step=150 total=0.04547 batch=0.00000
2026-05-15 14:07:54,029 INFO CSMF2.step_1_1_1.run :: [lat] epoch=4 step=150 mean_l2=0.01812 std_l2=0.02048
2026-05-15 14:07:54,181 INFO CSMF2.step_1_1_1.run :: epoch=4 step=150/429 train_nll=-3541.253
2026-05-15 14:08:05,907 INFO CSMF2.step_1_1_1.run :: [h] epoch=4 step=200 total=0.04600 batch=0.00000
2026-05-15 14:08:05,908 INFO CSMF2.step_1_1_1.run :: [lat] epoch=4 step=200 mean_l2=0.01817 std_l2=0.02281
2026-05-15 14:08:06,060 INFO CSMF2.step_1_1_1.run :: epoch=4 step=200/429 train_nll=-3544.830
2026-05-15 14:08:17,797 INFO CSMF2.step_1_1_1.run :: [h] epoch=4 step=250 total=0.04527 batch=0.00000
2026-05-15 14:08:17,797 INFO CSMF2.step_1_1_1.run :: [lat] epoch=4 step=250 mean_l2=0.03073 std_l2=0.02759
2026-05-15 14:08:17,950 INFO CSMF2.step_1_1_1.run :: epoch=4 step=250/429 train_nll=-3545.435
2026-05-15 14:08:29,713 INFO CSMF2.step_1_1_1.run :: [h] epoch=4 step=300 total=0.04585 batch=0.00000
2026-05-15 14:08:29,713 INFO CSMF2.step_1_1_1.run :: [lat] epoch=4 step=300 mean_l2=0.03422 std_l2=0.02550
2026-05-15 14:08:29,866 INFO CSMF2.step_1_1_1.run :: epoch=4 step=300/429 train_nll=-3546.194
2026-05-15 14:08:41,584 INFO CSMF2.step_1_1_1.run :: [h] epoch=4 step=350 total=0.04562 batch=0.00000
2026-05-15 14:08:41,585 INFO CSMF2.step_1_1_1.run :: [lat] epoch=4 step=350 mean_l2=0.02248 std_l2=0.02585
2026-05-15 14:08:41,737 INFO CSMF2.step_1_1_1.run :: epoch=4 step=350/429 train_nll=-3546.322
2026-05-15 14:08:53,485 INFO CSMF2.step_1_1_1.run :: [h] epoch=4 step=400 total=0.04541 batch=0.00000
2026-05-15 14:08:53,486 INFO CSMF2.step_1_1_1.run :: [lat] epoch=4 step=400 mean_l2=0.01449 std_l2=0.02498
2026-05-15 14:08:53,640 INFO CSMF2.step_1_1_1.run :: epoch=4 step=400/429 train_nll=-3547.178
2026-05-15 14:09:03,775 INFO CSMF2.step_1_1_1.run :: epoch=4  train_nll=-3546.779  val_nll=-3555.734  t=105.2s
2026-05-15 14:09:03,775 INFO CSMF2.step_1_1_1.run :: [h_std] total=0.04578 batch=0.00000 (no penalty)
2026-05-15 14:09:03,775 INFO CSMF2.step_1_1_1.run :: [lat_epoch] mean_l2=0.02513 std_l2=0.02516 lambda=1.000
2026-05-15 14:09:03,776 INFO CSMF2.step_1_1_1.run :: [grad] cond=24.0333 film_gain=0.0000
2026-05-15 14:09:18,468 INFO CSMF2.step_1_1_1.run :: [h] epoch=5 step=50 total=0.04546 batch=0.00000
2026-05-15 14:09:18,469 INFO CSMF2.step_1_1_1.run :: [lat] epoch=5 step=50 mean_l2=0.02342 std_l2=0.02307
2026-05-15 14:09:18,621 INFO CSMF2.step_1_1_1.run :: epoch=5 step=50/429 train_nll=-3548.868
2026-05-15 14:09:30,228 INFO CSMF2.step_1_1_1.run :: [h] epoch=5 step=100 total=0.04591 batch=0.00000
2026-05-15 14:09:30,228 INFO CSMF2.step_1_1_1.run :: [lat] epoch=5 step=100 mean_l2=0.01763 std_l2=0.01918
2026-05-15 14:09:30,380 INFO CSMF2.step_1_1_1.run :: epoch=5 step=100/429 train_nll=-3557.970
2026-05-15 14:09:41,960 INFO CSMF2.step_1_1_1.run :: [h] epoch=5 step=150 total=0.04600 batch=0.00000
2026-05-15 14:09:41,960 INFO CSMF2.step_1_1_1.run :: [lat] epoch=5 step=150 mean_l2=0.01588 std_l2=0.02260
2026-05-15 14:09:42,110 INFO CSMF2.step_1_1_1.run :: epoch=5 step=150/429 train_nll=-3560.463
2026-05-15 14:09:53,716 INFO CSMF2.step_1_1_1.run :: [h] epoch=5 step=200 total=0.04581 batch=0.00000
2026-05-15 14:09:53,716 INFO CSMF2.step_1_1_1.run :: [lat] epoch=5 step=200 mean_l2=0.03660 std_l2=0.02831
2026-05-15 14:09:53,866 INFO CSMF2.step_1_1_1.run :: epoch=5 step=200/429 train_nll=-3562.968
2026-05-15 14:10:05,462 INFO CSMF2.step_1_1_1.run :: [h] epoch=5 step=250 total=0.04545 batch=0.00000
2026-05-15 14:10:05,463 INFO CSMF2.step_1_1_1.run :: [lat] epoch=5 step=250 mean_l2=0.02980 std_l2=0.02892
2026-05-15 14:10:05,615 INFO CSMF2.step_1_1_1.run :: epoch=5 step=250/429 train_nll=-3560.337
2026-05-15 14:10:17,239 INFO CSMF2.step_1_1_1.run :: [h] epoch=5 step=300 total=0.04472 batch=0.00000
2026-05-15 14:10:17,239 INFO CSMF2.step_1_1_1.run :: [lat] epoch=5 step=300 mean_l2=0.03166 std_l2=0.03130
2026-05-15 14:10:17,392 INFO CSMF2.step_1_1_1.run :: epoch=5 step=300/429 train_nll=-3557.309
2026-05-15 14:10:29,019 INFO CSMF2.step_1_1_1.run :: [h] epoch=5 step=350 total=0.04479 batch=0.00000
2026-05-15 14:10:29,020 INFO CSMF2.step_1_1_1.run :: [lat] epoch=5 step=350 mean_l2=0.02795 std_l2=0.02854
2026-05-15 14:10:29,172 INFO CSMF2.step_1_1_1.run :: epoch=5 step=350/429 train_nll=-3556.418
2026-05-15 14:10:40,802 INFO CSMF2.step_1_1_1.run :: [h] epoch=5 step=400 total=0.04519 batch=0.00000
2026-05-15 14:10:40,803 INFO CSMF2.step_1_1_1.run :: [lat] epoch=5 step=400 mean_l2=0.01674 std_l2=0.02003
2026-05-15 14:10:40,954 INFO CSMF2.step_1_1_1.run :: epoch=5 step=400/429 train_nll=-3558.817
2026-05-15 14:10:51,023 INFO CSMF2.step_1_1_1.run :: epoch=5  train_nll=-3560.288  val_nll=-3583.793  t=104.0s
2026-05-15 14:10:51,023 INFO CSMF2.step_1_1_1.run :: [h_std] total=0.04542 batch=0.00000 (no penalty)
2026-05-15 14:10:51,023 INFO CSMF2.step_1_1_1.run :: [lat_epoch] mean_l2=0.02358 std_l2=0.02443 lambda=1.000
2026-05-15 14:10:51,023 INFO CSMF2.step_1_1_1.run :: [grad] cond=128.3290 film_gain=0.0000
2026-05-15 14:11:05,601 INFO CSMF2.step_1_1_1.run :: [h] epoch=6 step=50 total=0.04536 batch=0.00000
2026-05-15 14:11:05,602 INFO CSMF2.step_1_1_1.run :: [lat] epoch=6 step=50 mean_l2=0.01800 std_l2=0.02175
2026-05-15 14:11:05,757 INFO CSMF2.step_1_1_1.run :: epoch=6 step=50/429 train_nll=-3579.050
2026-05-15 14:11:17,490 INFO CSMF2.step_1_1_1.run :: [h] epoch=6 step=100 total=0.04515 batch=0.00000
2026-05-15 14:11:17,490 INFO CSMF2.step_1_1_1.run :: [lat] epoch=6 step=100 mean_l2=0.04034 std_l2=0.02770
2026-05-15 14:11:17,646 INFO CSMF2.step_1_1_1.run :: epoch=6 step=100/429 train_nll=-3571.849
2026-05-15 14:11:29,386 INFO CSMF2.step_1_1_1.run :: [h] epoch=6 step=150 total=0.04494 batch=0.00000
2026-05-15 14:11:29,387 INFO CSMF2.step_1_1_1.run :: [lat] epoch=6 step=150 mean_l2=0.01866 std_l2=0.02439
2026-05-15 14:11:29,545 INFO CSMF2.step_1_1_1.run :: epoch=6 step=150/429 train_nll=-3567.269
2026-05-15 14:11:41,325 INFO CSMF2.step_1_1_1.run :: [h] epoch=6 step=200 total=0.04534 batch=0.00000
2026-05-15 14:11:41,326 INFO CSMF2.step_1_1_1.run :: [lat] epoch=6 step=200 mean_l2=0.01883 std_l2=0.02247
2026-05-15 14:11:41,479 INFO CSMF2.step_1_1_1.run :: epoch=6 step=200/429 train_nll=-3570.913
2026-05-15 14:11:53,226 INFO CSMF2.step_1_1_1.run :: [h] epoch=6 step=250 total=0.04502 batch=0.00000
2026-05-15 14:11:53,226 INFO CSMF2.step_1_1_1.run :: [lat] epoch=6 step=250 mean_l2=0.02624 std_l2=0.02532
2026-05-15 14:11:53,379 INFO CSMF2.step_1_1_1.run :: epoch=6 step=250/429 train_nll=-3569.150
2026-05-15 14:12:05,117 INFO CSMF2.step_1_1_1.run :: [h] epoch=6 step=300 total=0.04518 batch=0.00000
2026-05-15 14:12:05,117 INFO CSMF2.step_1_1_1.run :: [lat] epoch=6 step=300 mean_l2=0.01671 std_l2=0.02105
2026-05-15 14:12:05,270 INFO CSMF2.step_1_1_1.run :: epoch=6 step=300/429 train_nll=-3571.193
2026-05-15 14:12:17,020 INFO CSMF2.step_1_1_1.run :: [h] epoch=6 step=350 total=0.04530 batch=0.00000
2026-05-15 14:12:17,021 INFO CSMF2.step_1_1_1.run :: [lat] epoch=6 step=350 mean_l2=0.01590 std_l2=0.02282
2026-05-15 14:12:17,174 INFO CSMF2.step_1_1_1.run :: epoch=6 step=350/429 train_nll=-3573.589
2026-05-15 14:12:28,942 INFO CSMF2.step_1_1_1.run :: [h] epoch=6 step=400 total=0.04520 batch=0.00000
2026-05-15 14:12:28,942 INFO CSMF2.step_1_1_1.run :: [lat] epoch=6 step=400 mean_l2=0.01775 std_l2=0.02422
2026-05-15 14:12:29,097 INFO CSMF2.step_1_1_1.run :: epoch=6 step=400/429 train_nll=-3575.080
2026-05-15 14:12:39,236 INFO CSMF2.step_1_1_1.run :: epoch=6  train_nll=-3575.147  val_nll=-3588.221  t=105.2s
2026-05-15 14:12:39,236 INFO CSMF2.step_1_1_1.run :: [h_std] total=0.04520 batch=0.00000 (no penalty)
2026-05-15 14:12:39,236 INFO CSMF2.step_1_1_1.run :: [lat_epoch] mean_l2=0.02118 std_l2=0.02335 lambda=1.000
2026-05-15 14:12:39,236 INFO CSMF2.step_1_1_1.run :: [grad] cond=48.8066 film_gain=0.0000
2026-05-15 14:12:54,176 INFO CSMF2.step_1_1_1.run :: [h] epoch=7 step=50 total=0.04529 batch=0.00000
2026-05-15 14:12:54,177 INFO CSMF2.step_1_1_1.run :: [lat] epoch=7 step=50 mean_l2=0.02835 std_l2=0.01996
2026-05-15 14:12:54,338 INFO CSMF2.step_1_1_1.run :: epoch=7 step=50/429 train_nll=-3591.293
2026-05-15 14:13:06,337 INFO CSMF2.step_1_1_1.run :: [h] epoch=7 step=100 total=0.04447 batch=0.00000
2026-05-15 14:13:06,337 INFO CSMF2.step_1_1_1.run :: [lat] epoch=7 step=100 mean_l2=0.04794 std_l2=0.03521
2026-05-15 14:13:06,497 INFO CSMF2.step_1_1_1.run :: epoch=7 step=100/429 train_nll=-3572.444
2026-05-15 14:13:18,534 INFO CSMF2.step_1_1_1.run :: [h] epoch=7 step=150 total=0.04386 batch=0.00000
2026-05-15 14:13:18,534 INFO CSMF2.step_1_1_1.run :: [lat] epoch=7 step=150 mean_l2=0.02487 std_l2=0.02981
2026-05-15 14:13:18,696 INFO CSMF2.step_1_1_1.run :: epoch=7 step=150/429 train_nll=-3563.925
2026-05-15 14:13:30,704 INFO CSMF2.step_1_1_1.run :: [h] epoch=7 step=200 total=0.04417 batch=0.00000
2026-05-15 14:13:30,704 INFO CSMF2.step_1_1_1.run :: [lat] epoch=7 step=200 mean_l2=0.02755 std_l2=0.02834
2026-05-15 14:13:30,865 INFO CSMF2.step_1_1_1.run :: epoch=7 step=200/429 train_nll=-3563.604
2026-05-15 14:13:42,950 INFO CSMF2.step_1_1_1.run :: [h] epoch=7 step=250 total=0.04354 batch=0.00000
2026-05-15 14:13:42,951 INFO CSMF2.step_1_1_1.run :: [lat] epoch=7 step=250 mean_l2=0.07562 std_l2=0.04736
2026-05-15 14:13:43,114 INFO CSMF2.step_1_1_1.run :: epoch=7 step=250/429 train_nll=-3560.698
2026-05-15 14:13:55,149 INFO CSMF2.step_1_1_1.run :: [h] epoch=7 step=300 total=0.04361 batch=0.00000
2026-05-15 14:13:55,149 INFO CSMF2.step_1_1_1.run :: [lat] epoch=7 step=300 mean_l2=0.02323 std_l2=0.02350
2026-05-15 14:13:55,309 INFO CSMF2.step_1_1_1.run :: epoch=7 step=300/429 train_nll=-3560.575
2026-05-15 14:14:07,320 INFO CSMF2.step_1_1_1.run :: [h] epoch=7 step=350 total=0.04420 batch=0.00000
2026-05-15 14:14:07,320 INFO CSMF2.step_1_1_1.run :: [lat] epoch=7 step=350 mean_l2=0.01661 std_l2=0.02189
2026-05-15 14:14:07,480 INFO CSMF2.step_1_1_1.run :: epoch=7 step=350/429 train_nll=-3564.233
2026-05-15 14:14:19,485 INFO CSMF2.step_1_1_1.run :: [h] epoch=7 step=400 total=0.04449 batch=0.00000
2026-05-15 14:14:19,486 INFO CSMF2.step_1_1_1.run :: [lat] epoch=7 step=400 mean_l2=0.01594 std_l2=0.01976
2026-05-15 14:14:19,646 INFO CSMF2.step_1_1_1.run :: epoch=7 step=400/429 train_nll=-3568.508
2026-05-15 14:14:29,922 INFO CSMF2.step_1_1_1.run :: epoch=7  train_nll=-3569.350  val_nll=-3579.070  t=107.7s
2026-05-15 14:14:29,922 INFO CSMF2.step_1_1_1.run :: [h_std] total=0.04423 batch=0.00000 (no penalty)
2026-05-15 14:14:29,922 INFO CSMF2.step_1_1_1.run :: [lat_epoch] mean_l2=0.02695 std_l2=0.02517 lambda=1.000
2026-05-15 14:14:29,922 INFO CSMF2.step_1_1_1.run :: [grad] cond=14.2742 film_gain=0.0000
2026-05-15 14:14:44,686 INFO CSMF2.step_1_1_1.run :: [h] epoch=8 step=50 total=0.04402 batch=0.00000
2026-05-15 14:14:44,687 INFO CSMF2.step_1_1_1.run :: [lat] epoch=8 step=50 mean_l2=0.02571 std_l2=0.02153
2026-05-15 14:14:44,847 INFO CSMF2.step_1_1_1.run :: epoch=8 step=50/429 train_nll=-3570.620
2026-05-15 14:14:56,760 INFO CSMF2.step_1_1_1.run :: [h] epoch=8 step=100 total=0.04386 batch=0.00000
2026-05-15 14:14:56,761 INFO CSMF2.step_1_1_1.run :: [lat] epoch=8 step=100 mean_l2=0.02257 std_l2=0.02361
2026-05-15 14:14:56,920 INFO CSMF2.step_1_1_1.run :: epoch=8 step=100/429 train_nll=-3566.183
2026-05-15 14:15:08,821 INFO CSMF2.step_1_1_1.run :: [h] epoch=8 step=150 total=0.04440 batch=0.00000
2026-05-15 14:15:08,822 INFO CSMF2.step_1_1_1.run :: [lat] epoch=8 step=150 mean_l2=0.01764 std_l2=0.02188
2026-05-15 14:15:08,980 INFO CSMF2.step_1_1_1.run :: epoch=8 step=150/429 train_nll=-3572.367
2026-05-15 14:15:20,967 INFO CSMF2.step_1_1_1.run :: [h] epoch=8 step=200 total=0.04456 batch=0.00000
2026-05-15 14:15:20,967 INFO CSMF2.step_1_1_1.run :: [lat] epoch=8 step=200 mean_l2=0.01383 std_l2=0.02141
2026-05-15 14:15:21,125 INFO CSMF2.step_1_1_1.run :: epoch=8 step=200/429 train_nll=-3578.881
2026-05-15 14:15:33,038 INFO CSMF2.step_1_1_1.run :: [h] epoch=8 step=250 total=0.04476 batch=0.00000
2026-05-15 14:15:33,039 INFO CSMF2.step_1_1_1.run :: [lat] epoch=8 step=250 mean_l2=0.01459 std_l2=0.02124
2026-05-15 14:15:33,197 INFO CSMF2.step_1_1_1.run :: epoch=8 step=250/429 train_nll=-3583.287
2026-05-15 14:15:45,121 INFO CSMF2.step_1_1_1.run :: [h] epoch=8 step=300 total=0.04488 batch=0.00000
2026-05-15 14:15:45,121 INFO CSMF2.step_1_1_1.run :: [lat] epoch=8 step=300 mean_l2=0.01872 std_l2=0.02704
2026-05-15 14:15:45,278 INFO CSMF2.step_1_1_1.run :: epoch=8 step=300/429 train_nll=-3584.736
2026-05-15 14:15:57,202 INFO CSMF2.step_1_1_1.run :: [h] epoch=8 step=350 total=0.04490 batch=0.00000
2026-05-15 14:15:57,203 INFO CSMF2.step_1_1_1.run :: [lat] epoch=8 step=350 mean_l2=0.01525 std_l2=0.02134
2026-05-15 14:15:57,363 INFO CSMF2.step_1_1_1.run :: epoch=8 step=350/429 train_nll=-3587.018
2026-05-15 14:16:09,328 INFO CSMF2.step_1_1_1.run :: [h] epoch=8 step=400 total=0.04451 batch=0.00000
2026-05-15 14:16:09,329 INFO CSMF2.step_1_1_1.run :: [lat] epoch=8 step=400 mean_l2=0.03926 std_l2=0.02792
2026-05-15 14:16:09,488 INFO CSMF2.step_1_1_1.run :: epoch=8 step=400/429 train_nll=-3586.740
2026-05-15 14:16:19,780 INFO CSMF2.step_1_1_1.run :: epoch=8  train_nll=-3584.781  val_nll=-3578.553  t=106.9s
2026-05-15 14:16:19,780 INFO CSMF2.step_1_1_1.run :: [h_std] total=0.04447 batch=0.00000 (no penalty)
2026-05-15 14:16:19,780 INFO CSMF2.step_1_1_1.run :: [lat_epoch] mean_l2=0.02280 std_l2=0.02407 lambda=1.000
2026-05-15 14:16:19,780 INFO CSMF2.step_1_1_1.run :: [grad] cond=71.5116 film_gain=0.0000
2026-05-15 14:16:34,444 INFO CSMF2.step_1_1_1.run :: [h] epoch=9 step=50 total=0.04409 batch=0.00000
2026-05-15 14:16:34,444 INFO CSMF2.step_1_1_1.run :: [lat] epoch=9 step=50 mean_l2=0.01724 std_l2=0.02069
2026-05-15 14:16:34,600 INFO CSMF2.step_1_1_1.run :: epoch=9 step=50/429 train_nll=-3579.236
2026-05-15 14:16:46,433 INFO CSMF2.step_1_1_1.run :: [h] epoch=9 step=100 total=0.04381 batch=0.00000
2026-05-15 14:16:46,434 INFO CSMF2.step_1_1_1.run :: [lat] epoch=9 step=100 mean_l2=0.03284 std_l2=0.02410
2026-05-15 14:16:46,591 INFO CSMF2.step_1_1_1.run :: epoch=9 step=100/429 train_nll=-3577.896
2026-05-15 14:16:58,462 INFO CSMF2.step_1_1_1.run :: [h] epoch=9 step=150 total=0.04406 batch=0.00000
2026-05-15 14:16:58,463 INFO CSMF2.step_1_1_1.run :: [lat] epoch=9 step=150 mean_l2=0.01899 std_l2=0.02639
2026-05-15 14:16:58,619 INFO CSMF2.step_1_1_1.run :: epoch=9 step=150/429 train_nll=-3574.150
2026-05-15 14:17:10,499 INFO CSMF2.step_1_1_1.run :: [h] epoch=9 step=200 total=0.04463 batch=0.00000
2026-05-15 14:17:10,499 INFO CSMF2.step_1_1_1.run :: [lat] epoch=9 step=200 mean_l2=0.01443 std_l2=0.01995
2026-05-15 14:17:10,658 INFO CSMF2.step_1_1_1.run :: epoch=9 step=200/429 train_nll=-3580.373
2026-05-15 14:17:22,571 INFO CSMF2.step_1_1_1.run :: [h] epoch=9 step=250 total=0.04495 batch=0.00000
2026-05-15 14:17:22,572 INFO CSMF2.step_1_1_1.run :: [lat] epoch=9 step=250 mean_l2=0.01305 std_l2=0.02058
2026-05-15 14:17:22,729 INFO CSMF2.step_1_1_1.run :: epoch=9 step=250/429 train_nll=-3585.954
2026-05-15 14:17:34,689 INFO CSMF2.step_1_1_1.run :: [h] epoch=9 step=300 total=0.04512 batch=0.00000
2026-05-15 14:17:34,690 INFO CSMF2.step_1_1_1.run :: [lat] epoch=9 step=300 mean_l2=0.01723 std_l2=0.02128
2026-05-15 14:17:34,849 INFO CSMF2.step_1_1_1.run :: epoch=9 step=300/429 train_nll=-3589.919
2026-05-15 14:17:46,855 INFO CSMF2.step_1_1_1.run :: [h] epoch=9 step=350 total=0.04522 batch=0.00000
2026-05-15 14:17:46,856 INFO CSMF2.step_1_1_1.run :: [lat] epoch=9 step=350 mean_l2=0.01563 std_l2=0.02111
2026-05-15 14:17:47,015 INFO CSMF2.step_1_1_1.run :: epoch=9 step=350/429 train_nll=-3590.424
2026-05-15 14:17:58,992 INFO CSMF2.step_1_1_1.run :: [h] epoch=9 step=400 total=0.04553 batch=0.00000
2026-05-15 14:17:58,992 INFO CSMF2.step_1_1_1.run :: [lat] epoch=9 step=400 mean_l2=0.01669 std_l2=0.01897
2026-05-15 14:17:59,152 INFO CSMF2.step_1_1_1.run :: epoch=9 step=400/429 train_nll=-3593.036
2026-05-15 14:18:09,421 INFO CSMF2.step_1_1_1.run :: epoch=9  train_nll=-3592.628  val_nll=-3568.469  t=106.7s
2026-05-15 14:18:09,421 INFO CSMF2.step_1_1_1.run :: [h_std] total=0.04466 batch=0.00000 (no penalty)
2026-05-15 14:18:09,421 INFO CSMF2.step_1_1_1.run :: [lat_epoch] mean_l2=0.02123 std_l2=0.02326 lambda=1.000
2026-05-15 14:18:09,421 INFO CSMF2.step_1_1_1.run :: [grad] cond=127.2989 film_gain=0.0000
2026-05-15 14:18:24,241 INFO CSMF2.step_1_1_1.run :: [h] epoch=10 step=50 total=0.04456 batch=0.00000
2026-05-15 14:18:24,241 INFO CSMF2.step_1_1_1.run :: [lat] epoch=10 step=50 mean_l2=0.01597 std_l2=0.02435
2026-05-15 14:18:24,401 INFO CSMF2.step_1_1_1.run :: epoch=10 step=50/429 train_nll=-3584.636
2026-05-15 14:18:36,414 INFO CSMF2.step_1_1_1.run :: [h] epoch=10 step=100 total=0.04483 batch=0.00000
2026-05-15 14:18:36,415 INFO CSMF2.step_1_1_1.run :: [lat] epoch=10 step=100 mean_l2=0.05341 std_l2=0.02753
2026-05-15 14:18:36,574 INFO CSMF2.step_1_1_1.run :: epoch=10 step=100/429 train_nll=-3584.574
2026-05-15 14:18:48,626 INFO CSMF2.step_1_1_1.run :: [h] epoch=10 step=150 total=0.04469 batch=0.00000
2026-05-15 14:18:48,627 INFO CSMF2.step_1_1_1.run :: [lat] epoch=10 step=150 mean_l2=0.01686 std_l2=0.02262
2026-05-15 14:18:48,786 INFO CSMF2.step_1_1_1.run :: epoch=10 step=150/429 train_nll=-3586.597
2026-05-15 14:19:00,837 INFO CSMF2.step_1_1_1.run :: [h] epoch=10 step=200 total=0.04466 batch=0.00000
2026-05-15 14:19:00,838 INFO CSMF2.step_1_1_1.run :: [lat] epoch=10 step=200 mean_l2=0.03303 std_l2=0.03096
2026-05-15 14:19:00,998 INFO CSMF2.step_1_1_1.run :: epoch=10 step=200/429 train_nll=-3589.648
2026-05-15 14:19:13,069 INFO CSMF2.step_1_1_1.run :: [h] epoch=10 step=250 total=0.04477 batch=0.00000
2026-05-15 14:19:13,069 INFO CSMF2.step_1_1_1.run :: [lat] epoch=10 step=250 mean_l2=0.01365 std_l2=0.01979
2026-05-15 14:19:13,232 INFO CSMF2.step_1_1_1.run :: epoch=10 step=250/429 train_nll=-3587.079
2026-05-15 14:19:25,555 INFO CSMF2.step_1_1_1.run :: [h] epoch=10 step=300 total=0.04520 batch=0.00000
2026-05-15 14:19:25,555 INFO CSMF2.step_1_1_1.run :: [lat] epoch=10 step=300 mean_l2=0.01463 std_l2=0.02145
2026-05-15 14:19:25,733 INFO CSMF2.step_1_1_1.run :: epoch=10 step=300/429 train_nll=-3590.664
2026-05-15 14:19:38,869 INFO CSMF2.step_1_1_1.run :: [h] epoch=10 step=350 total=0.04532 batch=0.00000
2026-05-15 14:19:38,869 INFO CSMF2.step_1_1_1.run :: [lat] epoch=10 step=350 mean_l2=0.01687 std_l2=0.02346
2026-05-15 14:19:39,049 INFO CSMF2.step_1_1_1.run :: epoch=10 step=350/429 train_nll=-3594.153
2026-05-15 14:19:52,190 INFO CSMF2.step_1_1_1.run :: [h] epoch=10 step=400 total=0.04540 batch=0.00000
2026-05-15 14:19:52,190 INFO CSMF2.step_1_1_1.run :: [lat] epoch=10 step=400 mean_l2=0.01499 std_l2=0.01826
2026-05-15 14:19:52,368 INFO CSMF2.step_1_1_1.run :: epoch=10 step=400/429 train_nll=-3595.714
2026-05-15 14:20:03,541 INFO CSMF2.step_1_1_1.run :: epoch=10  train_nll=-3597.064  val_nll=-3616.730  t=111.2s
2026-05-15 14:20:03,541 INFO CSMF2.step_1_1_1.run :: [h_std] total=0.04500 batch=0.00000 (no penalty)
2026-05-15 14:20:03,541 INFO CSMF2.step_1_1_1.run :: [lat_epoch] mean_l2=0.02137 std_l2=0.02334 lambda=1.000
2026-05-15 14:20:03,541 INFO CSMF2.step_1_1_1.run :: [grad] cond=51.3022 film_gain=0.0000
2026-05-15 14:20:18,994 INFO CSMF2.step_1_1_1.run :: [h] epoch=11 step=50 total=0.04579 batch=0.00000
2026-05-15 14:20:18,995 INFO CSMF2.step_1_1_1.run :: [lat] epoch=11 step=50 mean_l2=0.03322 std_l2=0.02687
2026-05-15 14:20:19,165 INFO CSMF2.step_1_1_1.run :: epoch=11 step=50/429 train_nll=-3609.791
2026-05-15 14:20:31,725 INFO CSMF2.step_1_1_1.run :: [h] epoch=11 step=100 total=0.04561 batch=0.00000
2026-05-15 14:20:31,725 INFO CSMF2.step_1_1_1.run :: [lat] epoch=11 step=100 mean_l2=0.01549 std_l2=0.02017
2026-05-15 14:20:31,895 INFO CSMF2.step_1_1_1.run :: epoch=11 step=100/429 train_nll=-3609.868
2026-05-15 14:20:44,433 INFO CSMF2.step_1_1_1.run :: [h] epoch=11 step=150 total=0.04595 batch=0.00000
2026-05-15 14:20:44,434 INFO CSMF2.step_1_1_1.run :: [lat] epoch=11 step=150 mean_l2=0.01860 std_l2=0.02206
2026-05-15 14:20:44,604 INFO CSMF2.step_1_1_1.run :: epoch=11 step=150/429 train_nll=-3609.941
2026-05-15 14:20:57,116 INFO CSMF2.step_1_1_1.run :: [h] epoch=11 step=200 total=0.04533 batch=0.00000
2026-05-15 14:20:57,117 INFO CSMF2.step_1_1_1.run :: [lat] epoch=11 step=200 mean_l2=0.01522 std_l2=0.02212
2026-05-15 14:20:57,289 INFO CSMF2.step_1_1_1.run :: epoch=11 step=200/429 train_nll=-3607.800
2026-05-15 14:21:09,805 INFO CSMF2.step_1_1_1.run :: [h] epoch=11 step=250 total=0.04569 batch=0.00000
2026-05-15 14:21:09,805 INFO CSMF2.step_1_1_1.run :: [lat] epoch=11 step=250 mean_l2=0.01353 std_l2=0.02103
2026-05-15 14:21:09,978 INFO CSMF2.step_1_1_1.run :: epoch=11 step=250/429 train_nll=-3609.981
2026-05-15 14:21:22,582 INFO CSMF2.step_1_1_1.run :: [h] epoch=11 step=300 total=0.04604 batch=0.00000
2026-05-15 14:21:22,583 INFO CSMF2.step_1_1_1.run :: [lat] epoch=11 step=300 mean_l2=0.01440 std_l2=0.02323
2026-05-15 14:21:22,753 INFO CSMF2.step_1_1_1.run :: epoch=11 step=300/429 train_nll=-3611.867
2026-05-15 14:21:35,311 INFO CSMF2.step_1_1_1.run :: [h] epoch=11 step=350 total=0.04523 batch=0.00000
2026-05-15 14:21:35,311 INFO CSMF2.step_1_1_1.run :: [lat] epoch=11 step=350 mean_l2=0.03144 std_l2=0.03079
2026-05-15 14:21:35,483 INFO CSMF2.step_1_1_1.run :: epoch=11 step=350/429 train_nll=-3609.406
2026-05-15 14:21:48,068 INFO CSMF2.step_1_1_1.run :: [h] epoch=11 step=400 total=0.04477 batch=0.00000
2026-05-15 14:21:48,068 INFO CSMF2.step_1_1_1.run :: [lat] epoch=11 step=400 mean_l2=0.03359 std_l2=0.02874
2026-05-15 14:21:48,240 INFO CSMF2.step_1_1_1.run :: epoch=11 step=400/429 train_nll=-3604.701
2026-05-15 14:21:58,904 INFO CSMF2.step_1_1_1.run :: epoch=11  train_nll=-3603.797  val_nll=-3603.349  t=112.4s
2026-05-15 14:21:58,904 INFO CSMF2.step_1_1_1.run :: [h_std] total=0.04551 batch=0.00000 (no penalty)
2026-05-15 14:21:58,904 INFO CSMF2.step_1_1_1.run :: [lat_epoch] mean_l2=0.02061 std_l2=0.02289 lambda=1.000
2026-05-15 14:21:58,904 INFO CSMF2.step_1_1_1.run :: [grad] cond=121.4151 film_gain=0.0000
2026-05-15 14:22:14,505 INFO CSMF2.step_1_1_1.run :: [h] epoch=12 step=50 total=0.04544 batch=0.00000
2026-05-15 14:22:14,505 INFO CSMF2.step_1_1_1.run :: [lat] epoch=12 step=50 mean_l2=0.01521 std_l2=0.01958
2026-05-15 14:22:14,680 INFO CSMF2.step_1_1_1.run :: epoch=12 step=50/429 train_nll=-3597.044
2026-05-15 14:22:27,357 INFO CSMF2.step_1_1_1.run :: [h] epoch=12 step=100 total=0.04567 batch=0.00000
2026-05-15 14:22:27,357 INFO CSMF2.step_1_1_1.run :: [lat] epoch=12 step=100 mean_l2=0.01395 std_l2=0.02239
2026-05-15 14:22:27,532 INFO CSMF2.step_1_1_1.run :: epoch=12 step=100/429 train_nll=-3606.740
2026-05-15 14:22:40,211 INFO CSMF2.step_1_1_1.run :: [h] epoch=12 step=150 total=0.04603 batch=0.00000
2026-05-15 14:22:40,211 INFO CSMF2.step_1_1_1.run :: [lat] epoch=12 step=150 mean_l2=0.01576 std_l2=0.02110
2026-05-15 14:22:40,383 INFO CSMF2.step_1_1_1.run :: epoch=12 step=150/429 train_nll=-3610.597
2026-05-15 14:22:53,009 INFO CSMF2.step_1_1_1.run :: [h] epoch=12 step=200 total=0.04625 batch=0.00000
2026-05-15 14:22:53,009 INFO CSMF2.step_1_1_1.run :: [lat] epoch=12 step=200 mean_l2=0.01312 std_l2=0.02221
2026-05-15 14:22:53,181 INFO CSMF2.step_1_1_1.run :: epoch=12 step=200/429 train_nll=-3614.042
2026-05-15 14:23:05,781 INFO CSMF2.step_1_1_1.run :: [h] epoch=12 step=250 total=0.04596 batch=0.00000
2026-05-15 14:23:05,781 INFO CSMF2.step_1_1_1.run :: [lat] epoch=12 step=250 mean_l2=0.01823 std_l2=0.02099
2026-05-15 14:23:05,953 INFO CSMF2.step_1_1_1.run :: epoch=12 step=250/429 train_nll=-3613.317
2026-05-15 14:23:18,557 INFO CSMF2.step_1_1_1.run :: [h] epoch=12 step=300 total=0.04587 batch=0.00000
2026-05-15 14:23:18,557 INFO CSMF2.step_1_1_1.run :: [lat] epoch=12 step=300 mean_l2=0.02031 std_l2=0.02487
2026-05-15 14:23:18,730 INFO CSMF2.step_1_1_1.run :: epoch=12 step=300/429 train_nll=-3612.651
2026-05-15 14:23:31,346 INFO CSMF2.step_1_1_1.run :: [h] epoch=12 step=350 total=0.04619 batch=0.00000
2026-05-15 14:23:31,346 INFO CSMF2.step_1_1_1.run :: [lat] epoch=12 step=350 mean_l2=0.01294 std_l2=0.02025
2026-05-15 14:23:31,518 INFO CSMF2.step_1_1_1.run :: epoch=12 step=350/429 train_nll=-3613.960
2026-05-15 14:23:44,160 INFO CSMF2.step_1_1_1.run :: [h] epoch=12 step=400 total=0.04631 batch=0.00000
2026-05-15 14:23:44,161 INFO CSMF2.step_1_1_1.run :: [lat] epoch=12 step=400 mean_l2=0.01212 std_l2=0.02078
2026-05-15 14:23:44,333 INFO CSMF2.step_1_1_1.run :: epoch=12 step=400/429 train_nll=-3615.787
2026-05-15 14:23:54,997 INFO CSMF2.step_1_1_1.run :: epoch=12  train_nll=-3616.537  val_nll=-3625.861  t=113.1s
2026-05-15 14:23:54,997 INFO CSMF2.step_1_1_1.run :: [h_std] total=0.04592 batch=0.00000 (no penalty)
2026-05-15 14:23:54,997 INFO CSMF2.step_1_1_1.run :: [lat_epoch] mean_l2=0.01633 std_l2=0.02137 lambda=1.000
2026-05-15 14:23:54,997 INFO CSMF2.step_1_1_1.run :: [grad] cond=70.6012 film_gain=0.0000
2026-05-15 14:24:10,311 INFO CSMF2.step_1_1_1.run :: [h] epoch=13 step=50 total=0.04671 batch=0.00000
2026-05-15 14:24:10,312 INFO CSMF2.step_1_1_1.run :: [lat] epoch=13 step=50 mean_l2=0.01569 std_l2=0.02070
2026-05-15 14:24:10,480 INFO CSMF2.step_1_1_1.run :: epoch=13 step=50/429 train_nll=-3626.626
2026-05-15 14:24:22,923 INFO CSMF2.step_1_1_1.run :: [h] epoch=13 step=100 total=0.04647 batch=0.00000
2026-05-15 14:24:22,924 INFO CSMF2.step_1_1_1.run :: [lat] epoch=13 step=100 mean_l2=0.02017 std_l2=0.02173
2026-05-15 14:24:23,092 INFO CSMF2.step_1_1_1.run :: epoch=13 step=100/429 train_nll=-3621.451
2026-05-15 14:24:35,558 INFO CSMF2.step_1_1_1.run :: [h] epoch=13 step=150 total=0.04651 batch=0.00000
2026-05-15 14:24:35,559 INFO CSMF2.step_1_1_1.run :: [lat] epoch=13 step=150 mean_l2=0.03193 std_l2=0.02828
2026-05-15 14:24:35,728 INFO CSMF2.step_1_1_1.run :: epoch=13 step=150/429 train_nll=-3617.491
2026-05-15 14:24:48,229 INFO CSMF2.step_1_1_1.run :: [h] epoch=13 step=200 total=0.04573 batch=0.00000
2026-05-15 14:24:48,230 INFO CSMF2.step_1_1_1.run :: [lat] epoch=13 step=200 mean_l2=0.02221 std_l2=0.02249
2026-05-15 14:24:48,402 INFO CSMF2.step_1_1_1.run :: epoch=13 step=200/429 train_nll=-3611.000
2026-05-15 14:25:00,948 INFO CSMF2.step_1_1_1.run :: [h] epoch=13 step=250 total=0.04604 batch=0.00000
2026-05-15 14:25:00,949 INFO CSMF2.step_1_1_1.run :: [lat] epoch=13 step=250 mean_l2=0.03165 std_l2=0.02373
2026-05-15 14:25:01,120 INFO CSMF2.step_1_1_1.run :: epoch=13 step=250/429 train_nll=-3609.728
2026-05-15 14:25:13,693 INFO CSMF2.step_1_1_1.run :: [h] epoch=13 step=300 total=0.04626 batch=0.00000
2026-05-15 14:25:13,694 INFO CSMF2.step_1_1_1.run :: [lat] epoch=13 step=300 mean_l2=0.01630 std_l2=0.02066
2026-05-15 14:25:13,865 INFO CSMF2.step_1_1_1.run :: epoch=13 step=300/429 train_nll=-3607.734
2026-05-15 14:25:26,442 INFO CSMF2.step_1_1_1.run :: [h] epoch=13 step=350 total=0.04663 batch=0.00000
2026-05-15 14:25:26,442 INFO CSMF2.step_1_1_1.run :: [lat] epoch=13 step=350 mean_l2=0.01416 std_l2=0.01892
2026-05-15 14:25:26,613 INFO CSMF2.step_1_1_1.run :: epoch=13 step=350/429 train_nll=-3609.747
2026-05-15 14:25:39,183 INFO CSMF2.step_1_1_1.run :: [h] epoch=13 step=400 total=0.04669 batch=0.00000
2026-05-15 14:25:39,184 INFO CSMF2.step_1_1_1.run :: [lat] epoch=13 step=400 mean_l2=0.02234 std_l2=0.02522
2026-05-15 14:25:39,355 INFO CSMF2.step_1_1_1.run :: epoch=13 step=400/429 train_nll=-3611.318
2026-05-15 14:25:49,965 INFO CSMF2.step_1_1_1.run :: epoch=13  train_nll=-3610.139  val_nll=-3593.646  t=112.0s
2026-05-15 14:25:49,965 INFO CSMF2.step_1_1_1.run :: [h_std] total=0.04642 batch=0.00000 (no penalty)
2026-05-15 14:25:49,965 INFO CSMF2.step_1_1_1.run :: [lat_epoch] mean_l2=0.02046 std_l2=0.02296 lambda=1.000
2026-05-15 14:25:49,965 INFO CSMF2.step_1_1_1.run :: [grad] cond=34.0431 film_gain=0.0000
2026-05-15 14:26:05,412 INFO CSMF2.step_1_1_1.run :: [h] epoch=14 step=50 total=0.04720 batch=0.00000
2026-05-15 14:26:05,412 INFO CSMF2.step_1_1_1.run :: [lat] epoch=14 step=50 mean_l2=0.01641 std_l2=0.02027
2026-05-15 14:26:05,585 INFO CSMF2.step_1_1_1.run :: epoch=14 step=50/429 train_nll=-3613.782
2026-05-15 14:26:18,232 INFO CSMF2.step_1_1_1.run :: [h] epoch=14 step=100 total=0.04714 batch=0.00000
2026-05-15 14:26:18,232 INFO CSMF2.step_1_1_1.run :: [lat] epoch=14 step=100 mean_l2=0.01460 std_l2=0.02164
2026-05-15 14:26:18,405 INFO CSMF2.step_1_1_1.run :: epoch=14 step=100/429 train_nll=-3619.791
2026-05-15 14:26:31,041 INFO CSMF2.step_1_1_1.run :: [h] epoch=14 step=150 total=0.04681 batch=0.00000
2026-05-15 14:26:31,041 INFO CSMF2.step_1_1_1.run :: [lat] epoch=14 step=150 mean_l2=0.02643 std_l2=0.03060
2026-05-15 14:26:31,214 INFO CSMF2.step_1_1_1.run :: epoch=14 step=150/429 train_nll=-3613.782
2026-05-15 14:26:43,824 INFO CSMF2.step_1_1_1.run :: [h] epoch=14 step=200 total=0.04654 batch=0.00000
2026-05-15 14:26:43,825 INFO CSMF2.step_1_1_1.run :: [lat] epoch=14 step=200 mean_l2=0.01609 std_l2=0.02504
2026-05-15 14:26:43,999 INFO CSMF2.step_1_1_1.run :: epoch=14 step=200/429 train_nll=-3606.336
2026-05-15 14:26:56,608 INFO CSMF2.step_1_1_1.run :: [h] epoch=14 step=250 total=0.04651 batch=0.00000
2026-05-15 14:26:56,609 INFO CSMF2.step_1_1_1.run :: [lat] epoch=14 step=250 mean_l2=0.02526 std_l2=0.02465
2026-05-15 14:26:56,781 INFO CSMF2.step_1_1_1.run :: epoch=14 step=250/429 train_nll=-3602.866
2026-05-15 14:27:09,480 INFO CSMF2.step_1_1_1.run :: [h] epoch=14 step=300 total=0.04608 batch=0.00000
2026-05-15 14:27:09,481 INFO CSMF2.step_1_1_1.run :: [lat] epoch=14 step=300 mean_l2=0.02773 std_l2=0.02231
2026-05-15 14:27:09,655 INFO CSMF2.step_1_1_1.run :: epoch=14 step=300/429 train_nll=-3597.933
2026-05-15 14:27:22,310 INFO CSMF2.step_1_1_1.run :: [h] epoch=14 step=350 total=0.04644 batch=0.00000
2026-05-15 14:27:22,310 INFO CSMF2.step_1_1_1.run :: [lat] epoch=14 step=350 mean_l2=0.01312 std_l2=0.02229
2026-05-15 14:27:22,485 INFO CSMF2.step_1_1_1.run :: epoch=14 step=350/429 train_nll=-3600.050
2026-05-15 14:27:35,134 INFO CSMF2.step_1_1_1.run :: [h] epoch=14 step=400 total=0.04704 batch=0.00000
2026-05-15 14:27:35,135 INFO CSMF2.step_1_1_1.run :: [lat] epoch=14 step=400 mean_l2=0.01437 std_l2=0.02038
2026-05-15 14:27:35,307 INFO CSMF2.step_1_1_1.run :: epoch=14 step=400/429 train_nll=-3603.896
2026-05-15 14:27:45,970 INFO CSMF2.step_1_1_1.run :: epoch=14  train_nll=-3605.595  val_nll=-3628.715  t=113.1s
2026-05-15 14:27:45,970 INFO CSMF2.step_1_1_1.run :: [h_std] total=0.04679 batch=0.00000 (no penalty)
2026-05-15 14:27:45,970 INFO CSMF2.step_1_1_1.run :: [lat_epoch] mean_l2=0.02281 std_l2=0.02382 lambda=1.000
2026-05-15 14:27:45,970 INFO CSMF2.step_1_1_1.run :: [grad] cond=207.8040 film_gain=0.0000
2026-05-15 14:28:01,435 INFO CSMF2.step_1_1_1.run :: [h] epoch=15 step=50 total=0.04744 batch=0.00000
2026-05-15 14:28:01,436 INFO CSMF2.step_1_1_1.run :: [lat] epoch=15 step=50 mean_l2=0.01464 std_l2=0.01692
2026-05-15 14:28:01,607 INFO CSMF2.step_1_1_1.run :: epoch=15 step=50/429 train_nll=-3632.404
2026-05-15 14:28:14,218 INFO CSMF2.step_1_1_1.run :: [h] epoch=15 step=100 total=0.04768 batch=0.00000
2026-05-15 14:28:14,218 INFO CSMF2.step_1_1_1.run :: [lat] epoch=15 step=100 mean_l2=0.01439 std_l2=0.02102
2026-05-15 14:28:14,391 INFO CSMF2.step_1_1_1.run :: epoch=15 step=100/429 train_nll=-3632.822
2026-05-15 14:28:27,009 INFO CSMF2.step_1_1_1.run :: [h] epoch=15 step=150 total=0.04762 batch=0.00000
2026-05-15 14:28:27,010 INFO CSMF2.step_1_1_1.run :: [lat] epoch=15 step=150 mean_l2=0.02001 std_l2=0.02346
2026-05-15 14:28:27,181 INFO CSMF2.step_1_1_1.run :: epoch=15 step=150/429 train_nll=-3629.447
2026-05-15 14:28:39,661 INFO CSMF2.step_1_1_1.run :: [h] epoch=15 step=200 total=0.04755 batch=0.00000
2026-05-15 14:28:39,661 INFO CSMF2.step_1_1_1.run :: [lat] epoch=15 step=200 mean_l2=0.01610 std_l2=0.01807
2026-05-15 14:28:39,833 INFO CSMF2.step_1_1_1.run :: epoch=15 step=200/429 train_nll=-3627.670
2026-05-15 14:28:52,288 INFO CSMF2.step_1_1_1.run :: [h] epoch=15 step=250 total=0.04751 batch=0.00000
2026-05-15 14:28:52,289 INFO CSMF2.step_1_1_1.run :: [lat] epoch=15 step=250 mean_l2=0.01270 std_l2=0.01985
2026-05-15 14:28:52,458 INFO CSMF2.step_1_1_1.run :: epoch=15 step=250/429 train_nll=-3629.140
2026-05-15 14:29:04,840 INFO CSMF2.step_1_1_1.run :: [h] epoch=15 step=300 total=0.04794 batch=0.00000
2026-05-15 14:29:04,841 INFO CSMF2.step_1_1_1.run :: [lat] epoch=15 step=300 mean_l2=0.01254 std_l2=0.01851
2026-05-15 14:29:05,007 INFO CSMF2.step_1_1_1.run :: epoch=15 step=300/429 train_nll=-3630.309
2026-05-15 14:29:17,385 INFO CSMF2.step_1_1_1.run :: [h] epoch=15 step=350 total=0.04798 batch=0.00000
2026-05-15 14:29:17,386 INFO CSMF2.step_1_1_1.run :: [lat] epoch=15 step=350 mean_l2=0.03123 std_l2=0.02663
2026-05-15 14:29:17,556 INFO CSMF2.step_1_1_1.run :: epoch=15 step=350/429 train_nll=-3630.232
2026-05-15 14:29:29,982 INFO CSMF2.step_1_1_1.run :: [h] epoch=15 step=400 total=0.04785 batch=0.00000
2026-05-15 14:29:29,983 INFO CSMF2.step_1_1_1.run :: [lat] epoch=15 step=400 mean_l2=0.01279 std_l2=0.01866
2026-05-15 14:29:30,152 INFO CSMF2.step_1_1_1.run :: epoch=15 step=400/429 train_nll=-3630.063
2026-05-15 14:29:40,751 INFO CSMF2.step_1_1_1.run :: epoch=15  train_nll=-3630.415  val_nll=-3632.817  t=111.8s
2026-05-15 14:29:40,751 INFO CSMF2.step_1_1_1.run :: [h_std] total=0.04765 batch=0.00000 (no penalty)
2026-05-15 14:29:40,751 INFO CSMF2.step_1_1_1.run :: [lat_epoch] mean_l2=0.01499 std_l2=0.02054 lambda=1.000
2026-05-15 14:29:40,751 INFO CSMF2.step_1_1_1.run :: [grad] cond=216.4762 film_gain=0.0000
2026-05-15 14:29:58,560 INFO CSMF2.step_1_1_1.run :: [h] epoch=16 step=50 total=0.04776 batch=0.00000
2026-05-15 14:29:58,561 INFO CSMF2.step_1_1_1.run :: [lat] epoch=16 step=50 mean_l2=0.03811 std_l2=0.02599
2026-05-15 14:29:58,782 INFO CSMF2.step_1_1_1.run :: epoch=16 step=50/429 train_nll=-3619.220
2026-05-15 14:30:15,879 INFO CSMF2.step_1_1_1.run :: [h] epoch=16 step=100 total=0.04725 batch=0.00000
2026-05-15 14:30:15,880 INFO CSMF2.step_1_1_1.run :: [lat] epoch=16 step=100 mean_l2=0.05423 std_l2=0.04007
2026-05-15 14:30:16,097 INFO CSMF2.step_1_1_1.run :: epoch=16 step=100/429 train_nll=-3601.650
2026-05-15 14:30:33,196 INFO CSMF2.step_1_1_1.run :: [h] epoch=16 step=150 total=0.04762 batch=0.00000
2026-05-15 14:30:33,197 INFO CSMF2.step_1_1_1.run :: [lat] epoch=16 step=150 mean_l2=0.01373 std_l2=0.02417
2026-05-15 14:30:33,415 INFO CSMF2.step_1_1_1.run :: epoch=16 step=150/429 train_nll=-3603.416
2026-05-15 14:30:50,517 INFO CSMF2.step_1_1_1.run :: [h] epoch=16 step=200 total=0.04793 batch=0.00000
2026-05-15 14:30:50,518 INFO CSMF2.step_1_1_1.run :: [lat] epoch=16 step=200 mean_l2=0.01510 std_l2=0.02097
2026-05-15 14:30:50,739 INFO CSMF2.step_1_1_1.run :: epoch=16 step=200/429 train_nll=-3610.132
2026-05-15 14:31:07,788 INFO CSMF2.step_1_1_1.run :: [h] epoch=16 step=250 total=0.04809 batch=0.00000
2026-05-15 14:31:07,789 INFO CSMF2.step_1_1_1.run :: [lat] epoch=16 step=250 mean_l2=0.01403 std_l2=0.02104
2026-05-15 14:31:08,009 INFO CSMF2.step_1_1_1.run :: epoch=16 step=250/429 train_nll=-3614.924
2026-05-15 14:31:25,089 INFO CSMF2.step_1_1_1.run :: [h] epoch=16 step=300 total=0.04833 batch=0.00000
2026-05-15 14:31:25,090 INFO CSMF2.step_1_1_1.run :: [lat] epoch=16 step=300 mean_l2=0.01374 std_l2=0.02000
2026-05-15 14:31:25,310 INFO CSMF2.step_1_1_1.run :: epoch=16 step=300/429 train_nll=-3618.426
2026-05-15 14:31:42,349 INFO CSMF2.step_1_1_1.run :: [h] epoch=16 step=350 total=0.04827 batch=0.00000
2026-05-15 14:31:42,350 INFO CSMF2.step_1_1_1.run :: [lat] epoch=16 step=350 mean_l2=0.02791 std_l2=0.02785
2026-05-15 14:31:42,567 INFO CSMF2.step_1_1_1.run :: epoch=16 step=350/429 train_nll=-3619.028
2026-05-15 14:31:57,706 INFO CSMF2.step_1_1_1.run :: [h] epoch=16 step=400 total=0.04829 batch=0.00000
2026-05-15 14:31:57,706 INFO CSMF2.step_1_1_1.run :: [lat] epoch=16 step=400 mean_l2=0.01155 std_l2=0.01921
2026-05-15 14:31:57,886 INFO CSMF2.step_1_1_1.run :: epoch=16 step=400/429 train_nll=-3619.793
2026-05-15 14:32:08,846 INFO CSMF2.step_1_1_1.run :: epoch=16  train_nll=-3620.888  val_nll=-3635.699  t=145.1s
2026-05-15 14:32:08,846 INFO CSMF2.step_1_1_1.run :: [h_std] total=0.04802 batch=0.00000 (no penalty)
2026-05-15 14:32:08,847 INFO CSMF2.step_1_1_1.run :: [lat_epoch] mean_l2=0.01958 std_l2=0.02250 lambda=1.000
2026-05-15 14:32:08,847 INFO CSMF2.step_1_1_1.run :: [grad] cond=138.3225 film_gain=0.0000
2026-05-15 14:32:25,105 INFO CSMF2.step_1_1_1.run :: [h] epoch=17 step=50 total=0.04869 batch=0.00000
2026-05-15 14:32:25,106 INFO CSMF2.step_1_1_1.run :: [lat] epoch=17 step=50 mean_l2=0.01618 std_l2=0.01890
2026-05-15 14:32:25,295 INFO CSMF2.step_1_1_1.run :: epoch=17 step=50/429 train_nll=-3637.921
2026-05-15 14:32:38,863 INFO CSMF2.step_1_1_1.run :: [h] epoch=17 step=100 total=0.04839 batch=0.00000
2026-05-15 14:32:38,863 INFO CSMF2.step_1_1_1.run :: [lat] epoch=17 step=100 mean_l2=0.01257 std_l2=0.02132
2026-05-15 14:32:39,053 INFO CSMF2.step_1_1_1.run :: epoch=17 step=100/429 train_nll=-3625.804
2026-05-15 14:32:52,646 INFO CSMF2.step_1_1_1.run :: [h] epoch=17 step=150 total=0.04868 batch=0.00000
2026-05-15 14:32:52,646 INFO CSMF2.step_1_1_1.run :: [lat] epoch=17 step=150 mean_l2=0.01898 std_l2=0.02104
2026-05-15 14:32:52,835 INFO CSMF2.step_1_1_1.run :: epoch=17 step=150/429 train_nll=-3628.099
2026-05-15 14:33:06,429 INFO CSMF2.step_1_1_1.run :: [h] epoch=17 step=200 total=0.04882 batch=0.00000
2026-05-15 14:33:06,430 INFO CSMF2.step_1_1_1.run :: [lat] epoch=17 step=200 mean_l2=0.01567 std_l2=0.01994
2026-05-15 14:33:06,616 INFO CSMF2.step_1_1_1.run :: epoch=17 step=200/429 train_nll=-3630.602
2026-05-15 14:33:19,878 INFO CSMF2.step_1_1_1.run :: [h] epoch=17 step=250 total=0.04854 batch=0.00000
2026-05-15 14:33:19,879 INFO CSMF2.step_1_1_1.run :: [lat] epoch=17 step=250 mean_l2=0.03529 std_l2=0.02400
2026-05-15 14:33:20,059 INFO CSMF2.step_1_1_1.run :: epoch=17 step=250/429 train_nll=-3628.125
2026-05-15 14:33:32,944 INFO CSMF2.step_1_1_1.run :: [h] epoch=17 step=300 total=0.04819 batch=0.00000
2026-05-15 14:33:32,945 INFO CSMF2.step_1_1_1.run :: [lat] epoch=17 step=300 mean_l2=0.02437 std_l2=0.02341
2026-05-15 14:33:33,122 INFO CSMF2.step_1_1_1.run :: epoch=17 step=300/429 train_nll=-3622.796
2026-05-15 14:33:46,058 INFO CSMF2.step_1_1_1.run :: [h] epoch=17 step=350 total=0.04761 batch=0.00000
2026-05-15 14:33:46,058 INFO CSMF2.step_1_1_1.run :: [lat] epoch=17 step=350 mean_l2=0.01832 std_l2=0.02858
2026-05-15 14:33:46,237 INFO CSMF2.step_1_1_1.run :: epoch=17 step=350/429 train_nll=-3618.886
2026-05-15 14:33:59,220 INFO CSMF2.step_1_1_1.run :: [h] epoch=17 step=400 total=0.04789 batch=0.00000
2026-05-15 14:33:59,221 INFO CSMF2.step_1_1_1.run :: [lat] epoch=17 step=400 mean_l2=0.01264 std_l2=0.02184
2026-05-15 14:33:59,399 INFO CSMF2.step_1_1_1.run :: epoch=17 step=400/429 train_nll=-3619.286
2026-05-15 14:34:10,216 INFO CSMF2.step_1_1_1.run :: epoch=17  train_nll=-3619.604  val_nll=-3613.278  t=118.3s
2026-05-15 14:34:10,216 INFO CSMF2.step_1_1_1.run :: [h_std] total=0.04840 batch=0.00000 (no penalty)
2026-05-15 14:34:10,216 INFO CSMF2.step_1_1_1.run :: [lat_epoch] mean_l2=0.02082 std_l2=0.02268 lambda=1.000
2026-05-15 14:34:10,216 INFO CSMF2.step_1_1_1.run :: [grad] cond=89.1032 film_gain=0.0000
2026-05-15 14:34:26,855 INFO CSMF2.step_1_1_1.run :: [h] epoch=18 step=50 total=0.04816 batch=0.00000
2026-05-15 14:34:26,856 INFO CSMF2.step_1_1_1.run :: [lat] epoch=18 step=50 mean_l2=0.02348 std_l2=0.02238
2026-05-15 14:34:27,044 INFO CSMF2.step_1_1_1.run :: epoch=18 step=50/429 train_nll=-3605.163
2026-05-15 14:34:40,675 INFO CSMF2.step_1_1_1.run :: [h] epoch=18 step=100 total=0.04831 batch=0.00000
2026-05-15 14:34:40,676 INFO CSMF2.step_1_1_1.run :: [lat] epoch=18 step=100 mean_l2=0.01409 std_l2=0.01984
2026-05-15 14:34:40,864 INFO CSMF2.step_1_1_1.run :: epoch=18 step=100/429 train_nll=-3617.104
2026-05-15 14:34:54,468 INFO CSMF2.step_1_1_1.run :: [h] epoch=18 step=150 total=0.04857 batch=0.00000
2026-05-15 14:34:54,468 INFO CSMF2.step_1_1_1.run :: [lat] epoch=18 step=150 mean_l2=0.01609 std_l2=0.01929
2026-05-15 14:34:54,655 INFO CSMF2.step_1_1_1.run :: epoch=18 step=150/429 train_nll=-3622.688
2026-05-15 14:35:08,250 INFO CSMF2.step_1_1_1.run :: [h] epoch=18 step=200 total=0.04862 batch=0.00000
2026-05-15 14:35:08,251 INFO CSMF2.step_1_1_1.run :: [lat] epoch=18 step=200 mean_l2=0.01267 std_l2=0.02257
2026-05-15 14:35:08,437 INFO CSMF2.step_1_1_1.run :: epoch=18 step=200/429 train_nll=-3627.135
2026-05-15 14:35:22,021 INFO CSMF2.step_1_1_1.run :: [h] epoch=18 step=250 total=0.04855 batch=0.00000
2026-05-15 14:35:22,022 INFO CSMF2.step_1_1_1.run :: [lat] epoch=18 step=250 mean_l2=0.03848 std_l2=0.03294
2026-05-15 14:35:22,209 INFO CSMF2.step_1_1_1.run :: epoch=18 step=250/429 train_nll=-3625.105
2026-05-15 14:35:35,813 INFO CSMF2.step_1_1_1.run :: [h] epoch=18 step=300 total=0.04833 batch=0.00000
2026-05-15 14:35:35,814 INFO CSMF2.step_1_1_1.run :: [lat] epoch=18 step=300 mean_l2=0.01998 std_l2=0.02583
2026-05-15 14:35:36,004 INFO CSMF2.step_1_1_1.run :: epoch=18 step=300/429 train_nll=-3622.534
2026-05-15 14:35:49,616 INFO CSMF2.step_1_1_1.run :: [h] epoch=18 step=350 total=0.04837 batch=0.00000
2026-05-15 14:35:49,616 INFO CSMF2.step_1_1_1.run :: [lat] epoch=18 step=350 mean_l2=0.02612 std_l2=0.02403
2026-05-15 14:35:49,803 INFO CSMF2.step_1_1_1.run :: epoch=18 step=350/429 train_nll=-3621.515
2026-05-15 14:36:03,419 INFO CSMF2.step_1_1_1.run :: [h] epoch=18 step=400 total=0.04844 batch=0.00000
2026-05-15 14:36:03,420 INFO CSMF2.step_1_1_1.run :: [lat] epoch=18 step=400 mean_l2=0.01240 std_l2=0.01893
2026-05-15 14:36:03,607 INFO CSMF2.step_1_1_1.run :: epoch=18 step=400/429 train_nll=-3622.889
2026-05-15 14:36:15,020 INFO CSMF2.step_1_1_1.run :: epoch=18  train_nll=-3624.075  val_nll=-3637.112  t=121.8s
2026-05-15 14:36:15,020 INFO CSMF2.step_1_1_1.run :: [h_std] total=0.04841 batch=0.00000 (no penalty)
2026-05-15 14:36:15,020 INFO CSMF2.step_1_1_1.run :: [lat_epoch] mean_l2=0.01892 std_l2=0.02247 lambda=1.000
2026-05-15 14:36:15,020 INFO CSMF2.step_1_1_1.run :: [grad] cond=248.4381 film_gain=0.0000
2026-05-15 14:36:31,562 INFO CSMF2.step_1_1_1.run :: [h] epoch=19 step=50 total=0.04884 batch=0.00000
2026-05-15 14:36:31,562 INFO CSMF2.step_1_1_1.run :: [lat] epoch=19 step=50 mean_l2=0.01289 std_l2=0.01784
2026-05-15 14:36:31,750 INFO CSMF2.step_1_1_1.run :: epoch=19 step=50/429 train_nll=-3643.231
2026-05-15 14:36:45,384 INFO CSMF2.step_1_1_1.run :: [h] epoch=19 step=100 total=0.04886 batch=0.00000
2026-05-15 14:36:45,385 INFO CSMF2.step_1_1_1.run :: [lat] epoch=19 step=100 mean_l2=0.01524 std_l2=0.01936
2026-05-15 14:36:45,574 INFO CSMF2.step_1_1_1.run :: epoch=19 step=100/429 train_nll=-3642.865
2026-05-15 14:36:59,247 INFO CSMF2.step_1_1_1.run :: [h] epoch=19 step=150 total=0.04900 batch=0.00000
2026-05-15 14:36:59,248 INFO CSMF2.step_1_1_1.run :: [lat] epoch=19 step=150 mean_l2=0.02195 std_l2=0.02232
2026-05-15 14:36:59,440 INFO CSMF2.step_1_1_1.run :: epoch=19 step=150/429 train_nll=-3640.193
2026-05-15 14:37:13,192 INFO CSMF2.step_1_1_1.run :: [h] epoch=19 step=200 total=0.04899 batch=0.00000
2026-05-15 14:37:13,192 INFO CSMF2.step_1_1_1.run :: [lat] epoch=19 step=200 mean_l2=0.01339 std_l2=0.01933
2026-05-15 14:37:13,382 INFO CSMF2.step_1_1_1.run :: epoch=19 step=200/429 train_nll=-3639.706
2026-05-15 14:37:27,078 INFO CSMF2.step_1_1_1.run :: [h] epoch=19 step=250 total=0.04897 batch=0.00000
2026-05-15 14:37:27,078 INFO CSMF2.step_1_1_1.run :: [lat] epoch=19 step=250 mean_l2=0.01890 std_l2=0.02365
2026-05-15 14:37:27,267 INFO CSMF2.step_1_1_1.run :: epoch=19 step=250/429 train_nll=-3639.194
2026-05-15 14:37:40,918 INFO CSMF2.step_1_1_1.run :: [h] epoch=19 step=300 total=0.04881 batch=0.00000
2026-05-15 14:37:40,918 INFO CSMF2.step_1_1_1.run :: [lat] epoch=19 step=300 mean_l2=0.01454 std_l2=0.01820
2026-05-15 14:37:41,109 INFO CSMF2.step_1_1_1.run :: epoch=19 step=300/429 train_nll=-3637.421
2026-05-15 14:37:54,754 INFO CSMF2.step_1_1_1.run :: [h] epoch=19 step=350 total=0.04905 batch=0.00000
2026-05-15 14:37:54,754 INFO CSMF2.step_1_1_1.run :: [lat] epoch=19 step=350 mean_l2=0.01372 std_l2=0.01924
2026-05-15 14:37:54,943 INFO CSMF2.step_1_1_1.run :: epoch=19 step=350/429 train_nll=-3638.382
2026-05-15 14:38:08,591 INFO CSMF2.step_1_1_1.run :: [h] epoch=19 step=400 total=0.04910 batch=0.00000
2026-05-15 14:38:08,592 INFO CSMF2.step_1_1_1.run :: [lat] epoch=19 step=400 mean_l2=0.01582 std_l2=0.02002
2026-05-15 14:38:08,782 INFO CSMF2.step_1_1_1.run :: epoch=19 step=400/429 train_nll=-3639.596
2026-05-15 14:38:20,187 INFO CSMF2.step_1_1_1.run :: epoch=19  train_nll=-3639.742  val_nll=-3623.470  t=122.2s
2026-05-15 14:38:20,188 INFO CSMF2.step_1_1_1.run :: [h_std] total=0.04894 batch=0.00000 (no penalty)
2026-05-15 14:38:20,188 INFO CSMF2.step_1_1_1.run :: [lat_epoch] mean_l2=0.01518 std_l2=0.02030 lambda=1.000
2026-05-15 14:38:20,188 INFO CSMF2.step_1_1_1.run :: [grad] cond=76.9829 film_gain=0.0000
2026-05-15 14:38:36,251 INFO CSMF2.step_1_1_1.run :: [h] epoch=20 step=50 total=0.04881 batch=0.00000
2026-05-15 14:38:36,252 INFO CSMF2.step_1_1_1.run :: [lat] epoch=20 step=50 mean_l2=0.01724 std_l2=0.01979
2026-05-15 14:38:36,436 INFO CSMF2.step_1_1_1.run :: epoch=20 step=50/429 train_nll=-3614.734
2026-05-15 14:38:49,576 INFO CSMF2.step_1_1_1.run :: [h] epoch=20 step=100 total=0.04818 batch=0.00000
2026-05-15 14:38:49,577 INFO CSMF2.step_1_1_1.run :: [lat] epoch=20 step=100 mean_l2=0.04050 std_l2=0.03000
2026-05-15 14:38:49,761 INFO CSMF2.step_1_1_1.run :: epoch=20 step=100/429 train_nll=-3613.940
2026-05-15 14:39:02,889 INFO CSMF2.step_1_1_1.run :: [h] epoch=20 step=150 total=0.04866 batch=0.00000
2026-05-15 14:39:02,890 INFO CSMF2.step_1_1_1.run :: [lat] epoch=20 step=150 mean_l2=0.01592 std_l2=0.02168
2026-05-15 14:39:03,076 INFO CSMF2.step_1_1_1.run :: epoch=20 step=150/429 train_nll=-3613.242
2026-05-15 14:39:16,260 INFO CSMF2.step_1_1_1.run :: [h] epoch=20 step=200 total=0.04859 batch=0.00000
2026-05-15 14:39:16,261 INFO CSMF2.step_1_1_1.run :: [lat] epoch=20 step=200 mean_l2=0.01415 std_l2=0.02521
2026-05-15 14:39:16,447 INFO CSMF2.step_1_1_1.run :: epoch=20 step=200/429 train_nll=-3617.740
2026-05-15 14:39:29,597 INFO CSMF2.step_1_1_1.run :: [h] epoch=20 step=250 total=0.04863 batch=0.00000
2026-05-15 14:39:29,598 INFO CSMF2.step_1_1_1.run :: [lat] epoch=20 step=250 mean_l2=0.01892 std_l2=0.01979
2026-05-15 14:39:29,784 INFO CSMF2.step_1_1_1.run :: epoch=20 step=250/429 train_nll=-3618.246
2026-05-15 14:39:42,917 INFO CSMF2.step_1_1_1.run :: [h] epoch=20 step=300 total=0.04855 batch=0.00000
2026-05-15 14:39:42,917 INFO CSMF2.step_1_1_1.run :: [lat] epoch=20 step=300 mean_l2=0.02645 std_l2=0.02211
2026-05-15 14:39:43,099 INFO CSMF2.step_1_1_1.run :: epoch=20 step=300/429 train_nll=-3621.159
2026-05-15 14:39:56,263 INFO CSMF2.step_1_1_1.run :: [h] epoch=20 step=350 total=0.04877 batch=0.00000
2026-05-15 14:39:56,263 INFO CSMF2.step_1_1_1.run :: [lat] epoch=20 step=350 mean_l2=0.01171 std_l2=0.02031
2026-05-15 14:39:56,448 INFO CSMF2.step_1_1_1.run :: epoch=20 step=350/429 train_nll=-3624.092
2026-05-15 14:40:09,542 INFO CSMF2.step_1_1_1.run :: [h] epoch=20 step=400 total=0.04879 batch=0.00000
2026-05-15 14:40:09,543 INFO CSMF2.step_1_1_1.run :: [lat] epoch=20 step=400 mean_l2=0.01132 std_l2=0.01854
2026-05-15 14:40:09,724 INFO CSMF2.step_1_1_1.run :: epoch=20 step=400/429 train_nll=-3627.547
2026-05-15 14:40:20,641 INFO CSMF2.step_1_1_1.run :: epoch=20  train_nll=-3628.765  val_nll=-3602.077  t=117.4s
2026-05-15 14:40:20,641 INFO CSMF2.step_1_1_1.run :: [h_std] total=0.04872 batch=0.00000 (no penalty)
2026-05-15 14:40:20,641 INFO CSMF2.step_1_1_1.run :: [lat_epoch] mean_l2=0.01911 std_l2=0.02206 lambda=1.000
2026-05-15 14:40:20,641 INFO CSMF2.step_1_1_1.run :: [grad] cond=594.2759 film_gain=0.0000
2026-05-15 14:40:36,602 INFO CSMF2.step_1_1_1.run :: [h] epoch=21 step=50 total=0.04863 batch=0.00000
2026-05-15 14:40:36,603 INFO CSMF2.step_1_1_1.run :: [lat] epoch=21 step=50 mean_l2=0.03093 std_l2=0.02329
2026-05-15 14:40:36,784 INFO CSMF2.step_1_1_1.run :: epoch=21 step=50/429 train_nll=-3618.155
2026-05-15 14:40:49,739 INFO CSMF2.step_1_1_1.run :: [h] epoch=21 step=100 total=0.04845 batch=0.00000
2026-05-15 14:40:49,740 INFO CSMF2.step_1_1_1.run :: [lat] epoch=21 step=100 mean_l2=0.02309 std_l2=0.02542
2026-05-15 14:40:49,919 INFO CSMF2.step_1_1_1.run :: epoch=21 step=100/429 train_nll=-3616.952
2026-05-15 14:41:02,869 INFO CSMF2.step_1_1_1.run :: [h] epoch=21 step=150 total=0.04876 batch=0.00000
2026-05-15 14:41:02,869 INFO CSMF2.step_1_1_1.run :: [lat] epoch=21 step=150 mean_l2=0.01405 std_l2=0.01997
2026-05-15 14:41:03,050 INFO CSMF2.step_1_1_1.run :: epoch=21 step=150/429 train_nll=-3622.760
2026-05-15 14:41:16,009 INFO CSMF2.step_1_1_1.run :: [h] epoch=21 step=200 total=0.04863 batch=0.00000
2026-05-15 14:41:16,009 INFO CSMF2.step_1_1_1.run :: [lat] epoch=21 step=200 mean_l2=0.01301 std_l2=0.01933
2026-05-15 14:41:16,189 INFO CSMF2.step_1_1_1.run :: epoch=21 step=200/429 train_nll=-3628.618
2026-05-15 14:41:29,139 INFO CSMF2.step_1_1_1.run :: [h] epoch=21 step=250 total=0.04878 batch=0.00000
2026-05-15 14:41:29,139 INFO CSMF2.step_1_1_1.run :: [lat] epoch=21 step=250 mean_l2=0.01176 std_l2=0.01995
2026-05-15 14:41:29,319 INFO CSMF2.step_1_1_1.run :: epoch=21 step=250/429 train_nll=-3632.984
2026-05-15 14:41:42,269 INFO CSMF2.step_1_1_1.run :: [h] epoch=21 step=300 total=0.04864 batch=0.00000
2026-05-15 14:41:42,270 INFO CSMF2.step_1_1_1.run :: [lat] epoch=21 step=300 mean_l2=0.01283 std_l2=0.01905
2026-05-15 14:41:42,452 INFO CSMF2.step_1_1_1.run :: epoch=21 step=300/429 train_nll=-3635.545
2026-05-15 14:41:55,411 INFO CSMF2.step_1_1_1.run :: [h] epoch=21 step=350 total=0.04885 batch=0.00000
2026-05-15 14:41:55,411 INFO CSMF2.step_1_1_1.run :: [lat] epoch=21 step=350 mean_l2=0.01301 std_l2=0.01868
2026-05-15 14:41:55,592 INFO CSMF2.step_1_1_1.run :: epoch=21 step=350/429 train_nll=-3637.776
2026-05-15 14:42:08,553 INFO CSMF2.step_1_1_1.run :: [h] epoch=21 step=400 total=0.04879 batch=0.00000
2026-05-15 14:42:08,554 INFO CSMF2.step_1_1_1.run :: [lat] epoch=21 step=400 mean_l2=0.01203 std_l2=0.02085
2026-05-15 14:42:08,735 INFO CSMF2.step_1_1_1.run :: epoch=21 step=400/429 train_nll=-3639.825
2026-05-15 14:42:19,595 INFO CSMF2.step_1_1_1.run :: epoch=21  train_nll=-3639.262  val_nll=-3627.820  t=115.9s
2026-05-15 14:42:19,595 INFO CSMF2.step_1_1_1.run :: [h_std] total=0.04873 batch=0.00000 (no penalty)
2026-05-15 14:42:19,595 INFO CSMF2.step_1_1_1.run :: [lat_epoch] mean_l2=0.01651 std_l2=0.02096 lambda=1.000
2026-05-15 14:42:19,595 INFO CSMF2.step_1_1_1.run :: [grad] cond=172.4730 film_gain=0.0000
2026-05-15 14:42:35,537 INFO CSMF2.step_1_1_1.run :: [h] epoch=22 step=50 total=0.04868 batch=0.00000
2026-05-15 14:42:35,538 INFO CSMF2.step_1_1_1.run :: [lat] epoch=22 step=50 mean_l2=0.01174 std_l2=0.01827
2026-05-15 14:42:35,718 INFO CSMF2.step_1_1_1.run :: epoch=22 step=50/429 train_nll=-3642.799
2026-05-15 14:42:48,729 INFO CSMF2.step_1_1_1.run :: [h] epoch=22 step=100 total=0.04866 batch=0.00000
2026-05-15 14:42:48,729 INFO CSMF2.step_1_1_1.run :: [lat] epoch=22 step=100 mean_l2=0.01256 std_l2=0.01774
2026-05-15 14:42:48,910 INFO CSMF2.step_1_1_1.run :: epoch=22 step=100/429 train_nll=-3646.816
2026-05-15 14:43:01,912 INFO CSMF2.step_1_1_1.run :: [h] epoch=22 step=150 total=0.04879 batch=0.00000
2026-05-15 14:43:01,913 INFO CSMF2.step_1_1_1.run :: [lat] epoch=22 step=150 mean_l2=0.01408 std_l2=0.02159
2026-05-15 14:43:02,093 INFO CSMF2.step_1_1_1.run :: epoch=22 step=150/429 train_nll=-3647.189
2026-05-15 14:43:15,111 INFO CSMF2.step_1_1_1.run :: [h] epoch=22 step=200 total=0.04854 batch=0.00000
2026-05-15 14:43:15,112 INFO CSMF2.step_1_1_1.run :: [lat] epoch=22 step=200 mean_l2=0.02335 std_l2=0.02377
2026-05-15 14:43:15,293 INFO CSMF2.step_1_1_1.run :: epoch=22 step=200/429 train_nll=-3640.104
2026-05-15 14:43:28,337 INFO CSMF2.step_1_1_1.run :: [h] epoch=22 step=250 total=0.04830 batch=0.00000
2026-05-15 14:43:28,338 INFO CSMF2.step_1_1_1.run :: [lat] epoch=22 step=250 mean_l2=0.01777 std_l2=0.02321
2026-05-15 14:43:28,524 INFO CSMF2.step_1_1_1.run :: epoch=22 step=250/429 train_nll=-3636.709
2026-05-15 14:43:41,608 INFO CSMF2.step_1_1_1.run :: [h] epoch=22 step=300 total=0.04847 batch=0.00000
2026-05-15 14:43:41,608 INFO CSMF2.step_1_1_1.run :: [lat] epoch=22 step=300 mean_l2=0.01348 std_l2=0.01971
2026-05-15 14:43:41,793 INFO CSMF2.step_1_1_1.run :: epoch=22 step=300/429 train_nll=-3637.587
2026-05-15 14:43:54,868 INFO CSMF2.step_1_1_1.run :: [h] epoch=22 step=350 total=0.04844 batch=0.00000
2026-05-15 14:43:54,869 INFO CSMF2.step_1_1_1.run :: [lat] epoch=22 step=350 mean_l2=0.01252 std_l2=0.01932
2026-05-15 14:43:55,053 INFO CSMF2.step_1_1_1.run :: epoch=22 step=350/429 train_nll=-3639.483
2026-05-15 14:44:08,087 INFO CSMF2.step_1_1_1.run :: [h] epoch=22 step=400 total=0.04841 batch=0.00000
2026-05-15 14:44:08,088 INFO CSMF2.step_1_1_1.run :: [lat] epoch=22 step=400 mean_l2=0.02445 std_l2=0.02130
2026-05-15 14:44:08,272 INFO CSMF2.step_1_1_1.run :: epoch=22 step=400/429 train_nll=-3639.443
2026-05-15 14:44:19,159 INFO CSMF2.step_1_1_1.run :: epoch=22  train_nll=-3639.555  val_nll=-3642.127  t=116.6s
2026-05-15 14:44:19,159 INFO CSMF2.step_1_1_1.run :: [h_std] total=0.04854 batch=0.00000 (no penalty)
2026-05-15 14:44:19,159 INFO CSMF2.step_1_1_1.run :: [lat_epoch] mean_l2=0.01708 std_l2=0.02116 lambda=1.000
2026-05-15 14:44:19,159 INFO CSMF2.step_1_1_1.run :: [grad] cond=273.7461 film_gain=0.0000
2026-05-15 14:44:35,121 INFO CSMF2.step_1_1_1.run :: [h] epoch=23 step=50 total=0.04853 batch=0.00000
2026-05-15 14:44:35,121 INFO CSMF2.step_1_1_1.run :: [lat] epoch=23 step=50 mean_l2=0.01319 std_l2=0.01821
2026-05-15 14:44:35,304 INFO CSMF2.step_1_1_1.run :: epoch=23 step=50/429 train_nll=-3651.735
2026-05-15 14:44:48,397 INFO CSMF2.step_1_1_1.run :: [h] epoch=23 step=100 total=0.04845 batch=0.00000
2026-05-15 14:44:48,397 INFO CSMF2.step_1_1_1.run :: [lat] epoch=23 step=100 mean_l2=0.01361 std_l2=0.01803
2026-05-15 14:44:48,580 INFO CSMF2.step_1_1_1.run :: epoch=23 step=100/429 train_nll=-3651.002
2026-05-15 14:45:01,646 INFO CSMF2.step_1_1_1.run :: [h] epoch=23 step=150 total=0.04846 batch=0.00000
2026-05-15 14:45:01,646 INFO CSMF2.step_1_1_1.run :: [lat] epoch=23 step=150 mean_l2=0.01363 std_l2=0.01863
2026-05-15 14:45:01,828 INFO CSMF2.step_1_1_1.run :: epoch=23 step=150/429 train_nll=-3646.892
2026-05-15 14:45:14,923 INFO CSMF2.step_1_1_1.run :: [h] epoch=23 step=200 total=0.04824 batch=0.00000
2026-05-15 14:45:14,923 INFO CSMF2.step_1_1_1.run :: [lat] epoch=23 step=200 mean_l2=0.01752 std_l2=0.02130
2026-05-15 14:45:15,105 INFO CSMF2.step_1_1_1.run :: epoch=23 step=200/429 train_nll=-3645.281
2026-05-15 14:45:28,168 INFO CSMF2.step_1_1_1.run :: [h] epoch=23 step=250 total=0.04822 batch=0.00000
2026-05-15 14:45:28,168 INFO CSMF2.step_1_1_1.run :: [lat] epoch=23 step=250 mean_l2=0.01458 std_l2=0.02060
2026-05-15 14:45:28,350 INFO CSMF2.step_1_1_1.run :: epoch=23 step=250/429 train_nll=-3643.327
2026-05-15 14:45:41,477 INFO CSMF2.step_1_1_1.run :: [h] epoch=23 step=300 total=0.04807 batch=0.00000
2026-05-15 14:45:41,478 INFO CSMF2.step_1_1_1.run :: [lat] epoch=23 step=300 mean_l2=0.01751 std_l2=0.02425
2026-05-15 14:45:41,661 INFO CSMF2.step_1_1_1.run :: epoch=23 step=300/429 train_nll=-3641.593
2026-05-15 14:45:54,755 INFO CSMF2.step_1_1_1.run :: [h] epoch=23 step=350 total=0.04784 batch=0.00000
2026-05-15 14:45:54,756 INFO CSMF2.step_1_1_1.run :: [lat] epoch=23 step=350 mean_l2=0.01606 std_l2=0.02044
2026-05-15 14:45:54,938 INFO CSMF2.step_1_1_1.run :: epoch=23 step=350/429 train_nll=-3639.698
2026-05-15 14:46:07,986 INFO CSMF2.step_1_1_1.run :: [h] epoch=23 step=400 total=0.04785 batch=0.00000
2026-05-15 14:46:07,987 INFO CSMF2.step_1_1_1.run :: [lat] epoch=23 step=400 mean_l2=0.01162 std_l2=0.02181
2026-05-15 14:46:08,168 INFO CSMF2.step_1_1_1.run :: epoch=23 step=400/429 train_nll=-3641.093
2026-05-15 14:46:19,129 INFO CSMF2.step_1_1_1.run :: epoch=23  train_nll=-3641.879  val_nll=-3649.166  t=117.0s
2026-05-15 14:46:19,129 INFO CSMF2.step_1_1_1.run :: [h_std] total=0.04819 batch=0.00000 (no penalty)
2026-05-15 14:46:19,129 INFO CSMF2.step_1_1_1.run :: [lat_epoch] mean_l2=0.01658 std_l2=0.02080 lambda=1.000
2026-05-15 14:46:19,129 INFO CSMF2.step_1_1_1.run :: [grad] cond=209.1863 film_gain=0.0000
2026-05-15 14:46:35,970 INFO CSMF2.step_1_1_1.run :: [h] epoch=24 step=50 total=0.04806 batch=0.00000
2026-05-15 14:46:35,971 INFO CSMF2.step_1_1_1.run :: [lat] epoch=24 step=50 mean_l2=0.01344 std_l2=0.01728
2026-05-15 14:46:36,163 INFO CSMF2.step_1_1_1.run :: epoch=24 step=50/429 train_nll=-3648.931
2026-05-15 14:46:50,005 INFO CSMF2.step_1_1_1.run :: [h] epoch=24 step=100 total=0.04784 batch=0.00000
2026-05-15 14:46:50,005 INFO CSMF2.step_1_1_1.run :: [lat] epoch=24 step=100 mean_l2=0.01551 std_l2=0.01999
2026-05-15 14:46:50,198 INFO CSMF2.step_1_1_1.run :: epoch=24 step=100/429 train_nll=-3646.164
2026-05-15 14:47:04,024 INFO CSMF2.step_1_1_1.run :: [h] epoch=24 step=150 total=0.04772 batch=0.00000
2026-05-15 14:47:04,025 INFO CSMF2.step_1_1_1.run :: [lat] epoch=24 step=150 mean_l2=0.02598 std_l2=0.02233
2026-05-15 14:47:04,216 INFO CSMF2.step_1_1_1.run :: epoch=24 step=150/429 train_nll=-3636.619
2026-05-15 14:47:17,968 INFO CSMF2.step_1_1_1.run :: [h] epoch=24 step=200 total=0.04761 batch=0.00000
2026-05-15 14:47:17,968 INFO CSMF2.step_1_1_1.run :: [lat] epoch=24 step=200 mean_l2=0.01372 std_l2=0.02052
2026-05-15 14:47:18,160 INFO CSMF2.step_1_1_1.run :: epoch=24 step=200/429 train_nll=-3637.926
2026-05-15 14:47:31,931 INFO CSMF2.step_1_1_1.run :: [h] epoch=24 step=250 total=0.04772 batch=0.00000
2026-05-15 14:47:31,932 INFO CSMF2.step_1_1_1.run :: [lat] epoch=24 step=250 mean_l2=0.01295 std_l2=0.01901
2026-05-15 14:47:32,125 INFO CSMF2.step_1_1_1.run :: epoch=24 step=250/429 train_nll=-3641.340
2026-05-15 14:47:45,899 INFO CSMF2.step_1_1_1.run :: [h] epoch=24 step=300 total=0.04759 batch=0.00000
2026-05-15 14:47:45,900 INFO CSMF2.step_1_1_1.run :: [lat] epoch=24 step=300 mean_l2=0.01355 std_l2=0.02039
2026-05-15 14:47:46,092 INFO CSMF2.step_1_1_1.run :: epoch=24 step=300/429 train_nll=-3643.788
2026-05-15 14:47:59,857 INFO CSMF2.step_1_1_1.run :: [h] epoch=24 step=350 total=0.04772 batch=0.00000
2026-05-15 14:47:59,857 INFO CSMF2.step_1_1_1.run :: [lat] epoch=24 step=350 mean_l2=0.01186 std_l2=0.01868
2026-05-15 14:48:00,050 INFO CSMF2.step_1_1_1.run :: epoch=24 step=350/429 train_nll=-3645.498
2026-05-15 14:48:13,805 INFO CSMF2.step_1_1_1.run :: [h] epoch=24 step=400 total=0.04756 batch=0.00000
2026-05-15 14:48:13,805 INFO CSMF2.step_1_1_1.run :: [lat] epoch=24 step=400 mean_l2=0.01786 std_l2=0.02088
2026-05-15 14:48:13,999 INFO CSMF2.step_1_1_1.run :: epoch=24 step=400/429 train_nll=-3644.469
2026-05-15 14:48:25,514 INFO CSMF2.step_1_1_1.run :: epoch=24  train_nll=-3644.521  val_nll=-3626.433  t=123.3s
2026-05-15 14:48:25,514 INFO CSMF2.step_1_1_1.run :: [h_std] total=0.04772 batch=0.00000 (no penalty)
2026-05-15 14:48:25,514 INFO CSMF2.step_1_1_1.run :: [lat_epoch] mean_l2=0.01669 std_l2=0.02083 lambda=1.000
2026-05-15 14:48:25,514 INFO CSMF2.step_1_1_1.run :: [grad] cond=727.0512 film_gain=0.0000
2026-05-15 14:48:42,166 INFO CSMF2.step_1_1_1.run :: [h] epoch=25 step=50 total=0.04751 batch=0.00000
2026-05-15 14:48:42,166 INFO CSMF2.step_1_1_1.run :: [lat] epoch=25 step=50 mean_l2=0.01626 std_l2=0.02063
2026-05-15 14:48:42,358 INFO CSMF2.step_1_1_1.run :: epoch=25 step=50/429 train_nll=-3639.300
2026-05-15 14:48:56,121 INFO CSMF2.step_1_1_1.run :: [h] epoch=25 step=100 total=0.04737 batch=0.00000
2026-05-15 14:48:56,122 INFO CSMF2.step_1_1_1.run :: [lat] epoch=25 step=100 mean_l2=0.01276 std_l2=0.01829
2026-05-15 14:48:56,314 INFO CSMF2.step_1_1_1.run :: epoch=25 step=100/429 train_nll=-3640.559
2026-05-15 14:49:10,080 INFO CSMF2.step_1_1_1.run :: [h] epoch=25 step=150 total=0.04749 batch=0.00000
2026-05-15 14:49:10,081 INFO CSMF2.step_1_1_1.run :: [lat] epoch=25 step=150 mean_l2=0.01323 std_l2=0.01880
2026-05-15 14:49:10,273 INFO CSMF2.step_1_1_1.run :: epoch=25 step=150/429 train_nll=-3643.805
2026-05-15 14:49:24,047 INFO CSMF2.step_1_1_1.run :: [h] epoch=25 step=200 total=0.04743 batch=0.00000
2026-05-15 14:49:24,047 INFO CSMF2.step_1_1_1.run :: [lat] epoch=25 step=200 mean_l2=0.01277 std_l2=0.02012
2026-05-15 14:49:24,241 INFO CSMF2.step_1_1_1.run :: epoch=25 step=200/429 train_nll=-3646.898
2026-05-15 14:49:38,051 INFO CSMF2.step_1_1_1.run :: [h] epoch=25 step=250 total=0.04748 batch=0.00000
2026-05-15 14:49:38,052 INFO CSMF2.step_1_1_1.run :: [lat] epoch=25 step=250 mean_l2=0.01261 std_l2=0.01728
2026-05-15 14:49:38,245 INFO CSMF2.step_1_1_1.run :: epoch=25 step=250/429 train_nll=-3648.985
2026-05-15 14:49:52,032 INFO CSMF2.step_1_1_1.run :: [h] epoch=25 step=300 total=0.04735 batch=0.00000
2026-05-15 14:49:52,032 INFO CSMF2.step_1_1_1.run :: [lat] epoch=25 step=300 mean_l2=0.01836 std_l2=0.02062
2026-05-15 14:49:52,224 INFO CSMF2.step_1_1_1.run :: epoch=25 step=300/429 train_nll=-3648.449
2026-05-15 14:50:06,017 INFO CSMF2.step_1_1_1.run :: [h] epoch=25 step=350 total=0.04714 batch=0.00000
2026-05-15 14:50:06,018 INFO CSMF2.step_1_1_1.run :: [lat] epoch=25 step=350 mean_l2=0.01565 std_l2=0.02173
2026-05-15 14:50:06,212 INFO CSMF2.step_1_1_1.run :: epoch=25 step=350/429 train_nll=-3646.587
2026-05-15 14:50:20,033 INFO CSMF2.step_1_1_1.run :: [h] epoch=25 step=400 total=0.04698 batch=0.00000
2026-05-15 14:50:20,034 INFO CSMF2.step_1_1_1.run :: [lat] epoch=25 step=400 mean_l2=0.02031 std_l2=0.02481
2026-05-15 14:50:20,227 INFO CSMF2.step_1_1_1.run :: epoch=25 step=400/429 train_nll=-3643.524
2026-05-15 14:50:31,779 INFO CSMF2.step_1_1_1.run :: epoch=25  train_nll=-3642.699  val_nll=-3637.827  t=123.3s
2026-05-15 14:50:31,779 INFO CSMF2.step_1_1_1.run :: [h_std] total=0.04735 batch=0.00000 (no penalty)
2026-05-15 14:50:31,779 INFO CSMF2.step_1_1_1.run :: [lat_epoch] mean_l2=0.01789 std_l2=0.02124 lambda=1.000
2026-05-15 14:50:31,779 INFO CSMF2.step_1_1_1.run :: [grad] cond=303.6899 film_gain=0.0000
2026-05-15 14:50:47,816 INFO CSMF2.step_1_1_1.run :: [h] epoch=26 step=50 total=0.04696 batch=0.00000
2026-05-15 14:50:47,816 INFO CSMF2.step_1_1_1.run :: [lat] epoch=26 step=50 mean_l2=0.01584 std_l2=0.01956
2026-05-15 14:50:48,000 INFO CSMF2.step_1_1_1.run :: epoch=26 step=50/429 train_nll=-3642.160
2026-05-15 14:51:01,214 INFO CSMF2.step_1_1_1.run :: [h] epoch=26 step=100 total=0.04710 batch=0.00000
2026-05-15 14:51:01,215 INFO CSMF2.step_1_1_1.run :: [lat] epoch=26 step=100 mean_l2=0.03079 std_l2=0.03012
2026-05-15 14:51:01,399 INFO CSMF2.step_1_1_1.run :: epoch=26 step=100/429 train_nll=-3638.426
2026-05-15 14:51:15,878 INFO CSMF2.step_1_1_1.run :: [h] epoch=26 step=150 total=0.04687 batch=0.00000
2026-05-15 14:51:15,879 INFO CSMF2.step_1_1_1.run :: [lat] epoch=26 step=150 mean_l2=0.01568 std_l2=0.02263
2026-05-15 14:51:16,102 INFO CSMF2.step_1_1_1.run :: epoch=26 step=150/429 train_nll=-3635.647
2026-05-15 14:51:31,020 INFO CSMF2.step_1_1_1.run :: [h] epoch=26 step=200 total=0.04663 batch=0.00000
2026-05-15 14:51:31,021 INFO CSMF2.step_1_1_1.run :: [lat] epoch=26 step=200 mean_l2=0.01400 std_l2=0.02233
2026-05-15 14:51:31,206 INFO CSMF2.step_1_1_1.run :: epoch=26 step=200/429 train_nll=-3636.737
2026-05-15 14:51:44,392 INFO CSMF2.step_1_1_1.run :: [h] epoch=26 step=250 total=0.04679 batch=0.00000
2026-05-15 14:51:44,392 INFO CSMF2.step_1_1_1.run :: [lat] epoch=26 step=250 mean_l2=0.01361 std_l2=0.01824
2026-05-15 14:51:44,580 INFO CSMF2.step_1_1_1.run :: epoch=26 step=250/429 train_nll=-3640.262
2026-05-15 14:51:57,850 INFO CSMF2.step_1_1_1.run :: [h] epoch=26 step=300 total=0.04665 batch=0.00000
2026-05-15 14:51:57,851 INFO CSMF2.step_1_1_1.run :: [lat] epoch=26 step=300 mean_l2=0.01159 std_l2=0.01890
2026-05-15 14:51:58,030 INFO CSMF2.step_1_1_1.run :: epoch=26 step=300/429 train_nll=-3642.949
2026-05-15 14:52:11,233 INFO CSMF2.step_1_1_1.run :: [h] epoch=26 step=350 total=0.04681 batch=0.00000
2026-05-15 14:52:11,233 INFO CSMF2.step_1_1_1.run :: [lat] epoch=26 step=350 mean_l2=0.01289 std_l2=0.01936
2026-05-15 14:52:11,419 INFO CSMF2.step_1_1_1.run :: epoch=26 step=350/429 train_nll=-3645.258
2026-05-15 14:52:24,646 INFO CSMF2.step_1_1_1.run :: [h] epoch=26 step=400 total=0.04664 batch=0.00000
2026-05-15 14:52:24,646 INFO CSMF2.step_1_1_1.run :: [lat] epoch=26 step=400 mean_l2=0.01247 std_l2=0.01691
2026-05-15 14:52:24,831 INFO CSMF2.step_1_1_1.run :: epoch=26 step=400/429 train_nll=-3647.243
2026-05-15 14:52:35,854 INFO CSMF2.step_1_1_1.run :: epoch=26  train_nll=-3647.951  val_nll=-3653.141  t=121.1s
2026-05-15 14:52:35,855 INFO CSMF2.step_1_1_1.run :: [h_std] total=0.04679 batch=0.00000 (no penalty)
2026-05-15 14:52:35,855 INFO CSMF2.step_1_1_1.run :: [lat_epoch] mean_l2=0.01550 std_l2=0.02026 lambda=1.000
2026-05-15 14:52:35,855 INFO CSMF2.step_1_1_1.run :: [grad] cond=257.6346 film_gain=0.0000
2026-05-15 14:52:51,787 INFO CSMF2.step_1_1_1.run :: [h] epoch=27 step=50 total=0.04669 batch=0.00000
2026-05-15 14:52:51,788 INFO CSMF2.step_1_1_1.run :: [lat] epoch=27 step=50 mean_l2=0.01243 std_l2=0.01704
2026-05-15 14:52:51,969 INFO CSMF2.step_1_1_1.run :: epoch=27 step=50/429 train_nll=-3660.337
2026-05-15 14:53:05,003 INFO CSMF2.step_1_1_1.run :: [h] epoch=27 step=100 total=0.04659 batch=0.00000
2026-05-15 14:53:05,004 INFO CSMF2.step_1_1_1.run :: [lat] epoch=27 step=100 mean_l2=0.01420 std_l2=0.02025
2026-05-15 14:53:05,184 INFO CSMF2.step_1_1_1.run :: epoch=27 step=100/429 train_nll=-3659.411
2026-05-15 14:53:18,209 INFO CSMF2.step_1_1_1.run :: [h] epoch=27 step=150 total=0.04649 batch=0.00000
2026-05-15 14:53:18,209 INFO CSMF2.step_1_1_1.run :: [lat] epoch=27 step=150 mean_l2=0.01614 std_l2=0.02112
2026-05-15 14:53:18,390 INFO CSMF2.step_1_1_1.run :: epoch=27 step=150/429 train_nll=-3654.296
2026-05-15 14:53:31,437 INFO CSMF2.step_1_1_1.run :: [h] epoch=27 step=200 total=0.04620 batch=0.00000
2026-05-15 14:53:31,438 INFO CSMF2.step_1_1_1.run :: [lat] epoch=27 step=200 mean_l2=0.01575 std_l2=0.02019
2026-05-15 14:53:31,619 INFO CSMF2.step_1_1_1.run :: epoch=27 step=200/429 train_nll=-3649.742
2026-05-15 14:53:44,676 INFO CSMF2.step_1_1_1.run :: [h] epoch=27 step=250 total=0.04623 batch=0.00000
2026-05-15 14:53:44,677 INFO CSMF2.step_1_1_1.run :: [lat] epoch=27 step=250 mean_l2=0.03260 std_l2=0.02538
2026-05-15 14:53:44,861 INFO CSMF2.step_1_1_1.run :: epoch=27 step=250/429 train_nll=-3648.670
2026-05-15 14:53:57,943 INFO CSMF2.step_1_1_1.run :: [h] epoch=27 step=300 total=0.04624 batch=0.00000
2026-05-15 14:53:57,943 INFO CSMF2.step_1_1_1.run :: [lat] epoch=27 step=300 mean_l2=0.01372 std_l2=0.02149
2026-05-15 14:53:58,128 INFO CSMF2.step_1_1_1.run :: epoch=27 step=300/429 train_nll=-3647.454
2026-05-15 14:54:11,203 INFO CSMF2.step_1_1_1.run :: [h] epoch=27 step=350 total=0.04613 batch=0.00000
2026-05-15 14:54:11,204 INFO CSMF2.step_1_1_1.run :: [lat] epoch=27 step=350 mean_l2=0.01375 std_l2=0.01975
2026-05-15 14:54:11,386 INFO CSMF2.step_1_1_1.run :: epoch=27 step=350/429 train_nll=-3648.280
2026-05-15 14:54:24,460 INFO CSMF2.step_1_1_1.run :: [h] epoch=27 step=400 total=0.04617 batch=0.00000
2026-05-15 14:54:24,460 INFO CSMF2.step_1_1_1.run :: [lat] epoch=27 step=400 mean_l2=0.02321 std_l2=0.02162
2026-05-15 14:54:24,645 INFO CSMF2.step_1_1_1.run :: epoch=27 step=400/429 train_nll=-3649.518
2026-05-15 14:54:35,564 INFO CSMF2.step_1_1_1.run :: epoch=27  train_nll=-3649.629  val_nll=-3651.063  t=116.8s
2026-05-15 14:54:35,564 INFO CSMF2.step_1_1_1.run :: [h_std] total=0.04637 batch=0.00000 (no penalty)
2026-05-15 14:54:35,564 INFO CSMF2.step_1_1_1.run :: [lat_epoch] mean_l2=0.01645 std_l2=0.02067 lambda=1.000
2026-05-15 14:54:35,564 INFO CSMF2.step_1_1_1.run :: [grad] cond=355.4217 film_gain=0.0000
2026-05-15 14:54:51,732 INFO CSMF2.step_1_1_1.run :: [h] epoch=28 step=50 total=0.04615 batch=0.00000
2026-05-15 14:54:51,733 INFO CSMF2.step_1_1_1.run :: [lat] epoch=28 step=50 mean_l2=0.02708 std_l2=0.02355
2026-05-15 14:54:51,915 INFO CSMF2.step_1_1_1.run :: epoch=28 step=50/429 train_nll=-3654.177
2026-05-15 14:55:05,020 INFO CSMF2.step_1_1_1.run :: [h] epoch=28 step=100 total=0.04601 batch=0.00000
2026-05-15 14:55:05,021 INFO CSMF2.step_1_1_1.run :: [lat] epoch=28 step=100 mean_l2=0.03150 std_l2=0.02465
2026-05-15 14:55:05,203 INFO CSMF2.step_1_1_1.run :: epoch=28 step=100/429 train_nll=-3645.653
2026-05-15 14:55:18,353 INFO CSMF2.step_1_1_1.run :: [h] epoch=28 step=150 total=0.04593 batch=0.00000
2026-05-15 14:55:18,354 INFO CSMF2.step_1_1_1.run :: [lat] epoch=28 step=150 mean_l2=0.01450 std_l2=0.01717
2026-05-15 14:55:18,537 INFO CSMF2.step_1_1_1.run :: epoch=28 step=150/429 train_nll=-3644.983
2026-05-15 14:55:31,680 INFO CSMF2.step_1_1_1.run :: [h] epoch=28 step=200 total=0.04579 batch=0.00000
2026-05-15 14:55:31,681 INFO CSMF2.step_1_1_1.run :: [lat] epoch=28 step=200 mean_l2=0.03837 std_l2=0.03350
2026-05-15 14:55:31,864 INFO CSMF2.step_1_1_1.run :: epoch=28 step=200/429 train_nll=-3644.784
2026-05-15 14:55:45,009 INFO CSMF2.step_1_1_1.run :: [h] epoch=28 step=250 total=0.04578 batch=0.00000
2026-05-15 14:55:45,010 INFO CSMF2.step_1_1_1.run :: [lat] epoch=28 step=250 mean_l2=0.02524 std_l2=0.02040
2026-05-15 14:55:45,193 INFO CSMF2.step_1_1_1.run :: epoch=28 step=250/429 train_nll=-3643.552
2026-05-15 14:55:58,334 INFO CSMF2.step_1_1_1.run :: [h] epoch=28 step=300 total=0.04559 batch=0.00000
2026-05-15 14:55:58,335 INFO CSMF2.step_1_1_1.run :: [lat] epoch=28 step=300 mean_l2=0.01174 std_l2=0.01748
2026-05-15 14:55:58,517 INFO CSMF2.step_1_1_1.run :: epoch=28 step=300/429 train_nll=-3644.868
2026-05-15 14:56:11,654 INFO CSMF2.step_1_1_1.run :: [h] epoch=28 step=350 total=0.04564 batch=0.00000
2026-05-15 14:56:11,654 INFO CSMF2.step_1_1_1.run :: [lat] epoch=28 step=350 mean_l2=0.01538 std_l2=0.01969
2026-05-15 14:56:11,837 INFO CSMF2.step_1_1_1.run :: epoch=28 step=350/429 train_nll=-3646.554
2026-05-15 14:56:24,979 INFO CSMF2.step_1_1_1.run :: [h] epoch=28 step=400 total=0.04564 batch=0.00000
2026-05-15 14:56:24,979 INFO CSMF2.step_1_1_1.run :: [lat] epoch=28 step=400 mean_l2=0.01833 std_l2=0.01981
2026-05-15 14:56:25,163 INFO CSMF2.step_1_1_1.run :: epoch=28 step=400/429 train_nll=-3646.187
2026-05-15 14:56:36,130 INFO CSMF2.step_1_1_1.run :: epoch=28  train_nll=-3645.073  val_nll=-3631.508  t=117.5s
2026-05-15 14:56:36,131 INFO CSMF2.step_1_1_1.run :: [h_std] total=0.04581 batch=0.00000 (no penalty)
2026-05-15 14:56:36,131 INFO CSMF2.step_1_1_1.run :: [lat_epoch] mean_l2=0.01815 std_l2=0.02107 lambda=1.000
2026-05-15 14:56:36,131 INFO CSMF2.step_1_1_1.run :: [grad] cond=136.0131 film_gain=0.0000
2026-05-15 14:56:56,572 INFO CSMF2.step_1_1_1.run :: [h] epoch=29 step=50 total=0.04546 batch=0.00000
2026-05-15 14:56:56,572 INFO CSMF2.step_1_1_1.run :: [lat] epoch=29 step=50 mean_l2=0.01283 std_l2=0.01731
2026-05-15 14:56:56,806 INFO CSMF2.step_1_1_1.run :: epoch=29 step=50/429 train_nll=-3652.554
2026-05-15 14:57:14,174 INFO CSMF2.step_1_1_1.run :: [h] epoch=29 step=100 total=0.04553 batch=0.00000
2026-05-15 14:57:14,175 INFO CSMF2.step_1_1_1.run :: [lat] epoch=29 step=100 mean_l2=0.01145 std_l2=0.01597
2026-05-15 14:57:14,400 INFO CSMF2.step_1_1_1.run :: epoch=29 step=100/429 train_nll=-3656.378
2026-05-15 14:57:31,743 INFO CSMF2.step_1_1_1.run :: [h] epoch=29 step=150 total=0.04551 batch=0.00000
2026-05-15 14:57:31,743 INFO CSMF2.step_1_1_1.run :: [lat] epoch=29 step=150 mean_l2=0.01395 std_l2=0.01897
2026-05-15 14:57:31,971 INFO CSMF2.step_1_1_1.run :: epoch=29 step=150/429 train_nll=-3657.036
2026-05-15 14:57:49,291 INFO CSMF2.step_1_1_1.run :: [h] epoch=29 step=200 total=0.04544 batch=0.00000
2026-05-15 14:57:49,292 INFO CSMF2.step_1_1_1.run :: [lat] epoch=29 step=200 mean_l2=0.01223 std_l2=0.01695
2026-05-15 14:57:49,518 INFO CSMF2.step_1_1_1.run :: epoch=29 step=200/429 train_nll=-3658.286
2026-05-15 14:58:06,820 INFO CSMF2.step_1_1_1.run :: [h] epoch=29 step=250 total=0.04532 batch=0.00000
2026-05-15 14:58:06,821 INFO CSMF2.step_1_1_1.run :: [lat] epoch=29 step=250 mean_l2=0.01610 std_l2=0.01855
2026-05-15 14:58:07,047 INFO CSMF2.step_1_1_1.run :: epoch=29 step=250/429 train_nll=-3659.476
2026-05-15 14:58:24,392 INFO CSMF2.step_1_1_1.run :: [h] epoch=29 step=300 total=0.04543 batch=0.00000
2026-05-15 14:58:24,392 INFO CSMF2.step_1_1_1.run :: [lat] epoch=29 step=300 mean_l2=0.01362 std_l2=0.01918
2026-05-15 14:58:24,616 INFO CSMF2.step_1_1_1.run :: epoch=29 step=300/429 train_nll=-3659.639
2026-05-15 14:58:41,935 INFO CSMF2.step_1_1_1.run :: [h] epoch=29 step=350 total=0.04518 batch=0.00000
2026-05-15 14:58:41,936 INFO CSMF2.step_1_1_1.run :: [lat] epoch=29 step=350 mean_l2=0.01376 std_l2=0.02207
2026-05-15 14:58:42,162 INFO CSMF2.step_1_1_1.run :: epoch=29 step=350/429 train_nll=-3657.498
2026-05-15 14:58:58,772 INFO CSMF2.step_1_1_1.run :: [h] epoch=29 step=400 total=0.04532 batch=0.00000
2026-05-15 14:58:58,772 INFO CSMF2.step_1_1_1.run :: [lat] epoch=29 step=400 mean_l2=0.01470 std_l2=0.01953
2026-05-15 14:58:58,956 INFO CSMF2.step_1_1_1.run :: epoch=29 step=400/429 train_nll=-3658.153
2026-05-15 14:59:09,919 INFO CSMF2.step_1_1_1.run :: epoch=29  train_nll=-3657.855  val_nll=-3645.666  t=150.6s
2026-05-15 14:59:09,919 INFO CSMF2.step_1_1_1.run :: [h_std] total=0.04541 batch=0.00000 (no penalty)
2026-05-15 14:59:09,919 INFO CSMF2.step_1_1_1.run :: [lat_epoch] mean_l2=0.01425 std_l2=0.01938 lambda=1.000
2026-05-15 14:59:09,919 INFO CSMF2.step_1_1_1.run :: [grad] cond=12.3766 film_gain=0.0000
2026-05-15 14:59:13,036 WARNING CSMF2.step_1_1_1.run :: [exit_gate] fwd_rel=0.903 > target 0.500 (informational; no resume baseline available)
2026-05-15 14:59:19,362 INFO CSMF2.step_1_1_1.run :: [run] FINAL test_nll (sealed 10k) = -3646.342
2026-05-15 14:59:19,993 INFO CSMF2.experiments.step_1_1_1.density_plots :: [plot_latent_density] saved -> CSMF2/experiments/step_1_1_1/results/nsf_s2_n0.10_seed0_1f6a8030ff2c/plots/latent_density.png  (ks=0.0036, mean=-0.004, std=0.992)
2026-05-15 14:59:20,206 INFO CSMF2.experiments.step_1_1_1.density_plots :: [plot_cycle_density] saved -> CSMF2/experiments/step_1_1_1/results/nsf_s2_n0.10_seed0_1f6a8030ff2c/plots/cycle_density.png  (max|err|=2.944e-04 rms=2.519e-06)
2026-05-15 14:59:20,562 INFO CSMF2.experiments.step_1_1_1.density_plots :: [plot_reconstruction_panel] saved -> CSMF2/experiments/step_1_1_1/results/nsf_s2_n0.10_seed0_1f6a8030ff2c/plots/reconstruction_panel.png  rms(enc-prior)=1.906
==============================================================
[1mSTEP-1_1_1 RUN SUMMARY[0m
==============================================================
expert: nsf   scale: 2   noise: 0.1   seed: 0   epochs: 30
train NLL:    -3188.44  ->    -3657.86  (Δ = -469.41)
test  NLL:    -3432.96  ->    -3645.67

[1mHARD GATES (halt on fail)[0m
  [32m 30/30  ✓[0m  invertibility FP64 <1e-5
  [33m 28/30  ✗[0m  latent KS vs N(0,1) <0.05
  [33m 29/30  ✗[0m  cycle_max < 1e-12
  [32m 30/30  ✓[0m  h std > 1e-3
  [32m 30/30  ✓[0m  FiLM γ,β std > 1e-3 aggregate
  [32m 30/30  ✓[0m  (y,seed) max|Δh| < 1e-6
  [32m 30/30  ✓[0m  no NaN/Inf this epoch
  [32m  1/1   ✓[0m  numeric log-det (FP64, once)

[1mINFORMATIONAL (logged, non-blocking)[0m
  [33m 28/30  ✗[0m  null-control gap ≥ 0.10
  [31m  0/30  ✗[0m  h_st Δlogp slope > 1e-3
  [32m 30/30  ✓[0m  grad norm > 1e-6
  [32m 30/30  ✓[0m  fwd residual reported
--------------------------------------------------------------
[1mHARD TOTAL: 208/211[0m  (98.6%)
[1mEXIT_CRITERIA_MET:[0m [31mNO[0m
[1mREMEDY HINTS:[0m
  - hard gate failed: latent_ks (latent KS vs N(0,1) <0.05) -- check epochs [9, 24]
  - hard gate failed: cycle_max (cycle_max < 1e-12) -- check epochs [11]
[33mSTEP-1_1_1 SOFT WARNINGS (non-blocking):[0m
  ! fwd_rel=0.903 > target 0.500 (informational; no resume baseline available)
==============================================================
2026-05-15 14:59:20,624 INFO CSMF2.step_1_1_1.run :: STEP-1_1 run DONE  exit_ok=False  out=CSMF2/experiments/step_1_1_1/results/nsf_s2_n0.10_seed0_1f6a8030ff2c
>>> 14:59:21 expert=nsf noise=0.1 lam=10.0 v2=off
2026-05-15 14:59:22,282 INFO CSMF2.step_1_1_1.run :: STEP-1_1 run | tag=nsf_s2_n0.10_seed0_da6542bee5d6 | cfg=StepCfg(data_root='./mnist_data', scale=2, blur_sigma=1.0, noise_sigma=0.1, batch_size=128, expert='nsf', dim=784, cond_width=128, h_dim=256, flow_hidden=256, use_film=True, cache_h=True, use_v2_conditioner=False, film_depth=2, film_hidden=128, film_use_gelu=True, realnvp_n_couplings=6, realnvp_s_max=2.0, glow_n_steps=8, glow_coupling_hidden=256, glow_s_max=2.0, glow_squeeze=True, glow_n_levels=1, glow_image_c=1, glow_image_h=28, glow_image_w=28, glow_film_gain_init=0.3, lr=0.001, epochs=30, weight_decay=0.0, grad_clip=5.0, shuffle_loss_lambda=0.0, shuffle_loss_margin=0.5, h_std_penalty_mu=0.0, h_std_target=0.05, cond_y_residual_alpha_init=0.0, latent_moment_lambda=10.0, latent_ks_target=0.1, fwd_rel_target=0.5, resume_from=None, seed=0, out_root='./CSMF2/experiments/step_1_1_1/results', log_every=50, sanity_every_epoch=True)
2026-05-15 14:59:22,356 INFO CSMF2.step_1_1_1.run :: [run] data sizes: train=55000  val=5000 (per-epoch)  test=10000 (final-only)
2026-05-15 14:59:22,418 INFO CSMF2.step_1_1_1.run :: [y_sanity] y.std(dim=0).mean() = 0.1512  shape=(128, 1, 14, 14)
2026-05-15 14:59:35,307 INFO CSMF2.step_1_1_1.run :: [h] epoch=0 step=50 total=0.01464 batch=0.00022
2026-05-15 14:59:35,308 INFO CSMF2.step_1_1_1.run :: [lat] epoch=0 step=50 mean_l2=0.11882 std_l2=0.10027
2026-05-15 14:59:35,436 INFO CSMF2.step_1_1_1.run :: epoch=0 step=50/429 train_nll=-2056.849
2026-05-15 14:59:48,295 INFO CSMF2.step_1_1_1.run :: [h] epoch=0 step=100 total=0.03190 batch=0.00122
2026-05-15 14:59:48,295 INFO CSMF2.step_1_1_1.run :: [lat] epoch=0 step=100 mean_l2=0.09150 std_l2=0.07187
2026-05-15 14:59:48,428 INFO CSMF2.step_1_1_1.run :: epoch=0 step=100/429 train_nll=-2610.687
2026-05-15 15:00:01,268 INFO CSMF2.step_1_1_1.run :: [h] epoch=0 step=150 total=0.02100 batch=0.00001
2026-05-15 15:00:01,269 INFO CSMF2.step_1_1_1.run :: [lat] epoch=0 step=150 mean_l2=0.03679 std_l2=0.04769
2026-05-15 15:00:01,397 INFO CSMF2.step_1_1_1.run :: epoch=0 step=150/429 train_nll=-2839.091
2026-05-15 15:00:14,213 INFO CSMF2.step_1_1_1.run :: [h] epoch=0 step=200 total=0.02903 batch=0.00001
2026-05-15 15:00:14,214 INFO CSMF2.step_1_1_1.run :: [lat] epoch=0 step=200 mean_l2=0.05437 std_l2=0.04513
2026-05-15 15:00:14,342 INFO CSMF2.step_1_1_1.run :: epoch=0 step=200/429 train_nll=-2964.737
2026-05-15 15:00:27,188 INFO CSMF2.step_1_1_1.run :: [h] epoch=0 step=250 total=0.02704 batch=0.00000
2026-05-15 15:00:27,188 INFO CSMF2.step_1_1_1.run :: [lat] epoch=0 step=250 mean_l2=0.10290 std_l2=0.07331
2026-05-15 15:00:27,317 INFO CSMF2.step_1_1_1.run :: epoch=0 step=250/429 train_nll=-3038.989
2026-05-15 15:00:40,266 INFO CSMF2.step_1_1_1.run :: [h] epoch=0 step=300 total=0.02230 batch=0.00001
2026-05-15 15:00:40,267 INFO CSMF2.step_1_1_1.run :: [lat] epoch=0 step=300 mean_l2=0.04289 std_l2=0.04625
2026-05-15 15:00:40,406 INFO CSMF2.step_1_1_1.run :: epoch=0 step=300/429 train_nll=-3091.522
2026-05-15 15:00:53,615 INFO CSMF2.step_1_1_1.run :: [h] epoch=0 step=350 total=0.02458 batch=0.00001
2026-05-15 15:00:53,616 INFO CSMF2.step_1_1_1.run :: [lat] epoch=0 step=350 mean_l2=0.04627 std_l2=0.03667
2026-05-15 15:00:53,746 INFO CSMF2.step_1_1_1.run :: epoch=0 step=350/429 train_nll=-3129.582
2026-05-15 15:01:06,754 INFO CSMF2.step_1_1_1.run :: [h] epoch=0 step=400 total=0.02867 batch=0.00002
2026-05-15 15:01:06,755 INFO CSMF2.step_1_1_1.run :: [lat] epoch=0 step=400 mean_l2=0.03174 std_l2=0.03347
2026-05-15 15:01:06,883 INFO CSMF2.step_1_1_1.run :: epoch=0 step=400/429 train_nll=-3163.541
2026-05-15 15:01:19,127 INFO CSMF2.step_1_1_1.run :: epoch=0  train_nll=-3181.866  val_nll=-3461.551  t=116.6s
2026-05-15 15:01:19,127 INFO CSMF2.step_1_1_1.run :: [h_std] total=0.02499 batch=0.00020 (no penalty)
2026-05-15 15:01:19,127 INFO CSMF2.step_1_1_1.run :: [lat_epoch] mean_l2=0.17430 std_l2=0.11997 lambda=10.000
2026-05-15 15:01:19,127 INFO CSMF2.step_1_1_1.run :: [grad] cond=2.2074 film_gain=0.0000
2026-05-15 15:01:35,457 INFO CSMF2.step_1_1_1.run :: [h] epoch=1 step=50 total=0.03289 batch=0.00005
2026-05-15 15:01:35,457 INFO CSMF2.step_1_1_1.run :: [lat] epoch=1 step=50 mean_l2=0.04224 std_l2=0.03416
2026-05-15 15:01:35,590 INFO CSMF2.step_1_1_1.run :: epoch=1 step=50/429 train_nll=-3436.875
2026-05-15 15:01:48,413 INFO CSMF2.step_1_1_1.run :: [h] epoch=1 step=100 total=0.04138 batch=0.00000
2026-05-15 15:01:48,414 INFO CSMF2.step_1_1_1.run :: [lat] epoch=1 step=100 mean_l2=0.02579 std_l2=0.02423
2026-05-15 15:01:48,545 INFO CSMF2.step_1_1_1.run :: epoch=1 step=100/429 train_nll=-3446.440
2026-05-15 15:02:01,628 INFO CSMF2.step_1_1_1.run :: [h] epoch=1 step=150 total=0.04201 batch=0.00000
2026-05-15 15:02:01,629 INFO CSMF2.step_1_1_1.run :: [lat] epoch=1 step=150 mean_l2=0.04688 std_l2=0.03491
2026-05-15 15:02:01,758 INFO CSMF2.step_1_1_1.run :: epoch=1 step=150/429 train_nll=-3452.371
2026-05-15 15:02:14,816 INFO CSMF2.step_1_1_1.run :: [h] epoch=1 step=200 total=0.04661 batch=0.00000
2026-05-15 15:02:14,816 INFO CSMF2.step_1_1_1.run :: [lat] epoch=1 step=200 mean_l2=0.03307 std_l2=0.03043
2026-05-15 15:02:14,955 INFO CSMF2.step_1_1_1.run :: epoch=1 step=200/429 train_nll=-3453.439
2026-05-15 15:02:28,564 INFO CSMF2.step_1_1_1.run :: [h] epoch=1 step=250 total=0.04436 batch=0.00000
2026-05-15 15:02:28,565 INFO CSMF2.step_1_1_1.run :: [lat] epoch=1 step=250 mean_l2=0.02612 std_l2=0.02989
2026-05-15 15:02:28,711 INFO CSMF2.step_1_1_1.run :: epoch=1 step=250/429 train_nll=-3455.648
2026-05-15 15:02:42,541 INFO CSMF2.step_1_1_1.run :: [h] epoch=1 step=300 total=0.04749 batch=0.00000
2026-05-15 15:02:42,542 INFO CSMF2.step_1_1_1.run :: [lat] epoch=1 step=300 mean_l2=0.02130 std_l2=0.02407
2026-05-15 15:02:42,733 INFO CSMF2.step_1_1_1.run :: epoch=1 step=300/429 train_nll=-3459.468
2026-05-15 15:02:57,259 INFO CSMF2.step_1_1_1.run :: [h] epoch=1 step=350 total=0.04161 batch=0.00000
2026-05-15 15:02:57,259 INFO CSMF2.step_1_1_1.run :: [lat] epoch=1 step=350 mean_l2=0.03054 std_l2=0.02838
2026-05-15 15:02:57,418 INFO CSMF2.step_1_1_1.run :: epoch=1 step=350/429 train_nll=-3455.215
2026-05-15 15:03:11,802 INFO CSMF2.step_1_1_1.run :: [h] epoch=1 step=400 total=0.04597 batch=0.00000
2026-05-15 15:03:11,803 INFO CSMF2.step_1_1_1.run :: [lat] epoch=1 step=400 mean_l2=0.05062 std_l2=0.03522
2026-05-15 15:03:11,956 INFO CSMF2.step_1_1_1.run :: epoch=1 step=400/429 train_nll=-3458.687
2026-05-15 15:03:25,186 INFO CSMF2.step_1_1_1.run :: epoch=1  train_nll=-3460.308  val_nll=-3498.183  t=122.7s
2026-05-15 15:03:25,186 INFO CSMF2.step_1_1_1.run :: [h_std] total=0.04378 batch=0.00001 (no penalty)
2026-05-15 15:03:25,187 INFO CSMF2.step_1_1_1.run :: [lat_epoch] mean_l2=0.03777 std_l2=0.03015 lambda=10.000
2026-05-15 15:03:25,187 INFO CSMF2.step_1_1_1.run :: [grad] cond=8.0775 film_gain=0.0000
2026-05-15 15:03:42,491 INFO CSMF2.step_1_1_1.run :: [h] epoch=2 step=50 total=0.04901 batch=0.00000
2026-05-15 15:03:42,492 INFO CSMF2.step_1_1_1.run :: [lat] epoch=2 step=50 mean_l2=0.04127 std_l2=0.03278
2026-05-15 15:03:42,637 INFO CSMF2.step_1_1_1.run :: epoch=2 step=50/429 train_nll=-3483.512
2026-05-15 15:03:56,785 INFO CSMF2.step_1_1_1.run :: [h] epoch=2 step=100 total=0.05091 batch=0.00000
2026-05-15 15:03:56,785 INFO CSMF2.step_1_1_1.run :: [lat] epoch=2 step=100 mean_l2=0.03234 std_l2=0.02438
2026-05-15 15:03:56,977 INFO CSMF2.step_1_1_1.run :: epoch=2 step=100/429 train_nll=-3489.575
2026-05-15 15:04:11,263 INFO CSMF2.step_1_1_1.run :: [h] epoch=2 step=150 total=0.05217 batch=0.00000
2026-05-15 15:04:11,263 INFO CSMF2.step_1_1_1.run :: [lat] epoch=2 step=150 mean_l2=0.05210 std_l2=0.03581
2026-05-15 15:04:11,413 INFO CSMF2.step_1_1_1.run :: epoch=2 step=150/429 train_nll=-3487.886
2026-05-15 15:04:25,441 INFO CSMF2.step_1_1_1.run :: [h] epoch=2 step=200 total=0.05212 batch=0.00000
2026-05-15 15:04:25,442 INFO CSMF2.step_1_1_1.run :: [lat] epoch=2 step=200 mean_l2=0.02329 std_l2=0.02957
2026-05-15 15:04:25,592 INFO CSMF2.step_1_1_1.run :: epoch=2 step=200/429 train_nll=-3490.541
2026-05-15 15:04:39,821 INFO CSMF2.step_1_1_1.run :: [h] epoch=2 step=250 total=0.05348 batch=0.00000
2026-05-15 15:04:39,822 INFO CSMF2.step_1_1_1.run :: [lat] epoch=2 step=250 mean_l2=0.03414 std_l2=0.02565
2026-05-15 15:04:40,020 INFO CSMF2.step_1_1_1.run :: epoch=2 step=250/429 train_nll=-3495.669
2026-05-15 15:04:54,244 INFO CSMF2.step_1_1_1.run :: [h] epoch=2 step=300 total=0.05231 batch=0.00000
2026-05-15 15:04:54,245 INFO CSMF2.step_1_1_1.run :: [lat] epoch=2 step=300 mean_l2=0.04112 std_l2=0.02881
2026-05-15 15:04:54,400 INFO CSMF2.step_1_1_1.run :: epoch=2 step=300/429 train_nll=-3495.953
2026-05-15 15:05:08,678 INFO CSMF2.step_1_1_1.run :: [h] epoch=2 step=350 total=0.05263 batch=0.00000
2026-05-15 15:05:08,679 INFO CSMF2.step_1_1_1.run :: [lat] epoch=2 step=350 mean_l2=0.02526 std_l2=0.02792
2026-05-15 15:05:08,830 INFO CSMF2.step_1_1_1.run :: epoch=2 step=350/429 train_nll=-3498.156
2026-05-15 15:05:22,964 INFO CSMF2.step_1_1_1.run :: [h] epoch=2 step=400 total=0.05378 batch=0.00000
2026-05-15 15:05:22,964 INFO CSMF2.step_1_1_1.run :: [lat] epoch=2 step=400 mean_l2=0.01542 std_l2=0.02408
2026-05-15 15:05:23,117 INFO CSMF2.step_1_1_1.run :: epoch=2 step=400/429 train_nll=-3501.913
2026-05-15 15:05:36,314 INFO CSMF2.step_1_1_1.run :: epoch=2  train_nll=-3502.721  val_nll=-3514.363  t=127.9s
2026-05-15 15:05:36,314 INFO CSMF2.step_1_1_1.run :: [h_std] total=0.05197 batch=0.00000 (no penalty)
2026-05-15 15:05:36,314 INFO CSMF2.step_1_1_1.run :: [lat_epoch] mean_l2=0.03103 std_l2=0.02725 lambda=10.000
2026-05-15 15:05:36,314 INFO CSMF2.step_1_1_1.run :: [grad] cond=21.7932 film_gain=0.0000
2026-05-15 15:05:53,614 INFO CSMF2.step_1_1_1.run :: [h] epoch=3 step=50 total=0.05431 batch=0.00000
2026-05-15 15:05:53,615 INFO CSMF2.step_1_1_1.run :: [lat] epoch=3 step=50 mean_l2=0.06739 std_l2=0.03876
2026-05-15 15:05:53,767 INFO CSMF2.step_1_1_1.run :: epoch=3 step=50/429 train_nll=-3496.891
2026-05-15 15:06:08,061 INFO CSMF2.step_1_1_1.run :: [h] epoch=3 step=100 total=0.05283 batch=0.00000
2026-05-15 15:06:08,061 INFO CSMF2.step_1_1_1.run :: [lat] epoch=3 step=100 mean_l2=0.03273 std_l2=0.02405
2026-05-15 15:06:08,213 INFO CSMF2.step_1_1_1.run :: epoch=3 step=100/429 train_nll=-3502.502
2026-05-15 15:06:22,414 INFO CSMF2.step_1_1_1.run :: [h] epoch=3 step=150 total=0.05452 batch=0.00000
2026-05-15 15:06:22,415 INFO CSMF2.step_1_1_1.run :: [lat] epoch=3 step=150 mean_l2=0.02722 std_l2=0.02587
2026-05-15 15:06:22,570 INFO CSMF2.step_1_1_1.run :: epoch=3 step=150/429 train_nll=-3510.157
2026-05-15 15:06:36,585 INFO CSMF2.step_1_1_1.run :: [h] epoch=3 step=200 total=0.05294 batch=0.00000
2026-05-15 15:06:36,585 INFO CSMF2.step_1_1_1.run :: [lat] epoch=3 step=200 mean_l2=0.05409 std_l2=0.04184
2026-05-15 15:06:36,737 INFO CSMF2.step_1_1_1.run :: epoch=3 step=200/429 train_nll=-3513.934
2026-05-15 15:06:50,958 INFO CSMF2.step_1_1_1.run :: [h] epoch=3 step=250 total=0.05344 batch=0.00000
2026-05-15 15:06:50,958 INFO CSMF2.step_1_1_1.run :: [lat] epoch=3 step=250 mean_l2=0.02113 std_l2=0.02182
2026-05-15 15:06:51,110 INFO CSMF2.step_1_1_1.run :: epoch=3 step=250/429 train_nll=-3512.969
2026-05-15 15:07:05,085 INFO CSMF2.step_1_1_1.run :: [h] epoch=3 step=300 total=0.05457 batch=0.00000
2026-05-15 15:07:05,086 INFO CSMF2.step_1_1_1.run :: [lat] epoch=3 step=300 mean_l2=0.01960 std_l2=0.02034
2026-05-15 15:07:05,239 INFO CSMF2.step_1_1_1.run :: epoch=3 step=300/429 train_nll=-3517.869
2026-05-15 15:07:19,761 INFO CSMF2.step_1_1_1.run :: [h] epoch=3 step=350 total=0.05256 batch=0.00000
2026-05-15 15:07:19,762 INFO CSMF2.step_1_1_1.run :: [lat] epoch=3 step=350 mean_l2=0.02174 std_l2=0.02530
2026-05-15 15:07:19,914 INFO CSMF2.step_1_1_1.run :: epoch=3 step=350/429 train_nll=-3517.497
2026-05-15 15:07:34,329 INFO CSMF2.step_1_1_1.run :: [h] epoch=3 step=400 total=0.05371 batch=0.00000
2026-05-15 15:07:34,329 INFO CSMF2.step_1_1_1.run :: [lat] epoch=3 step=400 mean_l2=0.01762 std_l2=0.01884
2026-05-15 15:07:34,486 INFO CSMF2.step_1_1_1.run :: epoch=3 step=400/429 train_nll=-3520.622
2026-05-15 15:07:47,463 INFO CSMF2.step_1_1_1.run :: epoch=3  train_nll=-3522.161  val_nll=-3500.656  t=128.0s
2026-05-15 15:07:47,464 INFO CSMF2.step_1_1_1.run :: [h_std] total=0.05344 batch=0.00000 (no penalty)
2026-05-15 15:07:47,464 INFO CSMF2.step_1_1_1.run :: [lat_epoch] mean_l2=0.03026 std_l2=0.02665 lambda=10.000
2026-05-15 15:07:47,464 INFO CSMF2.step_1_1_1.run :: [grad] cond=16.4001 film_gain=0.0000
2026-05-15 15:08:04,598 INFO CSMF2.step_1_1_1.run :: [h] epoch=4 step=50 total=0.05371 batch=0.00000
2026-05-15 15:08:04,598 INFO CSMF2.step_1_1_1.run :: [lat] epoch=4 step=50 mean_l2=0.01960 std_l2=0.02358
2026-05-15 15:08:04,752 INFO CSMF2.step_1_1_1.run :: epoch=4 step=50/429 train_nll=-3525.446
2026-05-15 15:08:18,783 INFO CSMF2.step_1_1_1.run :: [h] epoch=4 step=100 total=0.05052 batch=0.00000
2026-05-15 15:08:18,784 INFO CSMF2.step_1_1_1.run :: [lat] epoch=4 step=100 mean_l2=0.03914 std_l2=0.03080
2026-05-15 15:08:18,937 INFO CSMF2.step_1_1_1.run :: epoch=4 step=100/429 train_nll=-3517.518
2026-05-15 15:08:33,035 INFO CSMF2.step_1_1_1.run :: [h] epoch=4 step=150 total=0.05326 batch=0.00000
2026-05-15 15:08:33,036 INFO CSMF2.step_1_1_1.run :: [lat] epoch=4 step=150 mean_l2=0.01974 std_l2=0.02598
2026-05-15 15:08:33,231 INFO CSMF2.step_1_1_1.run :: epoch=4 step=150/429 train_nll=-3521.041
2026-05-15 15:08:47,250 INFO CSMF2.step_1_1_1.run :: [h] epoch=4 step=200 total=0.05255 batch=0.00000
2026-05-15 15:08:47,251 INFO CSMF2.step_1_1_1.run :: [lat] epoch=4 step=200 mean_l2=0.02088 std_l2=0.02717
2026-05-15 15:08:47,446 INFO CSMF2.step_1_1_1.run :: epoch=4 step=200/429 train_nll=-3527.989
2026-05-15 15:09:01,934 INFO CSMF2.step_1_1_1.run :: [h] epoch=4 step=250 total=0.05383 batch=0.00000
2026-05-15 15:09:01,934 INFO CSMF2.step_1_1_1.run :: [lat] epoch=4 step=250 mean_l2=0.02538 std_l2=0.02544
2026-05-15 15:09:02,130 INFO CSMF2.step_1_1_1.run :: epoch=4 step=250/429 train_nll=-3529.771
2026-05-15 15:09:16,372 INFO CSMF2.step_1_1_1.run :: [h] epoch=4 step=300 total=0.05396 batch=0.00000
2026-05-15 15:09:16,373 INFO CSMF2.step_1_1_1.run :: [lat] epoch=4 step=300 mean_l2=0.02638 std_l2=0.02231
2026-05-15 15:09:16,527 INFO CSMF2.step_1_1_1.run :: epoch=4 step=300/429 train_nll=-3534.264
2026-05-15 15:09:30,684 INFO CSMF2.step_1_1_1.run :: [h] epoch=4 step=350 total=0.05325 batch=0.00000
2026-05-15 15:09:30,685 INFO CSMF2.step_1_1_1.run :: [lat] epoch=4 step=350 mean_l2=0.04890 std_l2=0.03052
2026-05-15 15:09:30,881 INFO CSMF2.step_1_1_1.run :: epoch=4 step=350/429 train_nll=-3535.883
2026-05-15 15:09:44,979 INFO CSMF2.step_1_1_1.run :: [h] epoch=4 step=400 total=0.05265 batch=0.00000
2026-05-15 15:09:44,979 INFO CSMF2.step_1_1_1.run :: [lat] epoch=4 step=400 mean_l2=0.03587 std_l2=0.02214
2026-05-15 15:09:45,133 INFO CSMF2.step_1_1_1.run :: epoch=4 step=400/429 train_nll=-3536.435
2026-05-15 15:09:58,445 INFO CSMF2.step_1_1_1.run :: epoch=4  train_nll=-3536.683  val_nll=-3521.093  t=128.0s
2026-05-15 15:09:58,445 INFO CSMF2.step_1_1_1.run :: [h_std] total=0.05330 batch=0.00000 (no penalty)
2026-05-15 15:09:58,445 INFO CSMF2.step_1_1_1.run :: [lat_epoch] mean_l2=0.02927 std_l2=0.02632 lambda=10.000
2026-05-15 15:09:58,445 INFO CSMF2.step_1_1_1.run :: [grad] cond=130.0328 film_gain=0.0000
2026-05-15 15:10:15,376 INFO CSMF2.step_1_1_1.run :: [h] epoch=5 step=50 total=0.05306 batch=0.00000
2026-05-15 15:10:15,377 INFO CSMF2.step_1_1_1.run :: [lat] epoch=5 step=50 mean_l2=0.02588 std_l2=0.02648
2026-05-15 15:10:15,531 INFO CSMF2.step_1_1_1.run :: epoch=5 step=50/429 train_nll=-3542.085
2026-05-15 15:10:30,096 INFO CSMF2.step_1_1_1.run :: [h] epoch=5 step=100 total=0.05302 batch=0.00000
2026-05-15 15:10:30,097 INFO CSMF2.step_1_1_1.run :: [lat] epoch=5 step=100 mean_l2=0.01904 std_l2=0.02089
2026-05-15 15:10:30,294 INFO CSMF2.step_1_1_1.run :: epoch=5 step=100/429 train_nll=-3544.962
2026-05-15 15:10:44,705 INFO CSMF2.step_1_1_1.run :: [h] epoch=5 step=150 total=0.05280 batch=0.00000
2026-05-15 15:10:44,706 INFO CSMF2.step_1_1_1.run :: [lat] epoch=5 step=150 mean_l2=0.05617 std_l2=0.03342
2026-05-15 15:10:44,860 INFO CSMF2.step_1_1_1.run :: epoch=5 step=150/429 train_nll=-3547.713
2026-05-15 15:10:58,862 INFO CSMF2.step_1_1_1.run :: [h] epoch=5 step=200 total=0.05308 batch=0.00000
2026-05-15 15:10:58,862 INFO CSMF2.step_1_1_1.run :: [lat] epoch=5 step=200 mean_l2=0.01618 std_l2=0.02271
2026-05-15 15:10:59,016 INFO CSMF2.step_1_1_1.run :: epoch=5 step=200/429 train_nll=-3548.330
2026-05-15 15:11:13,357 INFO CSMF2.step_1_1_1.run :: [h] epoch=5 step=250 total=0.05311 batch=0.00000
2026-05-15 15:11:13,358 INFO CSMF2.step_1_1_1.run :: [lat] epoch=5 step=250 mean_l2=0.02179 std_l2=0.02148
2026-05-15 15:11:13,512 INFO CSMF2.step_1_1_1.run :: epoch=5 step=250/429 train_nll=-3552.477
2026-05-15 15:11:27,839 INFO CSMF2.step_1_1_1.run :: [h] epoch=5 step=300 total=0.05229 batch=0.00000
2026-05-15 15:11:27,839 INFO CSMF2.step_1_1_1.run :: [lat] epoch=5 step=300 mean_l2=0.06626 std_l2=0.04164
2026-05-15 15:11:27,996 INFO CSMF2.step_1_1_1.run :: epoch=5 step=300/429 train_nll=-3554.187
2026-05-15 15:11:42,269 INFO CSMF2.step_1_1_1.run :: [h] epoch=5 step=350 total=0.05236 batch=0.00000
2026-05-15 15:11:42,269 INFO CSMF2.step_1_1_1.run :: [lat] epoch=5 step=350 mean_l2=0.03845 std_l2=0.03691
2026-05-15 15:11:42,425 INFO CSMF2.step_1_1_1.run :: epoch=5 step=350/429 train_nll=-3552.021
2026-05-15 15:11:56,850 INFO CSMF2.step_1_1_1.run :: [h] epoch=5 step=400 total=0.05313 batch=0.00000
2026-05-15 15:11:56,851 INFO CSMF2.step_1_1_1.run :: [lat] epoch=5 step=400 mean_l2=0.02160 std_l2=0.02237
2026-05-15 15:11:57,049 INFO CSMF2.step_1_1_1.run :: epoch=5 step=400/429 train_nll=-3553.468
2026-05-15 15:12:10,353 INFO CSMF2.step_1_1_1.run :: epoch=5  train_nll=-3554.023  val_nll=-3552.245  t=128.9s
2026-05-15 15:12:10,353 INFO CSMF2.step_1_1_1.run :: [h_std] total=0.05299 batch=0.00000 (no penalty)
2026-05-15 15:12:10,353 INFO CSMF2.step_1_1_1.run :: [lat_epoch] mean_l2=0.02583 std_l2=0.02486 lambda=10.000
2026-05-15 15:12:10,353 INFO CSMF2.step_1_1_1.run :: [grad] cond=65.7933 film_gain=0.0000
2026-05-15 15:12:27,564 INFO CSMF2.step_1_1_1.run :: [h] epoch=6 step=50 total=0.05265 batch=0.00000
2026-05-15 15:12:27,565 INFO CSMF2.step_1_1_1.run :: [lat] epoch=6 step=50 mean_l2=0.02506 std_l2=0.03105
2026-05-15 15:12:27,721 INFO CSMF2.step_1_1_1.run :: epoch=6 step=50/429 train_nll=-3541.028
2026-05-15 15:12:41,790 INFO CSMF2.step_1_1_1.run :: [h] epoch=6 step=100 total=0.05266 batch=0.00000
2026-05-15 15:12:41,791 INFO CSMF2.step_1_1_1.run :: [lat] epoch=6 step=100 mean_l2=0.02676 std_l2=0.02155
2026-05-15 15:12:41,948 INFO CSMF2.step_1_1_1.run :: epoch=6 step=100/429 train_nll=-3552.725
2026-05-15 15:12:56,061 INFO CSMF2.step_1_1_1.run :: [h] epoch=6 step=150 total=0.05287 batch=0.00000
2026-05-15 15:12:56,061 INFO CSMF2.step_1_1_1.run :: [lat] epoch=6 step=150 mean_l2=0.01520 std_l2=0.02023
2026-05-15 15:12:56,218 INFO CSMF2.step_1_1_1.run :: epoch=6 step=150/429 train_nll=-3556.138
2026-05-15 15:13:10,559 INFO CSMF2.step_1_1_1.run :: [h] epoch=6 step=200 total=0.05371 batch=0.00000
2026-05-15 15:13:10,560 INFO CSMF2.step_1_1_1.run :: [lat] epoch=6 step=200 mean_l2=0.03053 std_l2=0.03374
2026-05-15 15:13:10,719 INFO CSMF2.step_1_1_1.run :: epoch=6 step=200/429 train_nll=-3562.065
2026-05-15 15:13:25,258 INFO CSMF2.step_1_1_1.run :: [h] epoch=6 step=250 total=0.05248 batch=0.00000
2026-05-15 15:13:25,258 INFO CSMF2.step_1_1_1.run :: [lat] epoch=6 step=250 mean_l2=0.02555 std_l2=0.02203
2026-05-15 15:13:25,414 INFO CSMF2.step_1_1_1.run :: epoch=6 step=250/429 train_nll=-3561.200
2026-05-15 15:13:39,567 INFO CSMF2.step_1_1_1.run :: [h] epoch=6 step=300 total=0.05334 batch=0.00000
2026-05-15 15:13:39,567 INFO CSMF2.step_1_1_1.run :: [lat] epoch=6 step=300 mean_l2=0.04990 std_l2=0.03774
2026-05-15 15:13:39,723 INFO CSMF2.step_1_1_1.run :: epoch=6 step=300/429 train_nll=-3558.616
2026-05-15 15:13:54,322 INFO CSMF2.step_1_1_1.run :: [h] epoch=6 step=350 total=0.05173 batch=0.00000
2026-05-15 15:13:54,323 INFO CSMF2.step_1_1_1.run :: [lat] epoch=6 step=350 mean_l2=0.03860 std_l2=0.02577
2026-05-15 15:13:54,481 INFO CSMF2.step_1_1_1.run :: epoch=6 step=350/429 train_nll=-3557.582
2026-05-15 15:14:08,543 INFO CSMF2.step_1_1_1.run :: [h] epoch=6 step=400 total=0.05174 batch=0.00000
2026-05-15 15:14:08,543 INFO CSMF2.step_1_1_1.run :: [lat] epoch=6 step=400 mean_l2=0.02874 std_l2=0.02334
2026-05-15 15:14:08,700 INFO CSMF2.step_1_1_1.run :: epoch=6 step=400/429 train_nll=-3557.634
2026-05-15 15:14:21,926 INFO CSMF2.step_1_1_1.run :: epoch=6  train_nll=-3557.677  val_nll=-3543.031  t=128.5s
2026-05-15 15:14:21,926 INFO CSMF2.step_1_1_1.run :: [h_std] total=0.05268 batch=0.00000 (no penalty)
2026-05-15 15:14:21,926 INFO CSMF2.step_1_1_1.run :: [lat_epoch] mean_l2=0.02685 std_l2=0.02523 lambda=10.000
2026-05-15 15:14:21,926 INFO CSMF2.step_1_1_1.run :: [grad] cond=60.0761 film_gain=0.0000
2026-05-15 15:14:39,501 INFO CSMF2.step_1_1_1.run :: [h] epoch=7 step=50 total=0.05264 batch=0.00000
2026-05-15 15:14:39,501 INFO CSMF2.step_1_1_1.run :: [lat] epoch=7 step=50 mean_l2=0.01386 std_l2=0.02208
2026-05-15 15:14:39,657 INFO CSMF2.step_1_1_1.run :: epoch=7 step=50/429 train_nll=-3574.458
2026-05-15 15:14:53,776 INFO CSMF2.step_1_1_1.run :: [h] epoch=7 step=100 total=0.05278 batch=0.00000
2026-05-15 15:14:53,777 INFO CSMF2.step_1_1_1.run :: [lat] epoch=7 step=100 mean_l2=0.02022 std_l2=0.02354
2026-05-15 15:14:53,933 INFO CSMF2.step_1_1_1.run :: epoch=7 step=100/429 train_nll=-3581.844
2026-05-15 15:15:08,105 INFO CSMF2.step_1_1_1.run :: [h] epoch=7 step=150 total=0.05285 batch=0.00000
2026-05-15 15:15:08,106 INFO CSMF2.step_1_1_1.run :: [lat] epoch=7 step=150 mean_l2=0.01637 std_l2=0.02242
2026-05-15 15:15:08,263 INFO CSMF2.step_1_1_1.run :: epoch=7 step=150/429 train_nll=-3584.195
2026-05-15 15:15:22,536 INFO CSMF2.step_1_1_1.run :: [h] epoch=7 step=200 total=0.05244 batch=0.00000
2026-05-15 15:15:22,536 INFO CSMF2.step_1_1_1.run :: [lat] epoch=7 step=200 mean_l2=0.01634 std_l2=0.02110
2026-05-15 15:15:22,693 INFO CSMF2.step_1_1_1.run :: epoch=7 step=200/429 train_nll=-3581.282
2026-05-15 15:15:36,557 INFO CSMF2.step_1_1_1.run :: [h] epoch=7 step=250 total=0.05263 batch=0.00000
2026-05-15 15:15:36,558 INFO CSMF2.step_1_1_1.run :: [lat] epoch=7 step=250 mean_l2=0.01507 std_l2=0.01931
2026-05-15 15:15:36,716 INFO CSMF2.step_1_1_1.run :: epoch=7 step=250/429 train_nll=-3582.871
2026-05-15 15:15:51,024 INFO CSMF2.step_1_1_1.run :: [h] epoch=7 step=300 total=0.05266 batch=0.00000
2026-05-15 15:15:51,024 INFO CSMF2.step_1_1_1.run :: [lat] epoch=7 step=300 mean_l2=0.02618 std_l2=0.02416
2026-05-15 15:15:51,226 INFO CSMF2.step_1_1_1.run :: epoch=7 step=300/429 train_nll=-3583.833
2026-05-15 15:16:05,407 INFO CSMF2.step_1_1_1.run :: [h] epoch=7 step=350 total=0.05162 batch=0.00000
2026-05-15 15:16:05,408 INFO CSMF2.step_1_1_1.run :: [lat] epoch=7 step=350 mean_l2=0.02088 std_l2=0.02453
2026-05-15 15:16:05,566 INFO CSMF2.step_1_1_1.run :: epoch=7 step=350/429 train_nll=-3581.726
2026-05-15 15:16:20,191 INFO CSMF2.step_1_1_1.run :: [h] epoch=7 step=400 total=0.05135 batch=0.00000
2026-05-15 15:16:20,191 INFO CSMF2.step_1_1_1.run :: [lat] epoch=7 step=400 mean_l2=0.02487 std_l2=0.02481
2026-05-15 15:16:20,350 INFO CSMF2.step_1_1_1.run :: epoch=7 step=400/429 train_nll=-3581.362
2026-05-15 15:16:33,589 INFO CSMF2.step_1_1_1.run :: epoch=7  train_nll=-3581.406  val_nll=-3589.983  t=128.5s
2026-05-15 15:16:33,589 INFO CSMF2.step_1_1_1.run :: [h_std] total=0.05233 batch=0.00000 (no penalty)
2026-05-15 15:16:33,589 INFO CSMF2.step_1_1_1.run :: [lat_epoch] mean_l2=0.01983 std_l2=0.02253 lambda=10.000
2026-05-15 15:16:33,589 INFO CSMF2.step_1_1_1.run :: [grad] cond=9.1969 film_gain=0.0000
2026-05-15 15:16:51,244 INFO CSMF2.step_1_1_1.run :: [h] epoch=8 step=50 total=0.05173 batch=0.00000
2026-05-15 15:16:51,245 INFO CSMF2.step_1_1_1.run :: [lat] epoch=8 step=50 mean_l2=0.01613 std_l2=0.02129
2026-05-15 15:16:51,403 INFO CSMF2.step_1_1_1.run :: epoch=8 step=50/429 train_nll=-3596.880
2026-05-15 15:17:05,934 INFO CSMF2.step_1_1_1.run :: [h] epoch=8 step=100 total=0.05198 batch=0.00000
2026-05-15 15:17:05,934 INFO CSMF2.step_1_1_1.run :: [lat] epoch=8 step=100 mean_l2=0.01669 std_l2=0.01841
2026-05-15 15:17:06,093 INFO CSMF2.step_1_1_1.run :: epoch=8 step=100/429 train_nll=-3596.994
2026-05-15 15:17:20,898 INFO CSMF2.step_1_1_1.run :: [h] epoch=8 step=150 total=0.05214 batch=0.00000
2026-05-15 15:17:20,899 INFO CSMF2.step_1_1_1.run :: [lat] epoch=8 step=150 mean_l2=0.01650 std_l2=0.01865
2026-05-15 15:17:21,061 INFO CSMF2.step_1_1_1.run :: epoch=8 step=150/429 train_nll=-3596.781
2026-05-15 15:17:35,800 INFO CSMF2.step_1_1_1.run :: [h] epoch=8 step=200 total=0.05235 batch=0.00000
2026-05-15 15:17:35,801 INFO CSMF2.step_1_1_1.run :: [lat] epoch=8 step=200 mean_l2=0.01521 std_l2=0.02284
2026-05-15 15:17:35,964 INFO CSMF2.step_1_1_1.run :: epoch=8 step=200/429 train_nll=-3597.201
2026-05-15 15:17:50,876 INFO CSMF2.step_1_1_1.run :: [h] epoch=8 step=250 total=0.05149 batch=0.00000
2026-05-15 15:17:50,877 INFO CSMF2.step_1_1_1.run :: [lat] epoch=8 step=250 mean_l2=0.02857 std_l2=0.02719
2026-05-15 15:17:51,039 INFO CSMF2.step_1_1_1.run :: epoch=8 step=250/429 train_nll=-3592.265
2026-05-15 15:18:05,763 INFO CSMF2.step_1_1_1.run :: [h] epoch=8 step=300 total=0.05168 batch=0.00000
2026-05-15 15:18:05,764 INFO CSMF2.step_1_1_1.run :: [lat] epoch=8 step=300 mean_l2=0.01396 std_l2=0.02088
2026-05-15 15:18:05,967 INFO CSMF2.step_1_1_1.run :: epoch=8 step=300/429 train_nll=-3591.364
2026-05-15 15:18:20,306 INFO CSMF2.step_1_1_1.run :: [h] epoch=8 step=350 total=0.05174 batch=0.00000
2026-05-15 15:18:20,306 INFO CSMF2.step_1_1_1.run :: [lat] epoch=8 step=350 mean_l2=0.04092 std_l2=0.02449
2026-05-15 15:18:20,466 INFO CSMF2.step_1_1_1.run :: epoch=8 step=350/429 train_nll=-3590.514
2026-05-15 15:18:35,217 INFO CSMF2.step_1_1_1.run :: [h] epoch=8 step=400 total=0.05129 batch=0.00000
2026-05-15 15:18:35,218 INFO CSMF2.step_1_1_1.run :: [lat] epoch=8 step=400 mean_l2=0.01652 std_l2=0.01921
2026-05-15 15:18:35,380 INFO CSMF2.step_1_1_1.run :: epoch=8 step=400/429 train_nll=-3589.070
2026-05-15 15:18:48,673 INFO CSMF2.step_1_1_1.run :: epoch=8  train_nll=-3589.585  val_nll=-3592.082  t=132.0s
2026-05-15 15:18:48,673 INFO CSMF2.step_1_1_1.run :: [h_std] total=0.05179 batch=0.00000 (no penalty)
2026-05-15 15:18:48,673 INFO CSMF2.step_1_1_1.run :: [lat_epoch] mean_l2=0.01992 std_l2=0.02241 lambda=10.000
2026-05-15 15:18:48,674 INFO CSMF2.step_1_1_1.run :: [grad] cond=37.8441 film_gain=0.0000
2026-05-15 15:19:06,453 INFO CSMF2.step_1_1_1.run :: [h] epoch=9 step=50 total=0.05128 batch=0.00000
2026-05-15 15:19:06,454 INFO CSMF2.step_1_1_1.run :: [lat] epoch=9 step=50 mean_l2=0.01749 std_l2=0.02610
2026-05-15 15:19:06,616 INFO CSMF2.step_1_1_1.run :: epoch=9 step=50/429 train_nll=-3575.405
2026-05-15 15:19:21,200 INFO CSMF2.step_1_1_1.run :: [h] epoch=9 step=100 total=0.05119 batch=0.00000
2026-05-15 15:19:21,201 INFO CSMF2.step_1_1_1.run :: [lat] epoch=9 step=100 mean_l2=0.01622 std_l2=0.01829
2026-05-15 15:19:21,403 INFO CSMF2.step_1_1_1.run :: epoch=9 step=100/429 train_nll=-3582.523
2026-05-15 15:19:35,833 INFO CSMF2.step_1_1_1.run :: [h] epoch=9 step=150 total=0.05148 batch=0.00000
2026-05-15 15:19:35,834 INFO CSMF2.step_1_1_1.run :: [lat] epoch=9 step=150 mean_l2=0.01513 std_l2=0.02185
2026-05-15 15:19:35,994 INFO CSMF2.step_1_1_1.run :: epoch=9 step=150/429 train_nll=-3588.746
2026-05-15 15:19:50,815 INFO CSMF2.step_1_1_1.run :: [h] epoch=9 step=200 total=0.05161 batch=0.00000
2026-05-15 15:19:50,815 INFO CSMF2.step_1_1_1.run :: [lat] epoch=9 step=200 mean_l2=0.01449 std_l2=0.01875
2026-05-15 15:19:50,976 INFO CSMF2.step_1_1_1.run :: epoch=9 step=200/429 train_nll=-3592.635
2026-05-15 15:20:05,342 INFO CSMF2.step_1_1_1.run :: [h] epoch=9 step=250 total=0.05158 batch=0.00000
2026-05-15 15:20:05,343 INFO CSMF2.step_1_1_1.run :: [lat] epoch=9 step=250 mean_l2=0.05777 std_l2=0.03414
2026-05-15 15:20:05,505 INFO CSMF2.step_1_1_1.run :: epoch=9 step=250/429 train_nll=-3593.701
2026-05-15 15:20:20,071 INFO CSMF2.step_1_1_1.run :: [h] epoch=9 step=300 total=0.05052 batch=0.00000
2026-05-15 15:20:20,072 INFO CSMF2.step_1_1_1.run :: [lat] epoch=9 step=300 mean_l2=0.01980 std_l2=0.02211
2026-05-15 15:20:20,233 INFO CSMF2.step_1_1_1.run :: epoch=9 step=300/429 train_nll=-3589.946
2026-05-15 15:20:34,826 INFO CSMF2.step_1_1_1.run :: [h] epoch=9 step=350 total=0.05077 batch=0.00000
2026-05-15 15:20:34,826 INFO CSMF2.step_1_1_1.run :: [lat] epoch=9 step=350 mean_l2=0.02671 std_l2=0.02045
2026-05-15 15:20:35,034 INFO CSMF2.step_1_1_1.run :: epoch=9 step=350/429 train_nll=-3588.535
2026-05-15 15:20:49,661 INFO CSMF2.step_1_1_1.run :: [h] epoch=9 step=400 total=0.05087 batch=0.00000
2026-05-15 15:20:49,661 INFO CSMF2.step_1_1_1.run :: [lat] epoch=9 step=400 mean_l2=0.01548 std_l2=0.02272
2026-05-15 15:20:49,823 INFO CSMF2.step_1_1_1.run :: epoch=9 step=400/429 train_nll=-3589.066
2026-05-15 15:21:03,411 INFO CSMF2.step_1_1_1.run :: epoch=9  train_nll=-3590.105  val_nll=-3604.892  t=131.7s
2026-05-15 15:21:03,411 INFO CSMF2.step_1_1_1.run :: [h_std] total=0.05114 batch=0.00000 (no penalty)
2026-05-15 15:21:03,411 INFO CSMF2.step_1_1_1.run :: [lat_epoch] mean_l2=0.02136 std_l2=0.02302 lambda=10.000
2026-05-15 15:21:03,411 INFO CSMF2.step_1_1_1.run :: [grad] cond=34.2280 film_gain=0.0000
2026-05-15 15:21:21,026 INFO CSMF2.step_1_1_1.run :: [h] epoch=10 step=50 total=0.05092 batch=0.00000
2026-05-15 15:21:21,026 INFO CSMF2.step_1_1_1.run :: [lat] epoch=10 step=50 mean_l2=0.01518 std_l2=0.02098
2026-05-15 15:21:21,191 INFO CSMF2.step_1_1_1.run :: epoch=10 step=50/429 train_nll=-3609.361
2026-05-15 15:21:35,724 INFO CSMF2.step_1_1_1.run :: [h] epoch=10 step=100 total=0.05108 batch=0.00000
2026-05-15 15:21:35,724 INFO CSMF2.step_1_1_1.run :: [lat] epoch=10 step=100 mean_l2=0.01801 std_l2=0.02050
2026-05-15 15:21:35,892 INFO CSMF2.step_1_1_1.run :: epoch=10 step=100/429 train_nll=-3609.290
2026-05-15 15:21:50,817 INFO CSMF2.step_1_1_1.run :: [h] epoch=10 step=150 total=0.05038 batch=0.00000
2026-05-15 15:21:50,818 INFO CSMF2.step_1_1_1.run :: [lat] epoch=10 step=150 mean_l2=0.01967 std_l2=0.02548
2026-05-15 15:21:50,984 INFO CSMF2.step_1_1_1.run :: epoch=10 step=150/429 train_nll=-3600.574
2026-05-15 15:22:05,459 INFO CSMF2.step_1_1_1.run :: [h] epoch=10 step=200 total=0.05040 batch=0.00000
2026-05-15 15:22:05,460 INFO CSMF2.step_1_1_1.run :: [lat] epoch=10 step=200 mean_l2=0.02243 std_l2=0.02432
2026-05-15 15:22:05,623 INFO CSMF2.step_1_1_1.run :: epoch=10 step=200/429 train_nll=-3596.625
2026-05-15 15:22:20,308 INFO CSMF2.step_1_1_1.run :: [h] epoch=10 step=250 total=0.04987 batch=0.00000
2026-05-15 15:22:20,309 INFO CSMF2.step_1_1_1.run :: [lat] epoch=10 step=250 mean_l2=0.01318 std_l2=0.01927
2026-05-15 15:22:20,471 INFO CSMF2.step_1_1_1.run :: epoch=10 step=250/429 train_nll=-3594.653
2026-05-15 15:22:34,983 INFO CSMF2.step_1_1_1.run :: [h] epoch=10 step=300 total=0.05036 batch=0.00000
2026-05-15 15:22:34,983 INFO CSMF2.step_1_1_1.run :: [lat] epoch=10 step=300 mean_l2=0.01346 std_l2=0.02036
2026-05-15 15:22:35,151 INFO CSMF2.step_1_1_1.run :: epoch=10 step=300/429 train_nll=-3596.999
2026-05-15 15:22:49,696 INFO CSMF2.step_1_1_1.run :: [h] epoch=10 step=350 total=0.05028 batch=0.00000
2026-05-15 15:22:49,697 INFO CSMF2.step_1_1_1.run :: [lat] epoch=10 step=350 mean_l2=0.01496 std_l2=0.02340
2026-05-15 15:22:49,860 INFO CSMF2.step_1_1_1.run :: epoch=10 step=350/429 train_nll=-3599.121
2026-05-15 15:23:04,598 INFO CSMF2.step_1_1_1.run :: [h] epoch=10 step=400 total=0.05044 batch=0.00000
2026-05-15 15:23:04,599 INFO CSMF2.step_1_1_1.run :: [lat] epoch=10 step=400 mean_l2=0.01499 std_l2=0.01900
2026-05-15 15:23:04,762 INFO CSMF2.step_1_1_1.run :: epoch=10 step=400/429 train_nll=-3601.290
2026-05-15 15:23:18,048 INFO CSMF2.step_1_1_1.run :: epoch=10  train_nll=-3602.158  val_nll=-3612.031  t=131.6s
2026-05-15 15:23:18,049 INFO CSMF2.step_1_1_1.run :: [h_std] total=0.05051 batch=0.00000 (no penalty)
2026-05-15 15:23:18,049 INFO CSMF2.step_1_1_1.run :: [lat_epoch] mean_l2=0.01834 std_l2=0.02179 lambda=10.000
2026-05-15 15:23:18,049 INFO CSMF2.step_1_1_1.run :: [grad] cond=102.4020 film_gain=0.0000
2026-05-15 15:23:35,585 INFO CSMF2.step_1_1_1.run :: [h] epoch=11 step=50 total=0.04929 batch=0.00000
2026-05-15 15:23:35,585 INFO CSMF2.step_1_1_1.run :: [lat] epoch=11 step=50 mean_l2=0.01611 std_l2=0.02312
2026-05-15 15:23:35,751 INFO CSMF2.step_1_1_1.run :: epoch=11 step=50/429 train_nll=-3589.220
2026-05-15 15:23:50,687 INFO CSMF2.step_1_1_1.run :: [h] epoch=11 step=100 total=0.04896 batch=0.00000
2026-05-15 15:23:50,688 INFO CSMF2.step_1_1_1.run :: [lat] epoch=11 step=100 mean_l2=0.02779 std_l2=0.02121
2026-05-15 15:23:50,852 INFO CSMF2.step_1_1_1.run :: epoch=11 step=100/429 train_nll=-3581.254
2026-05-15 15:24:05,509 INFO CSMF2.step_1_1_1.run :: [h] epoch=11 step=150 total=0.04920 batch=0.00000
2026-05-15 15:24:05,510 INFO CSMF2.step_1_1_1.run :: [lat] epoch=11 step=150 mean_l2=0.03052 std_l2=0.02359
2026-05-15 15:24:05,721 INFO CSMF2.step_1_1_1.run :: epoch=11 step=150/429 train_nll=-3582.625
2026-05-15 15:24:20,017 INFO CSMF2.step_1_1_1.run :: [h] epoch=11 step=200 total=0.04873 batch=0.00000
2026-05-15 15:24:20,017 INFO CSMF2.step_1_1_1.run :: [lat] epoch=11 step=200 mean_l2=0.01781 std_l2=0.02484
2026-05-15 15:24:20,223 INFO CSMF2.step_1_1_1.run :: epoch=11 step=200/429 train_nll=-3582.448
2026-05-15 15:24:35,069 INFO CSMF2.step_1_1_1.run :: [h] epoch=11 step=250 total=0.04892 batch=0.00000
2026-05-15 15:24:35,069 INFO CSMF2.step_1_1_1.run :: [lat] epoch=11 step=250 mean_l2=0.01335 std_l2=0.02021
2026-05-15 15:24:35,230 INFO CSMF2.step_1_1_1.run :: epoch=11 step=250/429 train_nll=-3584.045
2026-05-15 15:24:49,947 INFO CSMF2.step_1_1_1.run :: [h] epoch=11 step=300 total=0.04912 batch=0.00000
2026-05-15 15:24:49,948 INFO CSMF2.step_1_1_1.run :: [lat] epoch=11 step=300 mean_l2=0.01935 std_l2=0.02587
2026-05-15 15:24:50,110 INFO CSMF2.step_1_1_1.run :: epoch=11 step=300/429 train_nll=-3588.518
2026-05-15 15:25:04,561 INFO CSMF2.step_1_1_1.run :: [h] epoch=11 step=350 total=0.04910 batch=0.00000
2026-05-15 15:25:04,562 INFO CSMF2.step_1_1_1.run :: [lat] epoch=11 step=350 mean_l2=0.01515 std_l2=0.02220
2026-05-15 15:25:04,769 INFO CSMF2.step_1_1_1.run :: epoch=11 step=350/429 train_nll=-3591.986
2026-05-15 15:25:19,549 INFO CSMF2.step_1_1_1.run :: [h] epoch=11 step=400 total=0.04931 batch=0.00000
2026-05-15 15:25:19,550 INFO CSMF2.step_1_1_1.run :: [lat] epoch=11 step=400 mean_l2=0.01451 std_l2=0.01898
2026-05-15 15:25:19,714 INFO CSMF2.step_1_1_1.run :: epoch=11 step=400/429 train_nll=-3595.713
2026-05-15 15:25:33,124 INFO CSMF2.step_1_1_1.run :: epoch=11  train_nll=-3596.259  val_nll=-3608.731  t=132.1s
2026-05-15 15:25:33,124 INFO CSMF2.step_1_1_1.run :: [h_std] total=0.04921 batch=0.00000 (no penalty)
2026-05-15 15:25:33,124 INFO CSMF2.step_1_1_1.run :: [lat_epoch] mean_l2=0.02219 std_l2=0.02320 lambda=10.000
2026-05-15 15:25:33,124 INFO CSMF2.step_1_1_1.run :: [grad] cond=17.3441 film_gain=0.0000
2026-05-15 15:25:50,497 INFO CSMF2.step_1_1_1.run :: [h] epoch=12 step=50 total=0.04839 batch=0.00000
2026-05-15 15:25:50,498 INFO CSMF2.step_1_1_1.run :: [lat] epoch=12 step=50 mean_l2=0.01853 std_l2=0.02521
2026-05-15 15:25:50,660 INFO CSMF2.step_1_1_1.run :: epoch=12 step=50/429 train_nll=-3576.254
2026-05-15 15:26:05,612 INFO CSMF2.step_1_1_1.run :: [h] epoch=12 step=100 total=0.04804 batch=0.00000
2026-05-15 15:26:05,613 INFO CSMF2.step_1_1_1.run :: [lat] epoch=12 step=100 mean_l2=0.03610 std_l2=0.02607
2026-05-15 15:26:05,776 INFO CSMF2.step_1_1_1.run :: epoch=12 step=100/429 train_nll=-3577.336
2026-05-15 15:26:20,581 INFO CSMF2.step_1_1_1.run :: [h] epoch=12 step=150 total=0.04788 batch=0.00000
2026-05-15 15:26:20,581 INFO CSMF2.step_1_1_1.run :: [lat] epoch=12 step=150 mean_l2=0.03948 std_l2=0.02529
2026-05-15 15:26:20,743 INFO CSMF2.step_1_1_1.run :: epoch=12 step=150/429 train_nll=-3582.252
2026-05-15 15:26:35,619 INFO CSMF2.step_1_1_1.run :: [h] epoch=12 step=200 total=0.04788 batch=0.00000
2026-05-15 15:26:35,619 INFO CSMF2.step_1_1_1.run :: [lat] epoch=12 step=200 mean_l2=0.02011 std_l2=0.02312
2026-05-15 15:26:35,781 INFO CSMF2.step_1_1_1.run :: epoch=12 step=200/429 train_nll=-3585.839
2026-05-15 15:26:50,738 INFO CSMF2.step_1_1_1.run :: [h] epoch=12 step=250 total=0.04820 batch=0.00000
2026-05-15 15:26:50,739 INFO CSMF2.step_1_1_1.run :: [lat] epoch=12 step=250 mean_l2=0.01358 std_l2=0.01965
2026-05-15 15:26:50,901 INFO CSMF2.step_1_1_1.run :: epoch=12 step=250/429 train_nll=-3589.367
2026-05-15 15:27:05,728 INFO CSMF2.step_1_1_1.run :: [h] epoch=12 step=300 total=0.04844 batch=0.00000
2026-05-15 15:27:05,729 INFO CSMF2.step_1_1_1.run :: [lat] epoch=12 step=300 mean_l2=0.01350 std_l2=0.01923
2026-05-15 15:27:05,893 INFO CSMF2.step_1_1_1.run :: epoch=12 step=300/429 train_nll=-3594.465
2026-05-15 15:27:20,647 INFO CSMF2.step_1_1_1.run :: [h] epoch=12 step=350 total=0.04849 batch=0.00000
2026-05-15 15:27:20,648 INFO CSMF2.step_1_1_1.run :: [lat] epoch=12 step=350 mean_l2=0.01267 std_l2=0.01987
2026-05-15 15:27:20,813 INFO CSMF2.step_1_1_1.run :: epoch=12 step=350/429 train_nll=-3598.272
2026-05-15 15:27:35,712 INFO CSMF2.step_1_1_1.run :: [h] epoch=12 step=400 total=0.04823 batch=0.00000
2026-05-15 15:27:35,712 INFO CSMF2.step_1_1_1.run :: [lat] epoch=12 step=400 mean_l2=0.02745 std_l2=0.02357
2026-05-15 15:27:35,879 INFO CSMF2.step_1_1_1.run :: epoch=12 step=400/429 train_nll=-3599.890
2026-05-15 15:27:49,532 INFO CSMF2.step_1_1_1.run :: epoch=12  train_nll=-3599.661  val_nll=-3610.026  t=133.4s
2026-05-15 15:27:49,532 INFO CSMF2.step_1_1_1.run :: [h_std] total=0.04830 batch=0.00000 (no penalty)
2026-05-15 15:27:49,532 INFO CSMF2.step_1_1_1.run :: [lat_epoch] mean_l2=0.02216 std_l2=0.02354 lambda=10.000
2026-05-15 15:27:49,532 INFO CSMF2.step_1_1_1.run :: [grad] cond=66.2770 film_gain=0.0000
2026-05-15 15:28:07,353 INFO CSMF2.step_1_1_1.run :: [h] epoch=13 step=50 total=0.04794 batch=0.00000
2026-05-15 15:28:07,354 INFO CSMF2.step_1_1_1.run :: [lat] epoch=13 step=50 mean_l2=0.01705 std_l2=0.01999
2026-05-15 15:28:07,521 INFO CSMF2.step_1_1_1.run :: epoch=13 step=50/429 train_nll=-3619.454
2026-05-15 15:28:22,119 INFO CSMF2.step_1_1_1.run :: [h] epoch=13 step=100 total=0.04795 batch=0.00000
2026-05-15 15:28:22,119 INFO CSMF2.step_1_1_1.run :: [lat] epoch=13 step=100 mean_l2=0.01505 std_l2=0.01967
2026-05-15 15:28:22,287 INFO CSMF2.step_1_1_1.run :: epoch=13 step=100/429 train_nll=-3620.283
2026-05-15 15:28:36,952 INFO CSMF2.step_1_1_1.run :: [h] epoch=13 step=150 total=0.04791 batch=0.00000
2026-05-15 15:28:36,952 INFO CSMF2.step_1_1_1.run :: [lat] epoch=13 step=150 mean_l2=0.01317 std_l2=0.02001
2026-05-15 15:28:37,120 INFO CSMF2.step_1_1_1.run :: epoch=13 step=150/429 train_nll=-3620.567
2026-05-15 15:28:52,095 INFO CSMF2.step_1_1_1.run :: [h] epoch=13 step=200 total=0.04800 batch=0.00000
2026-05-15 15:28:52,096 INFO CSMF2.step_1_1_1.run :: [lat] epoch=13 step=200 mean_l2=0.01607 std_l2=0.02359
2026-05-15 15:28:52,266 INFO CSMF2.step_1_1_1.run :: epoch=13 step=200/429 train_nll=-3621.567
2026-05-15 15:29:07,101 INFO CSMF2.step_1_1_1.run :: [h] epoch=13 step=250 total=0.04822 batch=0.00000
2026-05-15 15:29:07,101 INFO CSMF2.step_1_1_1.run :: [lat] epoch=13 step=250 mean_l2=0.01330 std_l2=0.01857
2026-05-15 15:29:07,270 INFO CSMF2.step_1_1_1.run :: epoch=13 step=250/429 train_nll=-3622.685
2026-05-15 15:29:22,106 INFO CSMF2.step_1_1_1.run :: [h] epoch=13 step=300 total=0.04840 batch=0.00000
2026-05-15 15:29:22,107 INFO CSMF2.step_1_1_1.run :: [lat] epoch=13 step=300 mean_l2=0.01368 std_l2=0.01823
2026-05-15 15:29:22,276 INFO CSMF2.step_1_1_1.run :: epoch=13 step=300/429 train_nll=-3623.395
2026-05-15 15:29:37,187 INFO CSMF2.step_1_1_1.run :: [h] epoch=13 step=350 total=0.04786 batch=0.00000
2026-05-15 15:29:37,188 INFO CSMF2.step_1_1_1.run :: [lat] epoch=13 step=350 mean_l2=0.01379 std_l2=0.02060
2026-05-15 15:29:37,403 INFO CSMF2.step_1_1_1.run :: epoch=13 step=350/429 train_nll=-3620.926
2026-05-15 15:29:52,327 INFO CSMF2.step_1_1_1.run :: [h] epoch=13 step=400 total=0.04752 batch=0.00000
2026-05-15 15:29:52,328 INFO CSMF2.step_1_1_1.run :: [lat] epoch=13 step=400 mean_l2=0.02128 std_l2=0.02615
2026-05-15 15:29:52,499 INFO CSMF2.step_1_1_1.run :: epoch=13 step=400/429 train_nll=-3620.749
2026-05-15 15:30:06,099 INFO CSMF2.step_1_1_1.run :: epoch=13  train_nll=-3619.065  val_nll=-3594.649  t=133.4s
2026-05-15 15:30:06,100 INFO CSMF2.step_1_1_1.run :: [h_std] total=0.04806 batch=0.00000 (no penalty)
2026-05-15 15:30:06,100 INFO CSMF2.step_1_1_1.run :: [lat_epoch] mean_l2=0.01651 std_l2=0.02103 lambda=10.000
2026-05-15 15:30:06,100 INFO CSMF2.step_1_1_1.run :: [grad] cond=40.2436 film_gain=0.0000
2026-05-15 15:30:23,960 INFO CSMF2.step_1_1_1.run :: [h] epoch=14 step=50 total=0.04735 batch=0.00000
2026-05-15 15:30:23,961 INFO CSMF2.step_1_1_1.run :: [lat] epoch=14 step=50 mean_l2=0.02363 std_l2=0.02118
2026-05-15 15:30:24,174 INFO CSMF2.step_1_1_1.run :: epoch=14 step=50/429 train_nll=-3606.387
2026-05-15 15:30:39,108 INFO CSMF2.step_1_1_1.run :: [h] epoch=14 step=100 total=0.04748 batch=0.00000
2026-05-15 15:30:39,108 INFO CSMF2.step_1_1_1.run :: [lat] epoch=14 step=100 mean_l2=0.01329 std_l2=0.02086
2026-05-15 15:30:39,276 INFO CSMF2.step_1_1_1.run :: epoch=14 step=100/429 train_nll=-3612.670
2026-05-15 15:30:54,332 INFO CSMF2.step_1_1_1.run :: [h] epoch=14 step=150 total=0.04762 batch=0.00000
2026-05-15 15:30:54,333 INFO CSMF2.step_1_1_1.run :: [lat] epoch=14 step=150 mean_l2=0.01584 std_l2=0.01825
2026-05-15 15:30:54,500 INFO CSMF2.step_1_1_1.run :: epoch=14 step=150/429 train_nll=-3615.583
2026-05-15 15:31:09,597 INFO CSMF2.step_1_1_1.run :: [h] epoch=14 step=200 total=0.04757 batch=0.00000
2026-05-15 15:31:09,598 INFO CSMF2.step_1_1_1.run :: [lat] epoch=14 step=200 mean_l2=0.01523 std_l2=0.01976
2026-05-15 15:31:09,766 INFO CSMF2.step_1_1_1.run :: epoch=14 step=200/429 train_nll=-3617.239
2026-05-15 15:31:24,619 INFO CSMF2.step_1_1_1.run :: [h] epoch=14 step=250 total=0.04740 batch=0.00000
2026-05-15 15:31:24,619 INFO CSMF2.step_1_1_1.run :: [lat] epoch=14 step=250 mean_l2=0.01351 std_l2=0.01963
2026-05-15 15:31:24,787 INFO CSMF2.step_1_1_1.run :: epoch=14 step=250/429 train_nll=-3619.917
2026-05-15 15:31:39,804 INFO CSMF2.step_1_1_1.run :: [h] epoch=14 step=300 total=0.04770 batch=0.00000
2026-05-15 15:31:39,804 INFO CSMF2.step_1_1_1.run :: [lat] epoch=14 step=300 mean_l2=0.01504 std_l2=0.01928
2026-05-15 15:31:39,973 INFO CSMF2.step_1_1_1.run :: epoch=14 step=300/429 train_nll=-3621.689
2026-05-15 15:31:55,270 INFO CSMF2.step_1_1_1.run :: [h] epoch=14 step=350 total=0.04741 batch=0.00000
2026-05-15 15:31:55,270 INFO CSMF2.step_1_1_1.run :: [lat] epoch=14 step=350 mean_l2=0.03107 std_l2=0.02408
2026-05-15 15:31:55,439 INFO CSMF2.step_1_1_1.run :: epoch=14 step=350/429 train_nll=-3619.860
2026-05-15 15:32:10,679 INFO CSMF2.step_1_1_1.run :: [h] epoch=14 step=400 total=0.04654 batch=0.00000
2026-05-15 15:32:10,680 INFO CSMF2.step_1_1_1.run :: [lat] epoch=14 step=400 mean_l2=0.02087 std_l2=0.02138
2026-05-15 15:32:10,849 INFO CSMF2.step_1_1_1.run :: epoch=14 step=400/429 train_nll=-3616.751
2026-05-15 15:32:24,285 INFO CSMF2.step_1_1_1.run :: epoch=14  train_nll=-3616.627  val_nll=-3620.379  t=135.1s
2026-05-15 15:32:24,285 INFO CSMF2.step_1_1_1.run :: [h_std] total=0.04738 batch=0.00000 (no penalty)
2026-05-15 15:32:24,285 INFO CSMF2.step_1_1_1.run :: [lat_epoch] mean_l2=0.01895 std_l2=0.02184 lambda=10.000
2026-05-15 15:32:24,285 INFO CSMF2.step_1_1_1.run :: [grad] cond=44.4932 film_gain=0.0000
2026-05-15 15:32:42,647 INFO CSMF2.step_1_1_1.run :: [h] epoch=15 step=50 total=0.04613 batch=0.00000
2026-05-15 15:32:42,648 INFO CSMF2.step_1_1_1.run :: [lat] epoch=15 step=50 mean_l2=0.03150 std_l2=0.02922
2026-05-15 15:32:42,867 INFO CSMF2.step_1_1_1.run :: epoch=15 step=50/429 train_nll=-3612.315
2026-05-15 15:32:58,211 INFO CSMF2.step_1_1_1.run :: [h] epoch=15 step=100 total=0.04646 batch=0.00000
2026-05-15 15:32:58,212 INFO CSMF2.step_1_1_1.run :: [lat] epoch=15 step=100 mean_l2=0.01407 std_l2=0.02182
2026-05-15 15:32:58,380 INFO CSMF2.step_1_1_1.run :: epoch=15 step=100/429 train_nll=-3612.297
2026-05-15 15:33:13,650 INFO CSMF2.step_1_1_1.run :: [h] epoch=15 step=150 total=0.04669 batch=0.00000
2026-05-15 15:33:13,652 INFO CSMF2.step_1_1_1.run :: [lat] epoch=15 step=150 mean_l2=0.01554 std_l2=0.01756
2026-05-15 15:33:13,826 INFO CSMF2.step_1_1_1.run :: epoch=15 step=150/429 train_nll=-3616.833
2026-05-15 15:33:29,030 INFO CSMF2.step_1_1_1.run :: [h] epoch=15 step=200 total=0.04688 batch=0.00000
2026-05-15 15:33:29,030 INFO CSMF2.step_1_1_1.run :: [lat] epoch=15 step=200 mean_l2=0.01533 std_l2=0.02044
2026-05-15 15:33:29,204 INFO CSMF2.step_1_1_1.run :: epoch=15 step=200/429 train_nll=-3620.540
2026-05-15 15:33:44,269 INFO CSMF2.step_1_1_1.run :: [h] epoch=15 step=250 total=0.04664 batch=0.00000
2026-05-15 15:33:44,270 INFO CSMF2.step_1_1_1.run :: [lat] epoch=15 step=250 mean_l2=0.01325 std_l2=0.02011
2026-05-15 15:33:44,441 INFO CSMF2.step_1_1_1.run :: epoch=15 step=250/429 train_nll=-3622.968
2026-05-15 15:33:59,527 INFO CSMF2.step_1_1_1.run :: [h] epoch=15 step=300 total=0.04635 batch=0.00000
2026-05-15 15:33:59,528 INFO CSMF2.step_1_1_1.run :: [lat] epoch=15 step=300 mean_l2=0.01947 std_l2=0.02771
2026-05-15 15:33:59,748 INFO CSMF2.step_1_1_1.run :: epoch=15 step=300/429 train_nll=-3618.274
2026-05-15 15:34:15,004 INFO CSMF2.step_1_1_1.run :: [h] epoch=15 step=350 total=0.04573 batch=0.00000
2026-05-15 15:34:15,005 INFO CSMF2.step_1_1_1.run :: [lat] epoch=15 step=350 mean_l2=0.03211 std_l2=0.02484
2026-05-15 15:34:15,182 INFO CSMF2.step_1_1_1.run :: epoch=15 step=350/429 train_nll=-3616.992
2026-05-15 15:34:30,915 INFO CSMF2.step_1_1_1.run :: [h] epoch=15 step=400 total=0.04559 batch=0.00000
2026-05-15 15:34:30,915 INFO CSMF2.step_1_1_1.run :: [lat] epoch=15 step=400 mean_l2=0.01901 std_l2=0.02329
2026-05-15 15:34:31,086 INFO CSMF2.step_1_1_1.run :: epoch=15 step=400/429 train_nll=-3613.767
2026-05-15 15:34:44,850 INFO CSMF2.step_1_1_1.run :: epoch=15  train_nll=-3612.924  val_nll=-3617.555  t=137.4s
2026-05-15 15:34:44,850 INFO CSMF2.step_1_1_1.run :: [h_std] total=0.04642 batch=0.00000 (no penalty)
2026-05-15 15:34:44,850 INFO CSMF2.step_1_1_1.run :: [lat_epoch] mean_l2=0.02080 std_l2=0.02260 lambda=10.000
2026-05-15 15:34:44,850 INFO CSMF2.step_1_1_1.run :: [grad] cond=26.6669 film_gain=0.0000
2026-05-15 15:35:03,062 INFO CSMF2.step_1_1_1.run :: [h] epoch=16 step=50 total=0.04572 batch=0.00000
2026-05-15 15:35:03,063 INFO CSMF2.step_1_1_1.run :: [lat] epoch=16 step=50 mean_l2=0.01468 std_l2=0.01992
2026-05-15 15:35:03,279 INFO CSMF2.step_1_1_1.run :: epoch=16 step=50/429 train_nll=-3626.306
2026-05-15 15:35:18,395 INFO CSMF2.step_1_1_1.run :: [h] epoch=16 step=100 total=0.04592 batch=0.00000
2026-05-15 15:35:18,396 INFO CSMF2.step_1_1_1.run :: [lat] epoch=16 step=100 mean_l2=0.01238 std_l2=0.02019
2026-05-15 15:35:18,612 INFO CSMF2.step_1_1_1.run :: epoch=16 step=100/429 train_nll=-3628.341
2026-05-15 15:35:33,443 INFO CSMF2.step_1_1_1.run :: [h] epoch=16 step=150 total=0.04585 batch=0.00000
2026-05-15 15:35:33,444 INFO CSMF2.step_1_1_1.run :: [lat] epoch=16 step=150 mean_l2=0.01781 std_l2=0.01887
2026-05-15 15:35:33,616 INFO CSMF2.step_1_1_1.run :: epoch=16 step=150/429 train_nll=-3629.278
2026-05-15 15:35:48,864 INFO CSMF2.step_1_1_1.run :: [h] epoch=16 step=200 total=0.04614 batch=0.00000
2026-05-15 15:35:48,864 INFO CSMF2.step_1_1_1.run :: [lat] epoch=16 step=200 mean_l2=0.01373 std_l2=0.02008
2026-05-15 15:35:49,036 INFO CSMF2.step_1_1_1.run :: epoch=16 step=200/429 train_nll=-3630.781
2026-05-15 15:36:04,233 INFO CSMF2.step_1_1_1.run :: [h] epoch=16 step=250 total=0.04611 batch=0.00000
2026-05-15 15:36:04,234 INFO CSMF2.step_1_1_1.run :: [lat] epoch=16 step=250 mean_l2=0.01323 std_l2=0.01704
2026-05-15 15:36:04,451 INFO CSMF2.step_1_1_1.run :: epoch=16 step=250/429 train_nll=-3632.030
2026-05-15 15:36:19,617 INFO CSMF2.step_1_1_1.run :: [h] epoch=16 step=300 total=0.04631 batch=0.00000
2026-05-15 15:36:19,617 INFO CSMF2.step_1_1_1.run :: [lat] epoch=16 step=300 mean_l2=0.01264 std_l2=0.01967
2026-05-15 15:36:19,792 INFO CSMF2.step_1_1_1.run :: epoch=16 step=300/429 train_nll=-3632.990
2026-05-15 15:36:35,166 INFO CSMF2.step_1_1_1.run :: [h] epoch=16 step=350 total=0.04607 batch=0.00000
2026-05-15 15:36:35,167 INFO CSMF2.step_1_1_1.run :: [lat] epoch=16 step=350 mean_l2=0.01584 std_l2=0.01919
2026-05-15 15:36:35,339 INFO CSMF2.step_1_1_1.run :: epoch=16 step=350/429 train_nll=-3633.313
2026-05-15 15:36:50,635 INFO CSMF2.step_1_1_1.run :: [h] epoch=16 step=400 total=0.04603 batch=0.00000
2026-05-15 15:36:50,636 INFO CSMF2.step_1_1_1.run :: [lat] epoch=16 step=400 mean_l2=0.02468 std_l2=0.02443
2026-05-15 15:36:50,807 INFO CSMF2.step_1_1_1.run :: epoch=16 step=400/429 train_nll=-3633.952
2026-05-15 15:37:04,389 INFO CSMF2.step_1_1_1.run :: epoch=16  train_nll=-3632.454  val_nll=-3605.787  t=136.5s
2026-05-15 15:37:04,389 INFO CSMF2.step_1_1_1.run :: [h_std] total=0.04600 batch=0.00000 (no penalty)
2026-05-15 15:37:04,389 INFO CSMF2.step_1_1_1.run :: [lat_epoch] mean_l2=0.01445 std_l2=0.02007 lambda=10.000
2026-05-15 15:37:04,390 INFO CSMF2.step_1_1_1.run :: [grad] cond=68.6714 film_gain=0.0000
2026-05-15 15:37:22,712 INFO CSMF2.step_1_1_1.run :: [h] epoch=17 step=50 total=0.04476 batch=0.00000
2026-05-15 15:37:22,712 INFO CSMF2.step_1_1_1.run :: [lat] epoch=17 step=50 mean_l2=0.04099 std_l2=0.03694
2026-05-15 15:37:22,885 INFO CSMF2.step_1_1_1.run :: epoch=17 step=50/429 train_nll=-3582.370
2026-05-15 15:37:37,703 INFO CSMF2.step_1_1_1.run :: [h] epoch=17 step=100 total=0.04473 batch=0.00000
2026-05-15 15:37:37,704 INFO CSMF2.step_1_1_1.run :: [lat] epoch=17 step=100 mean_l2=0.03167 std_l2=0.02731
2026-05-15 15:37:37,875 INFO CSMF2.step_1_1_1.run :: epoch=17 step=100/429 train_nll=-3582.549
2026-05-15 15:37:53,002 INFO CSMF2.step_1_1_1.run :: [h] epoch=17 step=150 total=0.04435 batch=0.00000
2026-05-15 15:37:53,002 INFO CSMF2.step_1_1_1.run :: [lat] epoch=17 step=150 mean_l2=0.01418 std_l2=0.02303
2026-05-15 15:37:53,175 INFO CSMF2.step_1_1_1.run :: epoch=17 step=150/429 train_nll=-3588.451
2026-05-15 15:38:08,546 INFO CSMF2.step_1_1_1.run :: [h] epoch=17 step=200 total=0.04480 batch=0.00000
2026-05-15 15:38:08,546 INFO CSMF2.step_1_1_1.run :: [lat] epoch=17 step=200 mean_l2=0.01334 std_l2=0.01976
2026-05-15 15:38:08,716 INFO CSMF2.step_1_1_1.run :: epoch=17 step=200/429 train_nll=-3597.597
2026-05-15 15:38:23,715 INFO CSMF2.step_1_1_1.run :: [h] epoch=17 step=250 total=0.04483 batch=0.00000
2026-05-15 15:38:23,716 INFO CSMF2.step_1_1_1.run :: [lat] epoch=17 step=250 mean_l2=0.01254 std_l2=0.01984
2026-05-15 15:38:23,885 INFO CSMF2.step_1_1_1.run :: epoch=17 step=250/429 train_nll=-3605.405
2026-05-15 15:38:39,132 INFO CSMF2.step_1_1_1.run :: [h] epoch=17 step=300 total=0.04514 batch=0.00000
2026-05-15 15:38:39,133 INFO CSMF2.step_1_1_1.run :: [lat] epoch=17 step=300 mean_l2=0.01398 std_l2=0.01881
2026-05-15 15:38:39,348 INFO CSMF2.step_1_1_1.run :: epoch=17 step=300/429 train_nll=-3610.678
2026-05-15 15:38:54,571 INFO CSMF2.step_1_1_1.run :: [h] epoch=17 step=350 total=0.04493 batch=0.00000
2026-05-15 15:38:54,572 INFO CSMF2.step_1_1_1.run :: [lat] epoch=17 step=350 mean_l2=0.01343 std_l2=0.02377
2026-05-15 15:38:54,741 INFO CSMF2.step_1_1_1.run :: epoch=17 step=350/429 train_nll=-3614.333
2026-05-15 15:39:09,854 INFO CSMF2.step_1_1_1.run :: [h] epoch=17 step=400 total=0.04484 batch=0.00000
2026-05-15 15:39:09,855 INFO CSMF2.step_1_1_1.run :: [lat] epoch=17 step=400 mean_l2=0.01448 std_l2=0.01787
2026-05-15 15:39:10,069 INFO CSMF2.step_1_1_1.run :: epoch=17 step=400/429 train_nll=-3617.810
2026-05-15 15:39:23,540 INFO CSMF2.step_1_1_1.run :: epoch=17  train_nll=-3619.199  val_nll=-3633.977  t=136.1s
2026-05-15 15:39:23,540 INFO CSMF2.step_1_1_1.run :: [h_std] total=0.04496 batch=0.00000 (no penalty)
2026-05-15 15:39:23,540 INFO CSMF2.step_1_1_1.run :: [lat_epoch] mean_l2=0.02067 std_l2=0.02235 lambda=10.000
2026-05-15 15:39:23,540 INFO CSMF2.step_1_1_1.run :: [grad] cond=44.2139 film_gain=0.0000
2026-05-15 15:39:41,769 INFO CSMF2.step_1_1_1.run :: [h] epoch=18 step=50 total=0.04500 batch=0.00000
2026-05-15 15:39:41,769 INFO CSMF2.step_1_1_1.run :: [lat] epoch=18 step=50 mean_l2=0.01416 std_l2=0.01959
2026-05-15 15:39:41,941 INFO CSMF2.step_1_1_1.run :: epoch=18 step=50/429 train_nll=-3637.748
2026-05-15 15:39:57,079 INFO CSMF2.step_1_1_1.run :: [h] epoch=18 step=100 total=0.04516 batch=0.00000
2026-05-15 15:39:57,079 INFO CSMF2.step_1_1_1.run :: [lat] epoch=18 step=100 mean_l2=0.01575 std_l2=0.01712
2026-05-15 15:39:57,252 INFO CSMF2.step_1_1_1.run :: epoch=18 step=100/429 train_nll=-3638.446
2026-05-15 15:40:12,331 INFO CSMF2.step_1_1_1.run :: [h] epoch=18 step=150 total=0.04490 batch=0.00000
2026-05-15 15:40:12,332 INFO CSMF2.step_1_1_1.run :: [lat] epoch=18 step=150 mean_l2=0.01347 std_l2=0.02050
2026-05-15 15:40:12,550 INFO CSMF2.step_1_1_1.run :: epoch=18 step=150/429 train_nll=-3636.714
2026-05-15 15:40:27,638 INFO CSMF2.step_1_1_1.run :: [h] epoch=18 step=200 total=0.04497 batch=0.00000
2026-05-15 15:40:27,638 INFO CSMF2.step_1_1_1.run :: [lat] epoch=18 step=200 mean_l2=0.01527 std_l2=0.02029
2026-05-15 15:40:27,811 INFO CSMF2.step_1_1_1.run :: epoch=18 step=200/429 train_nll=-3637.532
2026-05-15 15:40:42,870 INFO CSMF2.step_1_1_1.run :: [h] epoch=18 step=250 total=0.04464 batch=0.00000
2026-05-15 15:40:42,871 INFO CSMF2.step_1_1_1.run :: [lat] epoch=18 step=250 mean_l2=0.01946 std_l2=0.02129
2026-05-15 15:40:43,044 INFO CSMF2.step_1_1_1.run :: epoch=18 step=250/429 train_nll=-3633.960
2026-05-15 15:40:58,080 INFO CSMF2.step_1_1_1.run :: [h] epoch=18 step=300 total=0.04429 batch=0.00000
2026-05-15 15:40:58,080 INFO CSMF2.step_1_1_1.run :: [lat] epoch=18 step=300 mean_l2=0.01823 std_l2=0.01948
2026-05-15 15:40:58,255 INFO CSMF2.step_1_1_1.run :: epoch=18 step=300/429 train_nll=-3629.270
2026-05-15 15:41:13,695 INFO CSMF2.step_1_1_1.run :: [h] epoch=18 step=350 total=0.04429 batch=0.00000
2026-05-15 15:41:13,696 INFO CSMF2.step_1_1_1.run :: [lat] epoch=18 step=350 mean_l2=0.01274 std_l2=0.02013
2026-05-15 15:41:13,871 INFO CSMF2.step_1_1_1.run :: epoch=18 step=350/429 train_nll=-3629.713
2026-05-15 15:41:29,353 INFO CSMF2.step_1_1_1.run :: [h] epoch=18 step=400 total=0.04428 batch=0.00000
2026-05-15 15:41:29,357 INFO CSMF2.step_1_1_1.run :: [lat] epoch=18 step=400 mean_l2=0.01288 std_l2=0.01796
2026-05-15 15:41:29,576 INFO CSMF2.step_1_1_1.run :: epoch=18 step=400/429 train_nll=-3631.357
2026-05-15 15:41:43,465 INFO CSMF2.step_1_1_1.run :: epoch=18  train_nll=-3631.914  val_nll=-3635.599  t=136.8s
2026-05-15 15:41:43,465 INFO CSMF2.step_1_1_1.run :: [h_std] total=0.04472 batch=0.00000 (no penalty)
2026-05-15 15:41:43,465 INFO CSMF2.step_1_1_1.run :: [lat_epoch] mean_l2=0.01670 std_l2=0.02098 lambda=10.000
2026-05-15 15:41:43,465 INFO CSMF2.step_1_1_1.run :: [grad] cond=77.9510 film_gain=0.0000
2026-05-15 15:42:01,683 INFO CSMF2.step_1_1_1.run :: [h] epoch=19 step=50 total=0.04429 batch=0.00000
2026-05-15 15:42:01,684 INFO CSMF2.step_1_1_1.run :: [lat] epoch=19 step=50 mean_l2=0.01188 std_l2=0.02020
2026-05-15 15:42:01,858 INFO CSMF2.step_1_1_1.run :: epoch=19 step=50/429 train_nll=-3641.969
2026-05-15 15:42:17,214 INFO CSMF2.step_1_1_1.run :: [h] epoch=19 step=100 total=0.04442 batch=0.00000
2026-05-15 15:42:17,215 INFO CSMF2.step_1_1_1.run :: [lat] epoch=19 step=100 mean_l2=0.01534 std_l2=0.01783
2026-05-15 15:42:17,388 INFO CSMF2.step_1_1_1.run :: epoch=19 step=100/429 train_nll=-3641.481
2026-05-15 15:42:32,656 INFO CSMF2.step_1_1_1.run :: [h] epoch=19 step=150 total=0.04427 batch=0.00000
2026-05-15 15:42:32,657 INFO CSMF2.step_1_1_1.run :: [lat] epoch=19 step=150 mean_l2=0.02168 std_l2=0.02823
2026-05-15 15:42:32,830 INFO CSMF2.step_1_1_1.run :: epoch=19 step=150/429 train_nll=-3637.501
2026-05-15 15:42:48,262 INFO CSMF2.step_1_1_1.run :: [h] epoch=19 step=200 total=0.04347 batch=0.00000
2026-05-15 15:42:48,262 INFO CSMF2.step_1_1_1.run :: [lat] epoch=19 step=200 mean_l2=0.04707 std_l2=0.02892
2026-05-15 15:42:48,435 INFO CSMF2.step_1_1_1.run :: epoch=19 step=200/429 train_nll=-3626.099
2026-05-15 15:43:03,400 INFO CSMF2.step_1_1_1.run :: [h] epoch=19 step=250 total=0.04269 batch=0.00000
2026-05-15 15:43:03,400 INFO CSMF2.step_1_1_1.run :: [lat] epoch=19 step=250 mean_l2=0.02801 std_l2=0.02611
2026-05-15 15:43:03,573 INFO CSMF2.step_1_1_1.run :: epoch=19 step=250/429 train_nll=-3619.966
2026-05-15 15:43:18,492 INFO CSMF2.step_1_1_1.run :: [h] epoch=19 step=300 total=0.04327 batch=0.00000
2026-05-15 15:43:18,493 INFO CSMF2.step_1_1_1.run :: [lat] epoch=19 step=300 mean_l2=0.01163 std_l2=0.01635
2026-05-15 15:43:18,665 INFO CSMF2.step_1_1_1.run :: epoch=19 step=300/429 train_nll=-3620.225
2026-05-15 15:43:33,666 INFO CSMF2.step_1_1_1.run :: [h] epoch=19 step=350 total=0.04322 batch=0.00000
2026-05-15 15:43:33,667 INFO CSMF2.step_1_1_1.run :: [lat] epoch=19 step=350 mean_l2=0.01294 std_l2=0.02217
2026-05-15 15:43:33,883 INFO CSMF2.step_1_1_1.run :: epoch=19 step=350/429 train_nll=-3622.827
2026-05-15 15:43:49,003 INFO CSMF2.step_1_1_1.run :: [h] epoch=19 step=400 total=0.04328 batch=0.00000
2026-05-15 15:43:49,003 INFO CSMF2.step_1_1_1.run :: [lat] epoch=19 step=400 mean_l2=0.01326 std_l2=0.01847
2026-05-15 15:43:49,174 INFO CSMF2.step_1_1_1.run :: epoch=19 step=400/429 train_nll=-3625.587
2026-05-15 15:44:02,497 INFO CSMF2.step_1_1_1.run :: epoch=19  train_nll=-3626.836  val_nll=-3640.862  t=136.0s
2026-05-15 15:44:02,498 INFO CSMF2.step_1_1_1.run :: [h_std] total=0.04376 batch=0.00000 (no penalty)
2026-05-15 15:44:02,498 INFO CSMF2.step_1_1_1.run :: [lat_epoch] mean_l2=0.01883 std_l2=0.02179 lambda=10.000
2026-05-15 15:44:02,498 INFO CSMF2.step_1_1_1.run :: [grad] cond=59.9030 film_gain=0.0000
2026-05-15 15:44:21,266 INFO CSMF2.step_1_1_1.run :: [h] epoch=20 step=50 total=0.04333 batch=0.00000
2026-05-15 15:44:21,266 INFO CSMF2.step_1_1_1.run :: [lat] epoch=20 step=50 mean_l2=0.01375 std_l2=0.01858
2026-05-15 15:44:21,440 INFO CSMF2.step_1_1_1.run :: epoch=20 step=50/429 train_nll=-3644.020
2026-05-15 15:44:36,661 INFO CSMF2.step_1_1_1.run :: [h] epoch=20 step=100 total=0.04352 batch=0.00000
2026-05-15 15:44:36,662 INFO CSMF2.step_1_1_1.run :: [lat] epoch=20 step=100 mean_l2=0.01582 std_l2=0.01888
2026-05-15 15:44:36,837 INFO CSMF2.step_1_1_1.run :: epoch=20 step=100/429 train_nll=-3643.211
2026-05-15 15:44:52,540 INFO CSMF2.step_1_1_1.run :: [h] epoch=20 step=150 total=0.04352 batch=0.00000
2026-05-15 15:44:52,541 INFO CSMF2.step_1_1_1.run :: [lat] epoch=20 step=150 mean_l2=0.01597 std_l2=0.01928
2026-05-15 15:44:52,758 INFO CSMF2.step_1_1_1.run :: epoch=20 step=150/429 train_nll=-3642.054
2026-05-15 15:45:07,984 INFO CSMF2.step_1_1_1.run :: [h] epoch=20 step=200 total=0.04345 batch=0.00000
2026-05-15 15:45:07,985 INFO CSMF2.step_1_1_1.run :: [lat] epoch=20 step=200 mean_l2=0.01356 std_l2=0.02185
2026-05-15 15:45:08,160 INFO CSMF2.step_1_1_1.run :: epoch=20 step=200/429 train_nll=-3642.805
2026-05-15 15:45:23,616 INFO CSMF2.step_1_1_1.run :: [h] epoch=20 step=250 total=0.04287 batch=0.00000
2026-05-15 15:45:23,617 INFO CSMF2.step_1_1_1.run :: [lat] epoch=20 step=250 mean_l2=0.02418 std_l2=0.03446
2026-05-15 15:45:23,789 INFO CSMF2.step_1_1_1.run :: epoch=20 step=250/429 train_nll=-3638.669
2026-05-15 15:45:38,950 INFO CSMF2.step_1_1_1.run :: [h] epoch=20 step=300 total=0.04274 batch=0.00000
2026-05-15 15:45:38,950 INFO CSMF2.step_1_1_1.run :: [lat] epoch=20 step=300 mean_l2=0.01674 std_l2=0.01972
2026-05-15 15:45:39,124 INFO CSMF2.step_1_1_1.run :: epoch=20 step=300/429 train_nll=-3631.513
2026-05-15 15:45:54,464 INFO CSMF2.step_1_1_1.run :: [h] epoch=20 step=350 total=0.04286 batch=0.00000
2026-05-15 15:45:54,464 INFO CSMF2.step_1_1_1.run :: [lat] epoch=20 step=350 mean_l2=0.01425 std_l2=0.02038
2026-05-15 15:45:54,646 INFO CSMF2.step_1_1_1.run :: epoch=20 step=350/429 train_nll=-3632.294
2026-05-15 15:46:10,266 INFO CSMF2.step_1_1_1.run :: [h] epoch=20 step=400 total=0.04295 batch=0.00000
2026-05-15 15:46:10,267 INFO CSMF2.step_1_1_1.run :: [lat] epoch=20 step=400 mean_l2=0.01193 std_l2=0.01763
2026-05-15 15:46:10,444 INFO CSMF2.step_1_1_1.run :: epoch=20 step=400/429 train_nll=-3633.903
2026-05-15 15:46:24,169 INFO CSMF2.step_1_1_1.run :: epoch=20  train_nll=-3634.656  val_nll=-3639.472  t=138.5s
2026-05-15 15:46:24,169 INFO CSMF2.step_1_1_1.run :: [h_std] total=0.04330 batch=0.00000 (no penalty)
2026-05-15 15:46:24,169 INFO CSMF2.step_1_1_1.run :: [lat_epoch] mean_l2=0.01716 std_l2=0.02098 lambda=10.000
2026-05-15 15:46:24,169 INFO CSMF2.step_1_1_1.run :: [grad] cond=17.4117 film_gain=0.0000
2026-05-15 15:46:42,311 INFO CSMF2.step_1_1_1.run :: [h] epoch=21 step=50 total=0.04301 batch=0.00000
2026-05-15 15:46:42,312 INFO CSMF2.step_1_1_1.run :: [lat] epoch=21 step=50 mean_l2=0.01539 std_l2=0.01940
2026-05-15 15:46:42,490 INFO CSMF2.step_1_1_1.run :: epoch=21 step=50/429 train_nll=-3647.325
2026-05-15 15:46:57,572 INFO CSMF2.step_1_1_1.run :: [h] epoch=21 step=100 total=0.04304 batch=0.00000
2026-05-15 15:46:57,573 INFO CSMF2.step_1_1_1.run :: [lat] epoch=21 step=100 mean_l2=0.01492 std_l2=0.02028
2026-05-15 15:46:57,797 INFO CSMF2.step_1_1_1.run :: epoch=21 step=100/429 train_nll=-3646.247
2026-05-15 15:47:13,232 INFO CSMF2.step_1_1_1.run :: [h] epoch=21 step=150 total=0.04313 batch=0.00000
2026-05-15 15:47:13,232 INFO CSMF2.step_1_1_1.run :: [lat] epoch=21 step=150 mean_l2=0.01937 std_l2=0.01959
2026-05-15 15:47:13,420 INFO CSMF2.step_1_1_1.run :: epoch=21 step=150/429 train_nll=-3644.815
2026-05-15 15:47:28,890 INFO CSMF2.step_1_1_1.run :: [h] epoch=21 step=200 total=0.04236 batch=0.00000
2026-05-15 15:47:28,890 INFO CSMF2.step_1_1_1.run :: [lat] epoch=21 step=200 mean_l2=0.02182 std_l2=0.02012
2026-05-15 15:47:29,068 INFO CSMF2.step_1_1_1.run :: epoch=21 step=200/429 train_nll=-3639.735
2026-05-15 15:47:44,800 INFO CSMF2.step_1_1_1.run :: [h] epoch=21 step=250 total=0.04189 batch=0.00000
2026-05-15 15:47:44,800 INFO CSMF2.step_1_1_1.run :: [lat] epoch=21 step=250 mean_l2=0.02009 std_l2=0.02063
2026-05-15 15:47:45,023 INFO CSMF2.step_1_1_1.run :: epoch=21 step=250/429 train_nll=-3631.035
2026-05-15 15:48:00,678 INFO CSMF2.step_1_1_1.run :: [h] epoch=21 step=300 total=0.04236 batch=0.00000
2026-05-15 15:48:00,679 INFO CSMF2.step_1_1_1.run :: [lat] epoch=21 step=300 mean_l2=0.01410 std_l2=0.01914
2026-05-15 15:48:00,858 INFO CSMF2.step_1_1_1.run :: epoch=21 step=300/429 train_nll=-3631.972
2026-05-15 15:48:16,231 INFO CSMF2.step_1_1_1.run :: [h] epoch=21 step=350 total=0.04204 batch=0.00000
2026-05-15 15:48:16,232 INFO CSMF2.step_1_1_1.run :: [lat] epoch=21 step=350 mean_l2=0.05061 std_l2=0.03630
2026-05-15 15:48:16,458 INFO CSMF2.step_1_1_1.run :: epoch=21 step=350/429 train_nll=-3632.426
2026-05-15 15:48:31,702 INFO CSMF2.step_1_1_1.run :: [h] epoch=21 step=400 total=0.04176 batch=0.00000
2026-05-15 15:48:31,702 INFO CSMF2.step_1_1_1.run :: [lat] epoch=21 step=400 mean_l2=0.02338 std_l2=0.02229
2026-05-15 15:48:31,878 INFO CSMF2.step_1_1_1.run :: epoch=21 step=400/429 train_nll=-3628.344
2026-05-15 15:48:45,556 INFO CSMF2.step_1_1_1.run :: epoch=21  train_nll=-3627.340  val_nll=-3628.306  t=138.4s
2026-05-15 15:48:45,556 INFO CSMF2.step_1_1_1.run :: [h_std] total=0.04256 batch=0.00000 (no penalty)
2026-05-15 15:48:45,556 INFO CSMF2.step_1_1_1.run :: [lat_epoch] mean_l2=0.02085 std_l2=0.02207 lambda=10.000
2026-05-15 15:48:45,556 INFO CSMF2.step_1_1_1.run :: [grad] cond=14.2101 film_gain=0.0000
2026-05-15 15:49:04,136 INFO CSMF2.step_1_1_1.run :: [h] epoch=22 step=50 total=0.04181 batch=0.00000
2026-05-15 15:49:04,137 INFO CSMF2.step_1_1_1.run :: [lat] epoch=22 step=50 mean_l2=0.01217 std_l2=0.02027
2026-05-15 15:49:04,314 INFO CSMF2.step_1_1_1.run :: epoch=22 step=50/429 train_nll=-3640.493
2026-05-15 15:49:19,653 INFO CSMF2.step_1_1_1.run :: [h] epoch=22 step=100 total=0.04199 batch=0.00000
2026-05-15 15:49:19,654 INFO CSMF2.step_1_1_1.run :: [lat] epoch=22 step=100 mean_l2=0.01198 std_l2=0.01875
2026-05-15 15:49:19,874 INFO CSMF2.step_1_1_1.run :: epoch=22 step=100/429 train_nll=-3642.903
2026-05-15 15:49:35,427 INFO CSMF2.step_1_1_1.run :: [h] epoch=22 step=150 total=0.04210 batch=0.00000
2026-05-15 15:49:35,428 INFO CSMF2.step_1_1_1.run :: [lat] epoch=22 step=150 mean_l2=0.01342 std_l2=0.02058
2026-05-15 15:49:35,652 INFO CSMF2.step_1_1_1.run :: epoch=22 step=150/429 train_nll=-3643.652
2026-05-15 15:49:51,034 INFO CSMF2.step_1_1_1.run :: [h] epoch=22 step=200 total=0.04211 batch=0.00000
2026-05-15 15:49:51,034 INFO CSMF2.step_1_1_1.run :: [lat] epoch=22 step=200 mean_l2=0.01457 std_l2=0.01882
2026-05-15 15:49:51,213 INFO CSMF2.step_1_1_1.run :: epoch=22 step=200/429 train_nll=-3643.953
2026-05-15 15:50:06,544 INFO CSMF2.step_1_1_1.run :: [h] epoch=22 step=250 total=0.04193 batch=0.00000
2026-05-15 15:50:06,545 INFO CSMF2.step_1_1_1.run :: [lat] epoch=22 step=250 mean_l2=0.01372 std_l2=0.02164
2026-05-15 15:50:06,724 INFO CSMF2.step_1_1_1.run :: epoch=22 step=250/429 train_nll=-3644.561
2026-05-15 15:50:21,921 INFO CSMF2.step_1_1_1.run :: [h] epoch=22 step=300 total=0.04208 batch=0.00000
2026-05-15 15:50:21,922 INFO CSMF2.step_1_1_1.run :: [lat] epoch=22 step=300 mean_l2=0.01462 std_l2=0.01970
2026-05-15 15:50:22,100 INFO CSMF2.step_1_1_1.run :: epoch=22 step=300/429 train_nll=-3644.655
2026-05-15 15:50:37,464 INFO CSMF2.step_1_1_1.run :: [h] epoch=22 step=350 total=0.04196 batch=0.00000
2026-05-15 15:50:37,464 INFO CSMF2.step_1_1_1.run :: [lat] epoch=22 step=350 mean_l2=0.01331 std_l2=0.02073
2026-05-15 15:50:37,645 INFO CSMF2.step_1_1_1.run :: epoch=22 step=350/429 train_nll=-3645.435
2026-05-15 15:50:53,274 INFO CSMF2.step_1_1_1.run :: [h] epoch=22 step=400 total=0.04145 batch=0.00000
2026-05-15 15:50:53,275 INFO CSMF2.step_1_1_1.run :: [lat] epoch=22 step=400 mean_l2=0.02445 std_l2=0.02641
2026-05-15 15:50:53,495 INFO CSMF2.step_1_1_1.run :: epoch=22 step=400/429 train_nll=-3641.270
2026-05-15 15:51:07,546 INFO CSMF2.step_1_1_1.run :: epoch=22  train_nll=-3638.151  val_nll=-3606.022  t=138.8s
2026-05-15 15:51:07,546 INFO CSMF2.step_1_1_1.run :: [h_std] total=0.04198 batch=0.00000 (no penalty)
2026-05-15 15:51:07,546 INFO CSMF2.step_1_1_1.run :: [lat_epoch] mean_l2=0.01708 std_l2=0.02094 lambda=10.000
2026-05-15 15:51:07,546 INFO CSMF2.step_1_1_1.run :: [grad] cond=24.4458 film_gain=0.0000
2026-05-15 15:51:26,142 INFO CSMF2.step_1_1_1.run :: [h] epoch=23 step=50 total=0.04126 batch=0.00000
2026-05-15 15:51:26,143 INFO CSMF2.step_1_1_1.run :: [lat] epoch=23 step=50 mean_l2=0.01409 std_l2=0.02128
2026-05-15 15:51:26,367 INFO CSMF2.step_1_1_1.run :: epoch=23 step=50/429 train_nll=-3631.944
2026-05-15 15:51:41,863 INFO CSMF2.step_1_1_1.run :: [h] epoch=23 step=100 total=0.04157 batch=0.00000
2026-05-15 15:51:41,863 INFO CSMF2.step_1_1_1.run :: [lat] epoch=23 step=100 mean_l2=0.01383 std_l2=0.01724
2026-05-15 15:51:42,041 INFO CSMF2.step_1_1_1.run :: epoch=23 step=100/429 train_nll=-3637.386
2026-05-15 15:51:57,213 INFO CSMF2.step_1_1_1.run :: [h] epoch=23 step=150 total=0.04181 batch=0.00000
2026-05-15 15:51:57,214 INFO CSMF2.step_1_1_1.run :: [lat] epoch=23 step=150 mean_l2=0.01255 std_l2=0.01850
2026-05-15 15:51:57,392 INFO CSMF2.step_1_1_1.run :: epoch=23 step=150/429 train_nll=-3640.093
2026-05-15 15:52:12,811 INFO CSMF2.step_1_1_1.run :: [h] epoch=23 step=200 total=0.04147 batch=0.00000
2026-05-15 15:52:12,812 INFO CSMF2.step_1_1_1.run :: [lat] epoch=23 step=200 mean_l2=0.01173 std_l2=0.01993
2026-05-15 15:52:12,990 INFO CSMF2.step_1_1_1.run :: epoch=23 step=200/429 train_nll=-3642.443
2026-05-15 15:52:28,587 INFO CSMF2.step_1_1_1.run :: [h] epoch=23 step=250 total=0.04135 batch=0.00000
2026-05-15 15:52:28,588 INFO CSMF2.step_1_1_1.run :: [lat] epoch=23 step=250 mean_l2=0.01332 std_l2=0.01954
2026-05-15 15:52:28,812 INFO CSMF2.step_1_1_1.run :: epoch=23 step=250/429 train_nll=-3643.922
2026-05-15 15:52:44,224 INFO CSMF2.step_1_1_1.run :: [h] epoch=23 step=300 total=0.04165 batch=0.00000
2026-05-15 15:52:44,224 INFO CSMF2.step_1_1_1.run :: [lat] epoch=23 step=300 mean_l2=0.01392 std_l2=0.01976
2026-05-15 15:52:44,403 INFO CSMF2.step_1_1_1.run :: epoch=23 step=300/429 train_nll=-3644.544
2026-05-15 15:52:59,593 INFO CSMF2.step_1_1_1.run :: [h] epoch=23 step=350 total=0.04137 batch=0.00000
2026-05-15 15:52:59,594 INFO CSMF2.step_1_1_1.run :: [lat] epoch=23 step=350 mean_l2=0.01426 std_l2=0.01998
2026-05-15 15:52:59,771 INFO CSMF2.step_1_1_1.run :: epoch=23 step=350/429 train_nll=-3645.005
2026-05-15 15:53:15,004 INFO CSMF2.step_1_1_1.run :: [h] epoch=23 step=400 total=0.04140 batch=0.00000
2026-05-15 15:53:15,004 INFO CSMF2.step_1_1_1.run :: [lat] epoch=23 step=400 mean_l2=0.01381 std_l2=0.01984
2026-05-15 15:53:15,184 INFO CSMF2.step_1_1_1.run :: epoch=23 step=400/429 train_nll=-3645.981
2026-05-15 15:53:29,209 INFO CSMF2.step_1_1_1.run :: epoch=23  train_nll=-3645.624  val_nll=-3642.189  t=138.5s
2026-05-15 15:53:29,209 INFO CSMF2.step_1_1_1.run :: [h_std] total=0.04152 batch=0.00000 (no penalty)
2026-05-15 15:53:29,209 INFO CSMF2.step_1_1_1.run :: [lat_epoch] mean_l2=0.01453 std_l2=0.01979 lambda=10.000
2026-05-15 15:53:29,209 INFO CSMF2.step_1_1_1.run :: [grad] cond=23.6848 film_gain=0.0000
2026-05-15 15:53:47,452 INFO CSMF2.step_1_1_1.run :: [h] epoch=24 step=50 total=0.04132 batch=0.00000
2026-05-15 15:53:47,453 INFO CSMF2.step_1_1_1.run :: [lat] epoch=24 step=50 mean_l2=0.01282 std_l2=0.01686
2026-05-15 15:53:47,632 INFO CSMF2.step_1_1_1.run :: epoch=24 step=50/429 train_nll=-3650.271
2026-05-15 15:54:03,051 INFO CSMF2.step_1_1_1.run :: [h] epoch=24 step=100 total=0.04150 batch=0.00000
2026-05-15 15:54:03,051 INFO CSMF2.step_1_1_1.run :: [lat] epoch=24 step=100 mean_l2=0.01698 std_l2=0.02019
2026-05-15 15:54:03,274 INFO CSMF2.step_1_1_1.run :: epoch=24 step=100/429 train_nll=-3649.392
2026-05-15 15:54:18,841 INFO CSMF2.step_1_1_1.run :: [h] epoch=24 step=150 total=0.04088 batch=0.00000
2026-05-15 15:54:18,841 INFO CSMF2.step_1_1_1.run :: [lat] epoch=24 step=150 mean_l2=0.01948 std_l2=0.02419
2026-05-15 15:54:19,024 INFO CSMF2.step_1_1_1.run :: epoch=24 step=150/429 train_nll=-3639.153
2026-05-15 15:54:34,810 INFO CSMF2.step_1_1_1.run :: [h] epoch=24 step=200 total=0.04112 batch=0.00000
2026-05-15 15:54:34,811 INFO CSMF2.step_1_1_1.run :: [lat] epoch=24 step=200 mean_l2=0.01261 std_l2=0.01886
2026-05-15 15:54:34,986 INFO CSMF2.step_1_1_1.run :: epoch=24 step=200/429 train_nll=-3640.176
2026-05-15 15:54:50,348 INFO CSMF2.step_1_1_1.run :: [h] epoch=24 step=250 total=0.04064 batch=0.00000
2026-05-15 15:54:50,349 INFO CSMF2.step_1_1_1.run :: [lat] epoch=24 step=250 mean_l2=0.01582 std_l2=0.02030
2026-05-15 15:54:50,575 INFO CSMF2.step_1_1_1.run :: epoch=24 step=250/429 train_nll=-3639.937
2026-05-15 15:55:06,081 INFO CSMF2.step_1_1_1.run :: [h] epoch=24 step=300 total=0.04104 batch=0.00000
2026-05-15 15:55:06,081 INFO CSMF2.step_1_1_1.run :: [lat] epoch=24 step=300 mean_l2=0.01498 std_l2=0.02126
2026-05-15 15:55:06,259 INFO CSMF2.step_1_1_1.run :: epoch=24 step=300/429 train_nll=-3640.994
2026-05-15 15:55:21,946 INFO CSMF2.step_1_1_1.run :: [h] epoch=24 step=350 total=0.04039 batch=0.00000
2026-05-15 15:55:21,947 INFO CSMF2.step_1_1_1.run :: [lat] epoch=24 step=350 mean_l2=0.02161 std_l2=0.03054
2026-05-15 15:55:22,127 INFO CSMF2.step_1_1_1.run :: epoch=24 step=350/429 train_nll=-3636.095
2026-05-15 15:55:37,684 INFO CSMF2.step_1_1_1.run :: [h] epoch=24 step=400 total=0.04024 batch=0.00000
2026-05-15 15:55:37,685 INFO CSMF2.step_1_1_1.run :: [lat] epoch=24 step=400 mean_l2=0.01363 std_l2=0.02206
2026-05-15 15:55:37,907 INFO CSMF2.step_1_1_1.run :: epoch=24 step=400/429 train_nll=-3635.028
2026-05-15 15:55:51,766 INFO CSMF2.step_1_1_1.run :: epoch=24  train_nll=-3635.642  val_nll=-3642.662  t=139.5s
2026-05-15 15:55:51,766 INFO CSMF2.step_1_1_1.run :: [h_std] total=0.04107 batch=0.00000 (no penalty)
2026-05-15 15:55:51,766 INFO CSMF2.step_1_1_1.run :: [lat_epoch] mean_l2=0.01863 std_l2=0.02152 lambda=10.000
2026-05-15 15:55:51,766 INFO CSMF2.step_1_1_1.run :: [grad] cond=17.6874 film_gain=0.0000
2026-05-15 15:56:10,078 INFO CSMF2.step_1_1_1.run :: [h] epoch=25 step=50 total=0.04061 batch=0.00000
2026-05-15 15:56:10,078 INFO CSMF2.step_1_1_1.run :: [lat] epoch=25 step=50 mean_l2=0.01475 std_l2=0.01721
2026-05-15 15:56:10,254 INFO CSMF2.step_1_1_1.run :: epoch=25 step=50/429 train_nll=-3650.525
2026-05-15 15:56:25,450 INFO CSMF2.step_1_1_1.run :: [h] epoch=25 step=100 total=0.04054 batch=0.00000
2026-05-15 15:56:25,451 INFO CSMF2.step_1_1_1.run :: [lat] epoch=25 step=100 mean_l2=0.01280 std_l2=0.01692
2026-05-15 15:56:25,623 INFO CSMF2.step_1_1_1.run :: epoch=25 step=100/429 train_nll=-3649.651
2026-05-15 15:56:40,978 INFO CSMF2.step_1_1_1.run :: [h] epoch=25 step=150 total=0.04069 batch=0.00000
2026-05-15 15:56:40,978 INFO CSMF2.step_1_1_1.run :: [lat] epoch=25 step=150 mean_l2=0.01968 std_l2=0.02702
2026-05-15 15:56:41,155 INFO CSMF2.step_1_1_1.run :: epoch=25 step=150/429 train_nll=-3647.301
2026-05-15 15:56:56,670 INFO CSMF2.step_1_1_1.run :: [h] epoch=25 step=200 total=0.04019 batch=0.00000
2026-05-15 15:56:56,670 INFO CSMF2.step_1_1_1.run :: [lat] epoch=25 step=200 mean_l2=0.01824 std_l2=0.02291
2026-05-15 15:56:56,847 INFO CSMF2.step_1_1_1.run :: epoch=25 step=200/429 train_nll=-3641.511
2026-05-15 15:57:12,343 INFO CSMF2.step_1_1_1.run :: [h] epoch=25 step=250 total=0.04028 batch=0.00000
2026-05-15 15:57:12,344 INFO CSMF2.step_1_1_1.run :: [lat] epoch=25 step=250 mean_l2=0.01185 std_l2=0.01804
2026-05-15 15:57:12,521 INFO CSMF2.step_1_1_1.run :: epoch=25 step=250/429 train_nll=-3642.234
2026-05-15 15:57:28,354 INFO CSMF2.step_1_1_1.run :: [h] epoch=25 step=300 total=0.04035 batch=0.00000
2026-05-15 15:57:28,355 INFO CSMF2.step_1_1_1.run :: [lat] epoch=25 step=300 mean_l2=0.01261 std_l2=0.01913
2026-05-15 15:57:28,577 INFO CSMF2.step_1_1_1.run :: epoch=25 step=300/429 train_nll=-3643.807
2026-05-15 15:57:43,829 INFO CSMF2.step_1_1_1.run :: [h] epoch=25 step=350 total=0.04033 batch=0.00000
2026-05-15 15:57:43,830 INFO CSMF2.step_1_1_1.run :: [lat] epoch=25 step=350 mean_l2=0.01372 std_l2=0.02030
2026-05-15 15:57:44,006 INFO CSMF2.step_1_1_1.run :: epoch=25 step=350/429 train_nll=-3644.974
2026-05-15 15:57:59,286 INFO CSMF2.step_1_1_1.run :: [h] epoch=25 step=400 total=0.04030 batch=0.00000
2026-05-15 15:57:59,287 INFO CSMF2.step_1_1_1.run :: [lat] epoch=25 step=400 mean_l2=0.01274 std_l2=0.01871
2026-05-15 15:57:59,509 INFO CSMF2.step_1_1_1.run :: epoch=25 step=400/429 train_nll=-3646.473
2026-05-15 15:58:13,460 INFO CSMF2.step_1_1_1.run :: epoch=25  train_nll=-3647.036  val_nll=-3646.884  t=138.6s
2026-05-15 15:58:13,460 INFO CSMF2.step_1_1_1.run :: [h_std] total=0.04043 batch=0.00000 (no penalty)
2026-05-15 15:58:13,460 INFO CSMF2.step_1_1_1.run :: [lat_epoch] mean_l2=0.01518 std_l2=0.02001 lambda=10.000
2026-05-15 15:58:13,461 INFO CSMF2.step_1_1_1.run :: [grad] cond=111.6862 film_gain=0.0000
2026-05-15 15:58:31,699 INFO CSMF2.step_1_1_1.run :: [h] epoch=26 step=50 total=0.04017 batch=0.00000
2026-05-15 15:58:31,700 INFO CSMF2.step_1_1_1.run :: [lat] epoch=26 step=50 mean_l2=0.01562 std_l2=0.02001
2026-05-15 15:58:31,877 INFO CSMF2.step_1_1_1.run :: epoch=26 step=50/429 train_nll=-3652.683
2026-05-15 15:58:47,258 INFO CSMF2.step_1_1_1.run :: [h] epoch=26 step=100 total=0.04018 batch=0.00000
2026-05-15 15:58:47,259 INFO CSMF2.step_1_1_1.run :: [lat] epoch=26 step=100 mean_l2=0.01601 std_l2=0.02019
2026-05-15 15:58:47,484 INFO CSMF2.step_1_1_1.run :: epoch=26 step=100/429 train_nll=-3645.714
2026-05-15 15:59:03,337 INFO CSMF2.step_1_1_1.run :: [h] epoch=26 step=150 total=0.04016 batch=0.00000
2026-05-15 15:59:03,337 INFO CSMF2.step_1_1_1.run :: [lat] epoch=26 step=150 mean_l2=0.01307 std_l2=0.02053
2026-05-15 15:59:03,561 INFO CSMF2.step_1_1_1.run :: epoch=26 step=150/429 train_nll=-3646.844
2026-05-15 15:59:19,033 INFO CSMF2.step_1_1_1.run :: [h] epoch=26 step=200 total=0.04024 batch=0.00000
2026-05-15 15:59:19,034 INFO CSMF2.step_1_1_1.run :: [lat] epoch=26 step=200 mean_l2=0.01399 std_l2=0.01973
2026-05-15 15:59:19,213 INFO CSMF2.step_1_1_1.run :: epoch=26 step=200/429 train_nll=-3648.702
2026-05-15 15:59:34,762 INFO CSMF2.step_1_1_1.run :: [h] epoch=26 step=250 total=0.04006 batch=0.00000
2026-05-15 15:59:34,763 INFO CSMF2.step_1_1_1.run :: [lat] epoch=26 step=250 mean_l2=0.01889 std_l2=0.02137
2026-05-15 15:59:34,987 INFO CSMF2.step_1_1_1.run :: epoch=26 step=250/429 train_nll=-3648.507
2026-05-15 15:59:50,784 INFO CSMF2.step_1_1_1.run :: [h] epoch=26 step=300 total=0.03994 batch=0.00000
2026-05-15 15:59:50,785 INFO CSMF2.step_1_1_1.run :: [lat] epoch=26 step=300 mean_l2=0.01370 std_l2=0.02050
2026-05-15 15:59:50,967 INFO CSMF2.step_1_1_1.run :: epoch=26 step=300/429 train_nll=-3646.594
2026-05-15 16:00:06,458 INFO CSMF2.step_1_1_1.run :: [h] epoch=26 step=350 total=0.03973 batch=0.00000
2026-05-15 16:00:06,458 INFO CSMF2.step_1_1_1.run :: [lat] epoch=26 step=350 mean_l2=0.01953 std_l2=0.02474
2026-05-15 16:00:06,637 INFO CSMF2.step_1_1_1.run :: epoch=26 step=350/429 train_nll=-3646.474
2026-05-15 16:00:22,145 INFO CSMF2.step_1_1_1.run :: [h] epoch=26 step=400 total=0.03951 batch=0.00000
2026-05-15 16:00:22,146 INFO CSMF2.step_1_1_1.run :: [lat] epoch=26 step=400 mean_l2=0.01286 std_l2=0.01916
2026-05-15 16:00:22,324 INFO CSMF2.step_1_1_1.run :: epoch=26 step=400/429 train_nll=-3644.251
2026-05-15 16:00:36,355 INFO CSMF2.step_1_1_1.run :: epoch=26  train_nll=-3644.431  val_nll=-3644.483  t=139.8s
2026-05-15 16:00:36,355 INFO CSMF2.step_1_1_1.run :: [h_std] total=0.04001 batch=0.00000 (no penalty)
2026-05-15 16:00:36,355 INFO CSMF2.step_1_1_1.run :: [lat_epoch] mean_l2=0.01693 std_l2=0.02066 lambda=10.000
2026-05-15 16:00:36,355 INFO CSMF2.step_1_1_1.run :: [grad] cond=74.7749 film_gain=0.0000
2026-05-15 16:00:54,481 INFO CSMF2.step_1_1_1.run :: [h] epoch=27 step=50 total=0.03945 batch=0.00000
2026-05-15 16:00:54,482 INFO CSMF2.step_1_1_1.run :: [lat] epoch=27 step=50 mean_l2=0.01403 std_l2=0.01799
2026-05-15 16:00:54,661 INFO CSMF2.step_1_1_1.run :: epoch=27 step=50/429 train_nll=-3651.939
2026-05-15 16:01:10,142 INFO CSMF2.step_1_1_1.run :: [h] epoch=27 step=100 total=0.03953 batch=0.00000
2026-05-15 16:01:10,143 INFO CSMF2.step_1_1_1.run :: [lat] epoch=27 step=100 mean_l2=0.01430 std_l2=0.01853
2026-05-15 16:01:10,367 INFO CSMF2.step_1_1_1.run :: epoch=27 step=100/429 train_nll=-3652.201
2026-05-15 16:01:25,604 INFO CSMF2.step_1_1_1.run :: [h] epoch=27 step=150 total=0.03952 batch=0.00000
2026-05-15 16:01:25,605 INFO CSMF2.step_1_1_1.run :: [lat] epoch=27 step=150 mean_l2=0.01374 std_l2=0.01885
2026-05-15 16:01:25,784 INFO CSMF2.step_1_1_1.run :: epoch=27 step=150/429 train_nll=-3650.496
2026-05-15 16:01:40,983 INFO CSMF2.step_1_1_1.run :: [h] epoch=27 step=200 total=0.03960 batch=0.00000
2026-05-15 16:01:40,983 INFO CSMF2.step_1_1_1.run :: [lat] epoch=27 step=200 mean_l2=0.01487 std_l2=0.02126
2026-05-15 16:01:41,162 INFO CSMF2.step_1_1_1.run :: epoch=27 step=200/429 train_nll=-3651.447
2026-05-15 16:01:56,625 INFO CSMF2.step_1_1_1.run :: [h] epoch=27 step=250 total=0.03941 batch=0.00000
2026-05-15 16:01:56,626 INFO CSMF2.step_1_1_1.run :: [lat] epoch=27 step=250 mean_l2=0.01270 std_l2=0.01955
2026-05-15 16:01:56,806 INFO CSMF2.step_1_1_1.run :: epoch=27 step=250/429 train_nll=-3651.943
2026-05-15 16:02:12,363 INFO CSMF2.step_1_1_1.run :: [h] epoch=27 step=300 total=0.03926 batch=0.00000
2026-05-15 16:02:12,363 INFO CSMF2.step_1_1_1.run :: [lat] epoch=27 step=300 mean_l2=0.01805 std_l2=0.02397
2026-05-15 16:02:12,542 INFO CSMF2.step_1_1_1.run :: epoch=27 step=300/429 train_nll=-3649.722
2026-05-15 16:02:28,179 INFO CSMF2.step_1_1_1.run :: [h] epoch=27 step=350 total=0.03925 batch=0.00000
2026-05-15 16:02:28,179 INFO CSMF2.step_1_1_1.run :: [lat] epoch=27 step=350 mean_l2=0.01912 std_l2=0.02307
2026-05-15 16:02:28,358 INFO CSMF2.step_1_1_1.run :: epoch=27 step=350/429 train_nll=-3648.333
2026-05-15 16:02:43,838 INFO CSMF2.step_1_1_1.run :: [h] epoch=27 step=400 total=0.03905 batch=0.00000
2026-05-15 16:02:43,838 INFO CSMF2.step_1_1_1.run :: [lat] epoch=27 step=400 mean_l2=0.01342 std_l2=0.01848
2026-05-15 16:02:44,016 INFO CSMF2.step_1_1_1.run :: epoch=27 step=400/429 train_nll=-3649.116
2026-05-15 16:02:58,019 INFO CSMF2.step_1_1_1.run :: epoch=27  train_nll=-3648.584  val_nll=-3625.916  t=138.6s
2026-05-15 16:02:58,019 INFO CSMF2.step_1_1_1.run :: [h_std] total=0.03940 batch=0.00000 (no penalty)
2026-05-15 16:02:58,019 INFO CSMF2.step_1_1_1.run :: [lat_epoch] mean_l2=0.01590 std_l2=0.02037 lambda=10.000
2026-05-15 16:02:58,020 INFO CSMF2.step_1_1_1.run :: [grad] cond=37.2422 film_gain=0.0000
2026-05-15 16:03:16,488 INFO CSMF2.step_1_1_1.run :: [h] epoch=28 step=50 total=0.03860 batch=0.00000
2026-05-15 16:03:16,489 INFO CSMF2.step_1_1_1.run :: [lat] epoch=28 step=50 mean_l2=0.02336 std_l2=0.02175
2026-05-15 16:03:16,665 INFO CSMF2.step_1_1_1.run :: epoch=28 step=50/429 train_nll=-3621.280
2026-05-15 16:03:32,273 INFO CSMF2.step_1_1_1.run :: [h] epoch=28 step=100 total=0.03857 batch=0.00000
2026-05-15 16:03:32,274 INFO CSMF2.step_1_1_1.run :: [lat] epoch=28 step=100 mean_l2=0.01745 std_l2=0.02203
2026-05-15 16:03:32,451 INFO CSMF2.step_1_1_1.run :: epoch=28 step=100/429 train_nll=-3624.377
2026-05-15 16:03:48,208 INFO CSMF2.step_1_1_1.run :: [h] epoch=28 step=150 total=0.03851 batch=0.00000
2026-05-15 16:03:48,208 INFO CSMF2.step_1_1_1.run :: [lat] epoch=28 step=150 mean_l2=0.02370 std_l2=0.02443
2026-05-15 16:03:48,386 INFO CSMF2.step_1_1_1.run :: epoch=28 step=150/429 train_nll=-3628.837
2026-05-15 16:04:04,103 INFO CSMF2.step_1_1_1.run :: [h] epoch=28 step=200 total=0.03866 batch=0.00000
2026-05-15 16:04:04,103 INFO CSMF2.step_1_1_1.run :: [lat] epoch=28 step=200 mean_l2=0.01204 std_l2=0.01927
2026-05-15 16:04:04,276 INFO CSMF2.step_1_1_1.run :: epoch=28 step=200/429 train_nll=-3633.168
2026-05-15 16:04:19,561 INFO CSMF2.step_1_1_1.run :: [h] epoch=28 step=250 total=0.03837 batch=0.00000
2026-05-15 16:04:19,561 INFO CSMF2.step_1_1_1.run :: [lat] epoch=28 step=250 mean_l2=0.02469 std_l2=0.01984
2026-05-15 16:04:19,741 INFO CSMF2.step_1_1_1.run :: epoch=28 step=250/429 train_nll=-3637.317
2026-05-15 16:04:35,193 INFO CSMF2.step_1_1_1.run :: [h] epoch=28 step=300 total=0.03847 batch=0.00000
2026-05-15 16:04:35,193 INFO CSMF2.step_1_1_1.run :: [lat] epoch=28 step=300 mean_l2=0.02837 std_l2=0.02635
2026-05-15 16:04:35,371 INFO CSMF2.step_1_1_1.run :: epoch=28 step=300/429 train_nll=-3637.553
2026-05-15 16:04:51,372 INFO CSMF2.step_1_1_1.run :: [h] epoch=28 step=350 total=0.03815 batch=0.00000
2026-05-15 16:04:51,373 INFO CSMF2.step_1_1_1.run :: [lat] epoch=28 step=350 mean_l2=0.01866 std_l2=0.02267
2026-05-15 16:04:51,600 INFO CSMF2.step_1_1_1.run :: epoch=28 step=350/429 train_nll=-3636.462
2026-05-15 16:05:07,351 INFO CSMF2.step_1_1_1.run :: [h] epoch=28 step=400 total=0.03777 batch=0.00000
2026-05-15 16:05:07,351 INFO CSMF2.step_1_1_1.run :: [lat] epoch=28 step=400 mean_l2=0.02369 std_l2=0.02533
2026-05-15 16:05:07,534 INFO CSMF2.step_1_1_1.run :: epoch=28 step=400/429 train_nll=-3636.010
2026-05-15 16:05:21,381 INFO CSMF2.step_1_1_1.run :: epoch=28  train_nll=-3636.225  val_nll=-3638.947  t=140.2s
2026-05-15 16:05:21,381 INFO CSMF2.step_1_1_1.run :: [h_std] total=0.03850 batch=0.00000 (no penalty)
2026-05-15 16:05:21,381 INFO CSMF2.step_1_1_1.run :: [lat_epoch] mean_l2=0.01953 std_l2=0.02209 lambda=10.000
2026-05-15 16:05:21,381 INFO CSMF2.step_1_1_1.run :: [grad] cond=86.0622 film_gain=0.0000
2026-05-15 16:05:40,082 INFO CSMF2.step_1_1_1.run :: [h] epoch=29 step=50 total=0.03792 batch=0.00000
2026-05-15 16:05:40,083 INFO CSMF2.step_1_1_1.run :: [lat] epoch=29 step=50 mean_l2=0.01166 std_l2=0.01905
2026-05-15 16:05:40,265 INFO CSMF2.step_1_1_1.run :: epoch=29 step=50/429 train_nll=-3653.644
2026-05-15 16:05:56,022 INFO CSMF2.step_1_1_1.run :: [h] epoch=29 step=100 total=0.03814 batch=0.00000
2026-05-15 16:05:56,023 INFO CSMF2.step_1_1_1.run :: [lat] epoch=29 step=100 mean_l2=0.01586 std_l2=0.01874
2026-05-15 16:05:56,202 INFO CSMF2.step_1_1_1.run :: epoch=29 step=100/429 train_nll=-3654.457
2026-05-15 16:06:11,768 INFO CSMF2.step_1_1_1.run :: [h] epoch=29 step=150 total=0.03798 batch=0.00000
2026-05-15 16:06:11,769 INFO CSMF2.step_1_1_1.run :: [lat] epoch=29 step=150 mean_l2=0.01265 std_l2=0.01967
2026-05-15 16:06:11,951 INFO CSMF2.step_1_1_1.run :: epoch=29 step=150/429 train_nll=-3653.532
2026-05-15 16:06:27,316 INFO CSMF2.step_1_1_1.run :: [h] epoch=29 step=200 total=0.03807 batch=0.00000
2026-05-15 16:06:27,317 INFO CSMF2.step_1_1_1.run :: [lat] epoch=29 step=200 mean_l2=0.01583 std_l2=0.01856
2026-05-15 16:06:27,501 INFO CSMF2.step_1_1_1.run :: epoch=29 step=200/429 train_nll=-3653.233
2026-05-15 16:06:43,183 INFO CSMF2.step_1_1_1.run :: [h] epoch=29 step=250 total=0.03766 batch=0.00000
2026-05-15 16:06:43,183 INFO CSMF2.step_1_1_1.run :: [lat] epoch=29 step=250 mean_l2=0.01776 std_l2=0.01840
2026-05-15 16:06:43,365 INFO CSMF2.step_1_1_1.run :: epoch=29 step=250/429 train_nll=-3650.846
2026-05-15 16:06:58,949 INFO CSMF2.step_1_1_1.run :: [h] epoch=29 step=300 total=0.03789 batch=0.00000
2026-05-15 16:06:58,949 INFO CSMF2.step_1_1_1.run :: [lat] epoch=29 step=300 mean_l2=0.01223 std_l2=0.01957
2026-05-15 16:06:59,128 INFO CSMF2.step_1_1_1.run :: epoch=29 step=300/429 train_nll=-3651.365
2026-05-15 16:07:14,962 INFO CSMF2.step_1_1_1.run :: [h] epoch=29 step=350 total=0.03796 batch=0.00000
2026-05-15 16:07:14,962 INFO CSMF2.step_1_1_1.run :: [lat] epoch=29 step=350 mean_l2=0.01314 std_l2=0.02032
2026-05-15 16:07:15,142 INFO CSMF2.step_1_1_1.run :: epoch=29 step=350/429 train_nll=-3652.044
2026-05-15 16:07:30,556 INFO CSMF2.step_1_1_1.run :: [h] epoch=29 step=400 total=0.03790 batch=0.00000
2026-05-15 16:07:30,556 INFO CSMF2.step_1_1_1.run :: [lat] epoch=29 step=400 mean_l2=0.02245 std_l2=0.01950
2026-05-15 16:07:30,737 INFO CSMF2.step_1_1_1.run :: epoch=29 step=400/429 train_nll=-3652.239
2026-05-15 16:07:44,799 INFO CSMF2.step_1_1_1.run :: epoch=29  train_nll=-3651.603  val_nll=-3635.447  t=140.2s
2026-05-15 16:07:44,799 INFO CSMF2.step_1_1_1.run :: [h_std] total=0.03794 batch=0.00000 (no penalty)
2026-05-15 16:07:44,799 INFO CSMF2.step_1_1_1.run :: [lat_epoch] mean_l2=0.01515 std_l2=0.01995 lambda=10.000
2026-05-15 16:07:44,799 INFO CSMF2.step_1_1_1.run :: [grad] cond=106.2679 film_gain=0.0000
2026-05-15 16:07:47,932 WARNING CSMF2.step_1_1_1.run :: [exit_gate] fwd_rel=0.900 > target 0.500 (informational; no resume baseline available)
2026-05-15 16:07:57,411 INFO CSMF2.step_1_1_1.run :: [run] FINAL test_nll (sealed 10k) = -3637.550
2026-05-15 16:07:58,097 INFO CSMF2.experiments.step_1_1_1.density_plots :: [plot_latent_density] saved -> CSMF2/experiments/step_1_1_1/results/nsf_s2_n0.10_seed0_da6542bee5d6/plots/latent_density.png  (ks=0.0036, mean=0.006, std=0.987)
2026-05-15 16:07:58,322 INFO CSMF2.experiments.step_1_1_1.density_plots :: [plot_cycle_density] saved -> CSMF2/experiments/step_1_1_1/results/nsf_s2_n0.10_seed0_da6542bee5d6/plots/cycle_density.png  (max|err|=2.332e-04 rms=2.376e-06)
2026-05-15 16:07:58,603 INFO CSMF2.experiments.step_1_1_1.density_plots :: [plot_reconstruction_panel] saved -> CSMF2/experiments/step_1_1_1/results/nsf_s2_n0.10_seed0_da6542bee5d6/plots/reconstruction_panel.png  rms(enc-prior)=1.970
==============================================================
[1mSTEP-1_1_1 RUN SUMMARY[0m
==============================================================
expert: nsf   scale: 2   noise: 0.1   seed: 0   epochs: 30
train NLL:    -3181.87  ->    -3651.60  (Δ = -469.74)
test  NLL:    -3461.55  ->    -3635.45

[1mHARD GATES (halt on fail)[0m
  [32m 30/30  ✓[0m  invertibility FP64 <1e-5
  [32m 30/30  ✓[0m  latent KS vs N(0,1) <0.05
  [33m 19/30  ✗[0m  cycle_max < 1e-12
  [32m 30/30  ✓[0m  h std > 1e-3
  [32m 30/30  ✓[0m  FiLM γ,β std > 1e-3 aggregate
  [32m 30/30  ✓[0m  (y,seed) max|Δh| < 1e-6
  [32m 30/30  ✓[0m  no NaN/Inf this epoch
  [32m  1/1   ✓[0m  numeric log-det (FP64, once)

[1mINFORMATIONAL (logged, non-blocking)[0m
  [33m 28/30  ✗[0m  null-control gap ≥ 0.10
  [31m  0/30  ✗[0m  h_st Δlogp slope > 1e-3
  [32m 30/30  ✓[0m  grad norm > 1e-6
  [32m 30/30  ✓[0m  fwd residual reported
--------------------------------------------------------------
[1mHARD TOTAL: 200/211[0m  (94.8%)
[1mEXIT_CRITERIA_MET:[0m [31mNO[0m
[1mREMEDY HINTS:[0m
  - hard gate failed: cycle_max (cycle_max < 1e-12) -- check epochs [8, 10, 12, 13, 14, 17, 18, 22, 23, 26, 27]
[33mSTEP-1_1_1 SOFT WARNINGS (non-blocking):[0m
  ! fwd_rel=0.900 > target 0.500 (informational; no resume baseline available)
==============================================================
2026-05-15 16:07:58,664 INFO CSMF2.step_1_1_1.run :: STEP-1_1 run DONE  exit_ok=False  out=CSMF2/experiments/step_1_1_1/results/nsf_s2_n0.10_seed0_da6542bee5d6
