2026-05-13 13:34:45,334 INFO CSMF2.step_1_1_1.run :: STEP-1_1 run | tag=glow_s2_n0.00_seed0_c6f075322b36 | cfg=StepCfg(data_root='./mnist_data', scale=2, blur_sigma=1.0, noise_sigma=0.0, batch_size=128, expert='glow', dim=784, cond_width=128, h_dim=256, flow_hidden=256, use_film=True, cache_h=True, use_v2_conditioner=True, film_depth=2, film_hidden=128, film_use_gelu=True, realnvp_n_couplings=6, realnvp_s_max=2.0, glow_n_steps=8, glow_coupling_hidden=256, glow_s_max=2.0, glow_squeeze=True, glow_n_levels=1, glow_image_c=1, glow_image_h=28, glow_image_w=28, glow_film_gain_init=0.3, lr=0.001, epochs=30, weight_decay=0.0, grad_clip=5.0, shuffle_loss_lambda=1.0, shuffle_loss_margin=0.5, h_std_penalty_mu=10.0, h_std_target=0.05, cond_y_residual_alpha_init=0.3, latent_moment_lambda=0.0, latent_ks_target=0.1, fwd_rel_target=0.5, resume_from=None, seed=0, out_root='./CSMF2/experiments/step_1_1_1/results', log_every=50, sanity_every_epoch=True)
2026-05-13 13:34:45,406 INFO CSMF2.step_1_1_1.run :: [run] data sizes: train=55000  val=5000 (per-epoch)  test=10000 (final-only)
2026-05-13 13:34:45,467 INFO CSMF2.step_1_1_1.run :: [y_sanity] y.std(dim=0).mean() = 0.1294  shape=(128, 1, 14, 14)
2026-05-13 13:34:45,600 INFO CSMF2.models.flows.glow.actnorm :: [Actnorm] data-init: C=4  s_mean=0.586  b_mean=1.274
2026-05-13 13:34:45,631 INFO CSMF2.models.experts :: [CondGlow.init_actnorm] step 0 done
2026-05-13 13:34:45,631 INFO CSMF2.models.flows.glow.actnorm :: [Actnorm] data-init: C=4  s_mean=1.342  b_mean=0.011
2026-05-13 13:34:45,661 INFO CSMF2.models.experts :: [CondGlow.init_actnorm] step 1 done
2026-05-13 13:34:45,662 INFO CSMF2.models.flows.glow.actnorm :: [Actnorm] data-init: C=4  s_mean=1.116  b_mean=0.023
2026-05-13 13:34:45,692 INFO CSMF2.models.experts :: [CondGlow.init_actnorm] step 2 done
2026-05-13 13:34:45,693 INFO CSMF2.models.flows.glow.actnorm :: [Actnorm] data-init: C=4  s_mean=1.135  b_mean=0.020
2026-05-13 13:34:45,724 INFO CSMF2.models.experts :: [CondGlow.init_actnorm] step 3 done
2026-05-13 13:34:45,724 INFO CSMF2.models.flows.glow.actnorm :: [Actnorm] data-init: C=4  s_mean=1.053  b_mean=0.011
2026-05-13 13:34:45,755 INFO CSMF2.models.experts :: [CondGlow.init_actnorm] step 4 done
2026-05-13 13:34:45,755 INFO CSMF2.models.flows.glow.actnorm :: [Actnorm] data-init: C=4  s_mean=1.196  b_mean=0.040
2026-05-13 13:34:45,787 INFO CSMF2.models.experts :: [CondGlow.init_actnorm] step 5 done
2026-05-13 13:34:45,787 INFO CSMF2.models.flows.glow.actnorm :: [Actnorm] data-init: C=4  s_mean=1.109  b_mean=0.103
2026-05-13 13:34:45,818 INFO CSMF2.models.experts :: [CondGlow.init_actnorm] step 6 done
2026-05-13 13:34:45,819 INFO CSMF2.models.flows.glow.actnorm :: [Actnorm] data-init: C=4  s_mean=0.960  b_mean=-0.046
2026-05-13 13:34:45,850 INFO CSMF2.models.experts :: [CondGlow.init_actnorm] step 7 done
2026-05-13 13:34:45,850 INFO CSMF2.step_1_1_1.run :: [run] logdet twin check SKIPPED for Glow: twin-flow logdet check incompatible with image-shape Glow; per-epoch invertibility_check covers correctness
2026-05-13 13:35:29,813 INFO CSMF2.step_1_1_1.run :: [h] epoch=0 step=50 total=0.04387 batch=0.02931
2026-05-13 13:35:29,814 INFO CSMF2.step_1_1_1.run :: [lat] epoch=0 step=50 mean_l2=0.35038 std_l2=0.32393
2026-05-13 13:35:30,222 INFO CSMF2.step_1_1_1.run :: epoch=0 step=50/429 train_nll=-2060.859
2026-05-13 13:36:14,519 INFO CSMF2.step_1_1_1.run :: [h] epoch=0 step=100 total=0.05051 batch=0.03128
2026-05-13 13:36:14,519 INFO CSMF2.step_1_1_1.run :: [lat] epoch=0 step=100 mean_l2=0.45707 std_l2=0.17445
2026-05-13 13:36:14,933 INFO CSMF2.step_1_1_1.run :: epoch=0 step=100/429 train_nll=-2431.167
2026-05-13 13:36:58,757 INFO CSMF2.step_1_1_1.run :: [h] epoch=0 step=150 total=0.04589 batch=0.02907
2026-05-13 13:36:58,758 INFO CSMF2.step_1_1_1.run :: [lat] epoch=0 step=150 mean_l2=0.12168 std_l2=0.14964
2026-05-13 13:36:59,159 INFO CSMF2.step_1_1_1.run :: epoch=0 step=150/429 train_nll=-2607.697
2026-05-13 13:37:42,882 INFO CSMF2.step_1_1_1.run :: [h] epoch=0 step=200 total=0.04513 batch=0.03083
2026-05-13 13:37:42,883 INFO CSMF2.step_1_1_1.run :: [lat] epoch=0 step=200 mean_l2=0.27528 std_l2=0.11378
2026-05-13 13:37:43,282 INFO CSMF2.step_1_1_1.run :: epoch=0 step=200/429 train_nll=-2723.334
2026-05-13 13:38:27,628 INFO CSMF2.step_1_1_1.run :: [h] epoch=0 step=250 total=0.04020 batch=0.03007
2026-05-13 13:38:27,629 INFO CSMF2.step_1_1_1.run :: [lat] epoch=0 step=250 mean_l2=0.17253 std_l2=0.08368
2026-05-13 13:38:28,029 INFO CSMF2.step_1_1_1.run :: epoch=0 step=250/429 train_nll=-2794.544
2026-05-13 13:39:11,906 INFO CSMF2.step_1_1_1.run :: [h] epoch=0 step=300 total=0.04086 batch=0.03067
2026-05-13 13:39:11,907 INFO CSMF2.step_1_1_1.run :: [lat] epoch=0 step=300 mean_l2=0.04707 std_l2=0.09253
2026-05-13 13:39:12,308 INFO CSMF2.step_1_1_1.run :: epoch=0 step=300/429 train_nll=-2859.191
2026-05-13 13:39:56,245 INFO CSMF2.step_1_1_1.run :: [h] epoch=0 step=350 total=0.04080 batch=0.03013
2026-05-13 13:39:56,245 INFO CSMF2.step_1_1_1.run :: [lat] epoch=0 step=350 mean_l2=0.31505 std_l2=0.05613
2026-05-13 13:39:56,647 INFO CSMF2.step_1_1_1.run :: epoch=0 step=350/429 train_nll=-2907.163
2026-05-13 13:40:40,709 INFO CSMF2.step_1_1_1.run :: [h] epoch=0 step=400 total=0.03707 batch=0.02868
2026-05-13 13:40:40,710 INFO CSMF2.step_1_1_1.run :: [lat] epoch=0 step=400 mean_l2=0.06857 std_l2=0.06631
2026-05-13 13:40:41,120 INFO CSMF2.step_1_1_1.run :: epoch=0 step=400/429 train_nll=-2942.392
2026-05-13 13:41:16,859 INFO CSMF2.step_1_1_1.run :: epoch=0  train_nll=-2960.194  val_nll=-3240.006  t=391.0s
2026-05-13 13:41:16,860 INFO CSMF2.step_1_1_1.run :: [glow] film_gain mean=0.3031 min=0.2874 max=0.3187
2026-05-13 13:41:16,860 INFO CSMF2.step_1_1_1.run :: [shuffle] gap_mean=0.451 hinge=0.1960 lambda=1.000 margin=0.50
2026-05-13 13:41:16,860 INFO CSMF2.step_1_1_1.run :: [h_std] total=0.04441 batch=0.02986 penalty=0.02014 target=0.0500 mu=10.000
2026-05-13 13:41:16,860 INFO CSMF2.step_1_1_1.run :: [lat_epoch] mean_l2=0.17670 std_l2=0.18098 (no penalty)
2026-05-13 13:41:16,860 INFO CSMF2.step_1_1_1.run :: [y_resid] alpha=0.2509
2026-05-13 13:41:16,860 INFO CSMF2.step_1_1_1.run :: [grad] cond=20.2923 film_gain=363.1650
2026-05-13 13:42:09,525 INFO CSMF2.step_1_1_1.run :: [h] epoch=1 step=50 total=0.03686 batch=0.02907
2026-05-13 13:42:09,525 INFO CSMF2.step_1_1_1.run :: [lat] epoch=1 step=50 mean_l2=0.07547 std_l2=0.05752
2026-05-13 13:42:09,928 INFO CSMF2.step_1_1_1.run :: epoch=1 step=50/429 train_nll=-3253.105
2026-05-13 13:42:53,936 INFO CSMF2.step_1_1_1.run :: [h] epoch=1 step=100 total=0.03737 batch=0.02934
2026-05-13 13:42:53,937 INFO CSMF2.step_1_1_1.run :: [lat] epoch=1 step=100 mean_l2=0.07197 std_l2=0.04541
2026-05-13 13:42:54,338 INFO CSMF2.step_1_1_1.run :: epoch=1 step=100/429 train_nll=-3272.732
2026-05-13 13:43:38,540 INFO CSMF2.step_1_1_1.run :: [h] epoch=1 step=150 total=0.03626 batch=0.02955
2026-05-13 13:43:38,540 INFO CSMF2.step_1_1_1.run :: [lat] epoch=1 step=150 mean_l2=0.09625 std_l2=0.04227
2026-05-13 13:43:38,952 INFO CSMF2.step_1_1_1.run :: epoch=1 step=150/429 train_nll=-3271.715
2026-05-13 13:44:23,297 INFO CSMF2.step_1_1_1.run :: [h] epoch=1 step=200 total=0.03481 batch=0.02992
2026-05-13 13:44:23,297 INFO CSMF2.step_1_1_1.run :: [lat] epoch=1 step=200 mean_l2=0.06653 std_l2=0.03776
2026-05-13 13:44:23,704 INFO CSMF2.step_1_1_1.run :: epoch=1 step=200/429 train_nll=-3275.906
2026-05-13 13:45:08,004 INFO CSMF2.step_1_1_1.run :: [h] epoch=1 step=250 total=0.03387 batch=0.02846
2026-05-13 13:45:08,004 INFO CSMF2.step_1_1_1.run :: [lat] epoch=1 step=250 mean_l2=0.06291 std_l2=0.04031
2026-05-13 13:45:08,420 INFO CSMF2.step_1_1_1.run :: epoch=1 step=250/429 train_nll=-3281.796
2026-05-13 13:45:52,815 INFO CSMF2.step_1_1_1.run :: [h] epoch=1 step=300 total=0.03605 batch=0.03109
2026-05-13 13:45:52,815 INFO CSMF2.step_1_1_1.run :: [lat] epoch=1 step=300 mean_l2=0.08114 std_l2=0.03678
2026-05-13 13:45:53,227 INFO CSMF2.step_1_1_1.run :: epoch=1 step=300/429 train_nll=-3293.379
2026-05-13 13:46:37,638 INFO CSMF2.step_1_1_1.run :: [h] epoch=1 step=350 total=0.03575 batch=0.03052
2026-05-13 13:46:37,638 INFO CSMF2.step_1_1_1.run :: [lat] epoch=1 step=350 mean_l2=0.10764 std_l2=0.05700
2026-05-13 13:46:38,050 INFO CSMF2.step_1_1_1.run :: epoch=1 step=350/429 train_nll=-3301.604
2026-05-13 13:47:22,266 INFO CSMF2.step_1_1_1.run :: [h] epoch=1 step=400 total=0.03532 batch=0.03029
2026-05-13 13:47:22,266 INFO CSMF2.step_1_1_1.run :: [lat] epoch=1 step=400 mean_l2=0.07411 std_l2=0.04385
2026-05-13 13:47:22,676 INFO CSMF2.step_1_1_1.run :: epoch=1 step=400/429 train_nll=-3307.301
2026-05-13 13:47:58,529 INFO CSMF2.step_1_1_1.run :: epoch=1  train_nll=-3308.192  val_nll=-3293.932  t=393.5s
2026-05-13 13:47:58,529 INFO CSMF2.step_1_1_1.run :: [glow] film_gain mean=0.3020 min=0.2871 max=0.3200
2026-05-13 13:47:58,529 INFO CSMF2.step_1_1_1.run :: [shuffle] gap_mean=1.481 hinge=0.0195 lambda=1.000 margin=0.50
2026-05-13 13:47:58,529 INFO CSMF2.step_1_1_1.run :: [h_std] total=0.03546 batch=0.02951 penalty=0.02049 target=0.0500 mu=10.000
2026-05-13 13:47:58,529 INFO CSMF2.step_1_1_1.run :: [lat_epoch] mean_l2=0.09559 std_l2=0.05468 (no penalty)
2026-05-13 13:47:58,529 INFO CSMF2.step_1_1_1.run :: [y_resid] alpha=0.2335
2026-05-13 13:47:58,529 INFO CSMF2.step_1_1_1.run :: [grad] cond=36.7573 film_gain=583.6640
2026-05-13 13:48:51,785 INFO CSMF2.step_1_1_1.run :: [h] epoch=2 step=50 total=0.03438 batch=0.03043
2026-05-13 13:48:51,785 INFO CSMF2.step_1_1_1.run :: [lat] epoch=2 step=50 mean_l2=0.06973 std_l2=0.03643
2026-05-13 13:48:52,195 INFO CSMF2.step_1_1_1.run :: epoch=2 step=50/429 train_nll=-3346.680
2026-05-13 13:49:36,613 INFO CSMF2.step_1_1_1.run :: [h] epoch=2 step=100 total=0.03688 batch=0.03037
2026-05-13 13:49:36,613 INFO CSMF2.step_1_1_1.run :: [lat] epoch=2 step=100 mean_l2=0.09252 std_l2=0.04160
2026-05-13 13:49:37,020 INFO CSMF2.step_1_1_1.run :: epoch=2 step=100/429 train_nll=-3341.568
2026-05-13 13:50:21,610 INFO CSMF2.step_1_1_1.run :: [h] epoch=2 step=150 total=0.03280 batch=0.02908
2026-05-13 13:50:21,611 INFO CSMF2.step_1_1_1.run :: [lat] epoch=2 step=150 mean_l2=0.08348 std_l2=0.03222
2026-05-13 13:50:22,020 INFO CSMF2.step_1_1_1.run :: epoch=2 step=150/429 train_nll=-3351.731
2026-05-13 13:51:06,540 INFO CSMF2.step_1_1_1.run :: [h] epoch=2 step=200 total=0.03479 batch=0.03117
2026-05-13 13:51:06,540 INFO CSMF2.step_1_1_1.run :: [lat] epoch=2 step=200 mean_l2=0.06271 std_l2=0.04886
2026-05-13 13:51:06,959 INFO CSMF2.step_1_1_1.run :: epoch=2 step=200/429 train_nll=-3362.001
2026-05-13 13:51:51,415 INFO CSMF2.step_1_1_1.run :: [h] epoch=2 step=250 total=0.03502 batch=0.03146
2026-05-13 13:51:51,416 INFO CSMF2.step_1_1_1.run :: [lat] epoch=2 step=250 mean_l2=0.09477 std_l2=0.03834
2026-05-13 13:51:51,825 INFO CSMF2.step_1_1_1.run :: epoch=2 step=250/429 train_nll=-3368.444
2026-05-13 13:52:36,790 INFO CSMF2.step_1_1_1.run :: [h] epoch=2 step=300 total=0.03535 batch=0.03208
2026-05-13 13:52:36,795 INFO CSMF2.step_1_1_1.run :: [lat] epoch=2 step=300 mean_l2=0.11197 std_l2=0.04780
2026-05-13 13:52:37,241 INFO CSMF2.step_1_1_1.run :: epoch=2 step=300/429 train_nll=-3373.535
2026-05-13 13:53:21,957 INFO CSMF2.step_1_1_1.run :: [h] epoch=2 step=350 total=0.03635 batch=0.03302
2026-05-13 13:53:21,958 INFO CSMF2.step_1_1_1.run :: [lat] epoch=2 step=350 mean_l2=0.02977 std_l2=0.03649
2026-05-13 13:53:22,376 INFO CSMF2.step_1_1_1.run :: epoch=2 step=350/429 train_nll=-3378.266
2026-05-13 13:54:06,827 INFO CSMF2.step_1_1_1.run :: [h] epoch=2 step=400 total=0.03470 batch=0.03190
2026-05-13 13:54:06,827 INFO CSMF2.step_1_1_1.run :: [lat] epoch=2 step=400 mean_l2=0.06445 std_l2=0.04184
2026-05-13 13:54:07,245 INFO CSMF2.step_1_1_1.run :: epoch=2 step=400/429 train_nll=-3382.726
2026-05-13 13:54:43,442 INFO CSMF2.step_1_1_1.run :: epoch=2  train_nll=-3386.321  val_nll=-3448.223  t=396.0s
2026-05-13 13:54:43,442 INFO CSMF2.step_1_1_1.run :: [glow] film_gain mean=0.3011 min=0.2845 max=0.3211
2026-05-13 13:54:43,442 INFO CSMF2.step_1_1_1.run :: [shuffle] gap_mean=3.792 hinge=0.0103 lambda=1.000 margin=0.50
2026-05-13 13:54:43,442 INFO CSMF2.step_1_1_1.run :: [h_std] total=0.03516 batch=0.03112 penalty=0.01888 target=0.0500 mu=10.000
2026-05-13 13:54:43,442 INFO CSMF2.step_1_1_1.run :: [lat_epoch] mean_l2=0.07522 std_l2=0.04111 (no penalty)
2026-05-13 13:54:43,442 INFO CSMF2.step_1_1_1.run :: [y_resid] alpha=0.2274
2026-05-13 13:54:43,442 INFO CSMF2.step_1_1_1.run :: [grad] cond=34.2115 film_gain=627.6885
2026-05-13 13:55:37,354 INFO CSMF2.step_1_1_1.run :: [h] epoch=3 step=50 total=0.03544 batch=0.03223
2026-05-13 13:55:37,355 INFO CSMF2.step_1_1_1.run :: [lat] epoch=3 step=50 mean_l2=0.08857 std_l2=0.03390
2026-05-13 13:55:37,765 INFO CSMF2.step_1_1_1.run :: epoch=3 step=50/429 train_nll=-3421.204
2026-05-13 13:56:22,118 INFO CSMF2.step_1_1_1.run :: [h] epoch=3 step=100 total=0.03615 batch=0.03365
2026-05-13 13:56:22,120 INFO CSMF2.step_1_1_1.run :: [lat] epoch=3 step=100 mean_l2=0.11297 std_l2=0.04846
2026-05-13 13:56:22,537 INFO CSMF2.step_1_1_1.run :: epoch=3 step=100/429 train_nll=-3420.701
2026-05-13 13:57:06,792 INFO CSMF2.step_1_1_1.run :: [h] epoch=3 step=150 total=0.03703 batch=0.03420
2026-05-13 13:57:06,792 INFO CSMF2.step_1_1_1.run :: [lat] epoch=3 step=150 mean_l2=0.12291 std_l2=0.06361
2026-05-13 13:57:07,205 INFO CSMF2.step_1_1_1.run :: epoch=3 step=150/429 train_nll=-3419.977
2026-05-13 13:57:51,479 INFO CSMF2.step_1_1_1.run :: [h] epoch=3 step=200 total=0.03671 batch=0.03353
2026-05-13 13:57:51,480 INFO CSMF2.step_1_1_1.run :: [lat] epoch=3 step=200 mean_l2=0.08434 std_l2=0.03105
2026-05-13 13:57:51,927 INFO CSMF2.step_1_1_1.run :: epoch=3 step=200/429 train_nll=-3419.413
2026-05-13 13:58:36,109 INFO CSMF2.step_1_1_1.run :: [h] epoch=3 step=250 total=0.03617 batch=0.03367
2026-05-13 13:58:36,110 INFO CSMF2.step_1_1_1.run :: [lat] epoch=3 step=250 mean_l2=0.05745 std_l2=0.04674
2026-05-13 13:58:36,526 INFO CSMF2.step_1_1_1.run :: epoch=3 step=250/429 train_nll=-3422.117
2026-05-13 13:59:21,313 INFO CSMF2.step_1_1_1.run :: [h] epoch=3 step=300 total=0.03695 batch=0.03385
2026-05-13 13:59:21,313 INFO CSMF2.step_1_1_1.run :: [lat] epoch=3 step=300 mean_l2=0.04012 std_l2=0.02860
2026-05-13 13:59:21,730 INFO CSMF2.step_1_1_1.run :: epoch=3 step=300/429 train_nll=-3422.035
2026-05-13 14:00:06,037 INFO CSMF2.step_1_1_1.run :: [h] epoch=3 step=350 total=0.03683 batch=0.03448
2026-05-13 14:00:06,038 INFO CSMF2.step_1_1_1.run :: [lat] epoch=3 step=350 mean_l2=0.04754 std_l2=0.02863
2026-05-13 14:00:06,453 INFO CSMF2.step_1_1_1.run :: epoch=3 step=350/429 train_nll=-3426.142
2026-05-13 14:00:50,696 INFO CSMF2.step_1_1_1.run :: [h] epoch=3 step=400 total=0.03818 batch=0.03559
2026-05-13 14:00:50,697 INFO CSMF2.step_1_1_1.run :: [lat] epoch=3 step=400 mean_l2=0.06012 std_l2=0.02460
2026-05-13 14:00:51,107 INFO CSMF2.step_1_1_1.run :: epoch=3 step=400/429 train_nll=-3430.008
2026-05-13 14:01:27,408 INFO CSMF2.step_1_1_1.run :: epoch=3  train_nll=-3428.129  val_nll=-3438.382  t=394.6s
2026-05-13 14:01:27,408 INFO CSMF2.step_1_1_1.run :: [glow] film_gain mean=0.2994 min=0.2821 max=0.3196
2026-05-13 14:01:27,408 INFO CSMF2.step_1_1_1.run :: [shuffle] gap_mean=5.852 hinge=0.0352 lambda=1.000 margin=0.50
2026-05-13 14:01:27,408 INFO CSMF2.step_1_1_1.run :: [h_std] total=0.03696 batch=0.03421 penalty=0.01579 target=0.0500 mu=10.000
2026-05-13 14:01:27,408 INFO CSMF2.step_1_1_1.run :: [lat_epoch] mean_l2=0.06586 std_l2=0.04299 (no penalty)
2026-05-13 14:01:27,408 INFO CSMF2.step_1_1_1.run :: [y_resid] alpha=0.2231
2026-05-13 14:01:27,408 INFO CSMF2.step_1_1_1.run :: [grad] cond=116.6108 film_gain=994.1228
2026-05-13 14:02:19,874 INFO CSMF2.step_1_1_1.run :: [h] epoch=4 step=50 total=0.03690 batch=0.03475
2026-05-13 14:02:19,875 INFO CSMF2.step_1_1_1.run :: [lat] epoch=4 step=50 mean_l2=0.04869 std_l2=0.04354
2026-05-13 14:02:20,318 INFO CSMF2.step_1_1_1.run :: epoch=4 step=50/429 train_nll=-3426.885
2026-05-13 14:03:04,898 INFO CSMF2.step_1_1_1.run :: [h] epoch=4 step=100 total=0.03611 batch=0.03387
2026-05-13 14:03:04,898 INFO CSMF2.step_1_1_1.run :: [lat] epoch=4 step=100 mean_l2=0.08204 std_l2=0.03913
2026-05-13 14:03:05,344 INFO CSMF2.step_1_1_1.run :: epoch=4 step=100/429 train_nll=-3445.910
2026-05-13 14:03:49,471 INFO CSMF2.step_1_1_1.run :: [h] epoch=4 step=150 total=0.03747 batch=0.03549
2026-05-13 14:03:49,472 INFO CSMF2.step_1_1_1.run :: [lat] epoch=4 step=150 mean_l2=0.06454 std_l2=0.05067
2026-05-13 14:03:49,882 INFO CSMF2.step_1_1_1.run :: epoch=4 step=150/429 train_nll=-3453.479
2026-05-13 14:04:34,388 INFO CSMF2.step_1_1_1.run :: [h] epoch=4 step=200 total=0.03721 batch=0.03527
2026-05-13 14:04:34,389 INFO CSMF2.step_1_1_1.run :: [lat] epoch=4 step=200 mean_l2=0.10373 std_l2=0.03487
2026-05-13 14:04:34,836 INFO CSMF2.step_1_1_1.run :: epoch=4 step=200/429 train_nll=-3449.183
2026-05-13 14:05:19,679 INFO CSMF2.step_1_1_1.run :: [h] epoch=4 step=250 total=0.03663 batch=0.03433
2026-05-13 14:05:19,679 INFO CSMF2.step_1_1_1.run :: [lat] epoch=4 step=250 mean_l2=0.06922 std_l2=0.04308
2026-05-13 14:05:20,090 INFO CSMF2.step_1_1_1.run :: epoch=4 step=250/429 train_nll=-3444.946
2026-05-13 14:06:04,688 INFO CSMF2.step_1_1_1.run :: [h] epoch=4 step=300 total=0.03750 batch=0.03562
2026-05-13 14:06:04,689 INFO CSMF2.step_1_1_1.run :: [lat] epoch=4 step=300 mean_l2=0.09700 std_l2=0.09551
2026-05-13 14:06:05,099 INFO CSMF2.step_1_1_1.run :: epoch=4 step=300/429 train_nll=-3445.117
2026-05-13 14:06:49,412 INFO CSMF2.step_1_1_1.run :: [h] epoch=4 step=350 total=0.03649 batch=0.03437
2026-05-13 14:06:49,412 INFO CSMF2.step_1_1_1.run :: [lat] epoch=4 step=350 mean_l2=0.06380 std_l2=0.03331
2026-05-13 14:06:49,860 INFO CSMF2.step_1_1_1.run :: epoch=4 step=350/429 train_nll=-3448.467
2026-05-13 14:07:34,414 INFO CSMF2.step_1_1_1.run :: [h] epoch=4 step=400 total=0.03703 batch=0.03538
2026-05-13 14:07:34,415 INFO CSMF2.step_1_1_1.run :: [lat] epoch=4 step=400 mean_l2=0.06181 std_l2=0.04818
2026-05-13 14:07:34,862 INFO CSMF2.step_1_1_1.run :: epoch=4 step=400/429 train_nll=-3452.053
2026-05-13 14:08:10,942 INFO CSMF2.step_1_1_1.run :: epoch=4  train_nll=-3449.605  val_nll=-3330.215  t=395.6s
2026-05-13 14:08:10,942 INFO CSMF2.step_1_1_1.run :: [glow] film_gain mean=0.2972 min=0.2797 max=0.3176
2026-05-13 14:08:10,942 INFO CSMF2.step_1_1_1.run :: [shuffle] gap_mean=6.618 hinge=0.0043 lambda=1.000 margin=0.50
2026-05-13 14:08:10,942 INFO CSMF2.step_1_1_1.run :: [h_std] total=0.03686 batch=0.03471 penalty=0.01529 target=0.0500 mu=10.000
2026-05-13 14:08:10,942 INFO CSMF2.step_1_1_1.run :: [lat_epoch] mean_l2=0.06130 std_l2=0.04321 (no penalty)
2026-05-13 14:08:10,943 INFO CSMF2.step_1_1_1.run :: [y_resid] alpha=0.2105
2026-05-13 14:08:10,943 INFO CSMF2.step_1_1_1.run :: [grad] cond=325.2050 film_gain=905.8727
2026-05-13 14:09:03,111 INFO CSMF2.step_1_1_1.run :: [h] epoch=5 step=50 total=0.03696 batch=0.03451
2026-05-13 14:09:03,112 INFO CSMF2.step_1_1_1.run :: [lat] epoch=5 step=50 mean_l2=0.05513 std_l2=0.02653
2026-05-13 14:09:03,558 INFO CSMF2.step_1_1_1.run :: epoch=5 step=50/429 train_nll=-3424.744
2026-05-13 14:09:48,206 INFO CSMF2.step_1_1_1.run :: [h] epoch=5 step=100 total=0.03666 batch=0.03466
2026-05-13 14:09:48,207 INFO CSMF2.step_1_1_1.run :: [lat] epoch=5 step=100 mean_l2=0.03293 std_l2=0.03048
2026-05-13 14:09:48,618 INFO CSMF2.step_1_1_1.run :: epoch=5 step=100/429 train_nll=-3445.313
2026-05-13 14:10:33,068 INFO CSMF2.step_1_1_1.run :: [h] epoch=5 step=150 total=0.03800 batch=0.03654
2026-05-13 14:10:33,069 INFO CSMF2.step_1_1_1.run :: [lat] epoch=5 step=150 mean_l2=0.04993 std_l2=0.02939
2026-05-13 14:10:33,481 INFO CSMF2.step_1_1_1.run :: epoch=5 step=150/429 train_nll=-3453.566
2026-05-13 14:11:17,805 INFO CSMF2.step_1_1_1.run :: [h] epoch=5 step=200 total=0.03770 batch=0.03577
2026-05-13 14:11:17,806 INFO CSMF2.step_1_1_1.run :: [lat] epoch=5 step=200 mean_l2=0.05254 std_l2=0.03376
2026-05-13 14:11:18,214 INFO CSMF2.step_1_1_1.run :: epoch=5 step=200/429 train_nll=-3455.371
2026-05-13 14:12:02,681 INFO CSMF2.step_1_1_1.run :: [h] epoch=5 step=250 total=0.03815 batch=0.03660
2026-05-13 14:12:02,682 INFO CSMF2.step_1_1_1.run :: [lat] epoch=5 step=250 mean_l2=0.10855 std_l2=0.03372
2026-05-13 14:12:03,129 INFO CSMF2.step_1_1_1.run :: epoch=5 step=250/429 train_nll=-3461.529
2026-05-13 14:12:47,474 INFO CSMF2.step_1_1_1.run :: [h] epoch=5 step=300 total=0.03952 batch=0.03619
2026-05-13 14:12:47,475 INFO CSMF2.step_1_1_1.run :: [lat] epoch=5 step=300 mean_l2=0.04797 std_l2=0.04453
2026-05-13 14:12:47,921 INFO CSMF2.step_1_1_1.run :: epoch=5 step=300/429 train_nll=-3459.151
2026-05-13 14:13:32,401 INFO CSMF2.step_1_1_1.run :: [h] epoch=5 step=350 total=0.03691 batch=0.03530
2026-05-13 14:13:32,402 INFO CSMF2.step_1_1_1.run :: [lat] epoch=5 step=350 mean_l2=0.04126 std_l2=0.02142
2026-05-13 14:13:32,812 INFO CSMF2.step_1_1_1.run :: epoch=5 step=350/429 train_nll=-3461.810
2026-05-13 14:14:17,189 INFO CSMF2.step_1_1_1.run :: [h] epoch=5 step=400 total=0.03628 batch=0.03482
2026-05-13 14:14:17,189 INFO CSMF2.step_1_1_1.run :: [lat] epoch=5 step=400 mean_l2=0.07396 std_l2=0.02273
2026-05-13 14:14:17,599 INFO CSMF2.step_1_1_1.run :: epoch=5 step=400/429 train_nll=-3465.639
2026-05-13 14:14:53,743 INFO CSMF2.step_1_1_1.run :: epoch=5  train_nll=-3467.385  val_nll=-3495.492  t=394.9s
2026-05-13 14:14:53,743 INFO CSMF2.step_1_1_1.run :: [glow] film_gain mean=0.2947 min=0.2776 max=0.3166
2026-05-13 14:14:53,743 INFO CSMF2.step_1_1_1.run :: [shuffle] gap_mean=6.314 hinge=0.0091 lambda=1.000 margin=0.50
2026-05-13 14:14:53,743 INFO CSMF2.step_1_1_1.run :: [h_std] total=0.03806 batch=0.03587 penalty=0.01413 target=0.0500 mu=10.000
2026-05-13 14:14:53,743 INFO CSMF2.step_1_1_1.run :: [lat_epoch] mean_l2=0.05671 std_l2=0.03631 (no penalty)
2026-05-13 14:14:53,743 INFO CSMF2.step_1_1_1.run :: [y_resid] alpha=0.2021
2026-05-13 14:14:53,743 INFO CSMF2.step_1_1_1.run :: [grad] cond=38.8414 film_gain=602.1241
2026-05-13 14:15:47,226 INFO CSMF2.step_1_1_1.run :: [h] epoch=6 step=50 total=0.03758 batch=0.03623
2026-05-13 14:15:47,227 INFO CSMF2.step_1_1_1.run :: [lat] epoch=6 step=50 mean_l2=0.05495 std_l2=0.03592
2026-05-13 14:15:47,674 INFO CSMF2.step_1_1_1.run :: epoch=6 step=50/429 train_nll=-3466.826
2026-05-13 14:16:31,817 INFO CSMF2.step_1_1_1.run :: [h] epoch=6 step=100 total=0.03787 batch=0.03671
2026-05-13 14:16:31,817 INFO CSMF2.step_1_1_1.run :: [lat] epoch=6 step=100 mean_l2=0.04966 std_l2=0.04163
2026-05-13 14:16:32,227 INFO CSMF2.step_1_1_1.run :: epoch=6 step=100/429 train_nll=-3475.360
2026-05-13 14:17:16,398 INFO CSMF2.step_1_1_1.run :: [h] epoch=6 step=150 total=0.03655 batch=0.03555
2026-05-13 14:17:16,398 INFO CSMF2.step_1_1_1.run :: [lat] epoch=6 step=150 mean_l2=0.09385 std_l2=0.02604
2026-05-13 14:17:16,804 INFO CSMF2.step_1_1_1.run :: epoch=6 step=150/429 train_nll=-3477.490
2026-05-13 14:18:01,118 INFO CSMF2.step_1_1_1.run :: [h] epoch=6 step=200 total=0.04175 batch=0.04038
2026-05-13 14:18:01,119 INFO CSMF2.step_1_1_1.run :: [lat] epoch=6 step=200 mean_l2=0.04800 std_l2=0.01940
2026-05-13 14:18:01,529 INFO CSMF2.step_1_1_1.run :: epoch=6 step=200/429 train_nll=-3477.874
2026-05-13 14:18:45,898 INFO CSMF2.step_1_1_1.run :: [h] epoch=6 step=250 total=0.04010 batch=0.03886
2026-05-13 14:18:45,899 INFO CSMF2.step_1_1_1.run :: [lat] epoch=6 step=250 mean_l2=0.04600 std_l2=0.02861
2026-05-13 14:18:46,308 INFO CSMF2.step_1_1_1.run :: epoch=6 step=250/429 train_nll=-3479.924
2026-05-13 14:19:30,645 INFO CSMF2.step_1_1_1.run :: [h] epoch=6 step=300 total=0.03755 batch=0.03621
2026-05-13 14:19:30,645 INFO CSMF2.step_1_1_1.run :: [lat] epoch=6 step=300 mean_l2=0.05833 std_l2=0.02751
2026-05-13 14:19:31,054 INFO CSMF2.step_1_1_1.run :: epoch=6 step=300/429 train_nll=-3485.833
2026-05-13 14:20:15,803 INFO CSMF2.step_1_1_1.run :: [h] epoch=6 step=350 total=0.04011 batch=0.03894
2026-05-13 14:20:15,803 INFO CSMF2.step_1_1_1.run :: [lat] epoch=6 step=350 mean_l2=0.04187 std_l2=0.02745
2026-05-13 14:20:16,212 INFO CSMF2.step_1_1_1.run :: epoch=6 step=350/429 train_nll=-3488.067
2026-05-13 14:21:00,621 INFO CSMF2.step_1_1_1.run :: [h] epoch=6 step=400 total=0.04192 batch=0.04041
2026-05-13 14:21:00,621 INFO CSMF2.step_1_1_1.run :: [lat] epoch=6 step=400 mean_l2=0.02552 std_l2=0.03118
2026-05-13 14:21:01,038 INFO CSMF2.step_1_1_1.run :: epoch=6 step=400/429 train_nll=-3490.889
2026-05-13 14:21:37,070 INFO CSMF2.step_1_1_1.run :: epoch=6  train_nll=-3491.186  val_nll=-3527.929  t=394.4s
2026-05-13 14:21:37,070 INFO CSMF2.step_1_1_1.run :: [glow] film_gain mean=0.2932 min=0.2758 max=0.3161
2026-05-13 14:21:37,070 INFO CSMF2.step_1_1_1.run :: [shuffle] gap_mean=8.803 hinge=0.0037 lambda=1.000 margin=0.50
2026-05-13 14:21:37,070 INFO CSMF2.step_1_1_1.run :: [h_std] total=0.03928 batch=0.03800 penalty=0.01200 target=0.0500 mu=10.000
2026-05-13 14:21:37,070 INFO CSMF2.step_1_1_1.run :: [lat_epoch] mean_l2=0.05561 std_l2=0.03537 (no penalty)
2026-05-13 14:21:37,070 INFO CSMF2.step_1_1_1.run :: [y_resid] alpha=0.2068
2026-05-13 14:21:37,070 INFO CSMF2.step_1_1_1.run :: [grad] cond=42.2711 film_gain=599.1882
2026-05-13 14:22:29,295 INFO CSMF2.step_1_1_1.run :: [h] epoch=7 step=50 total=0.04234 batch=0.04115
2026-05-13 14:22:29,296 INFO CSMF2.step_1_1_1.run :: [lat] epoch=7 step=50 mean_l2=0.04218 std_l2=0.04373
2026-05-13 14:22:29,706 INFO CSMF2.step_1_1_1.run :: epoch=7 step=50/429 train_nll=-3515.743
2026-05-13 14:23:13,924 INFO CSMF2.step_1_1_1.run :: [h] epoch=7 step=100 total=0.04391 batch=0.04283
2026-05-13 14:23:13,924 INFO CSMF2.step_1_1_1.run :: [lat] epoch=7 step=100 mean_l2=0.07043 std_l2=0.04123
2026-05-13 14:23:14,343 INFO CSMF2.step_1_1_1.run :: epoch=7 step=100/429 train_nll=-3511.492
2026-05-13 14:23:58,892 INFO CSMF2.step_1_1_1.run :: [h] epoch=7 step=150 total=0.04203 batch=0.04075
2026-05-13 14:23:58,893 INFO CSMF2.step_1_1_1.run :: [lat] epoch=7 step=150 mean_l2=0.03804 std_l2=0.02714
2026-05-13 14:23:59,303 INFO CSMF2.step_1_1_1.run :: epoch=7 step=150/429 train_nll=-3502.086
2026-05-13 14:24:43,722 INFO CSMF2.step_1_1_1.run :: [h] epoch=7 step=200 total=0.04606 batch=0.04485
2026-05-13 14:24:43,723 INFO CSMF2.step_1_1_1.run :: [lat] epoch=7 step=200 mean_l2=0.05216 std_l2=0.02313
2026-05-13 14:24:44,139 INFO CSMF2.step_1_1_1.run :: epoch=7 step=200/429 train_nll=-3506.366
2026-05-13 14:25:28,499 INFO CSMF2.step_1_1_1.run :: [h] epoch=7 step=250 total=0.04511 batch=0.04295
2026-05-13 14:25:28,500 INFO CSMF2.step_1_1_1.run :: [lat] epoch=7 step=250 mean_l2=0.06556 std_l2=0.02311
2026-05-13 14:25:28,908 INFO CSMF2.step_1_1_1.run :: epoch=7 step=250/429 train_nll=-3505.090
2026-05-13 14:26:13,553 INFO CSMF2.step_1_1_1.run :: [h] epoch=7 step=300 total=0.04482 batch=0.04388
2026-05-13 14:26:13,553 INFO CSMF2.step_1_1_1.run :: [lat] epoch=7 step=300 mean_l2=0.07328 std_l2=0.08646
2026-05-13 14:26:14,000 INFO CSMF2.step_1_1_1.run :: epoch=7 step=300/429 train_nll=-3505.386
2026-05-13 14:26:58,656 INFO CSMF2.step_1_1_1.run :: [h] epoch=7 step=350 total=0.04719 batch=0.04092
2026-05-13 14:26:58,656 INFO CSMF2.step_1_1_1.run :: [lat] epoch=7 step=350 mean_l2=0.12747 std_l2=0.03302
2026-05-13 14:26:59,069 INFO CSMF2.step_1_1_1.run :: epoch=7 step=350/429 train_nll=-3500.574
2026-05-13 14:27:43,456 INFO CSMF2.step_1_1_1.run :: [h] epoch=7 step=400 total=0.04265 batch=0.04164
2026-05-13 14:27:43,457 INFO CSMF2.step_1_1_1.run :: [lat] epoch=7 step=400 mean_l2=0.04439 std_l2=0.03367
2026-05-13 14:27:43,868 INFO CSMF2.step_1_1_1.run :: epoch=7 step=400/429 train_nll=-3502.172
2026-05-13 14:28:19,804 INFO CSMF2.step_1_1_1.run :: epoch=7  train_nll=-3503.635  val_nll=-3535.322  t=394.8s
2026-05-13 14:28:19,805 INFO CSMF2.step_1_1_1.run :: [glow] film_gain mean=0.2912 min=0.2739 max=0.3142
2026-05-13 14:28:19,805 INFO CSMF2.step_1_1_1.run :: [shuffle] gap_mean=9.946 hinge=0.0016 lambda=1.000 margin=0.50
2026-05-13 14:28:19,805 INFO CSMF2.step_1_1_1.run :: [h_std] total=0.04361 batch=0.04206 penalty=0.00794 target=0.0500 mu=10.000
2026-05-13 14:28:19,805 INFO CSMF2.step_1_1_1.run :: [lat_epoch] mean_l2=0.05046 std_l2=0.03463 (no penalty)
2026-05-13 14:28:19,805 INFO CSMF2.step_1_1_1.run :: [y_resid] alpha=0.2019
2026-05-13 14:28:19,805 INFO CSMF2.step_1_1_1.run :: [grad] cond=56.0046 film_gain=897.9334
2026-05-13 14:29:12,400 INFO CSMF2.step_1_1_1.run :: [h] epoch=8 step=50 total=0.04399 batch=0.04128
2026-05-13 14:29:12,401 INFO CSMF2.step_1_1_1.run :: [lat] epoch=8 step=50 mean_l2=0.05221 std_l2=0.05210
2026-05-13 14:29:12,810 INFO CSMF2.step_1_1_1.run :: epoch=8 step=50/429 train_nll=-3504.645
2026-05-13 14:29:57,266 INFO CSMF2.step_1_1_1.run :: [h] epoch=8 step=100 total=0.04329 batch=0.04253
2026-05-13 14:29:57,267 INFO CSMF2.step_1_1_1.run :: [lat] epoch=8 step=100 mean_l2=0.07096 std_l2=0.02748
2026-05-13 14:29:57,722 INFO CSMF2.step_1_1_1.run :: epoch=8 step=100/429 train_nll=-3500.043
2026-05-13 14:30:42,465 INFO CSMF2.step_1_1_1.run :: [h] epoch=8 step=150 total=0.04360 batch=0.04025
2026-05-13 14:30:42,465 INFO CSMF2.step_1_1_1.run :: [lat] epoch=8 step=150 mean_l2=0.04999 std_l2=0.03728
2026-05-13 14:30:42,874 INFO CSMF2.step_1_1_1.run :: epoch=8 step=150/429 train_nll=-3499.988
2026-05-13 14:31:27,026 INFO CSMF2.step_1_1_1.run :: [h] epoch=8 step=200 total=0.04337 batch=0.04153
2026-05-13 14:31:27,026 INFO CSMF2.step_1_1_1.run :: [lat] epoch=8 step=200 mean_l2=0.07194 std_l2=0.03232
2026-05-13 14:31:27,435 INFO CSMF2.step_1_1_1.run :: epoch=8 step=200/429 train_nll=-3502.001
2026-05-13 14:32:11,893 INFO CSMF2.step_1_1_1.run :: [h] epoch=8 step=250 total=0.04319 batch=0.04214
2026-05-13 14:32:11,893 INFO CSMF2.step_1_1_1.run :: [lat] epoch=8 step=250 mean_l2=0.03511 std_l2=0.03543
2026-05-13 14:32:12,295 INFO CSMF2.step_1_1_1.run :: epoch=8 step=250/429 train_nll=-3507.865
2026-05-13 14:32:56,771 INFO CSMF2.step_1_1_1.run :: [h] epoch=8 step=300 total=0.04313 batch=0.04211
2026-05-13 14:32:56,772 INFO CSMF2.step_1_1_1.run :: [lat] epoch=8 step=300 mean_l2=0.05472 std_l2=0.04667
2026-05-13 14:32:57,189 INFO CSMF2.step_1_1_1.run :: epoch=8 step=300/429 train_nll=-3511.357
2026-05-13 14:33:41,535 INFO CSMF2.step_1_1_1.run :: [h] epoch=8 step=350 total=0.04492 batch=0.04396
2026-05-13 14:33:41,535 INFO CSMF2.step_1_1_1.run :: [lat] epoch=8 step=350 mean_l2=0.04825 std_l2=0.03107
2026-05-13 14:33:41,944 INFO CSMF2.step_1_1_1.run :: epoch=8 step=350/429 train_nll=-3513.577
2026-05-13 14:34:26,421 INFO CSMF2.step_1_1_1.run :: [h] epoch=8 step=400 total=0.04745 batch=0.04627
2026-05-13 14:34:26,422 INFO CSMF2.step_1_1_1.run :: [lat] epoch=8 step=400 mean_l2=0.09291 std_l2=0.11058
2026-05-13 14:34:26,869 INFO CSMF2.step_1_1_1.run :: epoch=8 step=400/429 train_nll=-3514.898
2026-05-13 14:35:03,303 INFO CSMF2.step_1_1_1.run :: epoch=8  train_nll=-3514.258  val_nll=-3529.123  t=395.6s
2026-05-13 14:35:03,303 INFO CSMF2.step_1_1_1.run :: [glow] film_gain mean=0.2895 min=0.2724 max=0.3123
2026-05-13 14:35:03,303 INFO CSMF2.step_1_1_1.run :: [shuffle] gap_mean=10.465 hinge=0.0000 lambda=1.000 margin=0.50
2026-05-13 14:35:03,303 INFO CSMF2.step_1_1_1.run :: [h_std] total=0.04370 batch=0.04232 penalty=0.00768 target=0.0500 mu=10.000
2026-05-13 14:35:03,303 INFO CSMF2.step_1_1_1.run :: [lat_epoch] mean_l2=0.04838 std_l2=0.03405 (no penalty)
2026-05-13 14:35:03,304 INFO CSMF2.step_1_1_1.run :: [y_resid] alpha=0.2020
2026-05-13 14:35:03,304 INFO CSMF2.step_1_1_1.run :: [grad] cond=25.5427 film_gain=1117.6172
2026-05-13 14:35:57,058 INFO CSMF2.step_1_1_1.run :: [h] epoch=9 step=50 total=0.04651 batch=0.04572
2026-05-13 14:35:57,059 INFO CSMF2.step_1_1_1.run :: [lat] epoch=9 step=50 mean_l2=0.04906 std_l2=0.03291
2026-05-13 14:35:57,469 INFO CSMF2.step_1_1_1.run :: epoch=9 step=50/429 train_nll=-3521.857
2026-05-13 14:36:41,839 INFO CSMF2.step_1_1_1.run :: [h] epoch=9 step=100 total=0.04599 batch=0.04511
2026-05-13 14:36:41,840 INFO CSMF2.step_1_1_1.run :: [lat] epoch=9 step=100 mean_l2=0.03291 std_l2=0.03313
2026-05-13 14:36:42,250 INFO CSMF2.step_1_1_1.run :: epoch=9 step=100/429 train_nll=-3524.064
2026-05-13 14:37:26,606 INFO CSMF2.step_1_1_1.run :: [h] epoch=9 step=150 total=0.04571 batch=0.04427
2026-05-13 14:37:26,609 INFO CSMF2.step_1_1_1.run :: [lat] epoch=9 step=150 mean_l2=0.04308 std_l2=0.02460
2026-05-13 14:37:27,018 INFO CSMF2.step_1_1_1.run :: epoch=9 step=150/429 train_nll=-3517.005
2026-05-13 14:38:11,547 INFO CSMF2.step_1_1_1.run :: [h] epoch=9 step=200 total=0.04665 batch=0.04542
2026-05-13 14:38:11,547 INFO CSMF2.step_1_1_1.run :: [lat] epoch=9 step=200 mean_l2=0.03311 std_l2=0.03797
2026-05-13 14:38:11,960 INFO CSMF2.step_1_1_1.run :: epoch=9 step=200/429 train_nll=-3518.107
2026-05-13 14:38:56,337 INFO CSMF2.step_1_1_1.run :: [h] epoch=9 step=250 total=0.04476 batch=0.04399
2026-05-13 14:38:56,337 INFO CSMF2.step_1_1_1.run :: [lat] epoch=9 step=250 mean_l2=0.06748 std_l2=0.03459
2026-05-13 14:38:56,747 INFO CSMF2.step_1_1_1.run :: epoch=9 step=250/429 train_nll=-3519.990
2026-05-13 14:39:41,087 INFO CSMF2.step_1_1_1.run :: [h] epoch=9 step=300 total=0.04667 batch=0.04595
2026-05-13 14:39:41,088 INFO CSMF2.step_1_1_1.run :: [lat] epoch=9 step=300 mean_l2=0.07856 std_l2=0.02394
2026-05-13 14:39:41,497 INFO CSMF2.step_1_1_1.run :: epoch=9 step=300/429 train_nll=-3522.216
2026-05-13 14:40:25,907 INFO CSMF2.step_1_1_1.run :: [h] epoch=9 step=350 total=0.04702 batch=0.04623
2026-05-13 14:40:25,907 INFO CSMF2.step_1_1_1.run :: [lat] epoch=9 step=350 mean_l2=0.05925 std_l2=0.02007
2026-05-13 14:40:26,324 INFO CSMF2.step_1_1_1.run :: epoch=9 step=350/429 train_nll=-3520.345
2026-05-13 14:41:10,702 INFO CSMF2.step_1_1_1.run :: [h] epoch=9 step=400 total=0.04526 batch=0.04408
2026-05-13 14:41:10,702 INFO CSMF2.step_1_1_1.run :: [lat] epoch=9 step=400 mean_l2=0.04562 std_l2=0.03354
2026-05-13 14:41:11,121 INFO CSMF2.step_1_1_1.run :: epoch=9 step=400/429 train_nll=-3516.762
2026-05-13 14:41:47,169 INFO CSMF2.step_1_1_1.run :: epoch=9  train_nll=-3517.257  val_nll=-3543.251  t=394.8s
2026-05-13 14:41:47,170 INFO CSMF2.step_1_1_1.run :: [glow] film_gain mean=0.2872 min=0.2712 max=0.3100
2026-05-13 14:41:47,170 INFO CSMF2.step_1_1_1.run :: [shuffle] gap_mean=10.521 hinge=0.0810 lambda=1.000 margin=0.50
2026-05-13 14:41:47,170 INFO CSMF2.step_1_1_1.run :: [h_std] total=0.04619 batch=0.04502 penalty=0.00498 target=0.0500 mu=10.000
2026-05-13 14:41:47,170 INFO CSMF2.step_1_1_1.run :: [lat_epoch] mean_l2=0.04968 std_l2=6.15022 (no penalty)
2026-05-13 14:41:47,170 INFO CSMF2.step_1_1_1.run :: [y_resid] alpha=0.1926
2026-05-13 14:41:47,170 INFO CSMF2.step_1_1_1.run :: [grad] cond=24.7558 film_gain=178.5308
2026-05-13 14:42:39,375 INFO CSMF2.step_1_1_1.run :: [h] epoch=10 step=50 total=0.04252 batch=0.04166
2026-05-13 14:42:39,376 INFO CSMF2.step_1_1_1.run :: [lat] epoch=10 step=50 mean_l2=0.03771 std_l2=0.03554
2026-05-13 14:42:39,822 INFO CSMF2.step_1_1_1.run :: epoch=10 step=50/429 train_nll=-3489.121
2026-05-13 14:43:24,202 INFO CSMF2.step_1_1_1.run :: [h] epoch=10 step=100 total=0.04468 batch=0.04374
2026-05-13 14:43:24,203 INFO CSMF2.step_1_1_1.run :: [lat] epoch=10 step=100 mean_l2=0.02676 std_l2=0.02303
2026-05-13 14:43:24,649 INFO CSMF2.step_1_1_1.run :: epoch=10 step=100/429 train_nll=-3511.151
2026-05-13 14:44:08,730 INFO CSMF2.step_1_1_1.run :: [h] epoch=10 step=150 total=0.04496 batch=0.04389
2026-05-13 14:44:08,731 INFO CSMF2.step_1_1_1.run :: [lat] epoch=10 step=150 mean_l2=0.05067 std_l2=0.03471
2026-05-13 14:44:09,142 INFO CSMF2.step_1_1_1.run :: epoch=10 step=150/429 train_nll=-3510.934
2026-05-13 14:44:53,925 INFO CSMF2.step_1_1_1.run :: [h] epoch=10 step=200 total=0.04568 batch=0.04494
2026-05-13 14:44:53,925 INFO CSMF2.step_1_1_1.run :: [lat] epoch=10 step=200 mean_l2=0.05994 std_l2=0.02828
2026-05-13 14:44:54,336 INFO CSMF2.step_1_1_1.run :: epoch=10 step=200/429 train_nll=-3514.162
2026-05-13 14:45:38,797 INFO CSMF2.step_1_1_1.run :: [h] epoch=10 step=250 total=0.04456 batch=0.04309
2026-05-13 14:45:38,797 INFO CSMF2.step_1_1_1.run :: [lat] epoch=10 step=250 mean_l2=0.06754 std_l2=0.02858
2026-05-13 14:45:39,215 INFO CSMF2.step_1_1_1.run :: epoch=10 step=250/429 train_nll=-3515.478
2026-05-13 14:46:23,862 INFO CSMF2.step_1_1_1.run :: [h] epoch=10 step=300 total=0.04633 batch=0.04572
2026-05-13 14:46:23,863 INFO CSMF2.step_1_1_1.run :: [lat] epoch=10 step=300 mean_l2=0.04456 std_l2=0.02849
2026-05-13 14:46:24,282 INFO CSMF2.step_1_1_1.run :: epoch=10 step=300/429 train_nll=-3518.304
2026-05-13 14:47:08,792 INFO CSMF2.step_1_1_1.run :: [h] epoch=10 step=350 total=0.04569 batch=0.04476
2026-05-13 14:47:08,792 INFO CSMF2.step_1_1_1.run :: [lat] epoch=10 step=350 mean_l2=0.09273 std_l2=0.09096
2026-05-13 14:47:09,228 INFO CSMF2.step_1_1_1.run :: epoch=10 step=350/429 train_nll=-3513.292
2026-05-13 14:47:53,585 INFO CSMF2.step_1_1_1.run :: [h] epoch=10 step=400 total=0.04318 batch=0.04183
2026-05-13 14:47:53,586 INFO CSMF2.step_1_1_1.run :: [lat] epoch=10 step=400 mean_l2=0.05552 std_l2=0.07116
2026-05-13 14:47:53,997 INFO CSMF2.step_1_1_1.run :: epoch=10 step=400/429 train_nll=-3510.696
2026-05-13 14:48:30,128 INFO CSMF2.step_1_1_1.run :: epoch=10  train_nll=-3511.818  val_nll=-3556.714  t=395.1s
2026-05-13 14:48:30,128 INFO CSMF2.step_1_1_1.run :: [glow] film_gain mean=0.2844 min=0.2695 max=0.3048
2026-05-13 14:48:30,128 INFO CSMF2.step_1_1_1.run :: [shuffle] gap_mean=11.233 hinge=0.0168 lambda=1.000 margin=0.50
2026-05-13 14:48:30,128 INFO CSMF2.step_1_1_1.run :: [h_std] total=0.04486 batch=0.04385 penalty=0.00615 target=0.0500 mu=10.000
2026-05-13 14:48:30,128 INFO CSMF2.step_1_1_1.run :: [lat_epoch] mean_l2=0.05135 std_l2=0.07341 (no penalty)
2026-05-13 14:48:30,128 INFO CSMF2.step_1_1_1.run :: [y_resid] alpha=0.1840
2026-05-13 14:48:30,128 INFO CSMF2.step_1_1_1.run :: [grad] cond=36.9246 film_gain=803.9256
2026-05-13 14:49:23,440 INFO CSMF2.step_1_1_1.run :: [h] epoch=11 step=50 total=0.04425 batch=0.04376
2026-05-13 14:49:23,440 INFO CSMF2.step_1_1_1.run :: [lat] epoch=11 step=50 mean_l2=0.03224 std_l2=0.02776
2026-05-13 14:49:23,888 INFO CSMF2.step_1_1_1.run :: epoch=11 step=50/429 train_nll=-3542.087
2026-05-13 14:50:08,485 INFO CSMF2.step_1_1_1.run :: [h] epoch=11 step=100 total=0.04302 batch=0.04232
2026-05-13 14:50:08,486 INFO CSMF2.step_1_1_1.run :: [lat] epoch=11 step=100 mean_l2=0.06015 std_l2=0.03392
2026-05-13 14:50:08,895 INFO CSMF2.step_1_1_1.run :: epoch=11 step=100/429 train_nll=-3529.675
2026-05-13 14:50:53,607 INFO CSMF2.step_1_1_1.run :: [h] epoch=11 step=150 total=0.04624 batch=0.04563
2026-05-13 14:50:53,608 INFO CSMF2.step_1_1_1.run :: [lat] epoch=11 step=150 mean_l2=0.03450 std_l2=0.01993
2026-05-13 14:50:54,013 INFO CSMF2.step_1_1_1.run :: epoch=11 step=150/429 train_nll=-3535.438
2026-05-13 14:51:38,323 INFO CSMF2.step_1_1_1.run :: [h] epoch=11 step=200 total=0.04694 batch=0.04588
2026-05-13 14:51:38,324 INFO CSMF2.step_1_1_1.run :: [lat] epoch=11 step=200 mean_l2=0.03058 std_l2=0.05266
2026-05-13 14:51:38,734 INFO CSMF2.step_1_1_1.run :: epoch=11 step=200/429 train_nll=-3532.653
2026-05-13 14:52:23,288 INFO CSMF2.step_1_1_1.run :: [h] epoch=11 step=250 total=0.04581 batch=0.04517
2026-05-13 14:52:23,288 INFO CSMF2.step_1_1_1.run :: [lat] epoch=11 step=250 mean_l2=0.05902 std_l2=0.04317
2026-05-13 14:52:23,698 INFO CSMF2.step_1_1_1.run :: epoch=11 step=250/429 train_nll=-3532.435
2026-05-13 14:53:08,050 INFO CSMF2.step_1_1_1.run :: [h] epoch=11 step=300 total=0.04865 batch=0.04802
2026-05-13 14:53:08,050 INFO CSMF2.step_1_1_1.run :: [lat] epoch=11 step=300 mean_l2=0.05356 std_l2=0.02807
2026-05-13 14:53:08,460 INFO CSMF2.step_1_1_1.run :: epoch=11 step=300/429 train_nll=-3530.310
2026-05-13 14:53:53,115 INFO CSMF2.step_1_1_1.run :: [h] epoch=11 step=350 total=0.04625 batch=0.04560
2026-05-13 14:53:53,115 INFO CSMF2.step_1_1_1.run :: [lat] epoch=11 step=350 mean_l2=0.03346 std_l2=0.02351
2026-05-13 14:53:53,524 INFO CSMF2.step_1_1_1.run :: epoch=11 step=350/429 train_nll=-3532.930
2026-05-13 14:54:38,253 INFO CSMF2.step_1_1_1.run :: [h] epoch=11 step=400 total=0.04794 batch=0.04676
2026-05-13 14:54:38,253 INFO CSMF2.step_1_1_1.run :: [lat] epoch=11 step=400 mean_l2=0.03766 std_l2=0.03915
2026-05-13 14:54:38,663 INFO CSMF2.step_1_1_1.run :: epoch=11 step=400/429 train_nll=-3534.489
2026-05-13 14:55:14,889 INFO CSMF2.step_1_1_1.run :: epoch=11  train_nll=-3532.827  val_nll=-3549.899  t=395.7s
2026-05-13 14:55:14,889 INFO CSMF2.step_1_1_1.run :: [glow] film_gain mean=0.2827 min=0.2677 max=0.3028
2026-05-13 14:55:14,889 INFO CSMF2.step_1_1_1.run :: [shuffle] gap_mean=11.977 hinge=0.0000 lambda=1.000 margin=0.50
2026-05-13 14:55:14,889 INFO CSMF2.step_1_1_1.run :: [h_std] total=0.04592 batch=0.04514 penalty=0.00486 target=0.0500 mu=10.000
2026-05-13 14:55:14,890 INFO CSMF2.step_1_1_1.run :: [lat_epoch] mean_l2=0.04756 std_l2=0.03161 (no penalty)
2026-05-13 14:55:14,890 INFO CSMF2.step_1_1_1.run :: [y_resid] alpha=0.1895
2026-05-13 14:55:14,890 INFO CSMF2.step_1_1_1.run :: [grad] cond=39.3808 film_gain=551.4464
2026-05-13 14:56:06,835 INFO CSMF2.step_1_1_1.run :: [h] epoch=12 step=50 total=0.04720 batch=0.04661
2026-05-13 14:56:06,839 INFO CSMF2.step_1_1_1.run :: [lat] epoch=12 step=50 mean_l2=0.04855 std_l2=0.02642
2026-05-13 14:56:07,249 INFO CSMF2.step_1_1_1.run :: epoch=12 step=50/429 train_nll=-3549.899
2026-05-13 14:56:51,628 INFO CSMF2.step_1_1_1.run :: [h] epoch=12 step=100 total=0.05147 batch=0.05047
2026-05-13 14:56:51,629 INFO CSMF2.step_1_1_1.run :: [lat] epoch=12 step=100 mean_l2=0.04573 std_l2=0.02467
2026-05-13 14:56:52,038 INFO CSMF2.step_1_1_1.run :: epoch=12 step=100/429 train_nll=-3551.680
2026-05-13 14:57:36,372 INFO CSMF2.step_1_1_1.run :: [h] epoch=12 step=150 total=0.04717 batch=0.04546
2026-05-13 14:57:36,373 INFO CSMF2.step_1_1_1.run :: [lat] epoch=12 step=150 mean_l2=0.04590 std_l2=0.04835
2026-05-13 14:57:36,784 INFO CSMF2.step_1_1_1.run :: epoch=12 step=150/429 train_nll=-3529.652
2026-05-13 14:58:21,088 INFO CSMF2.step_1_1_1.run :: [h] epoch=12 step=200 total=0.04546 batch=0.04499
2026-05-13 14:58:21,088 INFO CSMF2.step_1_1_1.run :: [lat] epoch=12 step=200 mean_l2=0.02591 std_l2=0.02268
2026-05-13 14:58:21,495 INFO CSMF2.step_1_1_1.run :: epoch=12 step=200/429 train_nll=-3531.142
2026-05-13 14:59:06,211 INFO CSMF2.step_1_1_1.run :: [h] epoch=12 step=250 total=0.04581 batch=0.04537
2026-05-13 14:59:06,211 INFO CSMF2.step_1_1_1.run :: [lat] epoch=12 step=250 mean_l2=0.02595 std_l2=0.02227
2026-05-13 14:59:06,659 INFO CSMF2.step_1_1_1.run :: epoch=12 step=250/429 train_nll=-3534.697
2026-05-13 14:59:51,097 INFO CSMF2.step_1_1_1.run :: [h] epoch=12 step=300 total=0.04607 batch=0.04550
2026-05-13 14:59:51,098 INFO CSMF2.step_1_1_1.run :: [lat] epoch=12 step=300 mean_l2=0.05406 std_l2=0.02730
2026-05-13 14:59:51,544 INFO CSMF2.step_1_1_1.run :: epoch=12 step=300/429 train_nll=-3535.808
2026-05-13 15:00:36,400 INFO CSMF2.step_1_1_1.run :: [h] epoch=12 step=350 total=0.04933 batch=0.04882
2026-05-13 15:00:36,400 INFO CSMF2.step_1_1_1.run :: [lat] epoch=12 step=350 mean_l2=0.04620 std_l2=0.02209
2026-05-13 15:00:36,807 INFO CSMF2.step_1_1_1.run :: epoch=12 step=350/429 train_nll=-3538.970
2026-05-13 15:01:21,165 INFO CSMF2.step_1_1_1.run :: [h] epoch=12 step=400 total=0.04799 batch=0.04722
2026-05-13 15:01:21,165 INFO CSMF2.step_1_1_1.run :: [lat] epoch=12 step=400 mean_l2=0.04016 std_l2=0.02119
2026-05-13 15:01:21,573 INFO CSMF2.step_1_1_1.run :: epoch=12 step=400/429 train_nll=-3539.976
2026-05-13 15:01:57,691 INFO CSMF2.step_1_1_1.run :: epoch=12  train_nll=-3541.221  val_nll=-3557.367  t=394.9s
2026-05-13 15:01:57,692 INFO CSMF2.step_1_1_1.run :: [glow] film_gain mean=0.2809 min=0.2663 max=0.3010
2026-05-13 15:01:57,692 INFO CSMF2.step_1_1_1.run :: [shuffle] gap_mean=12.070 hinge=0.0000 lambda=1.000 margin=0.50
2026-05-13 15:01:57,692 INFO CSMF2.step_1_1_1.run :: [h_std] total=0.04817 batch=0.04732 penalty=0.00270 target=0.0500 mu=10.000
2026-05-13 15:01:57,692 INFO CSMF2.step_1_1_1.run :: [lat_epoch] mean_l2=0.04541 std_l2=0.03200 (no penalty)
2026-05-13 15:01:57,692 INFO CSMF2.step_1_1_1.run :: [y_resid] alpha=0.1881
2026-05-13 15:01:57,692 INFO CSMF2.step_1_1_1.run :: [grad] cond=37.9050 film_gain=1146.3060
2026-05-13 15:02:51,128 INFO CSMF2.step_1_1_1.run :: [h] epoch=13 step=50 total=0.05150 batch=0.04949
2026-05-13 15:02:51,129 INFO CSMF2.step_1_1_1.run :: [lat] epoch=13 step=50 mean_l2=0.05224 std_l2=0.05869
2026-05-13 15:02:51,577 INFO CSMF2.step_1_1_1.run :: epoch=13 step=50/429 train_nll=-3539.685
2026-05-13 15:03:36,021 INFO CSMF2.step_1_1_1.run :: [h] epoch=13 step=100 total=0.04216 batch=0.04065
2026-05-13 15:03:36,022 INFO CSMF2.step_1_1_1.run :: [lat] epoch=13 step=100 mean_l2=0.02815 std_l2=0.01916
2026-05-13 15:03:36,471 INFO CSMF2.step_1_1_1.run :: epoch=13 step=100/429 train_nll=-3532.530
2026-05-13 15:04:21,227 INFO CSMF2.step_1_1_1.run :: [h] epoch=13 step=150 total=0.04210 batch=0.04122
2026-05-13 15:04:21,231 INFO CSMF2.step_1_1_1.run :: [lat] epoch=13 step=150 mean_l2=0.04191 std_l2=0.03346
2026-05-13 15:04:21,680 INFO CSMF2.step_1_1_1.run :: epoch=13 step=150/429 train_nll=-3541.453
2026-05-13 15:05:06,014 INFO CSMF2.step_1_1_1.run :: [h] epoch=13 step=200 total=0.04404 batch=0.04330
2026-05-13 15:05:06,015 INFO CSMF2.step_1_1_1.run :: [lat] epoch=13 step=200 mean_l2=0.02698 std_l2=0.02238
2026-05-13 15:05:06,432 INFO CSMF2.step_1_1_1.run :: epoch=13 step=200/429 train_nll=-3546.051
2026-05-13 15:05:50,889 INFO CSMF2.step_1_1_1.run :: [h] epoch=13 step=250 total=0.04329 batch=0.04266
2026-05-13 15:05:50,889 INFO CSMF2.step_1_1_1.run :: [lat] epoch=13 step=250 mean_l2=0.02503 std_l2=0.02080
2026-05-13 15:05:51,299 INFO CSMF2.step_1_1_1.run :: epoch=13 step=250/429 train_nll=-3546.042
2026-05-13 15:06:35,732 INFO CSMF2.step_1_1_1.run :: [h] epoch=13 step=300 total=0.04499 batch=0.04442
2026-05-13 15:06:35,733 INFO CSMF2.step_1_1_1.run :: [lat] epoch=13 step=300 mean_l2=0.04676 std_l2=0.03280
2026-05-13 15:06:36,143 INFO CSMF2.step_1_1_1.run :: epoch=13 step=300/429 train_nll=-3545.285
2026-05-13 15:07:20,914 INFO CSMF2.step_1_1_1.run :: [h] epoch=13 step=350 total=0.04622 batch=0.04554
2026-05-13 15:07:20,915 INFO CSMF2.step_1_1_1.run :: [lat] epoch=13 step=350 mean_l2=0.04226 std_l2=0.08009
2026-05-13 15:07:21,334 INFO CSMF2.step_1_1_1.run :: epoch=13 step=350/429 train_nll=-3547.009
2026-05-13 15:08:05,563 INFO CSMF2.step_1_1_1.run :: [h] epoch=13 step=400 total=0.04783 batch=0.04731
2026-05-13 15:08:05,566 INFO CSMF2.step_1_1_1.run :: [lat] epoch=13 step=400 mean_l2=0.02506 std_l2=0.03838
2026-05-13 15:08:05,975 INFO CSMF2.step_1_1_1.run :: epoch=13 step=400/429 train_nll=-3546.181
2026-05-13 15:08:42,243 INFO CSMF2.step_1_1_1.run :: epoch=13  train_nll=-3545.437  val_nll=-3480.964  t=395.5s
2026-05-13 15:08:42,243 INFO CSMF2.step_1_1_1.run :: [glow] film_gain mean=0.2785 min=0.2634 max=0.2977
2026-05-13 15:08:42,243 INFO CSMF2.step_1_1_1.run :: [shuffle] gap_mean=13.153 hinge=0.0100 lambda=1.000 margin=0.50
2026-05-13 15:08:42,243 INFO CSMF2.step_1_1_1.run :: [h_std] total=0.04563 batch=0.04459 penalty=0.00546 target=0.0500 mu=10.000
2026-05-13 15:08:42,243 INFO CSMF2.step_1_1_1.run :: [lat_epoch] mean_l2=0.04518 std_l2=0.03421 (no penalty)
2026-05-13 15:08:42,243 INFO CSMF2.step_1_1_1.run :: [y_resid] alpha=0.1747
2026-05-13 15:08:42,243 INFO CSMF2.step_1_1_1.run :: [grad] cond=206.9922 film_gain=750.8926
2026-05-13 15:09:35,813 INFO CSMF2.step_1_1_1.run :: [h] epoch=14 step=50 total=0.04531 batch=0.04460
2026-05-13 15:09:35,814 INFO CSMF2.step_1_1_1.run :: [lat] epoch=14 step=50 mean_l2=0.03862 std_l2=0.02612
2026-05-13 15:09:36,224 INFO CSMF2.step_1_1_1.run :: epoch=14 step=50/429 train_nll=-3513.828
2026-05-13 15:10:20,387 INFO CSMF2.step_1_1_1.run :: [h] epoch=14 step=100 total=0.04805 batch=0.04710
2026-05-13 15:10:20,388 INFO CSMF2.step_1_1_1.run :: [lat] epoch=14 step=100 mean_l2=0.06610 std_l2=0.03189
2026-05-13 15:10:20,835 INFO CSMF2.step_1_1_1.run :: epoch=14 step=100/429 train_nll=-3527.531
2026-05-13 15:11:05,757 INFO CSMF2.step_1_1_1.run :: [h] epoch=14 step=150 total=0.04485 batch=0.04429
2026-05-13 15:11:05,757 INFO CSMF2.step_1_1_1.run :: [lat] epoch=14 step=150 mean_l2=0.04252 std_l2=0.02467
2026-05-13 15:11:06,165 INFO CSMF2.step_1_1_1.run :: epoch=14 step=150/429 train_nll=-3534.799
2026-05-13 15:11:50,267 INFO CSMF2.step_1_1_1.run :: [h] epoch=14 step=200 total=0.04769 batch=0.04686
2026-05-13 15:11:50,268 INFO CSMF2.step_1_1_1.run :: [lat] epoch=14 step=200 mean_l2=0.03053 std_l2=0.01961
2026-05-13 15:11:50,682 INFO CSMF2.step_1_1_1.run :: epoch=14 step=200/429 train_nll=-3531.712
2026-05-13 15:12:34,639 INFO CSMF2.step_1_1_1.run :: [h] epoch=14 step=250 total=0.04768 batch=0.04727
2026-05-13 15:12:34,640 INFO CSMF2.step_1_1_1.run :: [lat] epoch=14 step=250 mean_l2=0.03044 std_l2=0.02330
2026-05-13 15:12:35,058 INFO CSMF2.step_1_1_1.run :: epoch=14 step=250/429 train_nll=-3537.401
2026-05-13 15:13:19,472 INFO CSMF2.step_1_1_1.run :: [h] epoch=14 step=300 total=0.04710 batch=0.04664
2026-05-13 15:13:19,473 INFO CSMF2.step_1_1_1.run :: [lat] epoch=14 step=300 mean_l2=0.02673 std_l2=0.02670
2026-05-13 15:13:19,920 INFO CSMF2.step_1_1_1.run :: epoch=14 step=300/429 train_nll=-3540.971
2026-05-13 15:14:05,107 INFO CSMF2.step_1_1_1.run :: [h] epoch=14 step=350 total=0.04936 batch=0.04815
2026-05-13 15:14:05,108 INFO CSMF2.step_1_1_1.run :: [lat] epoch=14 step=350 mean_l2=0.03127 std_l2=0.02658
2026-05-13 15:14:05,557 INFO CSMF2.step_1_1_1.run :: epoch=14 step=350/429 train_nll=-3534.168
2026-05-13 15:14:50,066 INFO CSMF2.step_1_1_1.run :: [h] epoch=14 step=400 total=0.04693 batch=0.04650
2026-05-13 15:14:50,067 INFO CSMF2.step_1_1_1.run :: [lat] epoch=14 step=400 mean_l2=0.08454 std_l2=0.02085
2026-05-13 15:14:50,486 INFO CSMF2.step_1_1_1.run :: epoch=14 step=400/429 train_nll=-3537.334
2026-05-13 15:15:26,587 INFO CSMF2.step_1_1_1.run :: epoch=14  train_nll=-3537.339  val_nll=-3528.891  t=395.2s
2026-05-13 15:15:26,587 INFO CSMF2.step_1_1_1.run :: [glow] film_gain mean=0.2756 min=0.2622 max=0.2924
2026-05-13 15:15:26,587 INFO CSMF2.step_1_1_1.run :: [shuffle] gap_mean=13.488 hinge=0.0000 lambda=1.000 margin=0.50
2026-05-13 15:15:26,587 INFO CSMF2.step_1_1_1.run :: [h_std] total=0.04743 batch=0.04656 penalty=0.00345 target=0.0500 mu=10.000
2026-05-13 15:15:26,587 INFO CSMF2.step_1_1_1.run :: [lat_epoch] mean_l2=0.04537 std_l2=0.03739 (no penalty)
2026-05-13 15:15:26,587 INFO CSMF2.step_1_1_1.run :: [y_resid] alpha=0.1751
2026-05-13 15:15:26,587 INFO CSMF2.step_1_1_1.run :: [grad] cond=167.9213 film_gain=562.0620
2026-05-13 15:16:18,598 INFO CSMF2.step_1_1_1.run :: [h] epoch=15 step=50 total=0.04791 batch=0.04731
2026-05-13 15:16:18,599 INFO CSMF2.step_1_1_1.run :: [lat] epoch=15 step=50 mean_l2=0.05399 std_l2=0.02248
2026-05-13 15:16:19,010 INFO CSMF2.step_1_1_1.run :: epoch=15 step=50/429 train_nll=-3538.571
2026-05-13 15:17:03,166 INFO CSMF2.step_1_1_1.run :: [h] epoch=15 step=100 total=0.05022 batch=0.04972
2026-05-13 15:17:03,167 INFO CSMF2.step_1_1_1.run :: [lat] epoch=15 step=100 mean_l2=0.05585 std_l2=0.02586
2026-05-13 15:17:03,585 INFO CSMF2.step_1_1_1.run :: epoch=15 step=100/429 train_nll=-3549.936
2026-05-13 15:17:48,108 INFO CSMF2.step_1_1_1.run :: [h] epoch=15 step=150 total=0.05147 batch=0.05099
2026-05-13 15:17:48,109 INFO CSMF2.step_1_1_1.run :: [lat] epoch=15 step=150 mean_l2=0.02591 std_l2=0.02205
2026-05-13 15:17:48,526 INFO CSMF2.step_1_1_1.run :: epoch=15 step=150/429 train_nll=-3555.614
2026-05-13 15:18:32,936 INFO CSMF2.step_1_1_1.run :: [h] epoch=15 step=200 total=0.05193 batch=0.04856
2026-05-13 15:18:32,937 INFO CSMF2.step_1_1_1.run :: [lat] epoch=15 step=200 mean_l2=0.02935 std_l2=0.02642
2026-05-13 15:18:33,386 INFO CSMF2.step_1_1_1.run :: epoch=15 step=200/429 train_nll=-3553.621
2026-05-13 15:19:17,950 INFO CSMF2.step_1_1_1.run :: [h] epoch=15 step=250 total=0.04724 batch=0.04655
2026-05-13 15:19:17,951 INFO CSMF2.step_1_1_1.run :: [lat] epoch=15 step=250 mean_l2=0.03430 std_l2=0.02653
2026-05-13 15:19:18,399 INFO CSMF2.step_1_1_1.run :: epoch=15 step=250/429 train_nll=-3556.160
2026-05-13 15:20:02,858 INFO CSMF2.step_1_1_1.run :: [h] epoch=15 step=300 total=0.05136 batch=0.04949
2026-05-13 15:20:02,859 INFO CSMF2.step_1_1_1.run :: [lat] epoch=15 step=300 mean_l2=0.03657 std_l2=0.03111
2026-05-13 15:20:03,268 INFO CSMF2.step_1_1_1.run :: epoch=15 step=300/429 train_nll=-3552.095
2026-05-13 15:20:47,602 INFO CSMF2.step_1_1_1.run :: [h] epoch=15 step=350 total=0.04854 batch=0.04804
2026-05-13 15:20:47,603 INFO CSMF2.step_1_1_1.run :: [lat] epoch=15 step=350 mean_l2=0.05337 std_l2=0.02903
2026-05-13 15:20:48,051 INFO CSMF2.step_1_1_1.run :: epoch=15 step=350/429 train_nll=-3554.020
2026-05-13 15:21:32,540 INFO CSMF2.step_1_1_1.run :: [h] epoch=15 step=400 total=0.04952 batch=0.04878
2026-05-13 15:21:32,541 INFO CSMF2.step_1_1_1.run :: [lat] epoch=15 step=400 mean_l2=0.04192 std_l2=0.02405
2026-05-13 15:21:32,951 INFO CSMF2.step_1_1_1.run :: epoch=15 step=400/429 train_nll=-3556.134
2026-05-13 15:22:09,091 INFO CSMF2.step_1_1_1.run :: epoch=15  train_nll=-3558.081  val_nll=-3594.443  t=394.7s
2026-05-13 15:22:09,092 INFO CSMF2.step_1_1_1.run :: [glow] film_gain mean=0.2749 min=0.2617 max=0.2926
2026-05-13 15:22:09,092 INFO CSMF2.step_1_1_1.run :: [shuffle] gap_mean=14.327 hinge=0.0000 lambda=1.000 margin=0.50
2026-05-13 15:22:09,092 INFO CSMF2.step_1_1_1.run :: [h_std] total=0.04962 batch=0.04870 penalty=0.00143 target=0.0500 mu=10.000
2026-05-13 15:22:09,092 INFO CSMF2.step_1_1_1.run :: [lat_epoch] mean_l2=0.04388 std_l2=0.03226 (no penalty)
2026-05-13 15:22:09,092 INFO CSMF2.step_1_1_1.run :: [y_resid] alpha=0.1751
2026-05-13 15:22:09,092 INFO CSMF2.step_1_1_1.run :: [grad] cond=48.8373 film_gain=701.4768
2026-05-13 15:23:02,331 INFO CSMF2.step_1_1_1.run :: [h] epoch=16 step=50 total=0.05437 batch=0.04895
2026-05-13 15:23:02,331 INFO CSMF2.step_1_1_1.run :: [lat] epoch=16 step=50 mean_l2=0.04783 std_l2=0.02824
2026-05-13 15:23:02,744 INFO CSMF2.step_1_1_1.run :: epoch=16 step=50/429 train_nll=-3554.330
2026-05-13 15:23:47,467 INFO CSMF2.step_1_1_1.run :: [h] epoch=16 step=100 total=0.04509 batch=0.04444
2026-05-13 15:23:47,468 INFO CSMF2.step_1_1_1.run :: [lat] epoch=16 step=100 mean_l2=0.03184 std_l2=0.03849
2026-05-13 15:23:47,934 INFO CSMF2.step_1_1_1.run :: epoch=16 step=100/429 train_nll=-3549.612
2026-05-13 15:24:32,960 INFO CSMF2.step_1_1_1.run :: [h] epoch=16 step=150 total=0.04858 batch=0.04809
2026-05-13 15:24:32,961 INFO CSMF2.step_1_1_1.run :: [lat] epoch=16 step=150 mean_l2=0.03774 std_l2=0.02123
2026-05-13 15:24:33,372 INFO CSMF2.step_1_1_1.run :: epoch=16 step=150/429 train_nll=-3554.553
2026-05-13 15:25:17,804 INFO CSMF2.step_1_1_1.run :: [h] epoch=16 step=200 total=0.04823 batch=0.04773
2026-05-13 15:25:17,804 INFO CSMF2.step_1_1_1.run :: [lat] epoch=16 step=200 mean_l2=0.04411 std_l2=0.02190
2026-05-13 15:25:18,215 INFO CSMF2.step_1_1_1.run :: epoch=16 step=200/429 train_nll=-3554.755
2026-05-13 15:26:02,897 INFO CSMF2.step_1_1_1.run :: [h] epoch=16 step=250 total=0.04842 batch=0.04798
2026-05-13 15:26:02,898 INFO CSMF2.step_1_1_1.run :: [lat] epoch=16 step=250 mean_l2=0.02617 std_l2=0.02707
2026-05-13 15:26:03,346 INFO CSMF2.step_1_1_1.run :: epoch=16 step=250/429 train_nll=-3558.344
2026-05-13 15:26:47,576 INFO CSMF2.step_1_1_1.run :: [h] epoch=16 step=300 total=0.04709 batch=0.04669
2026-05-13 15:26:47,577 INFO CSMF2.step_1_1_1.run :: [lat] epoch=16 step=300 mean_l2=0.03056 std_l2=0.03149
2026-05-13 15:26:48,025 INFO CSMF2.step_1_1_1.run :: epoch=16 step=300/429 train_nll=-3558.339
2026-05-13 15:27:32,615 INFO CSMF2.step_1_1_1.run :: [h] epoch=16 step=350 total=0.04778 batch=0.04729
2026-05-13 15:27:32,616 INFO CSMF2.step_1_1_1.run :: [lat] epoch=16 step=350 mean_l2=0.04082 std_l2=0.04318
2026-05-13 15:27:33,022 INFO CSMF2.step_1_1_1.run :: epoch=16 step=350/429 train_nll=-3558.665
2026-05-13 15:28:17,443 INFO CSMF2.step_1_1_1.run :: [h] epoch=16 step=400 total=0.04751 batch=0.04712
2026-05-13 15:28:17,444 INFO CSMF2.step_1_1_1.run :: [lat] epoch=16 step=400 mean_l2=0.04085 std_l2=0.02685
2026-05-13 15:28:17,891 INFO CSMF2.step_1_1_1.run :: epoch=16 step=400/429 train_nll=-3560.629
2026-05-13 15:28:54,078 INFO CSMF2.step_1_1_1.run :: epoch=16  train_nll=-3562.412  val_nll=-3594.112  t=396.0s
2026-05-13 15:28:54,079 INFO CSMF2.step_1_1_1.run :: [glow] film_gain mean=0.2731 min=0.2596 max=0.2894
2026-05-13 15:28:54,079 INFO CSMF2.step_1_1_1.run :: [shuffle] gap_mean=14.222 hinge=0.0000 lambda=1.000 margin=0.50
2026-05-13 15:28:54,079 INFO CSMF2.step_1_1_1.run :: [h_std] total=0.04890 batch=0.04810 penalty=0.00204 target=0.0500 mu=10.000
2026-05-13 15:28:54,079 INFO CSMF2.step_1_1_1.run :: [lat_epoch] mean_l2=0.04176 std_l2=0.03030 (no penalty)
2026-05-13 15:28:54,079 INFO CSMF2.step_1_1_1.run :: [y_resid] alpha=0.1731
2026-05-13 15:28:54,079 INFO CSMF2.step_1_1_1.run :: [grad] cond=9.6176 film_gain=991.7246
2026-05-13 15:29:46,960 INFO CSMF2.step_1_1_1.run :: [h] epoch=17 step=50 total=0.04922 batch=0.04849
2026-05-13 15:29:46,961 INFO CSMF2.step_1_1_1.run :: [lat] epoch=17 step=50 mean_l2=0.02914 std_l2=0.03028
2026-05-13 15:29:47,411 INFO CSMF2.step_1_1_1.run :: epoch=17 step=50/429 train_nll=-3582.352
2026-05-13 15:30:31,768 INFO CSMF2.step_1_1_1.run :: [h] epoch=17 step=100 total=0.04982 batch=0.04902
2026-05-13 15:30:31,768 INFO CSMF2.step_1_1_1.run :: [lat] epoch=17 step=100 mean_l2=0.03589 std_l2=0.02139
2026-05-13 15:30:32,179 INFO CSMF2.step_1_1_1.run :: epoch=17 step=100/429 train_nll=-3577.449
2026-05-13 15:31:16,538 INFO CSMF2.step_1_1_1.run :: [h] epoch=17 step=150 total=0.05190 batch=0.05141
2026-05-13 15:31:16,538 INFO CSMF2.step_1_1_1.run :: [lat] epoch=17 step=150 mean_l2=0.02705 std_l2=0.02027
2026-05-13 15:31:16,956 INFO CSMF2.step_1_1_1.run :: epoch=17 step=150/429 train_nll=-3574.322
2026-05-13 15:32:01,209 INFO CSMF2.step_1_1_1.run :: [h] epoch=17 step=200 total=0.05107 batch=0.05041
2026-05-13 15:32:01,210 INFO CSMF2.step_1_1_1.run :: [lat] epoch=17 step=200 mean_l2=0.04370 std_l2=0.02545
2026-05-13 15:32:01,665 INFO CSMF2.step_1_1_1.run :: epoch=17 step=200/429 train_nll=-3561.210
2026-05-13 15:32:45,934 INFO CSMF2.step_1_1_1.run :: [h] epoch=17 step=250 total=0.04792 batch=0.04736
2026-05-13 15:32:45,935 INFO CSMF2.step_1_1_1.run :: [lat] epoch=17 step=250 mean_l2=0.03325 std_l2=0.02055
2026-05-13 15:32:46,354 INFO CSMF2.step_1_1_1.run :: epoch=17 step=250/429 train_nll=-3564.861
2026-05-13 15:33:30,782 INFO CSMF2.step_1_1_1.run :: [h] epoch=17 step=300 total=0.05256 batch=0.05137
2026-05-13 15:33:30,782 INFO CSMF2.step_1_1_1.run :: [lat] epoch=17 step=300 mean_l2=0.04685 std_l2=0.02429
2026-05-13 15:33:31,193 INFO CSMF2.step_1_1_1.run :: epoch=17 step=300/429 train_nll=-3566.763
2026-05-13 15:34:15,764 INFO CSMF2.step_1_1_1.run :: [h] epoch=17 step=350 total=0.04977 batch=0.04930
2026-05-13 15:34:15,764 INFO CSMF2.step_1_1_1.run :: [lat] epoch=17 step=350 mean_l2=0.05667 std_l2=0.02526
2026-05-13 15:34:16,175 INFO CSMF2.step_1_1_1.run :: epoch=17 step=350/429 train_nll=-3567.523
2026-05-13 15:35:00,585 INFO CSMF2.step_1_1_1.run :: [h] epoch=17 step=400 total=0.04982 batch=0.04946
2026-05-13 15:35:00,586 INFO CSMF2.step_1_1_1.run :: [lat] epoch=17 step=400 mean_l2=0.02852 std_l2=0.03797
2026-05-13 15:35:00,997 INFO CSMF2.step_1_1_1.run :: epoch=17 step=400/429 train_nll=-3567.421
2026-05-13 15:35:37,514 INFO CSMF2.step_1_1_1.run :: epoch=17  train_nll=-3565.127  val_nll=-3554.887  t=394.6s
2026-05-13 15:35:37,514 INFO CSMF2.step_1_1_1.run :: [glow] film_gain mean=0.2706 min=0.2578 max=0.2859
2026-05-13 15:35:37,515 INFO CSMF2.step_1_1_1.run :: [shuffle] gap_mean=14.929 hinge=0.0000 lambda=1.000 margin=0.50
2026-05-13 15:35:37,515 INFO CSMF2.step_1_1_1.run :: [h_std] total=0.05039 batch=0.04971 penalty=0.00069 target=0.0500 mu=10.000
2026-05-13 15:35:37,515 INFO CSMF2.step_1_1_1.run :: [lat_epoch] mean_l2=0.04161 std_l2=0.03246 (no penalty)
2026-05-13 15:35:37,515 INFO CSMF2.step_1_1_1.run :: [y_resid] alpha=0.1715
2026-05-13 15:35:37,515 INFO CSMF2.step_1_1_1.run :: [grad] cond=88.8019 film_gain=468.8697
2026-05-13 15:36:30,169 INFO CSMF2.step_1_1_1.run :: [h] epoch=18 step=50 total=0.05163 batch=0.05112
2026-05-13 15:36:30,170 INFO CSMF2.step_1_1_1.run :: [lat] epoch=18 step=50 mean_l2=0.05156 std_l2=0.02039
2026-05-13 15:36:30,586 INFO CSMF2.step_1_1_1.run :: epoch=18 step=50/429 train_nll=-3565.044
2026-05-13 15:37:15,365 INFO CSMF2.step_1_1_1.run :: [h] epoch=18 step=100 total=0.05182 batch=0.05107
2026-05-13 15:37:15,365 INFO CSMF2.step_1_1_1.run :: [lat] epoch=18 step=100 mean_l2=0.03276 std_l2=0.02379
2026-05-13 15:37:15,778 INFO CSMF2.step_1_1_1.run :: epoch=18 step=100/429 train_nll=-3574.938
2026-05-13 15:38:00,634 INFO CSMF2.step_1_1_1.run :: [h] epoch=18 step=150 total=0.05185 batch=0.05113
2026-05-13 15:38:00,635 INFO CSMF2.step_1_1_1.run :: [lat] epoch=18 step=150 mean_l2=0.03245 std_l2=0.03237
2026-05-13 15:38:01,045 INFO CSMF2.step_1_1_1.run :: epoch=18 step=150/429 train_nll=-3571.658
2026-05-13 15:38:45,759 INFO CSMF2.step_1_1_1.run :: [h] epoch=18 step=200 total=0.04939 batch=0.04902
2026-05-13 15:38:45,760 INFO CSMF2.step_1_1_1.run :: [lat] epoch=18 step=200 mean_l2=0.02080 std_l2=0.02124
2026-05-13 15:38:46,208 INFO CSMF2.step_1_1_1.run :: epoch=18 step=200/429 train_nll=-3572.303
2026-05-13 15:39:30,223 INFO CSMF2.step_1_1_1.run :: [h] epoch=18 step=250 total=0.05004 batch=0.04845
2026-05-13 15:39:30,224 INFO CSMF2.step_1_1_1.run :: [lat] epoch=18 step=250 mean_l2=0.04417 std_l2=0.02322
2026-05-13 15:39:30,640 INFO CSMF2.step_1_1_1.run :: epoch=18 step=250/429 train_nll=-3570.662
2026-05-13 15:40:15,151 INFO CSMF2.step_1_1_1.run :: [h] epoch=18 step=300 total=0.05142 batch=0.05085
2026-05-13 15:40:15,151 INFO CSMF2.step_1_1_1.run :: [lat] epoch=18 step=300 mean_l2=0.04298 std_l2=0.03321
2026-05-13 15:40:15,562 INFO CSMF2.step_1_1_1.run :: epoch=18 step=300/429 train_nll=-3572.653
2026-05-13 15:41:00,084 INFO CSMF2.step_1_1_1.run :: [h] epoch=18 step=350 total=0.05316 batch=0.05270
2026-05-13 15:41:00,085 INFO CSMF2.step_1_1_1.run :: [lat] epoch=18 step=350 mean_l2=0.02963 std_l2=0.01918
2026-05-13 15:41:00,495 INFO CSMF2.step_1_1_1.run :: epoch=18 step=350/429 train_nll=-3572.116
2026-05-13 15:41:44,801 INFO CSMF2.step_1_1_1.run :: [h] epoch=18 step=400 total=0.05143 batch=0.05096
2026-05-13 15:41:44,814 INFO CSMF2.step_1_1_1.run :: [lat] epoch=18 step=400 mean_l2=0.04010 std_l2=0.02578
2026-05-13 15:41:45,226 INFO CSMF2.step_1_1_1.run :: epoch=18 step=400/429 train_nll=-3569.846
2026-05-13 15:42:21,668 INFO CSMF2.step_1_1_1.run :: epoch=18  train_nll=-3570.330  val_nll=-3553.404  t=396.3s
2026-05-13 15:42:21,668 INFO CSMF2.step_1_1_1.run :: [glow] film_gain mean=0.2696 min=0.2577 max=0.2845
2026-05-13 15:42:21,668 INFO CSMF2.step_1_1_1.run :: [shuffle] gap_mean=16.021 hinge=0.0000 lambda=1.000 margin=0.50
2026-05-13 15:42:21,668 INFO CSMF2.step_1_1_1.run :: [h_std] total=0.05057 batch=0.04993 penalty=0.00053 target=0.0500 mu=10.000
2026-05-13 15:42:21,668 INFO CSMF2.step_1_1_1.run :: [lat_epoch] mean_l2=0.03939 std_l2=0.02921 (no penalty)
2026-05-13 15:42:21,668 INFO CSMF2.step_1_1_1.run :: [y_resid] alpha=0.1705
2026-05-13 15:42:21,668 INFO CSMF2.step_1_1_1.run :: [grad] cond=64.3109 film_gain=695.3839
2026-05-13 15:43:14,927 INFO CSMF2.step_1_1_1.run :: [h] epoch=19 step=50 total=0.04710 batch=0.04636
2026-05-13 15:43:14,928 INFO CSMF2.step_1_1_1.run :: [lat] epoch=19 step=50 mean_l2=0.04235 std_l2=0.02106
2026-05-13 15:43:15,376 INFO CSMF2.step_1_1_1.run :: epoch=19 step=50/429 train_nll=-3562.475
2026-05-13 15:43:59,806 INFO CSMF2.step_1_1_1.run :: [h] epoch=19 step=100 total=0.04905 batch=0.04808
2026-05-13 15:43:59,806 INFO CSMF2.step_1_1_1.run :: [lat] epoch=19 step=100 mean_l2=0.03969 std_l2=0.02227
2026-05-13 15:44:00,215 INFO CSMF2.step_1_1_1.run :: epoch=19 step=100/429 train_nll=-3569.386
2026-05-13 15:44:44,501 INFO CSMF2.step_1_1_1.run :: [h] epoch=19 step=150 total=0.04964 batch=0.04914
2026-05-13 15:44:44,501 INFO CSMF2.step_1_1_1.run :: [lat] epoch=19 step=150 mean_l2=0.03849 std_l2=0.03316
2026-05-13 15:44:44,948 INFO CSMF2.step_1_1_1.run :: epoch=19 step=150/429 train_nll=-3574.702
2026-05-13 15:45:29,397 INFO CSMF2.step_1_1_1.run :: [h] epoch=19 step=200 total=0.04617 batch=0.04551
2026-05-13 15:45:29,397 INFO CSMF2.step_1_1_1.run :: [lat] epoch=19 step=200 mean_l2=0.04172 std_l2=0.02311
2026-05-13 15:45:29,809 INFO CSMF2.step_1_1_1.run :: epoch=19 step=200/429 train_nll=-3576.026
2026-05-13 15:46:14,349 INFO CSMF2.step_1_1_1.run :: [h] epoch=19 step=250 total=0.04986 batch=0.04924
2026-05-13 15:46:14,349 INFO CSMF2.step_1_1_1.run :: [lat] epoch=19 step=250 mean_l2=0.02659 std_l2=0.03136
2026-05-13 15:46:14,798 INFO CSMF2.step_1_1_1.run :: epoch=19 step=250/429 train_nll=-3578.716
2026-05-13 15:46:59,162 INFO CSMF2.step_1_1_1.run :: [h] epoch=19 step=300 total=0.04525 batch=0.04271
2026-05-13 15:46:59,163 INFO CSMF2.step_1_1_1.run :: [lat] epoch=19 step=300 mean_l2=0.03726 std_l2=0.09193
2026-05-13 15:46:59,612 INFO CSMF2.step_1_1_1.run :: epoch=19 step=300/429 train_nll=-3566.770
2026-05-13 15:47:43,990 INFO CSMF2.step_1_1_1.run :: [h] epoch=19 step=350 total=0.04182 batch=0.04070
2026-05-13 15:47:43,991 INFO CSMF2.step_1_1_1.run :: [lat] epoch=19 step=350 mean_l2=0.02500 std_l2=0.02132
2026-05-13 15:47:44,413 INFO CSMF2.step_1_1_1.run :: epoch=19 step=350/429 train_nll=-3564.162
2026-05-13 15:48:28,874 INFO CSMF2.step_1_1_1.run :: [h] epoch=19 step=400 total=0.04133 batch=0.04074
2026-05-13 15:48:28,874 INFO CSMF2.step_1_1_1.run :: [lat] epoch=19 step=400 mean_l2=0.03690 std_l2=0.02277
2026-05-13 15:48:29,292 INFO CSMF2.step_1_1_1.run :: epoch=19 step=400/429 train_nll=-3566.468
2026-05-13 15:49:05,463 INFO CSMF2.step_1_1_1.run :: epoch=19  train_nll=-3564.233  val_nll=-3519.721  t=394.8s
2026-05-13 15:49:05,463 INFO CSMF2.step_1_1_1.run :: [glow] film_gain mean=0.2663 min=0.2556 max=0.2808
2026-05-13 15:49:05,463 INFO CSMF2.step_1_1_1.run :: [shuffle] gap_mean=14.969 hinge=0.0000 lambda=1.000 margin=0.50
2026-05-13 15:49:05,464 INFO CSMF2.step_1_1_1.run :: [h_std] total=0.04676 batch=0.04547 penalty=0.00456 target=0.0500 mu=10.000
2026-05-13 15:49:05,464 INFO CSMF2.step_1_1_1.run :: [lat_epoch] mean_l2=0.04050 std_l2=0.13770 (no penalty)
2026-05-13 15:49:05,464 INFO CSMF2.step_1_1_1.run :: [y_resid] alpha=0.1475
2026-05-13 15:49:05,464 INFO CSMF2.step_1_1_1.run :: [grad] cond=155.7189 film_gain=1331.7205
2026-05-13 15:49:57,894 INFO CSMF2.step_1_1_1.run :: [h] epoch=20 step=50 total=0.04552 batch=0.04500
2026-05-13 15:49:57,895 INFO CSMF2.step_1_1_1.run :: [lat] epoch=20 step=50 mean_l2=0.04319 std_l2=0.02567
2026-05-13 15:49:58,309 INFO CSMF2.step_1_1_1.run :: epoch=20 step=50/429 train_nll=-3563.328
2026-05-13 15:50:42,806 INFO CSMF2.step_1_1_1.run :: [h] epoch=20 step=100 total=0.04612 batch=0.04556
2026-05-13 15:50:42,807 INFO CSMF2.step_1_1_1.run :: [lat] epoch=20 step=100 mean_l2=0.02419 std_l2=0.02856
2026-05-13 15:50:43,219 INFO CSMF2.step_1_1_1.run :: epoch=20 step=100/429 train_nll=-3572.921
2026-05-13 15:51:27,529 INFO CSMF2.step_1_1_1.run :: [h] epoch=20 step=150 total=0.04560 batch=0.04505
2026-05-13 15:51:27,530 INFO CSMF2.step_1_1_1.run :: [lat] epoch=20 step=150 mean_l2=0.04769 std_l2=0.02525
2026-05-13 15:51:27,941 INFO CSMF2.step_1_1_1.run :: epoch=20 step=150/429 train_nll=-3576.171
2026-05-13 15:52:12,575 INFO CSMF2.step_1_1_1.run :: [h] epoch=20 step=200 total=0.04457 batch=0.04374
2026-05-13 15:52:12,575 INFO CSMF2.step_1_1_1.run :: [lat] epoch=20 step=200 mean_l2=0.04606 std_l2=0.05643
2026-05-13 15:52:12,987 INFO CSMF2.step_1_1_1.run :: epoch=20 step=200/429 train_nll=-3577.033
2026-05-13 15:52:57,607 INFO CSMF2.step_1_1_1.run :: [h] epoch=20 step=250 total=0.04606 batch=0.04548
2026-05-13 15:52:57,607 INFO CSMF2.step_1_1_1.run :: [lat] epoch=20 step=250 mean_l2=0.03280 std_l2=0.02195
2026-05-13 15:52:58,018 INFO CSMF2.step_1_1_1.run :: epoch=20 step=250/429 train_nll=-3576.080
2026-05-13 15:53:42,643 INFO CSMF2.step_1_1_1.run :: [h] epoch=20 step=300 total=0.04487 batch=0.04425
2026-05-13 15:53:42,643 INFO CSMF2.step_1_1_1.run :: [lat] epoch=20 step=300 mean_l2=0.03303 std_l2=0.02013
2026-05-13 15:53:43,061 INFO CSMF2.step_1_1_1.run :: epoch=20 step=300/429 train_nll=-3579.587
2026-05-13 15:54:27,537 INFO CSMF2.step_1_1_1.run :: [h] epoch=20 step=350 total=0.04762 batch=0.04716
2026-05-13 15:54:27,537 INFO CSMF2.step_1_1_1.run :: [lat] epoch=20 step=350 mean_l2=0.02960 std_l2=0.02056
2026-05-13 15:54:27,948 INFO CSMF2.step_1_1_1.run :: epoch=20 step=350/429 train_nll=-3580.760
2026-05-13 15:55:12,054 INFO CSMF2.step_1_1_1.run :: [h] epoch=20 step=400 total=0.04728 batch=0.04687
2026-05-13 15:55:12,055 INFO CSMF2.step_1_1_1.run :: [lat] epoch=20 step=400 mean_l2=0.05067 std_l2=0.02565
2026-05-13 15:55:12,464 INFO CSMF2.step_1_1_1.run :: epoch=20 step=400/429 train_nll=-3581.925
2026-05-13 15:55:48,639 INFO CSMF2.step_1_1_1.run :: epoch=20  train_nll=-3580.946  val_nll=-3458.907  t=395.2s
2026-05-13 15:55:48,639 INFO CSMF2.step_1_1_1.run :: [glow] film_gain mean=0.2657 min=0.2544 max=0.2796
2026-05-13 15:55:48,639 INFO CSMF2.step_1_1_1.run :: [shuffle] gap_mean=16.850 hinge=0.0000 lambda=1.000 margin=0.50
2026-05-13 15:55:48,639 INFO CSMF2.step_1_1_1.run :: [h_std] total=0.04587 batch=0.04520 penalty=0.00480 target=0.0500 mu=10.000
2026-05-13 15:55:48,639 INFO CSMF2.step_1_1_1.run :: [lat_epoch] mean_l2=0.03806 std_l2=0.03010 (no penalty)
2026-05-13 15:55:48,639 INFO CSMF2.step_1_1_1.run :: [y_resid] alpha=0.1586
2026-05-13 15:55:48,639 INFO CSMF2.step_1_1_1.run :: [grad] cond=17.5123 film_gain=1685.1137
2026-05-13 15:56:41,036 INFO CSMF2.step_1_1_1.run :: [h] epoch=21 step=50 total=0.04974 batch=0.04886
2026-05-13 15:56:41,036 INFO CSMF2.step_1_1_1.run :: [lat] epoch=21 step=50 mean_l2=0.04153 std_l2=0.02484
2026-05-13 15:56:41,445 INFO CSMF2.step_1_1_1.run :: epoch=21 step=50/429 train_nll=-3550.404
2026-05-13 15:57:26,290 INFO CSMF2.step_1_1_1.run :: [h] epoch=21 step=100 total=0.04657 batch=0.04605
2026-05-13 15:57:26,291 INFO CSMF2.step_1_1_1.run :: [lat] epoch=21 step=100 mean_l2=0.03130 std_l2=0.02497
2026-05-13 15:57:26,741 INFO CSMF2.step_1_1_1.run :: epoch=21 step=100/429 train_nll=-3571.589
2026-05-13 15:58:10,710 INFO CSMF2.step_1_1_1.run :: [h] epoch=21 step=150 total=0.04848 batch=0.04790
2026-05-13 15:58:10,711 INFO CSMF2.step_1_1_1.run :: [lat] epoch=21 step=150 mean_l2=0.04946 std_l2=0.02943
2026-05-13 15:58:11,160 INFO CSMF2.step_1_1_1.run :: epoch=21 step=150/429 train_nll=-3579.698
2026-05-13 15:58:56,032 INFO CSMF2.step_1_1_1.run :: [h] epoch=21 step=200 total=0.05237 batch=0.05178
2026-05-13 15:58:56,032 INFO CSMF2.step_1_1_1.run :: [lat] epoch=21 step=200 mean_l2=0.03871 std_l2=0.02425
2026-05-13 15:58:56,443 INFO CSMF2.step_1_1_1.run :: epoch=21 step=200/429 train_nll=-3579.620
2026-05-13 15:59:40,712 INFO CSMF2.step_1_1_1.run :: [h] epoch=21 step=250 total=0.05120 batch=0.05055
2026-05-13 15:59:40,712 INFO CSMF2.step_1_1_1.run :: [lat] epoch=21 step=250 mean_l2=0.02946 std_l2=0.02293
2026-05-13 15:59:41,123 INFO CSMF2.step_1_1_1.run :: epoch=21 step=250/429 train_nll=-3583.261
2026-05-13 16:00:25,569 INFO CSMF2.step_1_1_1.run :: [h] epoch=21 step=300 total=0.04579 batch=0.04335
2026-05-13 16:00:25,570 INFO CSMF2.step_1_1_1.run :: [lat] epoch=21 step=300 mean_l2=0.02622 std_l2=0.02095
2026-05-13 16:00:26,020 INFO CSMF2.step_1_1_1.run :: epoch=21 step=300/429 train_nll=-3575.571
2026-05-13 16:01:10,410 INFO CSMF2.step_1_1_1.run :: [h] epoch=21 step=350 total=0.04562 batch=0.04352
2026-05-13 16:01:10,411 INFO CSMF2.step_1_1_1.run :: [lat] epoch=21 step=350 mean_l2=0.02824 std_l2=0.02249
2026-05-13 16:01:10,828 INFO CSMF2.step_1_1_1.run :: epoch=21 step=350/429 train_nll=-3569.858
2026-05-13 16:01:55,104 INFO CSMF2.step_1_1_1.run :: [h] epoch=21 step=400 total=0.04563 batch=0.04512
2026-05-13 16:01:55,105 INFO CSMF2.step_1_1_1.run :: [lat] epoch=21 step=400 mean_l2=0.06522 std_l2=0.08260
2026-05-13 16:01:55,554 INFO CSMF2.step_1_1_1.run :: epoch=21 step=400/429 train_nll=-3571.762
2026-05-13 16:02:31,555 INFO CSMF2.step_1_1_1.run :: epoch=21  train_nll=-3571.865  val_nll=-3575.815  t=395.0s
2026-05-13 16:02:31,555 INFO CSMF2.step_1_1_1.run :: [glow] film_gain mean=0.2628 min=0.2520 max=0.2743
2026-05-13 16:02:31,555 INFO CSMF2.step_1_1_1.run :: [shuffle] gap_mean=16.001 hinge=0.0000 lambda=1.000 margin=0.50
2026-05-13 16:02:31,555 INFO CSMF2.step_1_1_1.run :: [h_std] total=0.04807 batch=0.04699 penalty=0.00308 target=0.0500 mu=10.000
2026-05-13 16:02:31,555 INFO CSMF2.step_1_1_1.run :: [lat_epoch] mean_l2=0.03802 std_l2=0.03121 (no penalty)
2026-05-13 16:02:31,555 INFO CSMF2.step_1_1_1.run :: [y_resid] alpha=0.1489
2026-05-13 16:02:31,555 INFO CSMF2.step_1_1_1.run :: [grad] cond=72.9761 film_gain=770.4038
2026-05-13 16:03:24,784 INFO CSMF2.step_1_1_1.run :: [h] epoch=22 step=50 total=0.04730 batch=0.04676
2026-05-13 16:03:24,785 INFO CSMF2.step_1_1_1.run :: [lat] epoch=22 step=50 mean_l2=0.07552 std_l2=0.04018
2026-05-13 16:03:25,196 INFO CSMF2.step_1_1_1.run :: epoch=22 step=50/429 train_nll=-3588.686
2026-05-13 16:04:09,634 INFO CSMF2.step_1_1_1.run :: [h] epoch=22 step=100 total=0.04661 batch=0.04607
2026-05-13 16:04:09,635 INFO CSMF2.step_1_1_1.run :: [lat] epoch=22 step=100 mean_l2=0.03111 std_l2=0.02275
2026-05-13 16:04:10,084 INFO CSMF2.step_1_1_1.run :: epoch=22 step=100/429 train_nll=-3585.697
2026-05-13 16:04:54,634 INFO CSMF2.step_1_1_1.run :: [h] epoch=22 step=150 total=0.04822 batch=0.04772
2026-05-13 16:04:54,634 INFO CSMF2.step_1_1_1.run :: [lat] epoch=22 step=150 mean_l2=0.03922 std_l2=0.02617
2026-05-13 16:04:55,039 INFO CSMF2.step_1_1_1.run :: epoch=22 step=150/429 train_nll=-3580.214
2026-05-13 16:05:39,498 INFO CSMF2.step_1_1_1.run :: [h] epoch=22 step=200 total=0.04547 batch=0.04462
2026-05-13 16:05:39,499 INFO CSMF2.step_1_1_1.run :: [lat] epoch=22 step=200 mean_l2=0.03004 std_l2=0.04486
2026-05-13 16:05:39,909 INFO CSMF2.step_1_1_1.run :: epoch=22 step=200/429 train_nll=-3583.661
2026-05-13 16:06:24,247 INFO CSMF2.step_1_1_1.run :: [h] epoch=22 step=250 total=0.05071 batch=0.04999
2026-05-13 16:06:24,248 INFO CSMF2.step_1_1_1.run :: [lat] epoch=22 step=250 mean_l2=0.03078 std_l2=0.01833
2026-05-13 16:06:24,697 INFO CSMF2.step_1_1_1.run :: epoch=22 step=250/429 train_nll=-3584.794
2026-05-13 16:07:09,305 INFO CSMF2.step_1_1_1.run :: [h] epoch=22 step=300 total=0.04888 batch=0.04848
2026-05-13 16:07:09,306 INFO CSMF2.step_1_1_1.run :: [lat] epoch=22 step=300 mean_l2=0.03000 std_l2=0.01919
2026-05-13 16:07:09,756 INFO CSMF2.step_1_1_1.run :: epoch=22 step=300/429 train_nll=-3586.753
2026-05-13 16:07:54,301 INFO CSMF2.step_1_1_1.run :: [h] epoch=22 step=350 total=0.05335 batch=0.05258
2026-05-13 16:07:54,302 INFO CSMF2.step_1_1_1.run :: [lat] epoch=22 step=350 mean_l2=0.03244 std_l2=0.02681
2026-05-13 16:07:54,712 INFO CSMF2.step_1_1_1.run :: epoch=22 step=350/429 train_nll=-3589.062
2026-05-13 16:08:39,238 INFO CSMF2.step_1_1_1.run :: [h] epoch=22 step=400 total=0.04997 batch=0.04948
2026-05-13 16:08:39,239 INFO CSMF2.step_1_1_1.run :: [lat] epoch=22 step=400 mean_l2=0.02942 std_l2=0.02198
2026-05-13 16:08:39,689 INFO CSMF2.step_1_1_1.run :: epoch=22 step=400/429 train_nll=-3590.346
2026-05-13 16:09:15,660 INFO CSMF2.step_1_1_1.run :: epoch=22  train_nll=-3589.646  val_nll=-3594.233  t=395.1s
2026-05-13 16:09:15,660 INFO CSMF2.step_1_1_1.run :: [glow] film_gain mean=0.2619 min=0.2500 max=0.2743
2026-05-13 16:09:15,661 INFO CSMF2.step_1_1_1.run :: [shuffle] gap_mean=17.970 hinge=0.0000 lambda=1.000 margin=0.50
2026-05-13 16:09:15,661 INFO CSMF2.step_1_1_1.run :: [h_std] total=0.04824 batch=0.04757 penalty=0.00250 target=0.0500 mu=10.000
2026-05-13 16:09:15,661 INFO CSMF2.step_1_1_1.run :: [lat_epoch] mean_l2=0.03590 std_l2=0.02689 (no penalty)
2026-05-13 16:09:15,661 INFO CSMF2.step_1_1_1.run :: [y_resid] alpha=0.1556
2026-05-13 16:09:15,661 INFO CSMF2.step_1_1_1.run :: [grad] cond=39.1493 film_gain=788.5973
2026-05-13 16:10:08,873 INFO CSMF2.step_1_1_1.run :: [h] epoch=23 step=50 total=0.05106 batch=0.05036
2026-05-13 16:10:08,874 INFO CSMF2.step_1_1_1.run :: [lat] epoch=23 step=50 mean_l2=0.03158 std_l2=0.01800
2026-05-13 16:10:09,292 INFO CSMF2.step_1_1_1.run :: epoch=23 step=50/429 train_nll=-3580.918
2026-05-13 16:10:53,555 INFO CSMF2.step_1_1_1.run :: [h] epoch=23 step=100 total=0.05069 batch=0.04996
2026-05-13 16:10:53,559 INFO CSMF2.step_1_1_1.run :: [lat] epoch=23 step=100 mean_l2=0.02880 std_l2=0.01834
2026-05-13 16:10:53,971 INFO CSMF2.step_1_1_1.run :: epoch=23 step=100/429 train_nll=-3591.200
2026-05-13 16:11:38,667 INFO CSMF2.step_1_1_1.run :: [h] epoch=23 step=150 total=0.04888 batch=0.04832
2026-05-13 16:11:38,667 INFO CSMF2.step_1_1_1.run :: [lat] epoch=23 step=150 mean_l2=0.02889 std_l2=0.02110
2026-05-13 16:11:39,075 INFO CSMF2.step_1_1_1.run :: epoch=23 step=150/429 train_nll=-3590.977
2026-05-13 16:12:23,568 INFO CSMF2.step_1_1_1.run :: [h] epoch=23 step=200 total=0.05007 batch=0.04928
2026-05-13 16:12:23,568 INFO CSMF2.step_1_1_1.run :: [lat] epoch=23 step=200 mean_l2=0.04651 std_l2=0.04032
2026-05-13 16:12:24,021 INFO CSMF2.step_1_1_1.run :: epoch=23 step=200/429 train_nll=-3591.939
2026-05-13 16:13:08,462 INFO CSMF2.step_1_1_1.run :: [h] epoch=23 step=250 total=0.04982 batch=0.04935
2026-05-13 16:13:08,462 INFO CSMF2.step_1_1_1.run :: [lat] epoch=23 step=250 mean_l2=0.03163 std_l2=0.02631
2026-05-13 16:13:08,877 INFO CSMF2.step_1_1_1.run :: epoch=23 step=250/429 train_nll=-3592.315
2026-05-13 16:13:53,883 INFO CSMF2.step_1_1_1.run :: [h] epoch=23 step=300 total=0.05072 batch=0.04987
2026-05-13 16:13:53,883 INFO CSMF2.step_1_1_1.run :: [lat] epoch=23 step=300 mean_l2=0.02670 std_l2=0.01980
2026-05-13 16:13:54,296 INFO CSMF2.step_1_1_1.run :: epoch=23 step=300/429 train_nll=-3589.268
2026-05-13 16:14:38,749 INFO CSMF2.step_1_1_1.run :: [h] epoch=23 step=350 total=0.05104 batch=0.05035
2026-05-13 16:14:38,750 INFO CSMF2.step_1_1_1.run :: [lat] epoch=23 step=350 mean_l2=0.02624 std_l2=0.02231
2026-05-13 16:14:39,159 INFO CSMF2.step_1_1_1.run :: epoch=23 step=350/429 train_nll=-3589.215
2026-05-13 16:15:24,142 INFO CSMF2.step_1_1_1.run :: [h] epoch=23 step=400 total=0.04871 batch=0.04697
2026-05-13 16:15:24,143 INFO CSMF2.step_1_1_1.run :: [lat] epoch=23 step=400 mean_l2=0.04459 std_l2=0.04078
2026-05-13 16:15:24,592 INFO CSMF2.step_1_1_1.run :: epoch=23 step=400/429 train_nll=-3588.109
2026-05-13 16:16:00,603 INFO CSMF2.step_1_1_1.run :: epoch=23  train_nll=-3586.175  val_nll=-3589.959  t=396.0s
2026-05-13 16:16:00,603 INFO CSMF2.step_1_1_1.run :: [glow] film_gain mean=0.2603 min=0.2472 max=0.2714
2026-05-13 16:16:00,603 INFO CSMF2.step_1_1_1.run :: [shuffle] gap_mean=17.669 hinge=0.0000 lambda=1.000 margin=0.50
2026-05-13 16:16:00,603 INFO CSMF2.step_1_1_1.run :: [h_std] total=0.05046 batch=0.04977 penalty=0.00064 target=0.0500 mu=10.000
2026-05-13 16:16:00,603 INFO CSMF2.step_1_1_1.run :: [lat_epoch] mean_l2=0.03528 std_l2=0.02996 (no penalty)
2026-05-13 16:16:00,604 INFO CSMF2.step_1_1_1.run :: [y_resid] alpha=0.1569
2026-05-13 16:16:00,604 INFO CSMF2.step_1_1_1.run :: [grad] cond=11.1153 film_gain=680.8193
2026-05-13 16:16:52,771 INFO CSMF2.step_1_1_1.run :: [h] epoch=24 step=50 total=0.04991 batch=0.04942
2026-05-13 16:16:52,771 INFO CSMF2.step_1_1_1.run :: [lat] epoch=24 step=50 mean_l2=0.03518 std_l2=0.03123
2026-05-13 16:16:53,188 INFO CSMF2.step_1_1_1.run :: epoch=24 step=50/429 train_nll=-3574.411
2026-05-13 16:17:38,390 INFO CSMF2.step_1_1_1.run :: [h] epoch=24 step=100 total=0.05354 batch=0.05311
2026-05-13 16:17:38,390 INFO CSMF2.step_1_1_1.run :: [lat] epoch=24 step=100 mean_l2=0.03630 std_l2=0.02054
2026-05-13 16:17:38,801 INFO CSMF2.step_1_1_1.run :: epoch=24 step=100/429 train_nll=-3591.123
2026-05-13 16:18:23,388 INFO CSMF2.step_1_1_1.run :: [h] epoch=24 step=150 total=0.05057 batch=0.04971
2026-05-13 16:18:23,389 INFO CSMF2.step_1_1_1.run :: [lat] epoch=24 step=150 mean_l2=0.02643 std_l2=0.02453
2026-05-13 16:18:23,802 INFO CSMF2.step_1_1_1.run :: epoch=24 step=150/429 train_nll=-3595.774
2026-05-13 16:19:07,999 INFO CSMF2.step_1_1_1.run :: [h] epoch=24 step=200 total=0.04937 batch=0.04873
2026-05-13 16:19:07,999 INFO CSMF2.step_1_1_1.run :: [lat] epoch=24 step=200 mean_l2=0.03382 std_l2=0.02688
2026-05-13 16:19:08,409 INFO CSMF2.step_1_1_1.run :: epoch=24 step=200/429 train_nll=-3597.501
2026-05-13 16:19:52,802 INFO CSMF2.step_1_1_1.run :: [h] epoch=24 step=250 total=0.04781 batch=0.04707
2026-05-13 16:19:52,803 INFO CSMF2.step_1_1_1.run :: [lat] epoch=24 step=250 mean_l2=0.03351 std_l2=0.02332
2026-05-13 16:19:53,213 INFO CSMF2.step_1_1_1.run :: epoch=24 step=250/429 train_nll=-3596.447
2026-05-13 16:20:37,745 INFO CSMF2.step_1_1_1.run :: [h] epoch=24 step=300 total=0.04945 batch=0.04889
2026-05-13 16:20:37,746 INFO CSMF2.step_1_1_1.run :: [lat] epoch=24 step=300 mean_l2=0.02413 std_l2=0.02699
2026-05-13 16:20:38,156 INFO CSMF2.step_1_1_1.run :: epoch=24 step=300/429 train_nll=-3595.162
2026-05-13 16:21:22,612 INFO CSMF2.step_1_1_1.run :: [h] epoch=24 step=350 total=0.04906 batch=0.04805
2026-05-13 16:21:22,613 INFO CSMF2.step_1_1_1.run :: [lat] epoch=24 step=350 mean_l2=0.05263 std_l2=0.02514
2026-05-13 16:21:23,063 INFO CSMF2.step_1_1_1.run :: epoch=24 step=350/429 train_nll=-3592.290
2026-05-13 16:22:07,852 INFO CSMF2.step_1_1_1.run :: [h] epoch=24 step=400 total=0.05154 batch=0.04967
2026-05-13 16:22:07,852 INFO CSMF2.step_1_1_1.run :: [lat] epoch=24 step=400 mean_l2=0.10237 std_l2=0.10885
2026-05-13 16:22:08,303 INFO CSMF2.step_1_1_1.run :: epoch=24 step=400/429 train_nll=-3588.923
2026-05-13 16:22:44,224 INFO CSMF2.step_1_1_1.run :: epoch=24  train_nll=-3585.172  val_nll=-3592.307  t=395.6s
2026-05-13 16:22:44,225 INFO CSMF2.step_1_1_1.run :: [glow] film_gain mean=0.2573 min=0.2370 max=0.2696
2026-05-13 16:22:44,225 INFO CSMF2.step_1_1_1.run :: [shuffle] gap_mean=17.726 hinge=0.0000 lambda=1.000 margin=0.50
2026-05-13 16:22:44,225 INFO CSMF2.step_1_1_1.run :: [h_std] total=0.05077 batch=0.04981 penalty=0.00064 target=0.0500 mu=10.000
2026-05-13 16:22:44,225 INFO CSMF2.step_1_1_1.run :: [lat_epoch] mean_l2=0.03608 std_l2=0.03754 (no penalty)
2026-05-13 16:22:44,225 INFO CSMF2.step_1_1_1.run :: [y_resid] alpha=0.1524
2026-05-13 16:22:44,225 INFO CSMF2.step_1_1_1.run :: [grad] cond=30.3609 film_gain=771.3630
2026-05-13 16:23:37,608 INFO CSMF2.step_1_1_1.run :: [h] epoch=25 step=50 total=0.04824 batch=0.04736
2026-05-13 16:23:37,609 INFO CSMF2.step_1_1_1.run :: [lat] epoch=25 step=50 mean_l2=0.02473 std_l2=0.02995
2026-05-13 16:23:38,018 INFO CSMF2.step_1_1_1.run :: epoch=25 step=50/429 train_nll=-3574.848
2026-05-13 16:24:22,490 INFO CSMF2.step_1_1_1.run :: [h] epoch=25 step=100 total=0.04753 batch=0.04691
2026-05-13 16:24:22,491 INFO CSMF2.step_1_1_1.run :: [lat] epoch=25 step=100 mean_l2=0.01908 std_l2=0.02165
2026-05-13 16:24:22,900 INFO CSMF2.step_1_1_1.run :: epoch=25 step=100/429 train_nll=-3589.235
2026-05-13 16:25:07,488 INFO CSMF2.step_1_1_1.run :: [h] epoch=25 step=150 total=0.04884 batch=0.04834
2026-05-13 16:25:07,489 INFO CSMF2.step_1_1_1.run :: [lat] epoch=25 step=150 mean_l2=0.02396 std_l2=0.02638
2026-05-13 16:25:07,900 INFO CSMF2.step_1_1_1.run :: epoch=25 step=150/429 train_nll=-3597.189
2026-05-13 16:25:52,411 INFO CSMF2.step_1_1_1.run :: [h] epoch=25 step=200 total=0.05041 batch=0.04975
2026-05-13 16:25:52,412 INFO CSMF2.step_1_1_1.run :: [lat] epoch=25 step=200 mean_l2=0.03480 std_l2=0.01984
2026-05-13 16:25:52,834 INFO CSMF2.step_1_1_1.run :: epoch=25 step=200/429 train_nll=-3597.896
2026-05-13 16:26:37,367 INFO CSMF2.step_1_1_1.run :: [h] epoch=25 step=250 total=0.04873 batch=0.04783
2026-05-13 16:26:37,367 INFO CSMF2.step_1_1_1.run :: [lat] epoch=25 step=250 mean_l2=0.05088 std_l2=0.02108
2026-05-13 16:26:37,787 INFO CSMF2.step_1_1_1.run :: epoch=25 step=250/429 train_nll=-3595.287
2026-05-13 16:27:22,428 INFO CSMF2.step_1_1_1.run :: [h] epoch=25 step=300 total=0.04909 batch=0.04813
2026-05-13 16:27:22,428 INFO CSMF2.step_1_1_1.run :: [lat] epoch=25 step=300 mean_l2=0.02935 std_l2=0.02264
2026-05-13 16:27:22,839 INFO CSMF2.step_1_1_1.run :: epoch=25 step=300/429 train_nll=-3595.587
2026-05-13 16:28:07,524 INFO CSMF2.step_1_1_1.run :: [h] epoch=25 step=350 total=0.04879 batch=0.04774
2026-05-13 16:28:07,525 INFO CSMF2.step_1_1_1.run :: [lat] epoch=25 step=350 mean_l2=0.07040 std_l2=0.03459
2026-05-13 16:28:07,938 INFO CSMF2.step_1_1_1.run :: epoch=25 step=350/429 train_nll=-3592.570
2026-05-13 16:28:52,238 INFO CSMF2.step_1_1_1.run :: [h] epoch=25 step=400 total=0.05103 batch=0.05029
2026-05-13 16:28:52,238 INFO CSMF2.step_1_1_1.run :: [lat] epoch=25 step=400 mean_l2=0.02991 std_l2=0.02095
2026-05-13 16:28:52,650 INFO CSMF2.step_1_1_1.run :: epoch=25 step=400/429 train_nll=-3591.462
2026-05-13 16:29:28,858 INFO CSMF2.step_1_1_1.run :: epoch=25  train_nll=-3591.292  val_nll=-3620.793  t=395.6s
2026-05-13 16:29:28,858 INFO CSMF2.step_1_1_1.run :: [glow] film_gain mean=0.2568 min=0.2375 max=0.2692
2026-05-13 16:29:28,858 INFO CSMF2.step_1_1_1.run :: [shuffle] gap_mean=17.757 hinge=0.0000 lambda=1.000 margin=0.50
2026-05-13 16:29:28,858 INFO CSMF2.step_1_1_1.run :: [h_std] total=0.04909 batch=0.04825 penalty=0.00185 target=0.0500 mu=10.000
2026-05-13 16:29:28,858 INFO CSMF2.step_1_1_1.run :: [lat_epoch] mean_l2=0.03648 std_l2=0.02696 (no penalty)
2026-05-13 16:29:28,858 INFO CSMF2.step_1_1_1.run :: [y_resid] alpha=0.1520
2026-05-13 16:29:28,858 INFO CSMF2.step_1_1_1.run :: [grad] cond=96.6259 film_gain=1175.1066
2026-05-13 16:30:21,606 INFO CSMF2.step_1_1_1.run :: [h] epoch=26 step=50 total=0.05119 batch=0.05087
2026-05-13 16:30:21,607 INFO CSMF2.step_1_1_1.run :: [lat] epoch=26 step=50 mean_l2=0.02675 std_l2=0.02479
2026-05-13 16:30:22,025 INFO CSMF2.step_1_1_1.run :: epoch=26 step=50/429 train_nll=-3594.563
2026-05-13 16:31:06,400 INFO CSMF2.step_1_1_1.run :: [h] epoch=26 step=100 total=0.04927 batch=0.04869
2026-05-13 16:31:06,401 INFO CSMF2.step_1_1_1.run :: [lat] epoch=26 step=100 mean_l2=0.03578 std_l2=0.02344
2026-05-13 16:31:06,806 INFO CSMF2.step_1_1_1.run :: epoch=26 step=100/429 train_nll=-3591.931
2026-05-13 16:31:51,672 INFO CSMF2.step_1_1_1.run :: [h] epoch=26 step=150 total=0.05178 batch=0.05101
2026-05-13 16:31:51,673 INFO CSMF2.step_1_1_1.run :: [lat] epoch=26 step=150 mean_l2=0.02967 std_l2=0.02693
2026-05-13 16:31:52,123 INFO CSMF2.step_1_1_1.run :: epoch=26 step=150/429 train_nll=-3597.952
2026-05-13 16:32:36,782 INFO CSMF2.step_1_1_1.run :: [h] epoch=26 step=200 total=0.05130 batch=0.05064
2026-05-13 16:32:36,783 INFO CSMF2.step_1_1_1.run :: [lat] epoch=26 step=200 mean_l2=0.03199 std_l2=0.01899
2026-05-13 16:32:37,201 INFO CSMF2.step_1_1_1.run :: epoch=26 step=200/429 train_nll=-3597.849
2026-05-13 16:33:21,807 INFO CSMF2.step_1_1_1.run :: [h] epoch=26 step=250 total=0.05048 batch=0.04940
2026-05-13 16:33:21,808 INFO CSMF2.step_1_1_1.run :: [lat] epoch=26 step=250 mean_l2=0.03737 std_l2=0.05020
2026-05-13 16:33:22,218 INFO CSMF2.step_1_1_1.run :: epoch=26 step=250/429 train_nll=-3591.146
2026-05-13 16:34:06,673 INFO CSMF2.step_1_1_1.run :: [h] epoch=26 step=300 total=0.04876 batch=0.04748
2026-05-13 16:34:06,673 INFO CSMF2.step_1_1_1.run :: [lat] epoch=26 step=300 mean_l2=0.03511 std_l2=0.03272
2026-05-13 16:34:07,124 INFO CSMF2.step_1_1_1.run :: epoch=26 step=300/429 train_nll=-3587.308
2026-05-13 16:34:51,597 INFO CSMF2.step_1_1_1.run :: [h] epoch=26 step=350 total=0.04923 batch=0.04817
2026-05-13 16:34:51,597 INFO CSMF2.step_1_1_1.run :: [lat] epoch=26 step=350 mean_l2=0.03216 std_l2=0.02522
2026-05-13 16:34:52,007 INFO CSMF2.step_1_1_1.run :: epoch=26 step=350/429 train_nll=-3589.857
2026-05-13 16:35:36,333 INFO CSMF2.step_1_1_1.run :: [h] epoch=26 step=400 total=0.05114 batch=0.05017
2026-05-13 16:35:36,333 INFO CSMF2.step_1_1_1.run :: [lat] epoch=26 step=400 mean_l2=0.01797 std_l2=0.01906
2026-05-13 16:35:36,752 INFO CSMF2.step_1_1_1.run :: epoch=26 step=400/429 train_nll=-3591.559
2026-05-13 16:36:12,895 INFO CSMF2.step_1_1_1.run :: epoch=26  train_nll=-3591.386  val_nll=-3602.954  t=396.0s
2026-05-13 16:36:12,895 INFO CSMF2.step_1_1_1.run :: [glow] film_gain mean=0.2550 min=0.2337 max=0.2674
2026-05-13 16:36:12,895 INFO CSMF2.step_1_1_1.run :: [shuffle] gap_mean=18.595 hinge=0.0000 lambda=1.000 margin=0.50
2026-05-13 16:36:12,895 INFO CSMF2.step_1_1_1.run :: [h_std] total=0.05019 batch=0.04919 penalty=0.00103 target=0.0500 mu=10.000
2026-05-13 16:36:12,895 INFO CSMF2.step_1_1_1.run :: [lat_epoch] mean_l2=0.03529 std_l2=0.03203 (no penalty)
2026-05-13 16:36:12,895 INFO CSMF2.step_1_1_1.run :: [y_resid] alpha=0.1462
2026-05-13 16:36:12,895 INFO CSMF2.step_1_1_1.run :: [grad] cond=101.7584 film_gain=1440.9494
2026-05-13 16:37:05,278 INFO CSMF2.step_1_1_1.run :: [h] epoch=27 step=50 total=0.05108 batch=0.05007
2026-05-13 16:37:05,279 INFO CSMF2.step_1_1_1.run :: [lat] epoch=27 step=50 mean_l2=0.02318 std_l2=0.02016
2026-05-13 16:37:05,689 INFO CSMF2.step_1_1_1.run :: epoch=27 step=50/429 train_nll=-3608.484
2026-05-13 16:37:50,279 INFO CSMF2.step_1_1_1.run :: [h] epoch=27 step=100 total=0.05099 batch=0.04990
2026-05-13 16:37:50,280 INFO CSMF2.step_1_1_1.run :: [lat] epoch=27 step=100 mean_l2=0.02643 std_l2=0.02523
2026-05-13 16:37:50,732 INFO CSMF2.step_1_1_1.run :: epoch=27 step=100/429 train_nll=-3596.688
2026-05-13 16:38:35,188 INFO CSMF2.step_1_1_1.run :: [h] epoch=27 step=150 total=0.04940 batch=0.04873
2026-05-13 16:38:35,188 INFO CSMF2.step_1_1_1.run :: [lat] epoch=27 step=150 mean_l2=0.03830 std_l2=0.02404
2026-05-13 16:38:35,607 INFO CSMF2.step_1_1_1.run :: epoch=27 step=150/429 train_nll=-3601.498
2026-05-13 16:39:20,002 INFO CSMF2.step_1_1_1.run :: [h] epoch=27 step=200 total=0.04905 batch=0.04784
2026-05-13 16:39:20,002 INFO CSMF2.step_1_1_1.run :: [lat] epoch=27 step=200 mean_l2=0.02568 std_l2=0.02851
2026-05-13 16:39:20,413 INFO CSMF2.step_1_1_1.run :: epoch=27 step=200/429 train_nll=-3596.982
2026-05-13 16:40:04,747 INFO CSMF2.step_1_1_1.run :: [h] epoch=27 step=250 total=0.05050 batch=0.04999
2026-05-13 16:40:04,747 INFO CSMF2.step_1_1_1.run :: [lat] epoch=27 step=250 mean_l2=0.04769 std_l2=0.04523
2026-05-13 16:40:05,157 INFO CSMF2.step_1_1_1.run :: epoch=27 step=250/429 train_nll=-3595.534
2026-05-13 16:40:49,699 INFO CSMF2.step_1_1_1.run :: [h] epoch=27 step=300 total=0.05016 batch=0.04822
2026-05-13 16:40:49,700 INFO CSMF2.step_1_1_1.run :: [lat] epoch=27 step=300 mean_l2=0.03128 std_l2=0.02315
2026-05-13 16:40:50,148 INFO CSMF2.step_1_1_1.run :: epoch=27 step=300/429 train_nll=-3590.345
2026-05-13 16:41:34,369 INFO CSMF2.step_1_1_1.run :: [h] epoch=27 step=350 total=0.04972 batch=0.04895
2026-05-13 16:41:34,369 INFO CSMF2.step_1_1_1.run :: [lat] epoch=27 step=350 mean_l2=0.02800 std_l2=0.02338
2026-05-13 16:41:34,787 INFO CSMF2.step_1_1_1.run :: epoch=27 step=350/429 train_nll=-3591.084
2026-05-13 16:42:19,356 INFO CSMF2.step_1_1_1.run :: [h] epoch=27 step=400 total=0.04979 batch=0.04911
2026-05-13 16:42:19,356 INFO CSMF2.step_1_1_1.run :: [lat] epoch=27 step=400 mean_l2=0.02280 std_l2=0.03734
2026-05-13 16:42:19,819 INFO CSMF2.step_1_1_1.run :: epoch=27 step=400/429 train_nll=-3590.543
2026-05-13 16:42:56,162 INFO CSMF2.step_1_1_1.run :: epoch=27  train_nll=-3591.031  val_nll=-3614.419  t=395.4s
2026-05-13 16:42:56,162 INFO CSMF2.step_1_1_1.run :: [glow] film_gain mean=0.2533 min=0.2313 max=0.2660
2026-05-13 16:42:56,162 INFO CSMF2.step_1_1_1.run :: [shuffle] gap_mean=18.518 hinge=0.0000 lambda=1.000 margin=0.50
2026-05-13 16:42:56,162 INFO CSMF2.step_1_1_1.run :: [h_std] total=0.04973 batch=0.04889 penalty=0.00126 target=0.0500 mu=10.000
2026-05-13 16:42:56,162 INFO CSMF2.step_1_1_1.run :: [lat_epoch] mean_l2=0.03562 std_l2=0.03039 (no penalty)
2026-05-13 16:42:56,162 INFO CSMF2.step_1_1_1.run :: [y_resid] alpha=0.1466
2026-05-13 16:42:56,162 INFO CSMF2.step_1_1_1.run :: [grad] cond=44.9472 film_gain=691.5939
2026-05-13 16:43:49,489 INFO CSMF2.step_1_1_1.run :: [h] epoch=28 step=50 total=0.05065 batch=0.05003
2026-05-13 16:43:49,490 INFO CSMF2.step_1_1_1.run :: [lat] epoch=28 step=50 mean_l2=0.02608 std_l2=0.02477
2026-05-13 16:43:49,906 INFO CSMF2.step_1_1_1.run :: epoch=28 step=50/429 train_nll=-3585.625
2026-05-13 16:44:34,661 INFO CSMF2.step_1_1_1.run :: [h] epoch=28 step=100 total=0.05070 batch=0.05002
2026-05-13 16:44:34,661 INFO CSMF2.step_1_1_1.run :: [lat] epoch=28 step=100 mean_l2=0.02616 std_l2=0.02512
2026-05-13 16:44:35,071 INFO CSMF2.step_1_1_1.run :: epoch=28 step=100/429 train_nll=-3597.778
2026-05-13 16:45:19,897 INFO CSMF2.step_1_1_1.run :: [h] epoch=28 step=150 total=0.04932 batch=0.04839
2026-05-13 16:45:19,898 INFO CSMF2.step_1_1_1.run :: [lat] epoch=28 step=150 mean_l2=0.05081 std_l2=0.05582
2026-05-13 16:45:20,348 INFO CSMF2.step_1_1_1.run :: epoch=28 step=150/429 train_nll=-3599.291
2026-05-13 16:46:04,713 INFO CSMF2.step_1_1_1.run :: [h] epoch=28 step=200 total=0.04852 batch=0.04753
2026-05-13 16:46:04,714 INFO CSMF2.step_1_1_1.run :: [lat] epoch=28 step=200 mean_l2=0.02901 std_l2=0.02048
2026-05-13 16:46:05,124 INFO CSMF2.step_1_1_1.run :: epoch=28 step=200/429 train_nll=-3600.218
2026-05-13 16:46:49,438 INFO CSMF2.step_1_1_1.run :: [h] epoch=28 step=250 total=0.05097 batch=0.05033
2026-05-13 16:46:49,439 INFO CSMF2.step_1_1_1.run :: [lat] epoch=28 step=250 mean_l2=0.04644 std_l2=0.02276
2026-05-13 16:46:49,848 INFO CSMF2.step_1_1_1.run :: epoch=28 step=250/429 train_nll=-3602.612
2026-05-13 16:47:34,203 INFO CSMF2.step_1_1_1.run :: [h] epoch=28 step=300 total=0.05256 batch=0.05130
2026-05-13 16:47:34,204 INFO CSMF2.step_1_1_1.run :: [lat] epoch=28 step=300 mean_l2=0.07157 std_l2=0.03801
2026-05-13 16:47:34,615 INFO CSMF2.step_1_1_1.run :: epoch=28 step=300/429 train_nll=-3597.275
2026-05-13 16:48:18,994 INFO CSMF2.step_1_1_1.run :: [h] epoch=28 step=350 total=0.05080 batch=0.05007
2026-05-13 16:48:18,995 INFO CSMF2.step_1_1_1.run :: [lat] epoch=28 step=350 mean_l2=0.05543 std_l2=0.08420
2026-05-13 16:48:19,444 INFO CSMF2.step_1_1_1.run :: epoch=28 step=350/429 train_nll=-3595.770
2026-05-13 16:49:03,942 INFO CSMF2.step_1_1_1.run :: [h] epoch=28 step=400 total=0.05123 batch=0.05060
2026-05-13 16:49:03,942 INFO CSMF2.step_1_1_1.run :: [lat] epoch=28 step=400 mean_l2=0.02268 std_l2=0.02105
2026-05-13 16:49:04,352 INFO CSMF2.step_1_1_1.run :: epoch=28 step=400/429 train_nll=-3596.608
2026-05-13 16:49:40,572 INFO CSMF2.step_1_1_1.run :: epoch=28  train_nll=-3594.633  val_nll=-3588.181  t=395.2s
2026-05-13 16:49:40,572 INFO CSMF2.step_1_1_1.run :: [glow] film_gain mean=0.2514 min=0.2247 max=0.2655
2026-05-13 16:49:40,572 INFO CSMF2.step_1_1_1.run :: [shuffle] gap_mean=19.732 hinge=0.0000 lambda=1.000 margin=0.50
2026-05-13 16:49:40,572 INFO CSMF2.step_1_1_1.run :: [h_std] total=0.05039 batch=0.04968 penalty=0.00069 target=0.0500 mu=10.000
2026-05-13 16:49:40,572 INFO CSMF2.step_1_1_1.run :: [lat_epoch] mean_l2=0.03620 std_l2=0.02907 (no penalty)
2026-05-13 16:49:40,572 INFO CSMF2.step_1_1_1.run :: [y_resid] alpha=0.1476
2026-05-13 16:49:40,572 INFO CSMF2.step_1_1_1.run :: [grad] cond=22.3700 film_gain=1149.2269
2026-05-13 16:50:34,517 INFO CSMF2.step_1_1_1.run :: [h] epoch=29 step=50 total=0.05171 batch=0.05095
2026-05-13 16:50:34,518 INFO CSMF2.step_1_1_1.run :: [lat] epoch=29 step=50 mean_l2=0.02350 std_l2=0.07106
2026-05-13 16:50:34,929 INFO CSMF2.step_1_1_1.run :: epoch=29 step=50/429 train_nll=-3600.876
2026-05-13 16:51:19,605 INFO CSMF2.step_1_1_1.run :: [h] epoch=29 step=100 total=0.04830 batch=0.04742
2026-05-13 16:51:19,606 INFO CSMF2.step_1_1_1.run :: [lat] epoch=29 step=100 mean_l2=0.04747 std_l2=0.02247
2026-05-13 16:51:20,058 INFO CSMF2.step_1_1_1.run :: epoch=29 step=100/429 train_nll=-3593.130
2026-05-13 16:52:04,543 INFO CSMF2.step_1_1_1.run :: [h] epoch=29 step=150 total=0.05129 batch=0.05085
2026-05-13 16:52:04,544 INFO CSMF2.step_1_1_1.run :: [lat] epoch=29 step=150 mean_l2=0.05465 std_l2=0.03508
2026-05-13 16:52:04,954 INFO CSMF2.step_1_1_1.run :: epoch=29 step=150/429 train_nll=-3592.771
2026-05-13 16:52:49,685 INFO CSMF2.step_1_1_1.run :: [h] epoch=29 step=200 total=0.05014 batch=0.04955
2026-05-13 16:52:49,685 INFO CSMF2.step_1_1_1.run :: [lat] epoch=29 step=200 mean_l2=0.02828 std_l2=0.02491
2026-05-13 16:52:50,136 INFO CSMF2.step_1_1_1.run :: epoch=29 step=200/429 train_nll=-3595.273
2026-05-13 16:53:34,551 INFO CSMF2.step_1_1_1.run :: [h] epoch=29 step=250 total=0.05183 batch=0.05112
2026-05-13 16:53:34,551 INFO CSMF2.step_1_1_1.run :: [lat] epoch=29 step=250 mean_l2=0.02432 std_l2=0.02080
2026-05-13 16:53:34,961 INFO CSMF2.step_1_1_1.run :: epoch=29 step=250/429 train_nll=-3598.125
2026-05-13 16:54:19,649 INFO CSMF2.step_1_1_1.run :: [h] epoch=29 step=300 total=0.05138 batch=0.05079
2026-05-13 16:54:19,649 INFO CSMF2.step_1_1_1.run :: [lat] epoch=29 step=300 mean_l2=0.02943 std_l2=0.02430
2026-05-13 16:54:20,100 INFO CSMF2.step_1_1_1.run :: epoch=29 step=300/429 train_nll=-3599.668
2026-05-13 16:55:04,693 INFO CSMF2.step_1_1_1.run :: [h] epoch=29 step=350 total=0.05066 batch=0.05023
2026-05-13 16:55:04,694 INFO CSMF2.step_1_1_1.run :: [lat] epoch=29 step=350 mean_l2=0.02773 std_l2=0.02532
2026-05-13 16:55:05,144 INFO CSMF2.step_1_1_1.run :: epoch=29 step=350/429 train_nll=-3600.374
2026-05-13 16:55:49,354 INFO CSMF2.step_1_1_1.run :: [h] epoch=29 step=400 total=0.05081 batch=0.05011
2026-05-13 16:55:49,355 INFO CSMF2.step_1_1_1.run :: [lat] epoch=29 step=400 mean_l2=0.03143 std_l2=0.02351
2026-05-13 16:55:49,765 INFO CSMF2.step_1_1_1.run :: epoch=29 step=400/429 train_nll=-3600.653
2026-05-13 16:56:26,307 INFO CSMF2.step_1_1_1.run :: epoch=29  train_nll=-3601.656  val_nll=-3624.175  t=396.4s
2026-05-13 16:56:26,307 INFO CSMF2.step_1_1_1.run :: [glow] film_gain mean=0.2504 min=0.2229 max=0.2647
2026-05-13 16:56:26,307 INFO CSMF2.step_1_1_1.run :: [shuffle] gap_mean=20.151 hinge=0.0000 lambda=1.000 margin=0.50
2026-05-13 16:56:26,307 INFO CSMF2.step_1_1_1.run :: [h_std] total=0.05048 batch=0.04978 penalty=0.00063 target=0.0500 mu=10.000
2026-05-13 16:56:26,307 INFO CSMF2.step_1_1_1.run :: [lat_epoch] mean_l2=0.03425 std_l2=0.02722 (no penalty)
2026-05-13 16:56:26,307 INFO CSMF2.step_1_1_1.run :: [y_resid] alpha=0.1477
2026-05-13 16:56:26,307 INFO CSMF2.step_1_1_1.run :: [grad] cond=25.1795 film_gain=689.3943
2026-05-13 16:56:35,452 WARNING CSMF2.step_1_1_1.run :: [exit_gate] fwd_rel=0.978 > target 0.500 (informational; no resume baseline available)
2026-05-13 16:56:56,341 INFO CSMF2.step_1_1_1.run :: [run] FINAL test_nll (sealed 10k) = -3622.159
2026-05-13 16:56:57,204 INFO CSMF2.experiments.step_1_1_1.density_plots :: [plot_latent_density] saved -> CSMF2/experiments/step_1_1_1/results/glow_s2_n0.00_seed0_c6f075322b36/plots/latent_density.png  (ks=0.0268, mean=-0.072, std=1.003)
2026-05-13 16:56:57,552 INFO CSMF2.experiments.step_1_1_1.density_plots :: [plot_cycle_density] saved -> CSMF2/experiments/step_1_1_1/results/glow_s2_n0.00_seed0_c6f075322b36/plots/cycle_density.png  (max|err|=2.062e-05 rms=5.310e-07)
2026-05-13 16:56:58,053 INFO CSMF2.experiments.step_1_1_1.density_plots :: [plot_reconstruction_panel] saved -> CSMF2/experiments/step_1_1_1/results/glow_s2_n0.00_seed0_c6f075322b36/plots/reconstruction_panel.png  rms(enc-prior)=2.010
==============================================================
[1mSTEP-1_1_1 RUN SUMMARY[0m
==============================================================
expert: glow   scale: 2   noise: 0.0   seed: 0   epochs: 30
train NLL:    -2960.19  ->    -3601.66  (Δ = -641.46)
test  NLL:    -3240.01  ->    -3624.17

[1mHARD GATES (halt on fail)[0m
  [32m 30/30  ✓[0m  invertibility FP64 <1e-5
  [33m 14/30  ✗[0m  latent KS vs N(0,1) <0.05
  [32m 30/30  ✓[0m  cycle_max < 1e-12
  [31m  0/30  ✗[0m  h std > 1e-3
  [31m  0/30  ✗[0m  FiLM γ,β std > 1e-3 aggregate
  [31m  0/30  ✗[0m  (y,seed) max|Δh| < 1e-6
  [32m 30/30  ✓[0m  no NaN/Inf this epoch
  [32m  1/1   ✓[0m  numeric log-det (FP64, once)

[1mINFORMATIONAL (logged, non-blocking)[0m
  [31m  0/30  ✗[0m  null-control gap ≥ 0.10
  [31m  0/30  ✗[0m  h_st Δlogp slope > 1e-3
  [31m  0/30  ✗[0m  grad norm > 1e-6
  [32m 30/30  ✓[0m  fwd residual reported
--------------------------------------------------------------
[1mHARD TOTAL: 105/211[0m  (49.8%)
[1mEXIT_CRITERIA_MET:[0m [31mNO[0m
[1mREMEDY HINTS:[0m
  - hard gate failed: latent_ks (latent KS vs N(0,1) <0.05) -- check epochs [0, 1, 4, 5, 6, 14, 16, 18, 19, 20, 21, 24, 25, 26, 28, 29]
  - hard gate failed: h_alive (h std > 1e-3) -- check epochs [0, 1, 2, 3, 4, 5, 6, 7, 8, 9, 10, 11, 12, 13, 14, 15, 16, 17, 18, 19, 20, 21, 22, 23, 24, 25, 26, 27, 28, 29]
  - hard gate failed: film_alive (FiLM γ,β std > 1e-3 aggregate) -- check epochs [0, 1, 2, 3, 4, 5, 6, 7, 8, 9, 10, 11, 12, 13, 14, 15, 16, 17, 18, 19, 20, 21, 22, 23, 24, 25, 26, 27, 28, 29]
  - hard gate failed: determinism ((y,seed) max|Δh| < 1e-6) -- check epochs [0, 1, 2, 3, 4, 5, 6, 7, 8, 9, 10, 11, 12, 13, 14, 15, 16, 17, 18, 19, 20, 21, 22, 23, 24, 25, 26, 27, 28, 29]
[33mSTEP-1_1_1 SOFT WARNINGS (non-blocking):[0m
  ! fwd_rel=0.978 > target 0.500 (informational; no resume baseline available)
==============================================================
2026-05-13 16:56:58,125 INFO CSMF2.step_1_1_1.run :: STEP-1_1 run DONE  exit_ok=False  out=CSMF2/experiments/step_1_1_1/results/glow_s2_n0.00_seed0_c6f075322b36
