2026-05-14 07:47:08,697 INFO CSMF2.step_1_1_1.run :: STEP-1_1 run | tag=glow_s2_n0.10_seed0_3f865a10d80b | cfg=StepCfg(data_root='./mnist_data', scale=2, blur_sigma=1.0, noise_sigma=0.1, batch_size=128, expert='glow', dim=784, cond_width=128, h_dim=256, flow_hidden=256, use_film=True, cache_h=True, use_v2_conditioner=True, film_depth=2, film_hidden=128, film_use_gelu=True, realnvp_n_couplings=6, realnvp_s_max=2.0, glow_n_steps=8, glow_coupling_hidden=256, glow_s_max=2.0, glow_squeeze=True, glow_n_levels=1, glow_image_c=1, glow_image_h=28, glow_image_w=28, glow_film_gain_init=0.3, lr=0.001, epochs=30, weight_decay=0.0, grad_clip=5.0, shuffle_loss_lambda=1.0, shuffle_loss_margin=0.5, h_std_penalty_mu=10.0, h_std_target=0.05, cond_y_residual_alpha_init=0.3, latent_moment_lambda=0.0, latent_ks_target=0.1, fwd_rel_target=0.5, resume_from=None, seed=0, out_root='./CSMF2/experiments/step_1_1_1/results', log_every=50, sanity_every_epoch=True)
2026-05-14 07:47:08,765 INFO CSMF2.step_1_1_1.run :: [run] data sizes: train=55000  val=5000 (per-epoch)  test=10000 (final-only)
2026-05-14 07:47:08,832 INFO CSMF2.step_1_1_1.run :: [y_sanity] y.std(dim=0).mean() = 0.1512  shape=(128, 1, 14, 14)
2026-05-14 07:47:08,950 INFO CSMF2.models.flows.glow.actnorm :: [Actnorm] data-init: C=4  s_mean=0.562  b_mean=1.188
2026-05-14 07:47:08,986 INFO CSMF2.models.experts :: [CondGlow.init_actnorm] step 0 done
2026-05-14 07:47:08,987 INFO CSMF2.models.flows.glow.actnorm :: [Actnorm] data-init: C=4  s_mean=1.192  b_mean=0.002
2026-05-14 07:47:09,021 INFO CSMF2.models.experts :: [CondGlow.init_actnorm] step 1 done
2026-05-14 07:47:09,022 INFO CSMF2.models.flows.glow.actnorm :: [Actnorm] data-init: C=4  s_mean=0.964  b_mean=-0.012
2026-05-14 07:47:09,056 INFO CSMF2.models.experts :: [CondGlow.init_actnorm] step 2 done
2026-05-14 07:47:09,057 INFO CSMF2.models.flows.glow.actnorm :: [Actnorm] data-init: C=4  s_mean=1.038  b_mean=-0.000
2026-05-14 07:47:09,091 INFO CSMF2.models.experts :: [CondGlow.init_actnorm] step 3 done
2026-05-14 07:47:09,092 INFO CSMF2.models.flows.glow.actnorm :: [Actnorm] data-init: C=4  s_mean=1.041  b_mean=0.005
2026-05-14 07:47:09,126 INFO CSMF2.models.experts :: [CondGlow.init_actnorm] step 4 done
2026-05-14 07:47:09,127 INFO CSMF2.models.flows.glow.actnorm :: [Actnorm] data-init: C=4  s_mean=1.264  b_mean=0.016
2026-05-14 07:47:09,162 INFO CSMF2.models.experts :: [CondGlow.init_actnorm] step 5 done
2026-05-14 07:47:09,162 INFO CSMF2.models.flows.glow.actnorm :: [Actnorm] data-init: C=4  s_mean=1.074  b_mean=0.000
2026-05-14 07:47:09,196 INFO CSMF2.models.experts :: [CondGlow.init_actnorm] step 6 done
2026-05-14 07:47:09,197 INFO CSMF2.models.flows.glow.actnorm :: [Actnorm] data-init: C=4  s_mean=0.975  b_mean=-0.008
2026-05-14 07:47:09,231 INFO CSMF2.models.experts :: [CondGlow.init_actnorm] step 7 done
2026-05-14 07:47:09,232 INFO CSMF2.step_1_1_1.run :: [run] logdet twin check SKIPPED for Glow: twin-flow logdet check incompatible with image-shape Glow; per-epoch invertibility_check covers correctness
2026-05-14 07:47:53,817 INFO CSMF2.step_1_1_1.run :: [h] epoch=0 step=50 total=0.06222 batch=0.03164
2026-05-14 07:47:53,817 INFO CSMF2.step_1_1_1.run :: [lat] epoch=0 step=50 mean_l2=0.34930 std_l2=0.33226
2026-05-14 07:47:54,269 INFO CSMF2.step_1_1_1.run :: epoch=0 step=50/429 train_nll=-1978.552
2026-05-14 07:48:38,371 INFO CSMF2.step_1_1_1.run :: [h] epoch=0 step=100 total=0.04285 batch=0.03089
2026-05-14 07:48:38,372 INFO CSMF2.step_1_1_1.run :: [lat] epoch=0 step=100 mean_l2=0.09421 std_l2=0.26906
2026-05-14 07:48:38,773 INFO CSMF2.step_1_1_1.run :: epoch=0 step=100/429 train_nll=-2365.936
2026-05-14 07:49:22,730 INFO CSMF2.step_1_1_1.run :: [h] epoch=0 step=150 total=0.03955 batch=0.03038
2026-05-14 07:49:22,731 INFO CSMF2.step_1_1_1.run :: [lat] epoch=0 step=150 mean_l2=0.13005 std_l2=0.15965
2026-05-14 07:49:23,170 INFO CSMF2.step_1_1_1.run :: epoch=0 step=150/429 train_nll=-2558.125
2026-05-14 07:50:06,944 INFO CSMF2.step_1_1_1.run :: [h] epoch=0 step=200 total=0.03454 batch=0.02901
2026-05-14 07:50:06,945 INFO CSMF2.step_1_1_1.run :: [lat] epoch=0 step=200 mean_l2=0.09699 std_l2=0.15044
2026-05-14 07:50:07,353 INFO CSMF2.step_1_1_1.run :: epoch=0 step=200/429 train_nll=-2670.350
2026-05-14 07:50:51,149 INFO CSMF2.step_1_1_1.run :: [h] epoch=0 step=250 total=0.03766 batch=0.03061
2026-05-14 07:50:51,149 INFO CSMF2.step_1_1_1.run :: [lat] epoch=0 step=250 mean_l2=0.15704 std_l2=0.12029
2026-05-14 07:50:51,550 INFO CSMF2.step_1_1_1.run :: epoch=0 step=250/429 train_nll=-2755.116
2026-05-14 07:51:35,303 INFO CSMF2.step_1_1_1.run :: [h] epoch=0 step=300 total=0.03631 batch=0.03159
2026-05-14 07:51:35,304 INFO CSMF2.step_1_1_1.run :: [lat] epoch=0 step=300 mean_l2=0.17162 std_l2=0.07122
2026-05-14 07:51:35,711 INFO CSMF2.step_1_1_1.run :: epoch=0 step=300/429 train_nll=-2819.661
2026-05-14 07:52:19,910 INFO CSMF2.step_1_1_1.run :: [h] epoch=0 step=350 total=0.03587 batch=0.03045
2026-05-14 07:52:19,911 INFO CSMF2.step_1_1_1.run :: [lat] epoch=0 step=350 mean_l2=0.04619 std_l2=0.04836
2026-05-14 07:52:20,313 INFO CSMF2.step_1_1_1.run :: epoch=0 step=350/429 train_nll=-2877.728
2026-05-14 07:53:04,348 INFO CSMF2.step_1_1_1.run :: [h] epoch=0 step=400 total=0.03571 batch=0.03190
2026-05-14 07:53:04,348 INFO CSMF2.step_1_1_1.run :: [lat] epoch=0 step=400 mean_l2=0.05936 std_l2=0.06696
2026-05-14 07:53:04,751 INFO CSMF2.step_1_1_1.run :: epoch=0 step=400/429 train_nll=-2919.231
2026-05-14 07:53:40,693 INFO CSMF2.step_1_1_1.run :: epoch=0  train_nll=-2938.824  val_nll=-3227.870  t=391.5s
2026-05-14 07:53:40,694 INFO CSMF2.step_1_1_1.run :: [glow] film_gain mean=0.2983 min=0.2796 max=0.3140
2026-05-14 07:53:40,694 INFO CSMF2.step_1_1_1.run :: [shuffle] gap_mean=0.304 hinge=0.2721 lambda=1.000 margin=0.50
2026-05-14 07:53:40,694 INFO CSMF2.step_1_1_1.run :: [h_std] total=0.04132 batch=0.03098 penalty=0.01902 target=0.0500 mu=10.000
2026-05-14 07:53:40,694 INFO CSMF2.step_1_1_1.run :: [lat_epoch] mean_l2=0.17373 std_l2=0.23831 (no penalty)
2026-05-14 07:53:40,694 INFO CSMF2.step_1_1_1.run :: [y_resid] alpha=0.2722
2026-05-14 07:53:40,694 INFO CSMF2.step_1_1_1.run :: [grad] cond=13.3383 film_gain=137.6356
2026-05-14 07:54:33,425 INFO CSMF2.step_1_1_1.run :: [h] epoch=1 step=50 total=0.03426 batch=0.03053
2026-05-14 07:54:33,426 INFO CSMF2.step_1_1_1.run :: [lat] epoch=1 step=50 mean_l2=0.07174 std_l2=0.06559
2026-05-14 07:54:33,863 INFO CSMF2.step_1_1_1.run :: epoch=1 step=50/429 train_nll=-3272.032
2026-05-14 07:55:18,172 INFO CSMF2.step_1_1_1.run :: [h] epoch=1 step=100 total=0.03628 batch=0.03248
2026-05-14 07:55:18,173 INFO CSMF2.step_1_1_1.run :: [lat] epoch=1 step=100 mean_l2=0.08039 std_l2=0.05091
2026-05-14 07:55:18,575 INFO CSMF2.step_1_1_1.run :: epoch=1 step=100/429 train_nll=-3256.514
2026-05-14 07:56:02,978 INFO CSMF2.step_1_1_1.run :: [h] epoch=1 step=150 total=0.03540 batch=0.03210
2026-05-14 07:56:02,979 INFO CSMF2.step_1_1_1.run :: [lat] epoch=1 step=150 mean_l2=0.07509 std_l2=0.04495
2026-05-14 07:56:03,383 INFO CSMF2.step_1_1_1.run :: epoch=1 step=150/429 train_nll=-3271.478
2026-05-14 07:56:47,666 INFO CSMF2.step_1_1_1.run :: [h] epoch=1 step=200 total=0.03732 batch=0.03343
2026-05-14 07:56:47,667 INFO CSMF2.step_1_1_1.run :: [lat] epoch=1 step=200 mean_l2=0.17533 std_l2=0.03930
2026-05-14 07:56:48,074 INFO CSMF2.step_1_1_1.run :: epoch=1 step=200/429 train_nll=-3279.354
2026-05-14 07:57:32,618 INFO CSMF2.step_1_1_1.run :: [h] epoch=1 step=250 total=0.03620 batch=0.03200
2026-05-14 07:57:32,619 INFO CSMF2.step_1_1_1.run :: [lat] epoch=1 step=250 mean_l2=0.03710 std_l2=0.07228
2026-05-14 07:57:33,029 INFO CSMF2.step_1_1_1.run :: epoch=1 step=250/429 train_nll=-3285.262
2026-05-14 07:58:17,707 INFO CSMF2.step_1_1_1.run :: [h] epoch=1 step=300 total=0.03627 batch=0.03232
2026-05-14 07:58:17,707 INFO CSMF2.step_1_1_1.run :: [lat] epoch=1 step=300 mean_l2=0.05874 std_l2=0.05780
2026-05-14 07:58:18,158 INFO CSMF2.step_1_1_1.run :: epoch=1 step=300/429 train_nll=-3288.536
2026-05-14 07:59:02,907 INFO CSMF2.step_1_1_1.run :: [h] epoch=1 step=350 total=0.03559 batch=0.03274
2026-05-14 07:59:02,908 INFO CSMF2.step_1_1_1.run :: [lat] epoch=1 step=350 mean_l2=0.30543 std_l2=0.03737
2026-05-14 07:59:03,355 INFO CSMF2.step_1_1_1.run :: epoch=1 step=350/429 train_nll=-3293.199
2026-05-14 07:59:48,114 INFO CSMF2.step_1_1_1.run :: [h] epoch=1 step=400 total=0.03573 batch=0.03279
2026-05-14 07:59:48,115 INFO CSMF2.step_1_1_1.run :: [lat] epoch=1 step=400 mean_l2=0.02813 std_l2=0.03232
2026-05-14 07:59:48,532 INFO CSMF2.step_1_1_1.run :: epoch=1 step=400/429 train_nll=-3297.456
2026-05-14 08:00:24,987 INFO CSMF2.step_1_1_1.run :: epoch=1  train_nll=-3301.766  val_nll=-3344.975  t=396.1s
2026-05-14 08:00:24,988 INFO CSMF2.step_1_1_1.run :: [glow] film_gain mean=0.2969 min=0.2737 max=0.3178
2026-05-14 08:00:24,988 INFO CSMF2.step_1_1_1.run :: [shuffle] gap_mean=1.647 hinge=0.0319 lambda=1.000 margin=0.50
2026-05-14 08:00:24,988 INFO CSMF2.step_1_1_1.run :: [h_std] total=0.03654 batch=0.03278 penalty=0.01722 target=0.0500 mu=10.000
2026-05-14 08:00:24,988 INFO CSMF2.step_1_1_1.run :: [lat_epoch] mean_l2=0.10187 std_l2=0.05848 (no penalty)
2026-05-14 08:00:24,988 INFO CSMF2.step_1_1_1.run :: [y_resid] alpha=0.2571
2026-05-14 08:00:24,988 INFO CSMF2.step_1_1_1.run :: [grad] cond=9.1268 film_gain=173.4417
2026-05-14 08:01:17,421 INFO CSMF2.step_1_1_1.run :: [h] epoch=2 step=50 total=0.03648 batch=0.03442
2026-05-14 08:01:17,422 INFO CSMF2.step_1_1_1.run :: [lat] epoch=2 step=50 mean_l2=0.08744 std_l2=0.04732
2026-05-14 08:01:17,868 INFO CSMF2.step_1_1_1.run :: epoch=2 step=50/429 train_nll=-3371.237
2026-05-14 08:02:02,896 INFO CSMF2.step_1_1_1.run :: [h] epoch=2 step=100 total=0.03784 batch=0.03532
2026-05-14 08:02:02,897 INFO CSMF2.step_1_1_1.run :: [lat] epoch=2 step=100 mean_l2=0.04715 std_l2=0.02805
2026-05-14 08:02:03,305 INFO CSMF2.step_1_1_1.run :: epoch=2 step=100/429 train_nll=-3379.657
2026-05-14 08:02:47,611 INFO CSMF2.step_1_1_1.run :: [h] epoch=2 step=150 total=0.03870 batch=0.03587
2026-05-14 08:02:47,611 INFO CSMF2.step_1_1_1.run :: [lat] epoch=2 step=150 mean_l2=0.05903 std_l2=0.02533
2026-05-14 08:02:48,021 INFO CSMF2.step_1_1_1.run :: epoch=2 step=150/429 train_nll=-3377.663
2026-05-14 08:03:32,785 INFO CSMF2.step_1_1_1.run :: [h] epoch=2 step=200 total=0.03861 batch=0.03517
2026-05-14 08:03:32,786 INFO CSMF2.step_1_1_1.run :: [lat] epoch=2 step=200 mean_l2=0.04488 std_l2=0.03957
2026-05-14 08:03:33,202 INFO CSMF2.step_1_1_1.run :: epoch=2 step=200/429 train_nll=-3373.593
2026-05-14 08:04:18,251 INFO CSMF2.step_1_1_1.run :: [h] epoch=2 step=250 total=0.03886 batch=0.03639
2026-05-14 08:04:18,252 INFO CSMF2.step_1_1_1.run :: [lat] epoch=2 step=250 mean_l2=0.06289 std_l2=0.02578
2026-05-14 08:04:18,697 INFO CSMF2.step_1_1_1.run :: epoch=2 step=250/429 train_nll=-3377.987
2026-05-14 08:05:02,836 INFO CSMF2.step_1_1_1.run :: [h] epoch=2 step=300 total=0.03931 batch=0.03742
2026-05-14 08:05:02,837 INFO CSMF2.step_1_1_1.run :: [lat] epoch=2 step=300 mean_l2=0.05522 std_l2=0.03579
2026-05-14 08:05:03,282 INFO CSMF2.step_1_1_1.run :: epoch=2 step=300/429 train_nll=-3382.626
2026-05-14 08:05:47,612 INFO CSMF2.step_1_1_1.run :: [h] epoch=2 step=350 total=0.03829 batch=0.03628
2026-05-14 08:05:47,613 INFO CSMF2.step_1_1_1.run :: [lat] epoch=2 step=350 mean_l2=0.06560 std_l2=0.03041
2026-05-14 08:05:48,023 INFO CSMF2.step_1_1_1.run :: epoch=2 step=350/429 train_nll=-3383.227
2026-05-14 08:06:32,120 INFO CSMF2.step_1_1_1.run :: [h] epoch=2 step=400 total=0.03865 batch=0.03644
2026-05-14 08:06:32,121 INFO CSMF2.step_1_1_1.run :: [lat] epoch=2 step=400 mean_l2=0.03640 std_l2=0.04858
2026-05-14 08:06:32,533 INFO CSMF2.step_1_1_1.run :: epoch=2 step=400/429 train_nll=-3386.139
2026-05-14 08:07:08,611 INFO CSMF2.step_1_1_1.run :: epoch=2  train_nll=-3387.960  val_nll=-3434.913  t=395.8s
2026-05-14 08:07:08,611 INFO CSMF2.step_1_1_1.run :: [glow] film_gain mean=0.2962 min=0.2726 max=0.3180
2026-05-14 08:07:08,611 INFO CSMF2.step_1_1_1.run :: [shuffle] gap_mean=4.559 hinge=0.0094 lambda=1.000 margin=0.50
2026-05-14 08:07:08,611 INFO CSMF2.step_1_1_1.run :: [h_std] total=0.03821 batch=0.03578 penalty=0.01422 target=0.0500 mu=10.000
2026-05-14 08:07:08,611 INFO CSMF2.step_1_1_1.run :: [lat_epoch] mean_l2=0.07878 std_l2=0.05423 (no penalty)
2026-05-14 08:07:08,611 INFO CSMF2.step_1_1_1.run :: [y_resid] alpha=0.2525
2026-05-14 08:07:08,611 INFO CSMF2.step_1_1_1.run :: [grad] cond=12.4815 film_gain=344.5871
2026-05-14 08:08:01,245 INFO CSMF2.step_1_1_1.run :: [h] epoch=3 step=50 total=0.03858 batch=0.03668
2026-05-14 08:08:01,245 INFO CSMF2.step_1_1_1.run :: [lat] epoch=3 step=50 mean_l2=0.05042 std_l2=0.02445
2026-05-14 08:08:01,656 INFO CSMF2.step_1_1_1.run :: epoch=3 step=50/429 train_nll=-3412.353
2026-05-14 08:08:46,001 INFO CSMF2.step_1_1_1.run :: [h] epoch=3 step=100 total=0.03777 batch=0.03564
2026-05-14 08:08:46,002 INFO CSMF2.step_1_1_1.run :: [lat] epoch=3 step=100 mean_l2=0.06849 std_l2=0.04221
2026-05-14 08:08:46,411 INFO CSMF2.step_1_1_1.run :: epoch=3 step=100/429 train_nll=-3401.016
2026-05-14 08:09:31,245 INFO CSMF2.step_1_1_1.run :: [h] epoch=3 step=150 total=0.03664 batch=0.03471
2026-05-14 08:09:31,246 INFO CSMF2.step_1_1_1.run :: [lat] epoch=3 step=150 mean_l2=0.03677 std_l2=0.03838
2026-05-14 08:09:31,661 INFO CSMF2.step_1_1_1.run :: epoch=3 step=150/429 train_nll=-3404.204
2026-05-14 08:10:16,329 INFO CSMF2.step_1_1_1.run :: [h] epoch=3 step=200 total=0.03743 batch=0.03608
2026-05-14 08:10:16,330 INFO CSMF2.step_1_1_1.run :: [lat] epoch=3 step=200 mean_l2=0.08618 std_l2=0.03242
2026-05-14 08:10:16,740 INFO CSMF2.step_1_1_1.run :: epoch=3 step=200/429 train_nll=-3413.458
2026-05-14 08:11:01,601 INFO CSMF2.step_1_1_1.run :: [h] epoch=3 step=250 total=0.04065 batch=0.03549
2026-05-14 08:11:01,602 INFO CSMF2.step_1_1_1.run :: [lat] epoch=3 step=250 mean_l2=0.04863 std_l2=0.05808
2026-05-14 08:11:02,011 INFO CSMF2.step_1_1_1.run :: epoch=3 step=250/429 train_nll=-3400.078
2026-05-14 08:11:46,477 INFO CSMF2.step_1_1_1.run :: [h] epoch=3 step=300 total=0.03509 batch=0.03360
2026-05-14 08:11:46,478 INFO CSMF2.step_1_1_1.run :: [lat] epoch=3 step=300 mean_l2=0.06509 std_l2=0.03702
2026-05-14 08:11:46,924 INFO CSMF2.step_1_1_1.run :: epoch=3 step=300/429 train_nll=-3405.429
2026-05-14 08:12:31,378 INFO CSMF2.step_1_1_1.run :: [h] epoch=3 step=350 total=0.03791 batch=0.03553
2026-05-14 08:12:31,378 INFO CSMF2.step_1_1_1.run :: [lat] epoch=3 step=350 mean_l2=0.08240 std_l2=0.03777
2026-05-14 08:12:31,788 INFO CSMF2.step_1_1_1.run :: epoch=3 step=350/429 train_nll=-3412.250
2026-05-14 08:13:16,373 INFO CSMF2.step_1_1_1.run :: [h] epoch=3 step=400 total=0.03596 batch=0.03456
2026-05-14 08:13:16,373 INFO CSMF2.step_1_1_1.run :: [lat] epoch=3 step=400 mean_l2=0.06278 std_l2=0.03829
2026-05-14 08:13:16,782 INFO CSMF2.step_1_1_1.run :: epoch=3 step=400/429 train_nll=-3417.607
2026-05-14 08:13:53,097 INFO CSMF2.step_1_1_1.run :: epoch=3  train_nll=-3416.984  val_nll=-3371.312  t=396.5s
2026-05-14 08:13:53,097 INFO CSMF2.step_1_1_1.run :: [glow] film_gain mean=0.2938 min=0.2704 max=0.3154
2026-05-14 08:13:53,097 INFO CSMF2.step_1_1_1.run :: [shuffle] gap_mean=4.883 hinge=0.0025 lambda=1.000 margin=0.50
2026-05-14 08:13:53,097 INFO CSMF2.step_1_1_1.run :: [h_std] total=0.03774 batch=0.03547 penalty=0.01453 target=0.0500 mu=10.000
2026-05-14 08:13:53,097 INFO CSMF2.step_1_1_1.run :: [lat_epoch] mean_l2=0.07298 std_l2=0.04544 (no penalty)
2026-05-14 08:13:53,097 INFO CSMF2.step_1_1_1.run :: [y_resid] alpha=0.2289
2026-05-14 08:13:53,097 INFO CSMF2.step_1_1_1.run :: [grad] cond=60.8459 film_gain=381.5978
2026-05-14 08:14:45,613 INFO CSMF2.step_1_1_1.run :: [h] epoch=4 step=50 total=0.03766 batch=0.03506
2026-05-14 08:14:45,613 INFO CSMF2.step_1_1_1.run :: [lat] epoch=4 step=50 mean_l2=0.06703 std_l2=0.02771
2026-05-14 08:14:46,024 INFO CSMF2.step_1_1_1.run :: epoch=4 step=50/429 train_nll=-3404.296
2026-05-14 08:15:30,520 INFO CSMF2.step_1_1_1.run :: [h] epoch=4 step=100 total=0.03920 batch=0.03363
2026-05-14 08:15:30,521 INFO CSMF2.step_1_1_1.run :: [lat] epoch=4 step=100 mean_l2=0.05079 std_l2=0.04593
2026-05-14 08:15:30,937 INFO CSMF2.step_1_1_1.run :: epoch=4 step=100/429 train_nll=-3428.334
2026-05-14 08:16:15,660 INFO CSMF2.step_1_1_1.run :: [h] epoch=4 step=150 total=0.03326 batch=0.03158
2026-05-14 08:16:15,661 INFO CSMF2.step_1_1_1.run :: [lat] epoch=4 step=150 mean_l2=0.02688 std_l2=0.04197
2026-05-14 08:16:16,070 INFO CSMF2.step_1_1_1.run :: epoch=4 step=150/429 train_nll=-3428.746
2026-05-14 08:17:00,398 INFO CSMF2.step_1_1_1.run :: [h] epoch=4 step=200 total=0.03270 batch=0.03163
2026-05-14 08:17:00,398 INFO CSMF2.step_1_1_1.run :: [lat] epoch=4 step=200 mean_l2=0.04840 std_l2=0.03531
2026-05-14 08:17:00,806 INFO CSMF2.step_1_1_1.run :: epoch=4 step=200/429 train_nll=-3433.117
2026-05-14 08:17:45,725 INFO CSMF2.step_1_1_1.run :: [h] epoch=4 step=250 total=0.03462 batch=0.03259
2026-05-14 08:17:45,726 INFO CSMF2.step_1_1_1.run :: [lat] epoch=4 step=250 mean_l2=0.10251 std_l2=0.04700
2026-05-14 08:17:46,135 INFO CSMF2.step_1_1_1.run :: epoch=4 step=250/429 train_nll=-3432.020
2026-05-14 08:18:30,756 INFO CSMF2.step_1_1_1.run :: [h] epoch=4 step=300 total=0.03427 batch=0.03310
2026-05-14 08:18:30,757 INFO CSMF2.step_1_1_1.run :: [lat] epoch=4 step=300 mean_l2=0.07536 std_l2=0.03124
2026-05-14 08:18:31,165 INFO CSMF2.step_1_1_1.run :: epoch=4 step=300/429 train_nll=-3436.444
2026-05-14 08:19:15,787 INFO CSMF2.step_1_1_1.run :: [h] epoch=4 step=350 total=0.03409 batch=0.03320
2026-05-14 08:19:15,788 INFO CSMF2.step_1_1_1.run :: [lat] epoch=4 step=350 mean_l2=0.08716 std_l2=0.02950
2026-05-14 08:19:16,197 INFO CSMF2.step_1_1_1.run :: epoch=4 step=350/429 train_nll=-3439.839
2026-05-14 08:20:00,857 INFO CSMF2.step_1_1_1.run :: [h] epoch=4 step=400 total=0.03468 batch=0.03390
2026-05-14 08:20:00,859 INFO CSMF2.step_1_1_1.run :: [lat] epoch=4 step=400 mean_l2=0.05635 std_l2=0.03974
2026-05-14 08:20:01,269 INFO CSMF2.step_1_1_1.run :: epoch=4 step=400/429 train_nll=-3443.515
2026-05-14 08:20:37,495 INFO CSMF2.step_1_1_1.run :: epoch=4  train_nll=-3445.212  val_nll=-3504.009  t=396.5s
2026-05-14 08:20:37,496 INFO CSMF2.step_1_1_1.run :: [glow] film_gain mean=0.2914 min=0.2687 max=0.3131
2026-05-14 08:20:37,496 INFO CSMF2.step_1_1_1.run :: [shuffle] gap_mean=4.589 hinge=0.0279 lambda=1.000 margin=0.50
2026-05-14 08:20:37,496 INFO CSMF2.step_1_1_1.run :: [h_std] total=0.03520 batch=0.03299 penalty=0.01701 target=0.0500 mu=10.000
2026-05-14 08:20:37,496 INFO CSMF2.step_1_1_1.run :: [lat_epoch] mean_l2=0.06460 std_l2=0.04198 (no penalty)
2026-05-14 08:20:37,496 INFO CSMF2.step_1_1_1.run :: [y_resid] alpha=0.2043
2026-05-14 08:20:37,496 INFO CSMF2.step_1_1_1.run :: [grad] cond=34.0853 film_gain=607.2143
2026-05-14 08:21:29,920 INFO CSMF2.step_1_1_1.run :: [h] epoch=5 step=50 total=0.03708 batch=0.03589
2026-05-14 08:21:29,921 INFO CSMF2.step_1_1_1.run :: [lat] epoch=5 step=50 mean_l2=0.05968 std_l2=0.04431
2026-05-14 08:21:30,349 INFO CSMF2.step_1_1_1.run :: epoch=5 step=50/429 train_nll=-3472.173
2026-05-14 08:22:14,759 INFO CSMF2.step_1_1_1.run :: [h] epoch=5 step=100 total=0.03614 batch=0.03538
2026-05-14 08:22:14,760 INFO CSMF2.step_1_1_1.run :: [lat] epoch=5 step=100 mean_l2=0.07231 std_l2=0.04600
2026-05-14 08:22:15,169 INFO CSMF2.step_1_1_1.run :: epoch=5 step=100/429 train_nll=-3475.000
2026-05-14 08:22:59,555 INFO CSMF2.step_1_1_1.run :: [h] epoch=5 step=150 total=0.03631 batch=0.03516
2026-05-14 08:22:59,556 INFO CSMF2.step_1_1_1.run :: [lat] epoch=5 step=150 mean_l2=0.09689 std_l2=0.03252
2026-05-14 08:22:59,966 INFO CSMF2.step_1_1_1.run :: epoch=5 step=150/429 train_nll=-3472.105
2026-05-14 08:23:44,434 INFO CSMF2.step_1_1_1.run :: [h] epoch=5 step=200 total=0.03716 batch=0.03637
2026-05-14 08:23:44,434 INFO CSMF2.step_1_1_1.run :: [lat] epoch=5 step=200 mean_l2=0.08508 std_l2=0.04294
2026-05-14 08:23:44,850 INFO CSMF2.step_1_1_1.run :: epoch=5 step=200/429 train_nll=-3478.393
2026-05-14 08:24:29,568 INFO CSMF2.step_1_1_1.run :: [h] epoch=5 step=250 total=0.04044 batch=0.03931
2026-05-14 08:24:29,569 INFO CSMF2.step_1_1_1.run :: [lat] epoch=5 step=250 mean_l2=0.18772 std_l2=0.03320
2026-05-14 08:24:29,977 INFO CSMF2.step_1_1_1.run :: epoch=5 step=250/429 train_nll=-3475.946
2026-05-14 08:25:14,388 INFO CSMF2.step_1_1_1.run :: [h] epoch=5 step=300 total=0.03761 batch=0.03679
2026-05-14 08:25:14,389 INFO CSMF2.step_1_1_1.run :: [lat] epoch=5 step=300 mean_l2=0.10891 std_l2=0.02623
2026-05-14 08:25:14,835 INFO CSMF2.step_1_1_1.run :: epoch=5 step=300/429 train_nll=-3476.965
2026-05-14 08:25:59,695 INFO CSMF2.step_1_1_1.run :: [h] epoch=5 step=350 total=0.04064 batch=0.03911
2026-05-14 08:25:59,696 INFO CSMF2.step_1_1_1.run :: [lat] epoch=5 step=350 mean_l2=0.06810 std_l2=0.02719
2026-05-14 08:26:00,105 INFO CSMF2.step_1_1_1.run :: epoch=5 step=350/429 train_nll=-3478.756
2026-05-14 08:26:44,312 INFO CSMF2.step_1_1_1.run :: [h] epoch=5 step=400 total=0.03848 batch=0.03769
2026-05-14 08:26:44,312 INFO CSMF2.step_1_1_1.run :: [lat] epoch=5 step=400 mean_l2=0.04167 std_l2=0.02370
2026-05-14 08:26:44,723 INFO CSMF2.step_1_1_1.run :: epoch=5 step=400/429 train_nll=-3482.712
2026-05-14 08:27:21,100 INFO CSMF2.step_1_1_1.run :: epoch=5  train_nll=-3481.901  val_nll=-3453.575  t=395.7s
2026-05-14 08:27:21,100 INFO CSMF2.step_1_1_1.run :: [glow] film_gain mean=0.2899 min=0.2695 max=0.3107
2026-05-14 08:27:21,100 INFO CSMF2.step_1_1_1.run :: [shuffle] gap_mean=7.346 hinge=0.0000 lambda=1.000 margin=0.50
2026-05-14 08:27:21,100 INFO CSMF2.step_1_1_1.run :: [h_std] total=0.03703 batch=0.03617 penalty=0.01383 target=0.0500 mu=10.000
2026-05-14 08:27:21,101 INFO CSMF2.step_1_1_1.run :: [lat_epoch] mean_l2=0.06200 std_l2=0.03586 (no penalty)
2026-05-14 08:27:21,101 INFO CSMF2.step_1_1_1.run :: [y_resid] alpha=0.2126
2026-05-14 08:27:21,101 INFO CSMF2.step_1_1_1.run :: [grad] cond=24.6482 film_gain=566.3002
2026-05-14 08:28:14,440 INFO CSMF2.step_1_1_1.run :: [h] epoch=6 step=50 total=0.04231 batch=0.04092
2026-05-14 08:28:14,444 INFO CSMF2.step_1_1_1.run :: [lat] epoch=6 step=50 mean_l2=0.04715 std_l2=0.04128
2026-05-14 08:28:14,900 INFO CSMF2.step_1_1_1.run :: epoch=6 step=50/429 train_nll=-3483.534
2026-05-14 08:28:59,236 INFO CSMF2.step_1_1_1.run :: [h] epoch=6 step=100 total=0.04093 batch=0.03998
2026-05-14 08:28:59,236 INFO CSMF2.step_1_1_1.run :: [lat] epoch=6 step=100 mean_l2=0.03280 std_l2=0.02777
2026-05-14 08:28:59,659 INFO CSMF2.step_1_1_1.run :: epoch=6 step=100/429 train_nll=-3483.432
2026-05-14 08:29:44,026 INFO CSMF2.step_1_1_1.run :: [h] epoch=6 step=150 total=0.04122 batch=0.04049
2026-05-14 08:29:44,026 INFO CSMF2.step_1_1_1.run :: [lat] epoch=6 step=150 mean_l2=0.04636 std_l2=0.02098
2026-05-14 08:29:44,436 INFO CSMF2.step_1_1_1.run :: epoch=6 step=150/429 train_nll=-3492.047
2026-05-14 08:30:29,068 INFO CSMF2.step_1_1_1.run :: [h] epoch=6 step=200 total=0.04046 batch=0.03884
2026-05-14 08:30:29,068 INFO CSMF2.step_1_1_1.run :: [lat] epoch=6 step=200 mean_l2=0.02943 std_l2=0.03048
2026-05-14 08:30:29,478 INFO CSMF2.step_1_1_1.run :: epoch=6 step=200/429 train_nll=-3483.204
2026-05-14 08:31:14,078 INFO CSMF2.step_1_1_1.run :: [h] epoch=6 step=250 total=0.04012 batch=0.03876
2026-05-14 08:31:14,079 INFO CSMF2.step_1_1_1.run :: [lat] epoch=6 step=250 mean_l2=0.07678 std_l2=0.03164
2026-05-14 08:31:14,489 INFO CSMF2.step_1_1_1.run :: epoch=6 step=250/429 train_nll=-3482.601
2026-05-14 08:31:58,841 INFO CSMF2.step_1_1_1.run :: [h] epoch=6 step=300 total=0.04105 batch=0.04035
2026-05-14 08:31:58,842 INFO CSMF2.step_1_1_1.run :: [lat] epoch=6 step=300 mean_l2=0.05030 std_l2=0.04846
2026-05-14 08:31:59,253 INFO CSMF2.step_1_1_1.run :: epoch=6 step=300/429 train_nll=-3483.108
2026-05-14 08:32:44,064 INFO CSMF2.step_1_1_1.run :: [h] epoch=6 step=350 total=0.04088 batch=0.03967
2026-05-14 08:32:44,064 INFO CSMF2.step_1_1_1.run :: [lat] epoch=6 step=350 mean_l2=0.04971 std_l2=0.02262
2026-05-14 08:32:44,475 INFO CSMF2.step_1_1_1.run :: epoch=6 step=350/429 train_nll=-3481.935
2026-05-14 08:33:28,597 INFO CSMF2.step_1_1_1.run :: [h] epoch=6 step=400 total=0.03856 batch=0.03665
2026-05-14 08:33:28,598 INFO CSMF2.step_1_1_1.run :: [lat] epoch=6 step=400 mean_l2=0.06828 std_l2=0.04393
2026-05-14 08:33:29,045 INFO CSMF2.step_1_1_1.run :: epoch=6 step=400/429 train_nll=-3482.430
2026-05-14 08:34:05,443 INFO CSMF2.step_1_1_1.run :: epoch=6  train_nll=-3485.088  val_nll=-3491.358  t=395.6s
2026-05-14 08:34:05,443 INFO CSMF2.step_1_1_1.run :: [glow] film_gain mean=0.2875 min=0.2648 max=0.3089
2026-05-14 08:34:05,444 INFO CSMF2.step_1_1_1.run :: [shuffle] gap_mean=7.538 hinge=0.0075 lambda=1.000 margin=0.50
2026-05-14 08:34:05,444 INFO CSMF2.step_1_1_1.run :: [h_std] total=0.04076 batch=0.03945 penalty=0.01055 target=0.0500 mu=10.000
2026-05-14 08:34:05,444 INFO CSMF2.step_1_1_1.run :: [lat_epoch] mean_l2=0.06554 std_l2=0.04089 (no penalty)
2026-05-14 08:34:05,444 INFO CSMF2.step_1_1_1.run :: [y_resid] alpha=0.2027
2026-05-14 08:34:05,444 INFO CSMF2.step_1_1_1.run :: [grad] cond=17.0436 film_gain=1003.2428
2026-05-14 08:34:57,739 INFO CSMF2.step_1_1_1.run :: [h] epoch=7 step=50 total=0.04012 batch=0.03935
2026-05-14 08:34:57,739 INFO CSMF2.step_1_1_1.run :: [lat] epoch=7 step=50 mean_l2=0.05956 std_l2=0.03766
2026-05-14 08:34:58,149 INFO CSMF2.step_1_1_1.run :: epoch=7 step=50/429 train_nll=-3482.997
2026-05-14 08:35:42,499 INFO CSMF2.step_1_1_1.run :: [h] epoch=7 step=100 total=0.04090 batch=0.04017
2026-05-14 08:35:42,500 INFO CSMF2.step_1_1_1.run :: [lat] epoch=7 step=100 mean_l2=0.07756 std_l2=0.02651
2026-05-14 08:35:42,907 INFO CSMF2.step_1_1_1.run :: epoch=7 step=100/429 train_nll=-3485.823
2026-05-14 08:36:27,316 INFO CSMF2.step_1_1_1.run :: [h] epoch=7 step=150 total=0.03981 batch=0.03907
2026-05-14 08:36:27,317 INFO CSMF2.step_1_1_1.run :: [lat] epoch=7 step=150 mean_l2=0.05492 std_l2=0.05164
2026-05-14 08:36:27,726 INFO CSMF2.step_1_1_1.run :: epoch=7 step=150/429 train_nll=-3488.453
2026-05-14 08:37:12,340 INFO CSMF2.step_1_1_1.run :: [h] epoch=7 step=200 total=0.03984 batch=0.03905
2026-05-14 08:37:12,340 INFO CSMF2.step_1_1_1.run :: [lat] epoch=7 step=200 mean_l2=0.11883 std_l2=0.23819
2026-05-14 08:37:12,750 INFO CSMF2.step_1_1_1.run :: epoch=7 step=200/429 train_nll=-3487.574
2026-05-14 08:37:57,264 INFO CSMF2.step_1_1_1.run :: [h] epoch=7 step=250 total=0.04261 batch=0.04189
2026-05-14 08:37:57,264 INFO CSMF2.step_1_1_1.run :: [lat] epoch=7 step=250 mean_l2=0.04994 std_l2=0.02331
2026-05-14 08:37:57,682 INFO CSMF2.step_1_1_1.run :: epoch=7 step=250/429 train_nll=-3488.476
2026-05-14 08:38:42,191 INFO CSMF2.step_1_1_1.run :: [h] epoch=7 step=300 total=0.04237 batch=0.04176
2026-05-14 08:38:42,192 INFO CSMF2.step_1_1_1.run :: [lat] epoch=7 step=300 mean_l2=0.07302 std_l2=0.02305
2026-05-14 08:38:42,604 INFO CSMF2.step_1_1_1.run :: epoch=7 step=300/429 train_nll=-3491.683
2026-05-14 08:39:26,981 INFO CSMF2.step_1_1_1.run :: [h] epoch=7 step=350 total=0.04117 batch=0.04054
2026-05-14 08:39:26,982 INFO CSMF2.step_1_1_1.run :: [lat] epoch=7 step=350 mean_l2=0.10132 std_l2=0.04585
2026-05-14 08:39:27,395 INFO CSMF2.step_1_1_1.run :: epoch=7 step=350/429 train_nll=-3496.571
2026-05-14 08:40:11,797 INFO CSMF2.step_1_1_1.run :: [h] epoch=7 step=400 total=0.04335 batch=0.04244
2026-05-14 08:40:11,798 INFO CSMF2.step_1_1_1.run :: [lat] epoch=7 step=400 mean_l2=0.06371 std_l2=0.03608
2026-05-14 08:40:12,208 INFO CSMF2.step_1_1_1.run :: epoch=7 step=400/429 train_nll=-3494.301
2026-05-14 08:40:48,510 INFO CSMF2.step_1_1_1.run :: epoch=7  train_nll=-3496.713  val_nll=-3543.380  t=395.2s
2026-05-14 08:40:48,510 INFO CSMF2.step_1_1_1.run :: [glow] film_gain mean=0.2854 min=0.2635 max=0.3062
2026-05-14 08:40:48,510 INFO CSMF2.step_1_1_1.run :: [shuffle] gap_mean=8.212 hinge=0.0000 lambda=1.000 margin=0.50
2026-05-14 08:40:48,510 INFO CSMF2.step_1_1_1.run :: [h_std] total=0.04154 batch=0.04075 penalty=0.00925 target=0.0500 mu=10.000
2026-05-14 08:40:48,510 INFO CSMF2.step_1_1_1.run :: [lat_epoch] mean_l2=0.06068 std_l2=0.03812 (no penalty)
2026-05-14 08:40:48,510 INFO CSMF2.step_1_1_1.run :: [y_resid] alpha=0.2076
2026-05-14 08:40:48,510 INFO CSMF2.step_1_1_1.run :: [grad] cond=18.0703 film_gain=876.0777
2026-05-14 08:41:42,124 INFO CSMF2.step_1_1_1.run :: [h] epoch=8 step=50 total=0.04310 batch=0.04217
2026-05-14 08:41:42,126 INFO CSMF2.step_1_1_1.run :: [lat] epoch=8 step=50 mean_l2=0.02970 std_l2=0.02531
2026-05-14 08:41:42,535 INFO CSMF2.step_1_1_1.run :: epoch=8 step=50/429 train_nll=-3517.025
2026-05-14 08:42:27,429 INFO CSMF2.step_1_1_1.run :: [h] epoch=8 step=100 total=0.04367 batch=0.04284
2026-05-14 08:42:27,430 INFO CSMF2.step_1_1_1.run :: [lat] epoch=8 step=100 mean_l2=0.02944 std_l2=0.02552
2026-05-14 08:42:27,838 INFO CSMF2.step_1_1_1.run :: epoch=8 step=100/429 train_nll=-3506.463
2026-05-14 08:43:12,277 INFO CSMF2.step_1_1_1.run :: [h] epoch=8 step=150 total=0.04515 batch=0.04368
2026-05-14 08:43:12,279 INFO CSMF2.step_1_1_1.run :: [lat] epoch=8 step=150 mean_l2=0.03256 std_l2=0.06161
2026-05-14 08:43:12,688 INFO CSMF2.step_1_1_1.run :: epoch=8 step=150/429 train_nll=-3506.632
2026-05-14 08:43:57,293 INFO CSMF2.step_1_1_1.run :: [h] epoch=8 step=200 total=0.04352 batch=0.04269
2026-05-14 08:43:57,294 INFO CSMF2.step_1_1_1.run :: [lat] epoch=8 step=200 mean_l2=0.03393 std_l2=0.04006
2026-05-14 08:43:57,704 INFO CSMF2.step_1_1_1.run :: epoch=8 step=200/429 train_nll=-3507.926
2026-05-14 08:44:42,153 INFO CSMF2.step_1_1_1.run :: [h] epoch=8 step=250 total=0.04166 batch=0.04082
2026-05-14 08:44:42,153 INFO CSMF2.step_1_1_1.run :: [lat] epoch=8 step=250 mean_l2=0.03607 std_l2=0.03768
2026-05-14 08:44:42,565 INFO CSMF2.step_1_1_1.run :: epoch=8 step=250/429 train_nll=-3506.913
2026-05-14 08:45:27,022 INFO CSMF2.step_1_1_1.run :: [h] epoch=8 step=300 total=0.04461 batch=0.04318
2026-05-14 08:45:27,023 INFO CSMF2.step_1_1_1.run :: [lat] epoch=8 step=300 mean_l2=0.05464 std_l2=0.04044
2026-05-14 08:45:27,431 INFO CSMF2.step_1_1_1.run :: epoch=8 step=300/429 train_nll=-3506.168
2026-05-14 08:46:11,770 INFO CSMF2.step_1_1_1.run :: [h] epoch=8 step=350 total=0.04685 batch=0.04595
2026-05-14 08:46:11,771 INFO CSMF2.step_1_1_1.run :: [lat] epoch=8 step=350 mean_l2=0.04796 std_l2=0.02752
2026-05-14 08:46:12,188 INFO CSMF2.step_1_1_1.run :: epoch=8 step=350/429 train_nll=-3509.679
2026-05-14 08:46:56,669 INFO CSMF2.step_1_1_1.run :: [h] epoch=8 step=400 total=0.04535 batch=0.04468
2026-05-14 08:46:56,670 INFO CSMF2.step_1_1_1.run :: [lat] epoch=8 step=400 mean_l2=0.07128 std_l2=0.03554
2026-05-14 08:46:57,079 INFO CSMF2.step_1_1_1.run :: epoch=8 step=400/429 train_nll=-3513.674
2026-05-14 08:47:33,325 INFO CSMF2.step_1_1_1.run :: epoch=8  train_nll=-3514.350  val_nll=-3529.647  t=395.8s
2026-05-14 08:47:33,325 INFO CSMF2.step_1_1_1.run :: [glow] film_gain mean=0.2834 min=0.2619 max=0.3040
2026-05-14 08:47:33,326 INFO CSMF2.step_1_1_1.run :: [shuffle] gap_mean=8.606 hinge=0.0139 lambda=1.000 margin=0.50
2026-05-14 08:47:33,326 INFO CSMF2.step_1_1_1.run :: [h_std] total=0.04432 batch=0.04337 penalty=0.00663 target=0.0500 mu=10.000
2026-05-14 08:47:33,326 INFO CSMF2.step_1_1_1.run :: [lat_epoch] mean_l2=0.05379 std_l2=0.03708 (no penalty)
2026-05-14 08:47:33,326 INFO CSMF2.step_1_1_1.run :: [y_resid] alpha=0.2062
2026-05-14 08:47:33,326 INFO CSMF2.step_1_1_1.run :: [grad] cond=24.7646 film_gain=804.4831
2026-05-14 08:48:25,862 INFO CSMF2.step_1_1_1.run :: [h] epoch=9 step=50 total=0.04742 batch=0.04678
2026-05-14 08:48:25,864 INFO CSMF2.step_1_1_1.run :: [lat] epoch=9 step=50 mean_l2=0.04250 std_l2=0.03559
2026-05-14 08:48:26,273 INFO CSMF2.step_1_1_1.run :: epoch=9 step=50/429 train_nll=-3534.053
2026-05-14 08:49:10,699 INFO CSMF2.step_1_1_1.run :: [h] epoch=9 step=100 total=0.04583 batch=0.04521
2026-05-14 08:49:10,700 INFO CSMF2.step_1_1_1.run :: [lat] epoch=9 step=100 mean_l2=0.08912 std_l2=0.05457
2026-05-14 08:49:11,109 INFO CSMF2.step_1_1_1.run :: epoch=9 step=100/429 train_nll=-3538.419
2026-05-14 08:49:55,688 INFO CSMF2.step_1_1_1.run :: [h] epoch=9 step=150 total=0.04811 batch=0.04755
2026-05-14 08:49:55,688 INFO CSMF2.step_1_1_1.run :: [lat] epoch=9 step=150 mean_l2=0.07025 std_l2=0.03950
2026-05-14 08:49:56,098 INFO CSMF2.step_1_1_1.run :: epoch=9 step=150/429 train_nll=-3533.988
2026-05-14 08:50:40,515 INFO CSMF2.step_1_1_1.run :: [h] epoch=9 step=200 total=0.05036 batch=0.04921
2026-05-14 08:50:40,515 INFO CSMF2.step_1_1_1.run :: [lat] epoch=9 step=200 mean_l2=0.05744 std_l2=0.06851
2026-05-14 08:50:40,926 INFO CSMF2.step_1_1_1.run :: epoch=9 step=200/429 train_nll=-3528.559
2026-05-14 08:51:25,507 INFO CSMF2.step_1_1_1.run :: [h] epoch=9 step=250 total=0.04948 batch=0.04867
2026-05-14 08:51:25,508 INFO CSMF2.step_1_1_1.run :: [lat] epoch=9 step=250 mean_l2=0.04767 std_l2=0.01954
2026-05-14 08:51:25,917 INFO CSMF2.step_1_1_1.run :: epoch=9 step=250/429 train_nll=-3524.958
2026-05-14 08:52:10,422 INFO CSMF2.step_1_1_1.run :: [h] epoch=9 step=300 total=0.05046 batch=0.04991
2026-05-14 08:52:10,422 INFO CSMF2.step_1_1_1.run :: [lat] epoch=9 step=300 mean_l2=0.05616 std_l2=0.03451
2026-05-14 08:52:10,831 INFO CSMF2.step_1_1_1.run :: epoch=9 step=300/429 train_nll=-3526.213
2026-05-14 08:52:55,455 INFO CSMF2.step_1_1_1.run :: [h] epoch=9 step=350 total=0.04826 batch=0.04584
2026-05-14 08:52:55,456 INFO CSMF2.step_1_1_1.run :: [lat] epoch=9 step=350 mean_l2=0.03788 std_l2=0.03623
2026-05-14 08:52:55,866 INFO CSMF2.step_1_1_1.run :: epoch=9 step=350/429 train_nll=-3519.843
2026-05-14 08:53:40,338 INFO CSMF2.step_1_1_1.run :: [h] epoch=9 step=400 total=0.04683 batch=0.04637
2026-05-14 08:53:40,338 INFO CSMF2.step_1_1_1.run :: [lat] epoch=9 step=400 mean_l2=0.04427 std_l2=0.02266
2026-05-14 08:53:40,748 INFO CSMF2.step_1_1_1.run :: epoch=9 step=400/429 train_nll=-3521.705
2026-05-14 08:54:16,931 INFO CSMF2.step_1_1_1.run :: epoch=9  train_nll=-3522.711  val_nll=-3565.084  t=395.5s
2026-05-14 08:54:16,931 INFO CSMF2.step_1_1_1.run :: [glow] film_gain mean=0.2809 min=0.2599 max=0.3018
2026-05-14 08:54:16,931 INFO CSMF2.step_1_1_1.run :: [shuffle] gap_mean=9.721 hinge=0.0000 lambda=1.000 margin=0.50
2026-05-14 08:54:16,931 INFO CSMF2.step_1_1_1.run :: [h_std] total=0.04796 batch=0.04700 penalty=0.00301 target=0.0500 mu=10.000
2026-05-14 08:54:16,931 INFO CSMF2.step_1_1_1.run :: [lat_epoch] mean_l2=0.05338 std_l2=0.03615 (no penalty)
2026-05-14 08:54:16,931 INFO CSMF2.step_1_1_1.run :: [y_resid] alpha=0.2030
2026-05-14 08:54:16,931 INFO CSMF2.step_1_1_1.run :: [grad] cond=7.9575 film_gain=547.8847
2026-05-14 08:55:09,775 INFO CSMF2.step_1_1_1.run :: [h] epoch=10 step=50 total=0.04809 batch=0.04575
2026-05-14 08:55:09,776 INFO CSMF2.step_1_1_1.run :: [lat] epoch=10 step=50 mean_l2=0.09950 std_l2=0.02580
2026-05-14 08:55:10,223 INFO CSMF2.step_1_1_1.run :: epoch=10 step=50/429 train_nll=-3506.498
2026-05-14 08:55:54,602 INFO CSMF2.step_1_1_1.run :: [h] epoch=10 step=100 total=0.04827 batch=0.04780
2026-05-14 08:55:54,602 INFO CSMF2.step_1_1_1.run :: [lat] epoch=10 step=100 mean_l2=0.03954 std_l2=0.01984
2026-05-14 08:55:55,012 INFO CSMF2.step_1_1_1.run :: epoch=10 step=100/429 train_nll=-3517.010
2026-05-14 08:56:39,541 INFO CSMF2.step_1_1_1.run :: [h] epoch=10 step=150 total=0.04884 batch=0.04797
2026-05-14 08:56:39,542 INFO CSMF2.step_1_1_1.run :: [lat] epoch=10 step=150 mean_l2=0.04848 std_l2=0.04968
2026-05-14 08:56:39,952 INFO CSMF2.step_1_1_1.run :: epoch=10 step=150/429 train_nll=-3524.753
2026-05-14 08:57:24,317 INFO CSMF2.step_1_1_1.run :: [h] epoch=10 step=200 total=0.04860 batch=0.04792
2026-05-14 08:57:24,320 INFO CSMF2.step_1_1_1.run :: [lat] epoch=10 step=200 mean_l2=0.04966 std_l2=0.09275
2026-05-14 08:57:24,732 INFO CSMF2.step_1_1_1.run :: epoch=10 step=200/429 train_nll=-3521.761
2026-05-14 08:58:09,380 INFO CSMF2.step_1_1_1.run :: [h] epoch=10 step=250 total=0.04984 batch=0.04896
2026-05-14 08:58:09,381 INFO CSMF2.step_1_1_1.run :: [lat] epoch=10 step=250 mean_l2=0.04848 std_l2=0.02460
2026-05-14 08:58:09,790 INFO CSMF2.step_1_1_1.run :: epoch=10 step=250/429 train_nll=-3525.934
2026-05-14 08:58:54,371 INFO CSMF2.step_1_1_1.run :: [h] epoch=10 step=300 total=0.05183 batch=0.05083
2026-05-14 08:58:54,371 INFO CSMF2.step_1_1_1.run :: [lat] epoch=10 step=300 mean_l2=0.03659 std_l2=0.05772
2026-05-14 08:58:54,829 INFO CSMF2.step_1_1_1.run :: epoch=10 step=300/429 train_nll=-3530.377
2026-05-14 08:59:39,413 INFO CSMF2.step_1_1_1.run :: [h] epoch=10 step=350 total=0.04821 batch=0.04760
2026-05-14 08:59:39,414 INFO CSMF2.step_1_1_1.run :: [lat] epoch=10 step=350 mean_l2=0.04039 std_l2=0.02274
2026-05-14 08:59:39,823 INFO CSMF2.step_1_1_1.run :: epoch=10 step=350/429 train_nll=-3533.528
2026-05-14 09:00:24,441 INFO CSMF2.step_1_1_1.run :: [h] epoch=10 step=400 total=0.04883 batch=0.04777
2026-05-14 09:00:24,442 INFO CSMF2.step_1_1_1.run :: [lat] epoch=10 step=400 mean_l2=0.10331 std_l2=0.06712
2026-05-14 09:00:24,852 INFO CSMF2.step_1_1_1.run :: epoch=10 step=400/429 train_nll=-3534.913
2026-05-14 09:01:01,268 INFO CSMF2.step_1_1_1.run :: epoch=10  train_nll=-3533.718  val_nll=-3533.072  t=395.6s
2026-05-14 09:01:01,269 INFO CSMF2.step_1_1_1.run :: [glow] film_gain mean=0.2787 min=0.2586 max=0.2994
2026-05-14 09:01:01,269 INFO CSMF2.step_1_1_1.run :: [shuffle] gap_mean=10.138 hinge=0.0000 lambda=1.000 margin=0.50
2026-05-14 09:01:01,269 INFO CSMF2.step_1_1_1.run :: [h_std] total=0.04928 batch=0.04845 penalty=0.00174 target=0.0500 mu=10.000
2026-05-14 09:01:01,269 INFO CSMF2.step_1_1_1.run :: [lat_epoch] mean_l2=0.05180 std_l2=0.03203 (no penalty)
2026-05-14 09:01:01,269 INFO CSMF2.step_1_1_1.run :: [y_resid] alpha=0.2027
2026-05-14 09:01:01,269 INFO CSMF2.step_1_1_1.run :: [grad] cond=26.3235 film_gain=747.8792
2026-05-14 09:01:55,032 INFO CSMF2.step_1_1_1.run :: [h] epoch=11 step=50 total=0.05196 batch=0.05096
2026-05-14 09:01:55,033 INFO CSMF2.step_1_1_1.run :: [lat] epoch=11 step=50 mean_l2=0.04578 std_l2=0.02300
2026-05-14 09:01:55,449 INFO CSMF2.step_1_1_1.run :: epoch=11 step=50/429 train_nll=-3541.979
2026-05-14 09:02:40,188 INFO CSMF2.step_1_1_1.run :: [h] epoch=11 step=100 total=0.04995 batch=0.04892
2026-05-14 09:02:40,188 INFO CSMF2.step_1_1_1.run :: [lat] epoch=11 step=100 mean_l2=0.06812 std_l2=0.03738
2026-05-14 09:02:40,596 INFO CSMF2.step_1_1_1.run :: epoch=11 step=100/429 train_nll=-3539.807
2026-05-14 09:03:25,629 INFO CSMF2.step_1_1_1.run :: [h] epoch=11 step=150 total=0.04944 batch=0.04895
2026-05-14 09:03:25,629 INFO CSMF2.step_1_1_1.run :: [lat] epoch=11 step=150 mean_l2=0.04686 std_l2=0.02444
2026-05-14 09:03:26,038 INFO CSMF2.step_1_1_1.run :: epoch=11 step=150/429 train_nll=-3542.723
2026-05-14 09:04:10,713 INFO CSMF2.step_1_1_1.run :: [h] epoch=11 step=200 total=0.05173 batch=0.05108
2026-05-14 09:04:10,714 INFO CSMF2.step_1_1_1.run :: [lat] epoch=11 step=200 mean_l2=0.02629 std_l2=0.03010
2026-05-14 09:04:11,122 INFO CSMF2.step_1_1_1.run :: epoch=11 step=200/429 train_nll=-3541.762
2026-05-14 09:04:55,612 INFO CSMF2.step_1_1_1.run :: [h] epoch=11 step=250 total=0.04476 batch=0.04277
2026-05-14 09:04:55,612 INFO CSMF2.step_1_1_1.run :: [lat] epoch=11 step=250 mean_l2=0.03344 std_l2=0.02684
2026-05-14 09:04:56,022 INFO CSMF2.step_1_1_1.run :: epoch=11 step=250/429 train_nll=-3536.028
2026-05-14 09:05:40,803 INFO CSMF2.step_1_1_1.run :: [h] epoch=11 step=300 total=0.04241 batch=0.04168
2026-05-14 09:05:40,804 INFO CSMF2.step_1_1_1.run :: [lat] epoch=11 step=300 mean_l2=0.06222 std_l2=0.02664
2026-05-14 09:05:41,223 INFO CSMF2.step_1_1_1.run :: epoch=11 step=300/429 train_nll=-3538.331
2026-05-14 09:06:25,946 INFO CSMF2.step_1_1_1.run :: [h] epoch=11 step=350 total=0.04187 batch=0.04118
2026-05-14 09:06:25,947 INFO CSMF2.step_1_1_1.run :: [lat] epoch=11 step=350 mean_l2=0.03755 std_l2=0.03462
2026-05-14 09:06:26,359 INFO CSMF2.step_1_1_1.run :: epoch=11 step=350/429 train_nll=-3540.400
2026-05-14 09:07:10,977 INFO CSMF2.step_1_1_1.run :: [h] epoch=11 step=400 total=0.04318 batch=0.04251
2026-05-14 09:07:10,978 INFO CSMF2.step_1_1_1.run :: [lat] epoch=11 step=400 mean_l2=0.05276 std_l2=0.03205
2026-05-14 09:07:11,401 INFO CSMF2.step_1_1_1.run :: epoch=11 step=400/429 train_nll=-3539.565
2026-05-14 09:07:48,112 INFO CSMF2.step_1_1_1.run :: epoch=11  train_nll=-3535.863  val_nll=-3533.289  t=398.1s
2026-05-14 09:07:48,113 INFO CSMF2.step_1_1_1.run :: [glow] film_gain mean=0.2749 min=0.2557 max=0.2962
2026-05-14 09:07:48,113 INFO CSMF2.step_1_1_1.run :: [shuffle] gap_mean=9.729 hinge=0.0000 lambda=1.000 margin=0.50
2026-05-14 09:07:48,113 INFO CSMF2.step_1_1_1.run :: [h_std] total=0.04751 batch=0.04623 penalty=0.00397 target=0.0500 mu=10.000
2026-05-14 09:07:48,113 INFO CSMF2.step_1_1_1.run :: [lat_epoch] mean_l2=0.04833 std_l2=0.03533 (no penalty)
2026-05-14 09:07:48,113 INFO CSMF2.step_1_1_1.run :: [y_resid] alpha=0.1752
2026-05-14 09:07:48,113 INFO CSMF2.step_1_1_1.run :: [grad] cond=82.7437 film_gain=831.8216
2026-05-14 09:08:40,711 INFO CSMF2.step_1_1_1.run :: [h] epoch=12 step=50 total=0.04276 batch=0.04135
2026-05-14 09:08:40,712 INFO CSMF2.step_1_1_1.run :: [lat] epoch=12 step=50 mean_l2=0.07544 std_l2=0.02487
2026-05-14 09:08:41,121 INFO CSMF2.step_1_1_1.run :: epoch=12 step=50/429 train_nll=-3540.048
2026-05-14 09:09:25,779 INFO CSMF2.step_1_1_1.run :: [h] epoch=12 step=100 total=0.04469 batch=0.04337
2026-05-14 09:09:25,780 INFO CSMF2.step_1_1_1.run :: [lat] epoch=12 step=100 mean_l2=0.05104 std_l2=0.07277
2026-05-14 09:09:26,189 INFO CSMF2.step_1_1_1.run :: epoch=12 step=100/429 train_nll=-3547.857
2026-05-14 09:10:10,950 INFO CSMF2.step_1_1_1.run :: [h] epoch=12 step=150 total=0.04451 batch=0.04403
2026-05-14 09:10:10,950 INFO CSMF2.step_1_1_1.run :: [lat] epoch=12 step=150 mean_l2=0.05812 std_l2=0.02342
2026-05-14 09:10:11,400 INFO CSMF2.step_1_1_1.run :: epoch=12 step=150/429 train_nll=-3543.667
2026-05-14 09:10:56,202 INFO CSMF2.step_1_1_1.run :: [h] epoch=12 step=200 total=0.04602 batch=0.04553
2026-05-14 09:10:56,202 INFO CSMF2.step_1_1_1.run :: [lat] epoch=12 step=200 mean_l2=0.05168 std_l2=0.02776
2026-05-14 09:10:56,623 INFO CSMF2.step_1_1_1.run :: epoch=12 step=200/429 train_nll=-3537.903
2026-05-14 09:11:41,451 INFO CSMF2.step_1_1_1.run :: [h] epoch=12 step=250 total=0.04464 batch=0.04411
2026-05-14 09:11:41,452 INFO CSMF2.step_1_1_1.run :: [lat] epoch=12 step=250 mean_l2=0.04962 std_l2=0.02197
2026-05-14 09:11:41,870 INFO CSMF2.step_1_1_1.run :: epoch=12 step=250/429 train_nll=-3542.403
2026-05-14 09:12:26,284 INFO CSMF2.step_1_1_1.run :: [h] epoch=12 step=300 total=0.04622 batch=0.04537
2026-05-14 09:12:26,284 INFO CSMF2.step_1_1_1.run :: [lat] epoch=12 step=300 mean_l2=0.08095 std_l2=0.02554
2026-05-14 09:12:26,732 INFO CSMF2.step_1_1_1.run :: epoch=12 step=300/429 train_nll=-3539.514
2026-05-14 09:13:11,274 INFO CSMF2.step_1_1_1.run :: [h] epoch=12 step=350 total=0.04531 batch=0.04477
2026-05-14 09:13:11,274 INFO CSMF2.step_1_1_1.run :: [lat] epoch=12 step=350 mean_l2=0.03154 std_l2=0.02023
2026-05-14 09:13:11,721 INFO CSMF2.step_1_1_1.run :: epoch=12 step=350/429 train_nll=-3540.192
2026-05-14 09:13:56,832 INFO CSMF2.step_1_1_1.run :: [h] epoch=12 step=400 total=0.04549 batch=0.04448
2026-05-14 09:13:56,832 INFO CSMF2.step_1_1_1.run :: [lat] epoch=12 step=400 mean_l2=0.05101 std_l2=0.02999
2026-05-14 09:13:57,246 INFO CSMF2.step_1_1_1.run :: epoch=12 step=400/429 train_nll=-3538.963
2026-05-14 09:14:34,021 INFO CSMF2.step_1_1_1.run :: epoch=12  train_nll=-3539.857  val_nll=-3563.882  t=397.9s
2026-05-14 09:14:34,021 INFO CSMF2.step_1_1_1.run :: [glow] film_gain mean=0.2733 min=0.2536 max=0.2952
2026-05-14 09:14:34,021 INFO CSMF2.step_1_1_1.run :: [shuffle] gap_mean=11.052 hinge=0.0000 lambda=1.000 margin=0.50
2026-05-14 09:14:34,021 INFO CSMF2.step_1_1_1.run :: [h_std] total=0.04569 batch=0.04489 penalty=0.00511 target=0.0500 mu=10.000
2026-05-14 09:14:34,021 INFO CSMF2.step_1_1_1.run :: [lat_epoch] mean_l2=0.04766 std_l2=0.03540 (no penalty)
2026-05-14 09:14:34,021 INFO CSMF2.step_1_1_1.run :: [y_resid] alpha=0.1816
2026-05-14 09:14:34,021 INFO CSMF2.step_1_1_1.run :: [grad] cond=67.6804 film_gain=688.0620
2026-05-14 09:15:26,708 INFO CSMF2.step_1_1_1.run :: [h] epoch=13 step=50 total=0.04869 batch=0.04803
2026-05-14 09:15:26,709 INFO CSMF2.step_1_1_1.run :: [lat] epoch=13 step=50 mean_l2=0.04864 std_l2=0.01818
2026-05-14 09:15:27,160 INFO CSMF2.step_1_1_1.run :: epoch=13 step=50/429 train_nll=-3567.087
2026-05-14 09:16:12,007 INFO CSMF2.step_1_1_1.run :: [h] epoch=13 step=100 total=0.04965 batch=0.04901
2026-05-14 09:16:12,008 INFO CSMF2.step_1_1_1.run :: [lat] epoch=13 step=100 mean_l2=0.04064 std_l2=0.01986
2026-05-14 09:16:12,418 INFO CSMF2.step_1_1_1.run :: epoch=13 step=100/429 train_nll=-3556.682
2026-05-14 09:16:57,110 INFO CSMF2.step_1_1_1.run :: [h] epoch=13 step=150 total=0.04760 batch=0.04714
2026-05-14 09:16:57,111 INFO CSMF2.step_1_1_1.run :: [lat] epoch=13 step=150 mean_l2=0.05144 std_l2=0.03091
2026-05-14 09:16:57,554 INFO CSMF2.step_1_1_1.run :: epoch=13 step=150/429 train_nll=-3560.853
2026-05-14 09:17:42,073 INFO CSMF2.step_1_1_1.run :: [h] epoch=13 step=200 total=0.05039 batch=0.04987
2026-05-14 09:17:42,074 INFO CSMF2.step_1_1_1.run :: [lat] epoch=13 step=200 mean_l2=0.03372 std_l2=0.02044
2026-05-14 09:17:42,484 INFO CSMF2.step_1_1_1.run :: epoch=13 step=200/429 train_nll=-3561.882
2026-05-14 09:18:26,982 INFO CSMF2.step_1_1_1.run :: [h] epoch=13 step=250 total=0.04715 batch=0.04657
2026-05-14 09:18:26,982 INFO CSMF2.step_1_1_1.run :: [lat] epoch=13 step=250 mean_l2=0.03269 std_l2=0.02080
2026-05-14 09:18:27,394 INFO CSMF2.step_1_1_1.run :: epoch=13 step=250/429 train_nll=-3565.416
2026-05-14 09:19:11,868 INFO CSMF2.step_1_1_1.run :: [h] epoch=13 step=300 total=0.04987 batch=0.04948
2026-05-14 09:19:11,868 INFO CSMF2.step_1_1_1.run :: [lat] epoch=13 step=300 mean_l2=0.05889 std_l2=0.02848
2026-05-14 09:19:12,277 INFO CSMF2.step_1_1_1.run :: epoch=13 step=300/429 train_nll=-3564.247
2026-05-14 09:19:56,754 INFO CSMF2.step_1_1_1.run :: [h] epoch=13 step=350 total=0.05134 batch=0.05082
2026-05-14 09:19:56,755 INFO CSMF2.step_1_1_1.run :: [lat] epoch=13 step=350 mean_l2=0.04696 std_l2=0.03069
2026-05-14 09:19:57,172 INFO CSMF2.step_1_1_1.run :: epoch=13 step=350/429 train_nll=-3564.705
2026-05-14 09:20:41,894 INFO CSMF2.step_1_1_1.run :: [h] epoch=13 step=400 total=0.05460 batch=0.05356
2026-05-14 09:20:41,894 INFO CSMF2.step_1_1_1.run :: [lat] epoch=13 step=400 mean_l2=0.02956 std_l2=0.03530
2026-05-14 09:20:42,343 INFO CSMF2.step_1_1_1.run :: epoch=13 step=400/429 train_nll=-3564.813
2026-05-14 09:21:18,569 INFO CSMF2.step_1_1_1.run :: epoch=13  train_nll=-3565.251  val_nll=-3575.833  t=396.4s
2026-05-14 09:21:18,569 INFO CSMF2.step_1_1_1.run :: [glow] film_gain mean=0.2723 min=0.2530 max=0.2936
2026-05-14 09:21:18,569 INFO CSMF2.step_1_1_1.run :: [shuffle] gap_mean=12.078 hinge=0.0000 lambda=1.000 margin=0.50
2026-05-14 09:21:18,569 INFO CSMF2.step_1_1_1.run :: [h_std] total=0.04947 batch=0.04886 penalty=0.00138 target=0.0500 mu=10.000
2026-05-14 09:21:18,570 INFO CSMF2.step_1_1_1.run :: [lat_epoch] mean_l2=0.04334 std_l2=0.02811 (no penalty)
2026-05-14 09:21:18,570 INFO CSMF2.step_1_1_1.run :: [y_resid] alpha=0.1879
2026-05-14 09:21:18,570 INFO CSMF2.step_1_1_1.run :: [grad] cond=13.3640 film_gain=355.5170
2026-05-14 09:22:12,168 INFO CSMF2.step_1_1_1.run :: [h] epoch=14 step=50 total=0.05008 batch=0.04922
2026-05-14 09:22:12,169 INFO CSMF2.step_1_1_1.run :: [lat] epoch=14 step=50 mean_l2=0.04089 std_l2=0.02586
2026-05-14 09:22:12,578 INFO CSMF2.step_1_1_1.run :: epoch=14 step=50/429 train_nll=-3534.974
2026-05-14 09:22:56,980 INFO CSMF2.step_1_1_1.run :: [h] epoch=14 step=100 total=0.04942 batch=0.04836
2026-05-14 09:22:56,981 INFO CSMF2.step_1_1_1.run :: [lat] epoch=14 step=100 mean_l2=0.06704 std_l2=0.02156
2026-05-14 09:22:57,395 INFO CSMF2.step_1_1_1.run :: epoch=14 step=100/429 train_nll=-3542.103
2026-05-14 09:23:41,648 INFO CSMF2.step_1_1_1.run :: [h] epoch=14 step=150 total=0.05029 batch=0.04970
2026-05-14 09:23:41,649 INFO CSMF2.step_1_1_1.run :: [lat] epoch=14 step=150 mean_l2=0.02586 std_l2=0.02101
2026-05-14 09:23:42,054 INFO CSMF2.step_1_1_1.run :: epoch=14 step=150/429 train_nll=-3549.432
2026-05-14 09:24:26,490 INFO CSMF2.step_1_1_1.run :: [h] epoch=14 step=200 total=0.05077 batch=0.04979
2026-05-14 09:24:26,491 INFO CSMF2.step_1_1_1.run :: [lat] epoch=14 step=200 mean_l2=0.10459 std_l2=0.04197
2026-05-14 09:24:26,900 INFO CSMF2.step_1_1_1.run :: epoch=14 step=200/429 train_nll=-3548.497
2026-05-14 09:25:11,687 INFO CSMF2.step_1_1_1.run :: [h] epoch=14 step=250 total=0.04698 batch=0.04639
2026-05-14 09:25:11,688 INFO CSMF2.step_1_1_1.run :: [lat] epoch=14 step=250 mean_l2=0.05627 std_l2=0.02790
2026-05-14 09:25:12,099 INFO CSMF2.step_1_1_1.run :: epoch=14 step=250/429 train_nll=-3543.737
2026-05-14 09:25:56,517 INFO CSMF2.step_1_1_1.run :: [h] epoch=14 step=300 total=0.04714 batch=0.04646
2026-05-14 09:25:56,518 INFO CSMF2.step_1_1_1.run :: [lat] epoch=14 step=300 mean_l2=0.08577 std_l2=0.03241
2026-05-14 09:25:56,927 INFO CSMF2.step_1_1_1.run :: epoch=14 step=300/429 train_nll=-3544.399
2026-05-14 09:26:41,187 INFO CSMF2.step_1_1_1.run :: [h] epoch=14 step=350 total=0.04776 batch=0.04718
2026-05-14 09:26:41,187 INFO CSMF2.step_1_1_1.run :: [lat] epoch=14 step=350 mean_l2=0.03445 std_l2=0.02625
2026-05-14 09:26:41,596 INFO CSMF2.step_1_1_1.run :: epoch=14 step=350/429 train_nll=-3546.113
2026-05-14 09:27:26,218 INFO CSMF2.step_1_1_1.run :: [h] epoch=14 step=400 total=0.05067 batch=0.04973
2026-05-14 09:27:26,219 INFO CSMF2.step_1_1_1.run :: [lat] epoch=14 step=400 mean_l2=0.05176 std_l2=0.02768
2026-05-14 09:27:26,630 INFO CSMF2.step_1_1_1.run :: epoch=14 step=400/429 train_nll=-3548.530
2026-05-14 09:28:03,161 INFO CSMF2.step_1_1_1.run :: epoch=14  train_nll=-3547.836  val_nll=-3587.569  t=395.7s
2026-05-14 09:28:03,161 INFO CSMF2.step_1_1_1.run :: [glow] film_gain mean=0.2693 min=0.2504 max=0.2908
2026-05-14 09:28:03,161 INFO CSMF2.step_1_1_1.run :: [shuffle] gap_mean=11.968 hinge=0.0003 lambda=1.000 margin=0.50
2026-05-14 09:28:03,162 INFO CSMF2.step_1_1_1.run :: [h_std] total=0.04980 batch=0.04890 penalty=0.00133 target=0.0500 mu=10.000
2026-05-14 09:28:03,162 INFO CSMF2.step_1_1_1.run :: [lat_epoch] mean_l2=0.04605 std_l2=0.03548 (no penalty)
2026-05-14 09:28:03,162 INFO CSMF2.step_1_1_1.run :: [y_resid] alpha=0.1806
2026-05-14 09:28:03,162 INFO CSMF2.step_1_1_1.run :: [grad] cond=7.2833 film_gain=449.9940
2026-05-14 09:28:55,885 INFO CSMF2.step_1_1_1.run :: [h] epoch=15 step=50 total=0.04977 batch=0.04907
2026-05-14 09:28:55,886 INFO CSMF2.step_1_1_1.run :: [lat] epoch=15 step=50 mean_l2=0.04571 std_l2=0.02170
2026-05-14 09:28:56,299 INFO CSMF2.step_1_1_1.run :: epoch=15 step=50/429 train_nll=-3562.316
2026-05-14 09:29:40,524 INFO CSMF2.step_1_1_1.run :: [h] epoch=15 step=100 total=0.05107 batch=0.05057
2026-05-14 09:29:40,524 INFO CSMF2.step_1_1_1.run :: [lat] epoch=15 step=100 mean_l2=0.03766 std_l2=0.01960
2026-05-14 09:29:40,933 INFO CSMF2.step_1_1_1.run :: epoch=15 step=100/429 train_nll=-3566.082
2026-05-14 09:30:25,098 INFO CSMF2.step_1_1_1.run :: [h] epoch=15 step=150 total=0.05026 batch=0.04987
2026-05-14 09:30:25,098 INFO CSMF2.step_1_1_1.run :: [lat] epoch=15 step=150 mean_l2=0.02891 std_l2=0.02257
2026-05-14 09:30:25,546 INFO CSMF2.step_1_1_1.run :: epoch=15 step=150/429 train_nll=-3565.785
2026-05-14 09:31:09,930 INFO CSMF2.step_1_1_1.run :: [h] epoch=15 step=200 total=0.05133 batch=0.05081
2026-05-14 09:31:09,931 INFO CSMF2.step_1_1_1.run :: [lat] epoch=15 step=200 mean_l2=0.03033 std_l2=0.02031
2026-05-14 09:31:10,339 INFO CSMF2.step_1_1_1.run :: epoch=15 step=200/429 train_nll=-3564.940
2026-05-14 09:31:54,595 INFO CSMF2.step_1_1_1.run :: [h] epoch=15 step=250 total=0.05118 batch=0.05080
2026-05-14 09:31:54,596 INFO CSMF2.step_1_1_1.run :: [lat] epoch=15 step=250 mean_l2=0.03247 std_l2=0.02323
2026-05-14 09:31:55,006 INFO CSMF2.step_1_1_1.run :: epoch=15 step=250/429 train_nll=-3565.962
2026-05-14 09:32:39,480 INFO CSMF2.step_1_1_1.run :: [h] epoch=15 step=300 total=0.04909 batch=0.04724
2026-05-14 09:32:39,480 INFO CSMF2.step_1_1_1.run :: [lat] epoch=15 step=300 mean_l2=0.04655 std_l2=0.03263
2026-05-14 09:32:39,889 INFO CSMF2.step_1_1_1.run :: epoch=15 step=300/429 train_nll=-3563.964
2026-05-14 09:33:24,821 INFO CSMF2.step_1_1_1.run :: [h] epoch=15 step=350 total=0.04770 batch=0.04707
2026-05-14 09:33:24,821 INFO CSMF2.step_1_1_1.run :: [lat] epoch=15 step=350 mean_l2=0.05357 std_l2=0.02457
2026-05-14 09:33:25,233 INFO CSMF2.step_1_1_1.run :: epoch=15 step=350/429 train_nll=-3564.450
2026-05-14 09:34:09,861 INFO CSMF2.step_1_1_1.run :: [h] epoch=15 step=400 total=0.05007 batch=0.04929
2026-05-14 09:34:09,861 INFO CSMF2.step_1_1_1.run :: [lat] epoch=15 step=400 mean_l2=0.03319 std_l2=0.02718
2026-05-14 09:34:10,271 INFO CSMF2.step_1_1_1.run :: epoch=15 step=400/429 train_nll=-3564.312
2026-05-14 09:34:46,527 INFO CSMF2.step_1_1_1.run :: epoch=15  train_nll=-3564.227  val_nll=-3572.674  t=395.5s
2026-05-14 09:34:46,528 INFO CSMF2.step_1_1_1.run :: [glow] film_gain mean=0.2673 min=0.2485 max=0.2895
2026-05-14 09:34:46,528 INFO CSMF2.step_1_1_1.run :: [shuffle] gap_mean=12.232 hinge=0.0000 lambda=1.000 margin=0.50
2026-05-14 09:34:46,528 INFO CSMF2.step_1_1_1.run :: [h_std] total=0.05015 batch=0.04939 penalty=0.00095 target=0.0500 mu=10.000
2026-05-14 09:34:46,528 INFO CSMF2.step_1_1_1.run :: [lat_epoch] mean_l2=0.04275 std_l2=0.02904 (no penalty)
2026-05-14 09:34:46,528 INFO CSMF2.step_1_1_1.run :: [y_resid] alpha=0.1787
2026-05-14 09:34:46,528 INFO CSMF2.step_1_1_1.run :: [grad] cond=14.0122 film_gain=573.6021
2026-05-14 09:35:38,996 INFO CSMF2.step_1_1_1.run :: [h] epoch=16 step=50 total=0.04973 batch=0.04903
2026-05-14 09:35:38,996 INFO CSMF2.step_1_1_1.run :: [lat] epoch=16 step=50 mean_l2=0.04213 std_l2=0.02846
2026-05-14 09:35:39,405 INFO CSMF2.step_1_1_1.run :: epoch=16 step=50/429 train_nll=-3547.852
2026-05-14 09:36:23,702 INFO CSMF2.step_1_1_1.run :: [h] epoch=16 step=100 total=0.05078 batch=0.05000
2026-05-14 09:36:23,703 INFO CSMF2.step_1_1_1.run :: [lat] epoch=16 step=100 mean_l2=0.03607 std_l2=0.02542
2026-05-14 09:36:24,120 INFO CSMF2.step_1_1_1.run :: epoch=16 step=100/429 train_nll=-3564.224
2026-05-14 09:37:08,888 INFO CSMF2.step_1_1_1.run :: [h] epoch=16 step=150 total=0.05148 batch=0.05087
2026-05-14 09:37:08,888 INFO CSMF2.step_1_1_1.run :: [lat] epoch=16 step=150 mean_l2=0.04037 std_l2=0.02688
2026-05-14 09:37:09,294 INFO CSMF2.step_1_1_1.run :: epoch=16 step=150/429 train_nll=-3571.454
2026-05-14 09:37:53,595 INFO CSMF2.step_1_1_1.run :: [h] epoch=16 step=200 total=0.04970 batch=0.04924
2026-05-14 09:37:53,596 INFO CSMF2.step_1_1_1.run :: [lat] epoch=16 step=200 mean_l2=0.03349 std_l2=0.01982
2026-05-14 09:37:54,013 INFO CSMF2.step_1_1_1.run :: epoch=16 step=200/429 train_nll=-3573.441
2026-05-14 09:38:38,604 INFO CSMF2.step_1_1_1.run :: [h] epoch=16 step=250 total=0.05100 batch=0.05027
2026-05-14 09:38:38,605 INFO CSMF2.step_1_1_1.run :: [lat] epoch=16 step=250 mean_l2=0.04860 std_l2=0.03198
2026-05-14 09:38:39,014 INFO CSMF2.step_1_1_1.run :: epoch=16 step=250/429 train_nll=-3571.108
2026-05-14 09:39:23,317 INFO CSMF2.step_1_1_1.run :: [h] epoch=16 step=300 total=0.05069 batch=0.05012
2026-05-14 09:39:23,318 INFO CSMF2.step_1_1_1.run :: [lat] epoch=16 step=300 mean_l2=0.05224 std_l2=0.02326
2026-05-14 09:39:23,766 INFO CSMF2.step_1_1_1.run :: epoch=16 step=300/429 train_nll=-3573.189
2026-05-14 09:40:08,271 INFO CSMF2.step_1_1_1.run :: [h] epoch=16 step=350 total=0.04905 batch=0.04855
2026-05-14 09:40:08,272 INFO CSMF2.step_1_1_1.run :: [lat] epoch=16 step=350 mean_l2=0.02859 std_l2=0.02324
2026-05-14 09:40:08,682 INFO CSMF2.step_1_1_1.run :: epoch=16 step=350/429 train_nll=-3575.145
2026-05-14 09:40:53,151 INFO CSMF2.step_1_1_1.run :: [h] epoch=16 step=400 total=0.05065 batch=0.04727
2026-05-14 09:40:53,152 INFO CSMF2.step_1_1_1.run :: [lat] epoch=16 step=400 mean_l2=0.03535 std_l2=0.03823
2026-05-14 09:40:53,561 INFO CSMF2.step_1_1_1.run :: epoch=16 step=400/429 train_nll=-3571.474
2026-05-14 09:41:29,938 INFO CSMF2.step_1_1_1.run :: epoch=16  train_nll=-3570.169  val_nll=-3581.652  t=395.5s
2026-05-14 09:41:29,938 INFO CSMF2.step_1_1_1.run :: [glow] film_gain mean=0.2654 min=0.2475 max=0.2873
2026-05-14 09:41:29,938 INFO CSMF2.step_1_1_1.run :: [shuffle] gap_mean=12.885 hinge=0.0126 lambda=1.000 margin=0.50
2026-05-14 09:41:29,938 INFO CSMF2.step_1_1_1.run :: [h_std] total=0.05082 batch=0.05011 penalty=0.00044 target=0.0500 mu=10.000
2026-05-14 09:41:29,938 INFO CSMF2.step_1_1_1.run :: [lat_epoch] mean_l2=0.04239 std_l2=0.03131 (no penalty)
2026-05-14 09:41:29,938 INFO CSMF2.step_1_1_1.run :: [y_resid] alpha=0.1765
2026-05-14 09:41:29,938 INFO CSMF2.step_1_1_1.run :: [grad] cond=69.8926 film_gain=1073.0395
2026-05-14 09:42:22,543 INFO CSMF2.step_1_1_1.run :: [h] epoch=17 step=50 total=0.05099 batch=0.05047
2026-05-14 09:42:22,544 INFO CSMF2.step_1_1_1.run :: [lat] epoch=17 step=50 mean_l2=0.06498 std_l2=0.02264
2026-05-14 09:42:22,990 INFO CSMF2.step_1_1_1.run :: epoch=17 step=50/429 train_nll=-3572.722
2026-05-14 09:43:07,263 INFO CSMF2.step_1_1_1.run :: [h] epoch=17 step=100 total=0.05009 batch=0.04896
2026-05-14 09:43:07,264 INFO CSMF2.step_1_1_1.run :: [lat] epoch=17 step=100 mean_l2=0.06072 std_l2=0.02806
2026-05-14 09:43:07,674 INFO CSMF2.step_1_1_1.run :: epoch=17 step=100/429 train_nll=-3579.444
2026-05-14 09:43:52,383 INFO CSMF2.step_1_1_1.run :: [h] epoch=17 step=150 total=0.04817 batch=0.04748
2026-05-14 09:43:52,386 INFO CSMF2.step_1_1_1.run :: [lat] epoch=17 step=150 mean_l2=0.06711 std_l2=0.02658
2026-05-14 09:43:52,796 INFO CSMF2.step_1_1_1.run :: epoch=17 step=150/429 train_nll=-3572.553
2026-05-14 09:44:37,688 INFO CSMF2.step_1_1_1.run :: [h] epoch=17 step=200 total=0.04964 batch=0.04908
2026-05-14 09:44:37,689 INFO CSMF2.step_1_1_1.run :: [lat] epoch=17 step=200 mean_l2=0.06554 std_l2=0.04106
2026-05-14 09:44:38,101 INFO CSMF2.step_1_1_1.run :: epoch=17 step=200/429 train_nll=-3572.139
2026-05-14 09:45:22,765 INFO CSMF2.step_1_1_1.run :: [h] epoch=17 step=250 total=0.05018 batch=0.04989
2026-05-14 09:45:22,766 INFO CSMF2.step_1_1_1.run :: [lat] epoch=17 step=250 mean_l2=0.02131 std_l2=6.65698
2026-05-14 09:45:23,175 INFO CSMF2.step_1_1_1.run :: epoch=17 step=250/429 train_nll=-3571.686
2026-05-14 09:46:08,148 INFO CSMF2.step_1_1_1.run :: [h] epoch=17 step=300 total=0.04162 batch=0.03849
2026-05-14 09:46:08,149 INFO CSMF2.step_1_1_1.run :: [lat] epoch=17 step=300 mean_l2=0.03657 std_l2=0.02026
2026-05-14 09:46:08,596 INFO CSMF2.step_1_1_1.run :: epoch=17 step=300/429 train_nll=-3553.369
2026-05-14 09:46:53,383 INFO CSMF2.step_1_1_1.run :: [h] epoch=17 step=350 total=0.03658 batch=0.03560
2026-05-14 09:46:53,384 INFO CSMF2.step_1_1_1.run :: [lat] epoch=17 step=350 mean_l2=0.02728 std_l2=0.02001
2026-05-14 09:46:53,792 INFO CSMF2.step_1_1_1.run :: epoch=17 step=350/429 train_nll=-3552.891
2026-05-14 09:47:38,426 INFO CSMF2.step_1_1_1.run :: [h] epoch=17 step=400 total=0.03706 batch=0.03618
2026-05-14 09:47:38,427 INFO CSMF2.step_1_1_1.run :: [lat] epoch=17 step=400 mean_l2=0.06000 std_l2=0.05859
2026-05-14 09:47:38,836 INFO CSMF2.step_1_1_1.run :: epoch=17 step=400/429 train_nll=-3552.148
2026-05-14 09:48:15,611 INFO CSMF2.step_1_1_1.run :: epoch=17  train_nll=-3551.371  val_nll=-3553.543  t=397.6s
2026-05-14 09:48:15,611 INFO CSMF2.step_1_1_1.run :: [glow] film_gain mean=0.2601 min=0.2422 max=0.2824
2026-05-14 09:48:15,611 INFO CSMF2.step_1_1_1.run :: [shuffle] gap_mean=11.705 hinge=0.0697 lambda=1.000 margin=0.50
2026-05-14 09:48:15,611 INFO CSMF2.step_1_1_1.run :: [h_std] total=0.04677 batch=0.04519 penalty=0.00505 target=0.0500 mu=10.000
2026-05-14 09:48:15,611 INFO CSMF2.step_1_1_1.run :: [lat_epoch] mean_l2=0.04494 std_l2=0.05016 (no penalty)
2026-05-14 09:48:15,611 INFO CSMF2.step_1_1_1.run :: [y_resid] alpha=0.1389
2026-05-14 09:48:15,612 INFO CSMF2.step_1_1_1.run :: [grad] cond=18.4514 film_gain=238.9998
2026-05-14 09:49:09,521 INFO CSMF2.step_1_1_1.run :: [h] epoch=18 step=50 total=0.03927 batch=0.03857
2026-05-14 09:49:09,522 INFO CSMF2.step_1_1_1.run :: [lat] epoch=18 step=50 mean_l2=0.03148 std_l2=0.02576
2026-05-14 09:49:09,930 INFO CSMF2.step_1_1_1.run :: epoch=18 step=50/429 train_nll=-3577.268
2026-05-14 09:49:54,545 INFO CSMF2.step_1_1_1.run :: [h] epoch=18 step=100 total=0.04121 batch=0.04029
2026-05-14 09:49:54,545 INFO CSMF2.step_1_1_1.run :: [lat] epoch=18 step=100 mean_l2=0.07894 std_l2=0.03048
2026-05-14 09:49:54,953 INFO CSMF2.step_1_1_1.run :: epoch=18 step=100/429 train_nll=-3577.406
2026-05-14 09:50:39,487 INFO CSMF2.step_1_1_1.run :: [h] epoch=18 step=150 total=0.04099 batch=0.04018
2026-05-14 09:50:39,488 INFO CSMF2.step_1_1_1.run :: [lat] epoch=18 step=150 mean_l2=0.05983 std_l2=0.03001
2026-05-14 09:50:39,897 INFO CSMF2.step_1_1_1.run :: epoch=18 step=150/429 train_nll=-3579.664
2026-05-14 09:51:24,345 INFO CSMF2.step_1_1_1.run :: [h] epoch=18 step=200 total=0.04291 batch=0.04227
2026-05-14 09:51:24,347 INFO CSMF2.step_1_1_1.run :: [lat] epoch=18 step=200 mean_l2=0.04718 std_l2=0.01933
2026-05-14 09:51:24,759 INFO CSMF2.step_1_1_1.run :: epoch=18 step=200/429 train_nll=-3574.100
2026-05-14 09:52:08,870 INFO CSMF2.step_1_1_1.run :: [h] epoch=18 step=250 total=0.04255 batch=0.04165
2026-05-14 09:52:08,871 INFO CSMF2.step_1_1_1.run :: [lat] epoch=18 step=250 mean_l2=0.03880 std_l2=0.02567
2026-05-14 09:52:09,278 INFO CSMF2.step_1_1_1.run :: epoch=18 step=250/429 train_nll=-3573.712
2026-05-14 09:52:54,262 INFO CSMF2.step_1_1_1.run :: [h] epoch=18 step=300 total=0.04342 batch=0.04257
2026-05-14 09:52:54,263 INFO CSMF2.step_1_1_1.run :: [lat] epoch=18 step=300 mean_l2=0.04208 std_l2=0.07292
2026-05-14 09:52:54,671 INFO CSMF2.step_1_1_1.run :: epoch=18 step=300/429 train_nll=-3573.847
2026-05-14 09:53:39,372 INFO CSMF2.step_1_1_1.run :: [h] epoch=18 step=350 total=0.04430 batch=0.04361
2026-05-14 09:53:39,372 INFO CSMF2.step_1_1_1.run :: [lat] epoch=18 step=350 mean_l2=0.04573 std_l2=0.04247
2026-05-14 09:53:39,781 INFO CSMF2.step_1_1_1.run :: epoch=18 step=350/429 train_nll=-3572.781
2026-05-14 09:54:24,327 INFO CSMF2.step_1_1_1.run :: [h] epoch=18 step=400 total=0.04548 batch=0.04477
2026-05-14 09:54:24,328 INFO CSMF2.step_1_1_1.run :: [lat] epoch=18 step=400 mean_l2=0.03689 std_l2=0.02442
2026-05-14 09:54:24,737 INFO CSMF2.step_1_1_1.run :: epoch=18 step=400/429 train_nll=-3573.686
2026-05-14 09:55:01,421 INFO CSMF2.step_1_1_1.run :: epoch=18  train_nll=-3573.071  val_nll=-3583.308  t=396.8s
2026-05-14 09:55:01,421 INFO CSMF2.step_1_1_1.run :: [glow] film_gain mean=0.2592 min=0.2408 max=0.2818
2026-05-14 09:55:01,421 INFO CSMF2.step_1_1_1.run :: [shuffle] gap_mean=13.118 hinge=0.0000 lambda=1.000 margin=0.50
2026-05-14 09:55:01,421 INFO CSMF2.step_1_1_1.run :: [h_std] total=0.04173 batch=0.04097 penalty=0.00903 target=0.0500 mu=10.000
2026-05-14 09:55:01,421 INFO CSMF2.step_1_1_1.run :: [lat_epoch] mean_l2=0.04117 std_l2=0.02901 (no penalty)
2026-05-14 09:55:01,421 INFO CSMF2.step_1_1_1.run :: [y_resid] alpha=0.1504
2026-05-14 09:55:01,421 INFO CSMF2.step_1_1_1.run :: [grad] cond=34.3632 film_gain=641.0947
2026-05-14 09:55:53,873 INFO CSMF2.step_1_1_1.run :: [h] epoch=19 step=50 total=0.04545 batch=0.04462
2026-05-14 09:55:53,874 INFO CSMF2.step_1_1_1.run :: [lat] epoch=19 step=50 mean_l2=0.04197 std_l2=0.02098
2026-05-14 09:55:54,322 INFO CSMF2.step_1_1_1.run :: epoch=19 step=50/429 train_nll=-3589.756
2026-05-14 09:56:39,006 INFO CSMF2.step_1_1_1.run :: [h] epoch=19 step=100 total=0.04519 batch=0.04454
2026-05-14 09:56:39,007 INFO CSMF2.step_1_1_1.run :: [lat] epoch=19 step=100 mean_l2=0.05170 std_l2=0.02613
2026-05-14 09:56:39,455 INFO CSMF2.step_1_1_1.run :: epoch=19 step=100/429 train_nll=-3574.945
2026-05-14 09:57:24,026 INFO CSMF2.step_1_1_1.run :: [h] epoch=19 step=150 total=0.04494 batch=0.04373
2026-05-14 09:57:24,027 INFO CSMF2.step_1_1_1.run :: [lat] epoch=19 step=150 mean_l2=0.03317 std_l2=0.01807
2026-05-14 09:57:24,476 INFO CSMF2.step_1_1_1.run :: epoch=19 step=150/429 train_nll=-3572.527
2026-05-14 09:58:08,864 INFO CSMF2.step_1_1_1.run :: [h] epoch=19 step=200 total=0.04436 batch=0.04385
2026-05-14 09:58:08,865 INFO CSMF2.step_1_1_1.run :: [lat] epoch=19 step=200 mean_l2=0.04190 std_l2=0.05128
2026-05-14 09:58:09,273 INFO CSMF2.step_1_1_1.run :: epoch=19 step=200/429 train_nll=-3570.706
2026-05-14 09:58:53,988 INFO CSMF2.step_1_1_1.run :: [h] epoch=19 step=250 total=0.04982 batch=0.04928
2026-05-14 09:58:53,989 INFO CSMF2.step_1_1_1.run :: [lat] epoch=19 step=250 mean_l2=0.03574 std_l2=0.02258
2026-05-14 09:58:54,400 INFO CSMF2.step_1_1_1.run :: epoch=19 step=250/429 train_nll=-3573.264
2026-05-14 09:59:38,864 INFO CSMF2.step_1_1_1.run :: [h] epoch=19 step=300 total=0.04755 batch=0.04695
2026-05-14 09:59:38,865 INFO CSMF2.step_1_1_1.run :: [lat] epoch=19 step=300 mean_l2=0.03661 std_l2=0.03433
2026-05-14 09:59:39,313 INFO CSMF2.step_1_1_1.run :: epoch=19 step=300/429 train_nll=-3575.450
2026-05-14 10:00:23,777 INFO CSMF2.step_1_1_1.run :: [h] epoch=19 step=350 total=0.04807 batch=0.04688
2026-05-14 10:00:23,778 INFO CSMF2.step_1_1_1.run :: [lat] epoch=19 step=350 mean_l2=0.03275 std_l2=0.02257
2026-05-14 10:00:24,194 INFO CSMF2.step_1_1_1.run :: epoch=19 step=350/429 train_nll=-3568.777
2026-05-14 10:01:08,684 INFO CSMF2.step_1_1_1.run :: [h] epoch=19 step=400 total=0.04805 batch=0.04758
2026-05-14 10:01:08,685 INFO CSMF2.step_1_1_1.run :: [lat] epoch=19 step=400 mean_l2=0.04157 std_l2=0.01824
2026-05-14 10:01:09,094 INFO CSMF2.step_1_1_1.run :: epoch=19 step=400/429 train_nll=-3570.703
2026-05-14 10:01:45,174 INFO CSMF2.step_1_1_1.run :: epoch=19  train_nll=-3572.362  val_nll=-3575.595  t=395.9s
2026-05-14 10:01:45,174 INFO CSMF2.step_1_1_1.run :: [glow] film_gain mean=0.2575 min=0.2392 max=0.2797
2026-05-14 10:01:45,174 INFO CSMF2.step_1_1_1.run :: [shuffle] gap_mean=13.987 hinge=0.0000 lambda=1.000 margin=0.50
2026-05-14 10:01:45,174 INFO CSMF2.step_1_1_1.run :: [h_std] total=0.04634 batch=0.04553 penalty=0.00447 target=0.0500 mu=10.000
2026-05-14 10:01:45,174 INFO CSMF2.step_1_1_1.run :: [lat_epoch] mean_l2=0.04104 std_l2=0.03615 (no penalty)
2026-05-14 10:01:45,175 INFO CSMF2.step_1_1_1.run :: [y_resid] alpha=0.1556
2026-05-14 10:01:45,175 INFO CSMF2.step_1_1_1.run :: [grad] cond=13.2368 film_gain=715.0490
2026-05-14 10:02:37,759 INFO CSMF2.step_1_1_1.run :: [h] epoch=20 step=50 total=0.04934 batch=0.04883
2026-05-14 10:02:37,760 INFO CSMF2.step_1_1_1.run :: [lat] epoch=20 step=50 mean_l2=0.02119 std_l2=0.02050
2026-05-14 10:02:38,170 INFO CSMF2.step_1_1_1.run :: epoch=20 step=50/429 train_nll=-3582.513
2026-05-14 10:03:22,596 INFO CSMF2.step_1_1_1.run :: [h] epoch=20 step=100 total=0.05138 batch=0.05085
2026-05-14 10:03:22,597 INFO CSMF2.step_1_1_1.run :: [lat] epoch=20 step=100 mean_l2=0.03050 std_l2=0.02516
2026-05-14 10:03:23,044 INFO CSMF2.step_1_1_1.run :: epoch=20 step=100/429 train_nll=-3587.517
2026-05-14 10:04:07,306 INFO CSMF2.step_1_1_1.run :: [h] epoch=20 step=150 total=0.04784 batch=0.04727
2026-05-14 10:04:07,306 INFO CSMF2.step_1_1_1.run :: [lat] epoch=20 step=150 mean_l2=0.03159 std_l2=0.02011
2026-05-14 10:04:07,755 INFO CSMF2.step_1_1_1.run :: epoch=20 step=150/429 train_nll=-3585.245
2026-05-14 10:04:52,403 INFO CSMF2.step_1_1_1.run :: [h] epoch=20 step=200 total=0.04715 batch=0.04634
2026-05-14 10:04:52,404 INFO CSMF2.step_1_1_1.run :: [lat] epoch=20 step=200 mean_l2=0.03733 std_l2=0.04528
2026-05-14 10:04:52,813 INFO CSMF2.step_1_1_1.run :: epoch=20 step=200/429 train_nll=-3583.701
2026-05-14 10:05:37,530 INFO CSMF2.step_1_1_1.run :: [h] epoch=20 step=250 total=0.05117 batch=0.05067
2026-05-14 10:05:37,531 INFO CSMF2.step_1_1_1.run :: [lat] epoch=20 step=250 mean_l2=0.03954 std_l2=0.04909
2026-05-14 10:05:37,979 INFO CSMF2.step_1_1_1.run :: epoch=20 step=250/429 train_nll=-3583.193
2026-05-14 10:06:23,293 INFO CSMF2.step_1_1_1.run :: [h] epoch=20 step=300 total=0.05048 batch=0.05001
2026-05-14 10:06:23,293 INFO CSMF2.step_1_1_1.run :: [lat] epoch=20 step=300 mean_l2=0.02545 std_l2=0.02436
2026-05-14 10:06:23,742 INFO CSMF2.step_1_1_1.run :: epoch=20 step=300/429 train_nll=-3584.449
2026-05-14 10:07:08,292 INFO CSMF2.step_1_1_1.run :: [h] epoch=20 step=350 total=0.05101 batch=0.05052
2026-05-14 10:07:08,293 INFO CSMF2.step_1_1_1.run :: [lat] epoch=20 step=350 mean_l2=0.04563 std_l2=0.03491
2026-05-14 10:07:08,701 INFO CSMF2.step_1_1_1.run :: epoch=20 step=350/429 train_nll=-3584.341
2026-05-14 10:07:53,166 INFO CSMF2.step_1_1_1.run :: [h] epoch=20 step=400 total=0.04902 batch=0.04859
2026-05-14 10:07:53,167 INFO CSMF2.step_1_1_1.run :: [lat] epoch=20 step=400 mean_l2=0.02710 std_l2=0.02049
2026-05-14 10:07:53,585 INFO CSMF2.step_1_1_1.run :: epoch=20 step=400/429 train_nll=-3585.152
2026-05-14 10:08:29,890 INFO CSMF2.step_1_1_1.run :: epoch=20  train_nll=-3585.066  val_nll=-3554.844  t=396.7s
2026-05-14 10:08:29,891 INFO CSMF2.step_1_1_1.run :: [glow] film_gain mean=0.2561 min=0.2368 max=0.2784
2026-05-14 10:08:29,891 INFO CSMF2.step_1_1_1.run :: [shuffle] gap_mean=14.980 hinge=0.0000 lambda=1.000 margin=0.50
2026-05-14 10:08:29,891 INFO CSMF2.step_1_1_1.run :: [h_std] total=0.04967 batch=0.04905 penalty=0.00115 target=0.0500 mu=10.000
2026-05-14 10:08:29,891 INFO CSMF2.step_1_1_1.run :: [lat_epoch] mean_l2=0.03879 std_l2=0.02795 (no penalty)
2026-05-14 10:08:29,891 INFO CSMF2.step_1_1_1.run :: [y_resid] alpha=0.1621
2026-05-14 10:08:29,891 INFO CSMF2.step_1_1_1.run :: [grad] cond=35.1012 film_gain=1372.2663
2026-05-14 10:09:22,279 INFO CSMF2.step_1_1_1.run :: [h] epoch=21 step=50 total=0.05070 batch=0.04997
2026-05-14 10:09:22,280 INFO CSMF2.step_1_1_1.run :: [lat] epoch=21 step=50 mean_l2=0.04936 std_l2=0.02581
2026-05-14 10:09:22,697 INFO CSMF2.step_1_1_1.run :: epoch=21 step=50/429 train_nll=-3569.868
2026-05-14 10:10:07,210 INFO CSMF2.step_1_1_1.run :: [h] epoch=21 step=100 total=0.04974 batch=0.04883
2026-05-14 10:10:07,211 INFO CSMF2.step_1_1_1.run :: [lat] epoch=21 step=100 mean_l2=0.04452 std_l2=0.03161
2026-05-14 10:10:07,659 INFO CSMF2.step_1_1_1.run :: epoch=21 step=100/429 train_nll=-3579.194
2026-05-14 10:10:52,291 INFO CSMF2.step_1_1_1.run :: [h] epoch=21 step=150 total=0.04916 batch=0.04851
2026-05-14 10:10:52,291 INFO CSMF2.step_1_1_1.run :: [lat] epoch=21 step=150 mean_l2=0.03655 std_l2=0.02109
2026-05-14 10:10:52,702 INFO CSMF2.step_1_1_1.run :: epoch=21 step=150/429 train_nll=-3574.515
2026-05-14 10:11:37,134 INFO CSMF2.step_1_1_1.run :: [h] epoch=21 step=200 total=0.05048 batch=0.04960
2026-05-14 10:11:37,134 INFO CSMF2.step_1_1_1.run :: [lat] epoch=21 step=200 mean_l2=0.03269 std_l2=0.02986
2026-05-14 10:11:37,581 INFO CSMF2.step_1_1_1.run :: epoch=21 step=200/429 train_nll=-3575.651
2026-05-14 10:12:22,118 INFO CSMF2.step_1_1_1.run :: [h] epoch=21 step=250 total=0.04964 batch=0.04880
2026-05-14 10:12:22,118 INFO CSMF2.step_1_1_1.run :: [lat] epoch=21 step=250 mean_l2=0.04451 std_l2=0.03399
2026-05-14 10:12:22,564 INFO CSMF2.step_1_1_1.run :: epoch=21 step=250/429 train_nll=-3573.042
2026-05-14 10:13:06,836 INFO CSMF2.step_1_1_1.run :: [h] epoch=21 step=300 total=0.05273 batch=0.05197
2026-05-14 10:13:06,837 INFO CSMF2.step_1_1_1.run :: [lat] epoch=21 step=300 mean_l2=0.03545 std_l2=0.02194
2026-05-14 10:13:07,245 INFO CSMF2.step_1_1_1.run :: epoch=21 step=300/429 train_nll=-3574.512
2026-05-14 10:13:51,204 INFO CSMF2.step_1_1_1.run :: [h] epoch=21 step=350 total=0.04756 batch=0.04687
2026-05-14 10:13:51,205 INFO CSMF2.step_1_1_1.run :: [lat] epoch=21 step=350 mean_l2=0.03315 std_l2=0.02663
2026-05-14 10:13:51,613 INFO CSMF2.step_1_1_1.run :: epoch=21 step=350/429 train_nll=-3575.586
2026-05-14 10:14:35,810 INFO CSMF2.step_1_1_1.run :: [h] epoch=21 step=400 total=0.04939 batch=0.04600
2026-05-14 10:14:35,811 INFO CSMF2.step_1_1_1.run :: [lat] epoch=21 step=400 mean_l2=0.03295 std_l2=0.03127
2026-05-14 10:14:36,219 INFO CSMF2.step_1_1_1.run :: epoch=21 step=400/429 train_nll=-3570.490
2026-05-14 10:15:12,445 INFO CSMF2.step_1_1_1.run :: epoch=21  train_nll=-3568.850  val_nll=-3540.943  t=394.6s
2026-05-14 10:15:12,445 INFO CSMF2.step_1_1_1.run :: [glow] film_gain mean=0.2527 min=0.2308 max=0.2750
2026-05-14 10:15:12,445 INFO CSMF2.step_1_1_1.run :: [shuffle] gap_mean=14.365 hinge=0.0000 lambda=1.000 margin=0.50
2026-05-14 10:15:12,445 INFO CSMF2.step_1_1_1.run :: [h_std] total=0.05015 batch=0.04891 penalty=0.00133 target=0.0500 mu=10.000
2026-05-14 10:15:12,445 INFO CSMF2.step_1_1_1.run :: [lat_epoch] mean_l2=0.04404 std_l2=0.03795 (no penalty)
2026-05-14 10:15:12,445 INFO CSMF2.step_1_1_1.run :: [y_resid] alpha=0.1487
2026-05-14 10:15:12,445 INFO CSMF2.step_1_1_1.run :: [grad] cond=106.6507 film_gain=848.5073
2026-05-14 10:16:05,059 INFO CSMF2.step_1_1_1.run :: [h] epoch=22 step=50 total=0.04648 batch=0.04604
2026-05-14 10:16:05,059 INFO CSMF2.step_1_1_1.run :: [lat] epoch=22 step=50 mean_l2=0.03167 std_l2=0.02910
2026-05-14 10:16:05,476 INFO CSMF2.step_1_1_1.run :: epoch=22 step=50/429 train_nll=-3574.400
2026-05-14 10:16:50,139 INFO CSMF2.step_1_1_1.run :: [h] epoch=22 step=100 total=0.04789 batch=0.04746
2026-05-14 10:16:50,140 INFO CSMF2.step_1_1_1.run :: [lat] epoch=22 step=100 mean_l2=0.04565 std_l2=0.02498
2026-05-14 10:16:50,548 INFO CSMF2.step_1_1_1.run :: epoch=22 step=100/429 train_nll=-3585.748
2026-05-14 10:17:35,777 INFO CSMF2.step_1_1_1.run :: [h] epoch=22 step=150 total=0.04858 batch=0.04805
2026-05-14 10:17:35,778 INFO CSMF2.step_1_1_1.run :: [lat] epoch=22 step=150 mean_l2=0.04163 std_l2=0.01878
2026-05-14 10:17:36,225 INFO CSMF2.step_1_1_1.run :: epoch=22 step=150/429 train_nll=-3587.156
2026-05-14 10:18:20,791 INFO CSMF2.step_1_1_1.run :: [h] epoch=22 step=200 total=0.04721 batch=0.04672
2026-05-14 10:18:20,791 INFO CSMF2.step_1_1_1.run :: [lat] epoch=22 step=200 mean_l2=0.03565 std_l2=0.02099
2026-05-14 10:18:21,200 INFO CSMF2.step_1_1_1.run :: epoch=22 step=200/429 train_nll=-3588.580
2026-05-14 10:19:06,022 INFO CSMF2.step_1_1_1.run :: [h] epoch=22 step=250 total=0.04713 batch=0.04621
2026-05-14 10:19:06,023 INFO CSMF2.step_1_1_1.run :: [lat] epoch=22 step=250 mean_l2=0.03054 std_l2=0.02225
2026-05-14 10:19:06,432 INFO CSMF2.step_1_1_1.run :: epoch=22 step=250/429 train_nll=-3590.626
2026-05-14 10:19:50,947 INFO CSMF2.step_1_1_1.run :: [h] epoch=22 step=300 total=0.04924 batch=0.04691
2026-05-14 10:19:50,947 INFO CSMF2.step_1_1_1.run :: [lat] epoch=22 step=300 mean_l2=0.03543 std_l2=0.03199
2026-05-14 10:19:51,357 INFO CSMF2.step_1_1_1.run :: epoch=22 step=300/429 train_nll=-3586.773
2026-05-14 10:20:35,956 INFO CSMF2.step_1_1_1.run :: [h] epoch=22 step=350 total=0.05070 batch=0.05016
2026-05-14 10:20:35,957 INFO CSMF2.step_1_1_1.run :: [lat] epoch=22 step=350 mean_l2=0.03686 std_l2=0.02376
2026-05-14 10:20:36,367 INFO CSMF2.step_1_1_1.run :: epoch=22 step=350/429 train_nll=-3587.199
2026-05-14 10:21:20,969 INFO CSMF2.step_1_1_1.run :: [h] epoch=22 step=400 total=0.04965 batch=0.04890
2026-05-14 10:21:20,970 INFO CSMF2.step_1_1_1.run :: [lat] epoch=22 step=400 mean_l2=0.04265 std_l2=0.02507
2026-05-14 10:21:21,419 INFO CSMF2.step_1_1_1.run :: epoch=22 step=400/429 train_nll=-3585.105
2026-05-14 10:21:58,070 INFO CSMF2.step_1_1_1.run :: epoch=22  train_nll=-3586.017  val_nll=-3610.583  t=397.7s
2026-05-14 10:21:58,070 INFO CSMF2.step_1_1_1.run :: [glow] film_gain mean=0.2521 min=0.2316 max=0.2741
2026-05-14 10:21:58,070 INFO CSMF2.step_1_1_1.run :: [shuffle] gap_mean=14.891 hinge=0.0000 lambda=1.000 margin=0.50
2026-05-14 10:21:58,070 INFO CSMF2.step_1_1_1.run :: [h_std] total=0.04860 batch=0.04785 penalty=0.00220 target=0.0500 mu=10.000
2026-05-14 10:21:58,070 INFO CSMF2.step_1_1_1.run :: [lat_epoch] mean_l2=0.03758 std_l2=0.03030 (no penalty)
2026-05-14 10:21:58,070 INFO CSMF2.step_1_1_1.run :: [y_resid] alpha=0.1521
2026-05-14 10:21:58,070 INFO CSMF2.step_1_1_1.run :: [grad] cond=20.5857 film_gain=557.1356
2026-05-14 10:22:50,751 INFO CSMF2.step_1_1_1.run :: [h] epoch=23 step=50 total=0.04781 batch=0.04734
2026-05-14 10:22:50,752 INFO CSMF2.step_1_1_1.run :: [lat] epoch=23 step=50 mean_l2=0.02785 std_l2=0.02163
2026-05-14 10:22:51,161 INFO CSMF2.step_1_1_1.run :: epoch=23 step=50/429 train_nll=-3607.691
2026-05-14 10:23:35,707 INFO CSMF2.step_1_1_1.run :: [h] epoch=23 step=100 total=0.04973 batch=0.04910
2026-05-14 10:23:35,708 INFO CSMF2.step_1_1_1.run :: [lat] epoch=23 step=100 mean_l2=0.03721 std_l2=0.03313
2026-05-14 10:23:36,116 INFO CSMF2.step_1_1_1.run :: epoch=23 step=100/429 train_nll=-3603.601
2026-05-14 10:24:20,824 INFO CSMF2.step_1_1_1.run :: [h] epoch=23 step=150 total=0.04917 batch=0.04847
2026-05-14 10:24:20,825 INFO CSMF2.step_1_1_1.run :: [lat] epoch=23 step=150 mean_l2=0.03085 std_l2=0.01960
2026-05-14 10:24:21,238 INFO CSMF2.step_1_1_1.run :: epoch=23 step=150/429 train_nll=-3599.537
2026-05-14 10:25:05,296 INFO CSMF2.step_1_1_1.run :: [h] epoch=23 step=200 total=0.05100 batch=0.05052
2026-05-14 10:25:05,297 INFO CSMF2.step_1_1_1.run :: [lat] epoch=23 step=200 mean_l2=0.03579 std_l2=0.02176
2026-05-14 10:25:05,745 INFO CSMF2.step_1_1_1.run :: epoch=23 step=200/429 train_nll=-3599.267
2026-05-14 10:25:50,155 INFO CSMF2.step_1_1_1.run :: [h] epoch=23 step=250 total=0.04950 batch=0.04875
2026-05-14 10:25:50,156 INFO CSMF2.step_1_1_1.run :: [lat] epoch=23 step=250 mean_l2=0.03565 std_l2=0.02358
2026-05-14 10:25:50,604 INFO CSMF2.step_1_1_1.run :: epoch=23 step=250/429 train_nll=-3597.840
2026-05-14 10:26:34,900 INFO CSMF2.step_1_1_1.run :: [h] epoch=23 step=300 total=0.05054 batch=0.04978
2026-05-14 10:26:34,900 INFO CSMF2.step_1_1_1.run :: [lat] epoch=23 step=300 mean_l2=0.08696 std_l2=0.03568
2026-05-14 10:26:35,311 INFO CSMF2.step_1_1_1.run :: epoch=23 step=300/429 train_nll=-3596.986
2026-05-14 10:27:20,347 INFO CSMF2.step_1_1_1.run :: [h] epoch=23 step=350 total=0.05171 batch=0.05087
2026-05-14 10:27:20,348 INFO CSMF2.step_1_1_1.run :: [lat] epoch=23 step=350 mean_l2=0.06162 std_l2=0.06566
2026-05-14 10:27:20,758 INFO CSMF2.step_1_1_1.run :: epoch=23 step=350/429 train_nll=-3598.073
2026-05-14 10:28:05,620 INFO CSMF2.step_1_1_1.run :: [h] epoch=23 step=400 total=0.05073 batch=0.04990
2026-05-14 10:28:05,621 INFO CSMF2.step_1_1_1.run :: [lat] epoch=23 step=400 mean_l2=0.03161 std_l2=0.04457
2026-05-14 10:28:06,030 INFO CSMF2.step_1_1_1.run :: epoch=23 step=400/429 train_nll=-3595.645
2026-05-14 10:28:42,306 INFO CSMF2.step_1_1_1.run :: epoch=23  train_nll=-3594.166  val_nll=-3593.658  t=396.1s
2026-05-14 10:28:42,307 INFO CSMF2.step_1_1_1.run :: [glow] film_gain mean=0.2505 min=0.2291 max=0.2734
2026-05-14 10:28:42,307 INFO CSMF2.step_1_1_1.run :: [shuffle] gap_mean=16.003 hinge=0.0000 lambda=1.000 margin=0.50
2026-05-14 10:28:42,307 INFO CSMF2.step_1_1_1.run :: [h_std] total=0.05080 batch=0.05019 penalty=0.00037 target=0.0500 mu=10.000
2026-05-14 10:28:42,307 INFO CSMF2.step_1_1_1.run :: [lat_epoch] mean_l2=0.03833 std_l2=0.02632 (no penalty)
2026-05-14 10:28:42,307 INFO CSMF2.step_1_1_1.run :: [y_resid] alpha=0.1540
2026-05-14 10:28:42,307 INFO CSMF2.step_1_1_1.run :: [grad] cond=12.9514 film_gain=977.7527
2026-05-14 10:29:34,954 INFO CSMF2.step_1_1_1.run :: [h] epoch=24 step=50 total=0.05237 batch=0.05197
2026-05-14 10:29:34,954 INFO CSMF2.step_1_1_1.run :: [lat] epoch=24 step=50 mean_l2=0.02866 std_l2=0.02619
2026-05-14 10:29:35,364 INFO CSMF2.step_1_1_1.run :: epoch=24 step=50/429 train_nll=-3593.423
2026-05-14 10:30:19,808 INFO CSMF2.step_1_1_1.run :: [h] epoch=24 step=100 total=0.05195 batch=0.05147
2026-05-14 10:30:19,808 INFO CSMF2.step_1_1_1.run :: [lat] epoch=24 step=100 mean_l2=0.03699 std_l2=0.02596
2026-05-14 10:30:20,262 INFO CSMF2.step_1_1_1.run :: epoch=24 step=100/429 train_nll=-3601.153
2026-05-14 10:31:05,221 INFO CSMF2.step_1_1_1.run :: [h] epoch=24 step=150 total=0.05388 batch=0.05304
2026-05-14 10:31:05,222 INFO CSMF2.step_1_1_1.run :: [lat] epoch=24 step=150 mean_l2=0.03162 std_l2=0.02125
2026-05-14 10:31:05,672 INFO CSMF2.step_1_1_1.run :: epoch=24 step=150/429 train_nll=-3599.171
2026-05-14 10:31:50,584 INFO CSMF2.step_1_1_1.run :: [h] epoch=24 step=200 total=0.04972 batch=0.04896
2026-05-14 10:31:50,588 INFO CSMF2.step_1_1_1.run :: [lat] epoch=24 step=200 mean_l2=0.02418 std_l2=0.05765
2026-05-14 10:31:51,019 INFO CSMF2.step_1_1_1.run :: epoch=24 step=200/429 train_nll=-3598.294
2026-05-14 10:32:35,924 INFO CSMF2.step_1_1_1.run :: [h] epoch=24 step=250 total=0.05080 batch=0.04911
2026-05-14 10:32:35,925 INFO CSMF2.step_1_1_1.run :: [lat] epoch=24 step=250 mean_l2=0.05296 std_l2=0.02779
2026-05-14 10:32:36,335 INFO CSMF2.step_1_1_1.run :: epoch=24 step=250/429 train_nll=-3589.606
2026-05-14 10:33:20,751 INFO CSMF2.step_1_1_1.run :: [h] epoch=24 step=300 total=0.04977 batch=0.04927
2026-05-14 10:33:20,752 INFO CSMF2.step_1_1_1.run :: [lat] epoch=24 step=300 mean_l2=0.03146 std_l2=0.05599
2026-05-14 10:33:21,201 INFO CSMF2.step_1_1_1.run :: epoch=24 step=300/429 train_nll=-3590.283
2026-05-14 10:34:06,058 INFO CSMF2.step_1_1_1.run :: [h] epoch=24 step=350 total=0.05113 batch=0.05034
2026-05-14 10:34:06,059 INFO CSMF2.step_1_1_1.run :: [lat] epoch=24 step=350 mean_l2=0.03500 std_l2=0.03228
2026-05-14 10:34:06,469 INFO CSMF2.step_1_1_1.run :: epoch=24 step=350/429 train_nll=-3590.456
2026-05-14 10:34:50,662 INFO CSMF2.step_1_1_1.run :: [h] epoch=24 step=400 total=0.05123 batch=0.05077
2026-05-14 10:34:50,662 INFO CSMF2.step_1_1_1.run :: [lat] epoch=24 step=400 mean_l2=0.03677 std_l2=0.02327
2026-05-14 10:34:51,075 INFO CSMF2.step_1_1_1.run :: epoch=24 step=400/429 train_nll=-3592.705
2026-05-14 10:35:27,653 INFO CSMF2.step_1_1_1.run :: epoch=24  train_nll=-3593.152  val_nll=-3601.022  t=397.4s
2026-05-14 10:35:27,653 INFO CSMF2.step_1_1_1.run :: [glow] film_gain mean=0.2487 min=0.2270 max=0.2728
2026-05-14 10:35:27,653 INFO CSMF2.step_1_1_1.run :: [shuffle] gap_mean=16.372 hinge=0.0000 lambda=1.000 margin=0.50
2026-05-14 10:35:27,653 INFO CSMF2.step_1_1_1.run :: [h_std] total=0.05080 batch=0.05014 penalty=0.00044 target=0.0500 mu=10.000
2026-05-14 10:35:27,653 INFO CSMF2.step_1_1_1.run :: [lat_epoch] mean_l2=0.03770 std_l2=0.03044 (no penalty)
2026-05-14 10:35:27,653 INFO CSMF2.step_1_1_1.run :: [y_resid] alpha=0.1525
2026-05-14 10:35:27,653 INFO CSMF2.step_1_1_1.run :: [grad] cond=64.0310 film_gain=921.4826
2026-05-14 10:36:20,183 INFO CSMF2.step_1_1_1.run :: [h] epoch=25 step=50 total=0.05017 batch=0.04955
2026-05-14 10:36:20,184 INFO CSMF2.step_1_1_1.run :: [lat] epoch=25 step=50 mean_l2=0.04645 std_l2=0.02684
2026-05-14 10:36:20,592 INFO CSMF2.step_1_1_1.run :: epoch=25 step=50/429 train_nll=-3589.765
2026-05-14 10:37:04,897 INFO CSMF2.step_1_1_1.run :: [h] epoch=25 step=100 total=0.04895 batch=0.04843
2026-05-14 10:37:04,898 INFO CSMF2.step_1_1_1.run :: [lat] epoch=25 step=100 mean_l2=0.05191 std_l2=0.02971
2026-05-14 10:37:05,309 INFO CSMF2.step_1_1_1.run :: epoch=25 step=100/429 train_nll=-3599.318
2026-05-14 10:37:49,767 INFO CSMF2.step_1_1_1.run :: [h] epoch=25 step=150 total=0.04886 batch=0.04816
2026-05-14 10:37:49,768 INFO CSMF2.step_1_1_1.run :: [lat] epoch=25 step=150 mean_l2=0.02420 std_l2=0.01920
2026-05-14 10:37:50,218 INFO CSMF2.step_1_1_1.run :: epoch=25 step=150/429 train_nll=-3593.863
2026-05-14 10:38:35,133 INFO CSMF2.step_1_1_1.run :: [h] epoch=25 step=200 total=0.05118 batch=0.04988
2026-05-14 10:38:35,134 INFO CSMF2.step_1_1_1.run :: [lat] epoch=25 step=200 mean_l2=0.04524 std_l2=0.02909
2026-05-14 10:38:35,552 INFO CSMF2.step_1_1_1.run :: epoch=25 step=200/429 train_nll=-3591.142
2026-05-14 10:39:20,412 INFO CSMF2.step_1_1_1.run :: [h] epoch=25 step=250 total=0.04799 batch=0.04700
2026-05-14 10:39:20,413 INFO CSMF2.step_1_1_1.run :: [lat] epoch=25 step=250 mean_l2=0.02142 std_l2=0.02017
2026-05-14 10:39:20,821 INFO CSMF2.step_1_1_1.run :: epoch=25 step=250/429 train_nll=-3590.529
2026-05-14 10:40:05,409 INFO CSMF2.step_1_1_1.run :: [h] epoch=25 step=300 total=0.04596 batch=0.04268
2026-05-14 10:40:05,409 INFO CSMF2.step_1_1_1.run :: [lat] epoch=25 step=300 mean_l2=0.04368 std_l2=0.02200
2026-05-14 10:40:05,818 INFO CSMF2.step_1_1_1.run :: epoch=25 step=300/429 train_nll=-3581.903
2026-05-14 10:40:50,546 INFO CSMF2.step_1_1_1.run :: [h] epoch=25 step=350 total=0.04190 batch=0.04116
2026-05-14 10:40:50,548 INFO CSMF2.step_1_1_1.run :: [lat] epoch=25 step=350 mean_l2=0.04824 std_l2=0.02992
2026-05-14 10:40:50,958 INFO CSMF2.step_1_1_1.run :: epoch=25 step=350/429 train_nll=-3583.813
2026-05-14 10:41:35,767 INFO CSMF2.step_1_1_1.run :: [h] epoch=25 step=400 total=0.04642 batch=0.04561
2026-05-14 10:41:35,767 INFO CSMF2.step_1_1_1.run :: [lat] epoch=25 step=400 mean_l2=0.04532 std_l2=0.01848
2026-05-14 10:41:36,215 INFO CSMF2.step_1_1_1.run :: epoch=25 step=400/429 train_nll=-3585.044
2026-05-14 10:42:12,790 INFO CSMF2.step_1_1_1.run :: epoch=25  train_nll=-3586.325  val_nll=-3600.605  t=397.1s
2026-05-14 10:42:12,790 INFO CSMF2.step_1_1_1.run :: [glow] film_gain mean=0.2461 min=0.2236 max=0.2706
2026-05-14 10:42:12,790 INFO CSMF2.step_1_1_1.run :: [shuffle] gap_mean=15.564 hinge=0.0000 lambda=1.000 margin=0.50
2026-05-14 10:42:12,790 INFO CSMF2.step_1_1_1.run :: [h_std] total=0.04872 batch=0.04756 penalty=0.00276 target=0.0500 mu=10.000
2026-05-14 10:42:12,790 INFO CSMF2.step_1_1_1.run :: [lat_epoch] mean_l2=0.03906 std_l2=0.03787 (no penalty)
2026-05-14 10:42:12,790 INFO CSMF2.step_1_1_1.run :: [y_resid] alpha=0.1341
2026-05-14 10:42:12,790 INFO CSMF2.step_1_1_1.run :: [grad] cond=94.2688 film_gain=914.1920
2026-05-14 10:43:05,577 INFO CSMF2.step_1_1_1.run :: [h] epoch=26 step=50 total=0.04476 batch=0.04404
2026-05-14 10:43:05,578 INFO CSMF2.step_1_1_1.run :: [lat] epoch=26 step=50 mean_l2=0.06161 std_l2=0.04573
2026-05-14 10:43:05,988 INFO CSMF2.step_1_1_1.run :: epoch=26 step=50/429 train_nll=-3595.579
2026-05-14 10:43:50,929 INFO CSMF2.step_1_1_1.run :: [h] epoch=26 step=100 total=0.04582 batch=0.04526
2026-05-14 10:43:50,929 INFO CSMF2.step_1_1_1.run :: [lat] epoch=26 step=100 mean_l2=0.02219 std_l2=0.02432
2026-05-14 10:43:51,378 INFO CSMF2.step_1_1_1.run :: epoch=26 step=100/429 train_nll=-3593.063
2026-05-14 10:44:35,859 INFO CSMF2.step_1_1_1.run :: [h] epoch=26 step=150 total=0.04737 batch=0.04438
2026-05-14 10:44:35,859 INFO CSMF2.step_1_1_1.run :: [lat] epoch=26 step=150 mean_l2=0.03722 std_l2=0.02029
2026-05-14 10:44:36,277 INFO CSMF2.step_1_1_1.run :: epoch=26 step=150/429 train_nll=-3577.452
2026-05-14 10:45:20,877 INFO CSMF2.step_1_1_1.run :: [h] epoch=26 step=200 total=0.04623 batch=0.04567
2026-05-14 10:45:20,877 INFO CSMF2.step_1_1_1.run :: [lat] epoch=26 step=200 mean_l2=0.03812 std_l2=0.01934
2026-05-14 10:45:21,294 INFO CSMF2.step_1_1_1.run :: epoch=26 step=200/429 train_nll=-3582.297
2026-05-14 10:46:06,040 INFO CSMF2.step_1_1_1.run :: [h] epoch=26 step=250 total=0.04764 batch=0.04711
2026-05-14 10:46:06,041 INFO CSMF2.step_1_1_1.run :: [lat] epoch=26 step=250 mean_l2=0.06457 std_l2=0.08915
2026-05-14 10:46:06,490 INFO CSMF2.step_1_1_1.run :: epoch=26 step=250/429 train_nll=-3585.897
2026-05-14 10:46:50,863 INFO CSMF2.step_1_1_1.run :: [h] epoch=26 step=300 total=0.04809 batch=0.04751
2026-05-14 10:46:50,865 INFO CSMF2.step_1_1_1.run :: [lat] epoch=26 step=300 mean_l2=0.06350 std_l2=0.05358
2026-05-14 10:46:51,274 INFO CSMF2.step_1_1_1.run :: epoch=26 step=300/429 train_nll=-3583.950
2026-05-14 10:47:36,153 INFO CSMF2.step_1_1_1.run :: [h] epoch=26 step=350 total=0.04845 batch=0.04769
2026-05-14 10:47:36,154 INFO CSMF2.step_1_1_1.run :: [lat] epoch=26 step=350 mean_l2=0.02701 std_l2=0.01732
2026-05-14 10:47:36,564 INFO CSMF2.step_1_1_1.run :: epoch=26 step=350/429 train_nll=-3585.721
2026-05-14 10:48:20,997 INFO CSMF2.step_1_1_1.run :: [h] epoch=26 step=400 total=0.04997 batch=0.04944
2026-05-14 10:48:20,998 INFO CSMF2.step_1_1_1.run :: [lat] epoch=26 step=400 mean_l2=0.11787 std_l2=0.17171
2026-05-14 10:48:21,411 INFO CSMF2.step_1_1_1.run :: epoch=26 step=400/429 train_nll=-3588.646
2026-05-14 10:48:57,662 INFO CSMF2.step_1_1_1.run :: epoch=26  train_nll=-3586.445  val_nll=-3550.277  t=396.8s
2026-05-14 10:48:57,662 INFO CSMF2.step_1_1_1.run :: [glow] film_gain mean=0.2438 min=0.2198 max=0.2704
2026-05-14 10:48:57,662 INFO CSMF2.step_1_1_1.run :: [shuffle] gap_mean=15.403 hinge=0.0000 lambda=1.000 margin=0.50
2026-05-14 10:48:57,662 INFO CSMF2.step_1_1_1.run :: [h_std] total=0.04719 batch=0.04632 penalty=0.00368 target=0.0500 mu=10.000
2026-05-14 10:48:57,663 INFO CSMF2.step_1_1_1.run :: [lat_epoch] mean_l2=0.03940 std_l2=0.04130 (no penalty)
2026-05-14 10:48:57,663 INFO CSMF2.step_1_1_1.run :: [y_resid] alpha=0.1407
2026-05-14 10:48:57,663 INFO CSMF2.step_1_1_1.run :: [grad] cond=82.6643 film_gain=628.7644
2026-05-14 10:49:50,116 INFO CSMF2.step_1_1_1.run :: [h] epoch=27 step=50 total=0.04899 batch=0.04833
2026-05-14 10:49:50,116 INFO CSMF2.step_1_1_1.run :: [lat] epoch=27 step=50 mean_l2=0.04212 std_l2=0.02240
2026-05-14 10:49:50,566 INFO CSMF2.step_1_1_1.run :: epoch=27 step=50/429 train_nll=-3588.708
2026-05-14 10:50:35,087 INFO CSMF2.step_1_1_1.run :: [h] epoch=27 step=100 total=0.05028 batch=0.04970
2026-05-14 10:50:35,087 INFO CSMF2.step_1_1_1.run :: [lat] epoch=27 step=100 mean_l2=0.03426 std_l2=0.03820
2026-05-14 10:50:35,497 INFO CSMF2.step_1_1_1.run :: epoch=27 step=100/429 train_nll=-3595.770
2026-05-14 10:51:19,876 INFO CSMF2.step_1_1_1.run :: [h] epoch=27 step=150 total=0.04862 batch=0.04798
2026-05-14 10:51:19,877 INFO CSMF2.step_1_1_1.run :: [lat] epoch=27 step=150 mean_l2=0.02880 std_l2=0.02595
2026-05-14 10:51:20,286 INFO CSMF2.step_1_1_1.run :: epoch=27 step=150/429 train_nll=-3592.265
2026-05-14 10:52:04,896 INFO CSMF2.step_1_1_1.run :: [h] epoch=27 step=200 total=0.04903 batch=0.04850
2026-05-14 10:52:04,896 INFO CSMF2.step_1_1_1.run :: [lat] epoch=27 step=200 mean_l2=0.03399 std_l2=0.02190
2026-05-14 10:52:05,306 INFO CSMF2.step_1_1_1.run :: epoch=27 step=200/429 train_nll=-3592.170
2026-05-14 10:52:49,741 INFO CSMF2.step_1_1_1.run :: [h] epoch=27 step=250 total=0.04807 batch=0.04684
2026-05-14 10:52:49,742 INFO CSMF2.step_1_1_1.run :: [lat] epoch=27 step=250 mean_l2=0.03558 std_l2=0.02091
2026-05-14 10:52:50,152 INFO CSMF2.step_1_1_1.run :: epoch=27 step=250/429 train_nll=-3589.276
2026-05-14 10:53:35,271 INFO CSMF2.step_1_1_1.run :: [h] epoch=27 step=300 total=0.04939 batch=0.04892
2026-05-14 10:53:35,272 INFO CSMF2.step_1_1_1.run :: [lat] epoch=27 step=300 mean_l2=0.02849 std_l2=0.02927
2026-05-14 10:53:35,682 INFO CSMF2.step_1_1_1.run :: epoch=27 step=300/429 train_nll=-3591.535
2026-05-14 10:54:20,150 INFO CSMF2.step_1_1_1.run :: [h] epoch=27 step=350 total=0.05246 batch=0.05013
2026-05-14 10:54:20,151 INFO CSMF2.step_1_1_1.run :: [lat] epoch=27 step=350 mean_l2=0.02339 std_l2=0.05717
2026-05-14 10:54:20,559 INFO CSMF2.step_1_1_1.run :: epoch=27 step=350/429 train_nll=-3586.244
2026-05-14 10:55:05,585 INFO CSMF2.step_1_1_1.run :: [h] epoch=27 step=400 total=0.04667 batch=0.04559
2026-05-14 10:55:05,586 INFO CSMF2.step_1_1_1.run :: [lat] epoch=27 step=400 mean_l2=0.05595 std_l2=0.03244
2026-05-14 10:55:05,995 INFO CSMF2.step_1_1_1.run :: epoch=27 step=400/429 train_nll=-3581.592
2026-05-14 10:55:42,397 INFO CSMF2.step_1_1_1.run :: epoch=27  train_nll=-3582.214  val_nll=-3616.565  t=396.8s
2026-05-14 10:55:42,397 INFO CSMF2.step_1_1_1.run :: [glow] film_gain mean=0.2415 min=0.2162 max=0.2700
2026-05-14 10:55:42,398 INFO CSMF2.step_1_1_1.run :: [shuffle] gap_mean=16.290 hinge=0.0000 lambda=1.000 margin=0.50
2026-05-14 10:55:42,398 INFO CSMF2.step_1_1_1.run :: [h_std] total=0.04972 batch=0.04885 penalty=0.00132 target=0.0500 mu=10.000
2026-05-14 10:55:42,398 INFO CSMF2.step_1_1_1.run :: [lat_epoch] mean_l2=0.03823 std_l2=0.03850 (no penalty)
2026-05-14 10:55:42,398 INFO CSMF2.step_1_1_1.run :: [y_resid] alpha=0.1362
2026-05-14 10:55:42,398 INFO CSMF2.step_1_1_1.run :: [grad] cond=15.2031 film_gain=670.3359
2026-05-14 10:56:35,307 INFO CSMF2.step_1_1_1.run :: [h] epoch=28 step=50 total=0.04736 batch=0.04675
2026-05-14 10:56:35,308 INFO CSMF2.step_1_1_1.run :: [lat] epoch=28 step=50 mean_l2=0.02720 std_l2=0.01994
2026-05-14 10:56:35,718 INFO CSMF2.step_1_1_1.run :: epoch=28 step=50/429 train_nll=-3601.698
2026-05-14 10:57:20,320 INFO CSMF2.step_1_1_1.run :: [h] epoch=28 step=100 total=0.05379 batch=0.05001
2026-05-14 10:57:20,321 INFO CSMF2.step_1_1_1.run :: [lat] epoch=28 step=100 mean_l2=0.07396 std_l2=0.06046
2026-05-14 10:57:20,731 INFO CSMF2.step_1_1_1.run :: epoch=28 step=100/429 train_nll=-3585.960
2026-05-14 10:58:05,332 INFO CSMF2.step_1_1_1.run :: [h] epoch=28 step=150 total=0.04617 batch=0.04542
2026-05-14 10:58:05,333 INFO CSMF2.step_1_1_1.run :: [lat] epoch=28 step=150 mean_l2=0.04082 std_l2=0.02102
2026-05-14 10:58:05,781 INFO CSMF2.step_1_1_1.run :: epoch=28 step=150/429 train_nll=-3582.083
2026-05-14 10:58:50,748 INFO CSMF2.step_1_1_1.run :: [h] epoch=28 step=200 total=0.04821 batch=0.04749
2026-05-14 10:58:50,748 INFO CSMF2.step_1_1_1.run :: [lat] epoch=28 step=200 mean_l2=0.01942 std_l2=0.02058
2026-05-14 10:58:51,160 INFO CSMF2.step_1_1_1.run :: epoch=28 step=200/429 train_nll=-3590.269
2026-05-14 10:59:35,907 INFO CSMF2.step_1_1_1.run :: [h] epoch=28 step=250 total=0.04764 batch=0.04703
2026-05-14 10:59:35,908 INFO CSMF2.step_1_1_1.run :: [lat] epoch=28 step=250 mean_l2=0.03130 std_l2=0.01837
2026-05-14 10:59:36,316 INFO CSMF2.step_1_1_1.run :: epoch=28 step=250/429 train_nll=-3595.598
2026-05-14 11:00:21,228 INFO CSMF2.step_1_1_1.run :: [h] epoch=28 step=300 total=0.04841 batch=0.04756
2026-05-14 11:00:21,229 INFO CSMF2.step_1_1_1.run :: [lat] epoch=28 step=300 mean_l2=0.03017 std_l2=0.01939
2026-05-14 11:00:21,645 INFO CSMF2.step_1_1_1.run :: epoch=28 step=300/429 train_nll=-3598.881
2026-05-14 11:01:06,642 INFO CSMF2.step_1_1_1.run :: [h] epoch=28 step=350 total=0.05250 batch=0.05193
2026-05-14 11:01:06,643 INFO CSMF2.step_1_1_1.run :: [lat] epoch=28 step=350 mean_l2=0.02041 std_l2=0.02149
2026-05-14 11:01:07,053 INFO CSMF2.step_1_1_1.run :: epoch=28 step=350/429 train_nll=-3600.995
2026-05-14 11:01:51,966 INFO CSMF2.step_1_1_1.run :: [h] epoch=28 step=400 total=0.05021 batch=0.04901
2026-05-14 11:01:51,967 INFO CSMF2.step_1_1_1.run :: [lat] epoch=28 step=400 mean_l2=0.04602 std_l2=0.02023
2026-05-14 11:01:52,416 INFO CSMF2.step_1_1_1.run :: epoch=28 step=400/429 train_nll=-3598.243
2026-05-14 11:02:29,377 INFO CSMF2.step_1_1_1.run :: epoch=28  train_nll=-3599.416  val_nll=-3617.068  t=398.9s
2026-05-14 11:02:29,378 INFO CSMF2.step_1_1_1.run :: [glow] film_gain mean=0.2402 min=0.2132 max=0.2693
2026-05-14 11:02:29,378 INFO CSMF2.step_1_1_1.run :: [shuffle] gap_mean=16.978 hinge=0.0000 lambda=1.000 margin=0.50
2026-05-14 11:02:29,378 INFO CSMF2.step_1_1_1.run :: [h_std] total=0.04929 batch=0.04838 penalty=0.00171 target=0.0500 mu=10.000
2026-05-14 11:02:29,378 INFO CSMF2.step_1_1_1.run :: [lat_epoch] mean_l2=0.03520 std_l2=0.02694 (no penalty)
2026-05-14 11:02:29,378 INFO CSMF2.step_1_1_1.run :: [y_resid] alpha=0.1387
2026-05-14 11:02:29,378 INFO CSMF2.step_1_1_1.run :: [grad] cond=86.6155 film_gain=641.0291
2026-05-14 11:03:22,878 INFO CSMF2.step_1_1_1.run :: [h] epoch=29 step=50 total=0.04972 batch=0.04921
2026-05-14 11:03:22,879 INFO CSMF2.step_1_1_1.run :: [lat] epoch=29 step=50 mean_l2=0.03771 std_l2=0.04225
2026-05-14 11:03:23,289 INFO CSMF2.step_1_1_1.run :: epoch=29 step=50/429 train_nll=-3606.954
2026-05-14 11:04:08,165 INFO CSMF2.step_1_1_1.run :: [h] epoch=29 step=100 total=0.04981 batch=0.04903
2026-05-14 11:04:08,165 INFO CSMF2.step_1_1_1.run :: [lat] epoch=29 step=100 mean_l2=0.03301 std_l2=0.02019
2026-05-14 11:04:08,575 INFO CSMF2.step_1_1_1.run :: epoch=29 step=100/429 train_nll=-3612.370
2026-05-14 11:04:53,025 INFO CSMF2.step_1_1_1.run :: [h] epoch=29 step=150 total=0.05005 batch=0.04975
2026-05-14 11:04:53,026 INFO CSMF2.step_1_1_1.run :: [lat] epoch=29 step=150 mean_l2=0.05200 std_l2=0.02065
2026-05-14 11:04:53,447 INFO CSMF2.step_1_1_1.run :: epoch=29 step=150/429 train_nll=-3613.972
2026-05-14 11:05:38,359 INFO CSMF2.step_1_1_1.run :: [h] epoch=29 step=200 total=0.05196 batch=0.05158
2026-05-14 11:05:38,360 INFO CSMF2.step_1_1_1.run :: [lat] epoch=29 step=200 mean_l2=0.03898 std_l2=0.01994
2026-05-14 11:05:38,809 INFO CSMF2.step_1_1_1.run :: epoch=29 step=200/429 train_nll=-3614.304
2026-05-14 11:06:23,106 INFO CSMF2.step_1_1_1.run :: [h] epoch=29 step=250 total=0.05094 batch=0.05023
2026-05-14 11:06:23,106 INFO CSMF2.step_1_1_1.run :: [lat] epoch=29 step=250 mean_l2=0.03195 std_l2=0.02070
2026-05-14 11:06:23,557 INFO CSMF2.step_1_1_1.run :: epoch=29 step=250/429 train_nll=-3613.642
2026-05-14 11:07:08,451 INFO CSMF2.step_1_1_1.run :: [h] epoch=29 step=300 total=0.05148 batch=0.05072
2026-05-14 11:07:08,451 INFO CSMF2.step_1_1_1.run :: [lat] epoch=29 step=300 mean_l2=0.02975 std_l2=0.01770
2026-05-14 11:07:08,901 INFO CSMF2.step_1_1_1.run :: epoch=29 step=300/429 train_nll=-3611.717
2026-05-14 11:07:53,322 INFO CSMF2.step_1_1_1.run :: [h] epoch=29 step=350 total=0.05155 batch=0.05102
2026-05-14 11:07:53,323 INFO CSMF2.step_1_1_1.run :: [lat] epoch=29 step=350 mean_l2=0.02444 std_l2=0.02660
2026-05-14 11:07:53,733 INFO CSMF2.step_1_1_1.run :: epoch=29 step=350/429 train_nll=-3610.820
2026-05-14 11:08:38,331 INFO CSMF2.step_1_1_1.run :: [h] epoch=29 step=400 total=0.05020 batch=0.04984
2026-05-14 11:08:38,332 INFO CSMF2.step_1_1_1.run :: [lat] epoch=29 step=400 mean_l2=0.03874 std_l2=0.02463
2026-05-14 11:08:38,742 INFO CSMF2.step_1_1_1.run :: epoch=29 step=400/429 train_nll=-3610.820
2026-05-14 11:09:14,948 INFO CSMF2.step_1_1_1.run :: epoch=29  train_nll=-3609.924  val_nll=-3612.728  t=396.6s
2026-05-14 11:09:14,948 INFO CSMF2.step_1_1_1.run :: [glow] film_gain mean=0.2392 min=0.2125 max=0.2694
2026-05-14 11:09:14,948 INFO CSMF2.step_1_1_1.run :: [shuffle] gap_mean=17.960 hinge=0.0000 lambda=1.000 margin=0.50
2026-05-14 11:09:14,948 INFO CSMF2.step_1_1_1.run :: [h_std] total=0.05073 batch=0.05014 penalty=0.00040 target=0.0500 mu=10.000
2026-05-14 11:09:14,948 INFO CSMF2.step_1_1_1.run :: [lat_epoch] mean_l2=0.03375 std_l2=0.02566 (no penalty)
2026-05-14 11:09:14,948 INFO CSMF2.step_1_1_1.run :: [y_resid] alpha=0.1402
2026-05-14 11:09:14,949 INFO CSMF2.step_1_1_1.run :: [grad] cond=5.8291 film_gain=1085.6538
2026-05-14 11:09:22,826 WARNING CSMF2.step_1_1_1.run :: [exit_gate] fwd_rel=0.965 > target 0.500 (informational; no resume baseline available)
2026-05-14 11:09:43,303 INFO CSMF2.step_1_1_1.run :: [run] FINAL test_nll (sealed 10k) = -3610.306
2026-05-14 11:09:44,179 INFO CSMF2.experiments.step_1_1_1.density_plots :: [plot_latent_density] saved -> CSMF2/experiments/step_1_1_1/results/glow_s2_n0.10_seed0_3f865a10d80b/plots/latent_density.png  (ks=0.0110, mean=0.017, std=1.028)
2026-05-14 11:09:44,525 INFO CSMF2.experiments.step_1_1_1.density_plots :: [plot_cycle_density] saved -> CSMF2/experiments/step_1_1_1/results/glow_s2_n0.10_seed0_3f865a10d80b/plots/cycle_density.png  (max|err|=9.298e-06 rms=4.968e-07)
2026-05-14 11:09:45,014 INFO CSMF2.experiments.step_1_1_1.density_plots :: [plot_reconstruction_panel] saved -> CSMF2/experiments/step_1_1_1/results/glow_s2_n0.10_seed0_3f865a10d80b/plots/reconstruction_panel.png  rms(enc-prior)=2.001
==============================================================
[1mSTEP-1_1_1 RUN SUMMARY[0m
==============================================================
expert: glow   scale: 2   noise: 0.1   seed: 0   epochs: 30
train NLL:    -2938.82  ->    -3609.92  (Δ = -671.10)
test  NLL:    -3227.87  ->    -3612.73

[1mHARD GATES (halt on fail)[0m
  [32m 30/30  ✓[0m  invertibility FP64 <1e-5
  [33m 17/30  ✗[0m  latent KS vs N(0,1) <0.05
  [32m 30/30  ✓[0m  cycle_max < 1e-12
  [31m  0/30  ✗[0m  h std > 1e-3
  [31m  0/30  ✗[0m  FiLM γ,β std > 1e-3 aggregate
  [31m  0/30  ✗[0m  (y,seed) max|Δh| < 1e-6
  [32m 30/30  ✓[0m  no NaN/Inf this epoch
  [32m  1/1   ✓[0m  numeric log-det (FP64, once)

[1mINFORMATIONAL (logged, non-blocking)[0m
  [31m  0/30  ✗[0m  null-control gap ≥ 0.10
  [31m  0/30  ✗[0m  h_st Δlogp slope > 1e-3
  [31m  0/30  ✗[0m  grad norm > 1e-6
  [32m 30/30  ✓[0m  fwd residual reported
--------------------------------------------------------------
[1mHARD TOTAL: 108/211[0m  (51.2%)
[1mEXIT_CRITERIA_MET:[0m [31mNO[0m
[1mREMEDY HINTS:[0m
  - hard gate failed: latent_ks (latent KS vs N(0,1) <0.05) -- check epochs [3, 4, 5, 7, 11, 12, 15, 19, 20, 22, 25, 26, 28]
  - hard gate failed: h_alive (h std > 1e-3) -- check epochs [0, 1, 2, 3, 4, 5, 6, 7, 8, 9, 10, 11, 12, 13, 14, 15, 16, 17, 18, 19, 20, 21, 22, 23, 24, 25, 26, 27, 28, 29]
  - hard gate failed: film_alive (FiLM γ,β std > 1e-3 aggregate) -- check epochs [0, 1, 2, 3, 4, 5, 6, 7, 8, 9, 10, 11, 12, 13, 14, 15, 16, 17, 18, 19, 20, 21, 22, 23, 24, 25, 26, 27, 28, 29]
  - hard gate failed: determinism ((y,seed) max|Δh| < 1e-6) -- check epochs [0, 1, 2, 3, 4, 5, 6, 7, 8, 9, 10, 11, 12, 13, 14, 15, 16, 17, 18, 19, 20, 21, 22, 23, 24, 25, 26, 27, 28, 29]
[33mSTEP-1_1_1 SOFT WARNINGS (non-blocking):[0m
  ! fwd_rel=0.965 > target 0.500 (informational; no resume baseline available)
==============================================================
2026-05-14 11:09:45,095 INFO CSMF2.step_1_1_1.run :: STEP-1_1 run DONE  exit_ok=False  out=CSMF2/experiments/step_1_1_1/results/glow_s2_n0.10_seed0_3f865a10d80b
