2026-05-13 18:09:58,715 INFO CSMF2.step_1_1_1.run :: STEP-1_1 run | tag=glow_s2_n0.00_seed0_07e3afe6b440 | cfg=StepCfg(data_root='./mnist_data', scale=2, blur_sigma=1.0, noise_sigma=0.0, batch_size=128, expert='glow', dim=784, cond_width=128, h_dim=256, flow_hidden=256, use_film=True, cache_h=True, use_v2_conditioner=True, film_depth=2, film_hidden=128, film_use_gelu=True, realnvp_n_couplings=6, realnvp_s_max=2.0, glow_n_steps=8, glow_coupling_hidden=256, glow_s_max=2.0, glow_squeeze=True, glow_n_levels=1, glow_image_c=1, glow_image_h=28, glow_image_w=28, glow_film_gain_init=0.3, lr=0.001, epochs=30, weight_decay=0.0, grad_clip=5.0, shuffle_loss_lambda=1.0, shuffle_loss_margin=0.5, h_std_penalty_mu=10.0, h_std_target=0.05, cond_y_residual_alpha_init=0.3, latent_moment_lambda=0.1, latent_ks_target=0.1, fwd_rel_target=0.5, resume_from=None, seed=0, out_root='./CSMF2/experiments/step_1_1_1/results', log_every=50, sanity_every_epoch=True)
2026-05-13 18:09:58,783 INFO CSMF2.step_1_1_1.run :: [run] data sizes: train=55000  val=5000 (per-epoch)  test=10000 (final-only)
2026-05-13 18:09:58,843 INFO CSMF2.step_1_1_1.run :: [y_sanity] y.std(dim=0).mean() = 0.1294  shape=(128, 1, 14, 14)
2026-05-13 18:09:58,966 INFO CSMF2.models.flows.glow.actnorm :: [Actnorm] data-init: C=4  s_mean=0.586  b_mean=1.274
2026-05-13 18:09:58,997 INFO CSMF2.models.experts :: [CondGlow.init_actnorm] step 0 done
2026-05-13 18:09:58,997 INFO CSMF2.models.flows.glow.actnorm :: [Actnorm] data-init: C=4  s_mean=1.342  b_mean=0.011
2026-05-13 18:09:59,027 INFO CSMF2.models.experts :: [CondGlow.init_actnorm] step 1 done
2026-05-13 18:09:59,027 INFO CSMF2.models.flows.glow.actnorm :: [Actnorm] data-init: C=4  s_mean=1.116  b_mean=0.023
2026-05-13 18:09:59,058 INFO CSMF2.models.experts :: [CondGlow.init_actnorm] step 2 done
2026-05-13 18:09:59,058 INFO CSMF2.models.flows.glow.actnorm :: [Actnorm] data-init: C=4  s_mean=1.135  b_mean=0.020
2026-05-13 18:09:59,088 INFO CSMF2.models.experts :: [CondGlow.init_actnorm] step 3 done
2026-05-13 18:09:59,089 INFO CSMF2.models.flows.glow.actnorm :: [Actnorm] data-init: C=4  s_mean=1.053  b_mean=0.011
2026-05-13 18:09:59,119 INFO CSMF2.models.experts :: [CondGlow.init_actnorm] step 4 done
2026-05-13 18:09:59,119 INFO CSMF2.models.flows.glow.actnorm :: [Actnorm] data-init: C=4  s_mean=1.196  b_mean=0.040
2026-05-13 18:09:59,149 INFO CSMF2.models.experts :: [CondGlow.init_actnorm] step 5 done
2026-05-13 18:09:59,150 INFO CSMF2.models.flows.glow.actnorm :: [Actnorm] data-init: C=4  s_mean=1.109  b_mean=0.103
2026-05-13 18:09:59,180 INFO CSMF2.models.experts :: [CondGlow.init_actnorm] step 6 done
2026-05-13 18:09:59,180 INFO CSMF2.models.flows.glow.actnorm :: [Actnorm] data-init: C=4  s_mean=0.960  b_mean=-0.046
2026-05-13 18:09:59,210 INFO CSMF2.models.experts :: [CondGlow.init_actnorm] step 7 done
2026-05-13 18:09:59,211 INFO CSMF2.step_1_1_1.run :: [run] logdet twin check SKIPPED for Glow: twin-flow logdet check incompatible with image-shape Glow; per-epoch invertibility_check covers correctness
2026-05-13 18:10:43,225 INFO CSMF2.step_1_1_1.run :: [h] epoch=0 step=50 total=0.05220 batch=0.03061
2026-05-13 18:10:43,226 INFO CSMF2.step_1_1_1.run :: [lat] epoch=0 step=50 mean_l2=0.45820 std_l2=0.28521
2026-05-13 18:10:43,629 INFO CSMF2.step_1_1_1.run :: epoch=0 step=50/429 train_nll=-2058.604
2026-05-13 18:11:27,351 INFO CSMF2.step_1_1_1.run :: [h] epoch=0 step=100 total=0.04495 batch=0.03153
2026-05-13 18:11:27,352 INFO CSMF2.step_1_1_1.run :: [lat] epoch=0 step=100 mean_l2=0.09157 std_l2=0.26867
2026-05-13 18:11:27,761 INFO CSMF2.step_1_1_1.run :: epoch=0 step=100/429 train_nll=-2415.275
2026-05-13 18:12:12,054 INFO CSMF2.step_1_1_1.run :: [h] epoch=0 step=150 total=0.04665 batch=0.02975
2026-05-13 18:12:12,055 INFO CSMF2.step_1_1_1.run :: [lat] epoch=0 step=150 mean_l2=0.09507 std_l2=0.13317
2026-05-13 18:12:12,463 INFO CSMF2.step_1_1_1.run :: epoch=0 step=150/429 train_nll=-2599.327
2026-05-13 18:12:56,522 INFO CSMF2.step_1_1_1.run :: [h] epoch=0 step=200 total=0.04611 batch=0.03119
2026-05-13 18:12:56,522 INFO CSMF2.step_1_1_1.run :: [lat] epoch=0 step=200 mean_l2=0.27268 std_l2=0.08748
2026-05-13 18:12:56,932 INFO CSMF2.step_1_1_1.run :: epoch=0 step=200/429 train_nll=-2715.898
2026-05-13 18:13:41,324 INFO CSMF2.step_1_1_1.run :: [h] epoch=0 step=250 total=0.04659 batch=0.03131
2026-05-13 18:13:41,325 INFO CSMF2.step_1_1_1.run :: [lat] epoch=0 step=250 mean_l2=0.06208 std_l2=0.06924
2026-05-13 18:13:41,727 INFO CSMF2.step_1_1_1.run :: epoch=0 step=250/429 train_nll=-2804.673
2026-05-13 18:14:25,912 INFO CSMF2.step_1_1_1.run :: [h] epoch=0 step=300 total=0.04039 batch=0.03035
2026-05-13 18:14:25,912 INFO CSMF2.step_1_1_1.run :: [lat] epoch=0 step=300 mean_l2=0.07565 std_l2=0.08631
2026-05-13 18:14:26,322 INFO CSMF2.step_1_1_1.run :: epoch=0 step=300/429 train_nll=-2859.613
2026-05-13 18:15:10,503 INFO CSMF2.step_1_1_1.run :: [h] epoch=0 step=350 total=0.04060 batch=0.02972
2026-05-13 18:15:10,504 INFO CSMF2.step_1_1_1.run :: [lat] epoch=0 step=350 mean_l2=0.13132 std_l2=0.08017
2026-05-13 18:15:10,905 INFO CSMF2.step_1_1_1.run :: epoch=0 step=350/429 train_nll=-2909.570
2026-05-13 18:15:54,959 INFO CSMF2.step_1_1_1.run :: [h] epoch=0 step=400 total=0.03936 batch=0.02925
2026-05-13 18:15:54,959 INFO CSMF2.step_1_1_1.run :: [lat] epoch=0 step=400 mean_l2=0.11707 std_l2=0.08362
2026-05-13 18:15:55,360 INFO CSMF2.step_1_1_1.run :: epoch=0 step=400/429 train_nll=-2948.147
2026-05-13 18:16:31,383 INFO CSMF2.step_1_1_1.run :: epoch=0  train_nll=-2965.340  val_nll=-3249.284  t=392.2s
2026-05-13 18:16:31,383 INFO CSMF2.step_1_1_1.run :: [glow] film_gain mean=0.3029 min=0.2884 max=0.3167
2026-05-13 18:16:31,384 INFO CSMF2.step_1_1_1.run :: [shuffle] gap_mean=0.416 hinge=0.2157 lambda=1.000 margin=0.50
2026-05-13 18:16:31,384 INFO CSMF2.step_1_1_1.run :: [h_std] total=0.04590 batch=0.03018 penalty=0.01982 target=0.0500 mu=10.000
2026-05-13 18:16:31,384 INFO CSMF2.step_1_1_1.run :: [lat_epoch] mean_l2=0.16899 std_l2=0.19142 lambda=0.100
2026-05-13 18:16:31,384 INFO CSMF2.step_1_1_1.run :: [y_resid] alpha=0.2548
2026-05-13 18:16:31,384 INFO CSMF2.step_1_1_1.run :: [grad] cond=102.6544 film_gain=1446.4854
2026-05-13 18:17:24,606 INFO CSMF2.step_1_1_1.run :: [h] epoch=1 step=50 total=0.03819 batch=0.02978
2026-05-13 18:17:24,607 INFO CSMF2.step_1_1_1.run :: [lat] epoch=1 step=50 mean_l2=0.24223 std_l2=0.09873
2026-05-13 18:17:25,044 INFO CSMF2.step_1_1_1.run :: epoch=1 step=50/429 train_nll=-3250.124
2026-05-13 18:18:09,072 INFO CSMF2.step_1_1_1.run :: [h] epoch=1 step=100 total=0.03811 batch=0.02944
2026-05-13 18:18:09,072 INFO CSMF2.step_1_1_1.run :: [lat] epoch=1 step=100 mean_l2=0.52147 std_l2=0.26972
2026-05-13 18:18:09,479 INFO CSMF2.step_1_1_1.run :: epoch=1 step=100/429 train_nll=-3251.143
2026-05-13 18:18:53,591 INFO CSMF2.step_1_1_1.run :: [h] epoch=1 step=150 total=0.03612 batch=0.03036
2026-05-13 18:18:53,591 INFO CSMF2.step_1_1_1.run :: [lat] epoch=1 step=150 mean_l2=0.06100 std_l2=0.05568
2026-05-13 18:18:54,002 INFO CSMF2.step_1_1_1.run :: epoch=1 step=150/429 train_nll=-3250.978
2026-05-13 18:19:38,183 INFO CSMF2.step_1_1_1.run :: [h] epoch=1 step=200 total=0.03453 batch=0.02937
2026-05-13 18:19:38,184 INFO CSMF2.step_1_1_1.run :: [lat] epoch=1 step=200 mean_l2=0.09123 std_l2=0.13424
2026-05-13 18:19:38,627 INFO CSMF2.step_1_1_1.run :: epoch=1 step=200/429 train_nll=-3245.592
2026-05-13 18:20:23,035 INFO CSMF2.step_1_1_1.run :: [h] epoch=1 step=250 total=0.03607 batch=0.02962
2026-05-13 18:20:23,036 INFO CSMF2.step_1_1_1.run :: [lat] epoch=1 step=250 mean_l2=0.10893 std_l2=0.05103
2026-05-13 18:20:23,447 INFO CSMF2.step_1_1_1.run :: epoch=1 step=250/429 train_nll=-3258.431
2026-05-13 18:21:07,715 INFO CSMF2.step_1_1_1.run :: [h] epoch=1 step=300 total=0.03669 batch=0.03197
2026-05-13 18:21:07,716 INFO CSMF2.step_1_1_1.run :: [lat] epoch=1 step=300 mean_l2=0.08887 std_l2=0.05021
2026-05-13 18:21:08,128 INFO CSMF2.step_1_1_1.run :: epoch=1 step=300/429 train_nll=-3270.384
2026-05-13 18:21:52,538 INFO CSMF2.step_1_1_1.run :: [h] epoch=1 step=350 total=0.03617 batch=0.03113
2026-05-13 18:21:52,539 INFO CSMF2.step_1_1_1.run :: [lat] epoch=1 step=350 mean_l2=0.08086 std_l2=0.05646
2026-05-13 18:21:52,951 INFO CSMF2.step_1_1_1.run :: epoch=1 step=350/429 train_nll=-3279.430
2026-05-13 18:22:37,323 INFO CSMF2.step_1_1_1.run :: [h] epoch=1 step=400 total=0.03653 batch=0.03133
2026-05-13 18:22:37,324 INFO CSMF2.step_1_1_1.run :: [lat] epoch=1 step=400 mean_l2=0.04976 std_l2=0.04085
2026-05-13 18:22:37,742 INFO CSMF2.step_1_1_1.run :: epoch=1 step=400/429 train_nll=-3287.576
2026-05-13 18:23:14,106 INFO CSMF2.step_1_1_1.run :: epoch=1  train_nll=-3291.991  val_nll=-3349.277  t=393.7s
2026-05-13 18:23:14,106 INFO CSMF2.step_1_1_1.run :: [glow] film_gain mean=0.3015 min=0.2836 max=0.3194
2026-05-13 18:23:14,106 INFO CSMF2.step_1_1_1.run :: [shuffle] gap_mean=1.420 hinge=0.0385 lambda=1.000 margin=0.50
2026-05-13 18:23:14,106 INFO CSMF2.step_1_1_1.run :: [h_std] total=0.03666 batch=0.03058 penalty=0.01942 target=0.0500 mu=10.000
2026-05-13 18:23:14,106 INFO CSMF2.step_1_1_1.run :: [lat_epoch] mean_l2=0.10559 std_l2=0.06159 lambda=0.100
2026-05-13 18:23:14,106 INFO CSMF2.step_1_1_1.run :: [y_resid] alpha=0.2428
2026-05-13 18:23:14,106 INFO CSMF2.step_1_1_1.run :: [grad] cond=29.0041 film_gain=846.3062
2026-05-13 18:24:06,583 INFO CSMF2.step_1_1_1.run :: [h] epoch=2 step=50 total=0.03755 batch=0.03329
2026-05-13 18:24:06,584 INFO CSMF2.step_1_1_1.run :: [lat] epoch=2 step=50 mean_l2=0.06743 std_l2=0.04449
2026-05-13 18:24:06,994 INFO CSMF2.step_1_1_1.run :: epoch=2 step=50/429 train_nll=-3384.782
2026-05-13 18:24:52,352 INFO CSMF2.step_1_1_1.run :: [h] epoch=2 step=100 total=0.03877 batch=0.03390
2026-05-13 18:24:52,353 INFO CSMF2.step_1_1_1.run :: [lat] epoch=2 step=100 mean_l2=0.04231 std_l2=0.03192
2026-05-13 18:24:52,771 INFO CSMF2.step_1_1_1.run :: epoch=2 step=100/429 train_nll=-3386.732
2026-05-13 18:25:37,736 INFO CSMF2.step_1_1_1.run :: [h] epoch=2 step=150 total=0.03735 batch=0.03210
2026-05-13 18:25:37,737 INFO CSMF2.step_1_1_1.run :: [lat] epoch=2 step=150 mean_l2=0.06702 std_l2=0.04183
2026-05-13 18:25:38,154 INFO CSMF2.step_1_1_1.run :: epoch=2 step=150/429 train_nll=-3387.191
2026-05-13 18:26:22,813 INFO CSMF2.step_1_1_1.run :: [h] epoch=2 step=200 total=0.03796 batch=0.03115
2026-05-13 18:26:22,814 INFO CSMF2.step_1_1_1.run :: [lat] epoch=2 step=200 mean_l2=0.06580 std_l2=0.04073
2026-05-13 18:26:23,224 INFO CSMF2.step_1_1_1.run :: epoch=2 step=200/429 train_nll=-3375.364
2026-05-13 18:27:07,798 INFO CSMF2.step_1_1_1.run :: [h] epoch=2 step=250 total=0.03450 batch=0.03158
2026-05-13 18:27:07,799 INFO CSMF2.step_1_1_1.run :: [lat] epoch=2 step=250 mean_l2=0.22717 std_l2=0.03562
2026-05-13 18:27:08,245 INFO CSMF2.step_1_1_1.run :: epoch=2 step=250/429 train_nll=-3376.058
2026-05-13 18:27:52,945 INFO CSMF2.step_1_1_1.run :: [h] epoch=2 step=300 total=0.03307 batch=0.02985
2026-05-13 18:27:52,945 INFO CSMF2.step_1_1_1.run :: [lat] epoch=2 step=300 mean_l2=0.05156 std_l2=0.03789
2026-05-13 18:27:53,392 INFO CSMF2.step_1_1_1.run :: epoch=2 step=300/429 train_nll=-3374.237
2026-05-13 18:28:37,911 INFO CSMF2.step_1_1_1.run :: [h] epoch=2 step=350 total=0.03498 batch=0.03151
2026-05-13 18:28:37,911 INFO CSMF2.step_1_1_1.run :: [lat] epoch=2 step=350 mean_l2=0.08580 std_l2=0.04413
2026-05-13 18:28:38,323 INFO CSMF2.step_1_1_1.run :: epoch=2 step=350/429 train_nll=-3378.123
2026-05-13 18:29:22,992 INFO CSMF2.step_1_1_1.run :: [h] epoch=2 step=400 total=0.03378 batch=0.03076
2026-05-13 18:29:22,993 INFO CSMF2.step_1_1_1.run :: [lat] epoch=2 step=400 mean_l2=0.06008 std_l2=0.03685
2026-05-13 18:29:23,440 INFO CSMF2.step_1_1_1.run :: epoch=2 step=400/429 train_nll=-3382.111
2026-05-13 18:29:59,901 INFO CSMF2.step_1_1_1.run :: epoch=2  train_nll=-3383.893  val_nll=-3417.127  t=398.0s
2026-05-13 18:29:59,901 INFO CSMF2.step_1_1_1.run :: [glow] film_gain mean=0.2997 min=0.2827 max=0.3187
2026-05-13 18:29:59,901 INFO CSMF2.step_1_1_1.run :: [shuffle] gap_mean=3.339 hinge=0.0052 lambda=1.000 margin=0.50
2026-05-13 18:29:59,901 INFO CSMF2.step_1_1_1.run :: [h_std] total=0.03594 batch=0.03181 penalty=0.01819 target=0.0500 mu=10.000
2026-05-13 18:29:59,901 INFO CSMF2.step_1_1_1.run :: [lat_epoch] mean_l2=0.07648 std_l2=0.04294 lambda=0.100
2026-05-13 18:29:59,901 INFO CSMF2.step_1_1_1.run :: [y_resid] alpha=0.2143
2026-05-13 18:29:59,901 INFO CSMF2.step_1_1_1.run :: [grad] cond=25.9178 film_gain=540.0833
2026-05-13 18:30:52,369 INFO CSMF2.step_1_1_1.run :: [h] epoch=3 step=50 total=0.03514 batch=0.03201
2026-05-13 18:30:52,370 INFO CSMF2.step_1_1_1.run :: [lat] epoch=3 step=50 mean_l2=0.07582 std_l2=0.04964
2026-05-13 18:30:52,815 INFO CSMF2.step_1_1_1.run :: epoch=3 step=50/429 train_nll=-3397.268
2026-05-13 18:31:37,535 INFO CSMF2.step_1_1_1.run :: [h] epoch=3 step=100 total=0.03548 batch=0.03272
2026-05-13 18:31:37,536 INFO CSMF2.step_1_1_1.run :: [lat] epoch=3 step=100 mean_l2=0.06399 std_l2=0.02565
2026-05-13 18:31:37,952 INFO CSMF2.step_1_1_1.run :: epoch=3 step=100/429 train_nll=-3413.639
2026-05-13 18:32:22,937 INFO CSMF2.step_1_1_1.run :: [h] epoch=3 step=150 total=0.03619 batch=0.03348
2026-05-13 18:32:22,938 INFO CSMF2.step_1_1_1.run :: [lat] epoch=3 step=150 mean_l2=0.08320 std_l2=0.04677
2026-05-13 18:32:23,357 INFO CSMF2.step_1_1_1.run :: epoch=3 step=150/429 train_nll=-3419.765
2026-05-13 18:33:07,732 INFO CSMF2.step_1_1_1.run :: [h] epoch=3 step=200 total=0.03497 batch=0.03253
2026-05-13 18:33:07,733 INFO CSMF2.step_1_1_1.run :: [lat] epoch=3 step=200 mean_l2=0.08860 std_l2=0.02396
2026-05-13 18:33:08,179 INFO CSMF2.step_1_1_1.run :: epoch=3 step=200/429 train_nll=-3421.425
2026-05-13 18:33:52,875 INFO CSMF2.step_1_1_1.run :: [h] epoch=3 step=250 total=0.03602 batch=0.03356
2026-05-13 18:33:52,876 INFO CSMF2.step_1_1_1.run :: [lat] epoch=3 step=250 mean_l2=0.04391 std_l2=0.06688
2026-05-13 18:33:53,286 INFO CSMF2.step_1_1_1.run :: epoch=3 step=250/429 train_nll=-3421.850
2026-05-13 18:34:37,965 INFO CSMF2.step_1_1_1.run :: [h] epoch=3 step=300 total=0.03602 batch=0.03356
2026-05-13 18:34:37,965 INFO CSMF2.step_1_1_1.run :: [lat] epoch=3 step=300 mean_l2=0.11796 std_l2=0.08589
2026-05-13 18:34:38,376 INFO CSMF2.step_1_1_1.run :: epoch=3 step=300/429 train_nll=-3419.301
2026-05-13 18:35:23,192 INFO CSMF2.step_1_1_1.run :: [h] epoch=3 step=350 total=0.03698 batch=0.03468
2026-05-13 18:35:23,193 INFO CSMF2.step_1_1_1.run :: [lat] epoch=3 step=350 mean_l2=0.04162 std_l2=0.04979
2026-05-13 18:35:23,604 INFO CSMF2.step_1_1_1.run :: epoch=3 step=350/429 train_nll=-3420.530
2026-05-13 18:36:08,525 INFO CSMF2.step_1_1_1.run :: [h] epoch=3 step=400 total=0.03804 batch=0.03605
2026-05-13 18:36:08,525 INFO CSMF2.step_1_1_1.run :: [lat] epoch=3 step=400 mean_l2=0.04017 std_l2=0.05349
2026-05-13 18:36:08,969 INFO CSMF2.step_1_1_1.run :: epoch=3 step=400/429 train_nll=-3424.207
2026-05-13 18:36:45,260 INFO CSMF2.step_1_1_1.run :: epoch=3  train_nll=-3423.701  val_nll=-3457.925  t=397.5s
2026-05-13 18:36:45,260 INFO CSMF2.step_1_1_1.run :: [glow] film_gain mean=0.2981 min=0.2812 max=0.3191
2026-05-13 18:36:45,260 INFO CSMF2.step_1_1_1.run :: [shuffle] gap_mean=5.726 hinge=0.0007 lambda=1.000 margin=0.50
2026-05-13 18:36:45,261 INFO CSMF2.step_1_1_1.run :: [h_std] total=0.03626 batch=0.03375 penalty=0.01625 target=0.0500 mu=10.000
2026-05-13 18:36:45,261 INFO CSMF2.step_1_1_1.run :: [lat_epoch] mean_l2=0.06572 std_l2=0.04783 lambda=0.100
2026-05-13 18:36:45,261 INFO CSMF2.step_1_1_1.run :: [y_resid] alpha=0.2183
2026-05-13 18:36:45,261 INFO CSMF2.step_1_1_1.run :: [grad] cond=15.8524 film_gain=566.8199
2026-05-13 18:37:38,484 INFO CSMF2.step_1_1_1.run :: [h] epoch=4 step=50 total=0.03986 batch=0.03759
2026-05-13 18:37:38,485 INFO CSMF2.step_1_1_1.run :: [lat] epoch=4 step=50 mean_l2=0.05708 std_l2=0.03374
2026-05-13 18:37:38,895 INFO CSMF2.step_1_1_1.run :: epoch=4 step=50/429 train_nll=-3440.955
2026-05-13 18:38:23,706 INFO CSMF2.step_1_1_1.run :: [h] epoch=4 step=100 total=0.03868 batch=0.03652
2026-05-13 18:38:23,707 INFO CSMF2.step_1_1_1.run :: [lat] epoch=4 step=100 mean_l2=0.03345 std_l2=0.02650
2026-05-13 18:38:24,126 INFO CSMF2.step_1_1_1.run :: epoch=4 step=100/429 train_nll=-3448.869
2026-05-13 18:39:08,632 INFO CSMF2.step_1_1_1.run :: [h] epoch=4 step=150 total=0.03952 batch=0.03752
2026-05-13 18:39:08,633 INFO CSMF2.step_1_1_1.run :: [lat] epoch=4 step=150 mean_l2=0.05799 std_l2=0.02659
2026-05-13 18:39:09,043 INFO CSMF2.step_1_1_1.run :: epoch=4 step=150/429 train_nll=-3449.958
2026-05-13 18:39:53,959 INFO CSMF2.step_1_1_1.run :: [h] epoch=4 step=200 total=0.03962 batch=0.03761
2026-05-13 18:39:53,959 INFO CSMF2.step_1_1_1.run :: [lat] epoch=4 step=200 mean_l2=0.06846 std_l2=0.03071
2026-05-13 18:39:54,370 INFO CSMF2.step_1_1_1.run :: epoch=4 step=200/429 train_nll=-3450.679
2026-05-13 18:40:38,785 INFO CSMF2.step_1_1_1.run :: [h] epoch=4 step=250 total=0.03903 batch=0.03574
2026-05-13 18:40:38,786 INFO CSMF2.step_1_1_1.run :: [lat] epoch=4 step=250 mean_l2=0.06616 std_l2=0.05221
2026-05-13 18:40:39,197 INFO CSMF2.step_1_1_1.run :: epoch=4 step=250/429 train_nll=-3453.758
2026-05-13 18:41:23,905 INFO CSMF2.step_1_1_1.run :: [h] epoch=4 step=300 total=0.03998 batch=0.03782
2026-05-13 18:41:23,906 INFO CSMF2.step_1_1_1.run :: [lat] epoch=4 step=300 mean_l2=0.08858 std_l2=0.03841
2026-05-13 18:41:24,318 INFO CSMF2.step_1_1_1.run :: epoch=4 step=300/429 train_nll=-3448.978
2026-05-13 18:42:08,843 INFO CSMF2.step_1_1_1.run :: [h] epoch=4 step=350 total=0.03751 batch=0.03576
2026-05-13 18:42:08,844 INFO CSMF2.step_1_1_1.run :: [lat] epoch=4 step=350 mean_l2=0.02829 std_l2=0.04166
2026-05-13 18:42:09,262 INFO CSMF2.step_1_1_1.run :: epoch=4 step=350/429 train_nll=-3451.793
2026-05-13 18:42:53,995 INFO CSMF2.step_1_1_1.run :: [h] epoch=4 step=400 total=0.03819 batch=0.03622
2026-05-13 18:42:53,996 INFO CSMF2.step_1_1_1.run :: [lat] epoch=4 step=400 mean_l2=0.04044 std_l2=0.03238
2026-05-13 18:42:54,404 INFO CSMF2.step_1_1_1.run :: epoch=4 step=400/429 train_nll=-3452.329
2026-05-13 18:43:30,943 INFO CSMF2.step_1_1_1.run :: epoch=4  train_nll=-3451.882  val_nll=-3467.073  t=396.9s
2026-05-13 18:43:30,943 INFO CSMF2.step_1_1_1.run :: [glow] film_gain mean=0.2965 min=0.2799 max=0.3186
2026-05-13 18:43:30,943 INFO CSMF2.step_1_1_1.run :: [shuffle] gap_mean=7.650 hinge=0.0135 lambda=1.000 margin=0.50
2026-05-13 18:43:30,943 INFO CSMF2.step_1_1_1.run :: [h_std] total=0.03888 batch=0.03684 penalty=0.01316 target=0.0500 mu=10.000
2026-05-13 18:43:30,943 INFO CSMF2.step_1_1_1.run :: [lat_epoch] mean_l2=0.05892 std_l2=0.05203 lambda=0.100
2026-05-13 18:43:30,943 INFO CSMF2.step_1_1_1.run :: [y_resid] alpha=0.2141
2026-05-13 18:43:30,943 INFO CSMF2.step_1_1_1.run :: [grad] cond=21.8563 film_gain=373.3635
2026-05-13 18:44:23,970 INFO CSMF2.step_1_1_1.run :: [h] epoch=5 step=50 total=0.03893 batch=0.03718
2026-05-13 18:44:23,971 INFO CSMF2.step_1_1_1.run :: [lat] epoch=5 step=50 mean_l2=0.10255 std_l2=0.03927
2026-05-13 18:44:24,380 INFO CSMF2.step_1_1_1.run :: epoch=5 step=50/429 train_nll=-3470.833
2026-05-13 18:45:09,384 INFO CSMF2.step_1_1_1.run :: [h] epoch=5 step=100 total=0.03992 batch=0.03834
2026-05-13 18:45:09,384 INFO CSMF2.step_1_1_1.run :: [lat] epoch=5 step=100 mean_l2=0.07389 std_l2=0.03228
2026-05-13 18:45:09,802 INFO CSMF2.step_1_1_1.run :: epoch=5 step=100/429 train_nll=-3477.461
2026-05-13 18:45:54,480 INFO CSMF2.step_1_1_1.run :: [h] epoch=5 step=150 total=0.04139 batch=0.04005
2026-05-13 18:45:54,480 INFO CSMF2.step_1_1_1.run :: [lat] epoch=5 step=150 mean_l2=0.06177 std_l2=0.04045
2026-05-13 18:45:54,890 INFO CSMF2.step_1_1_1.run :: epoch=5 step=150/429 train_nll=-3479.349
2026-05-13 18:46:39,346 INFO CSMF2.step_1_1_1.run :: [h] epoch=5 step=200 total=0.04075 batch=0.03904
2026-05-13 18:46:39,347 INFO CSMF2.step_1_1_1.run :: [lat] epoch=5 step=200 mean_l2=0.02739 std_l2=0.03902
2026-05-13 18:46:39,792 INFO CSMF2.step_1_1_1.run :: epoch=5 step=200/429 train_nll=-3477.172
2026-05-13 18:47:24,147 INFO CSMF2.step_1_1_1.run :: [h] epoch=5 step=250 total=0.03968 batch=0.03790
2026-05-13 18:47:24,148 INFO CSMF2.step_1_1_1.run :: [lat] epoch=5 step=250 mean_l2=0.05607 std_l2=0.04062
2026-05-13 18:47:24,595 INFO CSMF2.step_1_1_1.run :: epoch=5 step=250/429 train_nll=-3473.667
2026-05-13 18:48:09,082 INFO CSMF2.step_1_1_1.run :: [h] epoch=5 step=300 total=0.04185 batch=0.04006
2026-05-13 18:48:09,083 INFO CSMF2.step_1_1_1.run :: [lat] epoch=5 step=300 mean_l2=0.03517 std_l2=0.02725
2026-05-13 18:48:09,531 INFO CSMF2.step_1_1_1.run :: epoch=5 step=300/429 train_nll=-3477.076
2026-05-13 18:48:54,006 INFO CSMF2.step_1_1_1.run :: [h] epoch=5 step=350 total=0.04048 batch=0.03913
2026-05-13 18:48:54,007 INFO CSMF2.step_1_1_1.run :: [lat] epoch=5 step=350 mean_l2=0.05184 std_l2=0.04545
2026-05-13 18:48:54,452 INFO CSMF2.step_1_1_1.run :: epoch=5 step=350/429 train_nll=-3479.949
2026-05-13 18:49:38,910 INFO CSMF2.step_1_1_1.run :: [h] epoch=5 step=400 total=0.03961 batch=0.03819
2026-05-13 18:49:38,911 INFO CSMF2.step_1_1_1.run :: [lat] epoch=5 step=400 mean_l2=0.06642 std_l2=0.03018
2026-05-13 18:49:39,357 INFO CSMF2.step_1_1_1.run :: epoch=5 step=400/429 train_nll=-3480.863
2026-05-13 18:50:15,741 INFO CSMF2.step_1_1_1.run :: epoch=5  train_nll=-3481.640  val_nll=-3503.935  t=396.9s
2026-05-13 18:50:15,742 INFO CSMF2.step_1_1_1.run :: [glow] film_gain mean=0.2954 min=0.2781 max=0.3194
2026-05-13 18:50:15,742 INFO CSMF2.step_1_1_1.run :: [shuffle] gap_mean=7.946 hinge=0.0021 lambda=1.000 margin=0.50
2026-05-13 18:50:15,742 INFO CSMF2.step_1_1_1.run :: [h_std] total=0.04071 batch=0.03899 penalty=0.01101 target=0.0500 mu=10.000
2026-05-13 18:50:15,742 INFO CSMF2.step_1_1_1.run :: [lat_epoch] mean_l2=0.05418 std_l2=0.03576 lambda=0.100
2026-05-13 18:50:15,742 INFO CSMF2.step_1_1_1.run :: [y_resid] alpha=0.2126
2026-05-13 18:50:15,742 INFO CSMF2.step_1_1_1.run :: [grad] cond=35.6850 film_gain=526.8807
2026-05-13 18:51:08,599 INFO CSMF2.step_1_1_1.run :: [h] epoch=6 step=50 total=0.04255 batch=0.04115
2026-05-13 18:51:08,600 INFO CSMF2.step_1_1_1.run :: [lat] epoch=6 step=50 mean_l2=0.03151 std_l2=0.02868
2026-05-13 18:51:09,015 INFO CSMF2.step_1_1_1.run :: epoch=6 step=50/429 train_nll=-3500.886
2026-05-13 18:51:53,897 INFO CSMF2.step_1_1_1.run :: [h] epoch=6 step=100 total=0.04213 batch=0.04087
2026-05-13 18:51:53,900 INFO CSMF2.step_1_1_1.run :: [lat] epoch=6 step=100 mean_l2=0.03388 std_l2=0.02800
2026-05-13 18:51:54,317 INFO CSMF2.step_1_1_1.run :: epoch=6 step=100/429 train_nll=-3484.063
2026-05-13 18:52:39,186 INFO CSMF2.step_1_1_1.run :: [h] epoch=6 step=150 total=0.04091 batch=0.03941
2026-05-13 18:52:39,187 INFO CSMF2.step_1_1_1.run :: [lat] epoch=6 step=150 mean_l2=0.05033 std_l2=0.02534
2026-05-13 18:52:39,604 INFO CSMF2.step_1_1_1.run :: epoch=6 step=150/429 train_nll=-3490.124
2026-05-13 18:53:24,810 INFO CSMF2.step_1_1_1.run :: [h] epoch=6 step=200 total=0.04788 batch=0.04562
2026-05-13 18:53:24,811 INFO CSMF2.step_1_1_1.run :: [lat] epoch=6 step=200 mean_l2=0.02809 std_l2=0.03284
2026-05-13 18:53:25,221 INFO CSMF2.step_1_1_1.run :: epoch=6 step=200/429 train_nll=-3487.775
2026-05-13 18:54:09,901 INFO CSMF2.step_1_1_1.run :: [h] epoch=6 step=250 total=0.04374 batch=0.04255
2026-05-13 18:54:09,902 INFO CSMF2.step_1_1_1.run :: [lat] epoch=6 step=250 mean_l2=0.09455 std_l2=0.04546
2026-05-13 18:54:10,311 INFO CSMF2.step_1_1_1.run :: epoch=6 step=250/429 train_nll=-3491.718
2026-05-13 18:54:55,166 INFO CSMF2.step_1_1_1.run :: [h] epoch=6 step=300 total=0.04107 batch=0.03951
2026-05-13 18:54:55,167 INFO CSMF2.step_1_1_1.run :: [lat] epoch=6 step=300 mean_l2=0.05627 std_l2=0.02692
2026-05-13 18:54:55,578 INFO CSMF2.step_1_1_1.run :: epoch=6 step=300/429 train_nll=-3494.497
2026-05-13 18:55:40,365 INFO CSMF2.step_1_1_1.run :: [h] epoch=6 step=350 total=0.04436 batch=0.04298
2026-05-13 18:55:40,365 INFO CSMF2.step_1_1_1.run :: [lat] epoch=6 step=350 mean_l2=0.09330 std_l2=0.03589
2026-05-13 18:55:40,788 INFO CSMF2.step_1_1_1.run :: epoch=6 step=350/429 train_nll=-3493.692
2026-05-13 18:56:25,768 INFO CSMF2.step_1_1_1.run :: [h] epoch=6 step=400 total=0.04527 batch=0.04398
2026-05-13 18:56:25,768 INFO CSMF2.step_1_1_1.run :: [lat] epoch=6 step=400 mean_l2=0.03905 std_l2=0.03043
2026-05-13 18:56:26,187 INFO CSMF2.step_1_1_1.run :: epoch=6 step=400/429 train_nll=-3494.005
2026-05-13 18:57:02,375 INFO CSMF2.step_1_1_1.run :: epoch=6  train_nll=-3493.591  val_nll=-3474.882  t=398.7s
2026-05-13 18:57:02,375 INFO CSMF2.step_1_1_1.run :: [glow] film_gain mean=0.2936 min=0.2765 max=0.3173
2026-05-13 18:57:02,375 INFO CSMF2.step_1_1_1.run :: [shuffle] gap_mean=9.459 hinge=0.0000 lambda=1.000 margin=0.50
2026-05-13 18:57:02,375 INFO CSMF2.step_1_1_1.run :: [h_std] total=0.04347 batch=0.04208 penalty=0.00792 target=0.0500 mu=10.000
2026-05-13 18:57:02,375 INFO CSMF2.step_1_1_1.run :: [lat_epoch] mean_l2=0.05315 std_l2=0.03503 lambda=0.100
2026-05-13 18:57:02,375 INFO CSMF2.step_1_1_1.run :: [y_resid] alpha=0.2151
2026-05-13 18:57:02,375 INFO CSMF2.step_1_1_1.run :: [grad] cond=28.3970 film_gain=1696.3723
2026-05-13 18:57:54,919 INFO CSMF2.step_1_1_1.run :: [h] epoch=7 step=50 total=0.04544 batch=0.04439
2026-05-13 18:57:54,920 INFO CSMF2.step_1_1_1.run :: [lat] epoch=7 step=50 mean_l2=0.03925 std_l2=0.04470
2026-05-13 18:57:55,367 INFO CSMF2.step_1_1_1.run :: epoch=7 step=50/429 train_nll=-3495.591
2026-05-13 18:58:39,753 INFO CSMF2.step_1_1_1.run :: [h] epoch=7 step=100 total=0.04635 batch=0.04522
2026-05-13 18:58:39,753 INFO CSMF2.step_1_1_1.run :: [lat] epoch=7 step=100 mean_l2=0.04238 std_l2=0.02075
2026-05-13 18:58:40,163 INFO CSMF2.step_1_1_1.run :: epoch=7 step=100/429 train_nll=-3498.571
2026-05-13 18:59:25,013 INFO CSMF2.step_1_1_1.run :: [h] epoch=7 step=150 total=0.04430 batch=0.04288
2026-05-13 18:59:25,015 INFO CSMF2.step_1_1_1.run :: [lat] epoch=7 step=150 mean_l2=0.04579 std_l2=0.06539
2026-05-13 18:59:25,432 INFO CSMF2.step_1_1_1.run :: epoch=7 step=150/429 train_nll=-3507.106
2026-05-13 19:00:10,174 INFO CSMF2.step_1_1_1.run :: [h] epoch=7 step=200 total=0.04782 batch=0.04646
2026-05-13 19:00:10,175 INFO CSMF2.step_1_1_1.run :: [lat] epoch=7 step=200 mean_l2=0.06425 std_l2=0.02787
2026-05-13 19:00:10,585 INFO CSMF2.step_1_1_1.run :: epoch=7 step=200/429 train_nll=-3502.822
2026-05-13 19:00:55,565 INFO CSMF2.step_1_1_1.run :: [h] epoch=7 step=250 total=0.04917 batch=0.04650
2026-05-13 19:00:55,566 INFO CSMF2.step_1_1_1.run :: [lat] epoch=7 step=250 mean_l2=0.04661 std_l2=0.03551
2026-05-13 19:00:55,974 INFO CSMF2.step_1_1_1.run :: epoch=7 step=250/429 train_nll=-3502.489
2026-05-13 19:01:40,413 INFO CSMF2.step_1_1_1.run :: [h] epoch=7 step=300 total=0.04795 batch=0.04686
2026-05-13 19:01:40,414 INFO CSMF2.step_1_1_1.run :: [lat] epoch=7 step=300 mean_l2=0.05786 std_l2=0.02904
2026-05-13 19:01:40,836 INFO CSMF2.step_1_1_1.run :: epoch=7 step=300/429 train_nll=-3503.513
2026-05-13 19:02:25,353 INFO CSMF2.step_1_1_1.run :: [h] epoch=7 step=350 total=0.04652 batch=0.04518
2026-05-13 19:02:25,353 INFO CSMF2.step_1_1_1.run :: [lat] epoch=7 step=350 mean_l2=0.05208 std_l2=0.02267
2026-05-13 19:02:25,765 INFO CSMF2.step_1_1_1.run :: epoch=7 step=350/429 train_nll=-3502.058
2026-05-13 19:03:10,482 INFO CSMF2.step_1_1_1.run :: [h] epoch=7 step=400 total=0.04722 batch=0.04620
2026-05-13 19:03:10,483 INFO CSMF2.step_1_1_1.run :: [lat] epoch=7 step=400 mean_l2=0.05596 std_l2=0.03274
2026-05-13 19:03:10,928 INFO CSMF2.step_1_1_1.run :: epoch=7 step=400/429 train_nll=-3501.012
2026-05-13 19:03:47,506 INFO CSMF2.step_1_1_1.run :: epoch=7  train_nll=-3501.646  val_nll=-3533.017  t=397.3s
2026-05-13 19:03:47,506 INFO CSMF2.step_1_1_1.run :: [glow] film_gain mean=0.2917 min=0.2746 max=0.3167
2026-05-13 19:03:47,506 INFO CSMF2.step_1_1_1.run :: [shuffle] gap_mean=10.303 hinge=0.0000 lambda=1.000 margin=0.50
2026-05-13 19:03:47,506 INFO CSMF2.step_1_1_1.run :: [h_std] total=0.04616 batch=0.04492 penalty=0.00508 target=0.0500 mu=10.000
2026-05-13 19:03:47,506 INFO CSMF2.step_1_1_1.run :: [lat_epoch] mean_l2=0.05231 std_l2=0.03310 lambda=0.100
2026-05-13 19:03:47,506 INFO CSMF2.step_1_1_1.run :: [y_resid] alpha=0.2137
2026-05-13 19:03:47,507 INFO CSMF2.step_1_1_1.run :: [grad] cond=31.4356 film_gain=1188.5649
2026-05-13 19:04:40,081 INFO CSMF2.step_1_1_1.run :: [h] epoch=8 step=50 total=0.04653 batch=0.04448
2026-05-13 19:04:40,081 INFO CSMF2.step_1_1_1.run :: [lat] epoch=8 step=50 mean_l2=0.05027 std_l2=0.06040
2026-05-13 19:04:40,498 INFO CSMF2.step_1_1_1.run :: epoch=8 step=50/429 train_nll=-3499.211
2026-05-13 19:05:25,506 INFO CSMF2.step_1_1_1.run :: [h] epoch=8 step=100 total=0.04714 batch=0.04620
2026-05-13 19:05:25,507 INFO CSMF2.step_1_1_1.run :: [lat] epoch=8 step=100 mean_l2=0.09333 std_l2=0.03367
2026-05-13 19:05:25,925 INFO CSMF2.step_1_1_1.run :: epoch=8 step=100/429 train_nll=-3498.871
2026-05-13 19:06:10,518 INFO CSMF2.step_1_1_1.run :: [h] epoch=8 step=150 total=0.04759 batch=0.04668
2026-05-13 19:06:10,519 INFO CSMF2.step_1_1_1.run :: [lat] epoch=8 step=150 mean_l2=0.04222 std_l2=0.02716
2026-05-13 19:06:10,930 INFO CSMF2.step_1_1_1.run :: epoch=8 step=150/429 train_nll=-3509.459
2026-05-13 19:06:55,541 INFO CSMF2.step_1_1_1.run :: [h] epoch=8 step=200 total=0.04866 batch=0.04764
2026-05-13 19:06:55,542 INFO CSMF2.step_1_1_1.run :: [lat] epoch=8 step=200 mean_l2=0.04806 std_l2=0.02468
2026-05-13 19:06:55,989 INFO CSMF2.step_1_1_1.run :: epoch=8 step=200/429 train_nll=-3512.343
2026-05-13 19:07:40,267 INFO CSMF2.step_1_1_1.run :: [h] epoch=8 step=250 total=0.04855 batch=0.04757
2026-05-13 19:07:40,268 INFO CSMF2.step_1_1_1.run :: [lat] epoch=8 step=250 mean_l2=0.04424 std_l2=0.04377
2026-05-13 19:07:40,678 INFO CSMF2.step_1_1_1.run :: epoch=8 step=250/429 train_nll=-3512.042
2026-05-13 19:08:25,253 INFO CSMF2.step_1_1_1.run :: [h] epoch=8 step=300 total=0.04624 batch=0.04311
2026-05-13 19:08:25,254 INFO CSMF2.step_1_1_1.run :: [lat] epoch=8 step=300 mean_l2=0.04455 std_l2=0.03159
2026-05-13 19:08:25,700 INFO CSMF2.step_1_1_1.run :: epoch=8 step=300/429 train_nll=-3503.778
2026-05-13 19:09:09,961 INFO CSMF2.step_1_1_1.run :: [h] epoch=8 step=350 total=0.04522 batch=0.04407
2026-05-13 19:09:09,962 INFO CSMF2.step_1_1_1.run :: [lat] epoch=8 step=350 mean_l2=0.04648 std_l2=0.02454
2026-05-13 19:09:10,371 INFO CSMF2.step_1_1_1.run :: epoch=8 step=350/429 train_nll=-3505.323
2026-05-13 19:09:55,188 INFO CSMF2.step_1_1_1.run :: [h] epoch=8 step=400 total=0.05029 batch=0.04732
2026-05-13 19:09:55,189 INFO CSMF2.step_1_1_1.run :: [lat] epoch=8 step=400 mean_l2=0.04509 std_l2=0.04988
2026-05-13 19:09:55,637 INFO CSMF2.step_1_1_1.run :: epoch=8 step=400/429 train_nll=-3501.218
2026-05-13 19:10:31,805 INFO CSMF2.step_1_1_1.run :: epoch=8  train_nll=-3500.087  val_nll=-3504.959  t=396.4s
2026-05-13 19:10:31,805 INFO CSMF2.step_1_1_1.run :: [glow] film_gain mean=0.2877 min=0.2716 max=0.3110
2026-05-13 19:10:31,805 INFO CSMF2.step_1_1_1.run :: [shuffle] gap_mean=9.493 hinge=0.0000 lambda=1.000 margin=0.50
2026-05-13 19:10:31,805 INFO CSMF2.step_1_1_1.run :: [h_std] total=0.04762 batch=0.04568 penalty=0.00433 target=0.0500 mu=10.000
2026-05-13 19:10:31,806 INFO CSMF2.step_1_1_1.run :: [lat_epoch] mean_l2=0.05184 std_l2=0.04038 lambda=0.100
2026-05-13 19:10:31,806 INFO CSMF2.step_1_1_1.run :: [y_resid] alpha=0.1921
2026-05-13 19:10:31,806 INFO CSMF2.step_1_1_1.run :: [grad] cond=17.7724 film_gain=971.9717
2026-05-13 19:11:24,449 INFO CSMF2.step_1_1_1.run :: [h] epoch=9 step=50 total=0.04521 batch=0.04410
2026-05-13 19:11:24,450 INFO CSMF2.step_1_1_1.run :: [lat] epoch=9 step=50 mean_l2=0.07977 std_l2=0.02452
2026-05-13 19:11:24,861 INFO CSMF2.step_1_1_1.run :: epoch=9 step=50/429 train_nll=-3535.330
2026-05-13 19:12:09,464 INFO CSMF2.step_1_1_1.run :: [h] epoch=9 step=100 total=0.04458 batch=0.04344
2026-05-13 19:12:09,465 INFO CSMF2.step_1_1_1.run :: [lat] epoch=9 step=100 mean_l2=0.05027 std_l2=0.02255
2026-05-13 19:12:09,883 INFO CSMF2.step_1_1_1.run :: epoch=9 step=100/429 train_nll=-3528.392
2026-05-13 19:12:54,285 INFO CSMF2.step_1_1_1.run :: [h] epoch=9 step=150 total=0.04636 batch=0.04541
2026-05-13 19:12:54,286 INFO CSMF2.step_1_1_1.run :: [lat] epoch=9 step=150 mean_l2=0.04526 std_l2=0.03034
2026-05-13 19:12:54,703 INFO CSMF2.step_1_1_1.run :: epoch=9 step=150/429 train_nll=-3530.975
2026-05-13 19:13:39,420 INFO CSMF2.step_1_1_1.run :: [h] epoch=9 step=200 total=0.04770 batch=0.04673
2026-05-13 19:13:39,421 INFO CSMF2.step_1_1_1.run :: [lat] epoch=9 step=200 mean_l2=0.05189 std_l2=0.02725
2026-05-13 19:13:39,832 INFO CSMF2.step_1_1_1.run :: epoch=9 step=200/429 train_nll=-3532.844
2026-05-13 19:14:24,510 INFO CSMF2.step_1_1_1.run :: [h] epoch=9 step=250 total=0.04652 batch=0.04562
2026-05-13 19:14:24,510 INFO CSMF2.step_1_1_1.run :: [lat] epoch=9 step=250 mean_l2=0.05250 std_l2=0.02418
2026-05-13 19:14:24,918 INFO CSMF2.step_1_1_1.run :: epoch=9 step=250/429 train_nll=-3532.360
2026-05-13 19:15:09,181 INFO CSMF2.step_1_1_1.run :: [h] epoch=9 step=300 total=0.04842 batch=0.04717
2026-05-13 19:15:09,182 INFO CSMF2.step_1_1_1.run :: [lat] epoch=9 step=300 mean_l2=0.03406 std_l2=0.03316
2026-05-13 19:15:09,593 INFO CSMF2.step_1_1_1.run :: epoch=9 step=300/429 train_nll=-3533.739
2026-05-13 19:15:54,264 INFO CSMF2.step_1_1_1.run :: [h] epoch=9 step=350 total=0.04950 batch=0.04842
2026-05-13 19:15:54,265 INFO CSMF2.step_1_1_1.run :: [lat] epoch=9 step=350 mean_l2=0.04123 std_l2=0.04450
2026-05-13 19:15:54,683 INFO CSMF2.step_1_1_1.run :: epoch=9 step=350/429 train_nll=-3534.440
2026-05-13 19:16:38,986 INFO CSMF2.step_1_1_1.run :: [h] epoch=9 step=400 total=0.05158 batch=0.05000
2026-05-13 19:16:38,987 INFO CSMF2.step_1_1_1.run :: [lat] epoch=9 step=400 mean_l2=0.03038 std_l2=0.03435
2026-05-13 19:16:39,433 INFO CSMF2.step_1_1_1.run :: epoch=9 step=400/429 train_nll=-3534.906
2026-05-13 19:17:15,663 INFO CSMF2.step_1_1_1.run :: epoch=9  train_nll=-3532.912  val_nll=-3514.719  t=395.7s
2026-05-13 19:17:15,663 INFO CSMF2.step_1_1_1.run :: [glow] film_gain mean=0.2872 min=0.2699 max=0.3121
2026-05-13 19:17:15,663 INFO CSMF2.step_1_1_1.run :: [shuffle] gap_mean=10.783 hinge=0.0000 lambda=1.000 margin=0.50
2026-05-13 19:17:15,663 INFO CSMF2.step_1_1_1.run :: [h_std] total=0.04721 batch=0.04617 penalty=0.00387 target=0.0500 mu=10.000
2026-05-13 19:17:15,664 INFO CSMF2.step_1_1_1.run :: [lat_epoch] mean_l2=0.04628 std_l2=0.03137 lambda=0.100
2026-05-13 19:17:15,664 INFO CSMF2.step_1_1_1.run :: [y_resid] alpha=0.2018
2026-05-13 19:17:15,664 INFO CSMF2.step_1_1_1.run :: [grad] cond=40.3550 film_gain=1417.1496
2026-05-13 19:18:08,982 INFO CSMF2.step_1_1_1.run :: [h] epoch=10 step=50 total=0.04963 batch=0.04885
2026-05-13 19:18:08,983 INFO CSMF2.step_1_1_1.run :: [lat] epoch=10 step=50 mean_l2=0.05053 std_l2=0.22455
2026-05-13 19:18:09,442 INFO CSMF2.step_1_1_1.run :: epoch=10 step=50/429 train_nll=-3523.743
2026-05-13 19:18:54,335 INFO CSMF2.step_1_1_1.run :: [h] epoch=10 step=100 total=0.04976 batch=0.04717
2026-05-13 19:18:54,335 INFO CSMF2.step_1_1_1.run :: [lat] epoch=10 step=100 mean_l2=0.03864 std_l2=0.04382
2026-05-13 19:18:54,754 INFO CSMF2.step_1_1_1.run :: epoch=10 step=100/429 train_nll=-3508.269
2026-05-13 19:19:39,405 INFO CSMF2.step_1_1_1.run :: [h] epoch=10 step=150 total=0.04819 batch=0.04727
2026-05-13 19:19:39,406 INFO CSMF2.step_1_1_1.run :: [lat] epoch=10 step=150 mean_l2=0.04108 std_l2=0.02696
2026-05-13 19:19:39,853 INFO CSMF2.step_1_1_1.run :: epoch=10 step=150/429 train_nll=-3512.852
2026-05-13 19:20:24,400 INFO CSMF2.step_1_1_1.run :: [h] epoch=10 step=200 total=0.04988 batch=0.04869
2026-05-13 19:20:24,401 INFO CSMF2.step_1_1_1.run :: [lat] epoch=10 step=200 mean_l2=0.02853 std_l2=0.02431
2026-05-13 19:20:24,812 INFO CSMF2.step_1_1_1.run :: epoch=10 step=200/429 train_nll=-3523.774
2026-05-13 19:21:09,375 INFO CSMF2.step_1_1_1.run :: [h] epoch=10 step=250 total=0.04820 batch=0.04710
2026-05-13 19:21:09,375 INFO CSMF2.step_1_1_1.run :: [lat] epoch=10 step=250 mean_l2=0.13324 std_l2=0.04970
2026-05-13 19:21:09,786 INFO CSMF2.step_1_1_1.run :: epoch=10 step=250/429 train_nll=-3522.612
2026-05-13 19:21:54,082 INFO CSMF2.step_1_1_1.run :: [h] epoch=10 step=300 total=0.04971 batch=0.04918
2026-05-13 19:21:54,082 INFO CSMF2.step_1_1_1.run :: [lat] epoch=10 step=300 mean_l2=0.05789 std_l2=0.02456
2026-05-13 19:21:54,508 INFO CSMF2.step_1_1_1.run :: epoch=10 step=300/429 train_nll=-3523.263
2026-05-13 19:22:38,974 INFO CSMF2.step_1_1_1.run :: [h] epoch=10 step=350 total=0.05071 batch=0.05014
2026-05-13 19:22:38,975 INFO CSMF2.step_1_1_1.run :: [lat] epoch=10 step=350 mean_l2=0.03683 std_l2=0.02149
2026-05-13 19:22:39,423 INFO CSMF2.step_1_1_1.run :: epoch=10 step=350/429 train_nll=-3525.453
2026-05-13 19:23:24,175 INFO CSMF2.step_1_1_1.run :: [h] epoch=10 step=400 total=0.05054 batch=0.04943
2026-05-13 19:23:24,176 INFO CSMF2.step_1_1_1.run :: [lat] epoch=10 step=400 mean_l2=0.07477 std_l2=0.04270
2026-05-13 19:23:24,594 INFO CSMF2.step_1_1_1.run :: epoch=10 step=400/429 train_nll=-3527.578
2026-05-13 19:24:01,324 INFO CSMF2.step_1_1_1.run :: epoch=10  train_nll=-3527.374  val_nll=-3531.326  t=397.5s
2026-05-13 19:24:01,324 INFO CSMF2.step_1_1_1.run :: [glow] film_gain mean=0.2851 min=0.2673 max=0.3094
2026-05-13 19:24:01,324 INFO CSMF2.step_1_1_1.run :: [shuffle] gap_mean=11.299 hinge=0.0000 lambda=1.000 margin=0.50
2026-05-13 19:24:01,324 INFO CSMF2.step_1_1_1.run :: [h_std] total=0.04989 batch=0.04881 penalty=0.00139 target=0.0500 mu=10.000
2026-05-13 19:24:01,324 INFO CSMF2.step_1_1_1.run :: [lat_epoch] mean_l2=0.04780 std_l2=0.03511 lambda=0.100
2026-05-13 19:24:01,325 INFO CSMF2.step_1_1_1.run :: [y_resid] alpha=0.2017
2026-05-13 19:24:01,325 INFO CSMF2.step_1_1_1.run :: [grad] cond=52.6048 film_gain=1031.7710
2026-05-13 19:24:54,026 INFO CSMF2.step_1_1_1.run :: [h] epoch=11 step=50 total=0.05103 batch=0.05021
2026-05-13 19:24:54,027 INFO CSMF2.step_1_1_1.run :: [lat] epoch=11 step=50 mean_l2=0.13301 std_l2=0.09845
2026-05-13 19:24:54,438 INFO CSMF2.step_1_1_1.run :: epoch=11 step=50/429 train_nll=-3522.963
2026-05-13 19:25:38,993 INFO CSMF2.step_1_1_1.run :: [h] epoch=11 step=100 total=0.04820 batch=0.04742
2026-05-13 19:25:38,994 INFO CSMF2.step_1_1_1.run :: [lat] epoch=11 step=100 mean_l2=0.04924 std_l2=0.03154
2026-05-13 19:25:39,448 INFO CSMF2.step_1_1_1.run :: epoch=11 step=100/429 train_nll=-3518.795
2026-05-13 19:26:24,177 INFO CSMF2.step_1_1_1.run :: [h] epoch=11 step=150 total=0.05023 batch=0.04959
2026-05-13 19:26:24,178 INFO CSMF2.step_1_1_1.run :: [lat] epoch=11 step=150 mean_l2=0.04503 std_l2=0.02822
2026-05-13 19:26:24,625 INFO CSMF2.step_1_1_1.run :: epoch=11 step=150/429 train_nll=-3525.606
2026-05-13 19:27:09,638 INFO CSMF2.step_1_1_1.run :: [h] epoch=11 step=200 total=0.05206 batch=0.05134
2026-05-13 19:27:09,639 INFO CSMF2.step_1_1_1.run :: [lat] epoch=11 step=200 mean_l2=0.03709 std_l2=0.02674
2026-05-13 19:27:10,051 INFO CSMF2.step_1_1_1.run :: epoch=11 step=200/429 train_nll=-3531.273
2026-05-13 19:27:54,362 INFO CSMF2.step_1_1_1.run :: [h] epoch=11 step=250 total=0.05065 batch=0.04992
2026-05-13 19:27:54,363 INFO CSMF2.step_1_1_1.run :: [lat] epoch=11 step=250 mean_l2=0.06517 std_l2=0.04975
2026-05-13 19:27:54,774 INFO CSMF2.step_1_1_1.run :: epoch=11 step=250/429 train_nll=-3530.586
2026-05-13 19:28:39,424 INFO CSMF2.step_1_1_1.run :: [h] epoch=11 step=300 total=0.05296 batch=0.05189
2026-05-13 19:28:39,425 INFO CSMF2.step_1_1_1.run :: [lat] epoch=11 step=300 mean_l2=0.05514 std_l2=0.03957
2026-05-13 19:28:39,836 INFO CSMF2.step_1_1_1.run :: epoch=11 step=300/429 train_nll=-3531.177
2026-05-13 19:29:24,677 INFO CSMF2.step_1_1_1.run :: [h] epoch=11 step=350 total=0.04934 batch=0.04840
2026-05-13 19:29:24,678 INFO CSMF2.step_1_1_1.run :: [lat] epoch=11 step=350 mean_l2=0.05492 std_l2=0.03663
2026-05-13 19:29:25,100 INFO CSMF2.step_1_1_1.run :: epoch=11 step=350/429 train_nll=-3530.377
2026-05-13 19:30:09,925 INFO CSMF2.step_1_1_1.run :: [h] epoch=11 step=400 total=0.05127 batch=0.05044
2026-05-13 19:30:09,926 INFO CSMF2.step_1_1_1.run :: [lat] epoch=11 step=400 mean_l2=0.03474 std_l2=0.02290
2026-05-13 19:30:10,337 INFO CSMF2.step_1_1_1.run :: epoch=11 step=400/429 train_nll=-3533.722
2026-05-13 19:30:46,696 INFO CSMF2.step_1_1_1.run :: epoch=11  train_nll=-3534.916  val_nll=-3563.080  t=397.3s
2026-05-13 19:30:46,697 INFO CSMF2.step_1_1_1.run :: [glow] film_gain mean=0.2835 min=0.2643 max=0.3085
2026-05-13 19:30:46,697 INFO CSMF2.step_1_1_1.run :: [shuffle] gap_mean=12.753 hinge=0.0000 lambda=1.000 margin=0.50
2026-05-13 19:30:46,697 INFO CSMF2.step_1_1_1.run :: [h_std] total=0.05061 batch=0.04976 penalty=0.00070 target=0.0500 mu=10.000
2026-05-13 19:30:46,697 INFO CSMF2.step_1_1_1.run :: [lat_epoch] mean_l2=0.04665 std_l2=0.03380 lambda=0.100
2026-05-13 19:30:46,697 INFO CSMF2.step_1_1_1.run :: [y_resid] alpha=0.1983
2026-05-13 19:30:46,697 INFO CSMF2.step_1_1_1.run :: [grad] cond=21.9388 film_gain=505.0350
2026-05-13 19:31:39,359 INFO CSMF2.step_1_1_1.run :: [h] epoch=12 step=50 total=0.05013 batch=0.04933
2026-05-13 19:31:39,359 INFO CSMF2.step_1_1_1.run :: [lat] epoch=12 step=50 mean_l2=0.03903 std_l2=0.02323
2026-05-13 19:31:39,777 INFO CSMF2.step_1_1_1.run :: epoch=12 step=50/429 train_nll=-3556.985
2026-05-13 19:32:24,179 INFO CSMF2.step_1_1_1.run :: [h] epoch=12 step=100 total=0.05330 batch=0.05255
2026-05-13 19:32:24,180 INFO CSMF2.step_1_1_1.run :: [lat] epoch=12 step=100 mean_l2=0.07625 std_l2=0.05107
2026-05-13 19:32:24,627 INFO CSMF2.step_1_1_1.run :: epoch=12 step=100/429 train_nll=-3544.453
2026-05-13 19:33:09,649 INFO CSMF2.step_1_1_1.run :: [h] epoch=12 step=150 total=0.04911 batch=0.04851
2026-05-13 19:33:09,650 INFO CSMF2.step_1_1_1.run :: [lat] epoch=12 step=150 mean_l2=0.03087 std_l2=0.02563
2026-05-13 19:33:10,061 INFO CSMF2.step_1_1_1.run :: epoch=12 step=150/429 train_nll=-3538.346
2026-05-13 19:33:54,313 INFO CSMF2.step_1_1_1.run :: [h] epoch=12 step=200 total=0.05059 batch=0.05001
2026-05-13 19:33:54,314 INFO CSMF2.step_1_1_1.run :: [lat] epoch=12 step=200 mean_l2=0.02388 std_l2=0.02582
2026-05-13 19:33:54,728 INFO CSMF2.step_1_1_1.run :: epoch=12 step=200/429 train_nll=-3541.154
2026-05-13 19:34:39,336 INFO CSMF2.step_1_1_1.run :: [h] epoch=12 step=250 total=0.04952 batch=0.04880
2026-05-13 19:34:39,336 INFO CSMF2.step_1_1_1.run :: [lat] epoch=12 step=250 mean_l2=0.04037 std_l2=0.01877
2026-05-13 19:34:39,745 INFO CSMF2.step_1_1_1.run :: epoch=12 step=250/429 train_nll=-3537.482
2026-05-13 19:35:24,437 INFO CSMF2.step_1_1_1.run :: [h] epoch=12 step=300 total=0.04931 batch=0.04865
2026-05-13 19:35:24,438 INFO CSMF2.step_1_1_1.run :: [lat] epoch=12 step=300 mean_l2=0.03532 std_l2=0.02247
2026-05-13 19:35:24,857 INFO CSMF2.step_1_1_1.run :: epoch=12 step=300/429 train_nll=-3537.609
2026-05-13 19:36:09,861 INFO CSMF2.step_1_1_1.run :: [h] epoch=12 step=350 total=0.05213 batch=0.05139
2026-05-13 19:36:09,862 INFO CSMF2.step_1_1_1.run :: [lat] epoch=12 step=350 mean_l2=0.03646 std_l2=0.02947
2026-05-13 19:36:10,308 INFO CSMF2.step_1_1_1.run :: epoch=12 step=350/429 train_nll=-3539.647
2026-05-13 19:36:54,472 INFO CSMF2.step_1_1_1.run :: [h] epoch=12 step=400 total=0.04985 batch=0.04828
2026-05-13 19:36:54,473 INFO CSMF2.step_1_1_1.run :: [lat] epoch=12 step=400 mean_l2=0.04316 std_l2=0.03501
2026-05-13 19:36:54,891 INFO CSMF2.step_1_1_1.run :: epoch=12 step=400/429 train_nll=-3537.050
2026-05-13 19:37:31,207 INFO CSMF2.step_1_1_1.run :: epoch=12  train_nll=-3536.802  val_nll=-3482.896  t=396.6s
2026-05-13 19:37:31,207 INFO CSMF2.step_1_1_1.run :: [glow] film_gain mean=0.2811 min=0.2626 max=0.3056
2026-05-13 19:37:31,207 INFO CSMF2.step_1_1_1.run :: [shuffle] gap_mean=13.003 hinge=0.0000 lambda=1.000 margin=0.50
2026-05-13 19:37:31,207 INFO CSMF2.step_1_1_1.run :: [h_std] total=0.05085 batch=0.05000 penalty=0.00055 target=0.0500 mu=10.000
2026-05-13 19:37:31,207 INFO CSMF2.step_1_1_1.run :: [lat_epoch] mean_l2=0.04783 std_l2=0.03852 lambda=0.100
2026-05-13 19:37:31,207 INFO CSMF2.step_1_1_1.run :: [y_resid] alpha=0.1941
2026-05-13 19:37:31,207 INFO CSMF2.step_1_1_1.run :: [grad] cond=15.4820 film_gain=911.7149
2026-05-13 19:38:23,827 INFO CSMF2.step_1_1_1.run :: [h] epoch=13 step=50 total=0.04787 batch=0.04716
2026-05-13 19:38:23,828 INFO CSMF2.step_1_1_1.run :: [lat] epoch=13 step=50 mean_l2=0.04941 std_l2=0.03125
2026-05-13 19:38:24,275 INFO CSMF2.step_1_1_1.run :: epoch=13 step=50/429 train_nll=-3506.074
2026-05-13 19:39:09,002 INFO CSMF2.step_1_1_1.run :: [h] epoch=13 step=100 total=0.04830 batch=0.04764
2026-05-13 19:39:09,003 INFO CSMF2.step_1_1_1.run :: [lat] epoch=13 step=100 mean_l2=0.07710 std_l2=0.03481
2026-05-13 19:39:09,451 INFO CSMF2.step_1_1_1.run :: epoch=13 step=100/429 train_nll=-3521.815
2026-05-13 19:39:54,604 INFO CSMF2.step_1_1_1.run :: [h] epoch=13 step=150 total=0.04965 batch=0.04909
2026-05-13 19:39:54,605 INFO CSMF2.step_1_1_1.run :: [lat] epoch=13 step=150 mean_l2=0.13502 std_l2=0.02610
2026-05-13 19:39:55,023 INFO CSMF2.step_1_1_1.run :: epoch=13 step=150/429 train_nll=-3530.956
2026-05-13 19:40:39,920 INFO CSMF2.step_1_1_1.run :: [h] epoch=13 step=200 total=0.05046 batch=0.04983
2026-05-13 19:40:39,921 INFO CSMF2.step_1_1_1.run :: [lat] epoch=13 step=200 mean_l2=0.05311 std_l2=0.02268
2026-05-13 19:40:40,367 INFO CSMF2.step_1_1_1.run :: epoch=13 step=200/429 train_nll=-3530.225
2026-05-13 19:41:24,967 INFO CSMF2.step_1_1_1.run :: [h] epoch=13 step=250 total=0.04931 batch=0.04860
2026-05-13 19:41:24,968 INFO CSMF2.step_1_1_1.run :: [lat] epoch=13 step=250 mean_l2=0.05768 std_l2=0.03052
2026-05-13 19:41:25,378 INFO CSMF2.step_1_1_1.run :: epoch=13 step=250/429 train_nll=-3532.619
2026-05-13 19:42:10,251 INFO CSMF2.step_1_1_1.run :: [h] epoch=13 step=300 total=0.04943 batch=0.04872
2026-05-13 19:42:10,252 INFO CSMF2.step_1_1_1.run :: [lat] epoch=13 step=300 mean_l2=0.02587 std_l2=0.02417
2026-05-13 19:42:10,663 INFO CSMF2.step_1_1_1.run :: epoch=13 step=300/429 train_nll=-3535.704
2026-05-13 19:42:55,476 INFO CSMF2.step_1_1_1.run :: [h] epoch=13 step=350 total=0.05078 batch=0.05013
2026-05-13 19:42:55,477 INFO CSMF2.step_1_1_1.run :: [lat] epoch=13 step=350 mean_l2=0.03757 std_l2=0.03460
2026-05-13 19:42:55,895 INFO CSMF2.step_1_1_1.run :: epoch=13 step=350/429 train_nll=-3536.135
2026-05-13 19:43:40,915 INFO CSMF2.step_1_1_1.run :: [h] epoch=13 step=400 total=0.05110 batch=0.05044
2026-05-13 19:43:40,915 INFO CSMF2.step_1_1_1.run :: [lat] epoch=13 step=400 mean_l2=0.03627 std_l2=0.02530
2026-05-13 19:43:41,324 INFO CSMF2.step_1_1_1.run :: epoch=13 step=400/429 train_nll=-3539.013
2026-05-13 19:44:17,721 INFO CSMF2.step_1_1_1.run :: epoch=13  train_nll=-3541.275  val_nll=-3522.645  t=398.7s
2026-05-13 19:44:17,721 INFO CSMF2.step_1_1_1.run :: [glow] film_gain mean=0.2792 min=0.2589 max=0.3036
2026-05-13 19:44:17,722 INFO CSMF2.step_1_1_1.run :: [shuffle] gap_mean=13.564 hinge=0.0000 lambda=1.000 margin=0.50
2026-05-13 19:44:17,722 INFO CSMF2.step_1_1_1.run :: [h_std] total=0.04986 batch=0.04906 penalty=0.00118 target=0.0500 mu=10.000
2026-05-13 19:44:17,722 INFO CSMF2.step_1_1_1.run :: [lat_epoch] mean_l2=0.04680 std_l2=0.03633 lambda=0.100
2026-05-13 19:44:17,722 INFO CSMF2.step_1_1_1.run :: [y_resid] alpha=0.1912
2026-05-13 19:44:17,722 INFO CSMF2.step_1_1_1.run :: [grad] cond=86.8764 film_gain=2619.5036
2026-05-13 19:45:10,674 INFO CSMF2.step_1_1_1.run :: [h] epoch=14 step=50 total=0.04913 batch=0.04799
2026-05-13 19:45:10,675 INFO CSMF2.step_1_1_1.run :: [lat] epoch=14 step=50 mean_l2=0.04040 std_l2=0.02245
2026-05-13 19:45:11,084 INFO CSMF2.step_1_1_1.run :: epoch=14 step=50/429 train_nll=-3539.861
2026-05-13 19:45:56,059 INFO CSMF2.step_1_1_1.run :: [h] epoch=14 step=100 total=0.05203 batch=0.05125
2026-05-13 19:45:56,060 INFO CSMF2.step_1_1_1.run :: [lat] epoch=14 step=100 mean_l2=0.03636 std_l2=0.02671
2026-05-13 19:45:56,508 INFO CSMF2.step_1_1_1.run :: epoch=14 step=100/429 train_nll=-3552.609
2026-05-13 19:46:41,252 INFO CSMF2.step_1_1_1.run :: [h] epoch=14 step=150 total=0.04881 batch=0.04825
2026-05-13 19:46:41,253 INFO CSMF2.step_1_1_1.run :: [lat] epoch=14 step=150 mean_l2=0.03732 std_l2=0.01991
2026-05-13 19:46:41,672 INFO CSMF2.step_1_1_1.run :: epoch=14 step=150/429 train_nll=-3559.079
2026-05-13 19:47:26,497 INFO CSMF2.step_1_1_1.run :: [h] epoch=14 step=200 total=0.05197 batch=0.05142
2026-05-13 19:47:26,498 INFO CSMF2.step_1_1_1.run :: [lat] epoch=14 step=200 mean_l2=0.10001 std_l2=0.05274
2026-05-13 19:47:26,908 INFO CSMF2.step_1_1_1.run :: epoch=14 step=200/429 train_nll=-3556.447
2026-05-13 19:48:11,248 INFO CSMF2.step_1_1_1.run :: [h] epoch=14 step=250 total=0.05153 batch=0.05079
2026-05-13 19:48:11,248 INFO CSMF2.step_1_1_1.run :: [lat] epoch=14 step=250 mean_l2=0.03439 std_l2=0.03468
2026-05-13 19:48:11,666 INFO CSMF2.step_1_1_1.run :: epoch=14 step=250/429 train_nll=-3553.196
2026-05-13 19:48:56,532 INFO CSMF2.step_1_1_1.run :: [h] epoch=14 step=300 total=0.05154 batch=0.04950
2026-05-13 19:48:56,533 INFO CSMF2.step_1_1_1.run :: [lat] epoch=14 step=300 mean_l2=0.12391 std_l2=0.03217
2026-05-13 19:48:56,980 INFO CSMF2.step_1_1_1.run :: epoch=14 step=300/429 train_nll=-3544.517
2026-05-13 19:49:41,924 INFO CSMF2.step_1_1_1.run :: [h] epoch=14 step=350 total=0.04842 batch=0.04709
2026-05-13 19:49:41,925 INFO CSMF2.step_1_1_1.run :: [lat] epoch=14 step=350 mean_l2=0.07447 std_l2=0.03776
2026-05-13 19:49:42,343 INFO CSMF2.step_1_1_1.run :: epoch=14 step=350/429 train_nll=-3541.381
2026-05-13 19:50:26,769 INFO CSMF2.step_1_1_1.run :: [h] epoch=14 step=400 total=0.04555 batch=0.04475
2026-05-13 19:50:26,770 INFO CSMF2.step_1_1_1.run :: [lat] epoch=14 step=400 mean_l2=0.04228 std_l2=0.02035
2026-05-13 19:50:27,179 INFO CSMF2.step_1_1_1.run :: epoch=14 step=400/429 train_nll=-3540.783
2026-05-13 19:51:03,645 INFO CSMF2.step_1_1_1.run :: epoch=14  train_nll=-3540.879  val_nll=-3537.528  t=398.0s
2026-05-13 19:51:03,645 INFO CSMF2.step_1_1_1.run :: [glow] film_gain mean=0.2763 min=0.2560 max=0.2999
2026-05-13 19:51:03,645 INFO CSMF2.step_1_1_1.run :: [shuffle] gap_mean=14.856 hinge=0.0000 lambda=1.000 margin=0.50
2026-05-13 19:51:03,645 INFO CSMF2.step_1_1_1.run :: [h_std] total=0.05001 batch=0.04912 penalty=0.00133 target=0.0500 mu=10.000
2026-05-13 19:51:03,645 INFO CSMF2.step_1_1_1.run :: [lat_epoch] mean_l2=0.04760 std_l2=3.32187 lambda=0.100
2026-05-13 19:51:03,645 INFO CSMF2.step_1_1_1.run :: [y_resid] alpha=0.1813
2026-05-13 19:51:03,645 INFO CSMF2.step_1_1_1.run :: [grad] cond=75.7070 film_gain=1453.8083
2026-05-13 19:51:56,160 INFO CSMF2.step_1_1_1.run :: [h] epoch=15 step=50 total=0.04667 batch=0.04593
2026-05-13 19:51:56,161 INFO CSMF2.step_1_1_1.run :: [lat] epoch=15 step=50 mean_l2=0.03538 std_l2=0.02114
2026-05-13 19:51:56,571 INFO CSMF2.step_1_1_1.run :: epoch=15 step=50/429 train_nll=-3535.837
2026-05-13 19:52:41,186 INFO CSMF2.step_1_1_1.run :: [h] epoch=15 step=100 total=0.04970 batch=0.04818
2026-05-13 19:52:41,186 INFO CSMF2.step_1_1_1.run :: [lat] epoch=15 step=100 mean_l2=0.05789 std_l2=0.03173
2026-05-13 19:52:41,603 INFO CSMF2.step_1_1_1.run :: epoch=15 step=100/429 train_nll=-3524.559
2026-05-13 19:53:26,320 INFO CSMF2.step_1_1_1.run :: [h] epoch=15 step=150 total=0.04887 batch=0.04814
2026-05-13 19:53:26,321 INFO CSMF2.step_1_1_1.run :: [lat] epoch=15 step=150 mean_l2=0.04050 std_l2=0.07088
2026-05-13 19:53:26,735 INFO CSMF2.step_1_1_1.run :: epoch=15 step=150/429 train_nll=-3532.576
2026-05-13 19:54:11,289 INFO CSMF2.step_1_1_1.run :: [h] epoch=15 step=200 total=0.04791 batch=0.04717
2026-05-13 19:54:11,290 INFO CSMF2.step_1_1_1.run :: [lat] epoch=15 step=200 mean_l2=0.03696 std_l2=0.02512
2026-05-13 19:54:11,701 INFO CSMF2.step_1_1_1.run :: epoch=15 step=200/429 train_nll=-3540.121
2026-05-13 19:54:56,505 INFO CSMF2.step_1_1_1.run :: [h] epoch=15 step=250 total=0.04759 batch=0.04715
2026-05-13 19:54:56,506 INFO CSMF2.step_1_1_1.run :: [lat] epoch=15 step=250 mean_l2=0.03132 std_l2=0.02257
2026-05-13 19:54:56,916 INFO CSMF2.step_1_1_1.run :: epoch=15 step=250/429 train_nll=-3548.281
2026-05-13 19:55:41,828 INFO CSMF2.step_1_1_1.run :: [h] epoch=15 step=300 total=0.05041 batch=0.04955
2026-05-13 19:55:41,829 INFO CSMF2.step_1_1_1.run :: [lat] epoch=15 step=300 mean_l2=0.06344 std_l2=0.05709
2026-05-13 19:55:42,277 INFO CSMF2.step_1_1_1.run :: epoch=15 step=300/429 train_nll=-3550.070
2026-05-13 19:56:27,127 INFO CSMF2.step_1_1_1.run :: [h] epoch=15 step=350 total=0.04863 batch=0.04790
2026-05-13 19:56:27,128 INFO CSMF2.step_1_1_1.run :: [lat] epoch=15 step=350 mean_l2=0.04282 std_l2=0.02032
2026-05-13 19:56:27,534 INFO CSMF2.step_1_1_1.run :: epoch=15 step=350/429 train_nll=-3552.377
2026-05-13 19:57:12,561 INFO CSMF2.step_1_1_1.run :: [h] epoch=15 step=400 total=0.04974 batch=0.04887
2026-05-13 19:57:12,562 INFO CSMF2.step_1_1_1.run :: [lat] epoch=15 step=400 mean_l2=0.06782 std_l2=0.02570
2026-05-13 19:57:13,011 INFO CSMF2.step_1_1_1.run :: epoch=15 step=400/429 train_nll=-3555.152
2026-05-13 19:57:49,378 INFO CSMF2.step_1_1_1.run :: epoch=15  train_nll=-3554.557  val_nll=-3555.674  t=397.8s
2026-05-13 19:57:49,379 INFO CSMF2.step_1_1_1.run :: [glow] film_gain mean=0.2747 min=0.2541 max=0.2992
2026-05-13 19:57:49,379 INFO CSMF2.step_1_1_1.run :: [shuffle] gap_mean=15.235 hinge=0.0000 lambda=1.000 margin=0.50
2026-05-13 19:57:49,379 INFO CSMF2.step_1_1_1.run :: [h_std] total=0.04877 batch=0.04797 penalty=0.00210 target=0.0500 mu=10.000
2026-05-13 19:57:49,379 INFO CSMF2.step_1_1_1.run :: [lat_epoch] mean_l2=0.04458 std_l2=0.03240 lambda=0.100
2026-05-13 19:57:49,379 INFO CSMF2.step_1_1_1.run :: [y_resid] alpha=0.1846
2026-05-13 19:57:49,379 INFO CSMF2.step_1_1_1.run :: [grad] cond=73.0439 film_gain=1194.4468
2026-05-13 19:58:41,993 INFO CSMF2.step_1_1_1.run :: [h] epoch=16 step=50 total=0.04943 batch=0.04899
2026-05-13 19:58:41,994 INFO CSMF2.step_1_1_1.run :: [lat] epoch=16 step=50 mean_l2=0.05734 std_l2=0.02082
2026-05-13 19:58:42,414 INFO CSMF2.step_1_1_1.run :: epoch=16 step=50/429 train_nll=-3576.199
2026-05-13 19:59:27,643 INFO CSMF2.step_1_1_1.run :: [h] epoch=16 step=100 total=0.05002 batch=0.04591
2026-05-13 19:59:27,643 INFO CSMF2.step_1_1_1.run :: [lat] epoch=16 step=100 mean_l2=0.04694 std_l2=0.02313
2026-05-13 19:59:28,054 INFO CSMF2.step_1_1_1.run :: epoch=16 step=100/429 train_nll=-3560.605
2026-05-13 20:00:13,103 INFO CSMF2.step_1_1_1.run :: [h] epoch=16 step=150 total=0.04834 batch=0.04746
2026-05-13 20:00:13,108 INFO CSMF2.step_1_1_1.run :: [lat] epoch=16 step=150 mean_l2=0.03790 std_l2=0.03653
2026-05-13 20:00:13,526 INFO CSMF2.step_1_1_1.run :: epoch=16 step=150/429 train_nll=-3556.575
2026-05-13 20:00:58,556 INFO CSMF2.step_1_1_1.run :: [h] epoch=16 step=200 total=0.04795 batch=0.04732
2026-05-13 20:00:58,557 INFO CSMF2.step_1_1_1.run :: [lat] epoch=16 step=200 mean_l2=0.03080 std_l2=0.02145
2026-05-13 20:00:58,975 INFO CSMF2.step_1_1_1.run :: epoch=16 step=200/429 train_nll=-3552.807
2026-05-13 20:01:43,410 INFO CSMF2.step_1_1_1.run :: [h] epoch=16 step=250 total=0.04732 batch=0.04695
2026-05-13 20:01:43,412 INFO CSMF2.step_1_1_1.run :: [lat] epoch=16 step=250 mean_l2=0.03452 std_l2=0.02630
2026-05-13 20:01:43,824 INFO CSMF2.step_1_1_1.run :: epoch=16 step=250/429 train_nll=-3557.257
2026-05-13 20:02:28,658 INFO CSMF2.step_1_1_1.run :: [h] epoch=16 step=300 total=0.04646 batch=0.04556
2026-05-13 20:02:28,658 INFO CSMF2.step_1_1_1.run :: [lat] epoch=16 step=300 mean_l2=0.03935 std_l2=0.02836
2026-05-13 20:02:29,077 INFO CSMF2.step_1_1_1.run :: epoch=16 step=300/429 train_nll=-3556.462
2026-05-13 20:03:13,606 INFO CSMF2.step_1_1_1.run :: [h] epoch=16 step=350 total=0.04695 batch=0.04525
2026-05-13 20:03:13,607 INFO CSMF2.step_1_1_1.run :: [lat] epoch=16 step=350 mean_l2=0.05524 std_l2=0.04631
2026-05-13 20:03:14,025 INFO CSMF2.step_1_1_1.run :: epoch=16 step=350/429 train_nll=-3553.875
2026-05-13 20:03:58,598 INFO CSMF2.step_1_1_1.run :: [h] epoch=16 step=400 total=0.04601 batch=0.04502
2026-05-13 20:03:58,599 INFO CSMF2.step_1_1_1.run :: [lat] epoch=16 step=400 mean_l2=0.02948 std_l2=0.02529
2026-05-13 20:03:59,047 INFO CSMF2.step_1_1_1.run :: epoch=16 step=400/429 train_nll=-3549.935
2026-05-13 20:04:35,356 INFO CSMF2.step_1_1_1.run :: epoch=16  train_nll=-3552.011  val_nll=-3577.475  t=397.8s
2026-05-13 20:04:35,356 INFO CSMF2.step_1_1_1.run :: [glow] film_gain mean=0.2717 min=0.2520 max=0.2956
2026-05-13 20:04:35,356 INFO CSMF2.step_1_1_1.run :: [shuffle] gap_mean=14.858 hinge=0.0000 lambda=1.000 margin=0.50
2026-05-13 20:04:35,356 INFO CSMF2.step_1_1_1.run :: [h_std] total=0.04886 batch=0.04770 penalty=0.00238 target=0.0500 mu=10.000
2026-05-13 20:04:35,356 INFO CSMF2.step_1_1_1.run :: [lat_epoch] mean_l2=0.04549 std_l2=0.03348 lambda=0.100
2026-05-13 20:04:35,356 INFO CSMF2.step_1_1_1.run :: [y_resid] alpha=0.1732
2026-05-13 20:04:35,356 INFO CSMF2.step_1_1_1.run :: [grad] cond=36.9280 film_gain=1889.8402
2026-05-13 20:05:28,232 INFO CSMF2.step_1_1_1.run :: [h] epoch=17 step=50 total=0.04878 batch=0.04681
2026-05-13 20:05:28,233 INFO CSMF2.step_1_1_1.run :: [lat] epoch=17 step=50 mean_l2=0.06726 std_l2=0.04431
2026-05-13 20:05:28,651 INFO CSMF2.step_1_1_1.run :: epoch=17 step=50/429 train_nll=-3535.722
2026-05-13 20:06:13,288 INFO CSMF2.step_1_1_1.run :: [h] epoch=17 step=100 total=0.04775 batch=0.04621
2026-05-13 20:06:13,289 INFO CSMF2.step_1_1_1.run :: [lat] epoch=17 step=100 mean_l2=0.03965 std_l2=0.02370
2026-05-13 20:06:13,704 INFO CSMF2.step_1_1_1.run :: epoch=17 step=100/429 train_nll=-3554.452
2026-05-13 20:06:58,173 INFO CSMF2.step_1_1_1.run :: [h] epoch=17 step=150 total=0.04992 batch=0.04922
2026-05-13 20:06:58,173 INFO CSMF2.step_1_1_1.run :: [lat] epoch=17 step=150 mean_l2=0.04095 std_l2=0.01924
2026-05-13 20:06:58,590 INFO CSMF2.step_1_1_1.run :: epoch=17 step=150/429 train_nll=-3557.594
2026-05-13 20:07:43,384 INFO CSMF2.step_1_1_1.run :: [h] epoch=17 step=200 total=0.05101 batch=0.05034
2026-05-13 20:07:43,385 INFO CSMF2.step_1_1_1.run :: [lat] epoch=17 step=200 mean_l2=0.04493 std_l2=0.03270
2026-05-13 20:07:43,796 INFO CSMF2.step_1_1_1.run :: epoch=17 step=200/429 train_nll=-3557.717
2026-05-13 20:08:28,458 INFO CSMF2.step_1_1_1.run :: [h] epoch=17 step=250 total=0.04805 batch=0.04755
2026-05-13 20:08:28,459 INFO CSMF2.step_1_1_1.run :: [lat] epoch=17 step=250 mean_l2=0.03308 std_l2=0.02320
2026-05-13 20:08:28,869 INFO CSMF2.step_1_1_1.run :: epoch=17 step=250/429 train_nll=-3562.234
2026-05-13 20:09:13,644 INFO CSMF2.step_1_1_1.run :: [h] epoch=17 step=300 total=0.05165 batch=0.05072
2026-05-13 20:09:13,647 INFO CSMF2.step_1_1_1.run :: [lat] epoch=17 step=300 mean_l2=0.04598 std_l2=0.02064
2026-05-13 20:09:14,095 INFO CSMF2.step_1_1_1.run :: epoch=17 step=300/429 train_nll=-3564.001
2026-05-13 20:09:58,874 INFO CSMF2.step_1_1_1.run :: [h] epoch=17 step=350 total=0.04999 batch=0.04913
2026-05-13 20:09:58,875 INFO CSMF2.step_1_1_1.run :: [lat] epoch=17 step=350 mean_l2=0.04763 std_l2=0.02992
2026-05-13 20:09:59,291 INFO CSMF2.step_1_1_1.run :: epoch=17 step=350/429 train_nll=-3563.379
2026-05-13 20:10:43,909 INFO CSMF2.step_1_1_1.run :: [h] epoch=17 step=400 total=0.04972 batch=0.04926
2026-05-13 20:10:43,910 INFO CSMF2.step_1_1_1.run :: [lat] epoch=17 step=400 mean_l2=0.05919 std_l2=0.04043
2026-05-13 20:10:44,328 INFO CSMF2.step_1_1_1.run :: epoch=17 step=400/429 train_nll=-3564.128
2026-05-13 20:11:20,556 INFO CSMF2.step_1_1_1.run :: epoch=17  train_nll=-3564.479  val_nll=-3565.944  t=397.1s
2026-05-13 20:11:20,556 INFO CSMF2.step_1_1_1.run :: [glow] film_gain mean=0.2706 min=0.2509 max=0.2939
2026-05-13 20:11:20,556 INFO CSMF2.step_1_1_1.run :: [shuffle] gap_mean=14.735 hinge=0.0000 lambda=1.000 margin=0.50
2026-05-13 20:11:20,556 INFO CSMF2.step_1_1_1.run :: [h_std] total=0.04965 batch=0.04880 penalty=0.00142 target=0.0500 mu=10.000
2026-05-13 20:11:20,556 INFO CSMF2.step_1_1_1.run :: [lat_epoch] mean_l2=0.04026 std_l2=0.03182 lambda=0.100
2026-05-13 20:11:20,556 INFO CSMF2.step_1_1_1.run :: [y_resid] alpha=0.1748
2026-05-13 20:11:20,556 INFO CSMF2.step_1_1_1.run :: [grad] cond=62.5822 film_gain=614.4926
2026-05-13 20:12:13,306 INFO CSMF2.step_1_1_1.run :: [h] epoch=18 step=50 total=0.05068 batch=0.04996
2026-05-13 20:12:13,307 INFO CSMF2.step_1_1_1.run :: [lat] epoch=18 step=50 mean_l2=0.06005 std_l2=0.02926
2026-05-13 20:12:13,724 INFO CSMF2.step_1_1_1.run :: epoch=18 step=50/429 train_nll=-3475.183
2026-05-13 20:12:58,222 INFO CSMF2.step_1_1_1.run :: [h] epoch=18 step=100 total=0.04973 batch=0.04868
2026-05-13 20:12:58,223 INFO CSMF2.step_1_1_1.run :: [lat] epoch=18 step=100 mean_l2=0.03041 std_l2=0.03047
2026-05-13 20:12:58,634 INFO CSMF2.step_1_1_1.run :: epoch=18 step=100/429 train_nll=-3509.232
2026-05-13 20:13:43,341 INFO CSMF2.step_1_1_1.run :: [h] epoch=18 step=150 total=0.04975 batch=0.04903
2026-05-13 20:13:43,341 INFO CSMF2.step_1_1_1.run :: [lat] epoch=18 step=150 mean_l2=0.03942 std_l2=0.03443
2026-05-13 20:13:43,760 INFO CSMF2.step_1_1_1.run :: epoch=18 step=150/429 train_nll=-3531.116
2026-05-13 20:14:28,478 INFO CSMF2.step_1_1_1.run :: [h] epoch=18 step=200 total=0.04841 batch=0.04792
2026-05-13 20:14:28,482 INFO CSMF2.step_1_1_1.run :: [lat] epoch=18 step=200 mean_l2=0.05606 std_l2=0.03124
2026-05-13 20:14:28,930 INFO CSMF2.step_1_1_1.run :: epoch=18 step=200/429 train_nll=-3543.049
2026-05-13 20:15:13,545 INFO CSMF2.step_1_1_1.run :: [h] epoch=18 step=250 total=0.04978 batch=0.04908
2026-05-13 20:15:13,545 INFO CSMF2.step_1_1_1.run :: [lat] epoch=18 step=250 mean_l2=0.03425 std_l2=0.02035
2026-05-13 20:15:13,994 INFO CSMF2.step_1_1_1.run :: epoch=18 step=250/429 train_nll=-3552.868
2026-05-13 20:15:58,528 INFO CSMF2.step_1_1_1.run :: [h] epoch=18 step=300 total=0.05165 batch=0.05104
2026-05-13 20:15:58,529 INFO CSMF2.step_1_1_1.run :: [lat] epoch=18 step=300 mean_l2=0.08582 std_l2=0.02545
2026-05-13 20:15:58,976 INFO CSMF2.step_1_1_1.run :: epoch=18 step=300/429 train_nll=-3553.818
2026-05-13 20:16:43,830 INFO CSMF2.step_1_1_1.run :: [h] epoch=18 step=350 total=0.05297 batch=0.05243
2026-05-13 20:16:43,831 INFO CSMF2.step_1_1_1.run :: [lat] epoch=18 step=350 mean_l2=0.03639 std_l2=0.02592
2026-05-13 20:16:44,280 INFO CSMF2.step_1_1_1.run :: epoch=18 step=350/429 train_nll=-3554.895
2026-05-13 20:17:28,489 INFO CSMF2.step_1_1_1.run :: [h] epoch=18 step=400 total=0.05186 batch=0.05073
2026-05-13 20:17:28,490 INFO CSMF2.step_1_1_1.run :: [lat] epoch=18 step=400 mean_l2=0.05677 std_l2=0.02527
2026-05-13 20:17:28,957 INFO CSMF2.step_1_1_1.run :: epoch=18 step=400/429 train_nll=-3557.664
2026-05-13 20:18:05,414 INFO CSMF2.step_1_1_1.run :: epoch=18  train_nll=-3559.017  val_nll=-3589.432  t=396.7s
2026-05-13 20:18:05,414 INFO CSMF2.step_1_1_1.run :: [glow] film_gain mean=0.2683 min=0.2500 max=0.2906
2026-05-13 20:18:05,414 INFO CSMF2.step_1_1_1.run :: [shuffle] gap_mean=16.039 hinge=0.0307 lambda=1.000 margin=0.50
2026-05-13 20:18:05,414 INFO CSMF2.step_1_1_1.run :: [h_std] total=0.05010 batch=0.04928 penalty=0.00098 target=0.0500 mu=10.000
2026-05-13 20:18:05,414 INFO CSMF2.step_1_1_1.run :: [lat_epoch] mean_l2=0.04392 std_l2=0.04400 lambda=0.100
2026-05-13 20:18:05,414 INFO CSMF2.step_1_1_1.run :: [y_resid] alpha=0.1733
2026-05-13 20:18:05,414 INFO CSMF2.step_1_1_1.run :: [grad] cond=57.3279 film_gain=1175.0194
2026-05-13 20:18:58,348 INFO CSMF2.step_1_1_1.run :: [h] epoch=19 step=50 total=0.05054 batch=0.04995
2026-05-13 20:18:58,349 INFO CSMF2.step_1_1_1.run :: [lat] epoch=19 step=50 mean_l2=0.02422 std_l2=0.03070
2026-05-13 20:18:58,767 INFO CSMF2.step_1_1_1.run :: epoch=19 step=50/429 train_nll=-3570.016
2026-05-13 20:19:43,523 INFO CSMF2.step_1_1_1.run :: [h] epoch=19 step=100 total=0.05065 batch=0.04935
2026-05-13 20:19:43,523 INFO CSMF2.step_1_1_1.run :: [lat] epoch=19 step=100 mean_l2=0.03808 std_l2=0.04160
2026-05-13 20:19:43,942 INFO CSMF2.step_1_1_1.run :: epoch=19 step=100/429 train_nll=-3549.982
2026-05-13 20:20:29,048 INFO CSMF2.step_1_1_1.run :: [h] epoch=19 step=150 total=0.05044 batch=0.04989
2026-05-13 20:20:29,048 INFO CSMF2.step_1_1_1.run :: [lat] epoch=19 step=150 mean_l2=0.03772 std_l2=0.02244
2026-05-13 20:20:29,467 INFO CSMF2.step_1_1_1.run :: epoch=19 step=150/429 train_nll=-3562.723
2026-05-13 20:21:14,423 INFO CSMF2.step_1_1_1.run :: [h] epoch=19 step=200 total=0.04724 batch=0.04624
2026-05-13 20:21:14,423 INFO CSMF2.step_1_1_1.run :: [lat] epoch=19 step=200 mean_l2=0.02811 std_l2=0.02229
2026-05-13 20:21:14,837 INFO CSMF2.step_1_1_1.run :: epoch=19 step=200/429 train_nll=-3566.897
2026-05-13 20:21:59,699 INFO CSMF2.step_1_1_1.run :: [h] epoch=19 step=250 total=0.05019 batch=0.04973
2026-05-13 20:21:59,700 INFO CSMF2.step_1_1_1.run :: [lat] epoch=19 step=250 mean_l2=0.03664 std_l2=0.02578
2026-05-13 20:22:00,148 INFO CSMF2.step_1_1_1.run :: epoch=19 step=250/429 train_nll=-3570.774
2026-05-13 20:22:45,013 INFO CSMF2.step_1_1_1.run :: [h] epoch=19 step=300 total=0.05006 batch=0.04951
2026-05-13 20:22:45,014 INFO CSMF2.step_1_1_1.run :: [lat] epoch=19 step=300 mean_l2=0.03688 std_l2=0.02258
2026-05-13 20:22:45,462 INFO CSMF2.step_1_1_1.run :: epoch=19 step=300/429 train_nll=-3569.226
2026-05-13 20:23:30,269 INFO CSMF2.step_1_1_1.run :: [h] epoch=19 step=350 total=0.05073 batch=0.05012
2026-05-13 20:23:30,270 INFO CSMF2.step_1_1_1.run :: [lat] epoch=19 step=350 mean_l2=0.05024 std_l2=0.02600
2026-05-13 20:23:30,689 INFO CSMF2.step_1_1_1.run :: epoch=19 step=350/429 train_nll=-3570.562
2026-05-13 20:24:15,812 INFO CSMF2.step_1_1_1.run :: [h] epoch=19 step=400 total=0.04987 batch=0.04879
2026-05-13 20:24:15,813 INFO CSMF2.step_1_1_1.run :: [lat] epoch=19 step=400 mean_l2=0.02741 std_l2=0.05728
2026-05-13 20:24:16,231 INFO CSMF2.step_1_1_1.run :: epoch=19 step=400/429 train_nll=-3568.680
2026-05-13 20:24:52,612 INFO CSMF2.step_1_1_1.run :: epoch=19  train_nll=-3569.387  val_nll=-3596.578  t=399.4s
2026-05-13 20:24:52,612 INFO CSMF2.step_1_1_1.run :: [glow] film_gain mean=0.2663 min=0.2493 max=0.2884
2026-05-13 20:24:52,612 INFO CSMF2.step_1_1_1.run :: [shuffle] gap_mean=15.785 hinge=0.0000 lambda=1.000 margin=0.50
2026-05-13 20:24:52,612 INFO CSMF2.step_1_1_1.run :: [h_std] total=0.05023 batch=0.04930 penalty=0.00101 target=0.0500 mu=10.000
2026-05-13 20:24:52,612 INFO CSMF2.step_1_1_1.run :: [lat_epoch] mean_l2=0.04121 std_l2=0.03035 lambda=0.100
2026-05-13 20:24:52,612 INFO CSMF2.step_1_1_1.run :: [y_resid] alpha=0.1679
2026-05-13 20:24:52,612 INFO CSMF2.step_1_1_1.run :: [grad] cond=36.7323 film_gain=1129.0825
2026-05-13 20:25:45,344 INFO CSMF2.step_1_1_1.run :: [h] epoch=20 step=50 total=0.05291 batch=0.05176
2026-05-13 20:25:45,345 INFO CSMF2.step_1_1_1.run :: [lat] epoch=20 step=50 mean_l2=0.03162 std_l2=0.02849
2026-05-13 20:25:45,763 INFO CSMF2.step_1_1_1.run :: epoch=20 step=50/429 train_nll=-3575.047
2026-05-13 20:26:30,554 INFO CSMF2.step_1_1_1.run :: [h] epoch=20 step=100 total=0.05138 batch=0.05089
2026-05-13 20:26:30,554 INFO CSMF2.step_1_1_1.run :: [lat] epoch=20 step=100 mean_l2=0.02583 std_l2=0.01995
2026-05-13 20:26:30,974 INFO CSMF2.step_1_1_1.run :: epoch=20 step=100/429 train_nll=-3569.326
2026-05-13 20:27:15,553 INFO CSMF2.step_1_1_1.run :: [h] epoch=20 step=150 total=0.05039 batch=0.04989
2026-05-13 20:27:15,554 INFO CSMF2.step_1_1_1.run :: [lat] epoch=20 step=150 mean_l2=0.02880 std_l2=0.02153
2026-05-13 20:27:16,005 INFO CSMF2.step_1_1_1.run :: epoch=20 step=150/429 train_nll=-3578.078
2026-05-13 20:28:00,941 INFO CSMF2.step_1_1_1.run :: [h] epoch=20 step=200 total=0.04909 batch=0.04834
2026-05-13 20:28:00,942 INFO CSMF2.step_1_1_1.run :: [lat] epoch=20 step=200 mean_l2=0.05313 std_l2=0.02463
2026-05-13 20:28:01,352 INFO CSMF2.step_1_1_1.run :: epoch=20 step=200/429 train_nll=-3581.742
2026-05-13 20:28:46,221 INFO CSMF2.step_1_1_1.run :: [h] epoch=20 step=250 total=0.05041 batch=0.04981
2026-05-13 20:28:46,222 INFO CSMF2.step_1_1_1.run :: [lat] epoch=20 step=250 mean_l2=0.02347 std_l2=0.02114
2026-05-13 20:28:46,634 INFO CSMF2.step_1_1_1.run :: epoch=20 step=250/429 train_nll=-3582.729
2026-05-13 20:29:31,512 INFO CSMF2.step_1_1_1.run :: [h] epoch=20 step=300 total=0.04831 batch=0.04767
2026-05-13 20:29:31,513 INFO CSMF2.step_1_1_1.run :: [lat] epoch=20 step=300 mean_l2=0.05254 std_l2=0.06999
2026-05-13 20:29:31,923 INFO CSMF2.step_1_1_1.run :: epoch=20 step=300/429 train_nll=-3577.713
2026-05-13 20:30:16,704 INFO CSMF2.step_1_1_1.run :: [h] epoch=20 step=350 total=0.05175 batch=0.05130
2026-05-13 20:30:16,705 INFO CSMF2.step_1_1_1.run :: [lat] epoch=20 step=350 mean_l2=0.02534 std_l2=0.02163
2026-05-13 20:30:17,153 INFO CSMF2.step_1_1_1.run :: epoch=20 step=350/429 train_nll=-3576.138
2026-05-13 20:31:01,707 INFO CSMF2.step_1_1_1.run :: [h] epoch=20 step=400 total=0.05056 batch=0.05014
2026-05-13 20:31:01,708 INFO CSMF2.step_1_1_1.run :: [lat] epoch=20 step=400 mean_l2=0.03570 std_l2=0.02916
2026-05-13 20:31:02,119 INFO CSMF2.step_1_1_1.run :: epoch=20 step=400/429 train_nll=-3577.358
2026-05-13 20:31:38,483 INFO CSMF2.step_1_1_1.run :: epoch=20  train_nll=-3578.877  val_nll=-3607.379  t=397.9s
2026-05-13 20:31:38,484 INFO CSMF2.step_1_1_1.run :: [glow] film_gain mean=0.2652 min=0.2483 max=0.2868
2026-05-13 20:31:38,484 INFO CSMF2.step_1_1_1.run :: [shuffle] gap_mean=16.691 hinge=0.0000 lambda=1.000 margin=0.50
2026-05-13 20:31:38,484 INFO CSMF2.step_1_1_1.run :: [h_std] total=0.05042 batch=0.04974 penalty=0.00068 target=0.0500 mu=10.000
2026-05-13 20:31:38,484 INFO CSMF2.step_1_1_1.run :: [lat_epoch] mean_l2=0.03797 std_l2=0.02958 lambda=0.100
2026-05-13 20:31:38,484 INFO CSMF2.step_1_1_1.run :: [y_resid] alpha=0.1690
2026-05-13 20:31:38,484 INFO CSMF2.step_1_1_1.run :: [grad] cond=40.2699 film_gain=1144.3731
2026-05-13 20:32:32,411 INFO CSMF2.step_1_1_1.run :: [h] epoch=21 step=50 total=0.05221 batch=0.05159
2026-05-13 20:32:32,412 INFO CSMF2.step_1_1_1.run :: [lat] epoch=21 step=50 mean_l2=0.02747 std_l2=0.02790
2026-05-13 20:32:32,862 INFO CSMF2.step_1_1_1.run :: epoch=21 step=50/429 train_nll=-3577.440
2026-05-13 20:33:17,237 INFO CSMF2.step_1_1_1.run :: [h] epoch=21 step=100 total=0.04877 batch=0.04836
2026-05-13 20:33:17,238 INFO CSMF2.step_1_1_1.run :: [lat] epoch=21 step=100 mean_l2=0.02633 std_l2=0.02120
2026-05-13 20:33:17,649 INFO CSMF2.step_1_1_1.run :: epoch=21 step=100/429 train_nll=-3582.222
2026-05-13 20:34:02,347 INFO CSMF2.step_1_1_1.run :: [h] epoch=21 step=150 total=0.05013 batch=0.04936
2026-05-13 20:34:02,348 INFO CSMF2.step_1_1_1.run :: [lat] epoch=21 step=150 mean_l2=0.05618 std_l2=0.02558
2026-05-13 20:34:02,759 INFO CSMF2.step_1_1_1.run :: epoch=21 step=150/429 train_nll=-3584.611
2026-05-13 20:34:47,377 INFO CSMF2.step_1_1_1.run :: [h] epoch=21 step=200 total=0.05322 batch=0.05276
2026-05-13 20:34:47,378 INFO CSMF2.step_1_1_1.run :: [lat] epoch=21 step=200 mean_l2=0.04412 std_l2=0.02529
2026-05-13 20:34:47,826 INFO CSMF2.step_1_1_1.run :: epoch=21 step=200/429 train_nll=-3583.340
2026-05-13 20:35:32,676 INFO CSMF2.step_1_1_1.run :: [h] epoch=21 step=250 total=0.05171 batch=0.05101
2026-05-13 20:35:32,677 INFO CSMF2.step_1_1_1.run :: [lat] epoch=21 step=250 mean_l2=0.03027 std_l2=0.01926
2026-05-13 20:35:33,124 INFO CSMF2.step_1_1_1.run :: epoch=21 step=250/429 train_nll=-3585.490
2026-05-13 20:36:18,025 INFO CSMF2.step_1_1_1.run :: [h] epoch=21 step=300 total=0.04883 batch=0.04809
2026-05-13 20:36:18,026 INFO CSMF2.step_1_1_1.run :: [lat] epoch=21 step=300 mean_l2=0.04005 std_l2=0.02938
2026-05-13 20:36:18,451 INFO CSMF2.step_1_1_1.run :: epoch=21 step=300/429 train_nll=-3584.823
2026-05-13 20:37:03,431 INFO CSMF2.step_1_1_1.run :: [h] epoch=21 step=350 total=0.04993 batch=0.04938
2026-05-13 20:37:03,432 INFO CSMF2.step_1_1_1.run :: [lat] epoch=21 step=350 mean_l2=0.02201 std_l2=0.01894
2026-05-13 20:37:03,881 INFO CSMF2.step_1_1_1.run :: epoch=21 step=350/429 train_nll=-3585.814
2026-05-13 20:37:48,314 INFO CSMF2.step_1_1_1.run :: [h] epoch=21 step=400 total=0.04964 batch=0.04873
2026-05-13 20:37:48,314 INFO CSMF2.step_1_1_1.run :: [lat] epoch=21 step=400 mean_l2=0.03960 std_l2=0.02218
2026-05-13 20:37:48,733 INFO CSMF2.step_1_1_1.run :: epoch=21 step=400/429 train_nll=-3583.435
2026-05-13 20:38:25,483 INFO CSMF2.step_1_1_1.run :: epoch=21  train_nll=-3583.341  val_nll=-3605.798  t=398.0s
2026-05-13 20:38:25,483 INFO CSMF2.step_1_1_1.run :: [glow] film_gain mean=0.2635 min=0.2475 max=0.2853
2026-05-13 20:38:25,484 INFO CSMF2.step_1_1_1.run :: [shuffle] gap_mean=17.346 hinge=0.0000 lambda=1.000 margin=0.50
2026-05-13 20:38:25,484 INFO CSMF2.step_1_1_1.run :: [h_std] total=0.05050 batch=0.04972 penalty=0.00069 target=0.0500 mu=10.000
2026-05-13 20:38:25,484 INFO CSMF2.step_1_1_1.run :: [lat_epoch] mean_l2=0.03763 std_l2=0.03586 lambda=0.100
2026-05-13 20:38:25,484 INFO CSMF2.step_1_1_1.run :: [y_resid] alpha=0.1625
2026-05-13 20:38:25,484 INFO CSMF2.step_1_1_1.run :: [grad] cond=19.5051 film_gain=985.5827
2026-05-13 20:39:18,248 INFO CSMF2.step_1_1_1.run :: [h] epoch=22 step=50 total=0.05032 batch=0.04960
2026-05-13 20:39:18,248 INFO CSMF2.step_1_1_1.run :: [lat] epoch=22 step=50 mean_l2=0.06038 std_l2=0.02378
2026-05-13 20:39:18,658 INFO CSMF2.step_1_1_1.run :: epoch=22 step=50/429 train_nll=-3577.632
2026-05-13 20:40:03,155 INFO CSMF2.step_1_1_1.run :: [h] epoch=22 step=100 total=0.04896 batch=0.04832
2026-05-13 20:40:03,156 INFO CSMF2.step_1_1_1.run :: [lat] epoch=22 step=100 mean_l2=0.03587 std_l2=0.03059
2026-05-13 20:40:03,604 INFO CSMF2.step_1_1_1.run :: epoch=22 step=100/429 train_nll=-3577.740
2026-05-13 20:40:48,366 INFO CSMF2.step_1_1_1.run :: [h] epoch=22 step=150 total=0.05043 batch=0.04926
2026-05-13 20:40:48,366 INFO CSMF2.step_1_1_1.run :: [lat] epoch=22 step=150 mean_l2=0.02834 std_l2=0.02304
2026-05-13 20:40:48,776 INFO CSMF2.step_1_1_1.run :: epoch=22 step=150/429 train_nll=-3570.838
2026-05-13 20:41:33,680 INFO CSMF2.step_1_1_1.run :: [h] epoch=22 step=200 total=0.04655 batch=0.04578
2026-05-13 20:41:33,680 INFO CSMF2.step_1_1_1.run :: [lat] epoch=22 step=200 mean_l2=0.03145 std_l2=0.02515
2026-05-13 20:41:34,140 INFO CSMF2.step_1_1_1.run :: epoch=22 step=200/429 train_nll=-3575.330
2026-05-13 20:42:18,989 INFO CSMF2.step_1_1_1.run :: [h] epoch=22 step=250 total=0.05162 batch=0.05079
2026-05-13 20:42:18,990 INFO CSMF2.step_1_1_1.run :: [lat] epoch=22 step=250 mean_l2=0.05223 std_l2=0.09053
2026-05-13 20:42:19,410 INFO CSMF2.step_1_1_1.run :: epoch=22 step=250/429 train_nll=-3576.989
2026-05-13 20:43:03,924 INFO CSMF2.step_1_1_1.run :: [h] epoch=22 step=300 total=0.04939 batch=0.04890
2026-05-13 20:43:03,925 INFO CSMF2.step_1_1_1.run :: [lat] epoch=22 step=300 mean_l2=0.02700 std_l2=0.02340
2026-05-13 20:43:04,343 INFO CSMF2.step_1_1_1.run :: epoch=22 step=300/429 train_nll=-3575.265
2026-05-13 20:43:48,971 INFO CSMF2.step_1_1_1.run :: [h] epoch=22 step=350 total=0.05374 batch=0.05310
2026-05-13 20:43:48,972 INFO CSMF2.step_1_1_1.run :: [lat] epoch=22 step=350 mean_l2=0.03375 std_l2=0.03684
2026-05-13 20:43:49,384 INFO CSMF2.step_1_1_1.run :: epoch=22 step=350/429 train_nll=-3579.091
2026-05-13 20:44:33,853 INFO CSMF2.step_1_1_1.run :: [h] epoch=22 step=400 total=0.05068 batch=0.05018
2026-05-13 20:44:33,853 INFO CSMF2.step_1_1_1.run :: [lat] epoch=22 step=400 mean_l2=0.02211 std_l2=0.02468
2026-05-13 20:44:34,265 INFO CSMF2.step_1_1_1.run :: epoch=22 step=400/429 train_nll=-3579.676
2026-05-13 20:45:10,540 INFO CSMF2.step_1_1_1.run :: epoch=22  train_nll=-3580.882  val_nll=-3610.457  t=396.9s
2026-05-13 20:45:10,540 INFO CSMF2.step_1_1_1.run :: [glow] film_gain mean=0.2620 min=0.2463 max=0.2827
2026-05-13 20:45:10,540 INFO CSMF2.step_1_1_1.run :: [shuffle] gap_mean=17.268 hinge=0.0000 lambda=1.000 margin=0.50
2026-05-13 20:45:10,540 INFO CSMF2.step_1_1_1.run :: [h_std] total=0.04963 batch=0.04883 penalty=0.00133 target=0.0500 mu=10.000
2026-05-13 20:45:10,541 INFO CSMF2.step_1_1_1.run :: [lat_epoch] mean_l2=0.03713 std_l2=0.03236 lambda=0.100
2026-05-13 20:45:10,541 INFO CSMF2.step_1_1_1.run :: [y_resid] alpha=0.1644
2026-05-13 20:45:10,541 INFO CSMF2.step_1_1_1.run :: [grad] cond=24.6136 film_gain=452.3308
2026-05-13 20:46:02,539 INFO CSMF2.step_1_1_1.run :: [h] epoch=23 step=50 total=0.05171 batch=0.05098
2026-05-13 20:46:02,540 INFO CSMF2.step_1_1_1.run :: [lat] epoch=23 step=50 mean_l2=0.02664 std_l2=0.02724
2026-05-13 20:46:02,989 INFO CSMF2.step_1_1_1.run :: epoch=23 step=50/429 train_nll=-3572.678
2026-05-13 20:46:47,833 INFO CSMF2.step_1_1_1.run :: [h] epoch=23 step=100 total=0.05139 batch=0.05068
2026-05-13 20:46:47,834 INFO CSMF2.step_1_1_1.run :: [lat] epoch=23 step=100 mean_l2=0.03720 std_l2=0.01883
2026-05-13 20:46:48,255 INFO CSMF2.step_1_1_1.run :: epoch=23 step=100/429 train_nll=-3588.292
2026-05-13 20:47:32,800 INFO CSMF2.step_1_1_1.run :: [h] epoch=23 step=150 total=0.04944 batch=0.04879
2026-05-13 20:47:32,801 INFO CSMF2.step_1_1_1.run :: [lat] epoch=23 step=150 mean_l2=0.02080 std_l2=0.01975
2026-05-13 20:47:33,219 INFO CSMF2.step_1_1_1.run :: epoch=23 step=150/429 train_nll=-3596.456
2026-05-13 20:48:18,410 INFO CSMF2.step_1_1_1.run :: [h] epoch=23 step=200 total=0.05082 batch=0.04941
2026-05-13 20:48:18,410 INFO CSMF2.step_1_1_1.run :: [lat] epoch=23 step=200 mean_l2=0.04811 std_l2=0.06732
2026-05-13 20:48:18,829 INFO CSMF2.step_1_1_1.run :: epoch=23 step=200/429 train_nll=-3586.909
2026-05-13 20:49:03,818 INFO CSMF2.step_1_1_1.run :: [h] epoch=23 step=250 total=0.04826 batch=0.04784
2026-05-13 20:49:03,819 INFO CSMF2.step_1_1_1.run :: [lat] epoch=23 step=250 mean_l2=0.03309 std_l2=0.03589
2026-05-13 20:49:04,230 INFO CSMF2.step_1_1_1.run :: epoch=23 step=250/429 train_nll=-3584.220
2026-05-13 20:49:48,694 INFO CSMF2.step_1_1_1.run :: [h] epoch=23 step=300 total=0.04922 batch=0.04827
2026-05-13 20:49:48,695 INFO CSMF2.step_1_1_1.run :: [lat] epoch=23 step=300 mean_l2=0.04661 std_l2=0.02986
2026-05-13 20:49:49,107 INFO CSMF2.step_1_1_1.run :: epoch=23 step=300/429 train_nll=-3585.653
2026-05-13 20:50:34,036 INFO CSMF2.step_1_1_1.run :: [h] epoch=23 step=350 total=0.05071 batch=0.04939
2026-05-13 20:50:34,036 INFO CSMF2.step_1_1_1.run :: [lat] epoch=23 step=350 mean_l2=0.03317 std_l2=0.07584
2026-05-13 20:50:34,447 INFO CSMF2.step_1_1_1.run :: epoch=23 step=350/429 train_nll=-3582.156
2026-05-13 20:51:18,959 INFO CSMF2.step_1_1_1.run :: [h] epoch=23 step=400 total=0.04780 batch=0.04674
2026-05-13 20:51:18,959 INFO CSMF2.step_1_1_1.run :: [lat] epoch=23 step=400 mean_l2=0.06953 std_l2=0.03030
2026-05-13 20:51:19,371 INFO CSMF2.step_1_1_1.run :: epoch=23 step=400/429 train_nll=-3582.346
2026-05-13 20:51:55,829 INFO CSMF2.step_1_1_1.run :: epoch=23  train_nll=-3582.851  val_nll=-3602.218  t=397.4s
2026-05-13 20:51:55,829 INFO CSMF2.step_1_1_1.run :: [glow] film_gain mean=0.2597 min=0.2458 max=0.2792
2026-05-13 20:51:55,829 INFO CSMF2.step_1_1_1.run :: [shuffle] gap_mean=17.656 hinge=0.0000 lambda=1.000 margin=0.50
2026-05-13 20:51:55,829 INFO CSMF2.step_1_1_1.run :: [h_std] total=0.05031 batch=0.04941 penalty=0.00090 target=0.0500 mu=10.000
2026-05-13 20:51:55,829 INFO CSMF2.step_1_1_1.run :: [lat_epoch] mean_l2=0.03655 std_l2=0.03055 lambda=0.100
2026-05-13 20:51:55,829 INFO CSMF2.step_1_1_1.run :: [y_resid] alpha=0.1604
2026-05-13 20:51:55,829 INFO CSMF2.step_1_1_1.run :: [grad] cond=14.1750 film_gain=535.6699
2026-05-13 20:52:48,690 INFO CSMF2.step_1_1_1.run :: [h] epoch=24 step=50 total=0.04942 batch=0.04854
2026-05-13 20:52:48,691 INFO CSMF2.step_1_1_1.run :: [lat] epoch=24 step=50 mean_l2=0.03890 std_l2=0.04548
2026-05-13 20:52:49,101 INFO CSMF2.step_1_1_1.run :: epoch=24 step=50/429 train_nll=-3589.613
2026-05-13 20:53:33,226 INFO CSMF2.step_1_1_1.run :: [h] epoch=24 step=100 total=0.05325 batch=0.05261
2026-05-13 20:53:33,227 INFO CSMF2.step_1_1_1.run :: [lat] epoch=24 step=100 mean_l2=0.02767 std_l2=0.02569
2026-05-13 20:53:33,641 INFO CSMF2.step_1_1_1.run :: epoch=24 step=100/429 train_nll=-3591.346
2026-05-13 20:54:18,309 INFO CSMF2.step_1_1_1.run :: [h] epoch=24 step=150 total=0.05157 batch=0.04991
2026-05-13 20:54:18,310 INFO CSMF2.step_1_1_1.run :: [lat] epoch=24 step=150 mean_l2=0.05616 std_l2=0.06220
2026-05-13 20:54:18,760 INFO CSMF2.step_1_1_1.run :: epoch=24 step=150/429 train_nll=-3578.111
2026-05-13 20:55:03,915 INFO CSMF2.step_1_1_1.run :: [h] epoch=24 step=200 total=0.04829 batch=0.04731
2026-05-13 20:55:03,915 INFO CSMF2.step_1_1_1.run :: [lat] epoch=24 step=200 mean_l2=0.02637 std_l2=0.02358
2026-05-13 20:55:04,325 INFO CSMF2.step_1_1_1.run :: epoch=24 step=200/429 train_nll=-3578.297
2026-05-13 20:55:48,905 INFO CSMF2.step_1_1_1.run :: [h] epoch=24 step=250 total=0.04713 batch=0.04595
2026-05-13 20:55:48,906 INFO CSMF2.step_1_1_1.run :: [lat] epoch=24 step=250 mean_l2=0.04105 std_l2=0.04780
2026-05-13 20:55:49,317 INFO CSMF2.step_1_1_1.run :: epoch=24 step=250/429 train_nll=-3580.488
2026-05-13 20:56:34,136 INFO CSMF2.step_1_1_1.run :: [h] epoch=24 step=300 total=0.04843 batch=0.04741
2026-05-13 20:56:34,137 INFO CSMF2.step_1_1_1.run :: [lat] epoch=24 step=300 mean_l2=0.03194 std_l2=0.02966
2026-05-13 20:56:34,587 INFO CSMF2.step_1_1_1.run :: epoch=24 step=300/429 train_nll=-3580.983
2026-05-13 20:57:19,053 INFO CSMF2.step_1_1_1.run :: [h] epoch=24 step=350 total=0.04846 batch=0.04779
2026-05-13 20:57:19,054 INFO CSMF2.step_1_1_1.run :: [lat] epoch=24 step=350 mean_l2=0.04957 std_l2=0.03593
2026-05-13 20:57:19,503 INFO CSMF2.step_1_1_1.run :: epoch=24 step=350/429 train_nll=-3582.444
2026-05-13 20:58:03,947 INFO CSMF2.step_1_1_1.run :: [h] epoch=24 step=400 total=0.04990 batch=0.04873
2026-05-13 20:58:03,948 INFO CSMF2.step_1_1_1.run :: [lat] epoch=24 step=400 mean_l2=0.05154 std_l2=0.04694
2026-05-13 20:58:04,367 INFO CSMF2.step_1_1_1.run :: epoch=24 step=400/429 train_nll=-3580.184
2026-05-13 20:58:40,834 INFO CSMF2.step_1_1_1.run :: epoch=24  train_nll=-3579.684  val_nll=-3526.458  t=397.1s
2026-05-13 20:58:40,834 INFO CSMF2.step_1_1_1.run :: [glow] film_gain mean=0.2576 min=0.2454 max=0.2761
2026-05-13 20:58:40,834 INFO CSMF2.step_1_1_1.run :: [shuffle] gap_mean=18.192 hinge=0.0000 lambda=1.000 margin=0.50
2026-05-13 20:58:40,834 INFO CSMF2.step_1_1_1.run :: [h_std] total=0.05004 batch=0.04916 penalty=0.00103 target=0.0500 mu=10.000
2026-05-13 20:58:40,834 INFO CSMF2.step_1_1_1.run :: [lat_epoch] mean_l2=0.03738 std_l2=0.05136 lambda=0.100
2026-05-13 20:58:40,834 INFO CSMF2.step_1_1_1.run :: [y_resid] alpha=0.1593
2026-05-13 20:58:40,834 INFO CSMF2.step_1_1_1.run :: [grad] cond=222.5040 film_gain=3004.0267
2026-05-13 20:59:34,114 INFO CSMF2.step_1_1_1.run :: [h] epoch=25 step=50 total=0.05185 batch=0.05121
2026-05-13 20:59:34,115 INFO CSMF2.step_1_1_1.run :: [lat] epoch=25 step=50 mean_l2=0.02433 std_l2=0.03374
2026-05-13 20:59:34,527 INFO CSMF2.step_1_1_1.run :: epoch=25 step=50/429 train_nll=-3595.629
2026-05-13 21:00:19,305 INFO CSMF2.step_1_1_1.run :: [h] epoch=25 step=100 total=0.05080 batch=0.05016
2026-05-13 21:00:19,306 INFO CSMF2.step_1_1_1.run :: [lat] epoch=25 step=100 mean_l2=0.03069 std_l2=0.02195
2026-05-13 21:00:19,756 INFO CSMF2.step_1_1_1.run :: epoch=25 step=100/429 train_nll=-3596.256
2026-05-13 21:01:04,460 INFO CSMF2.step_1_1_1.run :: [h] epoch=25 step=150 total=0.05068 batch=0.05031
2026-05-13 21:01:04,460 INFO CSMF2.step_1_1_1.run :: [lat] epoch=25 step=150 mean_l2=0.02381 std_l2=0.01913
2026-05-13 21:01:04,879 INFO CSMF2.step_1_1_1.run :: epoch=25 step=150/429 train_nll=-3599.011
2026-05-13 21:01:49,529 INFO CSMF2.step_1_1_1.run :: [h] epoch=25 step=200 total=0.05218 batch=0.05146
2026-05-13 21:01:49,530 INFO CSMF2.step_1_1_1.run :: [lat] epoch=25 step=200 mean_l2=0.03454 std_l2=0.02191
2026-05-13 21:01:49,950 INFO CSMF2.step_1_1_1.run :: epoch=25 step=200/429 train_nll=-3597.379
2026-05-13 21:02:34,561 INFO CSMF2.step_1_1_1.run :: [h] epoch=25 step=250 total=0.04968 batch=0.04876
2026-05-13 21:02:34,562 INFO CSMF2.step_1_1_1.run :: [lat] epoch=25 step=250 mean_l2=0.04920 std_l2=0.02416
2026-05-13 21:02:34,980 INFO CSMF2.step_1_1_1.run :: epoch=25 step=250/429 train_nll=-3599.411
2026-05-13 21:03:19,915 INFO CSMF2.step_1_1_1.run :: [h] epoch=25 step=300 total=0.05025 batch=0.04895
2026-05-13 21:03:19,915 INFO CSMF2.step_1_1_1.run :: [lat] epoch=25 step=300 mean_l2=0.10085 std_l2=0.06454
2026-05-13 21:03:20,325 INFO CSMF2.step_1_1_1.run :: epoch=25 step=300/429 train_nll=-3597.990
2026-05-13 21:04:05,322 INFO CSMF2.step_1_1_1.run :: [h] epoch=25 step=350 total=0.05005 batch=0.04922
2026-05-13 21:04:05,323 INFO CSMF2.step_1_1_1.run :: [lat] epoch=25 step=350 mean_l2=0.02516 std_l2=0.01811
2026-05-13 21:04:05,771 INFO CSMF2.step_1_1_1.run :: epoch=25 step=350/429 train_nll=-3596.283
2026-05-13 21:04:50,567 INFO CSMF2.step_1_1_1.run :: [h] epoch=25 step=400 total=0.05137 batch=0.05027
2026-05-13 21:04:50,568 INFO CSMF2.step_1_1_1.run :: [lat] epoch=25 step=400 mean_l2=0.04324 std_l2=0.03550
2026-05-13 21:04:50,987 INFO CSMF2.step_1_1_1.run :: epoch=25 step=400/429 train_nll=-3596.843
2026-05-13 21:05:27,242 INFO CSMF2.step_1_1_1.run :: epoch=25  train_nll=-3595.855  val_nll=-3593.937  t=397.6s
2026-05-13 21:05:27,242 INFO CSMF2.step_1_1_1.run :: [glow] film_gain mean=0.2566 min=0.2450 max=0.2754
2026-05-13 21:05:27,242 INFO CSMF2.step_1_1_1.run :: [shuffle] gap_mean=18.902 hinge=0.0000 lambda=1.000 margin=0.50
2026-05-13 21:05:27,242 INFO CSMF2.step_1_1_1.run :: [h_std] total=0.05076 batch=0.05006 penalty=0.00047 target=0.0500 mu=10.000
2026-05-13 21:05:27,242 INFO CSMF2.step_1_1_1.run :: [lat_epoch] mean_l2=0.03448 std_l2=0.02734 lambda=0.100
2026-05-13 21:05:27,242 INFO CSMF2.step_1_1_1.run :: [y_resid] alpha=0.1599
2026-05-13 21:05:27,242 INFO CSMF2.step_1_1_1.run :: [grad] cond=22.4355 film_gain=410.2112
2026-05-13 21:06:20,227 INFO CSMF2.step_1_1_1.run :: [h] epoch=26 step=50 total=0.05155 batch=0.05123
2026-05-13 21:06:20,227 INFO CSMF2.step_1_1_1.run :: [lat] epoch=26 step=50 mean_l2=0.02341 std_l2=0.02163
2026-05-13 21:06:20,639 INFO CSMF2.step_1_1_1.run :: epoch=26 step=50/429 train_nll=-3593.202
2026-05-13 21:07:05,408 INFO CSMF2.step_1_1_1.run :: [h] epoch=26 step=100 total=0.04979 batch=0.04920
2026-05-13 21:07:05,408 INFO CSMF2.step_1_1_1.run :: [lat] epoch=26 step=100 mean_l2=0.02414 std_l2=0.02203
2026-05-13 21:07:05,834 INFO CSMF2.step_1_1_1.run :: epoch=26 step=100/429 train_nll=-3591.445
2026-05-13 21:07:50,152 INFO CSMF2.step_1_1_1.run :: [h] epoch=26 step=150 total=0.05218 batch=0.05124
2026-05-13 21:07:50,153 INFO CSMF2.step_1_1_1.run :: [lat] epoch=26 step=150 mean_l2=0.03586 std_l2=0.02988
2026-05-13 21:07:50,602 INFO CSMF2.step_1_1_1.run :: epoch=26 step=150/429 train_nll=-3593.553
2026-05-13 21:08:35,223 INFO CSMF2.step_1_1_1.run :: [h] epoch=26 step=200 total=0.05171 batch=0.05105
2026-05-13 21:08:35,224 INFO CSMF2.step_1_1_1.run :: [lat] epoch=26 step=200 mean_l2=0.03232 std_l2=0.02026
2026-05-13 21:08:35,635 INFO CSMF2.step_1_1_1.run :: epoch=26 step=200/429 train_nll=-3598.134
2026-05-13 21:09:19,999 INFO CSMF2.step_1_1_1.run :: [h] epoch=26 step=250 total=0.05176 batch=0.05124
2026-05-13 21:09:19,999 INFO CSMF2.step_1_1_1.run :: [lat] epoch=26 step=250 mean_l2=0.03248 std_l2=0.02021
2026-05-13 21:09:20,410 INFO CSMF2.step_1_1_1.run :: epoch=26 step=250/429 train_nll=-3601.569
2026-05-13 21:10:05,236 INFO CSMF2.step_1_1_1.run :: [h] epoch=26 step=300 total=0.05083 batch=0.05018
2026-05-13 21:10:05,236 INFO CSMF2.step_1_1_1.run :: [lat] epoch=26 step=300 mean_l2=0.02768 std_l2=0.02051
2026-05-13 21:10:05,647 INFO CSMF2.step_1_1_1.run :: epoch=26 step=300/429 train_nll=-3600.364
2026-05-13 21:10:50,340 INFO CSMF2.step_1_1_1.run :: [h] epoch=26 step=350 total=0.05126 batch=0.05063
2026-05-13 21:10:50,340 INFO CSMF2.step_1_1_1.run :: [lat] epoch=26 step=350 mean_l2=0.04302 std_l2=0.02061
2026-05-13 21:10:50,759 INFO CSMF2.step_1_1_1.run :: epoch=26 step=350/429 train_nll=-3599.836
2026-05-13 21:11:35,021 INFO CSMF2.step_1_1_1.run :: [h] epoch=26 step=400 total=0.05202 batch=0.05131
2026-05-13 21:11:35,022 INFO CSMF2.step_1_1_1.run :: [lat] epoch=26 step=400 mean_l2=0.03238 std_l2=0.02122
2026-05-13 21:11:35,441 INFO CSMF2.step_1_1_1.run :: epoch=26 step=400/429 train_nll=-3598.942
2026-05-13 21:12:11,846 INFO CSMF2.step_1_1_1.run :: epoch=26  train_nll=-3599.605  val_nll=-3595.980  t=396.7s
2026-05-13 21:12:11,846 INFO CSMF2.step_1_1_1.run :: [glow] film_gain mean=0.2558 min=0.2444 max=0.2746
2026-05-13 21:12:11,846 INFO CSMF2.step_1_1_1.run :: [shuffle] gap_mean=19.061 hinge=0.0000 lambda=1.000 margin=0.50
2026-05-13 21:12:11,846 INFO CSMF2.step_1_1_1.run :: [h_std] total=0.05086 batch=0.05014 penalty=0.00042 target=0.0500 mu=10.000
2026-05-13 21:12:11,847 INFO CSMF2.step_1_1_1.run :: [lat_epoch] mean_l2=0.03340 std_l2=0.02679 lambda=0.100
2026-05-13 21:12:11,847 INFO CSMF2.step_1_1_1.run :: [y_resid] alpha=0.1585
2026-05-13 21:12:11,847 INFO CSMF2.step_1_1_1.run :: [grad] cond=41.6198 film_gain=1705.9836
2026-05-13 21:13:05,475 INFO CSMF2.step_1_1_1.run :: [h] epoch=27 step=50 total=0.05317 batch=0.05215
2026-05-13 21:13:05,478 INFO CSMF2.step_1_1_1.run :: [lat] epoch=27 step=50 mean_l2=0.03296 std_l2=0.02492
2026-05-13 21:13:05,926 INFO CSMF2.step_1_1_1.run :: epoch=27 step=50/429 train_nll=-3618.083
2026-05-13 21:13:50,436 INFO CSMF2.step_1_1_1.run :: [h] epoch=27 step=100 total=0.05275 batch=0.05173
2026-05-13 21:13:50,437 INFO CSMF2.step_1_1_1.run :: [lat] epoch=27 step=100 mean_l2=0.03026 std_l2=0.02145
2026-05-13 21:13:50,848 INFO CSMF2.step_1_1_1.run :: epoch=27 step=100/429 train_nll=-3605.384
2026-05-13 21:14:35,437 INFO CSMF2.step_1_1_1.run :: [h] epoch=27 step=150 total=0.05016 batch=0.04975
2026-05-13 21:14:35,438 INFO CSMF2.step_1_1_1.run :: [lat] epoch=27 step=150 mean_l2=0.02856 std_l2=0.02360
2026-05-13 21:14:35,888 INFO CSMF2.step_1_1_1.run :: epoch=27 step=150/429 train_nll=-3602.933
2026-05-13 21:15:20,401 INFO CSMF2.step_1_1_1.run :: [h] epoch=27 step=200 total=0.04934 batch=0.04822
2026-05-13 21:15:20,402 INFO CSMF2.step_1_1_1.run :: [lat] epoch=27 step=200 mean_l2=0.02660 std_l2=0.03388
2026-05-13 21:15:20,815 INFO CSMF2.step_1_1_1.run :: epoch=27 step=200/429 train_nll=-3597.499
2026-05-13 21:16:05,384 INFO CSMF2.step_1_1_1.run :: [h] epoch=27 step=250 total=0.05038 batch=0.04965
2026-05-13 21:16:05,385 INFO CSMF2.step_1_1_1.run :: [lat] epoch=27 step=250 mean_l2=0.04015 std_l2=0.02018
2026-05-13 21:16:05,797 INFO CSMF2.step_1_1_1.run :: epoch=27 step=250/429 train_nll=-3597.053
2026-05-13 21:16:50,407 INFO CSMF2.step_1_1_1.run :: [h] epoch=27 step=300 total=0.05059 batch=0.04971
2026-05-13 21:16:50,407 INFO CSMF2.step_1_1_1.run :: [lat] epoch=27 step=300 mean_l2=0.03056 std_l2=0.02317
2026-05-13 21:16:50,820 INFO CSMF2.step_1_1_1.run :: epoch=27 step=300/429 train_nll=-3596.753
2026-05-13 21:17:35,553 INFO CSMF2.step_1_1_1.run :: [h] epoch=27 step=350 total=0.05121 batch=0.05013
2026-05-13 21:17:35,553 INFO CSMF2.step_1_1_1.run :: [lat] epoch=27 step=350 mean_l2=0.02164 std_l2=0.02421
2026-05-13 21:17:35,965 INFO CSMF2.step_1_1_1.run :: epoch=27 step=350/429 train_nll=-3597.978
2026-05-13 21:18:20,620 INFO CSMF2.step_1_1_1.run :: [h] epoch=27 step=400 total=0.05127 batch=0.05019
2026-05-13 21:18:20,621 INFO CSMF2.step_1_1_1.run :: [lat] epoch=27 step=400 mean_l2=0.02996 std_l2=0.02262
2026-05-13 21:18:21,071 INFO CSMF2.step_1_1_1.run :: epoch=27 step=400/429 train_nll=-3596.190
2026-05-13 21:18:57,325 INFO CSMF2.step_1_1_1.run :: epoch=27  train_nll=-3596.719  val_nll=-3612.634  t=396.7s
2026-05-13 21:18:57,325 INFO CSMF2.step_1_1_1.run :: [glow] film_gain mean=0.2537 min=0.2410 max=0.2705
2026-05-13 21:18:57,325 INFO CSMF2.step_1_1_1.run :: [shuffle] gap_mean=19.254 hinge=0.0000 lambda=1.000 margin=0.50
2026-05-13 21:18:57,325 INFO CSMF2.step_1_1_1.run :: [h_std] total=0.05069 batch=0.04991 penalty=0.00052 target=0.0500 mu=10.000
2026-05-13 21:18:57,325 INFO CSMF2.step_1_1_1.run :: [lat_epoch] mean_l2=0.03361 std_l2=0.03018 lambda=0.100
2026-05-13 21:18:57,325 INFO CSMF2.step_1_1_1.run :: [y_resid] alpha=0.1560
2026-05-13 21:18:57,325 INFO CSMF2.step_1_1_1.run :: [grad] cond=53.8829 film_gain=1891.6367
2026-05-13 21:19:50,340 INFO CSMF2.step_1_1_1.run :: [h] epoch=28 step=50 total=0.05045 batch=0.04971
2026-05-13 21:19:50,341 INFO CSMF2.step_1_1_1.run :: [lat] epoch=28 step=50 mean_l2=0.04422 std_l2=0.02898
2026-05-13 21:19:50,791 INFO CSMF2.step_1_1_1.run :: epoch=28 step=50/429 train_nll=-3588.726
2026-05-13 21:20:35,750 INFO CSMF2.step_1_1_1.run :: [h] epoch=28 step=100 total=0.05090 batch=0.05010
2026-05-13 21:20:35,751 INFO CSMF2.step_1_1_1.run :: [lat] epoch=28 step=100 mean_l2=0.03274 std_l2=0.02481
2026-05-13 21:20:36,170 INFO CSMF2.step_1_1_1.run :: epoch=28 step=100/429 train_nll=-3597.067
2026-05-13 21:21:20,588 INFO CSMF2.step_1_1_1.run :: [h] epoch=28 step=150 total=0.04975 batch=0.04905
2026-05-13 21:21:20,589 INFO CSMF2.step_1_1_1.run :: [lat] epoch=28 step=150 mean_l2=0.02379 std_l2=0.03434
2026-05-13 21:21:21,039 INFO CSMF2.step_1_1_1.run :: epoch=28 step=150/429 train_nll=-3600.017
2026-05-13 21:22:05,541 INFO CSMF2.step_1_1_1.run :: [h] epoch=28 step=200 total=0.04970 batch=0.04671
2026-05-13 21:22:05,541 INFO CSMF2.step_1_1_1.run :: [lat] epoch=28 step=200 mean_l2=0.02505 std_l2=0.03751
2026-05-13 21:22:05,956 INFO CSMF2.step_1_1_1.run :: epoch=28 step=200/429 train_nll=-3592.998
2026-05-13 21:22:50,499 INFO CSMF2.step_1_1_1.run :: [h] epoch=28 step=250 total=0.04742 batch=0.04673
2026-05-13 21:22:50,501 INFO CSMF2.step_1_1_1.run :: [lat] epoch=28 step=250 mean_l2=0.02691 std_l2=0.02084
2026-05-13 21:22:50,912 INFO CSMF2.step_1_1_1.run :: epoch=28 step=250/429 train_nll=-3588.603
2026-05-13 21:23:35,731 INFO CSMF2.step_1_1_1.run :: [h] epoch=28 step=300 total=0.04836 batch=0.04772
2026-05-13 21:23:35,732 INFO CSMF2.step_1_1_1.run :: [lat] epoch=28 step=300 mean_l2=0.04492 std_l2=0.03119
2026-05-13 21:23:36,143 INFO CSMF2.step_1_1_1.run :: epoch=28 step=300/429 train_nll=-3589.108
2026-05-13 21:24:21,063 INFO CSMF2.step_1_1_1.run :: [h] epoch=28 step=350 total=0.04838 batch=0.04779
2026-05-13 21:24:21,064 INFO CSMF2.step_1_1_1.run :: [lat] epoch=28 step=350 mean_l2=0.03665 std_l2=0.02104
2026-05-13 21:24:21,475 INFO CSMF2.step_1_1_1.run :: epoch=28 step=350/429 train_nll=-3591.962
2026-05-13 21:25:06,038 INFO CSMF2.step_1_1_1.run :: [h] epoch=28 step=400 total=0.04939 batch=0.04882
2026-05-13 21:25:06,039 INFO CSMF2.step_1_1_1.run :: [lat] epoch=28 step=400 mean_l2=0.03763 std_l2=0.02080
2026-05-13 21:25:06,458 INFO CSMF2.step_1_1_1.run :: epoch=28 step=400/429 train_nll=-3594.768
2026-05-13 21:25:42,838 INFO CSMF2.step_1_1_1.run :: epoch=28  train_nll=-3596.018  val_nll=-3619.467  t=397.6s
2026-05-13 21:25:42,838 INFO CSMF2.step_1_1_1.run :: [glow] film_gain mean=0.2522 min=0.2387 max=0.2699
2026-05-13 21:25:42,839 INFO CSMF2.step_1_1_1.run :: [shuffle] gap_mean=19.713 hinge=0.0000 lambda=1.000 margin=0.50
2026-05-13 21:25:42,839 INFO CSMF2.step_1_1_1.run :: [h_std] total=0.04917 batch=0.04830 penalty=0.00183 target=0.0500 mu=10.000
2026-05-13 21:25:42,839 INFO CSMF2.step_1_1_1.run :: [lat_epoch] mean_l2=0.03433 std_l2=0.03132 lambda=0.100
2026-05-13 21:25:42,839 INFO CSMF2.step_1_1_1.run :: [y_resid] alpha=0.1524
2026-05-13 21:25:42,839 INFO CSMF2.step_1_1_1.run :: [grad] cond=74.6865 film_gain=958.4529
2026-05-13 21:26:35,517 INFO CSMF2.step_1_1_1.run :: [h] epoch=29 step=50 total=0.04963 batch=0.04732
2026-05-13 21:26:35,518 INFO CSMF2.step_1_1_1.run :: [lat] epoch=29 step=50 mean_l2=0.02677 std_l2=0.02372
2026-05-13 21:26:35,928 INFO CSMF2.step_1_1_1.run :: epoch=29 step=50/429 train_nll=-3560.446
2026-05-13 21:27:20,677 INFO CSMF2.step_1_1_1.run :: [h] epoch=29 step=100 total=0.04298 batch=0.04157
2026-05-13 21:27:20,678 INFO CSMF2.step_1_1_1.run :: [lat] epoch=29 step=100 mean_l2=0.02591 std_l2=0.01973
2026-05-13 21:27:21,089 INFO CSMF2.step_1_1_1.run :: epoch=29 step=100/429 train_nll=-3573.002
2026-05-13 21:28:05,732 INFO CSMF2.step_1_1_1.run :: [h] epoch=29 step=150 total=0.04533 batch=0.04477
2026-05-13 21:28:05,744 INFO CSMF2.step_1_1_1.run :: [lat] epoch=29 step=150 mean_l2=0.02020 std_l2=0.02167
2026-05-13 21:28:06,153 INFO CSMF2.step_1_1_1.run :: epoch=29 step=150/429 train_nll=-3584.868
2026-05-13 21:28:50,235 INFO CSMF2.step_1_1_1.run :: [h] epoch=29 step=200 total=0.04511 batch=0.04440
2026-05-13 21:28:50,236 INFO CSMF2.step_1_1_1.run :: [lat] epoch=29 step=200 mean_l2=0.03943 std_l2=0.03162
2026-05-13 21:28:50,647 INFO CSMF2.step_1_1_1.run :: epoch=29 step=200/429 train_nll=-3588.022
2026-05-13 21:29:35,170 INFO CSMF2.step_1_1_1.run :: [h] epoch=29 step=250 total=0.04774 batch=0.04686
2026-05-13 21:29:35,171 INFO CSMF2.step_1_1_1.run :: [lat] epoch=29 step=250 mean_l2=0.02602 std_l2=0.02234
2026-05-13 21:29:35,583 INFO CSMF2.step_1_1_1.run :: epoch=29 step=250/429 train_nll=-3592.548
2026-05-13 21:30:20,417 INFO CSMF2.step_1_1_1.run :: [h] epoch=29 step=300 total=0.04726 batch=0.04652
2026-05-13 21:30:20,417 INFO CSMF2.step_1_1_1.run :: [lat] epoch=29 step=300 mean_l2=0.02146 std_l2=0.02777
2026-05-13 21:30:20,828 INFO CSMF2.step_1_1_1.run :: epoch=29 step=300/429 train_nll=-3594.063
2026-05-13 21:31:05,485 INFO CSMF2.step_1_1_1.run :: [h] epoch=29 step=350 total=0.04741 batch=0.04683
2026-05-13 21:31:05,486 INFO CSMF2.step_1_1_1.run :: [lat] epoch=29 step=350 mean_l2=0.04460 std_l2=0.07473
2026-05-13 21:31:05,895 INFO CSMF2.step_1_1_1.run :: epoch=29 step=350/429 train_nll=-3594.737
2026-05-13 21:31:50,171 INFO CSMF2.step_1_1_1.run :: [h] epoch=29 step=400 total=0.04859 batch=0.04674
2026-05-13 21:31:50,172 INFO CSMF2.step_1_1_1.run :: [lat] epoch=29 step=400 mean_l2=0.03774 std_l2=0.02458
2026-05-13 21:31:50,622 INFO CSMF2.step_1_1_1.run :: epoch=29 step=400/429 train_nll=-3589.458
2026-05-13 21:32:27,060 INFO CSMF2.step_1_1_1.run :: epoch=29  train_nll=-3590.857  val_nll=-3619.061  t=396.3s
2026-05-13 21:32:27,060 INFO CSMF2.step_1_1_1.run :: [glow] film_gain mean=0.2503 min=0.2365 max=0.2677
2026-05-13 21:32:27,060 INFO CSMF2.step_1_1_1.run :: [shuffle] gap_mean=19.618 hinge=0.0000 lambda=1.000 margin=0.50
2026-05-13 21:32:27,060 INFO CSMF2.step_1_1_1.run :: [h_std] total=0.04681 batch=0.04556 penalty=0.00444 target=0.0500 mu=10.000
2026-05-13 21:32:27,060 INFO CSMF2.step_1_1_1.run :: [lat_epoch] mean_l2=0.03626 std_l2=0.03134 lambda=0.100
2026-05-13 21:32:27,060 INFO CSMF2.step_1_1_1.run :: [y_resid] alpha=0.1435
2026-05-13 21:32:27,060 INFO CSMF2.step_1_1_1.run :: [grad] cond=7.3248 film_gain=1179.5772
2026-05-13 21:32:34,999 WARNING CSMF2.step_1_1_1.run :: [exit_gate] fwd_rel=0.981 > target 0.500 (informational; no resume baseline available)
2026-05-13 21:32:55,404 INFO CSMF2.step_1_1_1.run :: [run] FINAL test_nll (sealed 10k) = -3616.915
2026-05-13 21:32:56,270 INFO CSMF2.experiments.step_1_1_1.density_plots :: [plot_latent_density] saved -> CSMF2/experiments/step_1_1_1/results/glow_s2_n0.00_seed0_07e3afe6b440/plots/latent_density.png  (ks=0.0226, mean=0.049, std=1.012)
2026-05-13 21:32:56,615 INFO CSMF2.experiments.step_1_1_1.density_plots :: [plot_cycle_density] saved -> CSMF2/experiments/step_1_1_1/results/glow_s2_n0.00_seed0_07e3afe6b440/plots/cycle_density.png  (max|err|=2.658e-05 rms=5.437e-07)
2026-05-13 21:32:57,022 INFO CSMF2.experiments.step_1_1_1.density_plots :: [plot_reconstruction_panel] saved -> CSMF2/experiments/step_1_1_1/results/glow_s2_n0.00_seed0_07e3afe6b440/plots/reconstruction_panel.png  rms(enc-prior)=2.008
==============================================================
[1mSTEP-1_1_1 RUN SUMMARY[0m
==============================================================
expert: glow   scale: 2   noise: 0.0   seed: 0   epochs: 30
train NLL:    -2965.34  ->    -3590.86  (Δ = -625.52)
test  NLL:    -3249.28  ->    -3619.06

[1mHARD GATES (halt on fail)[0m
  [32m 30/30  ✓[0m  invertibility FP64 <1e-5
  [33m 16/30  ✗[0m  latent KS vs N(0,1) <0.05
  [32m 30/30  ✓[0m  cycle_max < 1e-12
  [31m  0/30  ✗[0m  h std > 1e-3
  [31m  0/30  ✗[0m  FiLM γ,β std > 1e-3 aggregate
  [31m  0/30  ✗[0m  (y,seed) max|Δh| < 1e-6
  [32m 30/30  ✓[0m  no NaN/Inf this epoch
  [32m  1/1   ✓[0m  numeric log-det (FP64, once)

[1mINFORMATIONAL (logged, non-blocking)[0m
  [31m  0/30  ✗[0m  null-control gap ≥ 0.10
  [31m  0/30  ✗[0m  h_st Δlogp slope > 1e-3
  [31m  0/30  ✗[0m  grad norm > 1e-6
  [32m 30/30  ✓[0m  fwd residual reported
--------------------------------------------------------------
[1mHARD TOTAL: 107/211[0m  (50.7%)
[1mEXIT_CRITERIA_MET:[0m [31mNO[0m
[1mREMEDY HINTS:[0m
  - hard gate failed: latent_ks (latent KS vs N(0,1) <0.05) -- check epochs [0, 1, 5, 6, 9, 11, 12, 13, 14, 16, 17, 18, 19, 29]
  - hard gate failed: h_alive (h std > 1e-3) -- check epochs [0, 1, 2, 3, 4, 5, 6, 7, 8, 9, 10, 11, 12, 13, 14, 15, 16, 17, 18, 19, 20, 21, 22, 23, 24, 25, 26, 27, 28, 29]
  - hard gate failed: film_alive (FiLM γ,β std > 1e-3 aggregate) -- check epochs [0, 1, 2, 3, 4, 5, 6, 7, 8, 9, 10, 11, 12, 13, 14, 15, 16, 17, 18, 19, 20, 21, 22, 23, 24, 25, 26, 27, 28, 29]
  - hard gate failed: determinism ((y,seed) max|Δh| < 1e-6) -- check epochs [0, 1, 2, 3, 4, 5, 6, 7, 8, 9, 10, 11, 12, 13, 14, 15, 16, 17, 18, 19, 20, 21, 22, 23, 24, 25, 26, 27, 28, 29]
[33mSTEP-1_1_1 SOFT WARNINGS (non-blocking):[0m
  ! fwd_rel=0.981 > target 0.500 (informational; no resume baseline available)
==============================================================
2026-05-13 21:32:57,094 INFO CSMF2.step_1_1_1.run :: STEP-1_1 run DONE  exit_ok=False  out=CSMF2/experiments/step_1_1_1/results/glow_s2_n0.00_seed0_07e3afe6b440
