2026-05-14 03:11:56,709 INFO CSMF2.step_1_1_1.run :: STEP-1_1 run | tag=glow_s2_n0.00_seed0_f265bbd99e07 | cfg=StepCfg(data_root='./mnist_data', scale=2, blur_sigma=1.0, noise_sigma=0.0, batch_size=128, expert='glow', dim=784, cond_width=128, h_dim=256, flow_hidden=256, use_film=True, cache_h=True, use_v2_conditioner=True, film_depth=2, film_hidden=128, film_use_gelu=True, realnvp_n_couplings=6, realnvp_s_max=2.0, glow_n_steps=8, glow_coupling_hidden=256, glow_s_max=2.0, glow_squeeze=True, glow_n_levels=1, glow_image_c=1, glow_image_h=28, glow_image_w=28, glow_film_gain_init=0.3, lr=0.001, epochs=30, weight_decay=0.0, grad_clip=5.0, shuffle_loss_lambda=1.0, shuffle_loss_margin=0.5, h_std_penalty_mu=10.0, h_std_target=0.05, cond_y_residual_alpha_init=0.3, latent_moment_lambda=10.0, latent_ks_target=0.1, fwd_rel_target=0.5, resume_from=None, seed=0, out_root='./CSMF2/experiments/step_1_1_1/results', log_every=50, sanity_every_epoch=True)
2026-05-14 03:11:56,781 INFO CSMF2.step_1_1_1.run :: [run] data sizes: train=55000  val=5000 (per-epoch)  test=10000 (final-only)
2026-05-14 03:11:56,834 INFO CSMF2.step_1_1_1.run :: [y_sanity] y.std(dim=0).mean() = 0.1294  shape=(128, 1, 14, 14)
2026-05-14 03:11:56,952 INFO CSMF2.models.flows.glow.actnorm :: [Actnorm] data-init: C=4  s_mean=0.586  b_mean=1.274
2026-05-14 03:11:56,987 INFO CSMF2.models.experts :: [CondGlow.init_actnorm] step 0 done
2026-05-14 03:11:56,987 INFO CSMF2.models.flows.glow.actnorm :: [Actnorm] data-init: C=4  s_mean=1.342  b_mean=0.011
2026-05-14 03:11:57,021 INFO CSMF2.models.experts :: [CondGlow.init_actnorm] step 1 done
2026-05-14 03:11:57,022 INFO CSMF2.models.flows.glow.actnorm :: [Actnorm] data-init: C=4  s_mean=1.116  b_mean=0.023
2026-05-14 03:11:57,056 INFO CSMF2.models.experts :: [CondGlow.init_actnorm] step 2 done
2026-05-14 03:11:57,056 INFO CSMF2.models.flows.glow.actnorm :: [Actnorm] data-init: C=4  s_mean=1.135  b_mean=0.020
2026-05-14 03:11:57,090 INFO CSMF2.models.experts :: [CondGlow.init_actnorm] step 3 done
2026-05-14 03:11:57,091 INFO CSMF2.models.flows.glow.actnorm :: [Actnorm] data-init: C=4  s_mean=1.053  b_mean=0.011
2026-05-14 03:11:57,124 INFO CSMF2.models.experts :: [CondGlow.init_actnorm] step 4 done
2026-05-14 03:11:57,125 INFO CSMF2.models.flows.glow.actnorm :: [Actnorm] data-init: C=4  s_mean=1.196  b_mean=0.040
2026-05-14 03:11:57,159 INFO CSMF2.models.experts :: [CondGlow.init_actnorm] step 5 done
2026-05-14 03:11:57,159 INFO CSMF2.models.flows.glow.actnorm :: [Actnorm] data-init: C=4  s_mean=1.109  b_mean=0.103
2026-05-14 03:11:57,193 INFO CSMF2.models.experts :: [CondGlow.init_actnorm] step 6 done
2026-05-14 03:11:57,194 INFO CSMF2.models.flows.glow.actnorm :: [Actnorm] data-init: C=4  s_mean=0.960  b_mean=-0.046
2026-05-14 03:11:57,228 INFO CSMF2.models.experts :: [CondGlow.init_actnorm] step 7 done
2026-05-14 03:11:57,228 INFO CSMF2.step_1_1_1.run :: [run] logdet twin check SKIPPED for Glow: twin-flow logdet check incompatible with image-shape Glow; per-epoch invertibility_check covers correctness
2026-05-14 03:12:39,069 INFO CSMF2.step_1_1_1.run :: [h] epoch=0 step=50 total=0.04919 batch=0.02896
2026-05-14 03:12:39,070 INFO CSMF2.step_1_1_1.run :: [lat] epoch=0 step=50 mean_l2=0.14666 std_l2=0.43412
2026-05-14 03:12:39,475 INFO CSMF2.step_1_1_1.run :: epoch=0 step=50/429 train_nll=-1996.217
2026-05-14 03:13:20,989 INFO CSMF2.step_1_1_1.run :: [h] epoch=0 step=100 total=0.04188 batch=0.03022
2026-05-14 03:13:20,989 INFO CSMF2.step_1_1_1.run :: [lat] epoch=0 step=100 mean_l2=0.17271 std_l2=0.19503
2026-05-14 03:13:21,392 INFO CSMF2.step_1_1_1.run :: epoch=0 step=100/429 train_nll=-2371.482
2026-05-14 03:14:02,805 INFO CSMF2.step_1_1_1.run :: [h] epoch=0 step=150 total=0.04124 batch=0.02804
2026-05-14 03:14:02,806 INFO CSMF2.step_1_1_1.run :: [lat] epoch=0 step=150 mean_l2=0.11478 std_l2=0.14341
2026-05-14 03:14:03,209 INFO CSMF2.step_1_1_1.run :: epoch=0 step=150/429 train_nll=-2575.668
2026-05-14 03:14:44,664 INFO CSMF2.step_1_1_1.run :: [h] epoch=0 step=200 total=0.04361 batch=0.03034
2026-05-14 03:14:44,665 INFO CSMF2.step_1_1_1.run :: [lat] epoch=0 step=200 mean_l2=0.23291 std_l2=0.08841
2026-05-14 03:14:45,070 INFO CSMF2.step_1_1_1.run :: epoch=0 step=200/429 train_nll=-2703.083
2026-05-14 03:15:26,625 INFO CSMF2.step_1_1_1.run :: [h] epoch=0 step=250 total=0.03954 batch=0.02934
2026-05-14 03:15:26,625 INFO CSMF2.step_1_1_1.run :: [lat] epoch=0 step=250 mean_l2=0.26559 std_l2=0.10390
2026-05-14 03:15:27,030 INFO CSMF2.step_1_1_1.run :: epoch=0 step=250/429 train_nll=-2783.385
2026-05-14 03:16:08,508 INFO CSMF2.step_1_1_1.run :: [h] epoch=0 step=300 total=0.03958 batch=0.02894
2026-05-14 03:16:08,508 INFO CSMF2.step_1_1_1.run :: [lat] epoch=0 step=300 mean_l2=0.06300 std_l2=0.06193
2026-05-14 03:16:08,912 INFO CSMF2.step_1_1_1.run :: epoch=0 step=300/429 train_nll=-2844.197
2026-05-14 03:16:50,528 INFO CSMF2.step_1_1_1.run :: [h] epoch=0 step=350 total=0.03924 batch=0.02829
2026-05-14 03:16:50,529 INFO CSMF2.step_1_1_1.run :: [lat] epoch=0 step=350 mean_l2=0.08172 std_l2=0.07291
2026-05-14 03:16:50,933 INFO CSMF2.step_1_1_1.run :: epoch=0 step=350/429 train_nll=-2896.610
2026-05-14 03:17:32,489 INFO CSMF2.step_1_1_1.run :: [h] epoch=0 step=400 total=0.03707 batch=0.02770
2026-05-14 03:17:32,489 INFO CSMF2.step_1_1_1.run :: [lat] epoch=0 step=400 mean_l2=0.09074 std_l2=0.05059
2026-05-14 03:17:32,892 INFO CSMF2.step_1_1_1.run :: epoch=0 step=400/429 train_nll=-2939.194
2026-05-14 03:18:05,877 INFO CSMF2.step_1_1_1.run :: epoch=0  train_nll=-2961.471  val_nll=-3285.055  t=368.6s
2026-05-14 03:18:05,877 INFO CSMF2.step_1_1_1.run :: [glow] film_gain mean=0.3036 min=0.2859 max=0.3198
2026-05-14 03:18:05,877 INFO CSMF2.step_1_1_1.run :: [shuffle] gap_mean=0.312 hinge=0.2504 lambda=1.000 margin=0.50
2026-05-14 03:18:05,877 INFO CSMF2.step_1_1_1.run :: [h_std] total=0.04223 batch=0.02898 penalty=0.02102 target=0.0500 mu=10.000
2026-05-14 03:18:05,877 INFO CSMF2.step_1_1_1.run :: [lat_epoch] mean_l2=0.17540 std_l2=0.18143 lambda=10.000
2026-05-14 03:18:05,877 INFO CSMF2.step_1_1_1.run :: [y_resid] alpha=0.2539
2026-05-14 03:18:05,877 INFO CSMF2.step_1_1_1.run :: [grad] cond=52.2258 film_gain=526.6000
2026-05-14 03:18:55,615 INFO CSMF2.step_1_1_1.run :: [h] epoch=1 step=50 total=0.03773 batch=0.02847
2026-05-14 03:18:55,616 INFO CSMF2.step_1_1_1.run :: [lat] epoch=1 step=50 mean_l2=0.06544 std_l2=0.05087
2026-05-14 03:18:56,019 INFO CSMF2.step_1_1_1.run :: epoch=1 step=50/429 train_nll=-3271.613
2026-05-14 03:19:37,372 INFO CSMF2.step_1_1_1.run :: [h] epoch=1 step=100 total=0.03691 batch=0.02826
2026-05-14 03:19:37,373 INFO CSMF2.step_1_1_1.run :: [lat] epoch=1 step=100 mean_l2=0.04120 std_l2=0.04051
2026-05-14 03:19:37,779 INFO CSMF2.step_1_1_1.run :: epoch=1 step=100/429 train_nll=-3278.159
2026-05-14 03:20:19,264 INFO CSMF2.step_1_1_1.run :: [h] epoch=1 step=150 total=0.03872 batch=0.02972
2026-05-14 03:20:19,265 INFO CSMF2.step_1_1_1.run :: [lat] epoch=1 step=150 mean_l2=0.04047 std_l2=0.03332
2026-05-14 03:20:19,670 INFO CSMF2.step_1_1_1.run :: epoch=1 step=150/429 train_nll=-3279.247
2026-05-14 03:21:01,312 INFO CSMF2.step_1_1_1.run :: [h] epoch=1 step=200 total=0.03615 batch=0.02779
2026-05-14 03:21:01,313 INFO CSMF2.step_1_1_1.run :: [lat] epoch=1 step=200 mean_l2=0.09734 std_l2=0.06515
2026-05-14 03:21:01,723 INFO CSMF2.step_1_1_1.run :: epoch=1 step=200/429 train_nll=-3284.198
2026-05-14 03:21:43,610 INFO CSMF2.step_1_1_1.run :: [h] epoch=1 step=250 total=0.03380 batch=0.02648
2026-05-14 03:21:43,611 INFO CSMF2.step_1_1_1.run :: [lat] epoch=1 step=250 mean_l2=0.08666 std_l2=0.02994
2026-05-14 03:21:44,032 INFO CSMF2.step_1_1_1.run :: epoch=1 step=250/429 train_nll=-3288.179
2026-05-14 03:22:25,982 INFO CSMF2.step_1_1_1.run :: [h] epoch=1 step=300 total=0.03699 batch=0.02925
2026-05-14 03:22:25,983 INFO CSMF2.step_1_1_1.run :: [lat] epoch=1 step=300 mean_l2=0.36830 std_l2=0.04998
2026-05-14 03:22:26,400 INFO CSMF2.step_1_1_1.run :: epoch=1 step=300/429 train_nll=-3298.546
2026-05-14 03:23:08,385 INFO CSMF2.step_1_1_1.run :: [h] epoch=1 step=350 total=0.03250 batch=0.02626
2026-05-14 03:23:08,385 INFO CSMF2.step_1_1_1.run :: [lat] epoch=1 step=350 mean_l2=0.03531 std_l2=0.03243
2026-05-14 03:23:08,800 INFO CSMF2.step_1_1_1.run :: epoch=1 step=350/429 train_nll=-3295.681
2026-05-14 03:23:50,623 INFO CSMF2.step_1_1_1.run :: [h] epoch=1 step=400 total=0.03309 batch=0.02697
2026-05-14 03:23:50,623 INFO CSMF2.step_1_1_1.run :: [lat] epoch=1 step=400 mean_l2=0.09050 std_l2=0.03332
2026-05-14 03:23:51,035 INFO CSMF2.step_1_1_1.run :: epoch=1 step=400/429 train_nll=-3302.400
2026-05-14 03:24:24,173 INFO CSMF2.step_1_1_1.run :: epoch=1  train_nll=-3304.360  val_nll=-3387.299  t=370.0s
2026-05-14 03:24:24,173 INFO CSMF2.step_1_1_1.run :: [glow] film_gain mean=0.3018 min=0.2813 max=0.3209
2026-05-14 03:24:24,173 INFO CSMF2.step_1_1_1.run :: [shuffle] gap_mean=1.110 hinge=0.0639 lambda=1.000 margin=0.50
2026-05-14 03:24:24,173 INFO CSMF2.step_1_1_1.run :: [h_std] total=0.03548 batch=0.02795 penalty=0.02205 target=0.0500 mu=10.000
2026-05-14 03:24:24,173 INFO CSMF2.step_1_1_1.run :: [lat_epoch] mean_l2=0.09530 std_l2=0.05257 lambda=10.000
2026-05-14 03:24:24,173 INFO CSMF2.step_1_1_1.run :: [y_resid] alpha=0.2184
2026-05-14 03:24:24,174 INFO CSMF2.step_1_1_1.run :: [grad] cond=23.6906 film_gain=303.4321
2026-05-14 03:25:14,561 INFO CSMF2.step_1_1_1.run :: [h] epoch=2 step=50 total=0.03362 batch=0.02800
2026-05-14 03:25:14,562 INFO CSMF2.step_1_1_1.run :: [lat] epoch=2 step=50 mean_l2=0.07767 std_l2=0.04104
2026-05-14 03:25:14,974 INFO CSMF2.step_1_1_1.run :: epoch=2 step=50/429 train_nll=-3361.495
2026-05-14 03:25:58,323 INFO CSMF2.step_1_1_1.run :: [h] epoch=2 step=100 total=0.03205 batch=0.02698
2026-05-14 03:25:58,324 INFO CSMF2.step_1_1_1.run :: [lat] epoch=2 step=100 mean_l2=0.09061 std_l2=0.08652
2026-05-14 03:25:58,770 INFO CSMF2.step_1_1_1.run :: epoch=2 step=100/429 train_nll=-3353.314
2026-05-14 03:26:43,969 INFO CSMF2.step_1_1_1.run :: [h] epoch=2 step=150 total=0.03210 batch=0.02729
2026-05-14 03:26:43,970 INFO CSMF2.step_1_1_1.run :: [lat] epoch=2 step=150 mean_l2=0.05528 std_l2=0.02770
2026-05-14 03:26:44,383 INFO CSMF2.step_1_1_1.run :: epoch=2 step=150/429 train_nll=-3361.824
2026-05-14 03:27:26,225 INFO CSMF2.step_1_1_1.run :: [h] epoch=2 step=200 total=0.03429 batch=0.02909
2026-05-14 03:27:26,225 INFO CSMF2.step_1_1_1.run :: [lat] epoch=2 step=200 mean_l2=0.03586 std_l2=0.03749
2026-05-14 03:27:26,639 INFO CSMF2.step_1_1_1.run :: epoch=2 step=200/429 train_nll=-3371.305
2026-05-14 03:28:08,561 INFO CSMF2.step_1_1_1.run :: [h] epoch=2 step=250 total=0.03422 batch=0.02963
2026-05-14 03:28:08,562 INFO CSMF2.step_1_1_1.run :: [lat] epoch=2 step=250 mean_l2=0.07848 std_l2=0.07760
2026-05-14 03:28:08,975 INFO CSMF2.step_1_1_1.run :: epoch=2 step=250/429 train_nll=-3375.626
2026-05-14 03:28:50,837 INFO CSMF2.step_1_1_1.run :: [h] epoch=2 step=300 total=0.03443 batch=0.02992
2026-05-14 03:28:50,837 INFO CSMF2.step_1_1_1.run :: [lat] epoch=2 step=300 mean_l2=0.09789 std_l2=0.03818
2026-05-14 03:28:51,251 INFO CSMF2.step_1_1_1.run :: epoch=2 step=300/429 train_nll=-3377.806
2026-05-14 03:29:33,037 INFO CSMF2.step_1_1_1.run :: [h] epoch=2 step=350 total=0.03371 batch=0.02973
2026-05-14 03:29:33,038 INFO CSMF2.step_1_1_1.run :: [lat] epoch=2 step=350 mean_l2=0.05515 std_l2=0.07353
2026-05-14 03:29:33,451 INFO CSMF2.step_1_1_1.run :: epoch=2 step=350/429 train_nll=-3379.401
2026-05-14 03:30:15,217 INFO CSMF2.step_1_1_1.run :: [h] epoch=2 step=400 total=0.03361 batch=0.02876
2026-05-14 03:30:15,218 INFO CSMF2.step_1_1_1.run :: [lat] epoch=2 step=400 mean_l2=0.04890 std_l2=0.04672
2026-05-14 03:30:15,628 INFO CSMF2.step_1_1_1.run :: epoch=2 step=400/429 train_nll=-3381.188
2026-05-14 03:30:48,586 INFO CSMF2.step_1_1_1.run :: epoch=2  train_nll=-3382.515  val_nll=-3372.577  t=375.7s
2026-05-14 03:30:48,586 INFO CSMF2.step_1_1_1.run :: [glow] film_gain mean=0.3006 min=0.2818 max=0.3196
2026-05-14 03:30:48,586 INFO CSMF2.step_1_1_1.run :: [shuffle] gap_mean=3.475 hinge=0.0106 lambda=1.000 margin=0.50
2026-05-14 03:30:48,586 INFO CSMF2.step_1_1_1.run :: [h_std] total=0.03380 batch=0.02873 penalty=0.02127 target=0.0500 mu=10.000
2026-05-14 03:30:48,586 INFO CSMF2.step_1_1_1.run :: [lat_epoch] mean_l2=0.07458 std_l2=0.04316 lambda=10.000
2026-05-14 03:30:48,586 INFO CSMF2.step_1_1_1.run :: [y_resid] alpha=0.2097
2026-05-14 03:30:48,586 INFO CSMF2.step_1_1_1.run :: [grad] cond=16.6046 film_gain=693.8795
2026-05-14 03:31:38,233 INFO CSMF2.step_1_1_1.run :: [h] epoch=3 step=50 total=0.03294 batch=0.02914
2026-05-14 03:31:38,233 INFO CSMF2.step_1_1_1.run :: [lat] epoch=3 step=50 mean_l2=0.07326 std_l2=0.03165
2026-05-14 03:31:38,645 INFO CSMF2.step_1_1_1.run :: epoch=3 step=50/429 train_nll=-3412.910
2026-05-14 03:32:20,482 INFO CSMF2.step_1_1_1.run :: [h] epoch=3 step=100 total=0.03511 batch=0.03086
2026-05-14 03:32:20,482 INFO CSMF2.step_1_1_1.run :: [lat] epoch=3 step=100 mean_l2=0.06055 std_l2=0.05033
2026-05-14 03:32:20,895 INFO CSMF2.step_1_1_1.run :: epoch=3 step=100/429 train_nll=-3403.605
2026-05-14 03:33:02,783 INFO CSMF2.step_1_1_1.run :: [h] epoch=3 step=150 total=0.03579 batch=0.02730
2026-05-14 03:33:02,784 INFO CSMF2.step_1_1_1.run :: [lat] epoch=3 step=150 mean_l2=0.04103 std_l2=0.03051
2026-05-14 03:33:03,197 INFO CSMF2.step_1_1_1.run :: epoch=3 step=150/429 train_nll=-3388.552
2026-05-14 03:33:47,585 INFO CSMF2.step_1_1_1.run :: [h] epoch=3 step=200 total=0.03089 batch=0.02648
2026-05-14 03:33:47,586 INFO CSMF2.step_1_1_1.run :: [lat] epoch=3 step=200 mean_l2=0.07670 std_l2=0.04732
2026-05-14 03:33:48,031 INFO CSMF2.step_1_1_1.run :: epoch=3 step=200/429 train_nll=-3397.769
2026-05-14 03:34:33,982 INFO CSMF2.step_1_1_1.run :: [h] epoch=3 step=250 total=0.03096 batch=0.02735
2026-05-14 03:34:33,982 INFO CSMF2.step_1_1_1.run :: [lat] epoch=3 step=250 mean_l2=0.10970 std_l2=0.03464
2026-05-14 03:34:34,429 INFO CSMF2.step_1_1_1.run :: epoch=3 step=250/429 train_nll=-3402.351
2026-05-14 03:35:20,381 INFO CSMF2.step_1_1_1.run :: [h] epoch=3 step=300 total=0.03139 batch=0.02802
2026-05-14 03:35:20,382 INFO CSMF2.step_1_1_1.run :: [lat] epoch=3 step=300 mean_l2=0.04146 std_l2=0.05001
2026-05-14 03:35:20,829 INFO CSMF2.step_1_1_1.run :: epoch=3 step=300/429 train_nll=-3407.230
2026-05-14 03:36:06,804 INFO CSMF2.step_1_1_1.run :: [h] epoch=3 step=350 total=0.03131 batch=0.02795
2026-05-14 03:36:06,805 INFO CSMF2.step_1_1_1.run :: [lat] epoch=3 step=350 mean_l2=0.12961 std_l2=0.04544
2026-05-14 03:36:07,251 INFO CSMF2.step_1_1_1.run :: epoch=3 step=350/429 train_nll=-3406.582
2026-05-14 03:36:53,140 INFO CSMF2.step_1_1_1.run :: [h] epoch=3 step=400 total=0.03193 batch=0.02909
2026-05-14 03:36:53,141 INFO CSMF2.step_1_1_1.run :: [lat] epoch=3 step=400 mean_l2=0.03701 std_l2=0.03822
2026-05-14 03:36:53,586 INFO CSMF2.step_1_1_1.run :: epoch=3 step=400/429 train_nll=-3410.479
2026-05-14 03:37:27,338 INFO CSMF2.step_1_1_1.run :: epoch=3  train_nll=-3410.215  val_nll=-3442.952  t=390.9s
2026-05-14 03:37:27,338 INFO CSMF2.step_1_1_1.run :: [glow] film_gain mean=0.2977 min=0.2802 max=0.3176
2026-05-14 03:37:27,338 INFO CSMF2.step_1_1_1.run :: [shuffle] gap_mean=4.470 hinge=0.0071 lambda=1.000 margin=0.50
2026-05-14 03:37:27,338 INFO CSMF2.step_1_1_1.run :: [h_std] total=0.03270 batch=0.02861 penalty=0.02139 target=0.0500 mu=10.000
2026-05-14 03:37:27,338 INFO CSMF2.step_1_1_1.run :: [lat_epoch] mean_l2=0.07197 std_l2=0.04680 lambda=10.000
2026-05-14 03:37:27,338 INFO CSMF2.step_1_1_1.run :: [y_resid] alpha=0.1919
2026-05-14 03:37:27,338 INFO CSMF2.step_1_1_1.run :: [grad] cond=13.4777 film_gain=655.0060
2026-05-14 03:38:16,641 INFO CSMF2.step_1_1_1.run :: [h] epoch=4 step=50 total=0.03375 batch=0.03101
2026-05-14 03:38:16,642 INFO CSMF2.step_1_1_1.run :: [lat] epoch=4 step=50 mean_l2=0.04474 std_l2=0.03602
2026-05-14 03:38:17,051 INFO CSMF2.step_1_1_1.run :: epoch=4 step=50/429 train_nll=-3448.886
2026-05-14 03:38:58,694 INFO CSMF2.step_1_1_1.run :: [h] epoch=4 step=100 total=0.03356 batch=0.03073
2026-05-14 03:38:58,695 INFO CSMF2.step_1_1_1.run :: [lat] epoch=4 step=100 mean_l2=0.09724 std_l2=0.04245
2026-05-14 03:38:59,104 INFO CSMF2.step_1_1_1.run :: epoch=4 step=100/429 train_nll=-3448.891
2026-05-14 03:39:40,721 INFO CSMF2.step_1_1_1.run :: [h] epoch=4 step=150 total=0.03421 batch=0.03171
2026-05-14 03:39:40,721 INFO CSMF2.step_1_1_1.run :: [lat] epoch=4 step=150 mean_l2=0.04206 std_l2=0.02942
2026-05-14 03:39:41,131 INFO CSMF2.step_1_1_1.run :: epoch=4 step=150/429 train_nll=-3444.917
2026-05-14 03:40:22,711 INFO CSMF2.step_1_1_1.run :: [h] epoch=4 step=200 total=0.03659 batch=0.03055
2026-05-14 03:40:22,712 INFO CSMF2.step_1_1_1.run :: [lat] epoch=4 step=200 mean_l2=0.05964 std_l2=0.03797
2026-05-14 03:40:23,121 INFO CSMF2.step_1_1_1.run :: epoch=4 step=200/429 train_nll=-3436.405
2026-05-14 03:41:04,745 INFO CSMF2.step_1_1_1.run :: [h] epoch=4 step=250 total=0.03209 batch=0.02965
2026-05-14 03:41:04,745 INFO CSMF2.step_1_1_1.run :: [lat] epoch=4 step=250 mean_l2=0.03398 std_l2=0.04412
2026-05-14 03:41:05,156 INFO CSMF2.step_1_1_1.run :: epoch=4 step=250/429 train_nll=-3440.501
2026-05-14 03:41:46,777 INFO CSMF2.step_1_1_1.run :: [h] epoch=4 step=300 total=0.03414 batch=0.03188
2026-05-14 03:41:46,778 INFO CSMF2.step_1_1_1.run :: [lat] epoch=4 step=300 mean_l2=0.09479 std_l2=0.03923
2026-05-14 03:41:47,188 INFO CSMF2.step_1_1_1.run :: epoch=4 step=300/429 train_nll=-3442.635
2026-05-14 03:42:28,906 INFO CSMF2.step_1_1_1.run :: [h] epoch=4 step=350 total=0.03342 batch=0.03064
2026-05-14 03:42:28,906 INFO CSMF2.step_1_1_1.run :: [lat] epoch=4 step=350 mean_l2=0.06298 std_l2=0.02880
2026-05-14 03:42:29,317 INFO CSMF2.step_1_1_1.run :: epoch=4 step=350/429 train_nll=-3446.712
2026-05-14 03:43:11,084 INFO CSMF2.step_1_1_1.run :: [h] epoch=4 step=400 total=0.03371 batch=0.03136
2026-05-14 03:43:11,084 INFO CSMF2.step_1_1_1.run :: [lat] epoch=4 step=400 mean_l2=0.05041 std_l2=0.03259
2026-05-14 03:43:11,496 INFO CSMF2.step_1_1_1.run :: epoch=4 step=400/429 train_nll=-3448.933
2026-05-14 03:43:44,469 INFO CSMF2.step_1_1_1.run :: epoch=4  train_nll=-3448.862  val_nll=-3475.469  t=369.4s
2026-05-14 03:43:44,469 INFO CSMF2.step_1_1_1.run :: [glow] film_gain mean=0.2966 min=0.2797 max=0.3184
2026-05-14 03:43:44,469 INFO CSMF2.step_1_1_1.run :: [shuffle] gap_mean=6.237 hinge=0.0081 lambda=1.000 margin=0.50
2026-05-14 03:43:44,469 INFO CSMF2.step_1_1_1.run :: [h_std] total=0.03354 batch=0.03076 penalty=0.01924 target=0.0500 mu=10.000
2026-05-14 03:43:44,469 INFO CSMF2.step_1_1_1.run :: [lat_epoch] mean_l2=0.06238 std_l2=0.03877 lambda=10.000
2026-05-14 03:43:44,469 INFO CSMF2.step_1_1_1.run :: [y_resid] alpha=0.1944
2026-05-14 03:43:44,469 INFO CSMF2.step_1_1_1.run :: [grad] cond=38.3344 film_gain=1283.9256
2026-05-14 03:44:33,928 INFO CSMF2.step_1_1_1.run :: [h] epoch=5 step=50 total=0.03450 batch=0.03223
2026-05-14 03:44:33,928 INFO CSMF2.step_1_1_1.run :: [lat] epoch=5 step=50 mean_l2=0.05249 std_l2=0.03446
2026-05-14 03:44:34,335 INFO CSMF2.step_1_1_1.run :: epoch=5 step=50/429 train_nll=-3483.625
2026-05-14 03:45:15,946 INFO CSMF2.step_1_1_1.run :: [h] epoch=5 step=100 total=0.03562 batch=0.03355
2026-05-14 03:45:15,947 INFO CSMF2.step_1_1_1.run :: [lat] epoch=5 step=100 mean_l2=0.03883 std_l2=0.03581
2026-05-14 03:45:16,354 INFO CSMF2.step_1_1_1.run :: epoch=5 step=100/429 train_nll=-3479.420
2026-05-14 03:45:58,013 INFO CSMF2.step_1_1_1.run :: [h] epoch=5 step=150 total=0.03696 batch=0.03485
2026-05-14 03:45:58,013 INFO CSMF2.step_1_1_1.run :: [lat] epoch=5 step=150 mean_l2=0.05001 std_l2=0.04266
2026-05-14 03:45:58,427 INFO CSMF2.step_1_1_1.run :: epoch=5 step=150/429 train_nll=-3474.756
2026-05-14 03:46:39,966 INFO CSMF2.step_1_1_1.run :: [h] epoch=5 step=200 total=0.03544 batch=0.03267
2026-05-14 03:46:39,967 INFO CSMF2.step_1_1_1.run :: [lat] epoch=5 step=200 mean_l2=0.05021 std_l2=0.04087
2026-05-14 03:46:40,374 INFO CSMF2.step_1_1_1.run :: epoch=5 step=200/429 train_nll=-3468.303
2026-05-14 03:47:21,929 INFO CSMF2.step_1_1_1.run :: [h] epoch=5 step=250 total=0.03562 batch=0.03352
2026-05-14 03:47:21,929 INFO CSMF2.step_1_1_1.run :: [lat] epoch=5 step=250 mean_l2=0.19286 std_l2=0.30591
2026-05-14 03:47:22,337 INFO CSMF2.step_1_1_1.run :: epoch=5 step=250/429 train_nll=-3468.420
2026-05-14 03:48:03,851 INFO CSMF2.step_1_1_1.run :: [h] epoch=5 step=300 total=0.03726 batch=0.03505
2026-05-14 03:48:03,851 INFO CSMF2.step_1_1_1.run :: [lat] epoch=5 step=300 mean_l2=0.03582 std_l2=0.02635
2026-05-14 03:48:04,259 INFO CSMF2.step_1_1_1.run :: epoch=5 step=300/429 train_nll=-3467.212
2026-05-14 03:48:45,731 INFO CSMF2.step_1_1_1.run :: [h] epoch=5 step=350 total=0.03561 batch=0.03390
2026-05-14 03:48:45,731 INFO CSMF2.step_1_1_1.run :: [lat] epoch=5 step=350 mean_l2=0.05134 std_l2=0.03011
2026-05-14 03:48:46,138 INFO CSMF2.step_1_1_1.run :: epoch=5 step=350/429 train_nll=-3467.465
2026-05-14 03:49:27,919 INFO CSMF2.step_1_1_1.run :: [h] epoch=5 step=400 total=0.03537 batch=0.03337
2026-05-14 03:49:27,919 INFO CSMF2.step_1_1_1.run :: [lat] epoch=5 step=400 mean_l2=0.03427 std_l2=0.02526
2026-05-14 03:49:28,333 INFO CSMF2.step_1_1_1.run :: epoch=5 step=400/429 train_nll=-3470.766
2026-05-14 03:50:01,486 INFO CSMF2.step_1_1_1.run :: epoch=5  train_nll=-3472.759  val_nll=-3506.256  t=369.1s
2026-05-14 03:50:01,486 INFO CSMF2.step_1_1_1.run :: [glow] film_gain mean=0.2949 min=0.2779 max=0.3172
2026-05-14 03:50:01,486 INFO CSMF2.step_1_1_1.run :: [shuffle] gap_mean=7.142 hinge=0.0267 lambda=1.000 margin=0.50
2026-05-14 03:50:01,487 INFO CSMF2.step_1_1_1.run :: [h_std] total=0.03593 batch=0.03378 penalty=0.01622 target=0.0500 mu=10.000
2026-05-14 03:50:01,487 INFO CSMF2.step_1_1_1.run :: [lat_epoch] mean_l2=0.05692 std_l2=0.03544 lambda=10.000
2026-05-14 03:50:01,487 INFO CSMF2.step_1_1_1.run :: [y_resid] alpha=0.1920
2026-05-14 03:50:01,487 INFO CSMF2.step_1_1_1.run :: [grad] cond=17.0396 film_gain=723.4096
2026-05-14 03:50:51,047 INFO CSMF2.step_1_1_1.run :: [h] epoch=6 step=50 total=0.03815 batch=0.03629
2026-05-14 03:50:51,048 INFO CSMF2.step_1_1_1.run :: [lat] epoch=6 step=50 mean_l2=0.07248 std_l2=0.04081
2026-05-14 03:50:51,455 INFO CSMF2.step_1_1_1.run :: epoch=6 step=50/429 train_nll=-3503.755
2026-05-14 03:51:32,946 INFO CSMF2.step_1_1_1.run :: [h] epoch=6 step=100 total=0.03880 batch=0.03698
2026-05-14 03:51:32,947 INFO CSMF2.step_1_1_1.run :: [lat] epoch=6 step=100 mean_l2=0.02926 std_l2=0.03076
2026-05-14 03:51:33,361 INFO CSMF2.step_1_1_1.run :: epoch=6 step=100/429 train_nll=-3504.572
2026-05-14 03:52:19,394 INFO CSMF2.step_1_1_1.run :: [h] epoch=6 step=150 total=0.03597 batch=0.03431
2026-05-14 03:52:19,395 INFO CSMF2.step_1_1_1.run :: [lat] epoch=6 step=150 mean_l2=0.06594 std_l2=0.03795
2026-05-14 03:52:19,842 INFO CSMF2.step_1_1_1.run :: epoch=6 step=150/429 train_nll=-3493.877
2026-05-14 03:53:05,935 INFO CSMF2.step_1_1_1.run :: [h] epoch=6 step=200 total=0.04306 batch=0.04057
2026-05-14 03:53:05,936 INFO CSMF2.step_1_1_1.run :: [lat] epoch=6 step=200 mean_l2=0.03894 std_l2=0.03144
2026-05-14 03:53:06,383 INFO CSMF2.step_1_1_1.run :: epoch=6 step=200/429 train_nll=-3488.656
2026-05-14 03:53:52,584 INFO CSMF2.step_1_1_1.run :: [h] epoch=6 step=250 total=0.03894 batch=0.03751
2026-05-14 03:53:52,584 INFO CSMF2.step_1_1_1.run :: [lat] epoch=6 step=250 mean_l2=0.04830 std_l2=0.03789
2026-05-14 03:53:53,031 INFO CSMF2.step_1_1_1.run :: epoch=6 step=250/429 train_nll=-3489.283
2026-05-14 03:54:34,846 INFO CSMF2.step_1_1_1.run :: [h] epoch=6 step=300 total=0.03787 batch=0.03498
2026-05-14 03:54:34,846 INFO CSMF2.step_1_1_1.run :: [lat] epoch=6 step=300 mean_l2=0.05925 std_l2=0.02085
2026-05-14 03:54:35,253 INFO CSMF2.step_1_1_1.run :: epoch=6 step=300/429 train_nll=-3483.479
2026-05-14 03:55:16,845 INFO CSMF2.step_1_1_1.run :: [h] epoch=6 step=350 total=0.03819 batch=0.03653
2026-05-14 03:55:16,846 INFO CSMF2.step_1_1_1.run :: [lat] epoch=6 step=350 mean_l2=0.03568 std_l2=0.03141
2026-05-14 03:55:17,253 INFO CSMF2.step_1_1_1.run :: epoch=6 step=350/429 train_nll=-3483.685
2026-05-14 03:55:58,766 INFO CSMF2.step_1_1_1.run :: [h] epoch=6 step=400 total=0.04402 batch=0.03791
2026-05-14 03:55:58,766 INFO CSMF2.step_1_1_1.run :: [lat] epoch=6 step=400 mean_l2=0.10996 std_l2=0.03868
2026-05-14 03:55:59,175 INFO CSMF2.step_1_1_1.run :: epoch=6 step=400/429 train_nll=-3484.842
2026-05-14 03:56:32,131 INFO CSMF2.step_1_1_1.run :: epoch=6  train_nll=-3483.418  val_nll=-3492.655  t=382.8s
2026-05-14 03:56:32,131 INFO CSMF2.step_1_1_1.run :: [glow] film_gain mean=0.2923 min=0.2760 max=0.3139
2026-05-14 03:56:32,131 INFO CSMF2.step_1_1_1.run :: [shuffle] gap_mean=7.933 hinge=0.0055 lambda=1.000 margin=0.50
2026-05-14 03:56:32,131 INFO CSMF2.step_1_1_1.run :: [h_std] total=0.03897 batch=0.03684 penalty=0.01316 target=0.0500 mu=10.000
2026-05-14 03:56:32,131 INFO CSMF2.step_1_1_1.run :: [lat_epoch] mean_l2=0.05626 std_l2=0.03627 lambda=10.000
2026-05-14 03:56:32,131 INFO CSMF2.step_1_1_1.run :: [y_resid] alpha=0.1827
2026-05-14 03:56:32,131 INFO CSMF2.step_1_1_1.run :: [grad] cond=16.8126 film_gain=469.4870
2026-05-14 03:57:22,587 INFO CSMF2.step_1_1_1.run :: [h] epoch=7 step=50 total=0.03890 batch=0.03764
2026-05-14 03:57:22,588 INFO CSMF2.step_1_1_1.run :: [lat] epoch=7 step=50 mean_l2=0.05996 std_l2=0.02671
2026-05-14 03:57:23,002 INFO CSMF2.step_1_1_1.run :: epoch=7 step=50/429 train_nll=-3482.072
2026-05-14 03:58:04,771 INFO CSMF2.step_1_1_1.run :: [h] epoch=7 step=100 total=0.04007 batch=0.03875
2026-05-14 03:58:04,772 INFO CSMF2.step_1_1_1.run :: [lat] epoch=7 step=100 mean_l2=0.06385 std_l2=0.02256
2026-05-14 03:58:05,187 INFO CSMF2.step_1_1_1.run :: epoch=7 step=100/429 train_nll=-3498.301
2026-05-14 03:58:46,878 INFO CSMF2.step_1_1_1.run :: [h] epoch=7 step=150 total=0.03849 batch=0.03722
2026-05-14 03:58:46,879 INFO CSMF2.step_1_1_1.run :: [lat] epoch=7 step=150 mean_l2=0.04984 std_l2=0.02137
2026-05-14 03:58:47,285 INFO CSMF2.step_1_1_1.run :: epoch=7 step=150/429 train_nll=-3502.123
2026-05-14 03:59:28,900 INFO CSMF2.step_1_1_1.run :: [h] epoch=7 step=200 total=0.04165 batch=0.04049
2026-05-14 03:59:28,901 INFO CSMF2.step_1_1_1.run :: [lat] epoch=7 step=200 mean_l2=0.07122 std_l2=0.04252
2026-05-14 03:59:29,314 INFO CSMF2.step_1_1_1.run :: epoch=7 step=200/429 train_nll=-3500.129
2026-05-14 04:00:11,063 INFO CSMF2.step_1_1_1.run :: [h] epoch=7 step=250 total=0.04149 batch=0.03993
2026-05-14 04:00:11,064 INFO CSMF2.step_1_1_1.run :: [lat] epoch=7 step=250 mean_l2=0.14298 std_l2=0.20850
2026-05-14 04:00:11,481 INFO CSMF2.step_1_1_1.run :: epoch=7 step=250/429 train_nll=-3500.840
2026-05-14 04:00:53,135 INFO CSMF2.step_1_1_1.run :: [h] epoch=7 step=300 total=0.04154 batch=0.03972
2026-05-14 04:00:53,135 INFO CSMF2.step_1_1_1.run :: [lat] epoch=7 step=300 mean_l2=0.03669 std_l2=0.02308
2026-05-14 04:00:53,546 INFO CSMF2.step_1_1_1.run :: epoch=7 step=300/429 train_nll=-3497.904
2026-05-14 04:01:35,174 INFO CSMF2.step_1_1_1.run :: [h] epoch=7 step=350 total=0.03902 batch=0.03779
2026-05-14 04:01:35,175 INFO CSMF2.step_1_1_1.run :: [lat] epoch=7 step=350 mean_l2=0.13978 std_l2=0.03219
2026-05-14 04:01:35,579 INFO CSMF2.step_1_1_1.run :: epoch=7 step=350/429 train_nll=-3491.941
2026-05-14 04:02:17,109 INFO CSMF2.step_1_1_1.run :: [h] epoch=7 step=400 total=0.04107 batch=0.03997
2026-05-14 04:02:17,110 INFO CSMF2.step_1_1_1.run :: [lat] epoch=7 step=400 mean_l2=0.06771 std_l2=0.02262
2026-05-14 04:02:17,515 INFO CSMF2.step_1_1_1.run :: epoch=7 step=400/429 train_nll=-3494.615
2026-05-14 04:02:50,436 INFO CSMF2.step_1_1_1.run :: epoch=7  train_nll=-3495.843  val_nll=-3537.385  t=369.6s
2026-05-14 04:02:50,436 INFO CSMF2.step_1_1_1.run :: [glow] film_gain mean=0.2913 min=0.2745 max=0.3141
2026-05-14 04:02:50,436 INFO CSMF2.step_1_1_1.run :: [shuffle] gap_mean=8.700 hinge=0.5713 lambda=1.000 margin=0.50
2026-05-14 04:02:50,436 INFO CSMF2.step_1_1_1.run :: [h_std] total=0.03985 batch=0.03843 penalty=0.01157 target=0.0500 mu=10.000
2026-05-14 04:02:50,437 INFO CSMF2.step_1_1_1.run :: [lat_epoch] mean_l2=0.05174 std_l2=24.62516 lambda=10.000
2026-05-14 04:02:50,437 INFO CSMF2.step_1_1_1.run :: [y_resid] alpha=0.1859
2026-05-14 04:02:50,437 INFO CSMF2.step_1_1_1.run :: [grad] cond=22.9680 film_gain=570.2876
2026-05-14 04:03:39,875 INFO CSMF2.step_1_1_1.run :: [h] epoch=8 step=50 total=0.04029 batch=0.03910
2026-05-14 04:03:39,876 INFO CSMF2.step_1_1_1.run :: [lat] epoch=8 step=50 mean_l2=0.04872 std_l2=0.03822
2026-05-14 04:03:40,285 INFO CSMF2.step_1_1_1.run :: epoch=8 step=50/429 train_nll=-3508.529
2026-05-14 04:04:21,942 INFO CSMF2.step_1_1_1.run :: [h] epoch=8 step=100 total=0.04317 batch=0.04208
2026-05-14 04:04:21,942 INFO CSMF2.step_1_1_1.run :: [lat] epoch=8 step=100 mean_l2=0.04330 std_l2=0.03040
2026-05-14 04:04:22,353 INFO CSMF2.step_1_1_1.run :: epoch=8 step=100/429 train_nll=-3509.433
2026-05-14 04:05:04,179 INFO CSMF2.step_1_1_1.run :: [h] epoch=8 step=150 total=0.04226 batch=0.04092
2026-05-14 04:05:04,180 INFO CSMF2.step_1_1_1.run :: [lat] epoch=8 step=150 mean_l2=0.11385 std_l2=0.09932
2026-05-14 04:05:04,593 INFO CSMF2.step_1_1_1.run :: epoch=8 step=150/429 train_nll=-3503.395
2026-05-14 04:05:46,432 INFO CSMF2.step_1_1_1.run :: [h] epoch=8 step=200 total=0.04217 batch=0.04104
2026-05-14 04:05:46,433 INFO CSMF2.step_1_1_1.run :: [lat] epoch=8 step=200 mean_l2=0.05542 std_l2=0.02717
2026-05-14 04:05:46,847 INFO CSMF2.step_1_1_1.run :: epoch=8 step=200/429 train_nll=-3502.832
2026-05-14 04:06:28,710 INFO CSMF2.step_1_1_1.run :: [h] epoch=8 step=250 total=0.04285 batch=0.04182
2026-05-14 04:06:28,710 INFO CSMF2.step_1_1_1.run :: [lat] epoch=8 step=250 mean_l2=0.06130 std_l2=0.02122
2026-05-14 04:06:29,123 INFO CSMF2.step_1_1_1.run :: epoch=8 step=250/429 train_nll=-3508.382
2026-05-14 04:07:11,045 INFO CSMF2.step_1_1_1.run :: [h] epoch=8 step=300 total=0.04316 batch=0.04225
2026-05-14 04:07:11,046 INFO CSMF2.step_1_1_1.run :: [lat] epoch=8 step=300 mean_l2=0.04845 std_l2=0.02439
2026-05-14 04:07:11,459 INFO CSMF2.step_1_1_1.run :: epoch=8 step=300/429 train_nll=-3507.589
2026-05-14 04:07:53,264 INFO CSMF2.step_1_1_1.run :: [h] epoch=8 step=350 total=0.04483 batch=0.04388
2026-05-14 04:07:53,264 INFO CSMF2.step_1_1_1.run :: [lat] epoch=8 step=350 mean_l2=0.06271 std_l2=0.02961
2026-05-14 04:07:53,679 INFO CSMF2.step_1_1_1.run :: epoch=8 step=350/429 train_nll=-3507.736
2026-05-14 04:08:35,414 INFO CSMF2.step_1_1_1.run :: [h] epoch=8 step=400 total=0.04807 batch=0.04685
2026-05-14 04:08:35,415 INFO CSMF2.step_1_1_1.run :: [lat] epoch=8 step=400 mean_l2=0.18162 std_l2=1.65159
2026-05-14 04:08:35,826 INFO CSMF2.step_1_1_1.run :: epoch=8 step=400/429 train_nll=-3507.813
2026-05-14 04:09:08,929 INFO CSMF2.step_1_1_1.run :: epoch=8  train_nll=-3498.722  val_nll=-3490.233  t=370.7s
2026-05-14 04:09:08,929 INFO CSMF2.step_1_1_1.run :: [glow] film_gain mean=0.2869 min=0.2725 max=0.3060
2026-05-14 04:09:08,929 INFO CSMF2.step_1_1_1.run :: [shuffle] gap_mean=9.691 hinge=0.0000 lambda=1.000 margin=0.50
2026-05-14 04:09:08,929 INFO CSMF2.step_1_1_1.run :: [h_std] total=0.04338 batch=0.04186 penalty=0.00814 target=0.0500 mu=10.000
2026-05-14 04:09:08,929 INFO CSMF2.step_1_1_1.run :: [lat_epoch] mean_l2=0.05372 std_l2=0.04913 lambda=10.000
2026-05-14 04:09:08,929 INFO CSMF2.step_1_1_1.run :: [y_resid] alpha=0.1774
2026-05-14 04:09:08,929 INFO CSMF2.step_1_1_1.run :: [grad] cond=67.0588 film_gain=519.8754
2026-05-14 04:10:02,354 INFO CSMF2.step_1_1_1.run :: [h] epoch=9 step=50 total=0.03810 batch=0.03725
2026-05-14 04:10:02,355 INFO CSMF2.step_1_1_1.run :: [lat] epoch=9 step=50 mean_l2=0.04848 std_l2=0.02425
2026-05-14 04:10:02,804 INFO CSMF2.step_1_1_1.run :: epoch=9 step=50/429 train_nll=-3497.284
2026-05-14 04:10:48,932 INFO CSMF2.step_1_1_1.run :: [h] epoch=9 step=100 total=0.03812 batch=0.03711
2026-05-14 04:10:48,933 INFO CSMF2.step_1_1_1.run :: [lat] epoch=9 step=100 mean_l2=0.08203 std_l2=0.03777
2026-05-14 04:10:49,383 INFO CSMF2.step_1_1_1.run :: epoch=9 step=100/429 train_nll=-3510.903
2026-05-14 04:11:35,448 INFO CSMF2.step_1_1_1.run :: [h] epoch=9 step=150 total=0.04074 batch=0.03864
2026-05-14 04:11:35,449 INFO CSMF2.step_1_1_1.run :: [lat] epoch=9 step=150 mean_l2=0.06785 std_l2=0.02767
2026-05-14 04:11:35,897 INFO CSMF2.step_1_1_1.run :: epoch=9 step=150/429 train_nll=-3500.872
2026-05-14 04:12:21,964 INFO CSMF2.step_1_1_1.run :: [h] epoch=9 step=200 total=0.03900 batch=0.03806
2026-05-14 04:12:21,965 INFO CSMF2.step_1_1_1.run :: [lat] epoch=9 step=200 mean_l2=0.10364 std_l2=0.06765
2026-05-14 04:12:22,413 INFO CSMF2.step_1_1_1.run :: epoch=9 step=200/429 train_nll=-3492.614
2026-05-14 04:13:08,514 INFO CSMF2.step_1_1_1.run :: [h] epoch=9 step=250 total=0.03885 batch=0.03800
2026-05-14 04:13:08,515 INFO CSMF2.step_1_1_1.run :: [lat] epoch=9 step=250 mean_l2=0.07884 std_l2=0.03020
2026-05-14 04:13:08,962 INFO CSMF2.step_1_1_1.run :: epoch=9 step=250/429 train_nll=-3496.345
2026-05-14 04:13:52,013 INFO CSMF2.step_1_1_1.run :: [h] epoch=9 step=300 total=0.04017 batch=0.03923
2026-05-14 04:13:52,013 INFO CSMF2.step_1_1_1.run :: [lat] epoch=9 step=300 mean_l2=0.06603 std_l2=0.02835
2026-05-14 04:13:52,428 INFO CSMF2.step_1_1_1.run :: epoch=9 step=300/429 train_nll=-3500.712
2026-05-14 04:14:34,390 INFO CSMF2.step_1_1_1.run :: [h] epoch=9 step=350 total=0.04098 batch=0.04003
2026-05-14 04:14:34,391 INFO CSMF2.step_1_1_1.run :: [lat] epoch=9 step=350 mean_l2=0.08315 std_l2=0.04545
2026-05-14 04:14:34,805 INFO CSMF2.step_1_1_1.run :: epoch=9 step=350/429 train_nll=-3500.408
2026-05-14 04:15:16,661 INFO CSMF2.step_1_1_1.run :: [h] epoch=9 step=400 total=0.04315 batch=0.04231
2026-05-14 04:15:16,662 INFO CSMF2.step_1_1_1.run :: [lat] epoch=9 step=400 mean_l2=0.05649 std_l2=0.02644
2026-05-14 04:15:17,077 INFO CSMF2.step_1_1_1.run :: epoch=9 step=400/429 train_nll=-3502.296
2026-05-14 04:15:50,181 INFO CSMF2.step_1_1_1.run :: epoch=9  train_nll=-3503.964  val_nll=-3554.100  t=393.5s
2026-05-14 04:15:50,181 INFO CSMF2.step_1_1_1.run :: [glow] film_gain mean=0.2858 min=0.2711 max=0.3053
2026-05-14 04:15:50,181 INFO CSMF2.step_1_1_1.run :: [shuffle] gap_mean=9.672 hinge=0.0000 lambda=1.000 margin=0.50
2026-05-14 04:15:50,181 INFO CSMF2.step_1_1_1.run :: [h_std] total=0.04009 batch=0.03888 penalty=0.01112 target=0.0500 mu=10.000
2026-05-14 04:15:50,181 INFO CSMF2.step_1_1_1.run :: [lat_epoch] mean_l2=0.05471 std_l2=0.03723 lambda=10.000
2026-05-14 04:15:50,181 INFO CSMF2.step_1_1_1.run :: [y_resid] alpha=0.1744
2026-05-14 04:15:50,181 INFO CSMF2.step_1_1_1.run :: [grad] cond=24.4170 film_gain=1238.9187
2026-05-14 04:16:39,968 INFO CSMF2.step_1_1_1.run :: [h] epoch=10 step=50 total=0.04144 batch=0.04040
2026-05-14 04:16:39,968 INFO CSMF2.step_1_1_1.run :: [lat] epoch=10 step=50 mean_l2=0.03473 std_l2=0.02438
2026-05-14 04:16:40,384 INFO CSMF2.step_1_1_1.run :: epoch=10 step=50/429 train_nll=-3503.690
2026-05-14 04:17:22,335 INFO CSMF2.step_1_1_1.run :: [h] epoch=10 step=100 total=0.04729 batch=0.04283
2026-05-14 04:17:22,335 INFO CSMF2.step_1_1_1.run :: [lat] epoch=10 step=100 mean_l2=0.04452 std_l2=0.04756
2026-05-14 04:17:22,748 INFO CSMF2.step_1_1_1.run :: epoch=10 step=100/429 train_nll=-3504.646
2026-05-14 04:18:04,560 INFO CSMF2.step_1_1_1.run :: [h] epoch=10 step=150 total=0.04362 batch=0.04226
2026-05-14 04:18:04,561 INFO CSMF2.step_1_1_1.run :: [lat] epoch=10 step=150 mean_l2=0.03349 std_l2=0.03354
2026-05-14 04:18:04,974 INFO CSMF2.step_1_1_1.run :: epoch=10 step=150/429 train_nll=-3505.465
2026-05-14 04:18:46,843 INFO CSMF2.step_1_1_1.run :: [h] epoch=10 step=200 total=0.04641 batch=0.04181
2026-05-14 04:18:46,844 INFO CSMF2.step_1_1_1.run :: [lat] epoch=10 step=200 mean_l2=0.04256 std_l2=0.08749
2026-05-14 04:18:47,257 INFO CSMF2.step_1_1_1.run :: epoch=10 step=200/429 train_nll=-3512.091
2026-05-14 04:19:29,118 INFO CSMF2.step_1_1_1.run :: [h] epoch=10 step=250 total=0.03895 batch=0.03705
2026-05-14 04:19:29,118 INFO CSMF2.step_1_1_1.run :: [lat] epoch=10 step=250 mean_l2=0.04251 std_l2=0.02333
2026-05-14 04:19:29,532 INFO CSMF2.step_1_1_1.run :: epoch=10 step=250/429 train_nll=-3505.390
2026-05-14 04:20:11,378 INFO CSMF2.step_1_1_1.run :: [h] epoch=10 step=300 total=0.03956 batch=0.03877
2026-05-14 04:20:11,379 INFO CSMF2.step_1_1_1.run :: [lat] epoch=10 step=300 mean_l2=0.03581 std_l2=0.03035
2026-05-14 04:20:11,793 INFO CSMF2.step_1_1_1.run :: epoch=10 step=300/429 train_nll=-3505.110
2026-05-14 04:20:53,642 INFO CSMF2.step_1_1_1.run :: [h] epoch=10 step=350 total=0.04084 batch=0.04010
2026-05-14 04:20:53,643 INFO CSMF2.step_1_1_1.run :: [lat] epoch=10 step=350 mean_l2=0.05998 std_l2=0.03120
2026-05-14 04:20:54,056 INFO CSMF2.step_1_1_1.run :: epoch=10 step=350/429 train_nll=-3506.296
2026-05-14 04:21:35,885 INFO CSMF2.step_1_1_1.run :: [h] epoch=10 step=400 total=0.04054 batch=0.03880
2026-05-14 04:21:35,885 INFO CSMF2.step_1_1_1.run :: [lat] epoch=10 step=400 mean_l2=0.03163 std_l2=0.04048
2026-05-14 04:21:36,301 INFO CSMF2.step_1_1_1.run :: epoch=10 step=400/429 train_nll=-3504.244
2026-05-14 04:22:09,417 INFO CSMF2.step_1_1_1.run :: epoch=10  train_nll=-3505.276  val_nll=-3505.927  t=371.4s
2026-05-14 04:22:09,417 INFO CSMF2.step_1_1_1.run :: [glow] film_gain mean=0.2829 min=0.2693 max=0.3025
2026-05-14 04:22:09,417 INFO CSMF2.step_1_1_1.run :: [shuffle] gap_mean=8.746 hinge=0.0714 lambda=1.000 margin=0.50
2026-05-14 04:22:09,417 INFO CSMF2.step_1_1_1.run :: [h_std] total=0.04204 batch=0.04035 penalty=0.00965 target=0.0500 mu=10.000
2026-05-14 04:22:09,417 INFO CSMF2.step_1_1_1.run :: [lat_epoch] mean_l2=0.04942 std_l2=0.06220 lambda=10.000
2026-05-14 04:22:09,417 INFO CSMF2.step_1_1_1.run :: [y_resid] alpha=0.1610
2026-05-14 04:22:09,417 INFO CSMF2.step_1_1_1.run :: [grad] cond=112.1849 film_gain=1531.8987
2026-05-14 04:22:59,245 INFO CSMF2.step_1_1_1.run :: [h] epoch=11 step=50 total=0.04174 batch=0.04093
2026-05-14 04:22:59,246 INFO CSMF2.step_1_1_1.run :: [lat] epoch=11 step=50 mean_l2=0.03987 std_l2=0.04120
2026-05-14 04:22:59,661 INFO CSMF2.step_1_1_1.run :: epoch=11 step=50/429 train_nll=-3522.566
2026-05-14 04:23:41,632 INFO CSMF2.step_1_1_1.run :: [h] epoch=11 step=100 total=0.03995 batch=0.03928
2026-05-14 04:23:41,633 INFO CSMF2.step_1_1_1.run :: [lat] epoch=11 step=100 mean_l2=0.05619 std_l2=0.04451
2026-05-14 04:23:42,047 INFO CSMF2.step_1_1_1.run :: epoch=11 step=100/429 train_nll=-3523.307
2026-05-14 04:24:24,024 INFO CSMF2.step_1_1_1.run :: [h] epoch=11 step=150 total=0.04329 batch=0.04186
2026-05-14 04:24:24,024 INFO CSMF2.step_1_1_1.run :: [lat] epoch=11 step=150 mean_l2=0.03574 std_l2=0.03125
2026-05-14 04:24:24,440 INFO CSMF2.step_1_1_1.run :: epoch=11 step=150/429 train_nll=-3508.115
2026-05-14 04:25:06,437 INFO CSMF2.step_1_1_1.run :: [h] epoch=11 step=200 total=0.04268 batch=0.04176
2026-05-14 04:25:06,437 INFO CSMF2.step_1_1_1.run :: [lat] epoch=11 step=200 mean_l2=0.03598 std_l2=0.01778
2026-05-14 04:25:06,852 INFO CSMF2.step_1_1_1.run :: epoch=11 step=200/429 train_nll=-3504.401
2026-05-14 04:25:48,896 INFO CSMF2.step_1_1_1.run :: [h] epoch=11 step=250 total=0.04176 batch=0.04121
2026-05-14 04:25:48,897 INFO CSMF2.step_1_1_1.run :: [lat] epoch=11 step=250 mean_l2=0.05231 std_l2=0.02061
2026-05-14 04:25:49,313 INFO CSMF2.step_1_1_1.run :: epoch=11 step=250/429 train_nll=-3509.457
2026-05-14 04:26:31,287 INFO CSMF2.step_1_1_1.run :: [h] epoch=11 step=300 total=0.04530 batch=0.04427
2026-05-14 04:26:31,288 INFO CSMF2.step_1_1_1.run :: [lat] epoch=11 step=300 mean_l2=0.04314 std_l2=0.06997
2026-05-14 04:26:31,712 INFO CSMF2.step_1_1_1.run :: epoch=11 step=300/429 train_nll=-3512.667
2026-05-14 04:27:13,730 INFO CSMF2.step_1_1_1.run :: [h] epoch=11 step=350 total=0.04164 batch=0.04099
2026-05-14 04:27:13,730 INFO CSMF2.step_1_1_1.run :: [lat] epoch=11 step=350 mean_l2=0.03186 std_l2=0.02285
2026-05-14 04:27:14,145 INFO CSMF2.step_1_1_1.run :: epoch=11 step=350/429 train_nll=-3513.222
2026-05-14 04:27:56,008 INFO CSMF2.step_1_1_1.run :: [h] epoch=11 step=400 total=0.04352 batch=0.04227
2026-05-14 04:27:56,008 INFO CSMF2.step_1_1_1.run :: [lat] epoch=11 step=400 mean_l2=0.05546 std_l2=0.02466
2026-05-14 04:27:56,423 INFO CSMF2.step_1_1_1.run :: epoch=11 step=400/429 train_nll=-3516.445
2026-05-14 04:28:29,612 INFO CSMF2.step_1_1_1.run :: epoch=11  train_nll=-3516.944  val_nll=-3538.785  t=372.4s
2026-05-14 04:28:29,612 INFO CSMF2.step_1_1_1.run :: [glow] film_gain mean=0.2808 min=0.2673 max=0.3003
2026-05-14 04:28:29,612 INFO CSMF2.step_1_1_1.run :: [shuffle] gap_mean=10.357 hinge=0.0345 lambda=1.000 margin=0.50
2026-05-14 04:28:29,612 INFO CSMF2.step_1_1_1.run :: [h_std] total=0.04217 batch=0.04123 penalty=0.00877 target=0.0500 mu=10.000
2026-05-14 04:28:29,612 INFO CSMF2.step_1_1_1.run :: [lat_epoch] mean_l2=0.04945 std_l2=0.03506 lambda=10.000
2026-05-14 04:28:29,612 INFO CSMF2.step_1_1_1.run :: [y_resid] alpha=0.1629
2026-05-14 04:28:29,612 INFO CSMF2.step_1_1_1.run :: [grad] cond=9.5246 film_gain=1046.8210
2026-05-14 04:29:23,694 INFO CSMF2.step_1_1_1.run :: [h] epoch=12 step=50 total=0.04339 batch=0.04276
2026-05-14 04:29:23,695 INFO CSMF2.step_1_1_1.run :: [lat] epoch=12 step=50 mean_l2=0.05053 std_l2=0.02298
2026-05-14 04:29:24,141 INFO CSMF2.step_1_1_1.run :: epoch=12 step=50/429 train_nll=-3527.483
2026-05-14 04:30:10,119 INFO CSMF2.step_1_1_1.run :: [h] epoch=12 step=100 total=0.04686 batch=0.04626
2026-05-14 04:30:10,122 INFO CSMF2.step_1_1_1.run :: [lat] epoch=12 step=100 mean_l2=0.03878 std_l2=0.02125
2026-05-14 04:30:10,571 INFO CSMF2.step_1_1_1.run :: epoch=12 step=100/429 train_nll=-3531.257
2026-05-14 04:30:56,572 INFO CSMF2.step_1_1_1.run :: [h] epoch=12 step=150 total=0.04344 batch=0.04281
2026-05-14 04:30:56,573 INFO CSMF2.step_1_1_1.run :: [lat] epoch=12 step=150 mean_l2=0.03634 std_l2=0.02424
2026-05-14 04:30:57,019 INFO CSMF2.step_1_1_1.run :: epoch=12 step=150/429 train_nll=-3537.892
2026-05-14 04:31:43,042 INFO CSMF2.step_1_1_1.run :: [h] epoch=12 step=200 total=0.04541 batch=0.04486
2026-05-14 04:31:43,043 INFO CSMF2.step_1_1_1.run :: [lat] epoch=12 step=200 mean_l2=0.05500 std_l2=0.03103
2026-05-14 04:31:43,491 INFO CSMF2.step_1_1_1.run :: epoch=12 step=200/429 train_nll=-3541.801
2026-05-14 04:32:29,608 INFO CSMF2.step_1_1_1.run :: [h] epoch=12 step=250 total=0.04538 batch=0.04478
2026-05-14 04:32:29,609 INFO CSMF2.step_1_1_1.run :: [lat] epoch=12 step=250 mean_l2=0.03608 std_l2=0.02024
2026-05-14 04:32:30,057 INFO CSMF2.step_1_1_1.run :: epoch=12 step=250/429 train_nll=-3537.472
2026-05-14 04:33:16,198 INFO CSMF2.step_1_1_1.run :: [h] epoch=12 step=300 total=0.04545 batch=0.04475
2026-05-14 04:33:16,199 INFO CSMF2.step_1_1_1.run :: [lat] epoch=12 step=300 mean_l2=0.06350 std_l2=0.03797
2026-05-14 04:33:16,646 INFO CSMF2.step_1_1_1.run :: epoch=12 step=300/429 train_nll=-3538.512
2026-05-14 04:34:02,740 INFO CSMF2.step_1_1_1.run :: [h] epoch=12 step=350 total=0.04899 batch=0.04829
2026-05-14 04:34:02,741 INFO CSMF2.step_1_1_1.run :: [lat] epoch=12 step=350 mean_l2=0.05322 std_l2=0.06169
2026-05-14 04:34:03,190 INFO CSMF2.step_1_1_1.run :: epoch=12 step=350/429 train_nll=-3539.021
2026-05-14 04:34:49,299 INFO CSMF2.step_1_1_1.run :: [h] epoch=12 step=400 total=0.04709 batch=0.04652
2026-05-14 04:34:49,300 INFO CSMF2.step_1_1_1.run :: [lat] epoch=12 step=400 mean_l2=0.04313 std_l2=0.02601
2026-05-14 04:34:49,746 INFO CSMF2.step_1_1_1.run :: epoch=12 step=400/429 train_nll=-3539.345
2026-05-14 04:35:26,881 INFO CSMF2.step_1_1_1.run :: epoch=12  train_nll=-3539.837  val_nll=-3528.477  t=409.2s
2026-05-14 04:35:26,881 INFO CSMF2.step_1_1_1.run :: [glow] film_gain mean=0.2792 min=0.2657 max=0.2985
2026-05-14 04:35:26,881 INFO CSMF2.step_1_1_1.run :: [shuffle] gap_mean=12.231 hinge=0.0000 lambda=1.000 margin=0.50
2026-05-14 04:35:26,881 INFO CSMF2.step_1_1_1.run :: [h_std] total=0.04600 batch=0.04533 penalty=0.00467 target=0.0500 mu=10.000
2026-05-14 04:35:26,881 INFO CSMF2.step_1_1_1.run :: [lat_epoch] mean_l2=0.04645 std_l2=0.03012 lambda=10.000
2026-05-14 04:35:26,882 INFO CSMF2.step_1_1_1.run :: [y_resid] alpha=0.1714
2026-05-14 04:35:26,882 INFO CSMF2.step_1_1_1.run :: [grad] cond=159.4507 film_gain=1420.1637
2026-05-14 04:36:21,284 INFO CSMF2.step_1_1_1.run :: [h] epoch=13 step=50 total=0.04815 batch=0.04755
2026-05-14 04:36:21,285 INFO CSMF2.step_1_1_1.run :: [lat] epoch=13 step=50 mean_l2=0.06470 std_l2=0.02499
2026-05-14 04:36:21,732 INFO CSMF2.step_1_1_1.run :: epoch=13 step=50/429 train_nll=-3553.942
2026-05-14 04:37:07,852 INFO CSMF2.step_1_1_1.run :: [h] epoch=13 step=100 total=0.04900 batch=0.04844
2026-05-14 04:37:07,853 INFO CSMF2.step_1_1_1.run :: [lat] epoch=13 step=100 mean_l2=0.03830 std_l2=0.01860
2026-05-14 04:37:08,301 INFO CSMF2.step_1_1_1.run :: epoch=13 step=100/429 train_nll=-3555.826
2026-05-14 04:37:54,467 INFO CSMF2.step_1_1_1.run :: [h] epoch=13 step=150 total=0.05019 batch=0.04959
2026-05-14 04:37:54,468 INFO CSMF2.step_1_1_1.run :: [lat] epoch=13 step=150 mean_l2=0.03691 std_l2=0.02893
2026-05-14 04:37:54,916 INFO CSMF2.step_1_1_1.run :: epoch=13 step=150/429 train_nll=-3555.913
2026-05-14 04:38:40,999 INFO CSMF2.step_1_1_1.run :: [h] epoch=13 step=200 total=0.05016 batch=0.04928
2026-05-14 04:38:41,000 INFO CSMF2.step_1_1_1.run :: [lat] epoch=13 step=200 mean_l2=0.04580 std_l2=0.02721
2026-05-14 04:38:41,447 INFO CSMF2.step_1_1_1.run :: epoch=13 step=200/429 train_nll=-3549.113
2026-05-14 04:39:27,509 INFO CSMF2.step_1_1_1.run :: [h] epoch=13 step=250 total=0.04784 batch=0.04734
2026-05-14 04:39:27,510 INFO CSMF2.step_1_1_1.run :: [lat] epoch=13 step=250 mean_l2=0.04626 std_l2=0.02606
2026-05-14 04:39:27,956 INFO CSMF2.step_1_1_1.run :: epoch=13 step=250/429 train_nll=-3550.402
2026-05-14 04:40:14,060 INFO CSMF2.step_1_1_1.run :: [h] epoch=13 step=300 total=0.04950 batch=0.04891
2026-05-14 04:40:14,061 INFO CSMF2.step_1_1_1.run :: [lat] epoch=13 step=300 mean_l2=0.04115 std_l2=0.02495
2026-05-14 04:40:14,508 INFO CSMF2.step_1_1_1.run :: epoch=13 step=300/429 train_nll=-3550.563
2026-05-14 04:41:00,585 INFO CSMF2.step_1_1_1.run :: [h] epoch=13 step=350 total=0.05275 batch=0.05086
2026-05-14 04:41:00,585 INFO CSMF2.step_1_1_1.run :: [lat] epoch=13 step=350 mean_l2=0.03428 std_l2=0.05476
2026-05-14 04:41:01,033 INFO CSMF2.step_1_1_1.run :: epoch=13 step=350/429 train_nll=-3544.636
2026-05-14 04:41:47,159 INFO CSMF2.step_1_1_1.run :: [h] epoch=13 step=400 total=0.05106 batch=0.05025
2026-05-14 04:41:47,160 INFO CSMF2.step_1_1_1.run :: [lat] epoch=13 step=400 mean_l2=0.07023 std_l2=0.02151
2026-05-14 04:41:47,606 INFO CSMF2.step_1_1_1.run :: epoch=13 step=400/429 train_nll=-3544.776
2026-05-14 04:42:24,728 INFO CSMF2.step_1_1_1.run :: epoch=13  train_nll=-3544.644  val_nll=-3482.317  t=409.6s
2026-05-14 04:42:24,728 INFO CSMF2.step_1_1_1.run :: [glow] film_gain mean=0.2775 min=0.2653 max=0.2942
2026-05-14 04:42:24,728 INFO CSMF2.step_1_1_1.run :: [shuffle] gap_mean=13.104 hinge=0.0000 lambda=1.000 margin=0.50
2026-05-14 04:42:24,728 INFO CSMF2.step_1_1_1.run :: [h_std] total=0.04981 batch=0.04896 penalty=0.00123 target=0.0500 mu=10.000
2026-05-14 04:42:24,728 INFO CSMF2.step_1_1_1.run :: [lat_epoch] mean_l2=0.04632 std_l2=0.03477 lambda=10.000
2026-05-14 04:42:24,728 INFO CSMF2.step_1_1_1.run :: [y_resid] alpha=0.1707
2026-05-14 04:42:24,728 INFO CSMF2.step_1_1_1.run :: [grad] cond=26.8766 film_gain=1514.8584
2026-05-14 04:43:14,590 INFO CSMF2.step_1_1_1.run :: [h] epoch=14 step=50 total=0.04818 batch=0.04754
2026-05-14 04:43:14,591 INFO CSMF2.step_1_1_1.run :: [lat] epoch=14 step=50 mean_l2=0.02736 std_l2=0.02700
2026-05-14 04:43:15,006 INFO CSMF2.step_1_1_1.run :: epoch=14 step=50/429 train_nll=-3537.167
2026-05-14 04:43:56,963 INFO CSMF2.step_1_1_1.run :: [h] epoch=14 step=100 total=0.05125 batch=0.05040
2026-05-14 04:43:56,963 INFO CSMF2.step_1_1_1.run :: [lat] epoch=14 step=100 mean_l2=0.03109 std_l2=0.02660
2026-05-14 04:43:57,379 INFO CSMF2.step_1_1_1.run :: epoch=14 step=100/429 train_nll=-3554.888
2026-05-14 04:44:39,308 INFO CSMF2.step_1_1_1.run :: [h] epoch=14 step=150 total=0.04717 batch=0.04660
2026-05-14 04:44:39,308 INFO CSMF2.step_1_1_1.run :: [lat] epoch=14 step=150 mean_l2=0.03662 std_l2=0.03730
2026-05-14 04:44:39,722 INFO CSMF2.step_1_1_1.run :: epoch=14 step=150/429 train_nll=-3556.497
2026-05-14 04:45:21,600 INFO CSMF2.step_1_1_1.run :: [h] epoch=14 step=200 total=0.05060 batch=0.05028
2026-05-14 04:45:21,601 INFO CSMF2.step_1_1_1.run :: [lat] epoch=14 step=200 mean_l2=0.03272 std_l2=0.02542
2026-05-14 04:45:22,016 INFO CSMF2.step_1_1_1.run :: epoch=14 step=200/429 train_nll=-3556.428
2026-05-14 04:46:03,934 INFO CSMF2.step_1_1_1.run :: [h] epoch=14 step=250 total=0.05121 batch=0.05063
2026-05-14 04:46:03,935 INFO CSMF2.step_1_1_1.run :: [lat] epoch=14 step=250 mean_l2=0.03256 std_l2=0.02254
2026-05-14 04:46:04,349 INFO CSMF2.step_1_1_1.run :: epoch=14 step=250/429 train_nll=-3558.642
2026-05-14 04:46:46,385 INFO CSMF2.step_1_1_1.run :: [h] epoch=14 step=300 total=0.04911 batch=0.04817
2026-05-14 04:46:46,386 INFO CSMF2.step_1_1_1.run :: [lat] epoch=14 step=300 mean_l2=0.04466 std_l2=0.03979
2026-05-14 04:46:46,801 INFO CSMF2.step_1_1_1.run :: epoch=14 step=300/429 train_nll=-3561.340
2026-05-14 04:47:28,711 INFO CSMF2.step_1_1_1.run :: [h] epoch=14 step=350 total=0.05195 batch=0.05105
2026-05-14 04:47:28,711 INFO CSMF2.step_1_1_1.run :: [lat] epoch=14 step=350 mean_l2=0.04520 std_l2=0.03758
2026-05-14 04:47:29,126 INFO CSMF2.step_1_1_1.run :: epoch=14 step=350/429 train_nll=-3560.489
2026-05-14 04:48:11,111 INFO CSMF2.step_1_1_1.run :: [h] epoch=14 step=400 total=0.04815 batch=0.04776
2026-05-14 04:48:11,112 INFO CSMF2.step_1_1_1.run :: [lat] epoch=14 step=400 mean_l2=0.04483 std_l2=0.02299
2026-05-14 04:48:11,528 INFO CSMF2.step_1_1_1.run :: epoch=14 step=400/429 train_nll=-3556.419
2026-05-14 04:48:44,816 INFO CSMF2.step_1_1_1.run :: epoch=14  train_nll=-3553.453  val_nll=-3498.740  t=372.1s
2026-05-14 04:48:44,816 INFO CSMF2.step_1_1_1.run :: [glow] film_gain mean=0.2759 min=0.2641 max=0.2934
2026-05-14 04:48:44,817 INFO CSMF2.step_1_1_1.run :: [shuffle] gap_mean=13.587 hinge=0.0000 lambda=1.000 margin=0.50
2026-05-14 04:48:44,817 INFO CSMF2.step_1_1_1.run :: [h_std] total=0.05022 batch=0.04953 penalty=0.00083 target=0.0500 mu=10.000
2026-05-14 04:48:44,817 INFO CSMF2.step_1_1_1.run :: [lat_epoch] mean_l2=0.04337 std_l2=0.03165 lambda=10.000
2026-05-14 04:48:44,817 INFO CSMF2.step_1_1_1.run :: [y_resid] alpha=0.1702
2026-05-14 04:48:44,817 INFO CSMF2.step_1_1_1.run :: [grad] cond=47.8394 film_gain=1975.0542
2026-05-14 04:49:34,477 INFO CSMF2.step_1_1_1.run :: [h] epoch=15 step=50 total=0.04853 batch=0.04805
2026-05-14 04:49:34,477 INFO CSMF2.step_1_1_1.run :: [lat] epoch=15 step=50 mean_l2=0.04085 std_l2=0.07494
2026-05-14 04:49:34,889 INFO CSMF2.step_1_1_1.run :: epoch=15 step=50/429 train_nll=-3551.466
2026-05-14 04:50:16,699 INFO CSMF2.step_1_1_1.run :: [h] epoch=15 step=100 total=0.04943 batch=0.04895
2026-05-14 04:50:16,699 INFO CSMF2.step_1_1_1.run :: [lat] epoch=15 step=100 mean_l2=0.04497 std_l2=0.02548
2026-05-14 04:50:17,110 INFO CSMF2.step_1_1_1.run :: epoch=15 step=100/429 train_nll=-3549.056
2026-05-14 04:50:58,757 INFO CSMF2.step_1_1_1.run :: [h] epoch=15 step=150 total=0.04981 batch=0.04940
2026-05-14 04:50:58,757 INFO CSMF2.step_1_1_1.run :: [lat] epoch=15 step=150 mean_l2=0.03514 std_l2=0.02440
2026-05-14 04:50:59,168 INFO CSMF2.step_1_1_1.run :: epoch=15 step=150/429 train_nll=-3549.945
2026-05-14 04:51:40,761 INFO CSMF2.step_1_1_1.run :: [h] epoch=15 step=200 total=0.04876 batch=0.04823
2026-05-14 04:51:40,762 INFO CSMF2.step_1_1_1.run :: [lat] epoch=15 step=200 mean_l2=0.05045 std_l2=0.02841
2026-05-14 04:51:41,171 INFO CSMF2.step_1_1_1.run :: epoch=15 step=200/429 train_nll=-3555.489
2026-05-14 04:52:22,839 INFO CSMF2.step_1_1_1.run :: [h] epoch=15 step=250 total=0.04869 batch=0.04826
2026-05-14 04:52:22,839 INFO CSMF2.step_1_1_1.run :: [lat] epoch=15 step=250 mean_l2=0.03635 std_l2=0.03265
2026-05-14 04:52:23,250 INFO CSMF2.step_1_1_1.run :: epoch=15 step=250/429 train_nll=-3558.756
2026-05-14 04:53:05,035 INFO CSMF2.step_1_1_1.run :: [h] epoch=15 step=300 total=0.05119 batch=0.05030
2026-05-14 04:53:05,036 INFO CSMF2.step_1_1_1.run :: [lat] epoch=15 step=300 mean_l2=0.05573 std_l2=0.02624
2026-05-14 04:53:05,450 INFO CSMF2.step_1_1_1.run :: epoch=15 step=300/429 train_nll=-3558.752
2026-05-14 04:53:47,401 INFO CSMF2.step_1_1_1.run :: [h] epoch=15 step=350 total=0.04893 batch=0.04848
2026-05-14 04:53:47,401 INFO CSMF2.step_1_1_1.run :: [lat] epoch=15 step=350 mean_l2=0.04896 std_l2=0.02045
2026-05-14 04:53:47,816 INFO CSMF2.step_1_1_1.run :: epoch=15 step=350/429 train_nll=-3558.764
2026-05-14 04:54:29,718 INFO CSMF2.step_1_1_1.run :: [h] epoch=15 step=400 total=0.05011 batch=0.04801
2026-05-14 04:54:29,719 INFO CSMF2.step_1_1_1.run :: [lat] epoch=15 step=400 mean_l2=0.02944 std_l2=0.02444
2026-05-14 04:54:30,133 INFO CSMF2.step_1_1_1.run :: epoch=15 step=400/429 train_nll=-3554.601
2026-05-14 04:55:03,272 INFO CSMF2.step_1_1_1.run :: epoch=15  train_nll=-3554.619  val_nll=-3550.478  t=370.6s
2026-05-14 04:55:03,272 INFO CSMF2.step_1_1_1.run :: [glow] film_gain mean=0.2746 min=0.2630 max=0.2921
2026-05-14 04:55:03,272 INFO CSMF2.step_1_1_1.run :: [shuffle] gap_mean=13.771 hinge=0.0000 lambda=1.000 margin=0.50
2026-05-14 04:55:03,272 INFO CSMF2.step_1_1_1.run :: [h_std] total=0.04967 batch=0.04891 penalty=0.00130 target=0.0500 mu=10.000
2026-05-14 04:55:03,272 INFO CSMF2.step_1_1_1.run :: [lat_epoch] mean_l2=0.04215 std_l2=0.02994 lambda=10.000
2026-05-14 04:55:03,272 INFO CSMF2.step_1_1_1.run :: [y_resid] alpha=0.1656
2026-05-14 04:55:03,273 INFO CSMF2.step_1_1_1.run :: [grad] cond=34.9860 film_gain=1761.6334
2026-05-14 04:55:52,961 INFO CSMF2.step_1_1_1.run :: [h] epoch=16 step=50 total=0.04932 batch=0.04827
2026-05-14 04:55:52,962 INFO CSMF2.step_1_1_1.run :: [lat] epoch=16 step=50 mean_l2=0.05409 std_l2=0.04596
2026-05-14 04:55:53,374 INFO CSMF2.step_1_1_1.run :: epoch=16 step=50/429 train_nll=-3532.906
2026-05-14 04:56:35,158 INFO CSMF2.step_1_1_1.run :: [h] epoch=16 step=100 total=0.04519 batch=0.04431
2026-05-14 04:56:35,158 INFO CSMF2.step_1_1_1.run :: [lat] epoch=16 step=100 mean_l2=0.04769 std_l2=0.02106
2026-05-14 04:56:35,575 INFO CSMF2.step_1_1_1.run :: epoch=16 step=100/429 train_nll=-3541.037
2026-05-14 04:57:17,459 INFO CSMF2.step_1_1_1.run :: [h] epoch=16 step=150 total=0.04857 batch=0.04798
2026-05-14 04:57:17,460 INFO CSMF2.step_1_1_1.run :: [lat] epoch=16 step=150 mean_l2=0.04147 std_l2=0.01983
2026-05-14 04:57:17,872 INFO CSMF2.step_1_1_1.run :: epoch=16 step=150/429 train_nll=-3552.178
2026-05-14 04:57:59,682 INFO CSMF2.step_1_1_1.run :: [h] epoch=16 step=200 total=0.04867 batch=0.04804
2026-05-14 04:57:59,683 INFO CSMF2.step_1_1_1.run :: [lat] epoch=16 step=200 mean_l2=0.03898 std_l2=0.01978
2026-05-14 04:58:00,095 INFO CSMF2.step_1_1_1.run :: epoch=16 step=200/429 train_nll=-3553.207
2026-05-14 04:58:41,912 INFO CSMF2.step_1_1_1.run :: [h] epoch=16 step=250 total=0.04784 batch=0.04653
2026-05-14 04:58:41,912 INFO CSMF2.step_1_1_1.run :: [lat] epoch=16 step=250 mean_l2=0.05892 std_l2=0.03025
2026-05-14 04:58:42,324 INFO CSMF2.step_1_1_1.run :: epoch=16 step=250/429 train_nll=-3557.481
2026-05-14 04:59:24,172 INFO CSMF2.step_1_1_1.run :: [h] epoch=16 step=300 total=0.04725 batch=0.04681
2026-05-14 04:59:24,173 INFO CSMF2.step_1_1_1.run :: [lat] epoch=16 step=300 mean_l2=0.04215 std_l2=0.13059
2026-05-14 04:59:24,586 INFO CSMF2.step_1_1_1.run :: epoch=16 step=300/429 train_nll=-3557.812
2026-05-14 05:00:06,426 INFO CSMF2.step_1_1_1.run :: [h] epoch=16 step=350 total=0.04783 batch=0.04748
2026-05-14 05:00:06,427 INFO CSMF2.step_1_1_1.run :: [lat] epoch=16 step=350 mean_l2=0.04046 std_l2=0.02056
2026-05-14 05:00:06,840 INFO CSMF2.step_1_1_1.run :: epoch=16 step=350/429 train_nll=-3556.678
2026-05-14 05:00:48,683 INFO CSMF2.step_1_1_1.run :: [h] epoch=16 step=400 total=0.04726 batch=0.04680
2026-05-14 05:00:48,684 INFO CSMF2.step_1_1_1.run :: [lat] epoch=16 step=400 mean_l2=0.05845 std_l2=0.02923
2026-05-14 05:00:49,096 INFO CSMF2.step_1_1_1.run :: epoch=16 step=400/429 train_nll=-3558.934
2026-05-14 05:01:22,249 INFO CSMF2.step_1_1_1.run :: epoch=16  train_nll=-3559.208  val_nll=-3589.004  t=371.2s
2026-05-14 05:01:22,249 INFO CSMF2.step_1_1_1.run :: [glow] film_gain mean=0.2731 min=0.2616 max=0.2899
2026-05-14 05:01:22,249 INFO CSMF2.step_1_1_1.run :: [shuffle] gap_mean=14.029 hinge=0.0000 lambda=1.000 margin=0.50
2026-05-14 05:01:22,249 INFO CSMF2.step_1_1_1.run :: [h_std] total=0.04881 batch=0.04797 penalty=0.00211 target=0.0500 mu=10.000
2026-05-14 05:01:22,249 INFO CSMF2.step_1_1_1.run :: [lat_epoch] mean_l2=0.04228 std_l2=0.03063 lambda=10.000
2026-05-14 05:01:22,249 INFO CSMF2.step_1_1_1.run :: [y_resid] alpha=0.1654
2026-05-14 05:01:22,249 INFO CSMF2.step_1_1_1.run :: [grad] cond=16.7422 film_gain=925.3534
2026-05-14 05:02:11,906 INFO CSMF2.step_1_1_1.run :: [h] epoch=17 step=50 total=0.04909 batch=0.04486
2026-05-14 05:02:11,906 INFO CSMF2.step_1_1_1.run :: [lat] epoch=17 step=50 mean_l2=0.05161 std_l2=0.06083
2026-05-14 05:02:12,321 INFO CSMF2.step_1_1_1.run :: epoch=17 step=50/429 train_nll=-3515.442
2026-05-14 05:02:54,247 INFO CSMF2.step_1_1_1.run :: [h] epoch=17 step=100 total=0.04168 batch=0.03518
2026-05-14 05:02:54,248 INFO CSMF2.step_1_1_1.run :: [lat] epoch=17 step=100 mean_l2=0.05585 std_l2=0.03623
2026-05-14 05:02:54,663 INFO CSMF2.step_1_1_1.run :: epoch=17 step=100/429 train_nll=-3512.693
2026-05-14 05:03:38,013 INFO CSMF2.step_1_1_1.run :: [h] epoch=17 step=150 total=0.03659 batch=0.03566
2026-05-14 05:03:38,014 INFO CSMF2.step_1_1_1.run :: [lat] epoch=17 step=150 mean_l2=0.03219 std_l2=0.03336
2026-05-14 05:03:38,464 INFO CSMF2.step_1_1_1.run :: epoch=17 step=150/429 train_nll=-3529.568
2026-05-14 05:04:21,892 INFO CSMF2.step_1_1_1.run :: [h] epoch=17 step=200 total=0.03872 batch=0.03775
2026-05-14 05:04:21,892 INFO CSMF2.step_1_1_1.run :: [lat] epoch=17 step=200 mean_l2=0.03245 std_l2=0.03317
2026-05-14 05:04:22,307 INFO CSMF2.step_1_1_1.run :: epoch=17 step=200/429 train_nll=-3539.690
2026-05-14 05:05:04,219 INFO CSMF2.step_1_1_1.run :: [h] epoch=17 step=250 total=0.03725 batch=0.03649
2026-05-14 05:05:04,219 INFO CSMF2.step_1_1_1.run :: [lat] epoch=17 step=250 mean_l2=0.03570 std_l2=0.01977
2026-05-14 05:05:04,636 INFO CSMF2.step_1_1_1.run :: epoch=17 step=250/429 train_nll=-3541.372
2026-05-14 05:05:46,661 INFO CSMF2.step_1_1_1.run :: [h] epoch=17 step=300 total=0.04005 batch=0.03929
2026-05-14 05:05:46,662 INFO CSMF2.step_1_1_1.run :: [lat] epoch=17 step=300 mean_l2=0.05251 std_l2=0.02155
2026-05-14 05:05:47,079 INFO CSMF2.step_1_1_1.run :: epoch=17 step=300/429 train_nll=-3547.563
2026-05-14 05:06:29,116 INFO CSMF2.step_1_1_1.run :: [h] epoch=17 step=350 total=0.04106 batch=0.03954
2026-05-14 05:06:29,116 INFO CSMF2.step_1_1_1.run :: [lat] epoch=17 step=350 mean_l2=0.03705 std_l2=0.02503
2026-05-14 05:06:29,533 INFO CSMF2.step_1_1_1.run :: epoch=17 step=350/429 train_nll=-3550.705
2026-05-14 05:07:11,560 INFO CSMF2.step_1_1_1.run :: [h] epoch=17 step=400 total=0.04072 batch=0.04008
2026-05-14 05:07:11,561 INFO CSMF2.step_1_1_1.run :: [lat] epoch=17 step=400 mean_l2=0.05388 std_l2=0.04064
2026-05-14 05:07:11,978 INFO CSMF2.step_1_1_1.run :: epoch=17 step=400/429 train_nll=-3552.404
2026-05-14 05:07:45,153 INFO CSMF2.step_1_1_1.run :: epoch=17  train_nll=-3553.907  val_nll=-3591.641  t=375.1s
2026-05-14 05:07:45,154 INFO CSMF2.step_1_1_1.run :: [glow] film_gain mean=0.2701 min=0.2586 max=0.2868
2026-05-14 05:07:45,154 INFO CSMF2.step_1_1_1.run :: [shuffle] gap_mean=11.988 hinge=0.0645 lambda=1.000 margin=0.50
2026-05-14 05:07:45,154 INFO CSMF2.step_1_1_1.run :: [h_std] total=0.04156 batch=0.03991 penalty=0.01011 target=0.0500 mu=10.000
2026-05-14 05:07:45,154 INFO CSMF2.step_1_1_1.run :: [lat_epoch] mean_l2=0.04394 std_l2=0.03603 lambda=10.000
2026-05-14 05:07:45,154 INFO CSMF2.step_1_1_1.run :: [y_resid] alpha=0.1377
2026-05-14 05:07:45,154 INFO CSMF2.step_1_1_1.run :: [grad] cond=19.8210 film_gain=487.7698
2026-05-14 05:08:34,678 INFO CSMF2.step_1_1_1.run :: [h] epoch=18 step=50 total=0.04310 batch=0.04227
2026-05-14 05:08:34,679 INFO CSMF2.step_1_1_1.run :: [lat] epoch=18 step=50 mean_l2=0.03470 std_l2=0.04626
2026-05-14 05:08:35,091 INFO CSMF2.step_1_1_1.run :: epoch=18 step=50/429 train_nll=-3556.280
2026-05-14 05:09:16,792 INFO CSMF2.step_1_1_1.run :: [h] epoch=18 step=100 total=0.04406 batch=0.04304
2026-05-14 05:09:16,793 INFO CSMF2.step_1_1_1.run :: [lat] epoch=18 step=100 mean_l2=0.04002 std_l2=0.02328
2026-05-14 05:09:17,204 INFO CSMF2.step_1_1_1.run :: epoch=18 step=100/429 train_nll=-3541.495
2026-05-14 05:09:58,920 INFO CSMF2.step_1_1_1.run :: [h] epoch=18 step=150 total=0.04436 batch=0.04375
2026-05-14 05:09:58,920 INFO CSMF2.step_1_1_1.run :: [lat] epoch=18 step=150 mean_l2=0.03254 std_l2=0.02856
2026-05-14 05:09:59,333 INFO CSMF2.step_1_1_1.run :: epoch=18 step=150/429 train_nll=-3552.818
2026-05-14 05:10:41,143 INFO CSMF2.step_1_1_1.run :: [h] epoch=18 step=200 total=0.04283 batch=0.04228
2026-05-14 05:10:41,143 INFO CSMF2.step_1_1_1.run :: [lat] epoch=18 step=200 mean_l2=0.02684 std_l2=0.02563
2026-05-14 05:10:41,557 INFO CSMF2.step_1_1_1.run :: epoch=18 step=200/429 train_nll=-3553.641
2026-05-14 05:11:23,348 INFO CSMF2.step_1_1_1.run :: [h] epoch=18 step=250 total=0.04375 batch=0.04286
2026-05-14 05:11:23,348 INFO CSMF2.step_1_1_1.run :: [lat] epoch=18 step=250 mean_l2=0.03113 std_l2=0.02492
2026-05-14 05:11:23,761 INFO CSMF2.step_1_1_1.run :: epoch=18 step=250/429 train_nll=-3556.997
2026-05-14 05:12:05,580 INFO CSMF2.step_1_1_1.run :: [h] epoch=18 step=300 total=0.04615 batch=0.04558
2026-05-14 05:12:05,581 INFO CSMF2.step_1_1_1.run :: [lat] epoch=18 step=300 mean_l2=0.04079 std_l2=0.03963
2026-05-14 05:12:05,994 INFO CSMF2.step_1_1_1.run :: epoch=18 step=300/429 train_nll=-3559.800
2026-05-14 05:12:48,047 INFO CSMF2.step_1_1_1.run :: [h] epoch=18 step=350 total=0.04838 batch=0.04762
2026-05-14 05:12:48,048 INFO CSMF2.step_1_1_1.run :: [lat] epoch=18 step=350 mean_l2=0.02889 std_l2=0.02832
2026-05-14 05:12:48,495 INFO CSMF2.step_1_1_1.run :: epoch=18 step=350/429 train_nll=-3562.121
2026-05-14 05:13:34,182 INFO CSMF2.step_1_1_1.run :: [h] epoch=18 step=400 total=0.04747 batch=0.04673
2026-05-14 05:13:34,182 INFO CSMF2.step_1_1_1.run :: [lat] epoch=18 step=400 mean_l2=0.02792 std_l2=0.02313
2026-05-14 05:13:34,597 INFO CSMF2.step_1_1_1.run :: epoch=18 step=400/429 train_nll=-3565.137
2026-05-14 05:14:07,647 INFO CSMF2.step_1_1_1.run :: epoch=18  train_nll=-3567.078  val_nll=-3578.053  t=374.7s
2026-05-14 05:14:07,647 INFO CSMF2.step_1_1_1.run :: [glow] film_gain mean=0.2684 min=0.2575 max=0.2842
2026-05-14 05:14:07,647 INFO CSMF2.step_1_1_1.run :: [shuffle] gap_mean=15.003 hinge=0.0000 lambda=1.000 margin=0.50
2026-05-14 05:14:07,647 INFO CSMF2.step_1_1_1.run :: [h_std] total=0.04412 batch=0.04341 penalty=0.00659 target=0.0500 mu=10.000
2026-05-14 05:14:07,647 INFO CSMF2.step_1_1_1.run :: [lat_epoch] mean_l2=0.03931 std_l2=0.03340 lambda=10.000
2026-05-14 05:14:07,647 INFO CSMF2.step_1_1_1.run :: [y_resid] alpha=0.1473
2026-05-14 05:14:07,647 INFO CSMF2.step_1_1_1.run :: [grad] cond=13.9198 film_gain=1286.7030
2026-05-14 05:14:57,291 INFO CSMF2.step_1_1_1.run :: [h] epoch=19 step=50 total=0.04782 batch=0.04712
2026-05-14 05:14:57,291 INFO CSMF2.step_1_1_1.run :: [lat] epoch=19 step=50 mean_l2=0.02645 std_l2=0.02067
2026-05-14 05:14:57,712 INFO CSMF2.step_1_1_1.run :: epoch=19 step=50/429 train_nll=-3569.368
2026-05-14 05:15:39,701 INFO CSMF2.step_1_1_1.run :: [h] epoch=19 step=100 total=0.04993 batch=0.04896
2026-05-14 05:15:39,702 INFO CSMF2.step_1_1_1.run :: [lat] epoch=19 step=100 mean_l2=0.03544 std_l2=0.02157
2026-05-14 05:15:40,119 INFO CSMF2.step_1_1_1.run :: epoch=19 step=100/429 train_nll=-3553.362
2026-05-14 05:16:22,104 INFO CSMF2.step_1_1_1.run :: [h] epoch=19 step=150 total=0.04896 batch=0.04855
2026-05-14 05:16:22,105 INFO CSMF2.step_1_1_1.run :: [lat] epoch=19 step=150 mean_l2=0.02933 std_l2=0.01726
2026-05-14 05:16:22,522 INFO CSMF2.step_1_1_1.run :: epoch=19 step=150/429 train_nll=-3563.658
2026-05-14 05:17:04,523 INFO CSMF2.step_1_1_1.run :: [h] epoch=19 step=200 total=0.04571 batch=0.04505
2026-05-14 05:17:04,524 INFO CSMF2.step_1_1_1.run :: [lat] epoch=19 step=200 mean_l2=0.02763 std_l2=0.03885
2026-05-14 05:17:04,939 INFO CSMF2.step_1_1_1.run :: epoch=19 step=200/429 train_nll=-3571.301
2026-05-14 05:17:46,794 INFO CSMF2.step_1_1_1.run :: [h] epoch=19 step=250 total=0.04949 batch=0.04902
2026-05-14 05:17:46,794 INFO CSMF2.step_1_1_1.run :: [lat] epoch=19 step=250 mean_l2=0.02500 std_l2=0.02029
2026-05-14 05:17:47,215 INFO CSMF2.step_1_1_1.run :: epoch=19 step=250/429 train_nll=-3568.838
2026-05-14 05:18:29,079 INFO CSMF2.step_1_1_1.run :: [h] epoch=19 step=300 total=0.04859 batch=0.04797
2026-05-14 05:18:29,080 INFO CSMF2.step_1_1_1.run :: [lat] epoch=19 step=300 mean_l2=0.04910 std_l2=0.04383
2026-05-14 05:18:29,493 INFO CSMF2.step_1_1_1.run :: epoch=19 step=300/429 train_nll=-3565.960
2026-05-14 05:19:11,458 INFO CSMF2.step_1_1_1.run :: [h] epoch=19 step=350 total=0.04944 batch=0.04874
2026-05-14 05:19:11,458 INFO CSMF2.step_1_1_1.run :: [lat] epoch=19 step=350 mean_l2=0.03220 std_l2=0.02835
2026-05-14 05:19:11,876 INFO CSMF2.step_1_1_1.run :: epoch=19 step=350/429 train_nll=-3567.999
2026-05-14 05:19:53,721 INFO CSMF2.step_1_1_1.run :: [h] epoch=19 step=400 total=0.04878 batch=0.04803
2026-05-14 05:19:53,722 INFO CSMF2.step_1_1_1.run :: [lat] epoch=19 step=400 mean_l2=0.03131 std_l2=0.02314
2026-05-14 05:19:54,136 INFO CSMF2.step_1_1_1.run :: epoch=19 step=400/429 train_nll=-3567.232
2026-05-14 05:20:27,336 INFO CSMF2.step_1_1_1.run :: epoch=19  train_nll=-3568.300  val_nll=-3600.122  t=371.9s
2026-05-14 05:20:27,337 INFO CSMF2.step_1_1_1.run :: [glow] film_gain mean=0.2665 min=0.2562 max=0.2805
2026-05-14 05:20:27,337 INFO CSMF2.step_1_1_1.run :: [shuffle] gap_mean=14.966 hinge=0.0000 lambda=1.000 margin=0.50
2026-05-14 05:20:27,337 INFO CSMF2.step_1_1_1.run :: [h_std] total=0.04834 batch=0.04766 penalty=0.00240 target=0.0500 mu=10.000
2026-05-14 05:20:27,337 INFO CSMF2.step_1_1_1.run :: [lat_epoch] mean_l2=0.04006 std_l2=0.03355 lambda=10.000
2026-05-14 05:20:27,337 INFO CSMF2.step_1_1_1.run :: [y_resid] alpha=0.1518
2026-05-14 05:20:27,337 INFO CSMF2.step_1_1_1.run :: [grad] cond=7.6396 film_gain=866.4136
2026-05-14 05:21:16,999 INFO CSMF2.step_1_1_1.run :: [h] epoch=20 step=50 total=0.05172 batch=0.05113
2026-05-14 05:21:17,000 INFO CSMF2.step_1_1_1.run :: [lat] epoch=20 step=50 mean_l2=0.02822 std_l2=0.02013
2026-05-14 05:21:17,411 INFO CSMF2.step_1_1_1.run :: epoch=20 step=50/429 train_nll=-3579.917
2026-05-14 05:21:59,146 INFO CSMF2.step_1_1_1.run :: [h] epoch=20 step=100 total=0.05204 batch=0.05160
2026-05-14 05:21:59,146 INFO CSMF2.step_1_1_1.run :: [lat] epoch=20 step=100 mean_l2=0.02479 std_l2=0.01943
2026-05-14 05:21:59,557 INFO CSMF2.step_1_1_1.run :: epoch=20 step=100/429 train_nll=-3588.817
2026-05-14 05:22:41,290 INFO CSMF2.step_1_1_1.run :: [h] epoch=20 step=150 total=0.05156 batch=0.04537
2026-05-14 05:22:41,291 INFO CSMF2.step_1_1_1.run :: [lat] epoch=20 step=150 mean_l2=0.02805 std_l2=0.05045
2026-05-14 05:22:41,702 INFO CSMF2.step_1_1_1.run :: epoch=20 step=150/429 train_nll=-3576.494
2026-05-14 05:23:23,442 INFO CSMF2.step_1_1_1.run :: [h] epoch=20 step=200 total=0.04209 batch=0.03753
2026-05-14 05:23:23,443 INFO CSMF2.step_1_1_1.run :: [lat] epoch=20 step=200 mean_l2=0.02767 std_l2=0.01981
2026-05-14 05:23:23,854 INFO CSMF2.step_1_1_1.run :: epoch=20 step=200/429 train_nll=-3559.020
2026-05-14 05:24:05,590 INFO CSMF2.step_1_1_1.run :: [h] epoch=20 step=250 total=0.03971 batch=0.03826
2026-05-14 05:24:05,590 INFO CSMF2.step_1_1_1.run :: [lat] epoch=20 step=250 mean_l2=0.05857 std_l2=0.04930
2026-05-14 05:24:06,003 INFO CSMF2.step_1_1_1.run :: epoch=20 step=250/429 train_nll=-3555.486
2026-05-14 05:24:47,757 INFO CSMF2.step_1_1_1.run :: [h] epoch=20 step=300 total=0.03948 batch=0.03868
2026-05-14 05:24:47,758 INFO CSMF2.step_1_1_1.run :: [lat] epoch=20 step=300 mean_l2=0.03802 std_l2=0.02122
2026-05-14 05:24:48,170 INFO CSMF2.step_1_1_1.run :: epoch=20 step=300/429 train_nll=-3554.322
2026-05-14 05:25:29,969 INFO CSMF2.step_1_1_1.run :: [h] epoch=20 step=350 total=0.04275 batch=0.04194
2026-05-14 05:25:29,970 INFO CSMF2.step_1_1_1.run :: [lat] epoch=20 step=350 mean_l2=0.02492 std_l2=0.02298
2026-05-14 05:25:30,381 INFO CSMF2.step_1_1_1.run :: epoch=20 step=350/429 train_nll=-3550.369
2026-05-14 05:26:12,047 INFO CSMF2.step_1_1_1.run :: [h] epoch=20 step=400 total=0.04208 batch=0.04158
2026-05-14 05:26:12,048 INFO CSMF2.step_1_1_1.run :: [lat] epoch=20 step=400 mean_l2=0.02726 std_l2=0.02686
2026-05-14 05:26:12,465 INFO CSMF2.step_1_1_1.run :: epoch=20 step=400/429 train_nll=-3551.018
2026-05-14 05:26:45,508 INFO CSMF2.step_1_1_1.run :: epoch=20  train_nll=-3552.708  val_nll=-3595.611  t=370.3s
2026-05-14 05:26:45,508 INFO CSMF2.step_1_1_1.run :: [glow] film_gain mean=0.2644 min=0.2544 max=0.2775
2026-05-14 05:26:45,508 INFO CSMF2.step_1_1_1.run :: [shuffle] gap_mean=14.636 hinge=0.0000 lambda=1.000 margin=0.50
2026-05-14 05:26:45,508 INFO CSMF2.step_1_1_1.run :: [h_std] total=0.04494 batch=0.04357 penalty=0.00652 target=0.0500 mu=10.000
2026-05-14 05:26:45,508 INFO CSMF2.step_1_1_1.run :: [lat_epoch] mean_l2=0.03946 std_l2=0.04493 lambda=10.000
2026-05-14 05:26:45,508 INFO CSMF2.step_1_1_1.run :: [y_resid] alpha=0.1333
2026-05-14 05:26:45,508 INFO CSMF2.step_1_1_1.run :: [grad] cond=49.6761 film_gain=999.1446
2026-05-14 05:27:35,023 INFO CSMF2.step_1_1_1.run :: [h] epoch=21 step=50 total=0.04399 batch=0.04337
2026-05-14 05:27:35,024 INFO CSMF2.step_1_1_1.run :: [lat] epoch=21 step=50 mean_l2=0.04827 std_l2=0.02245
2026-05-14 05:27:35,435 INFO CSMF2.step_1_1_1.run :: epoch=21 step=50/429 train_nll=-3566.214
2026-05-14 05:28:17,297 INFO CSMF2.step_1_1_1.run :: [h] epoch=21 step=100 total=0.04196 batch=0.04139
2026-05-14 05:28:17,297 INFO CSMF2.step_1_1_1.run :: [lat] epoch=21 step=100 mean_l2=0.06791 std_l2=0.02669
2026-05-14 05:28:17,710 INFO CSMF2.step_1_1_1.run :: epoch=21 step=100/429 train_nll=-3575.940
2026-05-14 05:28:59,449 INFO CSMF2.step_1_1_1.run :: [h] epoch=21 step=150 total=0.04359 batch=0.04264
2026-05-14 05:28:59,450 INFO CSMF2.step_1_1_1.run :: [lat] epoch=21 step=150 mean_l2=0.03254 std_l2=0.04489
2026-05-14 05:28:59,862 INFO CSMF2.step_1_1_1.run :: epoch=21 step=150/429 train_nll=-3575.571
2026-05-14 05:29:41,608 INFO CSMF2.step_1_1_1.run :: [h] epoch=21 step=200 total=0.04671 batch=0.04616
2026-05-14 05:29:41,609 INFO CSMF2.step_1_1_1.run :: [lat] epoch=21 step=200 mean_l2=0.02889 std_l2=0.02199
2026-05-14 05:29:42,021 INFO CSMF2.step_1_1_1.run :: epoch=21 step=200/429 train_nll=-3569.805
2026-05-14 05:30:23,766 INFO CSMF2.step_1_1_1.run :: [h] epoch=21 step=250 total=0.04607 batch=0.04526
2026-05-14 05:30:23,766 INFO CSMF2.step_1_1_1.run :: [lat] epoch=21 step=250 mean_l2=0.05023 std_l2=0.02437
2026-05-14 05:30:24,179 INFO CSMF2.step_1_1_1.run :: epoch=21 step=250/429 train_nll=-3570.423
2026-05-14 05:31:05,950 INFO CSMF2.step_1_1_1.run :: [h] epoch=21 step=300 total=0.04378 batch=0.04328
2026-05-14 05:31:05,951 INFO CSMF2.step_1_1_1.run :: [lat] epoch=21 step=300 mean_l2=0.06051 std_l2=0.13192
2026-05-14 05:31:06,364 INFO CSMF2.step_1_1_1.run :: epoch=21 step=300/429 train_nll=-3570.616
2026-05-14 05:31:48,115 INFO CSMF2.step_1_1_1.run :: [h] epoch=21 step=350 total=0.04428 batch=0.04362
2026-05-14 05:31:48,116 INFO CSMF2.step_1_1_1.run :: [lat] epoch=21 step=350 mean_l2=0.02690 std_l2=0.02236
2026-05-14 05:31:48,528 INFO CSMF2.step_1_1_1.run :: epoch=21 step=350/429 train_nll=-3566.889
2026-05-14 05:32:30,277 INFO CSMF2.step_1_1_1.run :: [h] epoch=21 step=400 total=0.04525 batch=0.04481
2026-05-14 05:32:30,278 INFO CSMF2.step_1_1_1.run :: [lat] epoch=21 step=400 mean_l2=0.04815 std_l2=0.02050
2026-05-14 05:32:30,691 INFO CSMF2.step_1_1_1.run :: epoch=21 step=400/429 train_nll=-3568.618
2026-05-14 05:33:03,782 INFO CSMF2.step_1_1_1.run :: epoch=21  train_nll=-3568.357  val_nll=-3552.782  t=370.5s
2026-05-14 05:33:03,782 INFO CSMF2.step_1_1_1.run :: [glow] film_gain mean=0.2621 min=0.2529 max=0.2735
2026-05-14 05:33:03,782 INFO CSMF2.step_1_1_1.run :: [shuffle] gap_mean=15.775 hinge=0.0000 lambda=1.000 margin=0.50
2026-05-14 05:33:03,782 INFO CSMF2.step_1_1_1.run :: [h_std] total=0.04443 batch=0.04369 penalty=0.00631 target=0.0500 mu=10.000
2026-05-14 05:33:03,782 INFO CSMF2.step_1_1_1.run :: [lat_epoch] mean_l2=0.03764 std_l2=0.03181 lambda=10.000
2026-05-14 05:33:03,782 INFO CSMF2.step_1_1_1.run :: [y_resid] alpha=0.1378
2026-05-14 05:33:03,782 INFO CSMF2.step_1_1_1.run :: [grad] cond=60.3414 film_gain=1141.3551
2026-05-14 05:33:54,261 INFO CSMF2.step_1_1_1.run :: [h] epoch=22 step=50 total=0.04693 batch=0.04655
2026-05-14 05:33:54,261 INFO CSMF2.step_1_1_1.run :: [lat] epoch=22 step=50 mean_l2=0.03736 std_l2=0.02626
2026-05-14 05:33:54,673 INFO CSMF2.step_1_1_1.run :: epoch=22 step=50/429 train_nll=-3569.609
2026-05-14 05:34:36,363 INFO CSMF2.step_1_1_1.run :: [h] epoch=22 step=100 total=0.04623 batch=0.04576
2026-05-14 05:34:36,364 INFO CSMF2.step_1_1_1.run :: [lat] epoch=22 step=100 mean_l2=0.03857 std_l2=0.03285
2026-05-14 05:34:36,775 INFO CSMF2.step_1_1_1.run :: epoch=22 step=100/429 train_nll=-3568.668
2026-05-14 05:35:18,594 INFO CSMF2.step_1_1_1.run :: [h] epoch=22 step=150 total=0.04788 batch=0.04754
2026-05-14 05:35:18,595 INFO CSMF2.step_1_1_1.run :: [lat] epoch=22 step=150 mean_l2=0.04475 std_l2=0.01854
2026-05-14 05:35:19,005 INFO CSMF2.step_1_1_1.run :: epoch=22 step=150/429 train_nll=-3570.515
2026-05-14 05:36:00,921 INFO CSMF2.step_1_1_1.run :: [h] epoch=22 step=200 total=0.04479 batch=0.04413
2026-05-14 05:36:00,921 INFO CSMF2.step_1_1_1.run :: [lat] epoch=22 step=200 mean_l2=0.02832 std_l2=0.03091
2026-05-14 05:36:01,345 INFO CSMF2.step_1_1_1.run :: epoch=22 step=200/429 train_nll=-3574.840
2026-05-14 05:36:43,270 INFO CSMF2.step_1_1_1.run :: [h] epoch=22 step=250 total=0.04979 batch=0.04914
2026-05-14 05:36:43,270 INFO CSMF2.step_1_1_1.run :: [lat] epoch=22 step=250 mean_l2=0.02220 std_l2=0.01880
2026-05-14 05:36:43,686 INFO CSMF2.step_1_1_1.run :: epoch=22 step=250/429 train_nll=-3577.902
2026-05-14 05:37:25,586 INFO CSMF2.step_1_1_1.run :: [h] epoch=22 step=300 total=0.04764 batch=0.04719
2026-05-14 05:37:25,588 INFO CSMF2.step_1_1_1.run :: [lat] epoch=22 step=300 mean_l2=0.04333 std_l2=0.04485
2026-05-14 05:37:26,003 INFO CSMF2.step_1_1_1.run :: epoch=22 step=300/429 train_nll=-3580.773
2026-05-14 05:38:07,905 INFO CSMF2.step_1_1_1.run :: [h] epoch=22 step=350 total=0.05196 batch=0.05119
2026-05-14 05:38:07,906 INFO CSMF2.step_1_1_1.run :: [lat] epoch=22 step=350 mean_l2=0.02243 std_l2=0.02637
2026-05-14 05:38:08,318 INFO CSMF2.step_1_1_1.run :: epoch=22 step=350/429 train_nll=-3580.582
2026-05-14 05:38:50,101 INFO CSMF2.step_1_1_1.run :: [h] epoch=22 step=400 total=0.04912 batch=0.04869
2026-05-14 05:38:50,102 INFO CSMF2.step_1_1_1.run :: [lat] epoch=22 step=400 mean_l2=0.04282 std_l2=0.02126
2026-05-14 05:38:50,518 INFO CSMF2.step_1_1_1.run :: epoch=22 step=400/429 train_nll=-3581.977
2026-05-14 05:39:23,741 INFO CSMF2.step_1_1_1.run :: epoch=22  train_nll=-3581.819  val_nll=-3582.737  t=371.2s
2026-05-14 05:39:23,741 INFO CSMF2.step_1_1_1.run :: [glow] film_gain mean=0.2608 min=0.2519 max=0.2724
2026-05-14 05:39:23,741 INFO CSMF2.step_1_1_1.run :: [shuffle] gap_mean=17.109 hinge=0.0000 lambda=1.000 margin=0.50
2026-05-14 05:39:23,741 INFO CSMF2.step_1_1_1.run :: [h_std] total=0.04747 batch=0.04686 penalty=0.00316 target=0.0500 mu=10.000
2026-05-14 05:39:23,741 INFO CSMF2.step_1_1_1.run :: [lat_epoch] mean_l2=0.03521 std_l2=0.02798 lambda=10.000
2026-05-14 05:39:23,741 INFO CSMF2.step_1_1_1.run :: [y_resid] alpha=0.1425
2026-05-14 05:39:23,741 INFO CSMF2.step_1_1_1.run :: [grad] cond=59.3229 film_gain=596.2226
2026-05-14 05:40:14,457 INFO CSMF2.step_1_1_1.run :: [h] epoch=23 step=50 total=0.04930 batch=0.04849
2026-05-14 05:40:14,457 INFO CSMF2.step_1_1_1.run :: [lat] epoch=23 step=50 mean_l2=0.02605 std_l2=0.03227
2026-05-14 05:40:14,874 INFO CSMF2.step_1_1_1.run :: epoch=23 step=50/429 train_nll=-3538.959
2026-05-14 05:40:56,906 INFO CSMF2.step_1_1_1.run :: [h] epoch=23 step=100 total=0.04888 batch=0.04839
2026-05-14 05:40:56,907 INFO CSMF2.step_1_1_1.run :: [lat] epoch=23 step=100 mean_l2=0.03474 std_l2=0.02026
2026-05-14 05:40:57,322 INFO CSMF2.step_1_1_1.run :: epoch=23 step=100/429 train_nll=-3546.426
2026-05-14 05:41:39,297 INFO CSMF2.step_1_1_1.run :: [h] epoch=23 step=150 total=0.04746 batch=0.04669
2026-05-14 05:41:39,298 INFO CSMF2.step_1_1_1.run :: [lat] epoch=23 step=150 mean_l2=0.03682 std_l2=0.03480
2026-05-14 05:41:39,714 INFO CSMF2.step_1_1_1.run :: epoch=23 step=150/429 train_nll=-3553.664
2026-05-14 05:42:21,702 INFO CSMF2.step_1_1_1.run :: [h] epoch=23 step=200 total=0.04890 batch=0.04801
2026-05-14 05:42:21,703 INFO CSMF2.step_1_1_1.run :: [lat] epoch=23 step=200 mean_l2=0.02345 std_l2=0.02091
2026-05-14 05:42:22,120 INFO CSMF2.step_1_1_1.run :: epoch=23 step=200/429 train_nll=-3558.552
2026-05-14 05:43:04,072 INFO CSMF2.step_1_1_1.run :: [h] epoch=23 step=250 total=0.04809 batch=0.04714
2026-05-14 05:43:04,073 INFO CSMF2.step_1_1_1.run :: [lat] epoch=23 step=250 mean_l2=0.02686 std_l2=0.02656
2026-05-14 05:43:04,488 INFO CSMF2.step_1_1_1.run :: epoch=23 step=250/429 train_nll=-3553.724
2026-05-14 05:43:46,495 INFO CSMF2.step_1_1_1.run :: [h] epoch=23 step=300 total=0.04669 batch=0.04569
2026-05-14 05:43:46,495 INFO CSMF2.step_1_1_1.run :: [lat] epoch=23 step=300 mean_l2=0.03614 std_l2=0.07355
2026-05-14 05:43:46,913 INFO CSMF2.step_1_1_1.run :: epoch=23 step=300/429 train_nll=-3557.267
2026-05-14 05:44:28,772 INFO CSMF2.step_1_1_1.run :: [h] epoch=23 step=350 total=0.04781 batch=0.04715
2026-05-14 05:44:28,772 INFO CSMF2.step_1_1_1.run :: [lat] epoch=23 step=350 mean_l2=0.02933 std_l2=0.02734
2026-05-14 05:44:29,188 INFO CSMF2.step_1_1_1.run :: epoch=23 step=350/429 train_nll=-3555.481
2026-05-14 05:45:11,227 INFO CSMF2.step_1_1_1.run :: [h] epoch=23 step=400 total=0.04625 batch=0.04579
2026-05-14 05:45:11,228 INFO CSMF2.step_1_1_1.run :: [lat] epoch=23 step=400 mean_l2=0.06177 std_l2=0.04061
2026-05-14 05:45:11,642 INFO CSMF2.step_1_1_1.run :: epoch=23 step=400/429 train_nll=-3555.814
2026-05-14 05:45:44,888 INFO CSMF2.step_1_1_1.run :: epoch=23  train_nll=-3555.313  val_nll=-3600.031  t=372.4s
2026-05-14 05:45:44,889 INFO CSMF2.step_1_1_1.run :: [glow] film_gain mean=0.2571 min=0.2480 max=0.2664
2026-05-14 05:45:44,889 INFO CSMF2.step_1_1_1.run :: [shuffle] gap_mean=15.001 hinge=0.0000 lambda=1.000 margin=0.50
2026-05-14 05:45:44,889 INFO CSMF2.step_1_1_1.run :: [h_std] total=0.04834 batch=0.04752 penalty=0.00249 target=0.0500 mu=10.000
2026-05-14 05:45:44,889 INFO CSMF2.step_1_1_1.run :: [lat_epoch] mean_l2=0.04220 std_l2=0.04051 lambda=10.000
2026-05-14 05:45:44,889 INFO CSMF2.step_1_1_1.run :: [y_resid] alpha=0.1383
2026-05-14 05:45:44,889 INFO CSMF2.step_1_1_1.run :: [grad] cond=13.7641 film_gain=790.9909
2026-05-14 05:46:34,259 INFO CSMF2.step_1_1_1.run :: [h] epoch=24 step=50 total=0.04792 batch=0.04742
2026-05-14 05:46:34,259 INFO CSMF2.step_1_1_1.run :: [lat] epoch=24 step=50 mean_l2=0.04718 std_l2=0.03748
2026-05-14 05:46:34,667 INFO CSMF2.step_1_1_1.run :: epoch=24 step=50/429 train_nll=-3597.381
2026-05-14 05:47:17,132 INFO CSMF2.step_1_1_1.run :: [h] epoch=24 step=100 total=0.05173 batch=0.05140
2026-05-14 05:47:17,132 INFO CSMF2.step_1_1_1.run :: [lat] epoch=24 step=100 mean_l2=0.03581 std_l2=0.02053
2026-05-14 05:47:17,542 INFO CSMF2.step_1_1_1.run :: epoch=24 step=100/429 train_nll=-3598.788
2026-05-14 05:47:58,980 INFO CSMF2.step_1_1_1.run :: [h] epoch=24 step=150 total=0.05043 batch=0.04913
2026-05-14 05:47:58,981 INFO CSMF2.step_1_1_1.run :: [lat] epoch=24 step=150 mean_l2=0.03230 std_l2=0.02237
2026-05-14 05:47:59,387 INFO CSMF2.step_1_1_1.run :: epoch=24 step=150/429 train_nll=-3590.912
2026-05-14 05:48:41,128 INFO CSMF2.step_1_1_1.run :: [h] epoch=24 step=200 total=0.04775 batch=0.04651
2026-05-14 05:48:41,129 INFO CSMF2.step_1_1_1.run :: [lat] epoch=24 step=200 mean_l2=0.03543 std_l2=0.02866
2026-05-14 05:48:41,543 INFO CSMF2.step_1_1_1.run :: epoch=24 step=200/429 train_nll=-3586.792
2026-05-14 05:49:23,395 INFO CSMF2.step_1_1_1.run :: [h] epoch=24 step=250 total=0.04636 batch=0.04577
2026-05-14 05:49:23,395 INFO CSMF2.step_1_1_1.run :: [lat] epoch=24 step=250 mean_l2=0.05465 std_l2=0.02489
2026-05-14 05:49:23,810 INFO CSMF2.step_1_1_1.run :: epoch=24 step=250/429 train_nll=-3585.759
2026-05-14 05:50:05,676 INFO CSMF2.step_1_1_1.run :: [h] epoch=24 step=300 total=0.04740 batch=0.04653
2026-05-14 05:50:05,677 INFO CSMF2.step_1_1_1.run :: [lat] epoch=24 step=300 mean_l2=0.03039 std_l2=0.02075
2026-05-14 05:50:06,093 INFO CSMF2.step_1_1_1.run :: epoch=24 step=300/429 train_nll=-3584.541
2026-05-14 05:50:47,986 INFO CSMF2.step_1_1_1.run :: [h] epoch=24 step=350 total=0.04837 batch=0.04772
2026-05-14 05:50:47,987 INFO CSMF2.step_1_1_1.run :: [lat] epoch=24 step=350 mean_l2=0.02302 std_l2=0.02444
2026-05-14 05:50:48,403 INFO CSMF2.step_1_1_1.run :: epoch=24 step=350/429 train_nll=-3587.792
2026-05-14 05:51:30,219 INFO CSMF2.step_1_1_1.run :: [h] epoch=24 step=400 total=0.05020 batch=0.04957
2026-05-14 05:51:30,220 INFO CSMF2.step_1_1_1.run :: [lat] epoch=24 step=400 mean_l2=0.02501 std_l2=0.01896
2026-05-14 05:51:30,625 INFO CSMF2.step_1_1_1.run :: epoch=24 step=400/429 train_nll=-3588.439
2026-05-14 05:52:03,459 INFO CSMF2.step_1_1_1.run :: epoch=24  train_nll=-3589.880  val_nll=-3576.080  t=370.7s
2026-05-14 05:52:03,459 INFO CSMF2.step_1_1_1.run :: [glow] film_gain mean=0.2566 min=0.2454 max=0.2668
2026-05-14 05:52:03,459 INFO CSMF2.step_1_1_1.run :: [shuffle] gap_mean=17.862 hinge=0.0000 lambda=1.000 margin=0.50
2026-05-14 05:52:03,459 INFO CSMF2.step_1_1_1.run :: [h_std] total=0.04924 batch=0.04857 penalty=0.00155 target=0.0500 mu=10.000
2026-05-14 05:52:03,459 INFO CSMF2.step_1_1_1.run :: [lat_epoch] mean_l2=0.03354 std_l2=0.02553 lambda=10.000
2026-05-14 05:52:03,459 INFO CSMF2.step_1_1_1.run :: [y_resid] alpha=0.1422
2026-05-14 05:52:03,459 INFO CSMF2.step_1_1_1.run :: [grad] cond=36.4641 film_gain=2334.5010
2026-05-14 05:52:52,909 INFO CSMF2.step_1_1_1.run :: [h] epoch=25 step=50 total=0.05173 batch=0.05128
2026-05-14 05:52:52,909 INFO CSMF2.step_1_1_1.run :: [lat] epoch=25 step=50 mean_l2=0.02249 std_l2=0.01718
2026-05-14 05:52:53,319 INFO CSMF2.step_1_1_1.run :: epoch=25 step=50/429 train_nll=-3601.783
2026-05-14 05:53:34,914 INFO CSMF2.step_1_1_1.run :: [h] epoch=25 step=100 total=0.05071 batch=0.05033
2026-05-14 05:53:34,914 INFO CSMF2.step_1_1_1.run :: [lat] epoch=25 step=100 mean_l2=0.05975 std_l2=0.03534
2026-05-14 05:53:35,324 INFO CSMF2.step_1_1_1.run :: epoch=25 step=100/429 train_nll=-3591.029
2026-05-14 05:54:16,924 INFO CSMF2.step_1_1_1.run :: [h] epoch=25 step=150 total=0.05087 batch=0.05050
2026-05-14 05:54:16,925 INFO CSMF2.step_1_1_1.run :: [lat] epoch=25 step=150 mean_l2=0.02679 std_l2=0.02139
2026-05-14 05:54:17,332 INFO CSMF2.step_1_1_1.run :: epoch=25 step=150/429 train_nll=-3594.783
2026-05-14 05:54:58,875 INFO CSMF2.step_1_1_1.run :: [h] epoch=25 step=200 total=0.05151 batch=0.05098
2026-05-14 05:54:58,876 INFO CSMF2.step_1_1_1.run :: [lat] epoch=25 step=200 mean_l2=0.01967 std_l2=0.02152
2026-05-14 05:54:59,290 INFO CSMF2.step_1_1_1.run :: epoch=25 step=200/429 train_nll=-3595.663
2026-05-14 05:55:41,003 INFO CSMF2.step_1_1_1.run :: [h] epoch=25 step=250 total=0.04934 batch=0.04874
2026-05-14 05:55:41,003 INFO CSMF2.step_1_1_1.run :: [lat] epoch=25 step=250 mean_l2=0.02969 std_l2=0.01916
2026-05-14 05:55:41,415 INFO CSMF2.step_1_1_1.run :: epoch=25 step=250/429 train_nll=-3593.306
2026-05-14 05:56:23,228 INFO CSMF2.step_1_1_1.run :: [h] epoch=25 step=300 total=0.05086 batch=0.05004
2026-05-14 05:56:23,229 INFO CSMF2.step_1_1_1.run :: [lat] epoch=25 step=300 mean_l2=0.05740 std_l2=0.03175
2026-05-14 05:56:23,642 INFO CSMF2.step_1_1_1.run :: epoch=25 step=300/429 train_nll=-3592.703
2026-05-14 05:57:07,602 INFO CSMF2.step_1_1_1.run :: [h] epoch=25 step=350 total=0.04923 batch=0.04841
2026-05-14 05:57:07,603 INFO CSMF2.step_1_1_1.run :: [lat] epoch=25 step=350 mean_l2=0.03300 std_l2=0.02087
2026-05-14 05:57:08,052 INFO CSMF2.step_1_1_1.run :: epoch=25 step=350/429 train_nll=-3592.538
2026-05-14 05:57:54,190 INFO CSMF2.step_1_1_1.run :: [h] epoch=25 step=400 total=0.05114 batch=0.05058
2026-05-14 05:57:54,191 INFO CSMF2.step_1_1_1.run :: [lat] epoch=25 step=400 mean_l2=0.03595 std_l2=0.02007
2026-05-14 05:57:54,641 INFO CSMF2.step_1_1_1.run :: epoch=25 step=400/429 train_nll=-3592.524
2026-05-14 05:58:31,774 INFO CSMF2.step_1_1_1.run :: epoch=25  train_nll=-3591.854  val_nll=-3541.035  t=380.4s
2026-05-14 05:58:31,774 INFO CSMF2.step_1_1_1.run :: [glow] film_gain mean=0.2550 min=0.2427 max=0.2640
2026-05-14 05:58:31,774 INFO CSMF2.step_1_1_1.run :: [shuffle] gap_mean=17.709 hinge=0.0000 lambda=1.000 margin=0.50
2026-05-14 05:58:31,774 INFO CSMF2.step_1_1_1.run :: [h_std] total=0.05040 batch=0.04982 penalty=0.00062 target=0.0500 mu=10.000
2026-05-14 05:58:31,774 INFO CSMF2.step_1_1_1.run :: [lat_epoch] mean_l2=0.03524 std_l2=0.02674 lambda=10.000
2026-05-14 05:58:31,774 INFO CSMF2.step_1_1_1.run :: [y_resid] alpha=0.1424
2026-05-14 05:58:31,774 INFO CSMF2.step_1_1_1.run :: [grad] cond=135.3662 film_gain=2759.7620
2026-05-14 05:59:25,344 INFO CSMF2.step_1_1_1.run :: [h] epoch=26 step=50 total=0.05121 batch=0.05090
2026-05-14 05:59:25,345 INFO CSMF2.step_1_1_1.run :: [lat] epoch=26 step=50 mean_l2=0.02965 std_l2=0.02424
2026-05-14 05:59:25,794 INFO CSMF2.step_1_1_1.run :: epoch=26 step=50/429 train_nll=-3586.192
2026-05-14 06:00:11,966 INFO CSMF2.step_1_1_1.run :: [h] epoch=26 step=100 total=0.04983 batch=0.04900
2026-05-14 06:00:11,967 INFO CSMF2.step_1_1_1.run :: [lat] epoch=26 step=100 mean_l2=0.04578 std_l2=0.03234
2026-05-14 06:00:12,415 INFO CSMF2.step_1_1_1.run :: epoch=26 step=100/429 train_nll=-3595.615
2026-05-14 06:00:58,606 INFO CSMF2.step_1_1_1.run :: [h] epoch=26 step=150 total=0.05159 batch=0.05089
2026-05-14 06:00:58,607 INFO CSMF2.step_1_1_1.run :: [lat] epoch=26 step=150 mean_l2=0.03847 std_l2=0.02843
2026-05-14 06:00:59,057 INFO CSMF2.step_1_1_1.run :: epoch=26 step=150/429 train_nll=-3589.679
2026-05-14 06:01:45,190 INFO CSMF2.step_1_1_1.run :: [h] epoch=26 step=200 total=0.05077 batch=0.05000
2026-05-14 06:01:45,191 INFO CSMF2.step_1_1_1.run :: [lat] epoch=26 step=200 mean_l2=0.05311 std_l2=0.03863
2026-05-14 06:01:45,639 INFO CSMF2.step_1_1_1.run :: epoch=26 step=200/429 train_nll=-3588.286
2026-05-14 06:02:28,633 INFO CSMF2.step_1_1_1.run :: [h] epoch=26 step=250 total=0.05080 batch=0.05037
2026-05-14 06:02:28,634 INFO CSMF2.step_1_1_1.run :: [lat] epoch=26 step=250 mean_l2=0.03129 std_l2=0.01837
2026-05-14 06:02:29,044 INFO CSMF2.step_1_1_1.run :: epoch=26 step=250/429 train_nll=-3590.939
2026-05-14 06:03:10,772 INFO CSMF2.step_1_1_1.run :: [h] epoch=26 step=300 total=0.04992 batch=0.04941
2026-05-14 06:03:10,773 INFO CSMF2.step_1_1_1.run :: [lat] epoch=26 step=300 mean_l2=0.02133 std_l2=0.02145
2026-05-14 06:03:11,185 INFO CSMF2.step_1_1_1.run :: epoch=26 step=300/429 train_nll=-3592.092
2026-05-14 06:03:52,891 INFO CSMF2.step_1_1_1.run :: [h] epoch=26 step=350 total=0.05090 batch=0.05026
2026-05-14 06:03:52,891 INFO CSMF2.step_1_1_1.run :: [lat] epoch=26 step=350 mean_l2=0.02559 std_l2=0.02721
2026-05-14 06:03:53,301 INFO CSMF2.step_1_1_1.run :: epoch=26 step=350/429 train_nll=-3589.318
2026-05-14 06:04:35,036 INFO CSMF2.step_1_1_1.run :: [h] epoch=26 step=400 total=0.05137 batch=0.05053
2026-05-14 06:04:35,036 INFO CSMF2.step_1_1_1.run :: [lat] epoch=26 step=400 mean_l2=0.02450 std_l2=0.02446
2026-05-14 06:04:35,447 INFO CSMF2.step_1_1_1.run :: epoch=26 step=400/429 train_nll=-3587.110
2026-05-14 06:05:08,567 INFO CSMF2.step_1_1_1.run :: epoch=26  train_nll=-3588.670  val_nll=-3621.047  t=388.8s
2026-05-14 06:05:08,567 INFO CSMF2.step_1_1_1.run :: [glow] film_gain mean=0.2537 min=0.2401 max=0.2630
2026-05-14 06:05:08,567 INFO CSMF2.step_1_1_1.run :: [shuffle] gap_mean=17.827 hinge=0.0000 lambda=1.000 margin=0.50
2026-05-14 06:05:08,567 INFO CSMF2.step_1_1_1.run :: [h_std] total=0.05038 batch=0.04976 penalty=0.00064 target=0.0500 mu=10.000
2026-05-14 06:05:08,567 INFO CSMF2.step_1_1_1.run :: [lat_epoch] mean_l2=0.03644 std_l2=0.02732 lambda=10.000
2026-05-14 06:05:08,567 INFO CSMF2.step_1_1_1.run :: [y_resid] alpha=0.1419
2026-05-14 06:05:08,567 INFO CSMF2.step_1_1_1.run :: [grad] cond=41.2138 film_gain=1160.0184
2026-05-14 06:05:58,543 INFO CSMF2.step_1_1_1.run :: [h] epoch=27 step=50 total=0.05395 batch=0.05195
2026-05-14 06:05:58,543 INFO CSMF2.step_1_1_1.run :: [lat] epoch=27 step=50 mean_l2=0.02518 std_l2=0.06852
2026-05-14 06:05:58,960 INFO CSMF2.step_1_1_1.run :: epoch=27 step=50/429 train_nll=-3578.546
2026-05-14 06:06:40,955 INFO CSMF2.step_1_1_1.run :: [h] epoch=27 step=100 total=0.04947 batch=0.04855
2026-05-14 06:06:40,955 INFO CSMF2.step_1_1_1.run :: [lat] epoch=27 step=100 mean_l2=0.03138 std_l2=0.02026
2026-05-14 06:06:41,371 INFO CSMF2.step_1_1_1.run :: epoch=27 step=100/429 train_nll=-3575.965
2026-05-14 06:07:23,853 INFO CSMF2.step_1_1_1.run :: [h] epoch=27 step=150 total=0.04874 batch=0.04824
2026-05-14 06:07:23,854 INFO CSMF2.step_1_1_1.run :: [lat] epoch=27 step=150 mean_l2=0.02639 std_l2=0.02828
2026-05-14 06:07:24,284 INFO CSMF2.step_1_1_1.run :: epoch=27 step=150/429 train_nll=-3584.538
2026-05-14 06:08:06,319 INFO CSMF2.step_1_1_1.run :: [h] epoch=27 step=200 total=0.04839 batch=0.04707
2026-05-14 06:08:06,319 INFO CSMF2.step_1_1_1.run :: [lat] epoch=27 step=200 mean_l2=0.03441 std_l2=0.02655
2026-05-14 06:08:06,734 INFO CSMF2.step_1_1_1.run :: epoch=27 step=200/429 train_nll=-3586.719
2026-05-14 06:08:48,717 INFO CSMF2.step_1_1_1.run :: [h] epoch=27 step=250 total=0.05033 batch=0.04997
2026-05-14 06:08:48,717 INFO CSMF2.step_1_1_1.run :: [lat] epoch=27 step=250 mean_l2=0.02184 std_l2=0.02521
2026-05-14 06:08:49,134 INFO CSMF2.step_1_1_1.run :: epoch=27 step=250/429 train_nll=-3588.446
2026-05-14 06:09:31,178 INFO CSMF2.step_1_1_1.run :: [h] epoch=27 step=300 total=0.05011 batch=0.04907
2026-05-14 06:09:31,178 INFO CSMF2.step_1_1_1.run :: [lat] epoch=27 step=300 mean_l2=0.03684 std_l2=0.02794
2026-05-14 06:09:31,596 INFO CSMF2.step_1_1_1.run :: epoch=27 step=300/429 train_nll=-3584.475
2026-05-14 06:10:13,606 INFO CSMF2.step_1_1_1.run :: [h] epoch=27 step=350 total=0.05019 batch=0.04926
2026-05-14 06:10:13,609 INFO CSMF2.step_1_1_1.run :: [lat] epoch=27 step=350 mean_l2=0.03080 std_l2=0.03281
2026-05-14 06:10:14,023 INFO CSMF2.step_1_1_1.run :: epoch=27 step=350/429 train_nll=-3584.856
2026-05-14 06:10:56,016 INFO CSMF2.step_1_1_1.run :: [h] epoch=27 step=400 total=0.04993 batch=0.04942
2026-05-14 06:10:56,017 INFO CSMF2.step_1_1_1.run :: [lat] epoch=27 step=400 mean_l2=0.03559 std_l2=0.02625
2026-05-14 06:10:56,434 INFO CSMF2.step_1_1_1.run :: epoch=27 step=400/429 train_nll=-3587.700
2026-05-14 06:11:29,694 INFO CSMF2.step_1_1_1.run :: epoch=27  train_nll=-3588.681  val_nll=-3619.449  t=373.2s
2026-05-14 06:11:29,694 INFO CSMF2.step_1_1_1.run :: [glow] film_gain mean=0.2520 min=0.2368 max=0.2626
2026-05-14 06:11:29,694 INFO CSMF2.step_1_1_1.run :: [shuffle] gap_mean=17.343 hinge=0.0000 lambda=1.000 margin=0.50
2026-05-14 06:11:29,694 INFO CSMF2.step_1_1_1.run :: [h_std] total=0.04964 batch=0.04892 penalty=0.00125 target=0.0500 mu=10.000
2026-05-14 06:11:29,694 INFO CSMF2.step_1_1_1.run :: [lat_epoch] mean_l2=0.03482 std_l2=0.03214 lambda=10.000
2026-05-14 06:11:29,694 INFO CSMF2.step_1_1_1.run :: [y_resid] alpha=0.1406
2026-05-14 06:11:29,694 INFO CSMF2.step_1_1_1.run :: [grad] cond=78.4111 film_gain=1477.5439
2026-05-14 06:12:23,892 INFO CSMF2.step_1_1_1.run :: [h] epoch=28 step=50 total=0.05120 batch=0.05075
2026-05-14 06:12:23,893 INFO CSMF2.step_1_1_1.run :: [lat] epoch=28 step=50 mean_l2=0.04930 std_l2=0.06760
2026-05-14 06:12:24,343 INFO CSMF2.step_1_1_1.run :: epoch=28 step=50/429 train_nll=-3615.519
2026-05-14 06:13:10,526 INFO CSMF2.step_1_1_1.run :: [h] epoch=28 step=100 total=0.05164 batch=0.05064
2026-05-14 06:13:10,527 INFO CSMF2.step_1_1_1.run :: [lat] epoch=28 step=100 mean_l2=0.02905 std_l2=0.03307
2026-05-14 06:13:10,977 INFO CSMF2.step_1_1_1.run :: epoch=28 step=100/429 train_nll=-3600.271
2026-05-14 06:13:53,729 INFO CSMF2.step_1_1_1.run :: [h] epoch=28 step=150 total=0.04961 batch=0.04912
2026-05-14 06:13:53,729 INFO CSMF2.step_1_1_1.run :: [lat] epoch=28 step=150 mean_l2=0.02756 std_l2=0.01965
2026-05-14 06:13:54,152 INFO CSMF2.step_1_1_1.run :: epoch=28 step=150/429 train_nll=-3598.823
2026-05-14 06:14:39,012 INFO CSMF2.step_1_1_1.run :: [h] epoch=28 step=200 total=0.04849 batch=0.04695
2026-05-14 06:14:39,013 INFO CSMF2.step_1_1_1.run :: [lat] epoch=28 step=200 mean_l2=0.03223 std_l2=0.04355
2026-05-14 06:14:39,432 INFO CSMF2.step_1_1_1.run :: epoch=28 step=200/429 train_nll=-3593.503
2026-05-14 06:15:21,526 INFO CSMF2.step_1_1_1.run :: [h] epoch=28 step=250 total=0.05108 batch=0.05063
2026-05-14 06:15:21,526 INFO CSMF2.step_1_1_1.run :: [lat] epoch=28 step=250 mean_l2=0.02794 std_l2=0.02063
2026-05-14 06:15:21,943 INFO CSMF2.step_1_1_1.run :: epoch=28 step=250/429 train_nll=-3592.931
2026-05-14 06:16:03,968 INFO CSMF2.step_1_1_1.run :: [h] epoch=28 step=300 total=0.05124 batch=0.04990
2026-05-14 06:16:03,969 INFO CSMF2.step_1_1_1.run :: [lat] epoch=28 step=300 mean_l2=0.02791 std_l2=0.02389
2026-05-14 06:16:04,388 INFO CSMF2.step_1_1_1.run :: epoch=28 step=300/429 train_nll=-3588.347
2026-05-14 06:16:46,366 INFO CSMF2.step_1_1_1.run :: [h] epoch=28 step=350 total=0.04992 batch=0.04924
2026-05-14 06:16:46,366 INFO CSMF2.step_1_1_1.run :: [lat] epoch=28 step=350 mean_l2=0.02530 std_l2=0.02063
2026-05-14 06:16:46,784 INFO CSMF2.step_1_1_1.run :: epoch=28 step=350/429 train_nll=-3591.061
2026-05-14 06:17:28,818 INFO CSMF2.step_1_1_1.run :: [h] epoch=28 step=400 total=0.04985 batch=0.04914
2026-05-14 06:17:28,819 INFO CSMF2.step_1_1_1.run :: [lat] epoch=28 step=400 mean_l2=0.03267 std_l2=0.02680
2026-05-14 06:17:29,235 INFO CSMF2.step_1_1_1.run :: epoch=28 step=400/429 train_nll=-3592.396
2026-05-14 06:18:05,635 INFO CSMF2.step_1_1_1.run :: epoch=28  train_nll=-3592.543  val_nll=-3611.359  t=387.9s
2026-05-14 06:18:05,635 INFO CSMF2.step_1_1_1.run :: [glow] film_gain mean=0.2500 min=0.2316 max=0.2616
2026-05-14 06:18:05,635 INFO CSMF2.step_1_1_1.run :: [shuffle] gap_mean=18.648 hinge=0.0000 lambda=1.000 margin=0.50
2026-05-14 06:18:05,635 INFO CSMF2.step_1_1_1.run :: [h_std] total=0.05026 batch=0.04958 penalty=0.00076 target=0.0500 mu=10.000
2026-05-14 06:18:05,635 INFO CSMF2.step_1_1_1.run :: [lat_epoch] mean_l2=0.03608 std_l2=0.02898 lambda=10.000
2026-05-14 06:18:05,635 INFO CSMF2.step_1_1_1.run :: [y_resid] alpha=0.1395
2026-05-14 06:18:05,635 INFO CSMF2.step_1_1_1.run :: [grad] cond=69.1747 film_gain=1130.5596
2026-05-14 06:18:56,387 INFO CSMF2.step_1_1_1.run :: [h] epoch=29 step=50 total=0.05198 batch=0.05141
2026-05-14 06:18:56,388 INFO CSMF2.step_1_1_1.run :: [lat] epoch=29 step=50 mean_l2=0.02326 std_l2=0.02261
2026-05-14 06:18:56,804 INFO CSMF2.step_1_1_1.run :: epoch=29 step=50/429 train_nll=-3597.294
2026-05-14 06:19:38,806 INFO CSMF2.step_1_1_1.run :: [h] epoch=29 step=100 total=0.04824 batch=0.04747
2026-05-14 06:19:38,806 INFO CSMF2.step_1_1_1.run :: [lat] epoch=29 step=100 mean_l2=0.08296 std_l2=0.04786
2026-05-14 06:19:39,223 INFO CSMF2.step_1_1_1.run :: epoch=29 step=100/429 train_nll=-3598.226
2026-05-14 06:20:21,230 INFO CSMF2.step_1_1_1.run :: [h] epoch=29 step=150 total=0.05192 batch=0.05152
2026-05-14 06:20:21,231 INFO CSMF2.step_1_1_1.run :: [lat] epoch=29 step=150 mean_l2=0.04849 std_l2=0.04335
2026-05-14 06:20:21,648 INFO CSMF2.step_1_1_1.run :: epoch=29 step=150/429 train_nll=-3592.997
2026-05-14 06:21:03,627 INFO CSMF2.step_1_1_1.run :: [h] epoch=29 step=200 total=0.05013 batch=0.04957
2026-05-14 06:21:03,628 INFO CSMF2.step_1_1_1.run :: [lat] epoch=29 step=200 mean_l2=0.03120 std_l2=0.02017
2026-05-14 06:21:04,044 INFO CSMF2.step_1_1_1.run :: epoch=29 step=200/429 train_nll=-3593.461
2026-05-14 06:21:46,034 INFO CSMF2.step_1_1_1.run :: [h] epoch=29 step=250 total=0.05200 batch=0.05153
2026-05-14 06:21:46,035 INFO CSMF2.step_1_1_1.run :: [lat] epoch=29 step=250 mean_l2=0.03439 std_l2=0.04026
2026-05-14 06:21:46,452 INFO CSMF2.step_1_1_1.run :: epoch=29 step=250/429 train_nll=-3596.958
2026-05-14 06:22:28,493 INFO CSMF2.step_1_1_1.run :: [h] epoch=29 step=300 total=0.05057 batch=0.04981
2026-05-14 06:22:28,494 INFO CSMF2.step_1_1_1.run :: [lat] epoch=29 step=300 mean_l2=0.03282 std_l2=0.03338
2026-05-14 06:22:28,910 INFO CSMF2.step_1_1_1.run :: epoch=29 step=300/429 train_nll=-3595.462
2026-05-14 06:23:10,915 INFO CSMF2.step_1_1_1.run :: [h] epoch=29 step=350 total=0.04956 batch=0.04909
2026-05-14 06:23:10,915 INFO CSMF2.step_1_1_1.run :: [lat] epoch=29 step=350 mean_l2=0.03057 std_l2=0.02935
2026-05-14 06:23:11,333 INFO CSMF2.step_1_1_1.run :: epoch=29 step=350/429 train_nll=-3593.558
2026-05-14 06:23:53,391 INFO CSMF2.step_1_1_1.run :: [h] epoch=29 step=400 total=0.04990 batch=0.04928
2026-05-14 06:23:53,392 INFO CSMF2.step_1_1_1.run :: [lat] epoch=29 step=400 mean_l2=0.07612 std_l2=0.02384
2026-05-14 06:23:53,810 INFO CSMF2.step_1_1_1.run :: epoch=29 step=400/429 train_nll=-3594.501
2026-05-14 06:24:27,060 INFO CSMF2.step_1_1_1.run :: epoch=29  train_nll=-3595.507  val_nll=-3623.120  t=372.6s
2026-05-14 06:24:27,060 INFO CSMF2.step_1_1_1.run :: [glow] film_gain mean=0.2488 min=0.2306 max=0.2608
2026-05-14 06:24:27,060 INFO CSMF2.step_1_1_1.run :: [shuffle] gap_mean=18.858 hinge=0.0000 lambda=1.000 margin=0.50
2026-05-14 06:24:27,060 INFO CSMF2.step_1_1_1.run :: [h_std] total=0.05026 batch=0.04962 penalty=0.00075 target=0.0500 mu=10.000
2026-05-14 06:24:27,060 INFO CSMF2.step_1_1_1.run :: [lat_epoch] mean_l2=0.03485 std_l2=0.02925 lambda=10.000
2026-05-14 06:24:27,060 INFO CSMF2.step_1_1_1.run :: [y_resid] alpha=0.1387
2026-05-14 06:24:27,060 INFO CSMF2.step_1_1_1.run :: [grad] cond=104.1326 film_gain=1347.2543
2026-05-14 06:24:34,858 WARNING CSMF2.step_1_1_1.run :: [exit_gate] fwd_rel=0.979 > target 0.500 (informational; no resume baseline available)
2026-05-14 06:24:52,055 INFO CSMF2.step_1_1_1.run :: [run] FINAL test_nll (sealed 10k) = -3621.074
2026-05-14 06:24:52,811 INFO CSMF2.experiments.step_1_1_1.density_plots :: [plot_latent_density] saved -> CSMF2/experiments/step_1_1_1/results/glow_s2_n0.00_seed0_f265bbd99e07/plots/latent_density.png  (ks=0.0060, mean=0.006, std=0.978)
2026-05-14 06:24:53,245 INFO CSMF2.experiments.step_1_1_1.density_plots :: [plot_cycle_density] saved -> CSMF2/experiments/step_1_1_1/results/glow_s2_n0.00_seed0_f265bbd99e07/plots/cycle_density.png  (max|err|=3.076e-05 rms=5.415e-07)
2026-05-14 06:24:53,649 INFO CSMF2.experiments.step_1_1_1.density_plots :: [plot_reconstruction_panel] saved -> CSMF2/experiments/step_1_1_1/results/glow_s2_n0.00_seed0_f265bbd99e07/plots/reconstruction_panel.png  rms(enc-prior)=1.999
==============================================================
[1mSTEP-1_1_1 RUN SUMMARY[0m
==============================================================
expert: glow   scale: 2   noise: 0.0   seed: 0   epochs: 30
train NLL:    -2961.47  ->    -3595.51  (Δ = -634.04)
test  NLL:    -3285.06  ->    -3623.12

[1mHARD GATES (halt on fail)[0m
  [32m 30/30  ✓[0m  invertibility FP64 <1e-5
  [33m 15/30  ✗[0m  latent KS vs N(0,1) <0.05
  [32m 30/30  ✓[0m  cycle_max < 1e-12
  [31m  0/30  ✗[0m  h std > 1e-3
  [31m  0/30  ✗[0m  FiLM γ,β std > 1e-3 aggregate
  [31m  0/30  ✗[0m  (y,seed) max|Δh| < 1e-6
  [32m 30/30  ✓[0m  no NaN/Inf this epoch
  [32m  1/1   ✓[0m  numeric log-det (FP64, once)

[1mINFORMATIONAL (logged, non-blocking)[0m
  [31m  0/30  ✗[0m  null-control gap ≥ 0.10
  [31m  0/30  ✗[0m  h_st Δlogp slope > 1e-3
  [31m  0/30  ✗[0m  grad norm > 1e-6
  [32m 30/30  ✓[0m  fwd residual reported
--------------------------------------------------------------
[1mHARD TOTAL: 106/211[0m  (50.2%)
[1mEXIT_CRITERIA_MET:[0m [31mNO[0m
[1mREMEDY HINTS:[0m
  - hard gate failed: latent_ks (latent KS vs N(0,1) <0.05) -- check epochs [0, 1, 2, 3, 4, 7, 8, 10, 12, 13, 15, 18, 19, 24, 27]
  - hard gate failed: h_alive (h std > 1e-3) -- check epochs [0, 1, 2, 3, 4, 5, 6, 7, 8, 9, 10, 11, 12, 13, 14, 15, 16, 17, 18, 19, 20, 21, 22, 23, 24, 25, 26, 27, 28, 29]
  - hard gate failed: film_alive (FiLM γ,β std > 1e-3 aggregate) -- check epochs [0, 1, 2, 3, 4, 5, 6, 7, 8, 9, 10, 11, 12, 13, 14, 15, 16, 17, 18, 19, 20, 21, 22, 23, 24, 25, 26, 27, 28, 29]
  - hard gate failed: determinism ((y,seed) max|Δh| < 1e-6) -- check epochs [0, 1, 2, 3, 4, 5, 6, 7, 8, 9, 10, 11, 12, 13, 14, 15, 16, 17, 18, 19, 20, 21, 22, 23, 24, 25, 26, 27, 28, 29]
[33mSTEP-1_1_1 SOFT WARNINGS (non-blocking):[0m
  ! fwd_rel=0.979 > target 0.500 (informational; no resume baseline available)
==============================================================
2026-05-14 06:24:53,722 INFO CSMF2.step_1_1_1.run :: STEP-1_1 run DONE  exit_ok=False  out=CSMF2/experiments/step_1_1_1/results/glow_s2_n0.00_seed0_f265bbd99e07
