2026-05-14 12:31:58,138 INFO CSMF2.step_1_1_1.run :: STEP-1_1 run | tag=glow_s2_n0.10_seed0_7baaabdc8ec2 | cfg=StepCfg(data_root='./mnist_data', scale=2, blur_sigma=1.0, noise_sigma=0.1, batch_size=128, expert='glow', dim=784, cond_width=128, h_dim=256, flow_hidden=256, use_film=True, cache_h=True, use_v2_conditioner=True, film_depth=2, film_hidden=128, film_use_gelu=True, realnvp_n_couplings=6, realnvp_s_max=2.0, glow_n_steps=8, glow_coupling_hidden=256, glow_s_max=2.0, glow_squeeze=True, glow_n_levels=1, glow_image_c=1, glow_image_h=28, glow_image_w=28, glow_film_gain_init=0.3, lr=0.001, epochs=30, weight_decay=0.0, grad_clip=5.0, shuffle_loss_lambda=1.0, shuffle_loss_margin=0.5, h_std_penalty_mu=10.0, h_std_target=0.05, cond_y_residual_alpha_init=0.3, latent_moment_lambda=0.1, latent_ks_target=0.1, fwd_rel_target=0.5, resume_from=None, seed=0, out_root='./CSMF2/experiments/step_1_1_1/results', log_every=50, sanity_every_epoch=True)
2026-05-14 12:31:58,206 INFO CSMF2.step_1_1_1.run :: [run] data sizes: train=55000  val=5000 (per-epoch)  test=10000 (final-only)
2026-05-14 12:31:58,265 INFO CSMF2.step_1_1_1.run :: [y_sanity] y.std(dim=0).mean() = 0.1512  shape=(128, 1, 14, 14)
2026-05-14 12:31:58,399 INFO CSMF2.models.flows.glow.actnorm :: [Actnorm] data-init: C=4  s_mean=0.562  b_mean=1.188
2026-05-14 12:31:58,433 INFO CSMF2.models.experts :: [CondGlow.init_actnorm] step 0 done
2026-05-14 12:31:58,433 INFO CSMF2.models.flows.glow.actnorm :: [Actnorm] data-init: C=4  s_mean=1.192  b_mean=0.002
2026-05-14 12:31:58,468 INFO CSMF2.models.experts :: [CondGlow.init_actnorm] step 1 done
2026-05-14 12:31:58,469 INFO CSMF2.models.flows.glow.actnorm :: [Actnorm] data-init: C=4  s_mean=0.964  b_mean=-0.012
2026-05-14 12:31:58,504 INFO CSMF2.models.experts :: [CondGlow.init_actnorm] step 2 done
2026-05-14 12:31:58,505 INFO CSMF2.models.flows.glow.actnorm :: [Actnorm] data-init: C=4  s_mean=1.038  b_mean=-0.000
2026-05-14 12:31:58,541 INFO CSMF2.models.experts :: [CondGlow.init_actnorm] step 3 done
2026-05-14 12:31:58,541 INFO CSMF2.models.flows.glow.actnorm :: [Actnorm] data-init: C=4  s_mean=1.041  b_mean=0.005
2026-05-14 12:31:58,577 INFO CSMF2.models.experts :: [CondGlow.init_actnorm] step 4 done
2026-05-14 12:31:58,577 INFO CSMF2.models.flows.glow.actnorm :: [Actnorm] data-init: C=4  s_mean=1.264  b_mean=0.016
2026-05-14 12:31:58,613 INFO CSMF2.models.experts :: [CondGlow.init_actnorm] step 5 done
2026-05-14 12:31:58,614 INFO CSMF2.models.flows.glow.actnorm :: [Actnorm] data-init: C=4  s_mean=1.074  b_mean=0.000
2026-05-14 12:31:58,650 INFO CSMF2.models.experts :: [CondGlow.init_actnorm] step 6 done
2026-05-14 12:31:58,650 INFO CSMF2.models.flows.glow.actnorm :: [Actnorm] data-init: C=4  s_mean=0.975  b_mean=-0.008
2026-05-14 12:31:58,686 INFO CSMF2.models.experts :: [CondGlow.init_actnorm] step 7 done
2026-05-14 12:31:58,687 INFO CSMF2.step_1_1_1.run :: [run] logdet twin check SKIPPED for Glow: twin-flow logdet check incompatible with image-shape Glow; per-epoch invertibility_check covers correctness
2026-05-14 12:32:43,016 INFO CSMF2.step_1_1_1.run :: [h] epoch=0 step=50 total=0.05102 batch=0.03112
2026-05-14 12:32:43,017 INFO CSMF2.step_1_1_1.run :: [lat] epoch=0 step=50 mean_l2=0.14707 std_l2=0.31912
2026-05-14 12:32:43,452 INFO CSMF2.step_1_1_1.run :: epoch=0 step=50/429 train_nll=-1964.271
2026-05-14 12:33:27,633 INFO CSMF2.step_1_1_1.run :: [h] epoch=0 step=100 total=0.04157 batch=0.03100
2026-05-14 12:33:27,634 INFO CSMF2.step_1_1_1.run :: [lat] epoch=0 step=100 mean_l2=0.29870 std_l2=0.18497
2026-05-14 12:33:28,035 INFO CSMF2.step_1_1_1.run :: epoch=0 step=100/429 train_nll=-2374.099
2026-05-14 12:34:11,753 INFO CSMF2.step_1_1_1.run :: [h] epoch=0 step=150 total=0.03648 batch=0.03069
2026-05-14 12:34:11,754 INFO CSMF2.step_1_1_1.run :: [lat] epoch=0 step=150 mean_l2=0.11923 std_l2=0.16819
2026-05-14 12:34:12,156 INFO CSMF2.step_1_1_1.run :: epoch=0 step=150/429 train_nll=-2564.122
2026-05-14 12:34:56,325 INFO CSMF2.step_1_1_1.run :: [h] epoch=0 step=200 total=0.03659 batch=0.02805
2026-05-14 12:34:56,325 INFO CSMF2.step_1_1_1.run :: [lat] epoch=0 step=200 mean_l2=0.13689 std_l2=0.12026
2026-05-14 12:34:56,725 INFO CSMF2.step_1_1_1.run :: epoch=0 step=200/429 train_nll=-2683.085
2026-05-14 12:35:40,668 INFO CSMF2.step_1_1_1.run :: [h] epoch=0 step=250 total=0.03473 batch=0.02926
2026-05-14 12:35:40,669 INFO CSMF2.step_1_1_1.run :: [lat] epoch=0 step=250 mean_l2=0.18042 std_l2=0.10095
2026-05-14 12:35:41,074 INFO CSMF2.step_1_1_1.run :: epoch=0 step=250/429 train_nll=-2769.923
2026-05-14 12:36:25,339 INFO CSMF2.step_1_1_1.run :: [h] epoch=0 step=300 total=0.03627 batch=0.03072
2026-05-14 12:36:25,340 INFO CSMF2.step_1_1_1.run :: [lat] epoch=0 step=300 mean_l2=0.11668 std_l2=0.08936
2026-05-14 12:36:25,748 INFO CSMF2.step_1_1_1.run :: epoch=0 step=300/429 train_nll=-2835.892
2026-05-14 12:37:09,855 INFO CSMF2.step_1_1_1.run :: [h] epoch=0 step=350 total=0.03476 batch=0.02903
2026-05-14 12:37:09,856 INFO CSMF2.step_1_1_1.run :: [lat] epoch=0 step=350 mean_l2=0.16417 std_l2=0.08643
2026-05-14 12:37:10,256 INFO CSMF2.step_1_1_1.run :: epoch=0 step=350/429 train_nll=-2888.073
2026-05-14 12:37:54,219 INFO CSMF2.step_1_1_1.run :: [h] epoch=0 step=400 total=0.03551 batch=0.03058
2026-05-14 12:37:54,220 INFO CSMF2.step_1_1_1.run :: [lat] epoch=0 step=400 mean_l2=0.09527 std_l2=0.06631
2026-05-14 12:37:54,629 INFO CSMF2.step_1_1_1.run :: epoch=0 step=400/429 train_nll=-2931.325
2026-05-14 12:38:30,670 INFO CSMF2.step_1_1_1.run :: epoch=0  train_nll=-2947.433  val_nll=-3230.959  t=392.0s
2026-05-14 12:38:30,670 INFO CSMF2.step_1_1_1.run :: [glow] film_gain mean=0.2986 min=0.2798 max=0.3136
2026-05-14 12:38:30,670 INFO CSMF2.step_1_1_1.run :: [shuffle] gap_mean=0.308 hinge=0.2747 lambda=1.000 margin=0.50
2026-05-14 12:38:30,670 INFO CSMF2.step_1_1_1.run :: [h_std] total=0.03981 batch=0.03017 penalty=0.01983 target=0.0500 mu=10.000
2026-05-14 12:38:30,670 INFO CSMF2.step_1_1_1.run :: [lat_epoch] mean_l2=0.17001 std_l2=0.22993 lambda=0.100
2026-05-14 12:38:30,670 INFO CSMF2.step_1_1_1.run :: [y_resid] alpha=0.2608
2026-05-14 12:38:30,670 INFO CSMF2.step_1_1_1.run :: [grad] cond=23.8116 film_gain=525.7482
2026-05-14 12:39:22,781 INFO CSMF2.step_1_1_1.run :: [h] epoch=1 step=50 total=0.03220 batch=0.02793
2026-05-14 12:39:22,782 INFO CSMF2.step_1_1_1.run :: [lat] epoch=1 step=50 mean_l2=0.04537 std_l2=0.05622
2026-05-14 12:39:23,183 INFO CSMF2.step_1_1_1.run :: epoch=1 step=50/429 train_nll=-3270.585
2026-05-14 12:40:07,196 INFO CSMF2.step_1_1_1.run :: [h] epoch=1 step=100 total=0.03307 batch=0.02900
2026-05-14 12:40:07,197 INFO CSMF2.step_1_1_1.run :: [lat] epoch=1 step=100 mean_l2=0.10783 std_l2=0.17003
2026-05-14 12:40:07,607 INFO CSMF2.step_1_1_1.run :: epoch=1 step=100/429 train_nll=-3246.588
2026-05-14 12:40:51,498 INFO CSMF2.step_1_1_1.run :: [h] epoch=1 step=150 total=0.03139 batch=0.02727
2026-05-14 12:40:51,499 INFO CSMF2.step_1_1_1.run :: [lat] epoch=1 step=150 mean_l2=0.12835 std_l2=0.04768
2026-05-14 12:40:51,906 INFO CSMF2.step_1_1_1.run :: epoch=1 step=150/429 train_nll=-3247.498
2026-05-14 12:41:35,586 INFO CSMF2.step_1_1_1.run :: [h] epoch=1 step=200 total=0.02949 batch=0.02721
2026-05-14 12:41:35,587 INFO CSMF2.step_1_1_1.run :: [lat] epoch=1 step=200 mean_l2=0.09568 std_l2=0.09215
2026-05-14 12:41:35,995 INFO CSMF2.step_1_1_1.run :: epoch=1 step=200/429 train_nll=-3259.997
2026-05-14 12:42:20,335 INFO CSMF2.step_1_1_1.run :: [h] epoch=1 step=250 total=0.03022 batch=0.02759
2026-05-14 12:42:20,336 INFO CSMF2.step_1_1_1.run :: [lat] epoch=1 step=250 mean_l2=0.07028 std_l2=0.04275
2026-05-14 12:42:20,748 INFO CSMF2.step_1_1_1.run :: epoch=1 step=250/429 train_nll=-3265.697
2026-05-14 12:43:05,438 INFO CSMF2.step_1_1_1.run :: [h] epoch=1 step=300 total=0.03003 batch=0.02772
2026-05-14 12:43:05,439 INFO CSMF2.step_1_1_1.run :: [lat] epoch=1 step=300 mean_l2=0.03033 std_l2=0.06105
2026-05-14 12:43:05,887 INFO CSMF2.step_1_1_1.run :: epoch=1 step=300/429 train_nll=-3275.032
2026-05-14 12:43:50,379 INFO CSMF2.step_1_1_1.run :: [h] epoch=1 step=350 total=0.03175 batch=0.02949
2026-05-14 12:43:50,380 INFO CSMF2.step_1_1_1.run :: [lat] epoch=1 step=350 mean_l2=0.04059 std_l2=0.04718
2026-05-14 12:43:50,827 INFO CSMF2.step_1_1_1.run :: epoch=1 step=350/429 train_nll=-3284.647
2026-05-14 12:44:35,248 INFO CSMF2.step_1_1_1.run :: [h] epoch=1 step=400 total=0.03304 batch=0.02972
2026-05-14 12:44:35,248 INFO CSMF2.step_1_1_1.run :: [lat] epoch=1 step=400 mean_l2=0.05417 std_l2=0.03465
2026-05-14 12:44:35,666 INFO CSMF2.step_1_1_1.run :: epoch=1 step=400/429 train_nll=-3287.502
2026-05-14 12:45:11,936 INFO CSMF2.step_1_1_1.run :: epoch=1  train_nll=-3292.697  val_nll=-3294.404  t=393.1s
2026-05-14 12:45:11,936 INFO CSMF2.step_1_1_1.run :: [glow] film_gain mean=0.2968 min=0.2719 max=0.3181
2026-05-14 12:45:11,936 INFO CSMF2.step_1_1_1.run :: [shuffle] gap_mean=1.395 hinge=0.0503 lambda=1.000 margin=0.50
2026-05-14 12:45:11,936 INFO CSMF2.step_1_1_1.run :: [h_std] total=0.03251 batch=0.02889 penalty=0.02111 target=0.0500 mu=10.000
2026-05-14 12:45:11,936 INFO CSMF2.step_1_1_1.run :: [lat_epoch] mean_l2=0.10130 std_l2=0.07441 lambda=0.100
2026-05-14 12:45:11,936 INFO CSMF2.step_1_1_1.run :: [y_resid] alpha=0.2346
2026-05-14 12:45:11,937 INFO CSMF2.step_1_1_1.run :: [grad] cond=9.3705 film_gain=287.0121
2026-05-14 12:46:04,230 INFO CSMF2.step_1_1_1.run :: [h] epoch=2 step=50 total=0.03255 batch=0.03063
2026-05-14 12:46:04,231 INFO CSMF2.step_1_1_1.run :: [lat] epoch=2 step=50 mean_l2=0.05038 std_l2=0.03257
2026-05-14 12:46:04,678 INFO CSMF2.step_1_1_1.run :: epoch=2 step=50/429 train_nll=-3365.083
2026-05-14 12:46:49,104 INFO CSMF2.step_1_1_1.run :: [h] epoch=2 step=100 total=0.03335 batch=0.03111
2026-05-14 12:46:49,104 INFO CSMF2.step_1_1_1.run :: [lat] epoch=2 step=100 mean_l2=0.06214 std_l2=0.06862
2026-05-14 12:46:49,524 INFO CSMF2.step_1_1_1.run :: epoch=2 step=100/429 train_nll=-3366.732
2026-05-14 12:47:34,174 INFO CSMF2.step_1_1_1.run :: [h] epoch=2 step=150 total=0.03420 batch=0.03179
2026-05-14 12:47:34,175 INFO CSMF2.step_1_1_1.run :: [lat] epoch=2 step=150 mean_l2=0.12202 std_l2=0.03005
2026-05-14 12:47:34,583 INFO CSMF2.step_1_1_1.run :: epoch=2 step=150/429 train_nll=-3373.454
2026-05-14 12:48:19,097 INFO CSMF2.step_1_1_1.run :: [h] epoch=2 step=200 total=0.03331 batch=0.03131
2026-05-14 12:48:19,098 INFO CSMF2.step_1_1_1.run :: [lat] epoch=2 step=200 mean_l2=0.04138 std_l2=0.03049
2026-05-14 12:48:19,509 INFO CSMF2.step_1_1_1.run :: epoch=2 step=200/429 train_nll=-3373.474
2026-05-14 12:49:04,055 INFO CSMF2.step_1_1_1.run :: [h] epoch=2 step=250 total=0.03414 batch=0.03227
2026-05-14 12:49:04,055 INFO CSMF2.step_1_1_1.run :: [lat] epoch=2 step=250 mean_l2=0.16565 std_l2=0.04729
2026-05-14 12:49:04,472 INFO CSMF2.step_1_1_1.run :: epoch=2 step=250/429 train_nll=-3376.015
2026-05-14 12:49:49,208 INFO CSMF2.step_1_1_1.run :: [h] epoch=2 step=300 total=0.03462 batch=0.02981
2026-05-14 12:49:49,208 INFO CSMF2.step_1_1_1.run :: [lat] epoch=2 step=300 mean_l2=0.08405 std_l2=0.03638
2026-05-14 12:49:49,626 INFO CSMF2.step_1_1_1.run :: epoch=2 step=300/429 train_nll=-3369.724
2026-05-14 12:50:34,071 INFO CSMF2.step_1_1_1.run :: [h] epoch=2 step=350 total=0.03310 batch=0.02972
2026-05-14 12:50:34,072 INFO CSMF2.step_1_1_1.run :: [lat] epoch=2 step=350 mean_l2=0.10383 std_l2=0.05146
2026-05-14 12:50:34,479 INFO CSMF2.step_1_1_1.run :: epoch=2 step=350/429 train_nll=-3369.935
2026-05-14 12:51:19,098 INFO CSMF2.step_1_1_1.run :: [h] epoch=2 step=400 total=0.03161 batch=0.02963
2026-05-14 12:51:19,099 INFO CSMF2.step_1_1_1.run :: [lat] epoch=2 step=400 mean_l2=0.11435 std_l2=0.05637
2026-05-14 12:51:19,546 INFO CSMF2.step_1_1_1.run :: epoch=2 step=400/429 train_nll=-3376.083
2026-05-14 12:51:55,956 INFO CSMF2.step_1_1_1.run :: epoch=2  train_nll=-3379.615  val_nll=-3444.580  t=395.8s
2026-05-14 12:51:55,956 INFO CSMF2.step_1_1_1.run :: [glow] film_gain mean=0.2947 min=0.2678 max=0.3186
2026-05-14 12:51:55,956 INFO CSMF2.step_1_1_1.run :: [shuffle] gap_mean=3.387 hinge=0.0226 lambda=1.000 margin=0.50
2026-05-14 12:51:55,956 INFO CSMF2.step_1_1_1.run :: [h_std] total=0.03350 batch=0.03072 penalty=0.01928 target=0.0500 mu=10.000
2026-05-14 12:51:55,956 INFO CSMF2.step_1_1_1.run :: [lat_epoch] mean_l2=0.08129 std_l2=0.05158 lambda=0.100
2026-05-14 12:51:55,956 INFO CSMF2.step_1_1_1.run :: [y_resid] alpha=0.2143
2026-05-14 12:51:55,956 INFO CSMF2.step_1_1_1.run :: [grad] cond=15.3874 film_gain=639.3362
2026-05-14 12:52:48,045 INFO CSMF2.step_1_1_1.run :: [h] epoch=3 step=50 total=0.03152 batch=0.02988
2026-05-14 12:52:48,045 INFO CSMF2.step_1_1_1.run :: [lat] epoch=3 step=50 mean_l2=0.05556 std_l2=0.04020
2026-05-14 12:52:48,455 INFO CSMF2.step_1_1_1.run :: epoch=3 step=50/429 train_nll=-3409.232
2026-05-14 12:53:33,121 INFO CSMF2.step_1_1_1.run :: [h] epoch=3 step=100 total=0.03474 batch=0.03047
2026-05-14 12:53:33,125 INFO CSMF2.step_1_1_1.run :: [lat] epoch=3 step=100 mean_l2=0.25009 std_l2=0.03134
2026-05-14 12:53:33,570 INFO CSMF2.step_1_1_1.run :: epoch=3 step=100/429 train_nll=-3388.953
2026-05-14 12:54:18,371 INFO CSMF2.step_1_1_1.run :: [h] epoch=3 step=150 total=0.03057 batch=0.02933
2026-05-14 12:54:18,372 INFO CSMF2.step_1_1_1.run :: [lat] epoch=3 step=150 mean_l2=0.06733 std_l2=0.02912
2026-05-14 12:54:18,789 INFO CSMF2.step_1_1_1.run :: epoch=3 step=150/429 train_nll=-3395.030
2026-05-14 12:55:03,476 INFO CSMF2.step_1_1_1.run :: [h] epoch=3 step=200 total=0.03299 batch=0.03107
2026-05-14 12:55:03,477 INFO CSMF2.step_1_1_1.run :: [lat] epoch=3 step=200 mean_l2=0.08716 std_l2=0.04222
2026-05-14 12:55:03,925 INFO CSMF2.step_1_1_1.run :: epoch=3 step=200/429 train_nll=-3396.372
2026-05-14 12:55:48,561 INFO CSMF2.step_1_1_1.run :: [h] epoch=3 step=250 total=0.03236 batch=0.02838
2026-05-14 12:55:48,562 INFO CSMF2.step_1_1_1.run :: [lat] epoch=3 step=250 mean_l2=0.05165 std_l2=0.03173
2026-05-14 12:55:48,971 INFO CSMF2.step_1_1_1.run :: epoch=3 step=250/429 train_nll=-3392.051
2026-05-14 12:56:33,626 INFO CSMF2.step_1_1_1.run :: [h] epoch=3 step=300 total=0.02905 batch=0.02776
2026-05-14 12:56:33,627 INFO CSMF2.step_1_1_1.run :: [lat] epoch=3 step=300 mean_l2=0.10989 std_l2=0.04373
2026-05-14 12:56:34,037 INFO CSMF2.step_1_1_1.run :: epoch=3 step=300/429 train_nll=-3396.823
2026-05-14 12:57:18,344 INFO CSMF2.step_1_1_1.run :: [h] epoch=3 step=350 total=0.03037 batch=0.02915
2026-05-14 12:57:18,345 INFO CSMF2.step_1_1_1.run :: [lat] epoch=3 step=350 mean_l2=0.06441 std_l2=0.04103
2026-05-14 12:57:18,754 INFO CSMF2.step_1_1_1.run :: epoch=3 step=350/429 train_nll=-3402.959
2026-05-14 12:58:02,861 INFO CSMF2.step_1_1_1.run :: [h] epoch=3 step=400 total=0.03038 batch=0.02880
2026-05-14 12:58:02,861 INFO CSMF2.step_1_1_1.run :: [lat] epoch=3 step=400 mean_l2=0.04018 std_l2=0.02280
2026-05-14 12:58:03,279 INFO CSMF2.step_1_1_1.run :: epoch=3 step=400/429 train_nll=-3410.650
2026-05-14 12:58:39,654 INFO CSMF2.step_1_1_1.run :: epoch=3  train_nll=-3413.182  val_nll=-3305.923  t=395.8s
2026-05-14 12:58:39,655 INFO CSMF2.step_1_1_1.run :: [glow] film_gain mean=0.2924 min=0.2647 max=0.3168
2026-05-14 12:58:39,655 INFO CSMF2.step_1_1_1.run :: [shuffle] gap_mean=3.879 hinge=0.0070 lambda=1.000 margin=0.50
2026-05-14 12:58:39,655 INFO CSMF2.step_1_1_1.run :: [h_std] total=0.03205 batch=0.02955 penalty=0.02045 target=0.0500 mu=10.000
2026-05-14 12:58:39,655 INFO CSMF2.step_1_1_1.run :: [lat_epoch] mean_l2=0.07501 std_l2=0.04448 lambda=0.100
2026-05-14 12:58:39,655 INFO CSMF2.step_1_1_1.run :: [y_resid] alpha=0.1942
2026-05-14 12:58:39,655 INFO CSMF2.step_1_1_1.run :: [grad] cond=107.5445 film_gain=1669.7313
2026-05-14 12:59:32,689 INFO CSMF2.step_1_1_1.run :: [h] epoch=4 step=50 total=0.03209 batch=0.03065
2026-05-14 12:59:32,689 INFO CSMF2.step_1_1_1.run :: [lat] epoch=4 step=50 mean_l2=0.04473 std_l2=0.03947
2026-05-14 12:59:33,098 INFO CSMF2.step_1_1_1.run :: epoch=4 step=50/429 train_nll=-3438.921
2026-05-14 13:00:17,433 INFO CSMF2.step_1_1_1.run :: [h] epoch=4 step=100 total=0.03216 batch=0.03121
2026-05-14 13:00:17,434 INFO CSMF2.step_1_1_1.run :: [lat] epoch=4 step=100 mean_l2=0.03591 std_l2=0.03508
2026-05-14 13:00:17,881 INFO CSMF2.step_1_1_1.run :: epoch=4 step=100/429 train_nll=-3447.135
2026-05-14 13:01:02,343 INFO CSMF2.step_1_1_1.run :: [h] epoch=4 step=150 total=0.03074 batch=0.02948
2026-05-14 13:01:02,344 INFO CSMF2.step_1_1_1.run :: [lat] epoch=4 step=150 mean_l2=0.03159 std_l2=0.04536
2026-05-14 13:01:02,753 INFO CSMF2.step_1_1_1.run :: epoch=4 step=150/429 train_nll=-3439.430
2026-05-14 13:01:47,258 INFO CSMF2.step_1_1_1.run :: [h] epoch=4 step=200 total=0.03160 batch=0.03007
2026-05-14 13:01:47,259 INFO CSMF2.step_1_1_1.run :: [lat] epoch=4 step=200 mean_l2=0.10508 std_l2=0.03599
2026-05-14 13:01:47,705 INFO CSMF2.step_1_1_1.run :: epoch=4 step=200/429 train_nll=-3433.654
2026-05-14 13:02:32,447 INFO CSMF2.step_1_1_1.run :: [h] epoch=4 step=250 total=0.03111 batch=0.03021
2026-05-14 13:02:32,447 INFO CSMF2.step_1_1_1.run :: [lat] epoch=4 step=250 mean_l2=0.12569 std_l2=0.04509
2026-05-14 13:02:32,857 INFO CSMF2.step_1_1_1.run :: epoch=4 step=250/429 train_nll=-3432.506
2026-05-14 13:03:16,997 INFO CSMF2.step_1_1_1.run :: [h] epoch=4 step=300 total=0.03185 batch=0.03099
2026-05-14 13:03:16,997 INFO CSMF2.step_1_1_1.run :: [lat] epoch=4 step=300 mean_l2=0.06624 std_l2=0.02815
2026-05-14 13:03:17,406 INFO CSMF2.step_1_1_1.run :: epoch=4 step=300/429 train_nll=-3432.892
2026-05-14 13:04:01,964 INFO CSMF2.step_1_1_1.run :: [h] epoch=4 step=350 total=0.03256 batch=0.03164
2026-05-14 13:04:01,965 INFO CSMF2.step_1_1_1.run :: [lat] epoch=4 step=350 mean_l2=0.14431 std_l2=0.09827
2026-05-14 13:04:02,410 INFO CSMF2.step_1_1_1.run :: epoch=4 step=350/429 train_nll=-3439.618
2026-05-14 13:04:46,694 INFO CSMF2.step_1_1_1.run :: [h] epoch=4 step=400 total=0.03292 batch=0.03210
2026-05-14 13:04:46,694 INFO CSMF2.step_1_1_1.run :: [lat] epoch=4 step=400 mean_l2=0.07128 std_l2=0.07604
2026-05-14 13:04:47,111 INFO CSMF2.step_1_1_1.run :: epoch=4 step=400/429 train_nll=-3444.337
2026-05-14 13:05:23,284 INFO CSMF2.step_1_1_1.run :: epoch=4  train_nll=-3445.954  val_nll=-3463.052  t=394.8s
2026-05-14 13:05:23,284 INFO CSMF2.step_1_1_1.run :: [glow] film_gain mean=0.2904 min=0.2637 max=0.3134
2026-05-14 13:05:23,284 INFO CSMF2.step_1_1_1.run :: [shuffle] gap_mean=4.568 hinge=0.0046 lambda=1.000 margin=0.50
2026-05-14 13:05:23,284 INFO CSMF2.step_1_1_1.run :: [h_std] total=0.03178 batch=0.03047 penalty=0.01953 target=0.0500 mu=10.000
2026-05-14 13:05:23,284 INFO CSMF2.step_1_1_1.run :: [lat_epoch] mean_l2=0.06822 std_l2=0.04323 lambda=0.100
2026-05-14 13:05:23,284 INFO CSMF2.step_1_1_1.run :: [y_resid] alpha=0.1923
2026-05-14 13:05:23,284 INFO CSMF2.step_1_1_1.run :: [grad] cond=60.4374 film_gain=388.2010
2026-05-14 13:06:16,754 INFO CSMF2.step_1_1_1.run :: [h] epoch=5 step=50 total=0.03476 batch=0.03358
2026-05-14 13:06:16,754 INFO CSMF2.step_1_1_1.run :: [lat] epoch=5 step=50 mean_l2=0.05394 std_l2=0.03030
2026-05-14 13:06:17,163 INFO CSMF2.step_1_1_1.run :: epoch=5 step=50/429 train_nll=-3472.248
2026-05-14 13:07:01,244 INFO CSMF2.step_1_1_1.run :: [h] epoch=5 step=100 total=0.03465 batch=0.03350
2026-05-14 13:07:01,245 INFO CSMF2.step_1_1_1.run :: [lat] epoch=5 step=100 mean_l2=0.16405 std_l2=0.85096
2026-05-14 13:07:01,654 INFO CSMF2.step_1_1_1.run :: epoch=5 step=100/429 train_nll=-3458.603
2026-05-14 13:07:46,234 INFO CSMF2.step_1_1_1.run :: [h] epoch=5 step=150 total=0.03275 batch=0.03034
2026-05-14 13:07:46,234 INFO CSMF2.step_1_1_1.run :: [lat] epoch=5 step=150 mean_l2=0.08317 std_l2=0.03200
2026-05-14 13:07:46,644 INFO CSMF2.step_1_1_1.run :: epoch=5 step=150/429 train_nll=-3447.585
2026-05-14 13:08:30,574 INFO CSMF2.step_1_1_1.run :: [h] epoch=5 step=200 total=0.03224 batch=0.03108
2026-05-14 13:08:30,574 INFO CSMF2.step_1_1_1.run :: [lat] epoch=5 step=200 mean_l2=0.06191 std_l2=0.03520
2026-05-14 13:08:30,984 INFO CSMF2.step_1_1_1.run :: epoch=5 step=200/429 train_nll=-3455.731
2026-05-14 13:09:15,517 INFO CSMF2.step_1_1_1.run :: [h] epoch=5 step=250 total=0.03530 batch=0.03390
2026-05-14 13:09:15,518 INFO CSMF2.step_1_1_1.run :: [lat] epoch=5 step=250 mean_l2=0.04859 std_l2=0.02954
2026-05-14 13:09:15,964 INFO CSMF2.step_1_1_1.run :: epoch=5 step=250/429 train_nll=-3459.114
2026-05-14 13:10:00,154 INFO CSMF2.step_1_1_1.run :: [h] epoch=5 step=300 total=0.03247 batch=0.03180
2026-05-14 13:10:00,155 INFO CSMF2.step_1_1_1.run :: [lat] epoch=5 step=300 mean_l2=0.04260 std_l2=0.03689
2026-05-14 13:10:00,563 INFO CSMF2.step_1_1_1.run :: epoch=5 step=300/429 train_nll=-3463.718
2026-05-14 13:10:44,748 INFO CSMF2.step_1_1_1.run :: [h] epoch=5 step=350 total=0.03470 batch=0.03364
2026-05-14 13:10:44,749 INFO CSMF2.step_1_1_1.run :: [lat] epoch=5 step=350 mean_l2=0.07223 std_l2=0.03171
2026-05-14 13:10:45,158 INFO CSMF2.step_1_1_1.run :: epoch=5 step=350/429 train_nll=-3466.873
2026-05-14 13:11:29,660 INFO CSMF2.step_1_1_1.run :: [h] epoch=5 step=400 total=0.03342 batch=0.03267
2026-05-14 13:11:29,661 INFO CSMF2.step_1_1_1.run :: [lat] epoch=5 step=400 mean_l2=0.04056 std_l2=0.03511
2026-05-14 13:11:30,107 INFO CSMF2.step_1_1_1.run :: epoch=5 step=400/429 train_nll=-3471.746
2026-05-14 13:12:06,480 INFO CSMF2.step_1_1_1.run :: epoch=5  train_nll=-3473.691  val_nll=-3497.608  t=394.3s
2026-05-14 13:12:06,480 INFO CSMF2.step_1_1_1.run :: [glow] film_gain mean=0.2886 min=0.2607 max=0.3117
2026-05-14 13:12:06,480 INFO CSMF2.step_1_1_1.run :: [shuffle] gap_mean=5.498 hinge=0.0189 lambda=1.000 margin=0.50
2026-05-14 13:12:06,480 INFO CSMF2.step_1_1_1.run :: [h_std] total=0.03349 batch=0.03205 penalty=0.01795 target=0.0500 mu=10.000
2026-05-14 13:12:06,480 INFO CSMF2.step_1_1_1.run :: [lat_epoch] mean_l2=0.06225 std_l2=0.04007 lambda=0.100
2026-05-14 13:12:06,480 INFO CSMF2.step_1_1_1.run :: [y_resid] alpha=0.1841
2026-05-14 13:12:06,480 INFO CSMF2.step_1_1_1.run :: [grad] cond=16.3226 film_gain=561.5286
2026-05-14 13:12:59,931 INFO CSMF2.step_1_1_1.run :: [h] epoch=6 step=50 total=0.03753 batch=0.03597
2026-05-14 13:12:59,931 INFO CSMF2.step_1_1_1.run :: [lat] epoch=6 step=50 mean_l2=0.04553 std_l2=0.02633
2026-05-14 13:13:00,340 INFO CSMF2.step_1_1_1.run :: epoch=6 step=50/429 train_nll=-3493.028
2026-05-14 13:13:44,776 INFO CSMF2.step_1_1_1.run :: [h] epoch=6 step=100 total=0.03509 batch=0.03424
2026-05-14 13:13:44,777 INFO CSMF2.step_1_1_1.run :: [lat] epoch=6 step=100 mean_l2=0.12202 std_l2=0.06707
2026-05-14 13:13:45,185 INFO CSMF2.step_1_1_1.run :: epoch=6 step=100/429 train_nll=-3490.638
2026-05-14 13:14:29,886 INFO CSMF2.step_1_1_1.run :: [h] epoch=6 step=150 total=0.03591 batch=0.03520
2026-05-14 13:14:29,887 INFO CSMF2.step_1_1_1.run :: [lat] epoch=6 step=150 mean_l2=0.07687 std_l2=0.02884
2026-05-14 13:14:30,296 INFO CSMF2.step_1_1_1.run :: epoch=6 step=150/429 train_nll=-3490.840
2026-05-14 13:15:14,365 INFO CSMF2.step_1_1_1.run :: [h] epoch=6 step=200 total=0.03538 batch=0.03444
2026-05-14 13:15:14,366 INFO CSMF2.step_1_1_1.run :: [lat] epoch=6 step=200 mean_l2=0.05612 std_l2=0.02188
2026-05-14 13:15:14,775 INFO CSMF2.step_1_1_1.run :: epoch=6 step=200/429 train_nll=-3488.373
2026-05-14 13:15:59,252 INFO CSMF2.step_1_1_1.run :: [h] epoch=6 step=250 total=0.03540 batch=0.03468
2026-05-14 13:15:59,252 INFO CSMF2.step_1_1_1.run :: [lat] epoch=6 step=250 mean_l2=0.07782 std_l2=0.03267
2026-05-14 13:15:59,661 INFO CSMF2.step_1_1_1.run :: epoch=6 step=250/429 train_nll=-3488.042
2026-05-14 13:16:44,291 INFO CSMF2.step_1_1_1.run :: [h] epoch=6 step=300 total=0.03699 batch=0.03629
2026-05-14 13:16:44,292 INFO CSMF2.step_1_1_1.run :: [lat] epoch=6 step=300 mean_l2=0.06884 std_l2=0.02344
2026-05-14 13:16:44,700 INFO CSMF2.step_1_1_1.run :: epoch=6 step=300/429 train_nll=-3490.547
2026-05-14 13:17:29,637 INFO CSMF2.step_1_1_1.run :: [h] epoch=6 step=350 total=0.03640 batch=0.03473
2026-05-14 13:17:29,638 INFO CSMF2.step_1_1_1.run :: [lat] epoch=6 step=350 mean_l2=0.05226 std_l2=0.02797
2026-05-14 13:17:30,084 INFO CSMF2.step_1_1_1.run :: epoch=6 step=350/429 train_nll=-3488.816
2026-05-14 13:18:14,356 INFO CSMF2.step_1_1_1.run :: [h] epoch=6 step=400 total=0.03585 batch=0.03524
2026-05-14 13:18:14,356 INFO CSMF2.step_1_1_1.run :: [lat] epoch=6 step=400 mean_l2=0.03080 std_l2=0.03956
2026-05-14 13:18:14,761 INFO CSMF2.step_1_1_1.run :: epoch=6 step=400/429 train_nll=-3490.283
2026-05-14 13:18:50,968 INFO CSMF2.step_1_1_1.run :: epoch=6  train_nll=-3490.436  val_nll=-3510.766  t=395.6s
2026-05-14 13:18:50,968 INFO CSMF2.step_1_1_1.run :: [glow] film_gain mean=0.2864 min=0.2589 max=0.3088
2026-05-14 13:18:50,968 INFO CSMF2.step_1_1_1.run :: [shuffle] gap_mean=7.088 hinge=0.0000 lambda=1.000 margin=0.50
2026-05-14 13:18:50,969 INFO CSMF2.step_1_1_1.run :: [h_std] total=0.03621 batch=0.03530 penalty=0.01470 target=0.0500 mu=10.000
2026-05-14 13:18:50,969 INFO CSMF2.step_1_1_1.run :: [lat_epoch] mean_l2=0.06006 std_l2=0.03746 lambda=0.100
2026-05-14 13:18:50,969 INFO CSMF2.step_1_1_1.run :: [y_resid] alpha=0.1876
2026-05-14 13:18:50,969 INFO CSMF2.step_1_1_1.run :: [grad] cond=26.9742 film_gain=545.7258
2026-05-14 13:19:44,022 INFO CSMF2.step_1_1_1.run :: [h] epoch=7 step=50 total=0.03965 batch=0.03877
2026-05-14 13:19:44,023 INFO CSMF2.step_1_1_1.run :: [lat] epoch=7 step=50 mean_l2=0.10858 std_l2=0.02184
2026-05-14 13:19:44,431 INFO CSMF2.step_1_1_1.run :: epoch=7 step=50/429 train_nll=-3503.454
2026-05-14 13:20:28,708 INFO CSMF2.step_1_1_1.run :: [h] epoch=7 step=100 total=0.04023 batch=0.03567
2026-05-14 13:20:28,708 INFO CSMF2.step_1_1_1.run :: [lat] epoch=7 step=100 mean_l2=0.07877 std_l2=0.02374
2026-05-14 13:20:29,117 INFO CSMF2.step_1_1_1.run :: epoch=7 step=100/429 train_nll=-3476.309
2026-05-14 13:21:13,498 INFO CSMF2.step_1_1_1.run :: [h] epoch=7 step=150 total=0.03615 batch=0.03525
2026-05-14 13:21:13,498 INFO CSMF2.step_1_1_1.run :: [lat] epoch=7 step=150 mean_l2=0.06165 std_l2=0.02810
2026-05-14 13:21:13,909 INFO CSMF2.step_1_1_1.run :: epoch=7 step=150/429 train_nll=-3487.287
2026-05-14 13:21:58,430 INFO CSMF2.step_1_1_1.run :: [h] epoch=7 step=200 total=0.03609 batch=0.03527
2026-05-14 13:21:58,430 INFO CSMF2.step_1_1_1.run :: [lat] epoch=7 step=200 mean_l2=0.06391 std_l2=0.02787
2026-05-14 13:21:58,839 INFO CSMF2.step_1_1_1.run :: epoch=7 step=200/429 train_nll=-3492.209
2026-05-14 13:22:43,576 INFO CSMF2.step_1_1_1.run :: [h] epoch=7 step=250 total=0.03832 batch=0.03733
2026-05-14 13:22:43,577 INFO CSMF2.step_1_1_1.run :: [lat] epoch=7 step=250 mean_l2=0.04499 std_l2=0.04561
2026-05-14 13:22:43,987 INFO CSMF2.step_1_1_1.run :: epoch=7 step=250/429 train_nll=-3492.570
2026-05-14 13:23:28,202 INFO CSMF2.step_1_1_1.run :: [h] epoch=7 step=300 total=0.03751 batch=0.03698
2026-05-14 13:23:28,202 INFO CSMF2.step_1_1_1.run :: [lat] epoch=7 step=300 mean_l2=0.03992 std_l2=0.02648
2026-05-14 13:23:28,616 INFO CSMF2.step_1_1_1.run :: epoch=7 step=300/429 train_nll=-3497.501
2026-05-14 13:24:13,136 INFO CSMF2.step_1_1_1.run :: [h] epoch=7 step=350 total=0.03654 batch=0.03567
2026-05-14 13:24:13,136 INFO CSMF2.step_1_1_1.run :: [lat] epoch=7 step=350 mean_l2=0.03617 std_l2=0.02689
2026-05-14 13:24:13,582 INFO CSMF2.step_1_1_1.run :: epoch=7 step=350/429 train_nll=-3500.207
2026-05-14 13:24:58,059 INFO CSMF2.step_1_1_1.run :: [h] epoch=7 step=400 total=0.04187 batch=0.03873
2026-05-14 13:24:58,060 INFO CSMF2.step_1_1_1.run :: [lat] epoch=7 step=400 mean_l2=0.05750 std_l2=0.03285
2026-05-14 13:24:58,469 INFO CSMF2.step_1_1_1.run :: epoch=7 step=400/429 train_nll=-3495.588
2026-05-14 13:25:34,431 INFO CSMF2.step_1_1_1.run :: epoch=7  train_nll=-3495.169  val_nll=-3492.839  t=394.6s
2026-05-14 13:25:34,432 INFO CSMF2.step_1_1_1.run :: [glow] film_gain mean=0.2829 min=0.2554 max=0.3042
2026-05-14 13:25:34,432 INFO CSMF2.step_1_1_1.run :: [shuffle] gap_mean=6.556 hinge=0.0000 lambda=1.000 margin=0.50
2026-05-14 13:25:34,432 INFO CSMF2.step_1_1_1.run :: [h_std] total=0.03813 batch=0.03680 penalty=0.01320 target=0.0500 mu=10.000
2026-05-14 13:25:34,432 INFO CSMF2.step_1_1_1.run :: [lat_epoch] mean_l2=0.05801 std_l2=0.03989 lambda=0.100
2026-05-14 13:25:34,432 INFO CSMF2.step_1_1_1.run :: [y_resid] alpha=0.1753
2026-05-14 13:25:34,432 INFO CSMF2.step_1_1_1.run :: [grad] cond=27.8348 film_gain=1078.4470
2026-05-14 13:26:28,279 INFO CSMF2.step_1_1_1.run :: [h] epoch=8 step=50 total=0.03818 batch=0.03748
2026-05-14 13:26:28,279 INFO CSMF2.step_1_1_1.run :: [lat] epoch=8 step=50 mean_l2=0.08861 std_l2=0.02318
2026-05-14 13:26:28,689 INFO CSMF2.step_1_1_1.run :: epoch=8 step=50/429 train_nll=-3522.286
2026-05-14 13:27:13,093 INFO CSMF2.step_1_1_1.run :: [h] epoch=8 step=100 total=0.03852 batch=0.03741
2026-05-14 13:27:13,094 INFO CSMF2.step_1_1_1.run :: [lat] epoch=8 step=100 mean_l2=0.05026 std_l2=0.02188
2026-05-14 13:27:13,540 INFO CSMF2.step_1_1_1.run :: epoch=8 step=100/429 train_nll=-3514.315
2026-05-14 13:27:57,730 INFO CSMF2.step_1_1_1.run :: [h] epoch=8 step=150 total=0.04154 batch=0.03451
2026-05-14 13:27:57,731 INFO CSMF2.step_1_1_1.run :: [lat] epoch=8 step=150 mean_l2=0.07042 std_l2=0.02367
2026-05-14 13:27:58,178 INFO CSMF2.step_1_1_1.run :: epoch=8 step=150/429 train_nll=-3491.404
2026-05-14 13:28:42,568 INFO CSMF2.step_1_1_1.run :: [h] epoch=8 step=200 total=0.03301 batch=0.03147
2026-05-14 13:28:42,569 INFO CSMF2.step_1_1_1.run :: [lat] epoch=8 step=200 mean_l2=0.04078 std_l2=0.02824
2026-05-14 13:28:42,980 INFO CSMF2.step_1_1_1.run :: epoch=8 step=200/429 train_nll=-3490.687
2026-05-14 13:29:27,302 INFO CSMF2.step_1_1_1.run :: [h] epoch=8 step=250 total=0.03101 batch=0.03025
2026-05-14 13:29:27,302 INFO CSMF2.step_1_1_1.run :: [lat] epoch=8 step=250 mean_l2=0.03879 std_l2=0.03127
2026-05-14 13:29:27,719 INFO CSMF2.step_1_1_1.run :: epoch=8 step=250/429 train_nll=-3497.277
2026-05-14 13:30:12,335 INFO CSMF2.step_1_1_1.run :: [h] epoch=8 step=300 total=0.03357 batch=0.03286
2026-05-14 13:30:12,336 INFO CSMF2.step_1_1_1.run :: [lat] epoch=8 step=300 mean_l2=0.02534 std_l2=0.03378
2026-05-14 13:30:12,752 INFO CSMF2.step_1_1_1.run :: epoch=8 step=300/429 train_nll=-3503.263
2026-05-14 13:30:57,412 INFO CSMF2.step_1_1_1.run :: [h] epoch=8 step=350 total=0.03610 batch=0.03500
2026-05-14 13:30:57,412 INFO CSMF2.step_1_1_1.run :: [lat] epoch=8 step=350 mean_l2=0.03314 std_l2=0.02227
2026-05-14 13:30:57,821 INFO CSMF2.step_1_1_1.run :: epoch=8 step=350/429 train_nll=-3509.056
2026-05-14 13:31:42,129 INFO CSMF2.step_1_1_1.run :: [h] epoch=8 step=400 total=0.03393 batch=0.03327
2026-05-14 13:31:42,130 INFO CSMF2.step_1_1_1.run :: [lat] epoch=8 step=400 mean_l2=0.02859 std_l2=0.02893
2026-05-14 13:31:42,576 INFO CSMF2.step_1_1_1.run :: epoch=8 step=400/429 train_nll=-3512.012
2026-05-14 13:32:18,462 INFO CSMF2.step_1_1_1.run :: epoch=8  train_nll=-3512.233  val_nll=-3532.897  t=395.0s
2026-05-14 13:32:18,462 INFO CSMF2.step_1_1_1.run :: [glow] film_gain mean=0.2806 min=0.2528 max=0.3027
2026-05-14 13:32:18,462 INFO CSMF2.step_1_1_1.run :: [shuffle] gap_mean=7.431 hinge=0.0357 lambda=1.000 margin=0.50
2026-05-14 13:32:18,462 INFO CSMF2.step_1_1_1.run :: [h_std] total=0.03601 batch=0.03427 penalty=0.01573 target=0.0500 mu=10.000
2026-05-14 13:32:18,462 INFO CSMF2.step_1_1_1.run :: [lat_epoch] mean_l2=0.05136 std_l2=0.03960 lambda=0.100
2026-05-14 13:32:18,462 INFO CSMF2.step_1_1_1.run :: [y_resid] alpha=0.1549
2026-05-14 13:32:18,462 INFO CSMF2.step_1_1_1.run :: [grad] cond=133.5939 film_gain=722.7317
2026-05-14 13:33:11,750 INFO CSMF2.step_1_1_1.run :: [h] epoch=9 step=50 total=0.03841 batch=0.03353
2026-05-14 13:33:11,751 INFO CSMF2.step_1_1_1.run :: [lat] epoch=9 step=50 mean_l2=0.03697 std_l2=0.02593
2026-05-14 13:33:12,160 INFO CSMF2.step_1_1_1.run :: epoch=9 step=50/429 train_nll=-3444.033
2026-05-14 13:33:56,632 INFO CSMF2.step_1_1_1.run :: [h] epoch=9 step=100 total=0.03354 batch=0.03283
2026-05-14 13:33:56,633 INFO CSMF2.step_1_1_1.run :: [lat] epoch=9 step=100 mean_l2=0.03578 std_l2=0.02173
2026-05-14 13:33:57,043 INFO CSMF2.step_1_1_1.run :: epoch=9 step=100/429 train_nll=-3488.621
2026-05-14 13:34:41,360 INFO CSMF2.step_1_1_1.run :: [h] epoch=9 step=150 total=0.03570 batch=0.03487
2026-05-14 13:34:41,361 INFO CSMF2.step_1_1_1.run :: [lat] epoch=9 step=150 mean_l2=0.03581 std_l2=0.02769
2026-05-14 13:34:41,808 INFO CSMF2.step_1_1_1.run :: epoch=9 step=150/429 train_nll=-3501.866
2026-05-14 13:35:26,124 INFO CSMF2.step_1_1_1.run :: [h] epoch=9 step=200 total=0.03722 batch=0.03631
2026-05-14 13:35:26,125 INFO CSMF2.step_1_1_1.run :: [lat] epoch=9 step=200 mean_l2=0.03955 std_l2=0.02867
2026-05-14 13:35:26,571 INFO CSMF2.step_1_1_1.run :: epoch=9 step=200/429 train_nll=-3509.160
2026-05-14 13:36:11,227 INFO CSMF2.step_1_1_1.run :: [h] epoch=9 step=250 total=0.03687 batch=0.03613
2026-05-14 13:36:11,228 INFO CSMF2.step_1_1_1.run :: [lat] epoch=9 step=250 mean_l2=0.07300 std_l2=0.02958
2026-05-14 13:36:11,674 INFO CSMF2.step_1_1_1.run :: epoch=9 step=250/429 train_nll=-3512.027
2026-05-14 13:36:56,568 INFO CSMF2.step_1_1_1.run :: [h] epoch=9 step=300 total=0.03809 batch=0.03727
2026-05-14 13:36:56,569 INFO CSMF2.step_1_1_1.run :: [lat] epoch=9 step=300 mean_l2=0.02902 std_l2=0.04954
2026-05-14 13:36:56,978 INFO CSMF2.step_1_1_1.run :: epoch=9 step=300/429 train_nll=-3513.695
2026-05-14 13:37:41,295 INFO CSMF2.step_1_1_1.run :: [h] epoch=9 step=350 total=0.03690 batch=0.03645
2026-05-14 13:37:41,296 INFO CSMF2.step_1_1_1.run :: [lat] epoch=9 step=350 mean_l2=0.03933 std_l2=0.02213
2026-05-14 13:37:41,744 INFO CSMF2.step_1_1_1.run :: epoch=9 step=350/429 train_nll=-3516.745
2026-05-14 13:38:26,496 INFO CSMF2.step_1_1_1.run :: [h] epoch=9 step=400 total=0.03741 batch=0.03691
2026-05-14 13:38:26,496 INFO CSMF2.step_1_1_1.run :: [lat] epoch=9 step=400 mean_l2=0.08439 std_l2=0.02573
2026-05-14 13:38:26,906 INFO CSMF2.step_1_1_1.run :: epoch=9 step=400/429 train_nll=-3519.799
2026-05-14 13:39:03,286 INFO CSMF2.step_1_1_1.run :: epoch=9  train_nll=-3521.475  val_nll=-3557.372  t=395.9s
2026-05-14 13:39:03,286 INFO CSMF2.step_1_1_1.run :: [glow] film_gain mean=0.2787 min=0.2509 max=0.3005
2026-05-14 13:39:03,286 INFO CSMF2.step_1_1_1.run :: [shuffle] gap_mean=8.293 hinge=0.0027 lambda=1.000 margin=0.50
2026-05-14 13:39:03,287 INFO CSMF2.step_1_1_1.run :: [h_std] total=0.03643 batch=0.03521 penalty=0.01479 target=0.0500 mu=10.000
2026-05-14 13:39:03,287 INFO CSMF2.step_1_1_1.run :: [lat_epoch] mean_l2=0.05052 std_l2=0.04004 lambda=0.100
2026-05-14 13:39:03,287 INFO CSMF2.step_1_1_1.run :: [y_resid] alpha=0.1618
2026-05-14 13:39:03,287 INFO CSMF2.step_1_1_1.run :: [grad] cond=40.1028 film_gain=412.5741
2026-05-14 13:39:56,539 INFO CSMF2.step_1_1_1.run :: [h] epoch=10 step=50 total=0.03905 batch=0.03850
2026-05-14 13:39:56,540 INFO CSMF2.step_1_1_1.run :: [lat] epoch=10 step=50 mean_l2=0.03956 std_l2=0.02325
2026-05-14 13:39:56,945 INFO CSMF2.step_1_1_1.run :: epoch=10 step=50/429 train_nll=-3551.559
2026-05-14 13:40:41,124 INFO CSMF2.step_1_1_1.run :: [h] epoch=10 step=100 total=0.04046 batch=0.03984
2026-05-14 13:40:41,125 INFO CSMF2.step_1_1_1.run :: [lat] epoch=10 step=100 mean_l2=0.04641 std_l2=0.02196
2026-05-14 13:40:41,533 INFO CSMF2.step_1_1_1.run :: epoch=10 step=100/429 train_nll=-3549.404
2026-05-14 13:41:25,738 INFO CSMF2.step_1_1_1.run :: [h] epoch=10 step=150 total=0.04098 batch=0.04029
2026-05-14 13:41:25,740 INFO CSMF2.step_1_1_1.run :: [lat] epoch=10 step=150 mean_l2=0.05281 std_l2=0.02059
2026-05-14 13:41:26,149 INFO CSMF2.step_1_1_1.run :: epoch=10 step=150/429 train_nll=-3550.412
2026-05-14 13:42:10,467 INFO CSMF2.step_1_1_1.run :: [h] epoch=10 step=200 total=0.04035 batch=0.03975
2026-05-14 13:42:10,468 INFO CSMF2.step_1_1_1.run :: [lat] epoch=10 step=200 mean_l2=0.03746 std_l2=0.02011
2026-05-14 13:42:10,876 INFO CSMF2.step_1_1_1.run :: epoch=10 step=200/429 train_nll=-3541.383
2026-05-14 13:42:55,220 INFO CSMF2.step_1_1_1.run :: [h] epoch=10 step=250 total=0.04241 batch=0.04029
2026-05-14 13:42:55,221 INFO CSMF2.step_1_1_1.run :: [lat] epoch=10 step=250 mean_l2=0.04778 std_l2=0.03535
2026-05-14 13:42:55,630 INFO CSMF2.step_1_1_1.run :: epoch=10 step=250/429 train_nll=-3531.337
2026-05-14 13:43:40,486 INFO CSMF2.step_1_1_1.run :: [h] epoch=10 step=300 total=0.04169 batch=0.04093
2026-05-14 13:43:40,486 INFO CSMF2.step_1_1_1.run :: [lat] epoch=10 step=300 mean_l2=0.04641 std_l2=0.03602
2026-05-14 13:43:40,896 INFO CSMF2.step_1_1_1.run :: epoch=10 step=300/429 train_nll=-3528.144
2026-05-14 13:44:25,565 INFO CSMF2.step_1_1_1.run :: [h] epoch=10 step=350 total=0.03944 batch=0.03891
2026-05-14 13:44:25,565 INFO CSMF2.step_1_1_1.run :: [lat] epoch=10 step=350 mean_l2=0.04897 std_l2=0.02486
2026-05-14 13:44:26,015 INFO CSMF2.step_1_1_1.run :: epoch=10 step=350/429 train_nll=-3530.058
2026-05-14 13:45:11,277 INFO CSMF2.step_1_1_1.run :: [h] epoch=10 step=400 total=0.04018 batch=0.03875
2026-05-14 13:45:11,278 INFO CSMF2.step_1_1_1.run :: [lat] epoch=10 step=400 mean_l2=0.11854 std_l2=0.11911
2026-05-14 13:45:11,689 INFO CSMF2.step_1_1_1.run :: epoch=10 step=400/429 train_nll=-3530.096
2026-05-14 13:45:47,773 INFO CSMF2.step_1_1_1.run :: epoch=10  train_nll=-3529.587  val_nll=-3537.072  t=395.6s
2026-05-14 13:45:47,773 INFO CSMF2.step_1_1_1.run :: [glow] film_gain mean=0.2756 min=0.2480 max=0.2972
2026-05-14 13:45:47,773 INFO CSMF2.step_1_1_1.run :: [shuffle] gap_mean=9.064 hinge=0.0000 lambda=1.000 margin=0.50
2026-05-14 13:45:47,773 INFO CSMF2.step_1_1_1.run :: [h_std] total=0.04059 batch=0.03978 penalty=0.01022 target=0.0500 mu=10.000
2026-05-14 13:45:47,773 INFO CSMF2.step_1_1_1.run :: [lat_epoch] mean_l2=0.05176 std_l2=0.03437 lambda=0.100
2026-05-14 13:45:47,773 INFO CSMF2.step_1_1_1.run :: [y_resid] alpha=0.1638
2026-05-14 13:45:47,773 INFO CSMF2.step_1_1_1.run :: [grad] cond=127.6617 film_gain=858.5409
2026-05-14 13:46:39,961 INFO CSMF2.step_1_1_1.run :: [h] epoch=11 step=50 total=0.04257 batch=0.04200
2026-05-14 13:46:39,961 INFO CSMF2.step_1_1_1.run :: [lat] epoch=11 step=50 mean_l2=0.03120 std_l2=0.02743
2026-05-14 13:46:40,409 INFO CSMF2.step_1_1_1.run :: epoch=11 step=50/429 train_nll=-3524.638
2026-05-14 13:47:25,057 INFO CSMF2.step_1_1_1.run :: [h] epoch=11 step=100 total=0.04166 batch=0.04100
2026-05-14 13:47:25,057 INFO CSMF2.step_1_1_1.run :: [lat] epoch=11 step=100 mean_l2=0.06601 std_l2=0.04322
2026-05-14 13:47:25,466 INFO CSMF2.step_1_1_1.run :: epoch=11 step=100/429 train_nll=-3535.386
2026-05-14 13:48:09,945 INFO CSMF2.step_1_1_1.run :: [h] epoch=11 step=150 total=0.04224 batch=0.04184
2026-05-14 13:48:09,947 INFO CSMF2.step_1_1_1.run :: [lat] epoch=11 step=150 mean_l2=0.03158 std_l2=0.02480
2026-05-14 13:48:10,358 INFO CSMF2.step_1_1_1.run :: epoch=11 step=150/429 train_nll=-3533.127
2026-05-14 13:48:54,940 INFO CSMF2.step_1_1_1.run :: [h] epoch=11 step=200 total=0.04447 batch=0.04373
2026-05-14 13:48:54,940 INFO CSMF2.step_1_1_1.run :: [lat] epoch=11 step=200 mean_l2=0.03064 std_l2=0.02414
2026-05-14 13:48:55,349 INFO CSMF2.step_1_1_1.run :: epoch=11 step=200/429 train_nll=-3533.609
2026-05-14 13:49:39,932 INFO CSMF2.step_1_1_1.run :: [h] epoch=11 step=250 total=0.04495 batch=0.04386
2026-05-14 13:49:39,933 INFO CSMF2.step_1_1_1.run :: [lat] epoch=11 step=250 mean_l2=0.03273 std_l2=0.01882
2026-05-14 13:49:40,343 INFO CSMF2.step_1_1_1.run :: epoch=11 step=250/429 train_nll=-3536.368
2026-05-14 13:50:25,377 INFO CSMF2.step_1_1_1.run :: [h] epoch=11 step=300 total=0.04589 batch=0.04519
2026-05-14 13:50:25,377 INFO CSMF2.step_1_1_1.run :: [lat] epoch=11 step=300 mean_l2=0.03112 std_l2=0.03339
2026-05-14 13:50:25,787 INFO CSMF2.step_1_1_1.run :: epoch=11 step=300/429 train_nll=-3538.834
2026-05-14 13:51:10,399 INFO CSMF2.step_1_1_1.run :: [h] epoch=11 step=350 total=0.04423 batch=0.04370
2026-05-14 13:51:10,400 INFO CSMF2.step_1_1_1.run :: [lat] epoch=11 step=350 mean_l2=0.04500 std_l2=0.02517
2026-05-14 13:51:10,846 INFO CSMF2.step_1_1_1.run :: epoch=11 step=350/429 train_nll=-3538.586
2026-05-14 13:51:55,157 INFO CSMF2.step_1_1_1.run :: [h] epoch=11 step=400 total=0.04571 batch=0.04514
2026-05-14 13:51:55,158 INFO CSMF2.step_1_1_1.run :: [lat] epoch=11 step=400 mean_l2=0.04301 std_l2=0.02990
2026-05-14 13:51:55,606 INFO CSMF2.step_1_1_1.run :: epoch=11 step=400/429 train_nll=-3539.889
2026-05-14 13:52:31,879 INFO CSMF2.step_1_1_1.run :: epoch=11  train_nll=-3538.884  val_nll=-3553.341  t=396.1s
2026-05-14 13:52:31,879 INFO CSMF2.step_1_1_1.run :: [glow] film_gain mean=0.2736 min=0.2465 max=0.2947
2026-05-14 13:52:31,879 INFO CSMF2.step_1_1_1.run :: [shuffle] gap_mean=9.716 hinge=0.0000 lambda=1.000 margin=0.50
2026-05-14 13:52:31,879 INFO CSMF2.step_1_1_1.run :: [h_std] total=0.04387 batch=0.04316 penalty=0.00684 target=0.0500 mu=10.000
2026-05-14 13:52:31,880 INFO CSMF2.step_1_1_1.run :: [lat_epoch] mean_l2=0.04914 std_l2=0.03266 lambda=0.100
2026-05-14 13:52:31,880 INFO CSMF2.step_1_1_1.run :: [y_resid] alpha=0.1681
2026-05-14 13:52:31,880 INFO CSMF2.step_1_1_1.run :: [grad] cond=23.7214 film_gain=844.0841
2026-05-14 13:53:24,075 INFO CSMF2.step_1_1_1.run :: [h] epoch=12 step=50 total=0.04485 batch=0.04374
2026-05-14 13:53:24,076 INFO CSMF2.step_1_1_1.run :: [lat] epoch=12 step=50 mean_l2=0.04014 std_l2=0.02154
2026-05-14 13:53:24,494 INFO CSMF2.step_1_1_1.run :: epoch=12 step=50/429 train_nll=-3555.891
2026-05-14 13:54:09,369 INFO CSMF2.step_1_1_1.run :: [h] epoch=12 step=100 total=0.04691 batch=0.04640
2026-05-14 13:54:09,370 INFO CSMF2.step_1_1_1.run :: [lat] epoch=12 step=100 mean_l2=0.05110 std_l2=0.02096
2026-05-14 13:54:09,819 INFO CSMF2.step_1_1_1.run :: epoch=12 step=100/429 train_nll=-3555.955
2026-05-14 13:54:54,337 INFO CSMF2.step_1_1_1.run :: [h] epoch=12 step=150 total=0.04614 batch=0.04560
2026-05-14 13:54:54,338 INFO CSMF2.step_1_1_1.run :: [lat] epoch=12 step=150 mean_l2=0.05164 std_l2=0.02392
2026-05-14 13:54:54,756 INFO CSMF2.step_1_1_1.run :: epoch=12 step=150/429 train_nll=-3545.866
2026-05-14 13:55:39,102 INFO CSMF2.step_1_1_1.run :: [h] epoch=12 step=200 total=0.04831 batch=0.04687
2026-05-14 13:55:39,102 INFO CSMF2.step_1_1_1.run :: [lat] epoch=12 step=200 mean_l2=0.03888 std_l2=0.02982
2026-05-14 13:55:39,550 INFO CSMF2.step_1_1_1.run :: epoch=12 step=200/429 train_nll=-3543.614
2026-05-14 13:56:24,296 INFO CSMF2.step_1_1_1.run :: [h] epoch=12 step=250 total=0.04443 batch=0.04396
2026-05-14 13:56:24,297 INFO CSMF2.step_1_1_1.run :: [lat] epoch=12 step=250 mean_l2=0.02956 std_l2=0.02058
2026-05-14 13:56:24,708 INFO CSMF2.step_1_1_1.run :: epoch=12 step=250/429 train_nll=-3546.116
2026-05-14 13:57:08,975 INFO CSMF2.step_1_1_1.run :: [h] epoch=12 step=300 total=0.04575 batch=0.04504
2026-05-14 13:57:08,976 INFO CSMF2.step_1_1_1.run :: [lat] epoch=12 step=300 mean_l2=0.03720 std_l2=0.02031
2026-05-14 13:57:09,424 INFO CSMF2.step_1_1_1.run :: epoch=12 step=300/429 train_nll=-3542.528
2026-05-14 13:57:53,725 INFO CSMF2.step_1_1_1.run :: [h] epoch=12 step=350 total=0.04525 batch=0.04485
2026-05-14 13:57:53,726 INFO CSMF2.step_1_1_1.run :: [lat] epoch=12 step=350 mean_l2=0.03756 std_l2=0.02383
2026-05-14 13:57:54,173 INFO CSMF2.step_1_1_1.run :: epoch=12 step=350/429 train_nll=-3545.621
2026-05-14 13:58:38,690 INFO CSMF2.step_1_1_1.run :: [h] epoch=12 step=400 total=0.04607 batch=0.04571
2026-05-14 13:58:38,691 INFO CSMF2.step_1_1_1.run :: [lat] epoch=12 step=400 mean_l2=0.04030 std_l2=0.02734
2026-05-14 13:58:39,138 INFO CSMF2.step_1_1_1.run :: epoch=12 step=400/429 train_nll=-3548.162
2026-05-14 13:59:15,578 INFO CSMF2.step_1_1_1.run :: epoch=12  train_nll=-3548.305  val_nll=-3572.057  t=395.7s
2026-05-14 13:59:15,579 INFO CSMF2.step_1_1_1.run :: [glow] film_gain mean=0.2716 min=0.2446 max=0.2941
2026-05-14 13:59:15,579 INFO CSMF2.step_1_1_1.run :: [shuffle] gap_mean=10.585 hinge=0.0000 lambda=1.000 margin=0.50
2026-05-14 13:59:15,579 INFO CSMF2.step_1_1_1.run :: [h_std] total=0.04668 batch=0.04590 penalty=0.00410 target=0.0500 mu=10.000
2026-05-14 13:59:15,579 INFO CSMF2.step_1_1_1.run :: [lat_epoch] mean_l2=0.04687 std_l2=0.03250 lambda=0.100
2026-05-14 13:59:15,579 INFO CSMF2.step_1_1_1.run :: [y_resid] alpha=0.1699
2026-05-14 13:59:15,579 INFO CSMF2.step_1_1_1.run :: [grad] cond=13.7571 film_gain=690.6181
2026-05-14 14:00:08,493 INFO CSMF2.step_1_1_1.run :: [h] epoch=13 step=50 total=0.04947 batch=0.04890
2026-05-14 14:00:08,493 INFO CSMF2.step_1_1_1.run :: [lat] epoch=13 step=50 mean_l2=0.03848 std_l2=0.02002
2026-05-14 14:00:08,910 INFO CSMF2.step_1_1_1.run :: epoch=13 step=50/429 train_nll=-3575.670
2026-05-14 14:00:53,556 INFO CSMF2.step_1_1_1.run :: [h] epoch=13 step=100 total=0.04865 batch=0.04729
2026-05-14 14:00:53,560 INFO CSMF2.step_1_1_1.run :: [lat] epoch=13 step=100 mean_l2=0.03131 std_l2=0.02889
2026-05-14 14:00:53,973 INFO CSMF2.step_1_1_1.run :: epoch=13 step=100/429 train_nll=-3556.194
2026-05-14 14:01:38,031 INFO CSMF2.step_1_1_1.run :: [h] epoch=13 step=150 total=0.04646 batch=0.04599
2026-05-14 14:01:38,032 INFO CSMF2.step_1_1_1.run :: [lat] epoch=13 step=150 mean_l2=0.03605 std_l2=0.03370
2026-05-14 14:01:38,441 INFO CSMF2.step_1_1_1.run :: epoch=13 step=150/429 train_nll=-3558.190
2026-05-14 14:02:22,812 INFO CSMF2.step_1_1_1.run :: [h] epoch=13 step=200 total=0.04836 batch=0.04773
2026-05-14 14:02:22,813 INFO CSMF2.step_1_1_1.run :: [lat] epoch=13 step=200 mean_l2=0.03552 std_l2=0.03171
2026-05-14 14:02:23,222 INFO CSMF2.step_1_1_1.run :: epoch=13 step=200/429 train_nll=-3553.958
2026-05-14 14:03:08,019 INFO CSMF2.step_1_1_1.run :: [h] epoch=13 step=250 total=0.04615 batch=0.04531
2026-05-14 14:03:08,020 INFO CSMF2.step_1_1_1.run :: [lat] epoch=13 step=250 mean_l2=0.03347 std_l2=0.02268
2026-05-14 14:03:08,434 INFO CSMF2.step_1_1_1.run :: epoch=13 step=250/429 train_nll=-3555.946
2026-05-14 14:03:52,784 INFO CSMF2.step_1_1_1.run :: [h] epoch=13 step=300 total=0.04928 batch=0.04868
2026-05-14 14:03:52,784 INFO CSMF2.step_1_1_1.run :: [lat] epoch=13 step=300 mean_l2=0.07452 std_l2=0.02442
2026-05-14 14:03:53,195 INFO CSMF2.step_1_1_1.run :: epoch=13 step=300/429 train_nll=-3557.866
2026-05-14 14:04:37,552 INFO CSMF2.step_1_1_1.run :: [h] epoch=13 step=350 total=0.05072 batch=0.05029
2026-05-14 14:04:37,553 INFO CSMF2.step_1_1_1.run :: [lat] epoch=13 step=350 mean_l2=0.05240 std_l2=0.02176
2026-05-14 14:04:38,000 INFO CSMF2.step_1_1_1.run :: epoch=13 step=350/429 train_nll=-3557.093
2026-05-14 14:05:22,680 INFO CSMF2.step_1_1_1.run :: [h] epoch=13 step=400 total=0.05334 batch=0.05261
2026-05-14 14:05:22,682 INFO CSMF2.step_1_1_1.run :: [lat] epoch=13 step=400 mean_l2=0.02790 std_l2=0.02353
2026-05-14 14:05:23,096 INFO CSMF2.step_1_1_1.run :: epoch=13 step=400/429 train_nll=-3558.044
2026-05-14 14:05:59,556 INFO CSMF2.step_1_1_1.run :: epoch=13  train_nll=-3557.610  val_nll=-3560.041  t=395.1s
2026-05-14 14:05:59,557 INFO CSMF2.step_1_1_1.run :: [glow] film_gain mean=0.2697 min=0.2432 max=0.2916
2026-05-14 14:05:59,557 INFO CSMF2.step_1_1_1.run :: [shuffle] gap_mean=10.566 hinge=0.0000 lambda=1.000 margin=0.50
2026-05-14 14:05:59,557 INFO CSMF2.step_1_1_1.run :: [h_std] total=0.04898 batch=0.04817 penalty=0.00196 target=0.0500 mu=10.000
2026-05-14 14:05:59,557 INFO CSMF2.step_1_1_1.run :: [lat_epoch] mean_l2=0.04369 std_l2=0.02998 lambda=0.100
2026-05-14 14:05:59,557 INFO CSMF2.step_1_1_1.run :: [y_resid] alpha=0.1721
2026-05-14 14:05:59,557 INFO CSMF2.step_1_1_1.run :: [grad] cond=26.8060 film_gain=789.5924
2026-05-14 14:06:51,915 INFO CSMF2.step_1_1_1.run :: [h] epoch=14 step=50 total=0.04925 batch=0.04858
2026-05-14 14:06:51,915 INFO CSMF2.step_1_1_1.run :: [lat] epoch=14 step=50 mean_l2=0.03874 std_l2=0.06897
2026-05-14 14:06:52,324 INFO CSMF2.step_1_1_1.run :: epoch=14 step=50/429 train_nll=-3547.852
2026-05-14 14:07:37,274 INFO CSMF2.step_1_1_1.run :: [h] epoch=14 step=100 total=0.05007 batch=0.04958
2026-05-14 14:07:37,275 INFO CSMF2.step_1_1_1.run :: [lat] epoch=14 step=100 mean_l2=0.05066 std_l2=0.02848
2026-05-14 14:07:37,684 INFO CSMF2.step_1_1_1.run :: epoch=14 step=100/429 train_nll=-3548.030
2026-05-14 14:08:21,971 INFO CSMF2.step_1_1_1.run :: [h] epoch=14 step=150 total=0.05055 batch=0.04977
2026-05-14 14:08:21,972 INFO CSMF2.step_1_1_1.run :: [lat] epoch=14 step=150 mean_l2=0.05614 std_l2=0.02415
2026-05-14 14:08:22,419 INFO CSMF2.step_1_1_1.run :: epoch=14 step=150/429 train_nll=-3546.406
2026-05-14 14:09:07,137 INFO CSMF2.step_1_1_1.run :: [h] epoch=14 step=200 total=0.04579 batch=0.04342
2026-05-14 14:09:07,138 INFO CSMF2.step_1_1_1.run :: [lat] epoch=14 step=200 mean_l2=0.05104 std_l2=0.02079
2026-05-14 14:09:07,587 INFO CSMF2.step_1_1_1.run :: epoch=14 step=200/429 train_nll=-3541.933
2026-05-14 14:09:51,537 INFO CSMF2.step_1_1_1.run :: [h] epoch=14 step=250 total=0.04443 batch=0.04390
2026-05-14 14:09:51,541 INFO CSMF2.step_1_1_1.run :: [lat] epoch=14 step=250 mean_l2=0.05687 std_l2=0.03001
2026-05-14 14:09:51,951 INFO CSMF2.step_1_1_1.run :: epoch=14 step=250/429 train_nll=-3548.623
2026-05-14 14:10:36,116 INFO CSMF2.step_1_1_1.run :: [h] epoch=14 step=300 total=0.04508 batch=0.04443
2026-05-14 14:10:36,117 INFO CSMF2.step_1_1_1.run :: [lat] epoch=14 step=300 mean_l2=0.05772 std_l2=0.02784
2026-05-14 14:10:36,527 INFO CSMF2.step_1_1_1.run :: epoch=14 step=300/429 train_nll=-3552.289
2026-05-14 14:11:20,899 INFO CSMF2.step_1_1_1.run :: [h] epoch=14 step=350 total=0.04323 batch=0.04203
2026-05-14 14:11:20,900 INFO CSMF2.step_1_1_1.run :: [lat] epoch=14 step=350 mean_l2=0.06314 std_l2=0.02185
2026-05-14 14:11:21,346 INFO CSMF2.step_1_1_1.run :: epoch=14 step=350/429 train_nll=-3547.983
2026-05-14 14:12:05,753 INFO CSMF2.step_1_1_1.run :: [h] epoch=14 step=400 total=0.04411 batch=0.04336
2026-05-14 14:12:05,753 INFO CSMF2.step_1_1_1.run :: [lat] epoch=14 step=400 mean_l2=0.03486 std_l2=0.02447
2026-05-14 14:12:06,163 INFO CSMF2.step_1_1_1.run :: epoch=14 step=400/429 train_nll=-3551.837
2026-05-14 14:12:42,587 INFO CSMF2.step_1_1_1.run :: epoch=14  train_nll=-3551.265  val_nll=-3503.459  t=394.9s
2026-05-14 14:12:42,587 INFO CSMF2.step_1_1_1.run :: [glow] film_gain mean=0.2661 min=0.2414 max=0.2889
2026-05-14 14:12:42,587 INFO CSMF2.step_1_1_1.run :: [shuffle] gap_mean=10.368 hinge=0.0007 lambda=1.000 margin=0.50
2026-05-14 14:12:42,587 INFO CSMF2.step_1_1_1.run :: [h_std] total=0.04737 batch=0.04616 penalty=0.00394 target=0.0500 mu=10.000
2026-05-14 14:12:42,587 INFO CSMF2.step_1_1_1.run :: [lat_epoch] mean_l2=0.04563 std_l2=0.03501 lambda=0.100
2026-05-14 14:12:42,587 INFO CSMF2.step_1_1_1.run :: [y_resid] alpha=0.1536
2026-05-14 14:12:42,587 INFO CSMF2.step_1_1_1.run :: [grad] cond=135.7023 film_gain=1856.9624
2026-05-14 14:13:35,843 INFO CSMF2.step_1_1_1.run :: [h] epoch=15 step=50 total=0.04503 batch=0.04452
2026-05-14 14:13:35,844 INFO CSMF2.step_1_1_1.run :: [lat] epoch=15 step=50 mean_l2=0.02669 std_l2=0.03783
2026-05-14 14:13:36,255 INFO CSMF2.step_1_1_1.run :: epoch=15 step=50/429 train_nll=-3560.165
2026-05-14 14:14:20,603 INFO CSMF2.step_1_1_1.run :: [h] epoch=15 step=100 total=0.04527 batch=0.04424
2026-05-14 14:14:20,604 INFO CSMF2.step_1_1_1.run :: [lat] epoch=15 step=100 mean_l2=0.07377 std_l2=0.03397
2026-05-14 14:14:21,015 INFO CSMF2.step_1_1_1.run :: epoch=15 step=100/429 train_nll=-3550.563
2026-05-14 14:15:05,403 INFO CSMF2.step_1_1_1.run :: [h] epoch=15 step=150 total=0.04417 batch=0.04373
2026-05-14 14:15:05,404 INFO CSMF2.step_1_1_1.run :: [lat] epoch=15 step=150 mean_l2=0.03896 std_l2=0.02539
2026-05-14 14:15:05,813 INFO CSMF2.step_1_1_1.run :: epoch=15 step=150/429 train_nll=-3548.515
2026-05-14 14:15:50,496 INFO CSMF2.step_1_1_1.run :: [h] epoch=15 step=200 total=0.04564 batch=0.04497
2026-05-14 14:15:50,497 INFO CSMF2.step_1_1_1.run :: [lat] epoch=15 step=200 mean_l2=0.02499 std_l2=0.02038
2026-05-14 14:15:50,906 INFO CSMF2.step_1_1_1.run :: epoch=15 step=200/429 train_nll=-3552.944
2026-05-14 14:16:35,298 INFO CSMF2.step_1_1_1.run :: [h] epoch=15 step=250 total=0.04597 batch=0.04548
2026-05-14 14:16:35,298 INFO CSMF2.step_1_1_1.run :: [lat] epoch=15 step=250 mean_l2=0.04548 std_l2=0.02590
2026-05-14 14:16:35,715 INFO CSMF2.step_1_1_1.run :: epoch=15 step=250/429 train_nll=-3556.497
2026-05-14 14:17:20,156 INFO CSMF2.step_1_1_1.run :: [h] epoch=15 step=300 total=0.04630 batch=0.04460
2026-05-14 14:17:20,157 INFO CSMF2.step_1_1_1.run :: [lat] epoch=15 step=300 mean_l2=0.04842 std_l2=0.07247
2026-05-14 14:17:20,567 INFO CSMF2.step_1_1_1.run :: epoch=15 step=300/429 train_nll=-3552.659
2026-05-14 14:18:05,629 INFO CSMF2.step_1_1_1.run :: [h] epoch=15 step=350 total=0.04417 batch=0.04349
2026-05-14 14:18:05,630 INFO CSMF2.step_1_1_1.run :: [lat] epoch=15 step=350 mean_l2=0.04976 std_l2=0.02038
2026-05-14 14:18:06,037 INFO CSMF2.step_1_1_1.run :: epoch=15 step=350/429 train_nll=-3551.375
2026-05-14 14:18:50,998 INFO CSMF2.step_1_1_1.run :: [h] epoch=15 step=400 total=0.04656 batch=0.04600
2026-05-14 14:18:50,999 INFO CSMF2.step_1_1_1.run :: [lat] epoch=15 step=400 mean_l2=0.03372 std_l2=0.02256
2026-05-14 14:18:51,409 INFO CSMF2.step_1_1_1.run :: epoch=15 step=400/429 train_nll=-3553.309
2026-05-14 14:19:27,599 INFO CSMF2.step_1_1_1.run :: epoch=15  train_nll=-3554.464  val_nll=-3581.595  t=396.1s
2026-05-14 14:19:27,599 INFO CSMF2.step_1_1_1.run :: [glow] film_gain mean=0.2641 min=0.2368 max=0.2878
2026-05-14 14:19:27,599 INFO CSMF2.step_1_1_1.run :: [shuffle] gap_mean=11.443 hinge=0.0000 lambda=1.000 margin=0.50
2026-05-14 14:19:27,599 INFO CSMF2.step_1_1_1.run :: [h_std] total=0.04550 batch=0.04465 penalty=0.00535 target=0.0500 mu=10.000
2026-05-14 14:19:27,599 INFO CSMF2.step_1_1_1.run :: [lat_epoch] mean_l2=0.04586 std_l2=0.05226 lambda=0.100
2026-05-14 14:19:27,599 INFO CSMF2.step_1_1_1.run :: [y_resid] alpha=0.1551
2026-05-14 14:19:27,599 INFO CSMF2.step_1_1_1.run :: [grad] cond=36.3350 film_gain=712.9426
2026-05-14 14:20:21,143 INFO CSMF2.step_1_1_1.run :: [h] epoch=16 step=50 total=0.04685 batch=0.04645
2026-05-14 14:20:21,143 INFO CSMF2.step_1_1_1.run :: [lat] epoch=16 step=50 mean_l2=0.10874 std_l2=0.03647
2026-05-14 14:20:21,561 INFO CSMF2.step_1_1_1.run :: epoch=16 step=50/429 train_nll=-3574.884
2026-05-14 14:21:06,069 INFO CSMF2.step_1_1_1.run :: [h] epoch=16 step=100 total=0.04811 batch=0.04753
2026-05-14 14:21:06,069 INFO CSMF2.step_1_1_1.run :: [lat] epoch=16 step=100 mean_l2=0.03333 std_l2=0.02583
2026-05-14 14:21:06,479 INFO CSMF2.step_1_1_1.run :: epoch=16 step=100/429 train_nll=-3574.795
2026-05-14 14:21:51,045 INFO CSMF2.step_1_1_1.run :: [h] epoch=16 step=150 total=0.04902 batch=0.04830
2026-05-14 14:21:51,045 INFO CSMF2.step_1_1_1.run :: [lat] epoch=16 step=150 mean_l2=0.04284 std_l2=0.03584
2026-05-14 14:21:51,456 INFO CSMF2.step_1_1_1.run :: epoch=16 step=150/429 train_nll=-3572.664
2026-05-14 14:22:36,068 INFO CSMF2.step_1_1_1.run :: [h] epoch=16 step=200 total=0.04810 batch=0.04757
2026-05-14 14:22:36,068 INFO CSMF2.step_1_1_1.run :: [lat] epoch=16 step=200 mean_l2=0.02780 std_l2=0.01797
2026-05-14 14:22:36,486 INFO CSMF2.step_1_1_1.run :: epoch=16 step=200/429 train_nll=-3574.734
2026-05-14 14:23:21,089 INFO CSMF2.step_1_1_1.run :: [h] epoch=16 step=250 total=0.04964 batch=0.04862
2026-05-14 14:23:21,090 INFO CSMF2.step_1_1_1.run :: [lat] epoch=16 step=250 mean_l2=0.03557 std_l2=0.02607
2026-05-14 14:23:21,504 INFO CSMF2.step_1_1_1.run :: epoch=16 step=250/429 train_nll=-3574.566
2026-05-14 14:24:06,196 INFO CSMF2.step_1_1_1.run :: [h] epoch=16 step=300 total=0.04952 batch=0.04901
2026-05-14 14:24:06,196 INFO CSMF2.step_1_1_1.run :: [lat] epoch=16 step=300 mean_l2=0.12881 std_l2=0.44900
2026-05-14 14:24:06,606 INFO CSMF2.step_1_1_1.run :: epoch=16 step=300/429 train_nll=-3575.233
2026-05-14 14:24:51,143 INFO CSMF2.step_1_1_1.run :: [h] epoch=16 step=350 total=0.04650 batch=0.04491
2026-05-14 14:24:51,144 INFO CSMF2.step_1_1_1.run :: [lat] epoch=16 step=350 mean_l2=0.02654 std_l2=0.02164
2026-05-14 14:24:51,555 INFO CSMF2.step_1_1_1.run :: epoch=16 step=350/429 train_nll=-3568.303
2026-05-14 14:25:36,095 INFO CSMF2.step_1_1_1.run :: [h] epoch=16 step=400 total=0.04725 batch=0.04664
2026-05-14 14:25:36,095 INFO CSMF2.step_1_1_1.run :: [lat] epoch=16 step=400 mean_l2=0.05205 std_l2=0.03670
2026-05-14 14:25:36,506 INFO CSMF2.step_1_1_1.run :: epoch=16 step=400/429 train_nll=-3569.449
2026-05-14 14:26:12,800 INFO CSMF2.step_1_1_1.run :: epoch=16  train_nll=-3570.469  val_nll=-3592.702  t=396.4s
2026-05-14 14:26:12,801 INFO CSMF2.step_1_1_1.run :: [glow] film_gain mean=0.2628 min=0.2357 max=0.2860
2026-05-14 14:26:12,801 INFO CSMF2.step_1_1_1.run :: [shuffle] gap_mean=12.586 hinge=0.0000 lambda=1.000 margin=0.50
2026-05-14 14:26:12,801 INFO CSMF2.step_1_1_1.run :: [h_std] total=0.04859 batch=0.04781 penalty=0.00224 target=0.0500 mu=10.000
2026-05-14 14:26:12,801 INFO CSMF2.step_1_1_1.run :: [lat_epoch] mean_l2=0.04204 std_l2=0.03488 lambda=0.100
2026-05-14 14:26:12,801 INFO CSMF2.step_1_1_1.run :: [y_resid] alpha=0.1566
2026-05-14 14:26:12,801 INFO CSMF2.step_1_1_1.run :: [grad] cond=40.7947 film_gain=926.1552
2026-05-14 14:27:06,137 INFO CSMF2.step_1_1_1.run :: [h] epoch=17 step=50 total=0.04866 batch=0.04777
2026-05-14 14:27:06,138 INFO CSMF2.step_1_1_1.run :: [lat] epoch=17 step=50 mean_l2=0.04100 std_l2=0.02237
2026-05-14 14:27:06,585 INFO CSMF2.step_1_1_1.run :: epoch=17 step=50/429 train_nll=-3570.605
2026-05-14 14:27:51,135 INFO CSMF2.step_1_1_1.run :: [h] epoch=17 step=100 total=0.04860 batch=0.04700
2026-05-14 14:27:51,135 INFO CSMF2.step_1_1_1.run :: [lat] epoch=17 step=100 mean_l2=0.03577 std_l2=0.02151
2026-05-14 14:27:51,544 INFO CSMF2.step_1_1_1.run :: epoch=17 step=100/429 train_nll=-3558.479
2026-05-14 14:28:36,185 INFO CSMF2.step_1_1_1.run :: [h] epoch=17 step=150 total=0.04706 batch=0.04649
2026-05-14 14:28:36,185 INFO CSMF2.step_1_1_1.run :: [lat] epoch=17 step=150 mean_l2=0.04615 std_l2=0.02282
2026-05-14 14:28:36,634 INFO CSMF2.step_1_1_1.run :: epoch=17 step=150/429 train_nll=-3566.310
2026-05-14 14:29:20,924 INFO CSMF2.step_1_1_1.run :: [h] epoch=17 step=200 total=0.04947 batch=0.04838
2026-05-14 14:29:20,925 INFO CSMF2.step_1_1_1.run :: [lat] epoch=17 step=200 mean_l2=0.03310 std_l2=0.02615
2026-05-14 14:29:21,336 INFO CSMF2.step_1_1_1.run :: epoch=17 step=200/429 train_nll=-3565.042
2026-05-14 14:30:05,761 INFO CSMF2.step_1_1_1.run :: [h] epoch=17 step=250 total=0.04894 batch=0.04852
2026-05-14 14:30:05,762 INFO CSMF2.step_1_1_1.run :: [lat] epoch=17 step=250 mean_l2=0.03510 std_l2=0.03325
2026-05-14 14:30:06,172 INFO CSMF2.step_1_1_1.run :: epoch=17 step=250/429 train_nll=-3567.549
2026-05-14 14:30:51,100 INFO CSMF2.step_1_1_1.run :: [h] epoch=17 step=300 total=0.05061 batch=0.05016
2026-05-14 14:30:51,101 INFO CSMF2.step_1_1_1.run :: [lat] epoch=17 step=300 mean_l2=0.02393 std_l2=0.01746
2026-05-14 14:30:51,513 INFO CSMF2.step_1_1_1.run :: epoch=17 step=300/429 train_nll=-3571.846
2026-05-14 14:31:35,767 INFO CSMF2.step_1_1_1.run :: [h] epoch=17 step=350 total=0.05057 batch=0.05023
2026-05-14 14:31:35,770 INFO CSMF2.step_1_1_1.run :: [lat] epoch=17 step=350 mean_l2=0.02620 std_l2=0.02546
2026-05-14 14:31:36,181 INFO CSMF2.step_1_1_1.run :: epoch=17 step=350/429 train_nll=-3571.361
2026-05-14 14:32:20,654 INFO CSMF2.step_1_1_1.run :: [h] epoch=17 step=400 total=0.04881 batch=0.04836
2026-05-14 14:32:20,655 INFO CSMF2.step_1_1_1.run :: [lat] epoch=17 step=400 mean_l2=0.05219 std_l2=0.04860
2026-05-14 14:32:21,070 INFO CSMF2.step_1_1_1.run :: epoch=17 step=400/429 train_nll=-3570.621
2026-05-14 14:32:57,476 INFO CSMF2.step_1_1_1.run :: epoch=17  train_nll=-3570.691  val_nll=-3603.544  t=395.8s
2026-05-14 14:32:57,476 INFO CSMF2.step_1_1_1.run :: [glow] film_gain mean=0.2603 min=0.2338 max=0.2848
2026-05-14 14:32:57,477 INFO CSMF2.step_1_1_1.run :: [shuffle] gap_mean=12.622 hinge=0.0000 lambda=1.000 margin=0.50
2026-05-14 14:32:57,477 INFO CSMF2.step_1_1_1.run :: [h_std] total=0.04954 batch=0.04874 penalty=0.00138 target=0.0500 mu=10.000
2026-05-14 14:32:57,477 INFO CSMF2.step_1_1_1.run :: [lat_epoch] mean_l2=0.04211 std_l2=0.02990 lambda=0.100
2026-05-14 14:32:57,477 INFO CSMF2.step_1_1_1.run :: [y_resid] alpha=0.1566
2026-05-14 14:32:57,477 INFO CSMF2.step_1_1_1.run :: [grad] cond=9.7739 film_gain=604.9401
2026-05-14 14:33:50,318 INFO CSMF2.step_1_1_1.run :: [h] epoch=18 step=50 total=0.05009 batch=0.04965
2026-05-14 14:33:50,319 INFO CSMF2.step_1_1_1.run :: [lat] epoch=18 step=50 mean_l2=0.03014 std_l2=0.02408
2026-05-14 14:33:50,729 INFO CSMF2.step_1_1_1.run :: epoch=18 step=50/429 train_nll=-3593.136
2026-05-14 14:34:35,108 INFO CSMF2.step_1_1_1.run :: [h] epoch=18 step=100 total=0.05145 batch=0.05059
2026-05-14 14:34:35,109 INFO CSMF2.step_1_1_1.run :: [lat] epoch=18 step=100 mean_l2=0.04973 std_l2=0.03026
2026-05-14 14:34:35,518 INFO CSMF2.step_1_1_1.run :: epoch=18 step=100/429 train_nll=-3573.442
2026-05-14 14:35:19,632 INFO CSMF2.step_1_1_1.run :: [h] epoch=18 step=150 total=0.05058 batch=0.05001
2026-05-14 14:35:19,632 INFO CSMF2.step_1_1_1.run :: [lat] epoch=18 step=150 mean_l2=0.03880 std_l2=0.02523
2026-05-14 14:35:20,050 INFO CSMF2.step_1_1_1.run :: epoch=18 step=150/429 train_nll=-3575.163
2026-05-14 14:36:04,735 INFO CSMF2.step_1_1_1.run :: [h] epoch=18 step=200 total=0.05197 batch=0.05140
2026-05-14 14:36:04,735 INFO CSMF2.step_1_1_1.run :: [lat] epoch=18 step=200 mean_l2=0.05079 std_l2=0.03045
2026-05-14 14:36:05,145 INFO CSMF2.step_1_1_1.run :: epoch=18 step=200/429 train_nll=-3577.721
2026-05-14 14:36:49,269 INFO CSMF2.step_1_1_1.run :: [h] epoch=18 step=250 total=0.05144 batch=0.05092
2026-05-14 14:36:49,269 INFO CSMF2.step_1_1_1.run :: [lat] epoch=18 step=250 mean_l2=0.07365 std_l2=0.02595
2026-05-14 14:36:49,687 INFO CSMF2.step_1_1_1.run :: epoch=18 step=250/429 train_nll=-3579.635
2026-05-14 14:37:33,849 INFO CSMF2.step_1_1_1.run :: [h] epoch=18 step=300 total=0.05091 batch=0.04995
2026-05-14 14:37:33,850 INFO CSMF2.step_1_1_1.run :: [lat] epoch=18 step=300 mean_l2=0.03666 std_l2=0.02971
2026-05-14 14:37:34,297 INFO CSMF2.step_1_1_1.run :: epoch=18 step=300/429 train_nll=-3578.660
2026-05-14 14:38:19,068 INFO CSMF2.step_1_1_1.run :: [h] epoch=18 step=350 total=0.05195 batch=0.05111
2026-05-14 14:38:19,069 INFO CSMF2.step_1_1_1.run :: [lat] epoch=18 step=350 mean_l2=0.07093 std_l2=0.05482
2026-05-14 14:38:19,479 INFO CSMF2.step_1_1_1.run :: epoch=18 step=350/429 train_nll=-3573.460
2026-05-14 14:39:04,164 INFO CSMF2.step_1_1_1.run :: [h] epoch=18 step=400 total=0.05171 batch=0.05117
2026-05-14 14:39:04,164 INFO CSMF2.step_1_1_1.run :: [lat] epoch=18 step=400 mean_l2=0.03208 std_l2=0.02756
2026-05-14 14:39:04,582 INFO CSMF2.step_1_1_1.run :: epoch=18 step=400/429 train_nll=-3572.858
2026-05-14 14:39:40,613 INFO CSMF2.step_1_1_1.run :: epoch=18  train_nll=-3573.498  val_nll=-3562.034  t=395.0s
2026-05-14 14:39:40,613 INFO CSMF2.step_1_1_1.run :: [glow] film_gain mean=0.2586 min=0.2321 max=0.2836
2026-05-14 14:39:40,613 INFO CSMF2.step_1_1_1.run :: [shuffle] gap_mean=12.918 hinge=0.0000 lambda=1.000 margin=0.50
2026-05-14 14:39:40,613 INFO CSMF2.step_1_1_1.run :: [h_std] total=0.05055 batch=0.04992 penalty=0.00055 target=0.0500 mu=10.000
2026-05-14 14:39:40,614 INFO CSMF2.step_1_1_1.run :: [lat_epoch] mean_l2=0.04327 std_l2=0.03039 lambda=0.100
2026-05-14 14:39:40,614 INFO CSMF2.step_1_1_1.run :: [y_resid] alpha=0.1559
2026-05-14 14:39:40,614 INFO CSMF2.step_1_1_1.run :: [grad] cond=80.1535 film_gain=1331.5423
2026-05-14 14:40:32,884 INFO CSMF2.step_1_1_1.run :: [h] epoch=19 step=50 total=0.05090 batch=0.05030
2026-05-14 14:40:32,885 INFO CSMF2.step_1_1_1.run :: [lat] epoch=19 step=50 mean_l2=0.02919 std_l2=0.02406
2026-05-14 14:40:33,294 INFO CSMF2.step_1_1_1.run :: epoch=19 step=50/429 train_nll=-3583.843
2026-05-14 14:41:17,934 INFO CSMF2.step_1_1_1.run :: [h] epoch=19 step=100 total=0.05066 batch=0.05024
2026-05-14 14:41:17,934 INFO CSMF2.step_1_1_1.run :: [lat] epoch=19 step=100 mean_l2=0.03119 std_l2=0.02802
2026-05-14 14:41:18,343 INFO CSMF2.step_1_1_1.run :: epoch=19 step=100/429 train_nll=-3585.615
2026-05-14 14:42:02,624 INFO CSMF2.step_1_1_1.run :: [h] epoch=19 step=150 total=0.05025 batch=0.04931
2026-05-14 14:42:02,625 INFO CSMF2.step_1_1_1.run :: [lat] epoch=19 step=150 mean_l2=0.03771 std_l2=0.02066
2026-05-14 14:42:03,074 INFO CSMF2.step_1_1_1.run :: epoch=19 step=150/429 train_nll=-3589.281
2026-05-14 14:42:47,638 INFO CSMF2.step_1_1_1.run :: [h] epoch=19 step=200 total=0.04921 batch=0.04874
2026-05-14 14:42:47,639 INFO CSMF2.step_1_1_1.run :: [lat] epoch=19 step=200 mean_l2=0.03188 std_l2=0.02213
2026-05-14 14:42:48,054 INFO CSMF2.step_1_1_1.run :: epoch=19 step=200/429 train_nll=-3587.855
2026-05-14 14:43:32,446 INFO CSMF2.step_1_1_1.run :: [h] epoch=19 step=250 total=0.05521 batch=0.05459
2026-05-14 14:43:32,447 INFO CSMF2.step_1_1_1.run :: [lat] epoch=19 step=250 mean_l2=0.03899 std_l2=0.04297
2026-05-14 14:43:32,857 INFO CSMF2.step_1_1_1.run :: epoch=19 step=250/429 train_nll=-3586.826
2026-05-14 14:44:17,398 INFO CSMF2.step_1_1_1.run :: [h] epoch=19 step=300 total=0.05058 batch=0.05000
2026-05-14 14:44:17,399 INFO CSMF2.step_1_1_1.run :: [lat] epoch=19 step=300 mean_l2=0.03446 std_l2=0.02438
2026-05-14 14:44:17,847 INFO CSMF2.step_1_1_1.run :: epoch=19 step=300/429 train_nll=-3581.536
2026-05-14 14:45:02,281 INFO CSMF2.step_1_1_1.run :: [h] epoch=19 step=350 total=0.05047 batch=0.04984
2026-05-14 14:45:02,282 INFO CSMF2.step_1_1_1.run :: [lat] epoch=19 step=350 mean_l2=0.02677 std_l2=0.02119
2026-05-14 14:45:02,730 INFO CSMF2.step_1_1_1.run :: epoch=19 step=350/429 train_nll=-3583.070
2026-05-14 14:45:47,224 INFO CSMF2.step_1_1_1.run :: [h] epoch=19 step=400 total=0.05165 batch=0.05089
2026-05-14 14:45:47,225 INFO CSMF2.step_1_1_1.run :: [lat] epoch=19 step=400 mean_l2=0.02891 std_l2=0.02440
2026-05-14 14:45:47,633 INFO CSMF2.step_1_1_1.run :: epoch=19 step=400/429 train_nll=-3583.130
2026-05-14 14:46:23,847 INFO CSMF2.step_1_1_1.run :: epoch=19  train_nll=-3583.199  val_nll=-3607.965  t=395.2s
2026-05-14 14:46:23,847 INFO CSMF2.step_1_1_1.run :: [glow] film_gain mean=0.2570 min=0.2297 max=0.2823
2026-05-14 14:46:23,847 INFO CSMF2.step_1_1_1.run :: [shuffle] gap_mean=13.807 hinge=0.0000 lambda=1.000 margin=0.50
2026-05-14 14:46:23,847 INFO CSMF2.step_1_1_1.run :: [h_std] total=0.05071 batch=0.05005 penalty=0.00052 target=0.0500 mu=10.000
2026-05-14 14:46:23,847 INFO CSMF2.step_1_1_1.run :: [lat_epoch] mean_l2=0.03786 std_l2=0.02874 lambda=0.100
2026-05-14 14:46:23,847 INFO CSMF2.step_1_1_1.run :: [y_resid] alpha=0.1541
2026-05-14 14:46:23,847 INFO CSMF2.step_1_1_1.run :: [grad] cond=23.8389 film_gain=546.8360
2026-05-14 14:47:17,126 INFO CSMF2.step_1_1_1.run :: [h] epoch=20 step=50 total=0.05166 batch=0.05119
2026-05-14 14:47:17,127 INFO CSMF2.step_1_1_1.run :: [lat] epoch=20 step=50 mean_l2=0.02407 std_l2=0.01961
2026-05-14 14:47:17,535 INFO CSMF2.step_1_1_1.run :: epoch=20 step=50/429 train_nll=-3594.807
2026-05-14 14:48:02,068 INFO CSMF2.step_1_1_1.run :: [h] epoch=20 step=100 total=0.05290 batch=0.05256
2026-05-14 14:48:02,068 INFO CSMF2.step_1_1_1.run :: [lat] epoch=20 step=100 mean_l2=0.04020 std_l2=0.02493
2026-05-14 14:48:02,478 INFO CSMF2.step_1_1_1.run :: epoch=20 step=100/429 train_nll=-3591.731
2026-05-14 14:48:46,843 INFO CSMF2.step_1_1_1.run :: [h] epoch=20 step=150 total=0.04896 batch=0.04835
2026-05-14 14:48:46,844 INFO CSMF2.step_1_1_1.run :: [lat] epoch=20 step=150 mean_l2=0.03762 std_l2=0.02293
2026-05-14 14:48:47,262 INFO CSMF2.step_1_1_1.run :: epoch=20 step=150/429 train_nll=-3590.146
2026-05-14 14:49:31,507 INFO CSMF2.step_1_1_1.run :: [h] epoch=20 step=200 total=0.04867 batch=0.04811
2026-05-14 14:49:31,508 INFO CSMF2.step_1_1_1.run :: [lat] epoch=20 step=200 mean_l2=0.03693 std_l2=0.02501
2026-05-14 14:49:31,957 INFO CSMF2.step_1_1_1.run :: epoch=20 step=200/429 train_nll=-3588.145
2026-05-14 14:50:16,318 INFO CSMF2.step_1_1_1.run :: [h] epoch=20 step=250 total=0.05167 batch=0.05126
2026-05-14 14:50:16,318 INFO CSMF2.step_1_1_1.run :: [lat] epoch=20 step=250 mean_l2=0.05054 std_l2=0.08649
2026-05-14 14:50:16,728 INFO CSMF2.step_1_1_1.run :: epoch=20 step=250/429 train_nll=-3590.593
2026-05-14 14:51:01,438 INFO CSMF2.step_1_1_1.run :: [h] epoch=20 step=300 total=0.04864 batch=0.04787
2026-05-14 14:51:01,438 INFO CSMF2.step_1_1_1.run :: [lat] epoch=20 step=300 mean_l2=0.05608 std_l2=0.07411
2026-05-14 14:51:01,848 INFO CSMF2.step_1_1_1.run :: epoch=20 step=300/429 train_nll=-3584.251
2026-05-14 14:51:46,748 INFO CSMF2.step_1_1_1.run :: [h] epoch=20 step=350 total=0.04174 batch=0.04059
2026-05-14 14:51:46,751 INFO CSMF2.step_1_1_1.run :: [lat] epoch=20 step=350 mean_l2=0.03010 std_l2=0.01921
2026-05-14 14:51:47,167 INFO CSMF2.step_1_1_1.run :: epoch=20 step=350/429 train_nll=-3576.098
2026-05-14 14:52:31,638 INFO CSMF2.step_1_1_1.run :: [h] epoch=20 step=400 total=0.04167 batch=0.03985
2026-05-14 14:52:31,639 INFO CSMF2.step_1_1_1.run :: [lat] epoch=20 step=400 mean_l2=0.05993 std_l2=0.03418
2026-05-14 14:52:32,049 INFO CSMF2.step_1_1_1.run :: epoch=20 step=400/429 train_nll=-3575.749
2026-05-14 14:53:08,472 INFO CSMF2.step_1_1_1.run :: epoch=20  train_nll=-3575.954  val_nll=-3601.623  t=395.7s
2026-05-14 14:53:08,472 INFO CSMF2.step_1_1_1.run :: [glow] film_gain mean=0.2538 min=0.2279 max=0.2803
2026-05-14 14:53:08,472 INFO CSMF2.step_1_1_1.run :: [shuffle] gap_mean=13.071 hinge=0.0000 lambda=1.000 margin=0.50
2026-05-14 14:53:08,472 INFO CSMF2.step_1_1_1.run :: [h_std] total=0.04881 batch=0.04757 penalty=0.00278 target=0.0500 mu=10.000
2026-05-14 14:53:08,472 INFO CSMF2.step_1_1_1.run :: [lat_epoch] mean_l2=0.04086 std_l2=0.04139 lambda=0.100
2026-05-14 14:53:08,472 INFO CSMF2.step_1_1_1.run :: [y_resid] alpha=0.1326
2026-05-14 14:53:08,472 INFO CSMF2.step_1_1_1.run :: [grad] cond=30.3126 film_gain=1252.0689
2026-05-14 14:54:01,031 INFO CSMF2.step_1_1_1.run :: [h] epoch=21 step=50 total=0.04250 batch=0.04150
2026-05-14 14:54:01,032 INFO CSMF2.step_1_1_1.run :: [lat] epoch=21 step=50 mean_l2=0.03028 std_l2=0.02254
2026-05-14 14:54:01,481 INFO CSMF2.step_1_1_1.run :: epoch=21 step=50/429 train_nll=-3603.774
2026-05-14 14:54:45,865 INFO CSMF2.step_1_1_1.run :: [h] epoch=21 step=100 total=0.04557 batch=0.04215
2026-05-14 14:54:45,866 INFO CSMF2.step_1_1_1.run :: [lat] epoch=21 step=100 mean_l2=0.04672 std_l2=0.03006
2026-05-14 14:54:46,275 INFO CSMF2.step_1_1_1.run :: epoch=21 step=100/429 train_nll=-3581.635
2026-05-14 14:55:30,563 INFO CSMF2.step_1_1_1.run :: [h] epoch=21 step=150 total=0.04316 batch=0.04254
2026-05-14 14:55:30,564 INFO CSMF2.step_1_1_1.run :: [lat] epoch=21 step=150 mean_l2=0.02967 std_l2=0.01948
2026-05-14 14:55:31,011 INFO CSMF2.step_1_1_1.run :: epoch=21 step=150/429 train_nll=-3583.255
2026-05-14 14:56:15,640 INFO CSMF2.step_1_1_1.run :: [h] epoch=21 step=200 total=0.04467 batch=0.04409
2026-05-14 14:56:15,641 INFO CSMF2.step_1_1_1.run :: [lat] epoch=21 step=200 mean_l2=0.03009 std_l2=0.03366
2026-05-14 14:56:16,054 INFO CSMF2.step_1_1_1.run :: epoch=21 step=200/429 train_nll=-3585.323
2026-05-14 14:57:00,396 INFO CSMF2.step_1_1_1.run :: [h] epoch=21 step=250 total=0.04576 batch=0.04514
2026-05-14 14:57:00,397 INFO CSMF2.step_1_1_1.run :: [lat] epoch=21 step=250 mean_l2=0.04574 std_l2=0.03632
2026-05-14 14:57:00,807 INFO CSMF2.step_1_1_1.run :: epoch=21 step=250/429 train_nll=-3587.728
2026-05-14 14:57:45,156 INFO CSMF2.step_1_1_1.run :: [h] epoch=21 step=300 total=0.04910 batch=0.04851
2026-05-14 14:57:45,157 INFO CSMF2.step_1_1_1.run :: [lat] epoch=21 step=300 mean_l2=0.03406 std_l2=0.02084
2026-05-14 14:57:45,574 INFO CSMF2.step_1_1_1.run :: epoch=21 step=300/429 train_nll=-3588.350
2026-05-14 14:58:30,161 INFO CSMF2.step_1_1_1.run :: [h] epoch=21 step=350 total=0.04500 batch=0.04434
2026-05-14 14:58:30,162 INFO CSMF2.step_1_1_1.run :: [lat] epoch=21 step=350 mean_l2=0.02909 std_l2=0.02571
2026-05-14 14:58:30,571 INFO CSMF2.step_1_1_1.run :: epoch=21 step=350/429 train_nll=-3588.379
2026-05-14 14:59:14,615 INFO CSMF2.step_1_1_1.run :: [h] epoch=21 step=400 total=0.04705 batch=0.04647
2026-05-14 14:59:14,619 INFO CSMF2.step_1_1_1.run :: [lat] epoch=21 step=400 mean_l2=0.03557 std_l2=0.01761
2026-05-14 14:59:15,068 INFO CSMF2.step_1_1_1.run :: epoch=21 step=400/429 train_nll=-3587.148
2026-05-14 14:59:51,408 INFO CSMF2.step_1_1_1.run :: epoch=21  train_nll=-3587.794  val_nll=-3604.886  t=394.8s
2026-05-14 14:59:51,408 INFO CSMF2.step_1_1_1.run :: [glow] film_gain mean=0.2523 min=0.2266 max=0.2797
2026-05-14 14:59:51,408 INFO CSMF2.step_1_1_1.run :: [shuffle] gap_mean=14.029 hinge=0.0000 lambda=1.000 margin=0.50
2026-05-14 14:59:51,409 INFO CSMF2.step_1_1_1.run :: [h_std] total=0.04536 batch=0.04451 penalty=0.00549 target=0.0500 mu=10.000
2026-05-14 14:59:51,409 INFO CSMF2.step_1_1_1.run :: [lat_epoch] mean_l2=0.03887 std_l2=0.02799 lambda=0.100
2026-05-14 14:59:51,409 INFO CSMF2.step_1_1_1.run :: [y_resid] alpha=0.1429
2026-05-14 14:59:51,409 INFO CSMF2.step_1_1_1.run :: [grad] cond=53.0164 film_gain=863.5926
2026-05-14 15:00:44,996 INFO CSMF2.step_1_1_1.run :: [h] epoch=22 step=50 total=0.04814 batch=0.04768
2026-05-14 15:00:44,997 INFO CSMF2.step_1_1_1.run :: [lat] epoch=22 step=50 mean_l2=0.03966 std_l2=0.03207
2026-05-14 15:00:45,408 INFO CSMF2.step_1_1_1.run :: epoch=22 step=50/429 train_nll=-3575.578
2026-05-14 15:01:29,956 INFO CSMF2.step_1_1_1.run :: [h] epoch=22 step=100 total=0.04933 batch=0.04879
2026-05-14 15:01:29,957 INFO CSMF2.step_1_1_1.run :: [lat] epoch=22 step=100 mean_l2=0.03314 std_l2=0.02176
2026-05-14 15:01:30,405 INFO CSMF2.step_1_1_1.run :: epoch=22 step=100/429 train_nll=-3587.140
2026-05-14 15:02:14,558 INFO CSMF2.step_1_1_1.run :: [h] epoch=22 step=150 total=0.05235 batch=0.04610
2026-05-14 15:02:14,559 INFO CSMF2.step_1_1_1.run :: [lat] epoch=22 step=150 mean_l2=0.05209 std_l2=0.08325
2026-05-14 15:02:14,974 INFO CSMF2.step_1_1_1.run :: epoch=22 step=150/429 train_nll=-3584.458
2026-05-14 15:02:59,508 INFO CSMF2.step_1_1_1.run :: [h] epoch=22 step=200 total=0.04840 batch=0.04502
2026-05-14 15:02:59,508 INFO CSMF2.step_1_1_1.run :: [lat] epoch=22 step=200 mean_l2=0.03266 std_l2=0.02370
2026-05-14 15:02:59,918 INFO CSMF2.step_1_1_1.run :: epoch=22 step=200/429 train_nll=-3574.063
2026-05-14 15:03:44,184 INFO CSMF2.step_1_1_1.run :: [h] epoch=22 step=250 total=0.04450 batch=0.04337
2026-05-14 15:03:44,185 INFO CSMF2.step_1_1_1.run :: [lat] epoch=22 step=250 mean_l2=0.02966 std_l2=0.02221
2026-05-14 15:03:44,595 INFO CSMF2.step_1_1_1.run :: epoch=22 step=250/429 train_nll=-3577.300
2026-05-14 15:04:29,023 INFO CSMF2.step_1_1_1.run :: [h] epoch=22 step=300 total=0.04597 batch=0.04530
2026-05-14 15:04:29,023 INFO CSMF2.step_1_1_1.run :: [lat] epoch=22 step=300 mean_l2=0.04427 std_l2=0.01966
2026-05-14 15:04:29,433 INFO CSMF2.step_1_1_1.run :: epoch=22 step=300/429 train_nll=-3577.975
2026-05-14 15:05:14,245 INFO CSMF2.step_1_1_1.run :: [h] epoch=22 step=350 total=0.05009 batch=0.04899
2026-05-14 15:05:14,245 INFO CSMF2.step_1_1_1.run :: [lat] epoch=22 step=350 mean_l2=0.04323 std_l2=0.05259
2026-05-14 15:05:14,659 INFO CSMF2.step_1_1_1.run :: epoch=22 step=350/429 train_nll=-3579.345
2026-05-14 15:05:59,260 INFO CSMF2.step_1_1_1.run :: [h] epoch=22 step=400 total=0.04908 batch=0.04816
2026-05-14 15:05:59,261 INFO CSMF2.step_1_1_1.run :: [lat] epoch=22 step=400 mean_l2=0.03019 std_l2=0.02186
2026-05-14 15:05:59,672 INFO CSMF2.step_1_1_1.run :: epoch=22 step=400/429 train_nll=-3581.572
2026-05-14 15:06:36,048 INFO CSMF2.step_1_1_1.run :: epoch=22  train_nll=-3583.105  val_nll=-3608.543  t=395.7s
2026-05-14 15:06:36,048 INFO CSMF2.step_1_1_1.run :: [glow] film_gain mean=0.2495 min=0.2251 max=0.2778
2026-05-14 15:06:36,048 INFO CSMF2.step_1_1_1.run :: [shuffle] gap_mean=12.806 hinge=0.0000 lambda=1.000 margin=0.50
2026-05-14 15:06:36,048 INFO CSMF2.step_1_1_1.run :: [h_std] total=0.04931 batch=0.04774 penalty=0.00241 target=0.0500 mu=10.000
2026-05-14 15:06:36,048 INFO CSMF2.step_1_1_1.run :: [lat_epoch] mean_l2=0.03903 std_l2=0.03276 lambda=0.100
2026-05-14 15:06:36,048 INFO CSMF2.step_1_1_1.run :: [y_resid] alpha=0.1397
2026-05-14 15:06:36,049 INFO CSMF2.step_1_1_1.run :: [grad] cond=16.0408 film_gain=961.1617
2026-05-14 15:07:28,052 INFO CSMF2.step_1_1_1.run :: [h] epoch=23 step=50 total=0.04617 batch=0.04410
2026-05-14 15:07:28,053 INFO CSMF2.step_1_1_1.run :: [lat] epoch=23 step=50 mean_l2=0.04268 std_l2=0.02652
2026-05-14 15:07:28,462 INFO CSMF2.step_1_1_1.run :: epoch=23 step=50/429 train_nll=-3518.363
2026-05-14 15:08:12,658 INFO CSMF2.step_1_1_1.run :: [h] epoch=23 step=100 total=0.04654 batch=0.04524
2026-05-14 15:08:12,658 INFO CSMF2.step_1_1_1.run :: [lat] epoch=23 step=100 mean_l2=0.03222 std_l2=0.02124
2026-05-14 15:08:13,068 INFO CSMF2.step_1_1_1.run :: epoch=23 step=100/429 train_nll=-3554.160
2026-05-14 15:08:57,367 INFO CSMF2.step_1_1_1.run :: [h] epoch=23 step=150 total=0.04577 batch=0.04496
2026-05-14 15:08:57,368 INFO CSMF2.step_1_1_1.run :: [lat] epoch=23 step=150 mean_l2=0.02349 std_l2=0.02038
2026-05-14 15:08:57,778 INFO CSMF2.step_1_1_1.run :: epoch=23 step=150/429 train_nll=-3567.947
2026-05-14 15:09:41,980 INFO CSMF2.step_1_1_1.run :: [h] epoch=23 step=200 total=0.04841 batch=0.04777
2026-05-14 15:09:41,981 INFO CSMF2.step_1_1_1.run :: [lat] epoch=23 step=200 mean_l2=0.03426 std_l2=0.02446
2026-05-14 15:09:42,438 INFO CSMF2.step_1_1_1.run :: epoch=23 step=200/429 train_nll=-3573.740
2026-05-14 15:10:27,030 INFO CSMF2.step_1_1_1.run :: [h] epoch=23 step=250 total=0.04630 batch=0.04548
2026-05-14 15:10:27,030 INFO CSMF2.step_1_1_1.run :: [lat] epoch=23 step=250 mean_l2=0.03460 std_l2=0.02109
2026-05-14 15:10:27,444 INFO CSMF2.step_1_1_1.run :: epoch=23 step=250/429 train_nll=-3577.523
2026-05-14 15:11:11,816 INFO CSMF2.step_1_1_1.run :: [h] epoch=23 step=300 total=0.04822 batch=0.04720
2026-05-14 15:11:11,817 INFO CSMF2.step_1_1_1.run :: [lat] epoch=23 step=300 mean_l2=0.03040 std_l2=0.02874
2026-05-14 15:11:12,228 INFO CSMF2.step_1_1_1.run :: epoch=23 step=300/429 train_nll=-3580.052
2026-05-14 15:11:56,402 INFO CSMF2.step_1_1_1.run :: [h] epoch=23 step=350 total=0.04957 batch=0.04885
2026-05-14 15:11:56,403 INFO CSMF2.step_1_1_1.run :: [lat] epoch=23 step=350 mean_l2=0.02756 std_l2=0.02003
2026-05-14 15:11:56,820 INFO CSMF2.step_1_1_1.run :: epoch=23 step=350/429 train_nll=-3583.400
2026-05-14 15:12:41,465 INFO CSMF2.step_1_1_1.run :: [h] epoch=23 step=400 total=0.04965 batch=0.04899
2026-05-14 15:12:41,466 INFO CSMF2.step_1_1_1.run :: [lat] epoch=23 step=400 mean_l2=0.03353 std_l2=0.02504
2026-05-14 15:12:41,914 INFO CSMF2.step_1_1_1.run :: epoch=23 step=400/429 train_nll=-3585.911
2026-05-14 15:13:18,570 INFO CSMF2.step_1_1_1.run :: epoch=23  train_nll=-3585.460  val_nll=-3579.322  t=394.6s
2026-05-14 15:13:18,570 INFO CSMF2.step_1_1_1.run :: [glow] film_gain mean=0.2473 min=0.2222 max=0.2764
2026-05-14 15:13:18,571 INFO CSMF2.step_1_1_1.run :: [shuffle] gap_mean=13.120 hinge=0.0000 lambda=1.000 margin=0.50
2026-05-14 15:13:18,571 INFO CSMF2.step_1_1_1.run :: [h_std] total=0.04852 batch=0.04743 penalty=0.00262 target=0.0500 mu=10.000
2026-05-14 15:13:18,571 INFO CSMF2.step_1_1_1.run :: [lat_epoch] mean_l2=0.03817 std_l2=0.03157 lambda=0.100
2026-05-14 15:13:18,571 INFO CSMF2.step_1_1_1.run :: [y_resid] alpha=0.1388
2026-05-14 15:13:18,571 INFO CSMF2.step_1_1_1.run :: [grad] cond=16.9671 film_gain=2268.6645
2026-05-14 15:14:10,966 INFO CSMF2.step_1_1_1.run :: [h] epoch=24 step=50 total=0.05198 batch=0.05152
2026-05-14 15:14:10,967 INFO CSMF2.step_1_1_1.run :: [lat] epoch=24 step=50 mean_l2=0.04730 std_l2=0.02423
2026-05-14 15:14:11,384 INFO CSMF2.step_1_1_1.run :: epoch=24 step=50/429 train_nll=-3592.730
2026-05-14 15:14:56,292 INFO CSMF2.step_1_1_1.run :: [h] epoch=24 step=100 total=0.05117 batch=0.05061
2026-05-14 15:14:56,293 INFO CSMF2.step_1_1_1.run :: [lat] epoch=24 step=100 mean_l2=0.06359 std_l2=0.05718
2026-05-14 15:14:56,702 INFO CSMF2.step_1_1_1.run :: epoch=24 step=100/429 train_nll=-3594.324
2026-05-14 15:15:40,844 INFO CSMF2.step_1_1_1.run :: [h] epoch=24 step=150 total=0.05266 batch=0.05195
2026-05-14 15:15:40,845 INFO CSMF2.step_1_1_1.run :: [lat] epoch=24 step=150 mean_l2=0.05096 std_l2=0.02685
2026-05-14 15:15:41,294 INFO CSMF2.step_1_1_1.run :: epoch=24 step=150/429 train_nll=-3587.138
2026-05-14 15:16:25,464 INFO CSMF2.step_1_1_1.run :: [h] epoch=24 step=200 total=0.04898 batch=0.04826
2026-05-14 15:16:25,464 INFO CSMF2.step_1_1_1.run :: [lat] epoch=24 step=200 mean_l2=0.04074 std_l2=0.01955
2026-05-14 15:16:25,882 INFO CSMF2.step_1_1_1.run :: epoch=24 step=200/429 train_nll=-3590.915
2026-05-14 15:17:10,719 INFO CSMF2.step_1_1_1.run :: [h] epoch=24 step=250 total=0.05035 batch=0.04974
2026-05-14 15:17:10,719 INFO CSMF2.step_1_1_1.run :: [lat] epoch=24 step=250 mean_l2=0.02737 std_l2=0.02117
2026-05-14 15:17:11,130 INFO CSMF2.step_1_1_1.run :: epoch=24 step=250/429 train_nll=-3593.999
2026-05-14 15:17:55,742 INFO CSMF2.step_1_1_1.run :: [h] epoch=24 step=300 total=0.05089 batch=0.05032
2026-05-14 15:17:55,743 INFO CSMF2.step_1_1_1.run :: [lat] epoch=24 step=300 mean_l2=0.03104 std_l2=0.02705
2026-05-14 15:17:56,161 INFO CSMF2.step_1_1_1.run :: epoch=24 step=300/429 train_nll=-3594.431
2026-05-14 15:18:40,652 INFO CSMF2.step_1_1_1.run :: [h] epoch=24 step=350 total=0.05198 batch=0.05131
2026-05-14 15:18:40,652 INFO CSMF2.step_1_1_1.run :: [lat] epoch=24 step=350 mean_l2=0.02719 std_l2=0.01924
2026-05-14 15:18:41,062 INFO CSMF2.step_1_1_1.run :: epoch=24 step=350/429 train_nll=-3596.214
2026-05-14 15:19:25,678 INFO CSMF2.step_1_1_1.run :: [h] epoch=24 step=400 total=0.05186 batch=0.05102
2026-05-14 15:19:25,678 INFO CSMF2.step_1_1_1.run :: [lat] epoch=24 step=400 mean_l2=0.02382 std_l2=0.03039
2026-05-14 15:19:26,088 INFO CSMF2.step_1_1_1.run :: epoch=24 step=400/429 train_nll=-3598.327
2026-05-14 15:20:02,557 INFO CSMF2.step_1_1_1.run :: epoch=24  train_nll=-3598.369  val_nll=-3603.281  t=396.1s
2026-05-14 15:20:02,557 INFO CSMF2.step_1_1_1.run :: [glow] film_gain mean=0.2464 min=0.2215 max=0.2757
2026-05-14 15:20:02,557 INFO CSMF2.step_1_1_1.run :: [shuffle] gap_mean=15.427 hinge=0.0000 lambda=1.000 margin=0.50
2026-05-14 15:20:02,557 INFO CSMF2.step_1_1_1.run :: [h_std] total=0.05073 batch=0.05010 penalty=0.00046 target=0.0500 mu=10.000
2026-05-14 15:20:02,557 INFO CSMF2.step_1_1_1.run :: [lat_epoch] mean_l2=0.03718 std_l2=0.02680 lambda=0.100
2026-05-14 15:20:02,557 INFO CSMF2.step_1_1_1.run :: [y_resid] alpha=0.1413
2026-05-14 15:20:02,557 INFO CSMF2.step_1_1_1.run :: [grad] cond=8.0569 film_gain=932.8351
2026-05-14 15:20:55,820 INFO CSMF2.step_1_1_1.run :: [h] epoch=25 step=50 total=0.04983 batch=0.04861
2026-05-14 15:20:55,821 INFO CSMF2.step_1_1_1.run :: [lat] epoch=25 step=50 mean_l2=0.03031 std_l2=0.02055
2026-05-14 15:20:56,237 INFO CSMF2.step_1_1_1.run :: epoch=25 step=50/429 train_nll=-3580.049
2026-05-14 15:21:40,711 INFO CSMF2.step_1_1_1.run :: [h] epoch=25 step=100 total=0.04861 batch=0.04796
2026-05-14 15:21:40,712 INFO CSMF2.step_1_1_1.run :: [lat] epoch=25 step=100 mean_l2=0.03091 std_l2=0.02924
2026-05-14 15:21:41,129 INFO CSMF2.step_1_1_1.run :: epoch=25 step=100/429 train_nll=-3593.116
2026-05-14 15:22:25,579 INFO CSMF2.step_1_1_1.run :: [h] epoch=25 step=150 total=0.04848 batch=0.04773
2026-05-14 15:22:25,579 INFO CSMF2.step_1_1_1.run :: [lat] epoch=25 step=150 mean_l2=0.05177 std_l2=0.02781
2026-05-14 15:22:25,989 INFO CSMF2.step_1_1_1.run :: epoch=25 step=150/429 train_nll=-3586.666
2026-05-14 15:23:10,204 INFO CSMF2.step_1_1_1.run :: [h] epoch=25 step=200 total=0.04955 batch=0.04881
2026-05-14 15:23:10,205 INFO CSMF2.step_1_1_1.run :: [lat] epoch=25 step=200 mean_l2=0.03024 std_l2=0.02614
2026-05-14 15:23:10,654 INFO CSMF2.step_1_1_1.run :: epoch=25 step=200/429 train_nll=-3580.566
2026-05-14 15:23:54,637 INFO CSMF2.step_1_1_1.run :: [h] epoch=25 step=250 total=0.04842 batch=0.04760
2026-05-14 15:23:54,638 INFO CSMF2.step_1_1_1.run :: [lat] epoch=25 step=250 mean_l2=0.04800 std_l2=0.02434
2026-05-14 15:23:55,047 INFO CSMF2.step_1_1_1.run :: epoch=25 step=250/429 train_nll=-3585.254
2026-05-14 15:24:39,635 INFO CSMF2.step_1_1_1.run :: [h] epoch=25 step=300 total=0.05094 batch=0.05039
2026-05-14 15:24:39,636 INFO CSMF2.step_1_1_1.run :: [lat] epoch=25 step=300 mean_l2=0.02945 std_l2=0.03400
2026-05-14 15:24:40,050 INFO CSMF2.step_1_1_1.run :: epoch=25 step=300/429 train_nll=-3588.208
2026-05-14 15:25:24,612 INFO CSMF2.step_1_1_1.run :: [h] epoch=25 step=350 total=0.04984 batch=0.04934
2026-05-14 15:25:24,613 INFO CSMF2.step_1_1_1.run :: [lat] epoch=25 step=350 mean_l2=0.02448 std_l2=0.02262
2026-05-14 15:25:25,022 INFO CSMF2.step_1_1_1.run :: epoch=25 step=350/429 train_nll=-3591.216
2026-05-14 15:26:09,625 INFO CSMF2.step_1_1_1.run :: [h] epoch=25 step=400 total=0.04441 batch=0.04225
2026-05-14 15:26:09,626 INFO CSMF2.step_1_1_1.run :: [lat] epoch=25 step=400 mean_l2=0.03686 std_l2=0.02647
2026-05-14 15:26:10,084 INFO CSMF2.step_1_1_1.run :: epoch=25 step=400/429 train_nll=-3524.651
2026-05-14 15:26:46,512 INFO CSMF2.step_1_1_1.run :: epoch=25  train_nll=-3528.240  val_nll=-3534.027  t=395.1s
2026-05-14 15:26:46,512 INFO CSMF2.step_1_1_1.run :: [glow] film_gain mean=0.2435 min=0.2180 max=0.2726
2026-05-14 15:26:46,512 INFO CSMF2.step_1_1_1.run :: [shuffle] gap_mean=4.648 hinge=10.1886 lambda=1.000 margin=0.50
2026-05-14 15:26:46,512 INFO CSMF2.step_1_1_1.run :: [h_std] total=0.04998 batch=0.04856 penalty=0.00176 target=0.0500 mu=10.000
2026-05-14 15:26:46,512 INFO CSMF2.step_1_1_1.run :: [lat_epoch] mean_l2=0.04019 std_l2=470.19721 lambda=0.100
2026-05-14 15:26:46,512 INFO CSMF2.step_1_1_1.run :: [y_resid] alpha=0.1085
2026-05-14 15:26:46,512 INFO CSMF2.step_1_1_1.run :: [grad] cond=30.1366 film_gain=736.8058
2026-05-14 15:27:38,969 INFO CSMF2.step_1_1_1.run :: [h] epoch=26 step=50 total=0.03861 batch=0.03662
2026-05-14 15:27:38,970 INFO CSMF2.step_1_1_1.run :: [lat] epoch=26 step=50 mean_l2=0.05616 std_l2=0.02194
2026-05-14 15:27:39,418 INFO CSMF2.step_1_1_1.run :: epoch=26 step=50/429 train_nll=-3566.705
2026-05-14 15:28:23,834 INFO CSMF2.step_1_1_1.run :: [h] epoch=26 step=100 total=0.03975 batch=0.03828
2026-05-14 15:28:23,834 INFO CSMF2.step_1_1_1.run :: [lat] epoch=26 step=100 mean_l2=0.02547 std_l2=0.02541
2026-05-14 15:28:24,244 INFO CSMF2.step_1_1_1.run :: epoch=26 step=100/429 train_nll=-3567.815
2026-05-14 15:29:08,717 INFO CSMF2.step_1_1_1.run :: [h] epoch=26 step=150 total=0.04063 batch=0.03947
2026-05-14 15:29:08,717 INFO CSMF2.step_1_1_1.run :: [lat] epoch=26 step=150 mean_l2=0.04763 std_l2=0.02155
2026-05-14 15:29:09,128 INFO CSMF2.step_1_1_1.run :: epoch=26 step=150/429 train_nll=-3573.754
2026-05-14 15:29:53,750 INFO CSMF2.step_1_1_1.run :: [h] epoch=26 step=200 total=0.04147 batch=0.04059
2026-05-14 15:29:53,751 INFO CSMF2.step_1_1_1.run :: [lat] epoch=26 step=200 mean_l2=0.17341 std_l2=0.35103
2026-05-14 15:29:54,201 INFO CSMF2.step_1_1_1.run :: epoch=26 step=200/429 train_nll=-3577.444
2026-05-14 15:30:38,448 INFO CSMF2.step_1_1_1.run :: [h] epoch=26 step=250 total=0.04217 batch=0.04111
2026-05-14 15:30:38,448 INFO CSMF2.step_1_1_1.run :: [lat] epoch=26 step=250 mean_l2=0.08864 std_l2=0.05421
2026-05-14 15:30:38,857 INFO CSMF2.step_1_1_1.run :: epoch=26 step=250/429 train_nll=-3571.142
2026-05-14 15:31:23,197 INFO CSMF2.step_1_1_1.run :: [h] epoch=26 step=300 total=0.04203 batch=0.04120
2026-05-14 15:31:23,198 INFO CSMF2.step_1_1_1.run :: [lat] epoch=26 step=300 mean_l2=0.04313 std_l2=0.03118
2026-05-14 15:31:23,647 INFO CSMF2.step_1_1_1.run :: epoch=26 step=300/429 train_nll=-3573.411
2026-05-14 15:32:08,255 INFO CSMF2.step_1_1_1.run :: [h] epoch=26 step=350 total=0.04296 batch=0.04217
2026-05-14 15:32:08,256 INFO CSMF2.step_1_1_1.run :: [lat] epoch=26 step=350 mean_l2=0.04272 std_l2=0.02020
2026-05-14 15:32:08,673 INFO CSMF2.step_1_1_1.run :: epoch=26 step=350/429 train_nll=-3576.010
2026-05-14 15:32:53,072 INFO CSMF2.step_1_1_1.run :: [h] epoch=26 step=400 total=0.04412 batch=0.04361
2026-05-14 15:32:53,073 INFO CSMF2.step_1_1_1.run :: [lat] epoch=26 step=400 mean_l2=0.03262 std_l2=0.02235
2026-05-14 15:32:53,482 INFO CSMF2.step_1_1_1.run :: epoch=26 step=400/429 train_nll=-3576.512
2026-05-14 15:33:29,751 INFO CSMF2.step_1_1_1.run :: epoch=26  train_nll=-3575.051  val_nll=-3552.037  t=395.3s
2026-05-14 15:33:29,751 INFO CSMF2.step_1_1_1.run :: [glow] film_gain mean=0.2398 min=0.2158 max=0.2704
2026-05-14 15:33:29,751 INFO CSMF2.step_1_1_1.run :: [shuffle] gap_mean=14.173 hinge=0.0000 lambda=1.000 margin=0.50
2026-05-14 15:33:29,751 INFO CSMF2.step_1_1_1.run :: [h_std] total=0.04129 batch=0.04015 penalty=0.00985 target=0.0500 mu=10.000
2026-05-14 15:33:29,751 INFO CSMF2.step_1_1_1.run :: [lat_epoch] mean_l2=0.04051 std_l2=0.08735 lambda=0.100
2026-05-14 15:33:29,751 INFO CSMF2.step_1_1_1.run :: [y_resid] alpha=0.1176
2026-05-14 15:33:29,751 INFO CSMF2.step_1_1_1.run :: [grad] cond=34.0018 film_gain=623.9359
2026-05-14 15:34:23,191 INFO CSMF2.step_1_1_1.run :: [h] epoch=27 step=50 total=0.04454 batch=0.04385
2026-05-14 15:34:23,192 INFO CSMF2.step_1_1_1.run :: [lat] epoch=27 step=50 mean_l2=0.03182 std_l2=0.02112
2026-05-14 15:34:23,610 INFO CSMF2.step_1_1_1.run :: epoch=27 step=50/429 train_nll=-3594.499
2026-05-14 15:35:07,881 INFO CSMF2.step_1_1_1.run :: [h] epoch=27 step=100 total=0.04603 batch=0.04438
2026-05-14 15:35:07,881 INFO CSMF2.step_1_1_1.run :: [lat] epoch=27 step=100 mean_l2=0.05699 std_l2=0.03910
2026-05-14 15:35:08,290 INFO CSMF2.step_1_1_1.run :: epoch=27 step=100/429 train_nll=-3581.304
2026-05-14 15:35:52,816 INFO CSMF2.step_1_1_1.run :: [h] epoch=27 step=150 total=0.04251 batch=0.04161
2026-05-14 15:35:52,817 INFO CSMF2.step_1_1_1.run :: [lat] epoch=27 step=150 mean_l2=0.03038 std_l2=0.02600
2026-05-14 15:35:53,266 INFO CSMF2.step_1_1_1.run :: epoch=27 step=150/429 train_nll=-3583.481
2026-05-14 15:36:38,080 INFO CSMF2.step_1_1_1.run :: [h] epoch=27 step=200 total=0.04212 batch=0.03968
2026-05-14 15:36:38,081 INFO CSMF2.step_1_1_1.run :: [lat] epoch=27 step=200 mean_l2=0.02516 std_l2=0.02124
2026-05-14 15:36:38,531 INFO CSMF2.step_1_1_1.run :: epoch=27 step=200/429 train_nll=-3511.312
2026-05-14 15:37:23,035 INFO CSMF2.step_1_1_1.run :: [h] epoch=27 step=250 total=0.04014 batch=0.03804
2026-05-14 15:37:23,036 INFO CSMF2.step_1_1_1.run :: [lat] epoch=27 step=250 mean_l2=0.04904 std_l2=0.03027
2026-05-14 15:37:23,446 INFO CSMF2.step_1_1_1.run :: epoch=27 step=250/429 train_nll=-3524.318
2026-05-14 15:38:07,642 INFO CSMF2.step_1_1_1.run :: [h] epoch=27 step=300 total=0.04087 batch=0.03978
2026-05-14 15:38:07,643 INFO CSMF2.step_1_1_1.run :: [lat] epoch=27 step=300 mean_l2=0.07279 std_l2=0.04280
2026-05-14 15:38:08,053 INFO CSMF2.step_1_1_1.run :: epoch=27 step=300/429 train_nll=-3533.791
2026-05-14 15:38:52,412 INFO CSMF2.step_1_1_1.run :: [h] epoch=27 step=350 total=0.04107 batch=0.04028
2026-05-14 15:38:52,413 INFO CSMF2.step_1_1_1.run :: [lat] epoch=27 step=350 mean_l2=0.02305 std_l2=0.01847
2026-05-14 15:38:52,831 INFO CSMF2.step_1_1_1.run :: epoch=27 step=350/429 train_nll=-3540.906
2026-05-14 15:39:37,262 INFO CSMF2.step_1_1_1.run :: [h] epoch=27 step=400 total=0.04113 batch=0.04048
2026-05-14 15:39:37,263 INFO CSMF2.step_1_1_1.run :: [lat] epoch=27 step=400 mean_l2=0.02778 std_l2=0.02229
2026-05-14 15:39:37,711 INFO CSMF2.step_1_1_1.run :: epoch=27 step=400/429 train_nll=-3546.452
2026-05-14 15:40:14,081 INFO CSMF2.step_1_1_1.run :: epoch=27  train_nll=-3550.661  val_nll=-3611.870  t=395.3s
2026-05-14 15:40:14,081 INFO CSMF2.step_1_1_1.run :: [glow] film_gain mean=0.2371 min=0.2154 max=0.2690
2026-05-14 15:40:14,081 INFO CSMF2.step_1_1_1.run :: [shuffle] gap_mean=3.221 hinge=11.2724 lambda=1.000 margin=0.50
2026-05-14 15:40:14,081 INFO CSMF2.step_1_1_1.run :: [h_std] total=0.04317 batch=0.04168 penalty=0.00832 target=0.0500 mu=10.000
2026-05-14 15:40:14,081 INFO CSMF2.step_1_1_1.run :: [lat_epoch] mean_l2=0.03840 std_l2=507.80891 lambda=0.100
2026-05-14 15:40:14,082 INFO CSMF2.step_1_1_1.run :: [y_resid] alpha=0.1121
2026-05-14 15:40:14,082 INFO CSMF2.step_1_1_1.run :: [grad] cond=52.8473 film_gain=526.8655
2026-05-14 15:41:07,534 INFO CSMF2.step_1_1_1.run :: [h] epoch=28 step=50 total=0.04157 batch=0.04072
2026-05-14 15:41:07,535 INFO CSMF2.step_1_1_1.run :: [lat] epoch=28 step=50 mean_l2=0.03175 std_l2=0.02035
2026-05-14 15:41:07,944 INFO CSMF2.step_1_1_1.run :: epoch=28 step=50/429 train_nll=-3604.294
2026-05-14 15:41:52,480 INFO CSMF2.step_1_1_1.run :: [h] epoch=28 step=100 total=0.04353 batch=0.04268
2026-05-14 15:41:52,481 INFO CSMF2.step_1_1_1.run :: [lat] epoch=28 step=100 mean_l2=0.03979 std_l2=0.02041
2026-05-14 15:41:52,890 INFO CSMF2.step_1_1_1.run :: epoch=28 step=100/429 train_nll=-3601.533
2026-05-14 15:42:37,415 INFO CSMF2.step_1_1_1.run :: [h] epoch=28 step=150 total=0.04223 batch=0.04140
2026-05-14 15:42:37,415 INFO CSMF2.step_1_1_1.run :: [lat] epoch=28 step=150 mean_l2=0.03408 std_l2=0.11848
2026-05-14 15:42:37,825 INFO CSMF2.step_1_1_1.run :: epoch=28 step=150/429 train_nll=-3600.112
2026-05-14 15:43:22,280 INFO CSMF2.step_1_1_1.run :: [h] epoch=28 step=200 total=0.04366 batch=0.04275
2026-05-14 15:43:22,281 INFO CSMF2.step_1_1_1.run :: [lat] epoch=28 step=200 mean_l2=0.03335 std_l2=0.08078
2026-05-14 15:43:22,731 INFO CSMF2.step_1_1_1.run :: epoch=28 step=200/429 train_nll=-3587.027
2026-05-14 15:44:07,130 INFO CSMF2.step_1_1_1.run :: [h] epoch=28 step=250 total=0.04307 batch=0.04239
2026-05-14 15:44:07,131 INFO CSMF2.step_1_1_1.run :: [lat] epoch=28 step=250 mean_l2=0.03414 std_l2=0.02331
2026-05-14 15:44:07,549 INFO CSMF2.step_1_1_1.run :: epoch=28 step=250/429 train_nll=-3588.530
2026-05-14 15:44:52,325 INFO CSMF2.step_1_1_1.run :: [h] epoch=28 step=300 total=0.04334 batch=0.04263
2026-05-14 15:44:52,326 INFO CSMF2.step_1_1_1.run :: [lat] epoch=28 step=300 mean_l2=0.02757 std_l2=0.02325
2026-05-14 15:44:52,740 INFO CSMF2.step_1_1_1.run :: epoch=28 step=300/429 train_nll=-3590.619
2026-05-14 15:45:37,060 INFO CSMF2.step_1_1_1.run :: [h] epoch=28 step=350 total=0.04766 batch=0.04693
2026-05-14 15:45:37,061 INFO CSMF2.step_1_1_1.run :: [lat] epoch=28 step=350 mean_l2=0.02490 std_l2=0.02954
2026-05-14 15:45:37,472 INFO CSMF2.step_1_1_1.run :: epoch=28 step=350/429 train_nll=-3590.209
2026-05-14 15:46:22,141 INFO CSMF2.step_1_1_1.run :: [h] epoch=28 step=400 total=0.04516 batch=0.04460
2026-05-14 15:46:22,142 INFO CSMF2.step_1_1_1.run :: [lat] epoch=28 step=400 mean_l2=0.05862 std_l2=0.04823
2026-05-14 15:46:22,553 INFO CSMF2.step_1_1_1.run :: epoch=28 step=400/429 train_nll=-3590.222
2026-05-14 15:46:59,348 INFO CSMF2.step_1_1_1.run :: epoch=28  train_nll=-3589.427  val_nll=-3576.222  t=396.3s
2026-05-14 15:46:59,349 INFO CSMF2.step_1_1_1.run :: [glow] film_gain mean=0.2351 min=0.2126 max=0.2677
2026-05-14 15:46:59,349 INFO CSMF2.step_1_1_1.run :: [shuffle] gap_mean=15.553 hinge=0.0000 lambda=1.000 margin=0.50
2026-05-14 15:46:59,349 INFO CSMF2.step_1_1_1.run :: [h_std] total=0.04430 batch=0.04348 penalty=0.00652 target=0.0500 mu=10.000
2026-05-14 15:46:59,349 INFO CSMF2.step_1_1_1.run :: [lat_epoch] mean_l2=0.03659 std_l2=0.02955 lambda=0.100
2026-05-14 15:46:59,349 INFO CSMF2.step_1_1_1.run :: [y_resid] alpha=0.1175
2026-05-14 15:46:59,349 INFO CSMF2.step_1_1_1.run :: [grad] cond=12.5805 film_gain=1076.3487
2026-05-14 15:47:52,060 INFO CSMF2.step_1_1_1.run :: [h] epoch=29 step=50 total=0.04535 batch=0.04476
2026-05-14 15:47:52,061 INFO CSMF2.step_1_1_1.run :: [lat] epoch=29 step=50 mean_l2=0.02652 std_l2=0.02779
2026-05-14 15:47:52,511 INFO CSMF2.step_1_1_1.run :: epoch=29 step=50/429 train_nll=-3602.969
2026-05-14 15:48:37,505 INFO CSMF2.step_1_1_1.run :: [h] epoch=29 step=100 total=0.04574 batch=0.04504
2026-05-14 15:48:37,506 INFO CSMF2.step_1_1_1.run :: [lat] epoch=29 step=100 mean_l2=0.03121 std_l2=0.02025
2026-05-14 15:48:37,924 INFO CSMF2.step_1_1_1.run :: epoch=29 step=100/429 train_nll=-3604.909
2026-05-14 15:49:22,560 INFO CSMF2.step_1_1_1.run :: [h] epoch=29 step=150 total=0.04625 batch=0.04591
2026-05-14 15:49:22,560 INFO CSMF2.step_1_1_1.run :: [lat] epoch=29 step=150 mean_l2=0.02489 std_l2=0.02035
2026-05-14 15:49:22,970 INFO CSMF2.step_1_1_1.run :: epoch=29 step=150/429 train_nll=-3609.728
2026-05-14 15:50:07,715 INFO CSMF2.step_1_1_1.run :: [h] epoch=29 step=200 total=0.04834 batch=0.04783
2026-05-14 15:50:07,716 INFO CSMF2.step_1_1_1.run :: [lat] epoch=29 step=200 mean_l2=0.02610 std_l2=0.02027
2026-05-14 15:50:08,125 INFO CSMF2.step_1_1_1.run :: epoch=29 step=200/429 train_nll=-3605.307
2026-05-14 15:50:52,613 INFO CSMF2.step_1_1_1.run :: [h] epoch=29 step=250 total=0.04804 batch=0.04756
2026-05-14 15:50:52,614 INFO CSMF2.step_1_1_1.run :: [lat] epoch=29 step=250 mean_l2=0.04208 std_l2=0.18511
2026-05-14 15:50:53,027 INFO CSMF2.step_1_1_1.run :: epoch=29 step=250/429 train_nll=-3605.038
2026-05-14 15:51:37,785 INFO CSMF2.step_1_1_1.run :: [h] epoch=29 step=300 total=0.04904 batch=0.04691
2026-05-14 15:51:37,786 INFO CSMF2.step_1_1_1.run :: [lat] epoch=29 step=300 mean_l2=0.05079 std_l2=0.03184
2026-05-14 15:51:38,237 INFO CSMF2.step_1_1_1.run :: epoch=29 step=300/429 train_nll=-3599.314
2026-05-14 15:52:22,725 INFO CSMF2.step_1_1_1.run :: [h] epoch=29 step=350 total=0.04868 batch=0.04810
2026-05-14 15:52:22,726 INFO CSMF2.step_1_1_1.run :: [lat] epoch=29 step=350 mean_l2=0.02300 std_l2=0.02019
2026-05-14 15:52:23,136 INFO CSMF2.step_1_1_1.run :: epoch=29 step=350/429 train_nll=-3597.856
2026-05-14 15:53:07,873 INFO CSMF2.step_1_1_1.run :: [h] epoch=29 step=400 total=0.04821 batch=0.04723
2026-05-14 15:53:07,874 INFO CSMF2.step_1_1_1.run :: [lat] epoch=29 step=400 mean_l2=0.03613 std_l2=0.02287
2026-05-14 15:53:08,284 INFO CSMF2.step_1_1_1.run :: epoch=29 step=400/429 train_nll=-3597.230
2026-05-14 15:53:44,490 INFO CSMF2.step_1_1_1.run :: epoch=29  train_nll=-3596.680  val_nll=-3602.698  t=397.1s
2026-05-14 15:53:44,490 INFO CSMF2.step_1_1_1.run :: [glow] film_gain mean=0.2339 min=0.2116 max=0.2671
2026-05-14 15:53:44,490 INFO CSMF2.step_1_1_1.run :: [shuffle] gap_mean=16.191 hinge=0.0029 lambda=1.000 margin=0.50
2026-05-14 15:53:44,490 INFO CSMF2.step_1_1_1.run :: [h_std] total=0.04729 batch=0.04653 penalty=0.00347 target=0.0500 mu=10.000
2026-05-14 15:53:44,490 INFO CSMF2.step_1_1_1.run :: [lat_epoch] mean_l2=0.03493 std_l2=0.02886 lambda=0.100
2026-05-14 15:53:44,490 INFO CSMF2.step_1_1_1.run :: [y_resid] alpha=0.1216
2026-05-14 15:53:44,490 INFO CSMF2.step_1_1_1.run :: [grad] cond=90.3929 film_gain=836.5786
2026-05-14 15:53:53,583 WARNING CSMF2.step_1_1_1.run :: [exit_gate] fwd_rel=0.968 > target 0.500 (informational; no resume baseline available)
2026-05-14 15:54:14,179 INFO CSMF2.step_1_1_1.run :: [run] FINAL test_nll (sealed 10k) = -3599.751
2026-05-14 15:54:14,963 INFO CSMF2.experiments.step_1_1_1.density_plots :: [plot_latent_density] saved -> CSMF2/experiments/step_1_1_1/results/glow_s2_n0.10_seed0_7baaabdc8ec2/plots/latent_density.png  (ks=0.0121, mean=0.026, std=0.969)
2026-05-14 15:54:15,320 INFO CSMF2.experiments.step_1_1_1.density_plots :: [plot_cycle_density] saved -> CSMF2/experiments/step_1_1_1/results/glow_s2_n0.10_seed0_7baaabdc8ec2/plots/cycle_density.png  (max|err|=2.539e-05 rms=5.671e-07)
2026-05-14 15:54:15,825 INFO CSMF2.experiments.step_1_1_1.density_plots :: [plot_reconstruction_panel] saved -> CSMF2/experiments/step_1_1_1/results/glow_s2_n0.10_seed0_7baaabdc8ec2/plots/reconstruction_panel.png  rms(enc-prior)=2.036
==============================================================
[1mSTEP-1_1_1 RUN SUMMARY[0m
==============================================================
expert: glow   scale: 2   noise: 0.1   seed: 0   epochs: 30
train NLL:    -2947.43  ->    -3596.68  (Δ = -649.25)
test  NLL:    -3230.96  ->    -3602.70

[1mHARD GATES (halt on fail)[0m
  [32m 30/30  ✓[0m  invertibility FP64 <1e-5
  [33m 19/30  ✗[0m  latent KS vs N(0,1) <0.05
  [33m 29/30  ✗[0m  cycle_max < 1e-12
  [31m  0/30  ✗[0m  h std > 1e-3
  [31m  0/30  ✗[0m  FiLM γ,β std > 1e-3 aggregate
  [31m  0/30  ✗[0m  (y,seed) max|Δh| < 1e-6
  [32m 30/30  ✓[0m  no NaN/Inf this epoch
  [32m  1/1   ✓[0m  numeric log-det (FP64, once)

[1mINFORMATIONAL (logged, non-blocking)[0m
  [31m  0/30  ✗[0m  null-control gap ≥ 0.10
  [31m  0/30  ✗[0m  h_st Δlogp slope > 1e-3
  [31m  0/30  ✗[0m  grad norm > 1e-6
  [32m 30/30  ✓[0m  fwd residual reported
--------------------------------------------------------------
[1mHARD TOTAL: 109/211[0m  (51.7%)
[1mEXIT_CRITERIA_MET:[0m [31mNO[0m
[1mREMEDY HINTS:[0m
  - hard gate failed: latent_ks (latent KS vs N(0,1) <0.05) -- check epochs [0, 1, 3, 9, 13, 15, 17, 21, 24, 25, 27]
  - hard gate failed: cycle_max (cycle_max < 1e-12) -- check epochs [25]
  - hard gate failed: h_alive (h std > 1e-3) -- check epochs [0, 1, 2, 3, 4, 5, 6, 7, 8, 9, 10, 11, 12, 13, 14, 15, 16, 17, 18, 19, 20, 21, 22, 23, 24, 25, 26, 27, 28, 29]
  - hard gate failed: film_alive (FiLM γ,β std > 1e-3 aggregate) -- check epochs [0, 1, 2, 3, 4, 5, 6, 7, 8, 9, 10, 11, 12, 13, 14, 15, 16, 17, 18, 19, 20, 21, 22, 23, 24, 25, 26, 27, 28, 29]
  - hard gate failed: determinism ((y,seed) max|Δh| < 1e-6) -- check epochs [0, 1, 2, 3, 4, 5, 6, 7, 8, 9, 10, 11, 12, 13, 14, 15, 16, 17, 18, 19, 20, 21, 22, 23, 24, 25, 26, 27, 28, 29]
[33mSTEP-1_1_1 SOFT WARNINGS (non-blocking):[0m
  ! fwd_rel=0.968 > target 0.500 (informational; no resume baseline available)
==============================================================
2026-05-14 15:54:15,898 INFO CSMF2.step_1_1_1.run :: STEP-1_1 run DONE  exit_ok=False  out=CSMF2/experiments/step_1_1_1/results/glow_s2_n0.10_seed0_7baaabdc8ec2
