2026-05-16 18:54:09,356 INFO CSMF2.step_1_1_1.run :: STEP-1_1 run | tag=glow_s2_n0.00_seed0_c81dec9b2524 | cfg=StepCfg(data_root='./mnist_data', scale=2, blur_sigma=1.0, noise_sigma=0.0, batch_size=128, expert='glow', dim=784, cond_width=128, h_dim=256, flow_hidden=256, use_film=True, cache_h=True, use_v2_conditioner=True, film_depth=2, film_hidden=128, film_use_gelu=True, realnvp_n_couplings=6, realnvp_s_max=2.0, glow_n_steps=8, glow_coupling_hidden=256, glow_s_max=2.0, glow_squeeze=True, glow_n_levels=1, glow_image_c=1, glow_image_h=28, glow_image_w=28, glow_film_gain_init=0.3, lr=0.001, epochs=50, weight_decay=0.0, grad_clip=5.0, shuffle_loss_lambda=1.0, shuffle_loss_margin=0.5, h_std_penalty_mu=10.0, h_std_target=0.05, cond_y_residual_alpha_init=0.3, latent_moment_lambda=0.0, latent_ks_target=0.1, fwd_rel_target=0.5, resume_from=None, seed=0, out_root='./CSMF2/experiments/step_1_1_1/results', log_every=50, sanity_every_epoch=True)
2026-05-16 18:54:09,459 INFO CSMF2.step_1_1_1.run :: [run] data sizes: train=55000  val=5000 (per-epoch)  test=10000 (final-only)
2026-05-16 18:54:09,603 INFO CSMF2.step_1_1_1.run :: [y_sanity] y.std(dim=0).mean() = 0.1294  shape=(128, 1, 14, 14)
2026-05-16 18:54:09,898 INFO CSMF2.models.flows.glow.actnorm :: [Actnorm] data-init: C=4  s_mean=0.586  b_mean=1.274
2026-05-16 18:54:09,929 INFO CSMF2.models.experts :: [CondGlow.init_actnorm] step 0 done
2026-05-16 18:54:09,930 INFO CSMF2.models.flows.glow.actnorm :: [Actnorm] data-init: C=4  s_mean=1.342  b_mean=0.011
2026-05-16 18:54:09,933 INFO CSMF2.models.experts :: [CondGlow.init_actnorm] step 1 done
2026-05-16 18:54:09,933 INFO CSMF2.models.flows.glow.actnorm :: [Actnorm] data-init: C=4  s_mean=1.116  b_mean=0.023
2026-05-16 18:54:09,936 INFO CSMF2.models.experts :: [CondGlow.init_actnorm] step 2 done
2026-05-16 18:54:09,936 INFO CSMF2.models.flows.glow.actnorm :: [Actnorm] data-init: C=4  s_mean=1.135  b_mean=0.020
2026-05-16 18:54:09,940 INFO CSMF2.models.experts :: [CondGlow.init_actnorm] step 3 done
2026-05-16 18:54:09,940 INFO CSMF2.models.flows.glow.actnorm :: [Actnorm] data-init: C=4  s_mean=1.053  b_mean=0.011
2026-05-16 18:54:09,943 INFO CSMF2.models.experts :: [CondGlow.init_actnorm] step 4 done
2026-05-16 18:54:09,943 INFO CSMF2.models.flows.glow.actnorm :: [Actnorm] data-init: C=4  s_mean=1.197  b_mean=0.040
2026-05-16 18:54:09,946 INFO CSMF2.models.experts :: [CondGlow.init_actnorm] step 5 done
2026-05-16 18:54:09,946 INFO CSMF2.models.flows.glow.actnorm :: [Actnorm] data-init: C=4  s_mean=1.109  b_mean=0.103
2026-05-16 18:54:09,949 INFO CSMF2.models.experts :: [CondGlow.init_actnorm] step 6 done
2026-05-16 18:54:09,950 INFO CSMF2.models.flows.glow.actnorm :: [Actnorm] data-init: C=4  s_mean=0.960  b_mean=-0.046
2026-05-16 18:54:09,953 INFO CSMF2.models.experts :: [CondGlow.init_actnorm] step 7 done
2026-05-16 18:54:09,953 INFO CSMF2.step_1_1_1.run :: [run] logdet twin check SKIPPED for Glow: twin-flow logdet check incompatible with image-shape Glow; per-epoch invertibility_check covers correctness
2026-05-16 18:54:17,413 INFO CSMF2.step_1_1_1.run :: [h] epoch=0 step=50 total=0.05212 batch=0.02979
2026-05-16 18:54:17,413 INFO CSMF2.step_1_1_1.run :: [lat] epoch=0 step=50 mean_l2=0.06900 std_l2=0.26791
2026-05-16 18:54:17,449 INFO CSMF2.step_1_1_1.run :: epoch=0 step=50/429 train_nll=-1939.221
2026-05-16 18:54:24,869 INFO CSMF2.step_1_1_1.run :: [h] epoch=0 step=100 total=0.05093 batch=0.03156
2026-05-16 18:54:24,870 INFO CSMF2.step_1_1_1.run :: [lat] epoch=0 step=100 mean_l2=0.27232 std_l2=0.20346
2026-05-16 18:54:24,906 INFO CSMF2.step_1_1_1.run :: epoch=0 step=100/429 train_nll=-2358.535
2026-05-16 18:54:32,416 INFO CSMF2.step_1_1_1.run :: [h] epoch=0 step=150 total=0.04820 batch=0.02949
2026-05-16 18:54:32,416 INFO CSMF2.step_1_1_1.run :: [lat] epoch=0 step=150 mean_l2=0.30831 std_l2=0.21240
2026-05-16 18:54:32,452 INFO CSMF2.step_1_1_1.run :: epoch=0 step=150/429 train_nll=-2565.874
2026-05-16 18:54:39,861 INFO CSMF2.step_1_1_1.run :: [h] epoch=0 step=200 total=0.04431 batch=0.03054
2026-05-16 18:54:39,861 INFO CSMF2.step_1_1_1.run :: [lat] epoch=0 step=200 mean_l2=0.24460 std_l2=0.13532
2026-05-16 18:54:39,897 INFO CSMF2.step_1_1_1.run :: epoch=0 step=200/429 train_nll=-2687.333
2026-05-16 18:54:47,122 INFO CSMF2.step_1_1_1.run :: [h] epoch=0 step=250 total=0.04429 batch=0.03065
2026-05-16 18:54:47,123 INFO CSMF2.step_1_1_1.run :: [lat] epoch=0 step=250 mean_l2=0.07403 std_l2=0.07289
2026-05-16 18:54:47,159 INFO CSMF2.step_1_1_1.run :: epoch=0 step=250/429 train_nll=-2776.500
2026-05-16 18:54:54,394 INFO CSMF2.step_1_1_1.run :: [h] epoch=0 step=300 total=0.04189 batch=0.03126
2026-05-16 18:54:54,395 INFO CSMF2.step_1_1_1.run :: [lat] epoch=0 step=300 mean_l2=0.14447 std_l2=0.16974
2026-05-16 18:54:54,431 INFO CSMF2.step_1_1_1.run :: epoch=0 step=300/429 train_nll=-2841.531
2026-05-16 18:55:01,888 INFO CSMF2.step_1_1_1.run :: [h] epoch=0 step=350 total=0.03870 batch=0.02972
2026-05-16 18:55:01,888 INFO CSMF2.step_1_1_1.run :: [lat] epoch=0 step=350 mean_l2=0.22434 std_l2=0.06445
2026-05-16 18:55:01,925 INFO CSMF2.step_1_1_1.run :: epoch=0 step=350/429 train_nll=-2883.755
2026-05-16 18:55:09,111 INFO CSMF2.step_1_1_1.run :: [h] epoch=0 step=400 total=0.03917 batch=0.02980
2026-05-16 18:55:09,111 INFO CSMF2.step_1_1_1.run :: [lat] epoch=0 step=400 mean_l2=0.52209 std_l2=0.08613
2026-05-16 18:55:09,148 INFO CSMF2.step_1_1_1.run :: epoch=0 step=400/429 train_nll=-2925.946
2026-05-16 18:55:16,519 INFO CSMF2.step_1_1_1.run :: epoch=0  train_nll=-2946.125  val_nll=-3272.014  t=66.6s
2026-05-16 18:55:16,528 INFO CSMF2.step_1_1_1.run :: [glow] film_gain mean=0.3023 min=0.2865 max=0.3178
2026-05-16 18:55:16,528 INFO CSMF2.step_1_1_1.run :: [shuffle] gap_mean=0.927 hinge=0.1886 lambda=1.000 margin=0.50
2026-05-16 18:55:16,528 INFO CSMF2.step_1_1_1.run :: [h_std] total=0.04564 batch=0.03028 penalty=0.01972 target=0.0500 mu=10.000
2026-05-16 18:55:16,528 INFO CSMF2.step_1_1_1.run :: [lat_epoch] mean_l2=0.19588 std_l2=0.51403 (no penalty)
2026-05-16 18:55:16,528 INFO CSMF2.step_1_1_1.run :: [y_resid] alpha=0.2652
2026-05-16 18:55:16,528 INFO CSMF2.step_1_1_1.run :: [grad] cond=32.1998 film_gain=566.4203
2026-05-16 18:55:32,289 INFO CSMF2.step_1_1_1.run :: [h] epoch=1 step=50 total=0.03896 batch=0.03091
2026-05-16 18:55:32,290 INFO CSMF2.step_1_1_1.run :: [lat] epoch=1 step=50 mean_l2=0.06867 std_l2=0.06029
2026-05-16 18:55:32,326 INFO CSMF2.step_1_1_1.run :: epoch=1 step=50/429 train_nll=-3269.169
2026-05-16 18:55:39,481 INFO CSMF2.step_1_1_1.run :: [h] epoch=1 step=100 total=0.03613 batch=0.03088
2026-05-16 18:55:39,482 INFO CSMF2.step_1_1_1.run :: [lat] epoch=1 step=100 mean_l2=0.10665 std_l2=0.08036
2026-05-16 18:55:39,518 INFO CSMF2.step_1_1_1.run :: epoch=1 step=100/429 train_nll=-3271.799
2026-05-16 18:55:46,883 INFO CSMF2.step_1_1_1.run :: [h] epoch=1 step=150 total=0.03917 batch=0.03144
2026-05-16 18:55:46,884 INFO CSMF2.step_1_1_1.run :: [lat] epoch=1 step=150 mean_l2=0.06864 std_l2=0.03742
2026-05-16 18:55:46,920 INFO CSMF2.step_1_1_1.run :: epoch=1 step=150/429 train_nll=-3268.067
2026-05-16 18:55:54,320 INFO CSMF2.step_1_1_1.run :: [h] epoch=1 step=200 total=0.03707 batch=0.02978
2026-05-16 18:55:54,320 INFO CSMF2.step_1_1_1.run :: [lat] epoch=1 step=200 mean_l2=0.06428 std_l2=0.06182
2026-05-16 18:55:54,357 INFO CSMF2.step_1_1_1.run :: epoch=1 step=200/429 train_nll=-3277.220
2026-05-16 18:56:01,714 INFO CSMF2.step_1_1_1.run :: [h] epoch=1 step=250 total=0.03886 batch=0.03178
2026-05-16 18:56:01,714 INFO CSMF2.step_1_1_1.run :: [lat] epoch=1 step=250 mean_l2=0.08395 std_l2=0.03682
2026-05-16 18:56:01,750 INFO CSMF2.step_1_1_1.run :: epoch=1 step=250/429 train_nll=-3292.002
2026-05-16 18:56:09,188 INFO CSMF2.step_1_1_1.run :: [h] epoch=1 step=300 total=0.03909 batch=0.03284
2026-05-16 18:56:09,189 INFO CSMF2.step_1_1_1.run :: [lat] epoch=1 step=300 mean_l2=0.12310 std_l2=0.06846
2026-05-16 18:56:09,225 INFO CSMF2.step_1_1_1.run :: epoch=1 step=300/429 train_nll=-3299.504
2026-05-16 18:56:16,522 INFO CSMF2.step_1_1_1.run :: [h] epoch=1 step=350 total=0.03830 batch=0.03280
2026-05-16 18:56:16,523 INFO CSMF2.step_1_1_1.run :: [lat] epoch=1 step=350 mean_l2=0.05860 std_l2=0.07499
2026-05-16 18:56:16,559 INFO CSMF2.step_1_1_1.run :: epoch=1 step=350/429 train_nll=-3304.289
2026-05-16 18:56:23,879 INFO CSMF2.step_1_1_1.run :: [h] epoch=1 step=400 total=0.03994 batch=0.03433
2026-05-16 18:56:23,880 INFO CSMF2.step_1_1_1.run :: [lat] epoch=1 step=400 mean_l2=0.05006 std_l2=0.04557
2026-05-16 18:56:23,916 INFO CSMF2.step_1_1_1.run :: epoch=1 step=400/429 train_nll=-3312.780
2026-05-16 18:56:31,415 INFO CSMF2.step_1_1_1.run :: epoch=1  train_nll=-3315.765  val_nll=-3385.915  t=66.3s
2026-05-16 18:56:31,416 INFO CSMF2.step_1_1_1.run :: [glow] film_gain mean=0.3025 min=0.2861 max=0.3213
2026-05-16 18:56:31,416 INFO CSMF2.step_1_1_1.run :: [shuffle] gap_mean=2.091 hinge=0.0158 lambda=1.000 margin=0.50
2026-05-16 18:56:31,416 INFO CSMF2.step_1_1_1.run :: [h_std] total=0.03966 batch=0.03232 penalty=0.01768 target=0.0500 mu=10.000
2026-05-16 18:56:31,416 INFO CSMF2.step_1_1_1.run :: [lat_epoch] mean_l2=0.09195 std_l2=0.04983 (no penalty)
2026-05-16 18:56:31,416 INFO CSMF2.step_1_1_1.run :: [y_resid] alpha=0.2595
2026-05-16 18:56:31,416 INFO CSMF2.step_1_1_1.run :: [grad] cond=39.3704 film_gain=276.3015
2026-05-16 18:56:46,896 INFO CSMF2.step_1_1_1.run :: [h] epoch=2 step=50 total=0.04323 batch=0.03533
2026-05-16 18:56:46,897 INFO CSMF2.step_1_1_1.run :: [lat] epoch=2 step=50 mean_l2=0.11906 std_l2=0.03495
2026-05-16 18:56:46,933 INFO CSMF2.step_1_1_1.run :: epoch=2 step=50/429 train_nll=-3328.790
2026-05-16 18:56:54,188 INFO CSMF2.step_1_1_1.run :: [h] epoch=2 step=100 total=0.03627 batch=0.03089
2026-05-16 18:56:54,189 INFO CSMF2.step_1_1_1.run :: [lat] epoch=2 step=100 mean_l2=0.22274 std_l2=0.04121
2026-05-16 18:56:54,225 INFO CSMF2.step_1_1_1.run :: epoch=2 step=100/429 train_nll=-3332.723
2026-05-16 18:57:01,564 INFO CSMF2.step_1_1_1.run :: [h] epoch=2 step=150 total=0.03771 batch=0.03298
2026-05-16 18:57:01,565 INFO CSMF2.step_1_1_1.run :: [lat] epoch=2 step=150 mean_l2=0.07887 std_l2=0.05168
2026-05-16 18:57:01,601 INFO CSMF2.step_1_1_1.run :: epoch=2 step=150/429 train_nll=-3350.288
2026-05-16 18:57:09,004 INFO CSMF2.step_1_1_1.run :: [h] epoch=2 step=200 total=0.03712 batch=0.03224
2026-05-16 18:57:09,004 INFO CSMF2.step_1_1_1.run :: [lat] epoch=2 step=200 mean_l2=0.02369 std_l2=0.02956
2026-05-16 18:57:09,040 INFO CSMF2.step_1_1_1.run :: epoch=2 step=200/429 train_nll=-3355.769
2026-05-16 18:57:16,356 INFO CSMF2.step_1_1_1.run :: [h] epoch=2 step=250 total=0.03931 batch=0.03492
2026-05-16 18:57:16,356 INFO CSMF2.step_1_1_1.run :: [lat] epoch=2 step=250 mean_l2=0.04394 std_l2=0.03192
2026-05-16 18:57:16,392 INFO CSMF2.step_1_1_1.run :: epoch=2 step=250/429 train_nll=-3364.829
2026-05-16 18:57:23,791 INFO CSMF2.step_1_1_1.run :: [h] epoch=2 step=300 total=0.03911 batch=0.03513
2026-05-16 18:57:23,791 INFO CSMF2.step_1_1_1.run :: [lat] epoch=2 step=300 mean_l2=0.05335 std_l2=0.04669
2026-05-16 18:57:23,827 INFO CSMF2.step_1_1_1.run :: epoch=2 step=300/429 train_nll=-3371.873
2026-05-16 18:57:31,088 INFO CSMF2.step_1_1_1.run :: [h] epoch=2 step=350 total=0.03927 batch=0.03444
2026-05-16 18:57:31,089 INFO CSMF2.step_1_1_1.run :: [lat] epoch=2 step=350 mean_l2=0.09772 std_l2=0.02898
2026-05-16 18:57:31,125 INFO CSMF2.step_1_1_1.run :: epoch=2 step=350/429 train_nll=-3371.070
2026-05-16 18:57:38,687 INFO CSMF2.step_1_1_1.run :: [h] epoch=2 step=400 total=0.03752 batch=0.03369
2026-05-16 18:57:38,687 INFO CSMF2.step_1_1_1.run :: [lat] epoch=2 step=400 mean_l2=0.08048 std_l2=0.02789
2026-05-16 18:57:38,723 INFO CSMF2.step_1_1_1.run :: epoch=2 step=400/429 train_nll=-3375.683
2026-05-16 18:57:46,207 INFO CSMF2.step_1_1_1.run :: epoch=2  train_nll=-3378.215  val_nll=-3417.386  t=66.6s
2026-05-16 18:57:46,207 INFO CSMF2.step_1_1_1.run :: [glow] film_gain mean=0.3005 min=0.2830 max=0.3200
2026-05-16 18:57:46,207 INFO CSMF2.step_1_1_1.run :: [shuffle] gap_mean=3.751 hinge=0.0076 lambda=1.000 margin=0.50
2026-05-16 18:57:46,207 INFO CSMF2.step_1_1_1.run :: [h_std] total=0.03861 batch=0.03368 penalty=0.01632 target=0.0500 mu=10.000
2026-05-16 18:57:46,207 INFO CSMF2.step_1_1_1.run :: [lat_epoch] mean_l2=0.07807 std_l2=0.04319 (no penalty)
2026-05-16 18:57:46,207 INFO CSMF2.step_1_1_1.run :: [y_resid] alpha=0.2362
2026-05-16 18:57:46,207 INFO CSMF2.step_1_1_1.run :: [grad] cond=22.1484 film_gain=629.0403
2026-05-16 18:58:01,780 INFO CSMF2.step_1_1_1.run :: [h] epoch=3 step=50 total=0.04010 batch=0.03596
2026-05-16 18:58:01,781 INFO CSMF2.step_1_1_1.run :: [lat] epoch=3 step=50 mean_l2=0.10247 std_l2=0.03994
2026-05-16 18:58:01,817 INFO CSMF2.step_1_1_1.run :: epoch=3 step=50/429 train_nll=-3411.884
2026-05-16 18:58:09,350 INFO CSMF2.step_1_1_1.run :: [h] epoch=3 step=100 total=0.03678 batch=0.03317
2026-05-16 18:58:09,350 INFO CSMF2.step_1_1_1.run :: [lat] epoch=3 step=100 mean_l2=0.02569 std_l2=0.04788
2026-05-16 18:58:09,387 INFO CSMF2.step_1_1_1.run :: epoch=3 step=100/429 train_nll=-3424.028
2026-05-16 18:58:16,797 INFO CSMF2.step_1_1_1.run :: [h] epoch=3 step=150 total=0.04012 batch=0.03660
2026-05-16 18:58:16,798 INFO CSMF2.step_1_1_1.run :: [lat] epoch=3 step=150 mean_l2=0.10597 std_l2=0.03711
2026-05-16 18:58:16,834 INFO CSMF2.step_1_1_1.run :: epoch=3 step=150/429 train_nll=-3413.933
2026-05-16 18:58:24,029 INFO CSMF2.step_1_1_1.run :: [h] epoch=3 step=200 total=0.03936 batch=0.03548
2026-05-16 18:58:24,030 INFO CSMF2.step_1_1_1.run :: [lat] epoch=3 step=200 mean_l2=0.03442 std_l2=0.03694
2026-05-16 18:58:24,066 INFO CSMF2.step_1_1_1.run :: epoch=3 step=200/429 train_nll=-3420.745
2026-05-16 18:58:31,422 INFO CSMF2.step_1_1_1.run :: [h] epoch=3 step=250 total=0.03823 batch=0.03513
2026-05-16 18:58:31,422 INFO CSMF2.step_1_1_1.run :: [lat] epoch=3 step=250 mean_l2=0.04490 std_l2=0.03978
2026-05-16 18:58:31,459 INFO CSMF2.step_1_1_1.run :: epoch=3 step=250/429 train_nll=-3425.076
2026-05-16 18:58:38,832 INFO CSMF2.step_1_1_1.run :: [h] epoch=3 step=300 total=0.04193 batch=0.03881
2026-05-16 18:58:38,833 INFO CSMF2.step_1_1_1.run :: [lat] epoch=3 step=300 mean_l2=0.12603 std_l2=0.03257
2026-05-16 18:58:38,869 INFO CSMF2.step_1_1_1.run :: epoch=3 step=300/429 train_nll=-3424.589
2026-05-16 18:58:46,344 INFO CSMF2.step_1_1_1.run :: [h] epoch=3 step=350 total=0.04073 batch=0.03646
2026-05-16 18:58:46,345 INFO CSMF2.step_1_1_1.run :: [lat] epoch=3 step=350 mean_l2=0.05857 std_l2=0.03292
2026-05-16 18:58:46,381 INFO CSMF2.step_1_1_1.run :: epoch=3 step=350/429 train_nll=-3417.099
2026-05-16 18:58:53,394 INFO CSMF2.step_1_1_1.run :: [h] epoch=3 step=400 total=0.03730 batch=0.03490
2026-05-16 18:58:53,395 INFO CSMF2.step_1_1_1.run :: [lat] epoch=3 step=400 mean_l2=0.03465 std_l2=0.02369
2026-05-16 18:58:53,431 INFO CSMF2.step_1_1_1.run :: epoch=3 step=400/429 train_nll=-3421.528
2026-05-16 18:59:00,831 INFO CSMF2.step_1_1_1.run :: epoch=3  train_nll=-3423.179  val_nll=-3473.779  t=66.4s
2026-05-16 18:59:00,831 INFO CSMF2.step_1_1_1.run :: [glow] film_gain mean=0.2988 min=0.2805 max=0.3187
2026-05-16 18:59:00,831 INFO CSMF2.step_1_1_1.run :: [shuffle] gap_mean=5.523 hinge=0.0070 lambda=1.000 margin=0.50
2026-05-16 18:59:00,831 INFO CSMF2.step_1_1_1.run :: [h_std] total=0.03925 batch=0.03574 penalty=0.01426 target=0.0500 mu=10.000
2026-05-16 18:59:00,831 INFO CSMF2.step_1_1_1.run :: [lat_epoch] mean_l2=0.06615 std_l2=0.04149 (no penalty)
2026-05-16 18:59:00,831 INFO CSMF2.step_1_1_1.run :: [y_resid] alpha=0.2266
2026-05-16 18:59:00,831 INFO CSMF2.step_1_1_1.run :: [grad] cond=38.5852 film_gain=809.6463
2026-05-16 18:59:16,527 INFO CSMF2.step_1_1_1.run :: [h] epoch=4 step=50 total=0.03877 batch=0.03647
2026-05-16 18:59:16,527 INFO CSMF2.step_1_1_1.run :: [lat] epoch=4 step=50 mean_l2=0.06973 std_l2=0.04518
2026-05-16 18:59:16,563 INFO CSMF2.step_1_1_1.run :: epoch=4 step=50/429 train_nll=-3463.440
2026-05-16 18:59:23,918 INFO CSMF2.step_1_1_1.run :: [h] epoch=4 step=100 total=0.04020 batch=0.03734
2026-05-16 18:59:23,918 INFO CSMF2.step_1_1_1.run :: [lat] epoch=4 step=100 mean_l2=0.06237 std_l2=0.02342
2026-05-16 18:59:23,955 INFO CSMF2.step_1_1_1.run :: epoch=4 step=100/429 train_nll=-3455.048
2026-05-16 18:59:31,327 INFO CSMF2.step_1_1_1.run :: [h] epoch=4 step=150 total=0.03939 batch=0.03500
2026-05-16 18:59:31,328 INFO CSMF2.step_1_1_1.run :: [lat] epoch=4 step=150 mean_l2=0.08713 std_l2=0.02947
2026-05-16 18:59:31,364 INFO CSMF2.step_1_1_1.run :: epoch=4 step=150/429 train_nll=-3444.921
2026-05-16 18:59:38,592 INFO CSMF2.step_1_1_1.run :: [h] epoch=4 step=200 total=0.03876 batch=0.03558
2026-05-16 18:59:38,593 INFO CSMF2.step_1_1_1.run :: [lat] epoch=4 step=200 mean_l2=0.06338 std_l2=0.02485
2026-05-16 18:59:38,629 INFO CSMF2.step_1_1_1.run :: epoch=4 step=200/429 train_nll=-3452.284
2026-05-16 18:59:46,003 INFO CSMF2.step_1_1_1.run :: [h] epoch=4 step=250 total=0.03857 batch=0.03576
2026-05-16 18:59:46,004 INFO CSMF2.step_1_1_1.run :: [lat] epoch=4 step=250 mean_l2=0.05433 std_l2=0.03494
2026-05-16 18:59:46,040 INFO CSMF2.step_1_1_1.run :: epoch=4 step=250/429 train_nll=-3454.232
2026-05-16 18:59:53,334 INFO CSMF2.step_1_1_1.run :: [h] epoch=4 step=300 total=0.04254 batch=0.03880
2026-05-16 18:59:53,334 INFO CSMF2.step_1_1_1.run :: [lat] epoch=4 step=300 mean_l2=0.14048 std_l2=0.10905
2026-05-16 18:59:53,370 INFO CSMF2.step_1_1_1.run :: epoch=4 step=300/429 train_nll=-3457.429
2026-05-16 19:00:00,394 INFO CSMF2.step_1_1_1.run :: [h] epoch=4 step=350 total=0.03753 batch=0.03423
2026-05-16 19:00:00,395 INFO CSMF2.step_1_1_1.run :: [lat] epoch=4 step=350 mean_l2=0.04540 std_l2=0.02622
2026-05-16 19:00:00,431 INFO CSMF2.step_1_1_1.run :: epoch=4 step=350/429 train_nll=-3450.733
2026-05-16 19:00:07,731 INFO CSMF2.step_1_1_1.run :: [h] epoch=4 step=400 total=0.03643 batch=0.03348
2026-05-16 19:00:07,732 INFO CSMF2.step_1_1_1.run :: [lat] epoch=4 step=400 mean_l2=0.05312 std_l2=0.03742
2026-05-16 19:00:07,768 INFO CSMF2.step_1_1_1.run :: epoch=4 step=400/429 train_nll=-3449.160
2026-05-16 19:00:15,261 INFO CSMF2.step_1_1_1.run :: epoch=4  train_nll=-3449.753  val_nll=-3453.569  t=66.2s
2026-05-16 19:00:15,261 INFO CSMF2.step_1_1_1.run :: [glow] film_gain mean=0.2964 min=0.2782 max=0.3152
2026-05-16 19:00:15,261 INFO CSMF2.step_1_1_1.run :: [shuffle] gap_mean=6.028 hinge=0.0123 lambda=1.000 margin=0.50
2026-05-16 19:00:15,261 INFO CSMF2.step_1_1_1.run :: [h_std] total=0.03957 batch=0.03578 penalty=0.01422 target=0.0500 mu=10.000
2026-05-16 19:00:15,261 INFO CSMF2.step_1_1_1.run :: [lat_epoch] mean_l2=0.05940 std_l2=0.04207 (no penalty)
2026-05-16 19:00:15,261 INFO CSMF2.step_1_1_1.run :: [y_resid] alpha=0.1978
2026-05-16 19:00:15,261 INFO CSMF2.step_1_1_1.run :: [grad] cond=16.1266 film_gain=742.4790
2026-05-16 19:00:30,728 INFO CSMF2.step_1_1_1.run :: [h] epoch=5 step=50 total=0.03619 batch=0.03377
2026-05-16 19:00:30,729 INFO CSMF2.step_1_1_1.run :: [lat] epoch=5 step=50 mean_l2=0.03621 std_l2=0.02433
2026-05-16 19:00:30,765 INFO CSMF2.step_1_1_1.run :: epoch=5 step=50/429 train_nll=-3444.657
2026-05-16 19:00:38,097 INFO CSMF2.step_1_1_1.run :: [h] epoch=5 step=100 total=0.03769 batch=0.03565
2026-05-16 19:00:38,097 INFO CSMF2.step_1_1_1.run :: [lat] epoch=5 step=100 mean_l2=0.07870 std_l2=0.02328
2026-05-16 19:00:38,133 INFO CSMF2.step_1_1_1.run :: epoch=5 step=100/429 train_nll=-3453.470
2026-05-16 19:00:45,792 INFO CSMF2.step_1_1_1.run :: [h] epoch=5 step=150 total=0.03698 batch=0.03508
2026-05-16 19:00:45,793 INFO CSMF2.step_1_1_1.run :: [lat] epoch=5 step=150 mean_l2=0.04624 std_l2=0.02698
2026-05-16 19:00:45,829 INFO CSMF2.step_1_1_1.run :: epoch=5 step=150/429 train_nll=-3463.614
2026-05-16 19:00:53,301 INFO CSMF2.step_1_1_1.run :: [h] epoch=5 step=200 total=0.04019 batch=0.03839
2026-05-16 19:00:53,302 INFO CSMF2.step_1_1_1.run :: [lat] epoch=5 step=200 mean_l2=0.10627 std_l2=0.03519
2026-05-16 19:00:53,338 INFO CSMF2.step_1_1_1.run :: epoch=5 step=200/429 train_nll=-3455.214
2026-05-16 19:01:00,523 INFO CSMF2.step_1_1_1.run :: [h] epoch=5 step=250 total=0.03752 batch=0.03478
2026-05-16 19:01:00,523 INFO CSMF2.step_1_1_1.run :: [lat] epoch=5 step=250 mean_l2=0.03002 std_l2=0.02320
2026-05-16 19:01:00,560 INFO CSMF2.step_1_1_1.run :: epoch=5 step=250/429 train_nll=-3451.900
2026-05-16 19:01:07,904 INFO CSMF2.step_1_1_1.run :: [h] epoch=5 step=300 total=0.03800 batch=0.03620
2026-05-16 19:01:07,904 INFO CSMF2.step_1_1_1.run :: [lat] epoch=5 step=300 mean_l2=0.07935 std_l2=0.02188
2026-05-16 19:01:07,941 INFO CSMF2.step_1_1_1.run :: epoch=5 step=300/429 train_nll=-3458.052
2026-05-16 19:01:15,346 INFO CSMF2.step_1_1_1.run :: [h] epoch=5 step=350 total=0.04036 batch=0.03845
2026-05-16 19:01:15,346 INFO CSMF2.step_1_1_1.run :: [lat] epoch=5 step=350 mean_l2=0.05540 std_l2=0.03834
2026-05-16 19:01:15,382 INFO CSMF2.step_1_1_1.run :: epoch=5 step=350/429 train_nll=-3461.499
2026-05-16 19:01:22,819 INFO CSMF2.step_1_1_1.run :: [h] epoch=5 step=400 total=0.03762 batch=0.03542
2026-05-16 19:01:22,819 INFO CSMF2.step_1_1_1.run :: [lat] epoch=5 step=400 mean_l2=0.06936 std_l2=0.02786
2026-05-16 19:01:22,855 INFO CSMF2.step_1_1_1.run :: epoch=5 step=400/429 train_nll=-3453.945
2026-05-16 19:01:30,477 INFO CSMF2.step_1_1_1.run :: epoch=5  train_nll=-3456.081  val_nll=-3495.660  t=67.0s
2026-05-16 19:01:30,477 INFO CSMF2.step_1_1_1.run :: [glow] film_gain mean=0.2939 min=0.2759 max=0.3132
2026-05-16 19:01:30,477 INFO CSMF2.step_1_1_1.run :: [shuffle] gap_mean=6.824 hinge=0.0946 lambda=1.000 margin=0.50
2026-05-16 19:01:30,477 INFO CSMF2.step_1_1_1.run :: [h_std] total=0.03731 batch=0.03515 penalty=0.01485 target=0.0500 mu=10.000
2026-05-16 19:01:30,477 INFO CSMF2.step_1_1_1.run :: [lat_epoch] mean_l2=0.06041 std_l2=0.04808 (no penalty)
2026-05-16 19:01:30,477 INFO CSMF2.step_1_1_1.run :: [y_resid] alpha=0.1955
2026-05-16 19:01:30,477 INFO CSMF2.step_1_1_1.run :: [grad] cond=29.4134 film_gain=956.4736
2026-05-16 19:01:45,934 INFO CSMF2.step_1_1_1.run :: [h] epoch=6 step=50 total=0.03716 batch=0.03530
2026-05-16 19:01:45,935 INFO CSMF2.step_1_1_1.run :: [lat] epoch=6 step=50 mean_l2=0.03522 std_l2=0.02993
2026-05-16 19:01:45,971 INFO CSMF2.step_1_1_1.run :: epoch=6 step=50/429 train_nll=-3476.659
2026-05-16 19:01:53,378 INFO CSMF2.step_1_1_1.run :: [h] epoch=6 step=100 total=0.03919 batch=0.03783
2026-05-16 19:01:53,378 INFO CSMF2.step_1_1_1.run :: [lat] epoch=6 step=100 mean_l2=0.04994 std_l2=0.02907
2026-05-16 19:01:53,414 INFO CSMF2.step_1_1_1.run :: epoch=6 step=100/429 train_nll=-3484.708
2026-05-16 19:02:00,733 INFO CSMF2.step_1_1_1.run :: [h] epoch=6 step=150 total=0.04036 batch=0.03876
2026-05-16 19:02:00,734 INFO CSMF2.step_1_1_1.run :: [lat] epoch=6 step=150 mean_l2=0.04458 std_l2=0.03325
2026-05-16 19:02:00,770 INFO CSMF2.step_1_1_1.run :: epoch=6 step=150/429 train_nll=-3491.777
2026-05-16 19:02:08,096 INFO CSMF2.step_1_1_1.run :: [h] epoch=6 step=200 total=0.03993 batch=0.03850
2026-05-16 19:02:08,097 INFO CSMF2.step_1_1_1.run :: [lat] epoch=6 step=200 mean_l2=0.08199 std_l2=0.03590
2026-05-16 19:02:08,133 INFO CSMF2.step_1_1_1.run :: epoch=6 step=200/429 train_nll=-3495.845
2026-05-16 19:02:15,355 INFO CSMF2.step_1_1_1.run :: [h] epoch=6 step=250 total=0.04103 batch=0.03958
2026-05-16 19:02:15,355 INFO CSMF2.step_1_1_1.run :: [lat] epoch=6 step=250 mean_l2=0.05344 std_l2=0.03272
2026-05-16 19:02:15,391 INFO CSMF2.step_1_1_1.run :: epoch=6 step=250/429 train_nll=-3494.325
2026-05-16 19:02:22,692 INFO CSMF2.step_1_1_1.run :: [h] epoch=6 step=300 total=0.04275 batch=0.04130
2026-05-16 19:02:22,693 INFO CSMF2.step_1_1_1.run :: [lat] epoch=6 step=300 mean_l2=0.06329 std_l2=0.12130
2026-05-16 19:02:22,729 INFO CSMF2.step_1_1_1.run :: epoch=6 step=300/429 train_nll=-3495.293
2026-05-16 19:02:29,778 INFO CSMF2.step_1_1_1.run :: [h] epoch=6 step=350 total=0.04140 batch=0.04001
2026-05-16 19:02:29,779 INFO CSMF2.step_1_1_1.run :: [lat] epoch=6 step=350 mean_l2=0.06199 std_l2=0.02569
2026-05-16 19:02:29,815 INFO CSMF2.step_1_1_1.run :: epoch=6 step=350/429 train_nll=-3494.472
2026-05-16 19:02:37,212 INFO CSMF2.step_1_1_1.run :: [h] epoch=6 step=400 total=0.04258 batch=0.04110
2026-05-16 19:02:37,213 INFO CSMF2.step_1_1_1.run :: [lat] epoch=6 step=400 mean_l2=0.04490 std_l2=0.04164
2026-05-16 19:02:37,249 INFO CSMF2.step_1_1_1.run :: epoch=6 step=400/429 train_nll=-3495.952
2026-05-16 19:02:44,955 INFO CSMF2.step_1_1_1.run :: epoch=6  train_nll=-3495.565  val_nll=-3516.601  t=66.3s
2026-05-16 19:02:44,955 INFO CSMF2.step_1_1_1.run :: [glow] film_gain mean=0.2929 min=0.2745 max=0.3124
2026-05-16 19:02:44,955 INFO CSMF2.step_1_1_1.run :: [shuffle] gap_mean=8.385 hinge=0.0000 lambda=1.000 margin=0.50
2026-05-16 19:02:44,955 INFO CSMF2.step_1_1_1.run :: [h_std] total=0.03932 batch=0.03777 penalty=0.01223 target=0.0500 mu=10.000
2026-05-16 19:02:44,955 INFO CSMF2.step_1_1_1.run :: [lat_epoch] mean_l2=0.05071 std_l2=0.03420 (no penalty)
2026-05-16 19:02:44,955 INFO CSMF2.step_1_1_1.run :: [y_resid] alpha=0.2042
2026-05-16 19:02:44,955 INFO CSMF2.step_1_1_1.run :: [grad] cond=40.2854 film_gain=662.3823
2026-05-16 19:03:00,431 INFO CSMF2.step_1_1_1.run :: [h] epoch=7 step=50 total=0.04029 batch=0.03883
2026-05-16 19:03:00,432 INFO CSMF2.step_1_1_1.run :: [lat] epoch=7 step=50 mean_l2=0.04156 std_l2=0.02901
2026-05-16 19:03:00,468 INFO CSMF2.step_1_1_1.run :: epoch=7 step=50/429 train_nll=-3502.535
2026-05-16 19:03:07,912 INFO CSMF2.step_1_1_1.run :: [h] epoch=7 step=100 total=0.04417 batch=0.04255
2026-05-16 19:03:07,913 INFO CSMF2.step_1_1_1.run :: [lat] epoch=7 step=100 mean_l2=0.03429 std_l2=0.03752
2026-05-16 19:03:07,949 INFO CSMF2.step_1_1_1.run :: epoch=7 step=100/429 train_nll=-3501.329
2026-05-16 19:03:15,279 INFO CSMF2.step_1_1_1.run :: [h] epoch=7 step=150 total=0.04292 batch=0.04172
2026-05-16 19:03:15,279 INFO CSMF2.step_1_1_1.run :: [lat] epoch=7 step=150 mean_l2=0.04031 std_l2=0.02249
2026-05-16 19:03:15,315 INFO CSMF2.step_1_1_1.run :: epoch=7 step=150/429 train_nll=-3500.116
2026-05-16 19:03:22,577 INFO CSMF2.step_1_1_1.run :: [h] epoch=7 step=200 total=0.04404 batch=0.04267
2026-05-16 19:03:22,577 INFO CSMF2.step_1_1_1.run :: [lat] epoch=7 step=200 mean_l2=0.03082 std_l2=0.05579
2026-05-16 19:03:22,613 INFO CSMF2.step_1_1_1.run :: epoch=7 step=200/429 train_nll=-3502.557
2026-05-16 19:03:29,923 INFO CSMF2.step_1_1_1.run :: [h] epoch=7 step=250 total=0.04435 batch=0.04322
2026-05-16 19:03:29,924 INFO CSMF2.step_1_1_1.run :: [lat] epoch=7 step=250 mean_l2=0.04533 std_l2=0.05858
2026-05-16 19:03:29,960 INFO CSMF2.step_1_1_1.run :: epoch=7 step=250/429 train_nll=-3498.846
2026-05-16 19:03:37,267 INFO CSMF2.step_1_1_1.run :: [h] epoch=7 step=300 total=0.04578 batch=0.04463
2026-05-16 19:03:37,267 INFO CSMF2.step_1_1_1.run :: [lat] epoch=7 step=300 mean_l2=0.04139 std_l2=0.02398
2026-05-16 19:03:37,303 INFO CSMF2.step_1_1_1.run :: epoch=7 step=300/429 train_nll=-3498.036
2026-05-16 19:03:44,793 INFO CSMF2.step_1_1_1.run :: [h] epoch=7 step=350 total=0.04543 batch=0.04424
2026-05-16 19:03:44,794 INFO CSMF2.step_1_1_1.run :: [lat] epoch=7 step=350 mean_l2=0.06288 std_l2=0.04543
2026-05-16 19:03:44,830 INFO CSMF2.step_1_1_1.run :: epoch=7 step=350/429 train_nll=-3499.989
2026-05-16 19:03:52,099 INFO CSMF2.step_1_1_1.run :: [h] epoch=7 step=400 total=0.04534 batch=0.04423
2026-05-16 19:03:52,099 INFO CSMF2.step_1_1_1.run :: [lat] epoch=7 step=400 mean_l2=0.04990 std_l2=0.03868
2026-05-16 19:03:52,135 INFO CSMF2.step_1_1_1.run :: epoch=7 step=400/429 train_nll=-3497.055
2026-05-16 19:03:59,754 INFO CSMF2.step_1_1_1.run :: epoch=7  train_nll=-3498.015  val_nll=-3493.345  t=66.7s
2026-05-16 19:03:59,755 INFO CSMF2.step_1_1_1.run :: [glow] film_gain mean=0.2906 min=0.2727 max=0.3104
2026-05-16 19:03:59,755 INFO CSMF2.step_1_1_1.run :: [shuffle] gap_mean=10.104 hinge=0.0000 lambda=1.000 margin=0.50
2026-05-16 19:03:59,755 INFO CSMF2.step_1_1_1.run :: [h_std] total=0.04408 batch=0.04279 penalty=0.00721 target=0.0500 mu=10.000
2026-05-16 19:03:59,755 INFO CSMF2.step_1_1_1.run :: [lat_epoch] mean_l2=0.05224 std_l2=0.03689 (no penalty)
2026-05-16 19:03:59,755 INFO CSMF2.step_1_1_1.run :: [y_resid] alpha=0.2100
2026-05-16 19:03:59,755 INFO CSMF2.step_1_1_1.run :: [grad] cond=89.0047 film_gain=1532.1437
2026-05-16 19:04:15,518 INFO CSMF2.step_1_1_1.run :: [h] epoch=8 step=50 total=0.04645 batch=0.04539
2026-05-16 19:04:15,519 INFO CSMF2.step_1_1_1.run :: [lat] epoch=8 step=50 mean_l2=0.05094 std_l2=0.05003
2026-05-16 19:04:15,555 INFO CSMF2.step_1_1_1.run :: epoch=8 step=50/429 train_nll=-3483.005
2026-05-16 19:04:23,095 INFO CSMF2.step_1_1_1.run :: [h] epoch=8 step=100 total=0.04613 batch=0.04517
2026-05-16 19:04:23,096 INFO CSMF2.step_1_1_1.run :: [lat] epoch=8 step=100 mean_l2=0.03878 std_l2=0.02867
2026-05-16 19:04:23,132 INFO CSMF2.step_1_1_1.run :: epoch=8 step=100/429 train_nll=-3499.748
2026-05-16 19:04:30,627 INFO CSMF2.step_1_1_1.run :: [h] epoch=8 step=150 total=0.04912 batch=0.04729
2026-05-16 19:04:30,628 INFO CSMF2.step_1_1_1.run :: [lat] epoch=8 step=150 mean_l2=0.05799 std_l2=0.03457
2026-05-16 19:04:30,664 INFO CSMF2.step_1_1_1.run :: epoch=8 step=150/429 train_nll=-3490.130
2026-05-16 19:04:38,170 INFO CSMF2.step_1_1_1.run :: [h] epoch=8 step=200 total=0.04654 batch=0.04524
2026-05-16 19:04:38,171 INFO CSMF2.step_1_1_1.run :: [lat] epoch=8 step=200 mean_l2=0.06333 std_l2=0.03152
2026-05-16 19:04:38,207 INFO CSMF2.step_1_1_1.run :: epoch=8 step=200/429 train_nll=-3493.508
2026-05-16 19:04:45,678 INFO CSMF2.step_1_1_1.run :: [h] epoch=8 step=250 total=0.04667 batch=0.04556
2026-05-16 19:04:45,678 INFO CSMF2.step_1_1_1.run :: [lat] epoch=8 step=250 mean_l2=0.04315 std_l2=0.08645
2026-05-16 19:04:45,714 INFO CSMF2.step_1_1_1.run :: epoch=8 step=250/429 train_nll=-3494.846
2026-05-16 19:04:53,114 INFO CSMF2.step_1_1_1.run :: [h] epoch=8 step=300 total=0.04568 batch=0.04430
2026-05-16 19:04:53,115 INFO CSMF2.step_1_1_1.run :: [lat] epoch=8 step=300 mean_l2=0.03918 std_l2=0.01968
2026-05-16 19:04:53,151 INFO CSMF2.step_1_1_1.run :: epoch=8 step=300/429 train_nll=-3491.761
2026-05-16 19:05:00,607 INFO CSMF2.step_1_1_1.run :: [h] epoch=8 step=350 total=0.04652 batch=0.04004
2026-05-16 19:05:00,607 INFO CSMF2.step_1_1_1.run :: [lat] epoch=8 step=350 mean_l2=0.03971 std_l2=0.05685
2026-05-16 19:05:00,644 INFO CSMF2.step_1_1_1.run :: epoch=8 step=350/429 train_nll=-3485.649
2026-05-16 19:05:07,960 INFO CSMF2.step_1_1_1.run :: [h] epoch=8 step=400 total=0.04069 batch=0.03854
2026-05-16 19:05:07,961 INFO CSMF2.step_1_1_1.run :: [lat] epoch=8 step=400 mean_l2=0.04009 std_l2=0.02601
2026-05-16 19:05:07,997 INFO CSMF2.step_1_1_1.run :: epoch=8 step=400/429 train_nll=-3487.793
2026-05-16 19:05:15,590 INFO CSMF2.step_1_1_1.run :: epoch=8  train_nll=-3490.479  val_nll=-3532.183  t=67.6s
2026-05-16 19:05:15,590 INFO CSMF2.step_1_1_1.run :: [glow] film_gain mean=0.2874 min=0.2664 max=0.3093
2026-05-16 19:05:15,590 INFO CSMF2.step_1_1_1.run :: [shuffle] gap_mean=9.540 hinge=0.0268 lambda=1.000 margin=0.50
2026-05-16 19:05:15,590 INFO CSMF2.step_1_1_1.run :: [h_std] total=0.04616 batch=0.04445 penalty=0.00555 target=0.0500 mu=10.000
2026-05-16 19:05:15,590 INFO CSMF2.step_1_1_1.run :: [lat_epoch] mean_l2=0.05560 std_l2=0.13448 (no penalty)
2026-05-16 19:05:15,590 INFO CSMF2.step_1_1_1.run :: [y_resid] alpha=0.1863
2026-05-16 19:05:15,590 INFO CSMF2.step_1_1_1.run :: [grad] cond=20.1936 film_gain=1513.0636
2026-05-16 19:05:31,366 INFO CSMF2.step_1_1_1.run :: [h] epoch=9 step=50 total=0.04115 batch=0.04001
2026-05-16 19:05:31,366 INFO CSMF2.step_1_1_1.run :: [lat] epoch=9 step=50 mean_l2=0.04795 std_l2=0.02726
2026-05-16 19:05:31,403 INFO CSMF2.step_1_1_1.run :: epoch=9 step=50/429 train_nll=-3525.804
2026-05-16 19:05:39,318 INFO CSMF2.step_1_1_1.run :: [h] epoch=9 step=100 total=0.04132 batch=0.04028
2026-05-16 19:05:39,318 INFO CSMF2.step_1_1_1.run :: [lat] epoch=9 step=100 mean_l2=0.03671 std_l2=0.02819
2026-05-16 19:05:39,355 INFO CSMF2.step_1_1_1.run :: epoch=9 step=100/429 train_nll=-3526.277
2026-05-16 19:05:46,674 INFO CSMF2.step_1_1_1.run :: [h] epoch=9 step=150 total=0.04279 batch=0.04163
2026-05-16 19:05:46,674 INFO CSMF2.step_1_1_1.run :: [lat] epoch=9 step=150 mean_l2=0.03231 std_l2=0.02217
2026-05-16 19:05:46,710 INFO CSMF2.step_1_1_1.run :: epoch=9 step=150/429 train_nll=-3529.748
2026-05-16 19:05:54,090 INFO CSMF2.step_1_1_1.run :: [h] epoch=9 step=200 total=0.04417 batch=0.04311
2026-05-16 19:05:54,090 INFO CSMF2.step_1_1_1.run :: [lat] epoch=9 step=200 mean_l2=0.04583 std_l2=0.02605
2026-05-16 19:05:54,126 INFO CSMF2.step_1_1_1.run :: epoch=9 step=200/429 train_nll=-3525.456
2026-05-16 19:06:01,252 INFO CSMF2.step_1_1_1.run :: [h] epoch=9 step=250 total=0.04405 batch=0.04306
2026-05-16 19:06:01,252 INFO CSMF2.step_1_1_1.run :: [lat] epoch=9 step=250 mean_l2=0.05493 std_l2=0.02148
2026-05-16 19:06:01,289 INFO CSMF2.step_1_1_1.run :: epoch=9 step=250/429 train_nll=-3526.314
2026-05-16 19:06:08,729 INFO CSMF2.step_1_1_1.run :: [h] epoch=9 step=300 total=0.04569 batch=0.04438
2026-05-16 19:06:08,730 INFO CSMF2.step_1_1_1.run :: [lat] epoch=9 step=300 mean_l2=0.10343 std_l2=0.06079
2026-05-16 19:06:08,766 INFO CSMF2.step_1_1_1.run :: epoch=9 step=300/429 train_nll=-3522.690
2026-05-16 19:06:16,132 INFO CSMF2.step_1_1_1.run :: [h] epoch=9 step=350 total=0.04141 batch=0.04039
2026-05-16 19:06:16,132 INFO CSMF2.step_1_1_1.run :: [lat] epoch=9 step=350 mean_l2=0.08648 std_l2=0.02522
2026-05-16 19:06:16,168 INFO CSMF2.step_1_1_1.run :: epoch=9 step=350/429 train_nll=-3516.267
2026-05-16 19:06:23,474 INFO CSMF2.step_1_1_1.run :: [h] epoch=9 step=400 total=0.04103 batch=0.04029
2026-05-16 19:06:23,474 INFO CSMF2.step_1_1_1.run :: [lat] epoch=9 step=400 mean_l2=0.04574 std_l2=0.02278
2026-05-16 19:06:23,510 INFO CSMF2.step_1_1_1.run :: epoch=9 step=400/429 train_nll=-3515.824
2026-05-16 19:06:31,191 INFO CSMF2.step_1_1_1.run :: epoch=9  train_nll=-3518.121  val_nll=-3556.050  t=67.4s
2026-05-16 19:06:31,191 INFO CSMF2.step_1_1_1.run :: [glow] film_gain mean=0.2857 min=0.2662 max=0.3061
2026-05-16 19:06:31,192 INFO CSMF2.step_1_1_1.run :: [shuffle] gap_mean=11.019 hinge=0.0000 lambda=1.000 margin=0.50
2026-05-16 19:06:31,192 INFO CSMF2.step_1_1_1.run :: [h_std] total=0.04320 batch=0.04202 penalty=0.00798 target=0.0500 mu=10.000
2026-05-16 19:06:31,192 INFO CSMF2.step_1_1_1.run :: [lat_epoch] mean_l2=0.04921 std_l2=0.10028 (no penalty)
2026-05-16 19:06:31,192 INFO CSMF2.step_1_1_1.run :: [y_resid] alpha=0.1891
2026-05-16 19:06:31,192 INFO CSMF2.step_1_1_1.run :: [grad] cond=16.6832 film_gain=791.6591
2026-05-16 19:06:46,674 INFO CSMF2.step_1_1_1.run :: [h] epoch=10 step=50 total=0.04549 batch=0.04443
2026-05-16 19:06:46,674 INFO CSMF2.step_1_1_1.run :: [lat] epoch=10 step=50 mean_l2=0.04185 std_l2=0.02487
2026-05-16 19:06:46,710 INFO CSMF2.step_1_1_1.run :: epoch=10 step=50/429 train_nll=-3537.566
2026-05-16 19:06:54,091 INFO CSMF2.step_1_1_1.run :: [h] epoch=10 step=100 total=0.04465 batch=0.04396
2026-05-16 19:06:54,091 INFO CSMF2.step_1_1_1.run :: [lat] epoch=10 step=100 mean_l2=0.04418 std_l2=0.01766
2026-05-16 19:06:54,127 INFO CSMF2.step_1_1_1.run :: epoch=10 step=100/429 train_nll=-3539.539
2026-05-16 19:07:01,431 INFO CSMF2.step_1_1_1.run :: [h] epoch=10 step=150 total=0.05052 batch=0.04903
2026-05-16 19:07:01,432 INFO CSMF2.step_1_1_1.run :: [lat] epoch=10 step=150 mean_l2=0.08450 std_l2=0.02292
2026-05-16 19:07:01,468 INFO CSMF2.step_1_1_1.run :: epoch=10 step=150/429 train_nll=-3534.091
2026-05-16 19:07:08,929 INFO CSMF2.step_1_1_1.run :: [h] epoch=10 step=200 total=0.04692 batch=0.04606
2026-05-16 19:07:08,930 INFO CSMF2.step_1_1_1.run :: [lat] epoch=10 step=200 mean_l2=0.03378 std_l2=0.02157
2026-05-16 19:07:08,966 INFO CSMF2.step_1_1_1.run :: epoch=10 step=200/429 train_nll=-3531.978
2026-05-16 19:07:16,188 INFO CSMF2.step_1_1_1.run :: [h] epoch=10 step=250 total=0.04827 batch=0.04713
2026-05-16 19:07:16,189 INFO CSMF2.step_1_1_1.run :: [lat] epoch=10 step=250 mean_l2=0.06995 std_l2=0.02605
2026-05-16 19:07:16,225 INFO CSMF2.step_1_1_1.run :: epoch=10 step=250/429 train_nll=-3529.362
2026-05-16 19:07:23,512 INFO CSMF2.step_1_1_1.run :: [h] epoch=10 step=300 total=0.04787 batch=0.04697
2026-05-16 19:07:23,513 INFO CSMF2.step_1_1_1.run :: [lat] epoch=10 step=300 mean_l2=0.08976 std_l2=0.07286
2026-05-16 19:07:23,549 INFO CSMF2.step_1_1_1.run :: epoch=10 step=300/429 train_nll=-3531.784
2026-05-16 19:07:30,785 INFO CSMF2.step_1_1_1.run :: [h] epoch=10 step=350 total=0.05000 batch=0.04890
2026-05-16 19:07:30,785 INFO CSMF2.step_1_1_1.run :: [lat] epoch=10 step=350 mean_l2=0.04538 std_l2=0.02742
2026-05-16 19:07:30,822 INFO CSMF2.step_1_1_1.run :: epoch=10 step=350/429 train_nll=-3528.896
2026-05-16 19:07:38,295 INFO CSMF2.step_1_1_1.run :: [h] epoch=10 step=400 total=0.04535 batch=0.04449
2026-05-16 19:07:38,296 INFO CSMF2.step_1_1_1.run :: [lat] epoch=10 step=400 mean_l2=0.03541 std_l2=0.02196
2026-05-16 19:07:38,332 INFO CSMF2.step_1_1_1.run :: epoch=10 step=400/429 train_nll=-3528.155
2026-05-16 19:07:45,652 INFO CSMF2.step_1_1_1.run :: epoch=10  train_nll=-3529.338  val_nll=-3541.880  t=66.2s
2026-05-16 19:07:45,652 INFO CSMF2.step_1_1_1.run :: [glow] film_gain mean=0.2841 min=0.2643 max=0.3032
2026-05-16 19:07:45,652 INFO CSMF2.step_1_1_1.run :: [shuffle] gap_mean=11.831 hinge=0.0000 lambda=1.000 margin=0.50
2026-05-16 19:07:45,652 INFO CSMF2.step_1_1_1.run :: [h_std] total=0.04661 batch=0.04571 penalty=0.00429 target=0.0500 mu=10.000
2026-05-16 19:07:45,652 INFO CSMF2.step_1_1_1.run :: [lat_epoch] mean_l2=0.04773 std_l2=0.03110 (no penalty)
2026-05-16 19:07:45,652 INFO CSMF2.step_1_1_1.run :: [y_resid] alpha=0.1959
2026-05-16 19:07:45,652 INFO CSMF2.step_1_1_1.run :: [grad] cond=32.4854 film_gain=1516.1362
2026-05-16 19:08:01,204 INFO CSMF2.step_1_1_1.run :: [h] epoch=11 step=50 total=0.05074 batch=0.04990
2026-05-16 19:08:01,204 INFO CSMF2.step_1_1_1.run :: [lat] epoch=11 step=50 mean_l2=0.04539 std_l2=0.03654
2026-05-16 19:08:01,240 INFO CSMF2.step_1_1_1.run :: epoch=11 step=50/429 train_nll=-3539.766
2026-05-16 19:08:08,648 INFO CSMF2.step_1_1_1.run :: [h] epoch=11 step=100 total=0.05082 batch=0.05004
2026-05-16 19:08:08,648 INFO CSMF2.step_1_1_1.run :: [lat] epoch=11 step=100 mean_l2=0.03929 std_l2=0.02738
2026-05-16 19:08:08,685 INFO CSMF2.step_1_1_1.run :: epoch=11 step=100/429 train_nll=-3538.097
2026-05-16 19:08:16,026 INFO CSMF2.step_1_1_1.run :: [h] epoch=11 step=150 total=0.05103 batch=0.05030
2026-05-16 19:08:16,026 INFO CSMF2.step_1_1_1.run :: [lat] epoch=11 step=150 mean_l2=0.02916 std_l2=0.03658
2026-05-16 19:08:16,062 INFO CSMF2.step_1_1_1.run :: epoch=11 step=150/429 train_nll=-3535.792
2026-05-16 19:08:23,575 INFO CSMF2.step_1_1_1.run :: [h] epoch=11 step=200 total=0.04917 batch=0.04791
2026-05-16 19:08:23,575 INFO CSMF2.step_1_1_1.run :: [lat] epoch=11 step=200 mean_l2=0.03370 std_l2=0.02335
2026-05-16 19:08:23,611 INFO CSMF2.step_1_1_1.run :: epoch=11 step=200/429 train_nll=-3532.146
2026-05-16 19:08:30,913 INFO CSMF2.step_1_1_1.run :: [h] epoch=11 step=250 total=0.04915 batch=0.04848
2026-05-16 19:08:30,914 INFO CSMF2.step_1_1_1.run :: [lat] epoch=11 step=250 mean_l2=0.03053 std_l2=0.02513
2026-05-16 19:08:30,950 INFO CSMF2.step_1_1_1.run :: epoch=11 step=250/429 train_nll=-3537.430
2026-05-16 19:08:38,062 INFO CSMF2.step_1_1_1.run :: [h] epoch=11 step=300 total=0.04895 batch=0.04744
2026-05-16 19:08:38,063 INFO CSMF2.step_1_1_1.run :: [lat] epoch=11 step=300 mean_l2=0.05205 std_l2=0.02493
2026-05-16 19:08:38,099 INFO CSMF2.step_1_1_1.run :: epoch=11 step=300/429 train_nll=-3528.179
2026-05-16 19:08:45,460 INFO CSMF2.step_1_1_1.run :: [h] epoch=11 step=350 total=0.04449 batch=0.04355
2026-05-16 19:08:45,461 INFO CSMF2.step_1_1_1.run :: [lat] epoch=11 step=350 mean_l2=0.04939 std_l2=0.04149
2026-05-16 19:08:45,497 INFO CSMF2.step_1_1_1.run :: epoch=11 step=350/429 train_nll=-3525.883
2026-05-16 19:08:52,719 INFO CSMF2.step_1_1_1.run :: [h] epoch=11 step=400 total=0.04675 batch=0.04601
2026-05-16 19:08:52,720 INFO CSMF2.step_1_1_1.run :: [lat] epoch=11 step=400 mean_l2=0.09154 std_l2=0.09001
2026-05-16 19:08:52,756 INFO CSMF2.step_1_1_1.run :: epoch=11 step=400/429 train_nll=-3527.812
2026-05-16 19:09:00,147 INFO CSMF2.step_1_1_1.run :: epoch=11  train_nll=-3527.749  val_nll=-3551.183  t=66.3s
2026-05-16 19:09:00,147 INFO CSMF2.step_1_1_1.run :: [glow] film_gain mean=0.2811 min=0.2614 max=0.2991
2026-05-16 19:09:00,147 INFO CSMF2.step_1_1_1.run :: [shuffle] gap_mean=11.489 hinge=0.0087 lambda=1.000 margin=0.50
2026-05-16 19:09:00,147 INFO CSMF2.step_1_1_1.run :: [h_std] total=0.04867 batch=0.04767 penalty=0.00240 target=0.0500 mu=10.000
2026-05-16 19:09:00,147 INFO CSMF2.step_1_1_1.run :: [lat_epoch] mean_l2=0.04905 std_l2=0.03547 (no penalty)
2026-05-16 19:09:00,147 INFO CSMF2.step_1_1_1.run :: [y_resid] alpha=0.1890
2026-05-16 19:09:00,147 INFO CSMF2.step_1_1_1.run :: [grad] cond=12.7318 film_gain=1051.4649
2026-05-16 19:09:15,551 INFO CSMF2.step_1_1_1.run :: [h] epoch=12 step=50 total=0.04717 batch=0.04649
2026-05-16 19:09:15,551 INFO CSMF2.step_1_1_1.run :: [lat] epoch=12 step=50 mean_l2=0.03511 std_l2=0.02896
2026-05-16 19:09:15,588 INFO CSMF2.step_1_1_1.run :: epoch=12 step=50/429 train_nll=-3538.889
2026-05-16 19:09:22,910 INFO CSMF2.step_1_1_1.run :: [h] epoch=12 step=100 total=0.04965 batch=0.04909
2026-05-16 19:09:22,911 INFO CSMF2.step_1_1_1.run :: [lat] epoch=12 step=100 mean_l2=0.03097 std_l2=0.03023
2026-05-16 19:09:22,947 INFO CSMF2.step_1_1_1.run :: epoch=12 step=100/429 train_nll=-3546.374
2026-05-16 19:09:30,058 INFO CSMF2.step_1_1_1.run :: [h] epoch=12 step=150 total=0.04823 batch=0.04773
2026-05-16 19:09:30,059 INFO CSMF2.step_1_1_1.run :: [lat] epoch=12 step=150 mean_l2=0.03504 std_l2=0.02423
2026-05-16 19:09:30,095 INFO CSMF2.step_1_1_1.run :: epoch=12 step=150/429 train_nll=-3549.929
2026-05-16 19:09:37,543 INFO CSMF2.step_1_1_1.run :: [h] epoch=12 step=200 total=0.05014 batch=0.04952
2026-05-16 19:09:37,544 INFO CSMF2.step_1_1_1.run :: [lat] epoch=12 step=200 mean_l2=0.06138 std_l2=0.04421
2026-05-16 19:09:37,580 INFO CSMF2.step_1_1_1.run :: epoch=12 step=200/429 train_nll=-3552.484
2026-05-16 19:09:44,803 INFO CSMF2.step_1_1_1.run :: [h] epoch=12 step=250 total=0.04969 batch=0.04757
2026-05-16 19:09:44,803 INFO CSMF2.step_1_1_1.run :: [lat] epoch=12 step=250 mean_l2=0.05154 std_l2=0.02427
2026-05-16 19:09:44,839 INFO CSMF2.step_1_1_1.run :: epoch=12 step=250/429 train_nll=-3547.351
2026-05-16 19:09:52,092 INFO CSMF2.step_1_1_1.run :: [h] epoch=12 step=300 total=0.04809 batch=0.04694
2026-05-16 19:09:52,093 INFO CSMF2.step_1_1_1.run :: [lat] epoch=12 step=300 mean_l2=0.05054 std_l2=0.02981
2026-05-16 19:09:52,129 INFO CSMF2.step_1_1_1.run :: epoch=12 step=300/429 train_nll=-3548.337
2026-05-16 19:09:59,817 INFO CSMF2.step_1_1_1.run :: [h] epoch=12 step=350 total=0.04749 batch=0.04660
2026-05-16 19:09:59,817 INFO CSMF2.step_1_1_1.run :: [lat] epoch=12 step=350 mean_l2=0.03835 std_l2=0.03152
2026-05-16 19:09:59,853 INFO CSMF2.step_1_1_1.run :: epoch=12 step=350/429 train_nll=-3547.330
2026-05-16 19:10:07,390 INFO CSMF2.step_1_1_1.run :: [h] epoch=12 step=400 total=0.04930 batch=0.04880
2026-05-16 19:10:07,390 INFO CSMF2.step_1_1_1.run :: [lat] epoch=12 step=400 mean_l2=0.03830 std_l2=0.02444
2026-05-16 19:10:07,426 INFO CSMF2.step_1_1_1.run :: epoch=12 step=400/429 train_nll=-3549.358
2026-05-16 19:10:15,120 INFO CSMF2.step_1_1_1.run :: epoch=12  train_nll=-3549.696  val_nll=-3560.195  t=66.7s
2026-05-16 19:10:15,120 INFO CSMF2.step_1_1_1.run :: [glow] film_gain mean=0.2802 min=0.2604 max=0.2978
2026-05-16 19:10:15,120 INFO CSMF2.step_1_1_1.run :: [shuffle] gap_mean=12.875 hinge=0.0000 lambda=1.000 margin=0.50
2026-05-16 19:10:15,120 INFO CSMF2.step_1_1_1.run :: [h_std] total=0.04910 batch=0.04824 penalty=0.00183 target=0.0500 mu=10.000
2026-05-16 19:10:15,120 INFO CSMF2.step_1_1_1.run :: [lat_epoch] mean_l2=0.04302 std_l2=0.02818 (no penalty)
2026-05-16 19:10:15,120 INFO CSMF2.step_1_1_1.run :: [y_resid] alpha=0.1918
2026-05-16 19:10:15,120 INFO CSMF2.step_1_1_1.run :: [grad] cond=18.3670 film_gain=1049.0105
2026-05-16 19:10:30,728 INFO CSMF2.step_1_1_1.run :: [h] epoch=13 step=50 total=0.05145 batch=0.05038
2026-05-16 19:10:30,728 INFO CSMF2.step_1_1_1.run :: [lat] epoch=13 step=50 mean_l2=0.04264 std_l2=0.03567
2026-05-16 19:10:30,764 INFO CSMF2.step_1_1_1.run :: epoch=13 step=50/429 train_nll=-3511.613
2026-05-16 19:10:38,132 INFO CSMF2.step_1_1_1.run :: [h] epoch=13 step=100 total=0.05055 batch=0.05001
2026-05-16 19:10:38,133 INFO CSMF2.step_1_1_1.run :: [lat] epoch=13 step=100 mean_l2=0.04326 std_l2=0.02305
2026-05-16 19:10:38,169 INFO CSMF2.step_1_1_1.run :: epoch=13 step=100/429 train_nll=-3531.335
2026-05-16 19:10:45,499 INFO CSMF2.step_1_1_1.run :: [h] epoch=13 step=150 total=0.05000 batch=0.04947
2026-05-16 19:10:45,499 INFO CSMF2.step_1_1_1.run :: [lat] epoch=13 step=150 mean_l2=0.04168 std_l2=0.02062
2026-05-16 19:10:45,535 INFO CSMF2.step_1_1_1.run :: epoch=13 step=150/429 train_nll=-3538.189
2026-05-16 19:10:52,969 INFO CSMF2.step_1_1_1.run :: [h] epoch=13 step=200 total=0.04829 batch=0.04707
2026-05-16 19:10:52,970 INFO CSMF2.step_1_1_1.run :: [lat] epoch=13 step=200 mean_l2=0.05526 std_l2=0.03020
2026-05-16 19:10:53,006 INFO CSMF2.step_1_1_1.run :: epoch=13 step=200/429 train_nll=-3537.134
2026-05-16 19:11:00,195 INFO CSMF2.step_1_1_1.run :: [h] epoch=13 step=250 total=0.04921 batch=0.04857
2026-05-16 19:11:00,195 INFO CSMF2.step_1_1_1.run :: [lat] epoch=13 step=250 mean_l2=0.03249 std_l2=0.02195
2026-05-16 19:11:00,232 INFO CSMF2.step_1_1_1.run :: epoch=13 step=250/429 train_nll=-3541.404
2026-05-16 19:11:07,680 INFO CSMF2.step_1_1_1.run :: [h] epoch=13 step=300 total=0.04873 batch=0.04792
2026-05-16 19:11:07,680 INFO CSMF2.step_1_1_1.run :: [lat] epoch=13 step=300 mean_l2=0.03524 std_l2=0.02480
2026-05-16 19:11:07,716 INFO CSMF2.step_1_1_1.run :: epoch=13 step=300/429 train_nll=-3543.919
2026-05-16 19:11:15,001 INFO CSMF2.step_1_1_1.run :: [h] epoch=13 step=350 total=0.05280 batch=0.05192
2026-05-16 19:11:15,001 INFO CSMF2.step_1_1_1.run :: [lat] epoch=13 step=350 mean_l2=0.02720 std_l2=0.02310
2026-05-16 19:11:15,037 INFO CSMF2.step_1_1_1.run :: epoch=13 step=350/429 train_nll=-3548.867
2026-05-16 19:11:22,373 INFO CSMF2.step_1_1_1.run :: [h] epoch=13 step=400 total=0.04972 batch=0.04787
2026-05-16 19:11:22,373 INFO CSMF2.step_1_1_1.run :: [lat] epoch=13 step=400 mean_l2=0.04504 std_l2=0.02302
2026-05-16 19:11:22,410 INFO CSMF2.step_1_1_1.run :: epoch=13 step=400/429 train_nll=-3545.652
2026-05-16 19:11:29,836 INFO CSMF2.step_1_1_1.run :: epoch=13  train_nll=-3545.466  val_nll=-3464.963  t=66.5s
2026-05-16 19:11:29,836 INFO CSMF2.step_1_1_1.run :: [glow] film_gain mean=0.2782 min=0.2587 max=0.2953
2026-05-16 19:11:29,836 INFO CSMF2.step_1_1_1.run :: [shuffle] gap_mean=13.037 hinge=0.0019 lambda=1.000 margin=0.50
2026-05-16 19:11:29,836 INFO CSMF2.step_1_1_1.run :: [h_std] total=0.05026 batch=0.04943 penalty=0.00085 target=0.0500 mu=10.000
2026-05-16 19:11:29,836 INFO CSMF2.step_1_1_1.run :: [lat_epoch] mean_l2=0.04519 std_l2=0.03479 (no penalty)
2026-05-16 19:11:29,836 INFO CSMF2.step_1_1_1.run :: [y_resid] alpha=0.1884
2026-05-16 19:11:29,836 INFO CSMF2.step_1_1_1.run :: [grad] cond=41.5699 film_gain=2935.3956
2026-05-16 19:11:45,431 INFO CSMF2.step_1_1_1.run :: [h] epoch=14 step=50 total=0.05266 batch=0.05194
2026-05-16 19:11:45,432 INFO CSMF2.step_1_1_1.run :: [lat] epoch=14 step=50 mean_l2=0.03578 std_l2=0.03013
2026-05-16 19:11:45,468 INFO CSMF2.step_1_1_1.run :: epoch=14 step=50/429 train_nll=-3549.083
2026-05-16 19:11:52,829 INFO CSMF2.step_1_1_1.run :: [h] epoch=14 step=100 total=0.05259 batch=0.05194
2026-05-16 19:11:52,830 INFO CSMF2.step_1_1_1.run :: [lat] epoch=14 step=100 mean_l2=0.06449 std_l2=0.02296
2026-05-16 19:11:52,866 INFO CSMF2.step_1_1_1.run :: epoch=14 step=100/429 train_nll=-3557.641
2026-05-16 19:12:00,138 INFO CSMF2.step_1_1_1.run :: [h] epoch=14 step=150 total=0.05139 batch=0.05096
2026-05-16 19:12:00,139 INFO CSMF2.step_1_1_1.run :: [lat] epoch=14 step=150 mean_l2=0.02735 std_l2=0.03094
2026-05-16 19:12:00,175 INFO CSMF2.step_1_1_1.run :: epoch=14 step=150/429 train_nll=-3550.809
2026-05-16 19:12:07,566 INFO CSMF2.step_1_1_1.run :: [h] epoch=14 step=200 total=0.04845 batch=0.04763
2026-05-16 19:12:07,566 INFO CSMF2.step_1_1_1.run :: [lat] epoch=14 step=200 mean_l2=0.07888 std_l2=0.03763
2026-05-16 19:12:07,602 INFO CSMF2.step_1_1_1.run :: epoch=14 step=200/429 train_nll=-3553.569
2026-05-16 19:12:14,854 INFO CSMF2.step_1_1_1.run :: [h] epoch=14 step=250 total=0.05106 batch=0.05015
2026-05-16 19:12:14,854 INFO CSMF2.step_1_1_1.run :: [lat] epoch=14 step=250 mean_l2=0.02940 std_l2=0.02228
2026-05-16 19:12:14,890 INFO CSMF2.step_1_1_1.run :: epoch=14 step=250/429 train_nll=-3554.344
2026-05-16 19:12:22,108 INFO CSMF2.step_1_1_1.run :: [h] epoch=14 step=300 total=0.05124 batch=0.05080
2026-05-16 19:12:22,108 INFO CSMF2.step_1_1_1.run :: [lat] epoch=14 step=300 mean_l2=0.04858 std_l2=0.02634
2026-05-16 19:12:22,144 INFO CSMF2.step_1_1_1.run :: epoch=14 step=300/429 train_nll=-3557.746
2026-05-16 19:12:29,581 INFO CSMF2.step_1_1_1.run :: [h] epoch=14 step=350 total=0.04856 batch=0.04731
2026-05-16 19:12:29,582 INFO CSMF2.step_1_1_1.run :: [lat] epoch=14 step=350 mean_l2=0.04167 std_l2=0.04156
2026-05-16 19:12:29,618 INFO CSMF2.step_1_1_1.run :: epoch=14 step=350/429 train_nll=-3550.951
2026-05-16 19:12:36,996 INFO CSMF2.step_1_1_1.run :: [h] epoch=14 step=400 total=0.05555 batch=0.04804
2026-05-16 19:12:36,996 INFO CSMF2.step_1_1_1.run :: [lat] epoch=14 step=400 mean_l2=0.04417 std_l2=0.04856
2026-05-16 19:12:37,032 INFO CSMF2.step_1_1_1.run :: epoch=14 step=400/429 train_nll=-3543.502
2026-05-16 19:12:44,623 INFO CSMF2.step_1_1_1.run :: epoch=14  train_nll=-3543.056  val_nll=-3573.000  t=66.6s
2026-05-16 19:12:44,624 INFO CSMF2.step_1_1_1.run :: [glow] film_gain mean=0.2748 min=0.2541 max=0.2892
2026-05-16 19:12:44,624 INFO CSMF2.step_1_1_1.run :: [shuffle] gap_mean=13.569 hinge=0.0000 lambda=1.000 margin=0.50
2026-05-16 19:12:44,624 INFO CSMF2.step_1_1_1.run :: [h_std] total=0.05044 batch=0.04938 penalty=0.00099 target=0.0500 mu=10.000
2026-05-16 19:12:44,624 INFO CSMF2.step_1_1_1.run :: [lat_epoch] mean_l2=0.04697 std_l2=0.03666 (no penalty)
2026-05-16 19:12:44,624 INFO CSMF2.step_1_1_1.run :: [y_resid] alpha=0.1727
2026-05-16 19:12:44,624 INFO CSMF2.step_1_1_1.run :: [grad] cond=76.7306 film_gain=455.2587
2026-05-16 19:13:00,276 INFO CSMF2.step_1_1_1.run :: [h] epoch=15 step=50 total=0.04358 batch=0.04269
2026-05-16 19:13:00,277 INFO CSMF2.step_1_1_1.run :: [lat] epoch=15 step=50 mean_l2=0.11718 std_l2=0.02700
2026-05-16 19:13:00,313 INFO CSMF2.step_1_1_1.run :: epoch=15 step=50/429 train_nll=-3553.904
2026-05-16 19:13:07,915 INFO CSMF2.step_1_1_1.run :: [h] epoch=15 step=100 total=0.04537 batch=0.04435
2026-05-16 19:13:07,915 INFO CSMF2.step_1_1_1.run :: [lat] epoch=15 step=100 mean_l2=0.03978 std_l2=0.03601
2026-05-16 19:13:07,951 INFO CSMF2.step_1_1_1.run :: epoch=15 step=100/429 train_nll=-3554.973
2026-05-16 19:13:15,387 INFO CSMF2.step_1_1_1.run :: [h] epoch=15 step=150 total=0.04761 batch=0.04692
2026-05-16 19:13:15,387 INFO CSMF2.step_1_1_1.run :: [lat] epoch=15 step=150 mean_l2=0.03239 std_l2=0.04228
2026-05-16 19:13:15,424 INFO CSMF2.step_1_1_1.run :: epoch=15 step=150/429 train_nll=-3550.822
2026-05-16 19:13:22,741 INFO CSMF2.step_1_1_1.run :: [h] epoch=15 step=200 total=0.04652 batch=0.04593
2026-05-16 19:13:22,742 INFO CSMF2.step_1_1_1.run :: [lat] epoch=15 step=200 mean_l2=0.03738 std_l2=0.02080
2026-05-16 19:13:22,778 INFO CSMF2.step_1_1_1.run :: epoch=15 step=200/429 train_nll=-3550.509
2026-05-16 19:13:30,024 INFO CSMF2.step_1_1_1.run :: [h] epoch=15 step=250 total=0.04638 batch=0.04583
2026-05-16 19:13:30,024 INFO CSMF2.step_1_1_1.run :: [lat] epoch=15 step=250 mean_l2=0.03395 std_l2=0.02316
2026-05-16 19:13:30,060 INFO CSMF2.step_1_1_1.run :: epoch=15 step=250/429 train_nll=-3553.736
2026-05-16 19:13:37,460 INFO CSMF2.step_1_1_1.run :: [h] epoch=15 step=300 total=0.05017 batch=0.04945
2026-05-16 19:13:37,461 INFO CSMF2.step_1_1_1.run :: [lat] epoch=15 step=300 mean_l2=0.02822 std_l2=0.02314
2026-05-16 19:13:37,497 INFO CSMF2.step_1_1_1.run :: epoch=15 step=300/429 train_nll=-3554.259
2026-05-16 19:13:44,873 INFO CSMF2.step_1_1_1.run :: [h] epoch=15 step=350 total=0.04863 batch=0.04809
2026-05-16 19:13:44,873 INFO CSMF2.step_1_1_1.run :: [lat] epoch=15 step=350 mean_l2=0.02980 std_l2=0.01926
2026-05-16 19:13:44,909 INFO CSMF2.step_1_1_1.run :: epoch=15 step=350/429 train_nll=-3556.383
2026-05-16 19:13:52,292 INFO CSMF2.step_1_1_1.run :: [h] epoch=15 step=400 total=0.04953 batch=0.04884
2026-05-16 19:13:52,292 INFO CSMF2.step_1_1_1.run :: [lat] epoch=15 step=400 mean_l2=0.04268 std_l2=0.02198
2026-05-16 19:13:52,329 INFO CSMF2.step_1_1_1.run :: epoch=15 step=400/429 train_nll=-3559.932
2026-05-16 19:14:00,067 INFO CSMF2.step_1_1_1.run :: epoch=15  train_nll=-3560.629  val_nll=-3561.420  t=67.3s
2026-05-16 19:14:00,067 INFO CSMF2.step_1_1_1.run :: [glow] film_gain mean=0.2740 min=0.2533 max=0.2898
2026-05-16 19:14:00,067 INFO CSMF2.step_1_1_1.run :: [shuffle] gap_mean=13.955 hinge=0.0000 lambda=1.000 margin=0.50
2026-05-16 19:14:00,067 INFO CSMF2.step_1_1_1.run :: [h_std] total=0.04744 batch=0.04671 penalty=0.00334 target=0.0500 mu=10.000
2026-05-16 19:14:00,067 INFO CSMF2.step_1_1_1.run :: [lat_epoch] mean_l2=0.04041 std_l2=0.03060 (no penalty)
2026-05-16 19:14:00,067 INFO CSMF2.step_1_1_1.run :: [y_resid] alpha=0.1808
2026-05-16 19:14:00,067 INFO CSMF2.step_1_1_1.run :: [grad] cond=53.8667 film_gain=738.9533
2026-05-16 19:14:15,609 INFO CSMF2.step_1_1_1.run :: [h] epoch=16 step=50 total=0.05166 batch=0.05093
2026-05-16 19:14:15,609 INFO CSMF2.step_1_1_1.run :: [lat] epoch=16 step=50 mean_l2=0.02791 std_l2=0.02750
2026-05-16 19:14:15,645 INFO CSMF2.step_1_1_1.run :: epoch=16 step=50/429 train_nll=-3572.848
2026-05-16 19:14:22,977 INFO CSMF2.step_1_1_1.run :: [h] epoch=16 step=100 total=0.05007 batch=0.04900
2026-05-16 19:14:22,978 INFO CSMF2.step_1_1_1.run :: [lat] epoch=16 step=100 mean_l2=0.04797 std_l2=0.06008
2026-05-16 19:14:23,014 INFO CSMF2.step_1_1_1.run :: epoch=16 step=100/429 train_nll=-3563.847
2026-05-16 19:14:30,335 INFO CSMF2.step_1_1_1.run :: [h] epoch=16 step=150 total=0.05026 batch=0.04967
2026-05-16 19:14:30,335 INFO CSMF2.step_1_1_1.run :: [lat] epoch=16 step=150 mean_l2=0.04061 std_l2=0.03222
2026-05-16 19:14:30,372 INFO CSMF2.step_1_1_1.run :: epoch=16 step=150/429 train_nll=-3554.961
2026-05-16 19:14:37,863 INFO CSMF2.step_1_1_1.run :: [h] epoch=16 step=200 total=0.04935 batch=0.04869
2026-05-16 19:14:37,864 INFO CSMF2.step_1_1_1.run :: [lat] epoch=16 step=200 mean_l2=0.03006 std_l2=0.03657
2026-05-16 19:14:37,900 INFO CSMF2.step_1_1_1.run :: epoch=16 step=200/429 train_nll=-3557.650
2026-05-16 19:14:45,037 INFO CSMF2.step_1_1_1.run :: [h] epoch=16 step=250 total=0.04801 batch=0.04703
2026-05-16 19:14:45,038 INFO CSMF2.step_1_1_1.run :: [lat] epoch=16 step=250 mean_l2=0.05408 std_l2=0.06480
2026-05-16 19:14:45,074 INFO CSMF2.step_1_1_1.run :: epoch=16 step=250/429 train_nll=-3552.616
2026-05-16 19:14:52,232 INFO CSMF2.step_1_1_1.run :: [h] epoch=16 step=300 total=0.05048 batch=0.04993
2026-05-16 19:14:52,232 INFO CSMF2.step_1_1_1.run :: [lat] epoch=16 step=300 mean_l2=0.02871 std_l2=0.02307
2026-05-16 19:14:52,268 INFO CSMF2.step_1_1_1.run :: epoch=16 step=300/429 train_nll=-3554.607
2026-05-16 19:14:59,578 INFO CSMF2.step_1_1_1.run :: [h] epoch=16 step=350 total=0.04860 batch=0.04806
2026-05-16 19:14:59,578 INFO CSMF2.step_1_1_1.run :: [lat] epoch=16 step=350 mean_l2=0.05568 std_l2=0.05064
2026-05-16 19:14:59,614 INFO CSMF2.step_1_1_1.run :: epoch=16 step=350/429 train_nll=-3557.101
2026-05-16 19:15:06,915 INFO CSMF2.step_1_1_1.run :: [h] epoch=16 step=400 total=0.04955 batch=0.04873
2026-05-16 19:15:06,916 INFO CSMF2.step_1_1_1.run :: [lat] epoch=16 step=400 mean_l2=0.03507 std_l2=0.02076
2026-05-16 19:15:06,952 INFO CSMF2.step_1_1_1.run :: epoch=16 step=400/429 train_nll=-3560.542
2026-05-16 19:15:14,415 INFO CSMF2.step_1_1_1.run :: epoch=16  train_nll=-3560.012  val_nll=-3571.432  t=66.1s
2026-05-16 19:15:14,415 INFO CSMF2.step_1_1_1.run :: [glow] film_gain mean=0.2721 min=0.2525 max=0.2887
2026-05-16 19:15:14,415 INFO CSMF2.step_1_1_1.run :: [shuffle] gap_mean=15.180 hinge=0.0166 lambda=1.000 margin=0.50
2026-05-16 19:15:14,415 INFO CSMF2.step_1_1_1.run :: [h_std] total=0.04976 batch=0.04907 penalty=0.00114 target=0.0500 mu=10.000
2026-05-16 19:15:14,415 INFO CSMF2.step_1_1_1.run :: [lat_epoch] mean_l2=0.04333 std_l2=0.29839 (no penalty)
2026-05-16 19:15:14,415 INFO CSMF2.step_1_1_1.run :: [y_resid] alpha=0.1797
2026-05-16 19:15:14,415 INFO CSMF2.step_1_1_1.run :: [grad] cond=33.3009 film_gain=772.8428
2026-05-16 19:15:30,011 INFO CSMF2.step_1_1_1.run :: [h] epoch=17 step=50 total=0.04921 batch=0.04866
2026-05-16 19:15:30,011 INFO CSMF2.step_1_1_1.run :: [lat] epoch=17 step=50 mean_l2=0.04958 std_l2=0.03830
2026-05-16 19:15:30,047 INFO CSMF2.step_1_1_1.run :: epoch=17 step=50/429 train_nll=-3541.056
2026-05-16 19:15:37,261 INFO CSMF2.step_1_1_1.run :: [h] epoch=17 step=100 total=0.04893 batch=0.04842
2026-05-16 19:15:37,262 INFO CSMF2.step_1_1_1.run :: [lat] epoch=17 step=100 mean_l2=0.04688 std_l2=0.02342
2026-05-16 19:15:37,298 INFO CSMF2.step_1_1_1.run :: epoch=17 step=100/429 train_nll=-3552.625
2026-05-16 19:15:44,479 INFO CSMF2.step_1_1_1.run :: [h] epoch=17 step=150 total=0.05385 batch=0.05301
2026-05-16 19:15:44,479 INFO CSMF2.step_1_1_1.run :: [lat] epoch=17 step=150 mean_l2=0.04131 std_l2=0.02761
2026-05-16 19:15:44,516 INFO CSMF2.step_1_1_1.run :: epoch=17 step=150/429 train_nll=-3561.344
2026-05-16 19:15:51,869 INFO CSMF2.step_1_1_1.run :: [h] epoch=17 step=200 total=0.05187 batch=0.05119
2026-05-16 19:15:51,869 INFO CSMF2.step_1_1_1.run :: [lat] epoch=17 step=200 mean_l2=0.02835 std_l2=0.02869
2026-05-16 19:15:51,906 INFO CSMF2.step_1_1_1.run :: epoch=17 step=200/429 train_nll=-3558.346
2026-05-16 19:15:59,173 INFO CSMF2.step_1_1_1.run :: [h] epoch=17 step=250 total=0.05089 batch=0.05038
2026-05-16 19:15:59,174 INFO CSMF2.step_1_1_1.run :: [lat] epoch=17 step=250 mean_l2=0.04058 std_l2=0.02897
2026-05-16 19:15:59,210 INFO CSMF2.step_1_1_1.run :: epoch=17 step=250/429 train_nll=-3557.828
2026-05-16 19:16:06,604 INFO CSMF2.step_1_1_1.run :: [h] epoch=17 step=300 total=0.05170 batch=0.04929
2026-05-16 19:16:06,604 INFO CSMF2.step_1_1_1.run :: [lat] epoch=17 step=300 mean_l2=0.03752 std_l2=0.03766
2026-05-16 19:16:06,640 INFO CSMF2.step_1_1_1.run :: epoch=17 step=300/429 train_nll=-3557.183
2026-05-16 19:16:13,697 INFO CSMF2.step_1_1_1.run :: [h] epoch=17 step=350 total=0.04789 batch=0.04732
2026-05-16 19:16:13,697 INFO CSMF2.step_1_1_1.run :: [lat] epoch=17 step=350 mean_l2=0.08026 std_l2=0.03907
2026-05-16 19:16:13,733 INFO CSMF2.step_1_1_1.run :: epoch=17 step=350/429 train_nll=-3556.706
2026-05-16 19:16:21,016 INFO CSMF2.step_1_1_1.run :: [h] epoch=17 step=400 total=0.04786 batch=0.04692
2026-05-16 19:16:21,016 INFO CSMF2.step_1_1_1.run :: [lat] epoch=17 step=400 mean_l2=0.03828 std_l2=0.02180
2026-05-16 19:16:21,052 INFO CSMF2.step_1_1_1.run :: epoch=17 step=400/429 train_nll=-3559.116
2026-05-16 19:16:28,610 INFO CSMF2.step_1_1_1.run :: epoch=17  train_nll=-3558.682  val_nll=-3583.327  t=66.0s
2026-05-16 19:16:28,610 INFO CSMF2.step_1_1_1.run :: [glow] film_gain mean=0.2702 min=0.2541 max=0.2850
2026-05-16 19:16:28,610 INFO CSMF2.step_1_1_1.run :: [shuffle] gap_mean=14.811 hinge=0.0000 lambda=1.000 margin=0.50
2026-05-16 19:16:28,610 INFO CSMF2.step_1_1_1.run :: [h_std] total=0.04966 batch=0.04888 penalty=0.00131 target=0.0500 mu=10.000
2026-05-16 19:16:28,610 INFO CSMF2.step_1_1_1.run :: [lat_epoch] mean_l2=0.04303 std_l2=0.10942 (no penalty)
2026-05-16 19:16:28,610 INFO CSMF2.step_1_1_1.run :: [y_resid] alpha=0.1755
2026-05-16 19:16:28,610 INFO CSMF2.step_1_1_1.run :: [grad] cond=72.4691 film_gain=813.4218
2026-05-16 19:16:44,356 INFO CSMF2.step_1_1_1.run :: [h] epoch=18 step=50 total=0.04836 batch=0.04773
2026-05-16 19:16:44,357 INFO CSMF2.step_1_1_1.run :: [lat] epoch=18 step=50 mean_l2=0.02669 std_l2=0.02518
2026-05-16 19:16:44,393 INFO CSMF2.step_1_1_1.run :: epoch=18 step=50/429 train_nll=-3579.837
2026-05-16 19:16:52,017 INFO CSMF2.step_1_1_1.run :: [h] epoch=18 step=100 total=0.05034 batch=0.04942
2026-05-16 19:16:52,017 INFO CSMF2.step_1_1_1.run :: [lat] epoch=18 step=100 mean_l2=0.03254 std_l2=0.02575
2026-05-16 19:16:52,053 INFO CSMF2.step_1_1_1.run :: epoch=18 step=100/429 train_nll=-3565.050
2026-05-16 19:16:59,525 INFO CSMF2.step_1_1_1.run :: [h] epoch=18 step=150 total=0.04798 batch=0.04737
2026-05-16 19:16:59,525 INFO CSMF2.step_1_1_1.run :: [lat] epoch=18 step=150 mean_l2=0.02942 std_l2=0.02097
2026-05-16 19:16:59,562 INFO CSMF2.step_1_1_1.run :: epoch=18 step=150/429 train_nll=-3565.962
2026-05-16 19:17:06,991 INFO CSMF2.step_1_1_1.run :: [h] epoch=18 step=200 total=0.04947 batch=0.04894
2026-05-16 19:17:06,992 INFO CSMF2.step_1_1_1.run :: [lat] epoch=18 step=200 mean_l2=0.03609 std_l2=0.02087
2026-05-16 19:17:07,028 INFO CSMF2.step_1_1_1.run :: epoch=18 step=200/429 train_nll=-3569.004
2026-05-16 19:17:14,670 INFO CSMF2.step_1_1_1.run :: [h] epoch=18 step=250 total=0.05200 batch=0.05125
2026-05-16 19:17:14,671 INFO CSMF2.step_1_1_1.run :: [lat] epoch=18 step=250 mean_l2=0.06547 std_l2=0.03417
2026-05-16 19:17:14,707 INFO CSMF2.step_1_1_1.run :: epoch=18 step=250/429 train_nll=-3571.945
2026-05-16 19:17:22,094 INFO CSMF2.step_1_1_1.run :: [h] epoch=18 step=300 total=0.04989 batch=0.04868
2026-05-16 19:17:22,095 INFO CSMF2.step_1_1_1.run :: [lat] epoch=18 step=300 mean_l2=0.04722 std_l2=0.02287
2026-05-16 19:17:22,131 INFO CSMF2.step_1_1_1.run :: epoch=18 step=300/429 train_nll=-3569.255
2026-05-16 19:17:29,527 INFO CSMF2.step_1_1_1.run :: [h] epoch=18 step=350 total=0.04859 batch=0.04798
2026-05-16 19:17:29,528 INFO CSMF2.step_1_1_1.run :: [lat] epoch=18 step=350 mean_l2=0.03883 std_l2=0.03038
2026-05-16 19:17:29,564 INFO CSMF2.step_1_1_1.run :: epoch=18 step=350/429 train_nll=-3566.869
2026-05-16 19:17:36,851 INFO CSMF2.step_1_1_1.run :: [h] epoch=18 step=400 total=0.04894 batch=0.04827
2026-05-16 19:17:36,851 INFO CSMF2.step_1_1_1.run :: [lat] epoch=18 step=400 mean_l2=0.02618 std_l2=0.01865
2026-05-16 19:17:36,887 INFO CSMF2.step_1_1_1.run :: epoch=18 step=400/429 train_nll=-3566.566
2026-05-16 19:17:44,267 INFO CSMF2.step_1_1_1.run :: epoch=18  train_nll=-3566.775  val_nll=-3586.785  t=67.4s
2026-05-16 19:17:44,267 INFO CSMF2.step_1_1_1.run :: [glow] film_gain mean=0.2686 min=0.2543 max=0.2836
2026-05-16 19:17:44,267 INFO CSMF2.step_1_1_1.run :: [shuffle] gap_mean=15.430 hinge=0.0000 lambda=1.000 margin=0.50
2026-05-16 19:17:44,267 INFO CSMF2.step_1_1_1.run :: [h_std] total=0.04983 batch=0.04908 penalty=0.00112 target=0.0500 mu=10.000
2026-05-16 19:17:44,267 INFO CSMF2.step_1_1_1.run :: [lat_epoch] mean_l2=0.04081 std_l2=0.03145 (no penalty)
2026-05-16 19:17:44,267 INFO CSMF2.step_1_1_1.run :: [y_resid] alpha=0.1738
2026-05-16 19:17:44,267 INFO CSMF2.step_1_1_1.run :: [grad] cond=35.2147 film_gain=1134.1883
2026-05-16 19:17:59,924 INFO CSMF2.step_1_1_1.run :: [h] epoch=19 step=50 total=0.04992 batch=0.04931
2026-05-16 19:17:59,924 INFO CSMF2.step_1_1_1.run :: [lat] epoch=19 step=50 mean_l2=0.03725 std_l2=0.02011
2026-05-16 19:17:59,960 INFO CSMF2.step_1_1_1.run :: epoch=19 step=50/429 train_nll=-3582.736
2026-05-16 19:18:07,427 INFO CSMF2.step_1_1_1.run :: [h] epoch=19 step=100 total=0.04887 batch=0.04841
2026-05-16 19:18:07,428 INFO CSMF2.step_1_1_1.run :: [lat] epoch=19 step=100 mean_l2=0.03043 std_l2=0.01958
2026-05-16 19:18:07,464 INFO CSMF2.step_1_1_1.run :: epoch=19 step=100/429 train_nll=-3585.371
2026-05-16 19:18:15,049 INFO CSMF2.step_1_1_1.run :: [h] epoch=19 step=150 total=0.05127 batch=0.05042
2026-05-16 19:18:15,049 INFO CSMF2.step_1_1_1.run :: [lat] epoch=19 step=150 mean_l2=0.03753 std_l2=0.02410
2026-05-16 19:18:15,085 INFO CSMF2.step_1_1_1.run :: epoch=19 step=150/429 train_nll=-3574.590
2026-05-16 19:18:22,490 INFO CSMF2.step_1_1_1.run :: [h] epoch=19 step=200 total=0.04903 batch=0.04828
2026-05-16 19:18:22,491 INFO CSMF2.step_1_1_1.run :: [lat] epoch=19 step=200 mean_l2=0.02932 std_l2=0.02121
2026-05-16 19:18:22,527 INFO CSMF2.step_1_1_1.run :: epoch=19 step=200/429 train_nll=-3576.161
2026-05-16 19:18:30,020 INFO CSMF2.step_1_1_1.run :: [h] epoch=19 step=250 total=0.04907 batch=0.04863
2026-05-16 19:18:30,020 INFO CSMF2.step_1_1_1.run :: [lat] epoch=19 step=250 mean_l2=0.05054 std_l2=0.02673
2026-05-16 19:18:30,057 INFO CSMF2.step_1_1_1.run :: epoch=19 step=250/429 train_nll=-3577.671
2026-05-16 19:18:37,595 INFO CSMF2.step_1_1_1.run :: [h] epoch=19 step=300 total=0.05079 batch=0.05028
2026-05-16 19:18:37,595 INFO CSMF2.step_1_1_1.run :: [lat] epoch=19 step=300 mean_l2=0.03644 std_l2=0.03544
2026-05-16 19:18:37,631 INFO CSMF2.step_1_1_1.run :: epoch=19 step=300/429 train_nll=-3574.910
2026-05-16 19:18:44,930 INFO CSMF2.step_1_1_1.run :: [h] epoch=19 step=350 total=0.04613 batch=0.04504
2026-05-16 19:18:44,931 INFO CSMF2.step_1_1_1.run :: [lat] epoch=19 step=350 mean_l2=0.02856 std_l2=0.02104
2026-05-16 19:18:44,967 INFO CSMF2.step_1_1_1.run :: epoch=19 step=350/429 train_nll=-3572.763
2026-05-16 19:18:52,131 INFO CSMF2.step_1_1_1.run :: [h] epoch=19 step=400 total=0.05172 batch=0.05123
2026-05-16 19:18:52,131 INFO CSMF2.step_1_1_1.run :: [lat] epoch=19 step=400 mean_l2=0.03322 std_l2=0.02765
2026-05-16 19:18:52,168 INFO CSMF2.step_1_1_1.run :: epoch=19 step=400/429 train_nll=-3575.467
2026-05-16 19:18:59,808 INFO CSMF2.step_1_1_1.run :: epoch=19  train_nll=-3577.001  val_nll=-3608.994  t=67.3s
2026-05-16 19:18:59,808 INFO CSMF2.step_1_1_1.run :: [glow] film_gain mean=0.2677 min=0.2537 max=0.2827
2026-05-16 19:18:59,808 INFO CSMF2.step_1_1_1.run :: [shuffle] gap_mean=15.893 hinge=0.0154 lambda=1.000 margin=0.50
2026-05-16 19:18:59,809 INFO CSMF2.step_1_1_1.run :: [h_std] total=0.05033 batch=0.04965 penalty=0.00072 target=0.0500 mu=10.000
2026-05-16 19:18:59,809 INFO CSMF2.step_1_1_1.run :: [lat_epoch] mean_l2=0.03889 std_l2=0.02969 (no penalty)
2026-05-16 19:18:59,809 INFO CSMF2.step_1_1_1.run :: [y_resid] alpha=0.1744
2026-05-16 19:18:59,809 INFO CSMF2.step_1_1_1.run :: [grad] cond=15.5180 film_gain=658.6067
2026-05-16 19:19:15,514 INFO CSMF2.step_1_1_1.run :: [h] epoch=20 step=50 total=0.05201 batch=0.05136
2026-05-16 19:19:15,515 INFO CSMF2.step_1_1_1.run :: [lat] epoch=20 step=50 mean_l2=0.03452 std_l2=0.02405
2026-05-16 19:19:15,551 INFO CSMF2.step_1_1_1.run :: epoch=20 step=50/429 train_nll=-3589.605
2026-05-16 19:19:22,862 INFO CSMF2.step_1_1_1.run :: [h] epoch=20 step=100 total=0.04985 batch=0.04900
2026-05-16 19:19:22,863 INFO CSMF2.step_1_1_1.run :: [lat] epoch=20 step=100 mean_l2=0.04309 std_l2=0.02916
2026-05-16 19:19:22,899 INFO CSMF2.step_1_1_1.run :: epoch=20 step=100/429 train_nll=-3576.900
2026-05-16 19:19:30,254 INFO CSMF2.step_1_1_1.run :: [h] epoch=20 step=150 total=0.04831 batch=0.04771
2026-05-16 19:19:30,255 INFO CSMF2.step_1_1_1.run :: [lat] epoch=20 step=150 mean_l2=0.03250 std_l2=0.02062
2026-05-16 19:19:30,291 INFO CSMF2.step_1_1_1.run :: epoch=20 step=150/429 train_nll=-3578.642
2026-05-16 19:19:37,974 INFO CSMF2.step_1_1_1.run :: [h] epoch=20 step=200 total=0.05266 batch=0.05221
2026-05-16 19:19:37,974 INFO CSMF2.step_1_1_1.run :: [lat] epoch=20 step=200 mean_l2=0.07253 std_l2=0.09131
2026-05-16 19:19:38,010 INFO CSMF2.step_1_1_1.run :: epoch=20 step=200/429 train_nll=-3584.036
2026-05-16 19:19:45,384 INFO CSMF2.step_1_1_1.run :: [h] epoch=20 step=250 total=0.04879 batch=0.04720
2026-05-16 19:19:45,385 INFO CSMF2.step_1_1_1.run :: [lat] epoch=20 step=250 mean_l2=0.03077 std_l2=0.02467
2026-05-16 19:19:45,421 INFO CSMF2.step_1_1_1.run :: epoch=20 step=250/429 train_nll=-3580.421
2026-05-16 19:19:52,625 INFO CSMF2.step_1_1_1.run :: [h] epoch=20 step=300 total=0.04737 batch=0.04667
2026-05-16 19:19:52,625 INFO CSMF2.step_1_1_1.run :: [lat] epoch=20 step=300 mean_l2=0.05525 std_l2=0.02383
2026-05-16 19:19:52,662 INFO CSMF2.step_1_1_1.run :: epoch=20 step=300/429 train_nll=-3578.969
2026-05-16 19:19:59,906 INFO CSMF2.step_1_1_1.run :: [h] epoch=20 step=350 total=0.04995 batch=0.04919
2026-05-16 19:19:59,907 INFO CSMF2.step_1_1_1.run :: [lat] epoch=20 step=350 mean_l2=0.02652 std_l2=0.03073
2026-05-16 19:19:59,943 INFO CSMF2.step_1_1_1.run :: epoch=20 step=350/429 train_nll=-3580.187
2026-05-16 19:20:07,153 INFO CSMF2.step_1_1_1.run :: [h] epoch=20 step=400 total=0.04821 batch=0.04757
2026-05-16 19:20:07,153 INFO CSMF2.step_1_1_1.run :: [lat] epoch=20 step=400 mean_l2=0.02790 std_l2=0.02759
2026-05-16 19:20:07,190 INFO CSMF2.step_1_1_1.run :: epoch=20 step=400/429 train_nll=-3579.614
2026-05-16 19:20:14,493 INFO CSMF2.step_1_1_1.run :: epoch=20  train_nll=-3579.735  val_nll=-3576.456  t=66.6s
2026-05-16 19:20:14,494 INFO CSMF2.step_1_1_1.run :: [glow] film_gain mean=0.2657 min=0.2523 max=0.2802
2026-05-16 19:20:14,494 INFO CSMF2.step_1_1_1.run :: [shuffle] gap_mean=16.573 hinge=0.0000 lambda=1.000 margin=0.50
2026-05-16 19:20:14,494 INFO CSMF2.step_1_1_1.run :: [h_std] total=0.04998 batch=0.04898 penalty=0.00128 target=0.0500 mu=10.000
2026-05-16 19:20:14,494 INFO CSMF2.step_1_1_1.run :: [lat_epoch] mean_l2=0.03808 std_l2=0.03062 (no penalty)
2026-05-16 19:20:14,494 INFO CSMF2.step_1_1_1.run :: [y_resid] alpha=0.1685
2026-05-16 19:20:14,494 INFO CSMF2.step_1_1_1.run :: [grad] cond=69.3182 film_gain=1980.2505
2026-05-16 19:20:30,013 INFO CSMF2.step_1_1_1.run :: [h] epoch=21 step=50 total=0.05005 batch=0.04925
2026-05-16 19:20:30,014 INFO CSMF2.step_1_1_1.run :: [lat] epoch=21 step=50 mean_l2=0.02756 std_l2=0.02030
2026-05-16 19:20:30,050 INFO CSMF2.step_1_1_1.run :: epoch=21 step=50/429 train_nll=-3593.508
2026-05-16 19:20:37,465 INFO CSMF2.step_1_1_1.run :: [h] epoch=21 step=100 total=0.04933 batch=0.04851
2026-05-16 19:20:37,466 INFO CSMF2.step_1_1_1.run :: [lat] epoch=21 step=100 mean_l2=0.02598 std_l2=0.02831
2026-05-16 19:20:37,502 INFO CSMF2.step_1_1_1.run :: epoch=21 step=100/429 train_nll=-3591.437
2026-05-16 19:20:44,918 INFO CSMF2.step_1_1_1.run :: [h] epoch=21 step=150 total=0.05134 batch=0.05076
2026-05-16 19:20:44,918 INFO CSMF2.step_1_1_1.run :: [lat] epoch=21 step=150 mean_l2=0.06757 std_l2=0.03032
2026-05-16 19:20:44,955 INFO CSMF2.step_1_1_1.run :: epoch=21 step=150/429 train_nll=-3593.789
2026-05-16 19:20:52,393 INFO CSMF2.step_1_1_1.run :: [h] epoch=21 step=200 total=0.04965 batch=0.04887
2026-05-16 19:20:52,394 INFO CSMF2.step_1_1_1.run :: [lat] epoch=21 step=200 mean_l2=0.03344 std_l2=0.05228
2026-05-16 19:20:52,430 INFO CSMF2.step_1_1_1.run :: epoch=21 step=200/429 train_nll=-3590.550
2026-05-16 19:20:59,847 INFO CSMF2.step_1_1_1.run :: [h] epoch=21 step=250 total=0.04888 batch=0.04794
2026-05-16 19:20:59,848 INFO CSMF2.step_1_1_1.run :: [lat] epoch=21 step=250 mean_l2=0.03290 std_l2=0.02343
2026-05-16 19:20:59,884 INFO CSMF2.step_1_1_1.run :: epoch=21 step=250/429 train_nll=-3586.885
2026-05-16 19:21:07,302 INFO CSMF2.step_1_1_1.run :: [h] epoch=21 step=300 total=0.04943 batch=0.04895
2026-05-16 19:21:07,303 INFO CSMF2.step_1_1_1.run :: [lat] epoch=21 step=300 mean_l2=0.02702 std_l2=0.02127
2026-05-16 19:21:07,339 INFO CSMF2.step_1_1_1.run :: epoch=21 step=300/429 train_nll=-3589.957
2026-05-16 19:21:14,701 INFO CSMF2.step_1_1_1.run :: [h] epoch=21 step=350 total=0.05104 batch=0.05046
2026-05-16 19:21:14,701 INFO CSMF2.step_1_1_1.run :: [lat] epoch=21 step=350 mean_l2=0.04234 std_l2=0.02082
2026-05-16 19:21:14,737 INFO CSMF2.step_1_1_1.run :: epoch=21 step=350/429 train_nll=-3587.806
2026-05-16 19:21:22,016 INFO CSMF2.step_1_1_1.run :: [h] epoch=21 step=400 total=0.05044 batch=0.04978
2026-05-16 19:21:22,017 INFO CSMF2.step_1_1_1.run :: [lat] epoch=21 step=400 mean_l2=0.04893 std_l2=0.03770
2026-05-16 19:21:22,053 INFO CSMF2.step_1_1_1.run :: epoch=21 step=400/429 train_nll=-3585.960
2026-05-16 19:21:29,647 INFO CSMF2.step_1_1_1.run :: epoch=21  train_nll=-3584.627  val_nll=-3596.425  t=67.0s
2026-05-16 19:21:29,647 INFO CSMF2.step_1_1_1.run :: [glow] film_gain mean=0.2643 min=0.2520 max=0.2779
2026-05-16 19:21:29,647 INFO CSMF2.step_1_1_1.run :: [shuffle] gap_mean=17.109 hinge=0.0000 lambda=1.000 margin=0.50
2026-05-16 19:21:29,647 INFO CSMF2.step_1_1_1.run :: [h_std] total=0.05044 batch=0.04974 penalty=0.00067 target=0.0500 mu=10.000
2026-05-16 19:21:29,647 INFO CSMF2.step_1_1_1.run :: [lat_epoch] mean_l2=0.03702 std_l2=0.02909 (no penalty)
2026-05-16 19:21:29,647 INFO CSMF2.step_1_1_1.run :: [y_resid] alpha=0.1688
2026-05-16 19:21:29,647 INFO CSMF2.step_1_1_1.run :: [grad] cond=39.8570 film_gain=1037.3027
2026-05-16 19:21:45,189 INFO CSMF2.step_1_1_1.run :: [h] epoch=22 step=50 total=0.05023 batch=0.04960
2026-05-16 19:21:45,189 INFO CSMF2.step_1_1_1.run :: [lat] epoch=22 step=50 mean_l2=0.04946 std_l2=0.03607
2026-05-16 19:21:45,226 INFO CSMF2.step_1_1_1.run :: epoch=22 step=50/429 train_nll=-3590.661
2026-05-16 19:21:52,587 INFO CSMF2.step_1_1_1.run :: [h] epoch=22 step=100 total=0.05086 batch=0.05001
2026-05-16 19:21:52,587 INFO CSMF2.step_1_1_1.run :: [lat] epoch=22 step=100 mean_l2=0.04979 std_l2=0.04202
2026-05-16 19:21:52,624 INFO CSMF2.step_1_1_1.run :: epoch=22 step=100/429 train_nll=-3586.939
2026-05-16 19:22:00,074 INFO CSMF2.step_1_1_1.run :: [h] epoch=22 step=150 total=0.04955 batch=0.04904
2026-05-16 19:22:00,075 INFO CSMF2.step_1_1_1.run :: [lat] epoch=22 step=150 mean_l2=0.03358 std_l2=0.01989
2026-05-16 19:22:00,111 INFO CSMF2.step_1_1_1.run :: epoch=22 step=150/429 train_nll=-3592.408
2026-05-16 19:22:07,787 INFO CSMF2.step_1_1_1.run :: [h] epoch=22 step=200 total=0.05103 batch=0.05047
2026-05-16 19:22:07,787 INFO CSMF2.step_1_1_1.run :: [lat] epoch=22 step=200 mean_l2=0.02407 std_l2=0.03616
2026-05-16 19:22:07,824 INFO CSMF2.step_1_1_1.run :: epoch=22 step=200/429 train_nll=-3594.894
2026-05-16 19:22:15,295 INFO CSMF2.step_1_1_1.run :: [h] epoch=22 step=250 total=0.05005 batch=0.04907
2026-05-16 19:22:15,296 INFO CSMF2.step_1_1_1.run :: [lat] epoch=22 step=250 mean_l2=0.02845 std_l2=0.02941
2026-05-16 19:22:15,332 INFO CSMF2.step_1_1_1.run :: epoch=22 step=250/429 train_nll=-3595.617
2026-05-16 19:22:22,738 INFO CSMF2.step_1_1_1.run :: [h] epoch=22 step=300 total=0.05342 batch=0.05285
2026-05-16 19:22:22,738 INFO CSMF2.step_1_1_1.run :: [lat] epoch=22 step=300 mean_l2=0.02556 std_l2=0.01867
2026-05-16 19:22:22,774 INFO CSMF2.step_1_1_1.run :: epoch=22 step=300/429 train_nll=-3595.833
2026-05-16 19:22:30,137 INFO CSMF2.step_1_1_1.run :: [h] epoch=22 step=350 total=0.05004 batch=0.04956
2026-05-16 19:22:30,138 INFO CSMF2.step_1_1_1.run :: [lat] epoch=22 step=350 mean_l2=0.02568 std_l2=0.02597
2026-05-16 19:22:30,174 INFO CSMF2.step_1_1_1.run :: epoch=22 step=350/429 train_nll=-3596.925
2026-05-16 19:22:37,348 INFO CSMF2.step_1_1_1.run :: [h] epoch=22 step=400 total=0.05111 batch=0.05021
2026-05-16 19:22:37,349 INFO CSMF2.step_1_1_1.run :: [lat] epoch=22 step=400 mean_l2=0.02518 std_l2=0.02514
2026-05-16 19:22:37,385 INFO CSMF2.step_1_1_1.run :: epoch=22 step=400/429 train_nll=-3596.304
2026-05-16 19:22:44,592 INFO CSMF2.step_1_1_1.run :: epoch=22  train_nll=-3594.958  val_nll=-3609.052  t=66.7s
2026-05-16 19:22:44,592 INFO CSMF2.step_1_1_1.run :: [glow] film_gain mean=0.2635 min=0.2507 max=0.2774
2026-05-16 19:22:44,592 INFO CSMF2.step_1_1_1.run :: [shuffle] gap_mean=17.687 hinge=0.0000 lambda=1.000 margin=0.50
2026-05-16 19:22:44,592 INFO CSMF2.step_1_1_1.run :: [h_std] total=0.05039 batch=0.04972 penalty=0.00065 target=0.0500 mu=10.000
2026-05-16 19:22:44,592 INFO CSMF2.step_1_1_1.run :: [lat_epoch] mean_l2=0.03528 std_l2=0.02704 (no penalty)
2026-05-16 19:22:44,592 INFO CSMF2.step_1_1_1.run :: [y_resid] alpha=0.1691
2026-05-16 19:22:44,592 INFO CSMF2.step_1_1_1.run :: [grad] cond=37.9777 film_gain=624.6422
2026-05-16 19:23:00,253 INFO CSMF2.step_1_1_1.run :: [h] epoch=23 step=50 total=0.05090 batch=0.05008
2026-05-16 19:23:00,253 INFO CSMF2.step_1_1_1.run :: [lat] epoch=23 step=50 mean_l2=0.03774 std_l2=0.02498
2026-05-16 19:23:00,290 INFO CSMF2.step_1_1_1.run :: epoch=23 step=50/429 train_nll=-3583.549
2026-05-16 19:23:07,710 INFO CSMF2.step_1_1_1.run :: [h] epoch=23 step=100 total=0.05063 batch=0.05005
2026-05-16 19:23:07,711 INFO CSMF2.step_1_1_1.run :: [lat] epoch=23 step=100 mean_l2=0.02704 std_l2=0.03635
2026-05-16 19:23:07,747 INFO CSMF2.step_1_1_1.run :: epoch=23 step=100/429 train_nll=-3586.578
2026-05-16 19:23:15,297 INFO CSMF2.step_1_1_1.run :: [h] epoch=23 step=150 total=0.05116 batch=0.05064
2026-05-16 19:23:15,298 INFO CSMF2.step_1_1_1.run :: [lat] epoch=23 step=150 mean_l2=0.02953 std_l2=0.02167
2026-05-16 19:23:15,334 INFO CSMF2.step_1_1_1.run :: epoch=23 step=150/429 train_nll=-3590.307
2026-05-16 19:23:22,389 INFO CSMF2.step_1_1_1.run :: [h] epoch=23 step=200 total=0.05059 batch=0.04967
2026-05-16 19:23:22,390 INFO CSMF2.step_1_1_1.run :: [lat] epoch=23 step=200 mean_l2=0.02782 std_l2=0.01850
2026-05-16 19:23:22,426 INFO CSMF2.step_1_1_1.run :: epoch=23 step=200/429 train_nll=-3584.638
2026-05-16 19:23:29,774 INFO CSMF2.step_1_1_1.run :: [h] epoch=23 step=250 total=0.04982 batch=0.04930
2026-05-16 19:23:29,774 INFO CSMF2.step_1_1_1.run :: [lat] epoch=23 step=250 mean_l2=0.04760 std_l2=0.01843
2026-05-16 19:23:29,811 INFO CSMF2.step_1_1_1.run :: epoch=23 step=250/429 train_nll=-3588.924
2026-05-16 19:23:37,669 INFO CSMF2.step_1_1_1.run :: [h] epoch=23 step=300 total=0.05034 batch=0.04977
2026-05-16 19:23:37,670 INFO CSMF2.step_1_1_1.run :: [lat] epoch=23 step=300 mean_l2=0.03542 std_l2=0.02356
2026-05-16 19:23:37,706 INFO CSMF2.step_1_1_1.run :: epoch=23 step=300/429 train_nll=-3592.808
2026-05-16 19:23:45,050 INFO CSMF2.step_1_1_1.run :: [h] epoch=23 step=350 total=0.05098 batch=0.05042
2026-05-16 19:23:45,051 INFO CSMF2.step_1_1_1.run :: [lat] epoch=23 step=350 mean_l2=0.02758 std_l2=0.02141
2026-05-16 19:23:45,087 INFO CSMF2.step_1_1_1.run :: epoch=23 step=350/429 train_nll=-3595.677
2026-05-16 19:23:52,326 INFO CSMF2.step_1_1_1.run :: [h] epoch=23 step=400 total=0.05104 batch=0.04977
2026-05-16 19:23:52,327 INFO CSMF2.step_1_1_1.run :: [lat] epoch=23 step=400 mean_l2=0.04049 std_l2=0.02560
2026-05-16 19:23:52,363 INFO CSMF2.step_1_1_1.run :: epoch=23 step=400/429 train_nll=-3593.832
2026-05-16 19:24:00,073 INFO CSMF2.step_1_1_1.run :: epoch=23  train_nll=-3591.933  val_nll=-3581.940  t=67.2s
2026-05-16 19:24:00,073 INFO CSMF2.step_1_1_1.run :: [glow] film_gain mean=0.2620 min=0.2494 max=0.2762
2026-05-16 19:24:00,073 INFO CSMF2.step_1_1_1.run :: [shuffle] gap_mean=17.785 hinge=0.0000 lambda=1.000 margin=0.50
2026-05-16 19:24:00,073 INFO CSMF2.step_1_1_1.run :: [h_std] total=0.05072 batch=0.05003 penalty=0.00046 target=0.0500 mu=10.000
2026-05-16 19:24:00,073 INFO CSMF2.step_1_1_1.run :: [lat_epoch] mean_l2=0.03510 std_l2=0.02911 (no penalty)
2026-05-16 19:24:00,073 INFO CSMF2.step_1_1_1.run :: [y_resid] alpha=0.1691
2026-05-16 19:24:00,073 INFO CSMF2.step_1_1_1.run :: [grad] cond=134.4914 film_gain=2815.5866
2026-05-16 19:24:15,700 INFO CSMF2.step_1_1_1.run :: [h] epoch=24 step=50 total=0.05107 batch=0.05022
2026-05-16 19:24:15,701 INFO CSMF2.step_1_1_1.run :: [lat] epoch=24 step=50 mean_l2=0.03072 std_l2=0.02374
2026-05-16 19:24:15,737 INFO CSMF2.step_1_1_1.run :: epoch=24 step=50/429 train_nll=-3590.114
2026-05-16 19:24:23,235 INFO CSMF2.step_1_1_1.run :: [h] epoch=24 step=100 total=0.04979 batch=0.04869
2026-05-16 19:24:23,236 INFO CSMF2.step_1_1_1.run :: [lat] epoch=24 step=100 mean_l2=0.02228 std_l2=0.02195
2026-05-16 19:24:23,272 INFO CSMF2.step_1_1_1.run :: epoch=24 step=100/429 train_nll=-3593.753
2026-05-16 19:24:30,438 INFO CSMF2.step_1_1_1.run :: [h] epoch=24 step=150 total=0.04863 batch=0.04791
2026-05-16 19:24:30,439 INFO CSMF2.step_1_1_1.run :: [lat] epoch=24 step=150 mean_l2=0.03103 std_l2=0.02491
2026-05-16 19:24:30,475 INFO CSMF2.step_1_1_1.run :: epoch=24 step=150/429 train_nll=-3586.823
2026-05-16 19:24:38,047 INFO CSMF2.step_1_1_1.run :: [h] epoch=24 step=200 total=0.05117 batch=0.05058
2026-05-16 19:24:38,047 INFO CSMF2.step_1_1_1.run :: [lat] epoch=24 step=200 mean_l2=0.03870 std_l2=0.02472
2026-05-16 19:24:38,084 INFO CSMF2.step_1_1_1.run :: epoch=24 step=200/429 train_nll=-3590.781
2026-05-16 19:24:45,601 INFO CSMF2.step_1_1_1.run :: [h] epoch=24 step=250 total=0.05255 batch=0.05187
2026-05-16 19:24:45,601 INFO CSMF2.step_1_1_1.run :: [lat] epoch=24 step=250 mean_l2=0.03006 std_l2=0.02054
2026-05-16 19:24:45,638 INFO CSMF2.step_1_1_1.run :: epoch=24 step=250/429 train_nll=-3590.772
2026-05-16 19:24:52,974 INFO CSMF2.step_1_1_1.run :: [h] epoch=24 step=300 total=0.05145 batch=0.05077
2026-05-16 19:24:52,975 INFO CSMF2.step_1_1_1.run :: [lat] epoch=24 step=300 mean_l2=0.03518 std_l2=0.02483
2026-05-16 19:24:53,011 INFO CSMF2.step_1_1_1.run :: epoch=24 step=300/429 train_nll=-3592.301
2026-05-16 19:25:00,189 INFO CSMF2.step_1_1_1.run :: [h] epoch=24 step=350 total=0.05287 batch=0.05171
2026-05-16 19:25:00,190 INFO CSMF2.step_1_1_1.run :: [lat] epoch=24 step=350 mean_l2=0.02270 std_l2=0.03102
2026-05-16 19:25:00,226 INFO CSMF2.step_1_1_1.run :: epoch=24 step=350/429 train_nll=-3591.634
2026-05-16 19:25:07,591 INFO CSMF2.step_1_1_1.run :: [h] epoch=24 step=400 total=0.04794 batch=0.04629
2026-05-16 19:25:07,592 INFO CSMF2.step_1_1_1.run :: [lat] epoch=24 step=400 mean_l2=0.03832 std_l2=0.03017
2026-05-16 19:25:07,628 INFO CSMF2.step_1_1_1.run :: epoch=24 step=400/429 train_nll=-3590.944
2026-05-16 19:25:15,051 INFO CSMF2.step_1_1_1.run :: epoch=24  train_nll=-3591.088  val_nll=-3608.587  t=66.8s
2026-05-16 19:25:15,051 INFO CSMF2.step_1_1_1.run :: [glow] film_gain mean=0.2603 min=0.2478 max=0.2734
2026-05-16 19:25:15,051 INFO CSMF2.step_1_1_1.run :: [shuffle] gap_mean=17.865 hinge=0.0000 lambda=1.000 margin=0.50
2026-05-16 19:25:15,051 INFO CSMF2.step_1_1_1.run :: [h_std] total=0.05025 batch=0.04945 penalty=0.00079 target=0.0500 mu=10.000
2026-05-16 19:25:15,051 INFO CSMF2.step_1_1_1.run :: [lat_epoch] mean_l2=0.03539 std_l2=0.03087 (no penalty)
2026-05-16 19:25:15,051 INFO CSMF2.step_1_1_1.run :: [y_resid] alpha=0.1632
2026-05-16 19:25:15,051 INFO CSMF2.step_1_1_1.run :: [grad] cond=61.0470 film_gain=669.0435
2026-05-16 19:25:30,885 INFO CSMF2.step_1_1_1.run :: [h] epoch=25 step=50 total=0.04819 batch=0.04765
2026-05-16 19:25:30,886 INFO CSMF2.step_1_1_1.run :: [lat] epoch=25 step=50 mean_l2=0.08608 std_l2=0.02860
2026-05-16 19:25:30,922 INFO CSMF2.step_1_1_1.run :: epoch=25 step=50/429 train_nll=-3602.303
2026-05-16 19:25:38,343 INFO CSMF2.step_1_1_1.run :: [h] epoch=25 step=100 total=0.04952 batch=0.04891
2026-05-16 19:25:38,344 INFO CSMF2.step_1_1_1.run :: [lat] epoch=25 step=100 mean_l2=0.02943 std_l2=0.02159
2026-05-16 19:25:38,380 INFO CSMF2.step_1_1_1.run :: epoch=25 step=100/429 train_nll=-3597.921
2026-05-16 19:25:45,554 INFO CSMF2.step_1_1_1.run :: [h] epoch=25 step=150 total=0.04973 batch=0.04894
2026-05-16 19:25:45,555 INFO CSMF2.step_1_1_1.run :: [lat] epoch=25 step=150 mean_l2=0.04198 std_l2=0.03645
2026-05-16 19:25:45,591 INFO CSMF2.step_1_1_1.run :: epoch=25 step=150/429 train_nll=-3598.387
2026-05-16 19:25:53,010 INFO CSMF2.step_1_1_1.run :: [h] epoch=25 step=200 total=0.05217 batch=0.05078
2026-05-16 19:25:53,011 INFO CSMF2.step_1_1_1.run :: [lat] epoch=25 step=200 mean_l2=0.04123 std_l2=0.05427
2026-05-16 19:25:53,047 INFO CSMF2.step_1_1_1.run :: epoch=25 step=200/429 train_nll=-3596.463
2026-05-16 19:26:00,874 INFO CSMF2.step_1_1_1.run :: [h] epoch=25 step=250 total=0.04870 batch=0.04807
2026-05-16 19:26:00,874 INFO CSMF2.step_1_1_1.run :: [lat] epoch=25 step=250 mean_l2=0.02816 std_l2=0.02610
2026-05-16 19:26:00,911 INFO CSMF2.step_1_1_1.run :: epoch=25 step=250/429 train_nll=-3596.834
2026-05-16 19:26:08,294 INFO CSMF2.step_1_1_1.run :: [h] epoch=25 step=300 total=0.05110 batch=0.05035
2026-05-16 19:26:08,294 INFO CSMF2.step_1_1_1.run :: [lat] epoch=25 step=300 mean_l2=0.04529 std_l2=0.02996
2026-05-16 19:26:08,331 INFO CSMF2.step_1_1_1.run :: epoch=25 step=300/429 train_nll=-3598.135
2026-05-16 19:26:15,630 INFO CSMF2.step_1_1_1.run :: [h] epoch=25 step=350 total=0.05075 batch=0.05027
2026-05-16 19:26:15,631 INFO CSMF2.step_1_1_1.run :: [lat] epoch=25 step=350 mean_l2=0.02563 std_l2=0.02432
2026-05-16 19:26:15,667 INFO CSMF2.step_1_1_1.run :: epoch=25 step=350/429 train_nll=-3599.017
2026-05-16 19:26:22,924 INFO CSMF2.step_1_1_1.run :: [h] epoch=25 step=400 total=0.05249 batch=0.05178
2026-05-16 19:26:22,924 INFO CSMF2.step_1_1_1.run :: [lat] epoch=25 step=400 mean_l2=0.04333 std_l2=0.02840
2026-05-16 19:26:22,960 INFO CSMF2.step_1_1_1.run :: epoch=25 step=400/429 train_nll=-3598.404
2026-05-16 19:26:30,444 INFO CSMF2.step_1_1_1.run :: epoch=25  train_nll=-3597.604  val_nll=-3612.049  t=67.3s
2026-05-16 19:26:30,444 INFO CSMF2.step_1_1_1.run :: [glow] film_gain mean=0.2591 min=0.2466 max=0.2726
2026-05-16 19:26:30,444 INFO CSMF2.step_1_1_1.run :: [shuffle] gap_mean=18.496 hinge=0.0000 lambda=1.000 margin=0.50
2026-05-16 19:26:30,444 INFO CSMF2.step_1_1_1.run :: [h_std] total=0.05021 batch=0.04952 penalty=0.00077 target=0.0500 mu=10.000
2026-05-16 19:26:30,444 INFO CSMF2.step_1_1_1.run :: [lat_epoch] mean_l2=0.03428 std_l2=0.02665 (no penalty)
2026-05-16 19:26:30,444 INFO CSMF2.step_1_1_1.run :: [y_resid] alpha=0.1647
2026-05-16 19:26:30,444 INFO CSMF2.step_1_1_1.run :: [grad] cond=14.1395 film_gain=982.7217
2026-05-16 19:26:45,987 INFO CSMF2.step_1_1_1.run :: [h] epoch=26 step=50 total=0.05041 batch=0.04983
2026-05-16 19:26:45,988 INFO CSMF2.step_1_1_1.run :: [lat] epoch=26 step=50 mean_l2=0.03884 std_l2=0.02608
2026-05-16 19:26:46,024 INFO CSMF2.step_1_1_1.run :: epoch=26 step=50/429 train_nll=-3609.937
2026-05-16 19:26:53,401 INFO CSMF2.step_1_1_1.run :: [h] epoch=26 step=100 total=0.05105 batch=0.05036
2026-05-16 19:26:53,401 INFO CSMF2.step_1_1_1.run :: [lat] epoch=26 step=100 mean_l2=0.03377 std_l2=0.02237
2026-05-16 19:26:53,438 INFO CSMF2.step_1_1_1.run :: epoch=26 step=100/429 train_nll=-3601.033
2026-05-16 19:27:00,836 INFO CSMF2.step_1_1_1.run :: [h] epoch=26 step=150 total=0.04950 batch=0.04867
2026-05-16 19:27:00,836 INFO CSMF2.step_1_1_1.run :: [lat] epoch=26 step=150 mean_l2=0.04508 std_l2=0.02359
2026-05-16 19:27:00,872 INFO CSMF2.step_1_1_1.run :: epoch=26 step=150/429 train_nll=-3604.957
2026-05-16 19:27:08,269 INFO CSMF2.step_1_1_1.run :: [h] epoch=26 step=200 total=0.04936 batch=0.04858
2026-05-16 19:27:08,269 INFO CSMF2.step_1_1_1.run :: [lat] epoch=26 step=200 mean_l2=0.02452 std_l2=0.01859
2026-05-16 19:27:08,305 INFO CSMF2.step_1_1_1.run :: epoch=26 step=200/429 train_nll=-3606.078
2026-05-16 19:27:15,843 INFO CSMF2.step_1_1_1.run :: [h] epoch=26 step=250 total=0.05107 batch=0.05059
2026-05-16 19:27:15,843 INFO CSMF2.step_1_1_1.run :: [lat] epoch=26 step=250 mean_l2=0.03581 std_l2=0.02465
2026-05-16 19:27:15,879 INFO CSMF2.step_1_1_1.run :: epoch=26 step=250/429 train_nll=-3606.494
2026-05-16 19:27:23,027 INFO CSMF2.step_1_1_1.run :: [h] epoch=26 step=300 total=0.05011 batch=0.04947
2026-05-16 19:27:23,028 INFO CSMF2.step_1_1_1.run :: [lat] epoch=26 step=300 mean_l2=0.03126 std_l2=0.02334
2026-05-16 19:27:23,064 INFO CSMF2.step_1_1_1.run :: epoch=26 step=300/429 train_nll=-3606.661
2026-05-16 19:27:30,289 INFO CSMF2.step_1_1_1.run :: [h] epoch=26 step=350 total=0.05145 batch=0.04972
2026-05-16 19:27:30,290 INFO CSMF2.step_1_1_1.run :: [lat] epoch=26 step=350 mean_l2=0.03477 std_l2=0.02614
2026-05-16 19:27:30,326 INFO CSMF2.step_1_1_1.run :: epoch=26 step=350/429 train_nll=-3603.741
2026-05-16 19:27:37,978 INFO CSMF2.step_1_1_1.run :: [h] epoch=26 step=400 total=0.05123 batch=0.04627
2026-05-16 19:27:37,979 INFO CSMF2.step_1_1_1.run :: [lat] epoch=26 step=400 mean_l2=0.05935 std_l2=0.03246
2026-05-16 19:27:38,015 INFO CSMF2.step_1_1_1.run :: epoch=26 step=400/429 train_nll=-3595.758
2026-05-16 19:27:45,610 INFO CSMF2.step_1_1_1.run :: epoch=26  train_nll=-3590.807  val_nll=-3553.607  t=67.0s
2026-05-16 19:27:45,611 INFO CSMF2.step_1_1_1.run :: [glow] film_gain mean=0.2544 min=0.2418 max=0.2683
2026-05-16 19:27:45,611 INFO CSMF2.step_1_1_1.run :: [shuffle] gap_mean=18.175 hinge=0.0000 lambda=1.000 margin=0.50
2026-05-16 19:27:45,611 INFO CSMF2.step_1_1_1.run :: [h_std] total=0.05070 batch=0.04934 penalty=0.00108 target=0.0500 mu=10.000
2026-05-16 19:27:45,611 INFO CSMF2.step_1_1_1.run :: [lat_epoch] mean_l2=0.03934 std_l2=0.03397 (no penalty)
2026-05-16 19:27:45,611 INFO CSMF2.step_1_1_1.run :: [y_resid] alpha=0.1317
2026-05-16 19:27:45,611 INFO CSMF2.step_1_1_1.run :: [grad] cond=77.0552 film_gain=1895.1044
2026-05-16 19:28:01,374 INFO CSMF2.step_1_1_1.run :: [h] epoch=27 step=50 total=0.03854 batch=0.03739
2026-05-16 19:28:01,374 INFO CSMF2.step_1_1_1.run :: [lat] epoch=27 step=50 mean_l2=0.03496 std_l2=0.02694
2026-05-16 19:28:01,411 INFO CSMF2.step_1_1_1.run :: epoch=27 step=50/429 train_nll=-3595.790
2026-05-16 19:28:08,638 INFO CSMF2.step_1_1_1.run :: [h] epoch=27 step=100 total=0.03928 batch=0.03812
2026-05-16 19:28:08,639 INFO CSMF2.step_1_1_1.run :: [lat] epoch=27 step=100 mean_l2=0.02559 std_l2=0.02178
2026-05-16 19:28:08,675 INFO CSMF2.step_1_1_1.run :: epoch=27 step=100/429 train_nll=-3580.826
2026-05-16 19:28:16,105 INFO CSMF2.step_1_1_1.run :: [h] epoch=27 step=150 total=0.04092 batch=0.03982
2026-05-16 19:28:16,106 INFO CSMF2.step_1_1_1.run :: [lat] epoch=27 step=150 mean_l2=0.03339 std_l2=0.02517
2026-05-16 19:28:16,142 INFO CSMF2.step_1_1_1.run :: epoch=27 step=150/429 train_nll=-3588.359
2026-05-16 19:28:23,360 INFO CSMF2.step_1_1_1.run :: [h] epoch=27 step=200 total=0.04149 batch=0.04047
2026-05-16 19:28:23,361 INFO CSMF2.step_1_1_1.run :: [lat] epoch=27 step=200 mean_l2=0.04891 std_l2=0.27779
2026-05-16 19:28:23,397 INFO CSMF2.step_1_1_1.run :: epoch=27 step=200/429 train_nll=-3591.745
2026-05-16 19:28:31,277 INFO CSMF2.step_1_1_1.run :: [h] epoch=27 step=250 total=0.04236 batch=0.04171
2026-05-16 19:28:31,277 INFO CSMF2.step_1_1_1.run :: [lat] epoch=27 step=250 mean_l2=0.02237 std_l2=0.02035
2026-05-16 19:28:31,313 INFO CSMF2.step_1_1_1.run :: epoch=27 step=250/429 train_nll=-3590.282
2026-05-16 19:28:38,683 INFO CSMF2.step_1_1_1.run :: [h] epoch=27 step=300 total=0.04090 batch=0.04000
2026-05-16 19:28:38,684 INFO CSMF2.step_1_1_1.run :: [lat] epoch=27 step=300 mean_l2=0.05275 std_l2=0.02356
2026-05-16 19:28:38,720 INFO CSMF2.step_1_1_1.run :: epoch=27 step=300/429 train_nll=-3590.550
2026-05-16 19:28:46,115 INFO CSMF2.step_1_1_1.run :: [h] epoch=27 step=350 total=0.04319 batch=0.04240
2026-05-16 19:28:46,116 INFO CSMF2.step_1_1_1.run :: [lat] epoch=27 step=350 mean_l2=0.02483 std_l2=0.02003
2026-05-16 19:28:46,152 INFO CSMF2.step_1_1_1.run :: epoch=27 step=350/429 train_nll=-3590.715
2026-05-16 19:28:53,556 INFO CSMF2.step_1_1_1.run :: [h] epoch=27 step=400 total=0.04452 batch=0.04362
2026-05-16 19:28:53,557 INFO CSMF2.step_1_1_1.run :: [lat] epoch=27 step=400 mean_l2=0.03427 std_l2=0.04554
2026-05-16 19:28:53,593 INFO CSMF2.step_1_1_1.run :: epoch=27 step=400/429 train_nll=-3591.773
2026-05-16 19:29:01,234 INFO CSMF2.step_1_1_1.run :: epoch=27  train_nll=-3593.522  val_nll=-3613.605  t=67.4s
2026-05-16 19:29:01,234 INFO CSMF2.step_1_1_1.run :: [glow] film_gain mean=0.2544 min=0.2384 max=0.2678
2026-05-16 19:29:01,234 INFO CSMF2.step_1_1_1.run :: [shuffle] gap_mean=18.105 hinge=0.0000 lambda=1.000 margin=0.50
2026-05-16 19:29:01,234 INFO CSMF2.step_1_1_1.run :: [h_std] total=0.04120 batch=0.04013 penalty=0.00987 target=0.0500 mu=10.000
2026-05-16 19:29:01,235 INFO CSMF2.step_1_1_1.run :: [lat_epoch] mean_l2=0.03477 std_l2=0.03694 (no penalty)
2026-05-16 19:29:01,235 INFO CSMF2.step_1_1_1.run :: [y_resid] alpha=0.1378
2026-05-16 19:29:01,235 INFO CSMF2.step_1_1_1.run :: [grad] cond=12.1800 film_gain=697.0113
2026-05-16 19:29:16,850 INFO CSMF2.step_1_1_1.run :: [h] epoch=28 step=50 total=0.05397 batch=0.04465
2026-05-16 19:29:16,851 INFO CSMF2.step_1_1_1.run :: [lat] epoch=28 step=50 mean_l2=0.03001 std_l2=0.02576
2026-05-16 19:29:16,887 INFO CSMF2.step_1_1_1.run :: epoch=28 step=50/429 train_nll=-3556.186
2026-05-16 19:29:24,171 INFO CSMF2.step_1_1_1.run :: [h] epoch=28 step=100 total=0.04426 batch=0.04232
2026-05-16 19:29:24,171 INFO CSMF2.step_1_1_1.run :: [lat] epoch=28 step=100 mean_l2=0.02573 std_l2=0.01742
2026-05-16 19:29:24,208 INFO CSMF2.step_1_1_1.run :: epoch=28 step=100/429 train_nll=-3570.770
2026-05-16 19:29:31,653 INFO CSMF2.step_1_1_1.run :: [h] epoch=28 step=150 total=0.04497 batch=0.04295
2026-05-16 19:29:31,653 INFO CSMF2.step_1_1_1.run :: [lat] epoch=28 step=150 mean_l2=0.03803 std_l2=0.01932
2026-05-16 19:29:31,689 INFO CSMF2.step_1_1_1.run :: epoch=28 step=150/429 train_nll=-3585.211
2026-05-16 19:29:39,115 INFO CSMF2.step_1_1_1.run :: [h] epoch=28 step=200 total=0.04446 batch=0.04265
2026-05-16 19:29:39,115 INFO CSMF2.step_1_1_1.run :: [lat] epoch=28 step=200 mean_l2=0.04946 std_l2=0.02283
2026-05-16 19:29:39,151 INFO CSMF2.step_1_1_1.run :: epoch=28 step=200/429 train_nll=-3593.364
2026-05-16 19:29:46,612 INFO CSMF2.step_1_1_1.run :: [h] epoch=28 step=250 total=0.04430 batch=0.04352
2026-05-16 19:29:46,613 INFO CSMF2.step_1_1_1.run :: [lat] epoch=28 step=250 mean_l2=0.03097 std_l2=0.04188
2026-05-16 19:29:46,649 INFO CSMF2.step_1_1_1.run :: epoch=28 step=250/429 train_nll=-3594.336
2026-05-16 19:29:54,012 INFO CSMF2.step_1_1_1.run :: [h] epoch=28 step=300 total=0.04445 batch=0.04366
2026-05-16 19:29:54,012 INFO CSMF2.step_1_1_1.run :: [lat] epoch=28 step=300 mean_l2=0.02303 std_l2=0.02176
2026-05-16 19:29:54,048 INFO CSMF2.step_1_1_1.run :: epoch=28 step=300/429 train_nll=-3593.412
2026-05-16 19:30:01,245 INFO CSMF2.step_1_1_1.run :: [h] epoch=28 step=350 total=0.04271 batch=0.04225
2026-05-16 19:30:01,246 INFO CSMF2.step_1_1_1.run :: [lat] epoch=28 step=350 mean_l2=0.02836 std_l2=0.02137
2026-05-16 19:30:01,282 INFO CSMF2.step_1_1_1.run :: epoch=28 step=350/429 train_nll=-3592.415
2026-05-16 19:30:08,686 INFO CSMF2.step_1_1_1.run :: [h] epoch=28 step=400 total=0.04516 batch=0.04385
2026-05-16 19:30:08,687 INFO CSMF2.step_1_1_1.run :: [lat] epoch=28 step=400 mean_l2=0.02969 std_l2=0.03273
2026-05-16 19:30:08,723 INFO CSMF2.step_1_1_1.run :: epoch=28 step=400/429 train_nll=-3592.881
2026-05-16 19:30:16,289 INFO CSMF2.step_1_1_1.run :: epoch=28  train_nll=-3593.390  val_nll=-3622.030  t=66.8s
2026-05-16 19:30:16,289 INFO CSMF2.step_1_1_1.run :: [glow] film_gain mean=0.2515 min=0.2323 max=0.2676
2026-05-16 19:30:16,290 INFO CSMF2.step_1_1_1.run :: [shuffle] gap_mean=16.736 hinge=0.1152 lambda=1.000 margin=0.50
2026-05-16 19:30:16,290 INFO CSMF2.step_1_1_1.run :: [h_std] total=0.04512 batch=0.04356 penalty=0.00644 target=0.0500 mu=10.000
2026-05-16 19:30:16,290 INFO CSMF2.step_1_1_1.run :: [lat_epoch] mean_l2=0.03445 std_l2=0.03294 (no penalty)
2026-05-16 19:30:16,290 INFO CSMF2.step_1_1_1.run :: [y_resid] alpha=0.1394
2026-05-16 19:30:16,290 INFO CSMF2.step_1_1_1.run :: [grad] cond=42.4831 film_gain=1353.3294
2026-05-16 19:30:31,859 INFO CSMF2.step_1_1_1.run :: [h] epoch=29 step=50 total=0.04450 batch=0.04387
2026-05-16 19:30:31,859 INFO CSMF2.step_1_1_1.run :: [lat] epoch=29 step=50 mean_l2=0.03872 std_l2=0.03092
2026-05-16 19:30:31,895 INFO CSMF2.step_1_1_1.run :: epoch=29 step=50/429 train_nll=-3603.211
2026-05-16 19:30:39,259 INFO CSMF2.step_1_1_1.run :: [h] epoch=29 step=100 total=0.04500 batch=0.04425
2026-05-16 19:30:39,259 INFO CSMF2.step_1_1_1.run :: [lat] epoch=29 step=100 mean_l2=0.02810 std_l2=0.02155
2026-05-16 19:30:39,295 INFO CSMF2.step_1_1_1.run :: epoch=29 step=100/429 train_nll=-3602.410
2026-05-16 19:30:46,684 INFO CSMF2.step_1_1_1.run :: [h] epoch=29 step=150 total=0.04731 batch=0.04659
2026-05-16 19:30:46,685 INFO CSMF2.step_1_1_1.run :: [lat] epoch=29 step=150 mean_l2=0.02751 std_l2=0.02129
2026-05-16 19:30:46,721 INFO CSMF2.step_1_1_1.run :: epoch=29 step=150/429 train_nll=-3604.543
2026-05-16 19:30:53,974 INFO CSMF2.step_1_1_1.run :: [h] epoch=29 step=200 total=0.04796 batch=0.04705
2026-05-16 19:30:53,975 INFO CSMF2.step_1_1_1.run :: [lat] epoch=29 step=200 mean_l2=0.03411 std_l2=0.03026
2026-05-16 19:30:54,011 INFO CSMF2.step_1_1_1.run :: epoch=29 step=200/429 train_nll=-3593.521
2026-05-16 19:31:01,486 INFO CSMF2.step_1_1_1.run :: [h] epoch=29 step=250 total=0.04586 batch=0.04539
2026-05-16 19:31:01,486 INFO CSMF2.step_1_1_1.run :: [lat] epoch=29 step=250 mean_l2=0.03771 std_l2=0.03160
2026-05-16 19:31:01,522 INFO CSMF2.step_1_1_1.run :: epoch=29 step=250/429 train_nll=-3590.041
2026-05-16 19:31:09,003 INFO CSMF2.step_1_1_1.run :: [h] epoch=29 step=300 total=0.04718 batch=0.04672
2026-05-16 19:31:09,004 INFO CSMF2.step_1_1_1.run :: [lat] epoch=29 step=300 mean_l2=0.02110 std_l2=0.02035
2026-05-16 19:31:09,040 INFO CSMF2.step_1_1_1.run :: epoch=29 step=300/429 train_nll=-3592.735
2026-05-16 19:31:16,485 INFO CSMF2.step_1_1_1.run :: [h] epoch=29 step=350 total=0.04891 batch=0.04846
2026-05-16 19:31:16,486 INFO CSMF2.step_1_1_1.run :: [lat] epoch=29 step=350 mean_l2=0.03717 std_l2=0.04042
2026-05-16 19:31:16,522 INFO CSMF2.step_1_1_1.run :: epoch=29 step=350/429 train_nll=-3593.726
2026-05-16 19:31:23,966 INFO CSMF2.step_1_1_1.run :: [h] epoch=29 step=400 total=0.04595 batch=0.04500
2026-05-16 19:31:23,966 INFO CSMF2.step_1_1_1.run :: [lat] epoch=29 step=400 mean_l2=0.04110 std_l2=0.04869
2026-05-16 19:31:24,003 INFO CSMF2.step_1_1_1.run :: epoch=29 step=400/429 train_nll=-3593.649
2026-05-16 19:31:31,324 INFO CSMF2.step_1_1_1.run :: epoch=29  train_nll=-3593.797  val_nll=-3623.347  t=66.8s
2026-05-16 19:31:31,325 INFO CSMF2.step_1_1_1.run :: [glow] film_gain mean=0.2496 min=0.2288 max=0.2666
2026-05-16 19:31:31,325 INFO CSMF2.step_1_1_1.run :: [shuffle] gap_mean=18.943 hinge=0.0000 lambda=1.000 margin=0.50
2026-05-16 19:31:31,325 INFO CSMF2.step_1_1_1.run :: [h_std] total=0.04669 batch=0.04597 penalty=0.00403 target=0.0500 mu=10.000
2026-05-16 19:31:31,325 INFO CSMF2.step_1_1_1.run :: [lat_epoch] mean_l2=0.03547 std_l2=0.03128 (no penalty)
2026-05-16 19:31:31,325 INFO CSMF2.step_1_1_1.run :: [y_resid] alpha=0.1434
2026-05-16 19:31:31,325 INFO CSMF2.step_1_1_1.run :: [grad] cond=11.2832 film_gain=1043.7372
2026-05-16 19:31:46,827 INFO CSMF2.step_1_1_1.run :: [h] epoch=30 step=50 total=0.04832 batch=0.04757
2026-05-16 19:31:46,828 INFO CSMF2.step_1_1_1.run :: [lat] epoch=30 step=50 mean_l2=0.04484 std_l2=0.03411
2026-05-16 19:31:46,864 INFO CSMF2.step_1_1_1.run :: epoch=30 step=50/429 train_nll=-3614.431
2026-05-16 19:31:54,330 INFO CSMF2.step_1_1_1.run :: [h] epoch=30 step=100 total=0.04978 batch=0.04889
2026-05-16 19:31:54,331 INFO CSMF2.step_1_1_1.run :: [lat] epoch=30 step=100 mean_l2=0.03105 std_l2=0.03535
2026-05-16 19:31:54,367 INFO CSMF2.step_1_1_1.run :: epoch=30 step=100/429 train_nll=-3602.926
2026-05-16 19:32:01,793 INFO CSMF2.step_1_1_1.run :: [h] epoch=30 step=150 total=0.04746 batch=0.04672
2026-05-16 19:32:01,793 INFO CSMF2.step_1_1_1.run :: [lat] epoch=30 step=150 mean_l2=0.02812 std_l2=0.02234
2026-05-16 19:32:01,829 INFO CSMF2.step_1_1_1.run :: epoch=30 step=150/429 train_nll=-3603.273
2026-05-16 19:32:09,331 INFO CSMF2.step_1_1_1.run :: [h] epoch=30 step=200 total=0.04721 batch=0.04641
2026-05-16 19:32:09,332 INFO CSMF2.step_1_1_1.run :: [lat] epoch=30 step=200 mean_l2=0.01937 std_l2=0.02111
2026-05-16 19:32:09,368 INFO CSMF2.step_1_1_1.run :: epoch=30 step=200/429 train_nll=-3608.728
2026-05-16 19:32:16,630 INFO CSMF2.step_1_1_1.run :: [h] epoch=30 step=250 total=0.04759 batch=0.04677
2026-05-16 19:32:16,631 INFO CSMF2.step_1_1_1.run :: [lat] epoch=30 step=250 mean_l2=0.02864 std_l2=0.02065
2026-05-16 19:32:16,667 INFO CSMF2.step_1_1_1.run :: epoch=30 step=250/429 train_nll=-3612.917
2026-05-16 19:32:24,152 INFO CSMF2.step_1_1_1.run :: [h] epoch=30 step=300 total=0.04966 batch=0.04907
2026-05-16 19:32:24,153 INFO CSMF2.step_1_1_1.run :: [lat] epoch=30 step=300 mean_l2=0.02580 std_l2=0.02802
2026-05-16 19:32:24,189 INFO CSMF2.step_1_1_1.run :: epoch=30 step=300/429 train_nll=-3614.071
2026-05-16 19:32:31,503 INFO CSMF2.step_1_1_1.run :: [h] epoch=30 step=350 total=0.04915 batch=0.04864
2026-05-16 19:32:31,504 INFO CSMF2.step_1_1_1.run :: [lat] epoch=30 step=350 mean_l2=0.04320 std_l2=0.02629
2026-05-16 19:32:31,540 INFO CSMF2.step_1_1_1.run :: epoch=30 step=350/429 train_nll=-3614.648
2026-05-16 19:32:38,703 INFO CSMF2.step_1_1_1.run :: [h] epoch=30 step=400 total=0.05211 batch=0.05149
2026-05-16 19:32:38,703 INFO CSMF2.step_1_1_1.run :: [lat] epoch=30 step=400 mean_l2=0.02943 std_l2=0.02097
2026-05-16 19:32:38,740 INFO CSMF2.step_1_1_1.run :: epoch=30 step=400/429 train_nll=-3613.575
2026-05-16 19:32:46,044 INFO CSMF2.step_1_1_1.run :: epoch=30  train_nll=-3614.077  val_nll=-3629.419  t=66.5s
2026-05-16 19:32:46,044 INFO CSMF2.step_1_1_1.run :: [glow] film_gain mean=0.2490 min=0.2266 max=0.2665
2026-05-16 19:32:46,044 INFO CSMF2.step_1_1_1.run :: [shuffle] gap_mean=20.162 hinge=0.0000 lambda=1.000 margin=0.50
2026-05-16 19:32:46,044 INFO CSMF2.step_1_1_1.run :: [h_std] total=0.04886 batch=0.04813 penalty=0.00192 target=0.0500 mu=10.000
2026-05-16 19:32:46,044 INFO CSMF2.step_1_1_1.run :: [lat_epoch] mean_l2=0.03149 std_l2=0.02433 (no penalty)
2026-05-16 19:32:46,044 INFO CSMF2.step_1_1_1.run :: [y_resid] alpha=0.1468
2026-05-16 19:32:46,044 INFO CSMF2.step_1_1_1.run :: [grad] cond=8.8972 film_gain=816.4893
2026-05-16 19:33:01,500 INFO CSMF2.step_1_1_1.run :: [h] epoch=31 step=50 total=0.05151 batch=0.05084
2026-05-16 19:33:01,501 INFO CSMF2.step_1_1_1.run :: [lat] epoch=31 step=50 mean_l2=0.03130 std_l2=0.02853
2026-05-16 19:33:01,537 INFO CSMF2.step_1_1_1.run :: epoch=31 step=50/429 train_nll=-3604.840
2026-05-16 19:33:08,720 INFO CSMF2.step_1_1_1.run :: [h] epoch=31 step=100 total=0.04925 batch=0.04840
2026-05-16 19:33:08,720 INFO CSMF2.step_1_1_1.run :: [lat] epoch=31 step=100 mean_l2=0.02586 std_l2=0.03019
2026-05-16 19:33:08,757 INFO CSMF2.step_1_1_1.run :: epoch=31 step=100/429 train_nll=-3610.454
2026-05-16 19:33:16,030 INFO CSMF2.step_1_1_1.run :: [h] epoch=31 step=150 total=0.04846 batch=0.04797
2026-05-16 19:33:16,031 INFO CSMF2.step_1_1_1.run :: [lat] epoch=31 step=150 mean_l2=0.02741 std_l2=0.02999
2026-05-16 19:33:16,067 INFO CSMF2.step_1_1_1.run :: epoch=31 step=150/429 train_nll=-3614.154
2026-05-16 19:33:23,520 INFO CSMF2.step_1_1_1.run :: [h] epoch=31 step=200 total=0.05061 batch=0.05030
2026-05-16 19:33:23,520 INFO CSMF2.step_1_1_1.run :: [lat] epoch=31 step=200 mean_l2=0.02582 std_l2=0.02844
2026-05-16 19:33:23,556 INFO CSMF2.step_1_1_1.run :: epoch=31 step=200/429 train_nll=-3615.013
2026-05-16 19:33:30,976 INFO CSMF2.step_1_1_1.run :: [h] epoch=31 step=250 total=0.04830 batch=0.04757
2026-05-16 19:33:30,977 INFO CSMF2.step_1_1_1.run :: [lat] epoch=31 step=250 mean_l2=0.02989 std_l2=0.03024
2026-05-16 19:33:31,013 INFO CSMF2.step_1_1_1.run :: epoch=31 step=250/429 train_nll=-3612.914
2026-05-16 19:33:38,492 INFO CSMF2.step_1_1_1.run :: [h] epoch=31 step=300 total=0.04955 batch=0.04865
2026-05-16 19:33:38,493 INFO CSMF2.step_1_1_1.run :: [lat] epoch=31 step=300 mean_l2=0.02733 std_l2=0.02620
2026-05-16 19:33:38,529 INFO CSMF2.step_1_1_1.run :: epoch=31 step=300/429 train_nll=-3611.619
2026-05-16 19:33:46,017 INFO CSMF2.step_1_1_1.run :: [h] epoch=31 step=350 total=0.05123 batch=0.05025
2026-05-16 19:33:46,018 INFO CSMF2.step_1_1_1.run :: [lat] epoch=31 step=350 mean_l2=0.03156 std_l2=0.02378
2026-05-16 19:33:46,054 INFO CSMF2.step_1_1_1.run :: epoch=31 step=350/429 train_nll=-3607.606
2026-05-16 19:33:53,395 INFO CSMF2.step_1_1_1.run :: [h] epoch=31 step=400 total=0.04858 batch=0.04827
2026-05-16 19:33:53,395 INFO CSMF2.step_1_1_1.run :: [lat] epoch=31 step=400 mean_l2=0.03530 std_l2=0.04482
2026-05-16 19:33:53,431 INFO CSMF2.step_1_1_1.run :: epoch=31 step=400/429 train_nll=-3606.878
2026-05-16 19:34:01,158 INFO CSMF2.step_1_1_1.run :: epoch=31  train_nll=-3606.869  val_nll=-3593.909  t=66.9s
2026-05-16 19:34:01,158 INFO CSMF2.step_1_1_1.run :: [glow] film_gain mean=0.2470 min=0.2215 max=0.2657
2026-05-16 19:34:01,158 INFO CSMF2.step_1_1_1.run :: [shuffle] gap_mean=20.727 hinge=0.0000 lambda=1.000 margin=0.50
2026-05-16 19:34:01,158 INFO CSMF2.step_1_1_1.run :: [h_std] total=0.05010 batch=0.04940 penalty=0.00086 target=0.0500 mu=10.000
2026-05-16 19:34:01,158 INFO CSMF2.step_1_1_1.run :: [lat_epoch] mean_l2=0.03299 std_l2=0.02920 (no penalty)
2026-05-16 19:34:01,158 INFO CSMF2.step_1_1_1.run :: [y_resid] alpha=0.1460
2026-05-16 19:34:01,158 INFO CSMF2.step_1_1_1.run :: [grad] cond=158.8907 film_gain=1955.1988
2026-05-16 19:34:16,767 INFO CSMF2.step_1_1_1.run :: [h] epoch=32 step=50 total=0.05094 batch=0.05016
2026-05-16 19:34:16,768 INFO CSMF2.step_1_1_1.run :: [lat] epoch=32 step=50 mean_l2=0.02203 std_l2=0.02162
2026-05-16 19:34:16,804 INFO CSMF2.step_1_1_1.run :: epoch=32 step=50/429 train_nll=-3616.454
2026-05-16 19:34:24,090 INFO CSMF2.step_1_1_1.run :: [h] epoch=32 step=100 total=0.05059 batch=0.05021
2026-05-16 19:34:24,090 INFO CSMF2.step_1_1_1.run :: [lat] epoch=32 step=100 mean_l2=0.02676 std_l2=0.02026
2026-05-16 19:34:24,127 INFO CSMF2.step_1_1_1.run :: epoch=32 step=100/429 train_nll=-3617.778
2026-05-16 19:34:31,551 INFO CSMF2.step_1_1_1.run :: [h] epoch=32 step=150 total=0.05042 batch=0.04985
2026-05-16 19:34:31,552 INFO CSMF2.step_1_1_1.run :: [lat] epoch=32 step=150 mean_l2=0.02289 std_l2=0.02155
2026-05-16 19:34:31,588 INFO CSMF2.step_1_1_1.run :: epoch=32 step=150/429 train_nll=-3614.308
2026-05-16 19:34:38,790 INFO CSMF2.step_1_1_1.run :: [h] epoch=32 step=200 total=0.04946 batch=0.04903
2026-05-16 19:34:38,791 INFO CSMF2.step_1_1_1.run :: [lat] epoch=32 step=200 mean_l2=0.02798 std_l2=0.02195
2026-05-16 19:34:38,827 INFO CSMF2.step_1_1_1.run :: epoch=32 step=200/429 train_nll=-3609.583
2026-05-16 19:34:46,122 INFO CSMF2.step_1_1_1.run :: [h] epoch=32 step=250 total=0.04934 batch=0.04806
2026-05-16 19:34:46,122 INFO CSMF2.step_1_1_1.run :: [lat] epoch=32 step=250 mean_l2=0.03481 std_l2=0.05195
2026-05-16 19:34:46,158 INFO CSMF2.step_1_1_1.run :: epoch=32 step=250/429 train_nll=-3610.085
2026-05-16 19:34:53,416 INFO CSMF2.step_1_1_1.run :: [h] epoch=32 step=300 total=0.04899 batch=0.04815
2026-05-16 19:34:53,417 INFO CSMF2.step_1_1_1.run :: [lat] epoch=32 step=300 mean_l2=0.03016 std_l2=24.07795
2026-05-16 19:34:53,453 INFO CSMF2.step_1_1_1.run :: epoch=32 step=300/429 train_nll=-3608.264
2026-05-16 19:35:00,717 INFO CSMF2.step_1_1_1.run :: [h] epoch=32 step=350 total=0.03394 batch=0.03254
2026-05-16 19:35:00,718 INFO CSMF2.step_1_1_1.run :: [lat] epoch=32 step=350 mean_l2=0.05067 std_l2=0.03424
2026-05-16 19:35:00,754 INFO CSMF2.step_1_1_1.run :: epoch=32 step=350/429 train_nll=-3588.782
2026-05-16 19:35:08,054 INFO CSMF2.step_1_1_1.run :: [h] epoch=32 step=400 total=0.03514 batch=0.03405
2026-05-16 19:35:08,055 INFO CSMF2.step_1_1_1.run :: [lat] epoch=32 step=400 mean_l2=0.03092 std_l2=0.02082
2026-05-16 19:35:08,091 INFO CSMF2.step_1_1_1.run :: epoch=32 step=400/429 train_nll=-3586.811
2026-05-16 19:35:15,507 INFO CSMF2.step_1_1_1.run :: epoch=32  train_nll=-3586.076  val_nll=-3594.483  t=66.1s
2026-05-16 19:35:15,507 INFO CSMF2.step_1_1_1.run :: [glow] film_gain mean=0.2443 min=0.2147 max=0.2659
2026-05-16 19:35:15,507 INFO CSMF2.step_1_1_1.run :: [shuffle] gap_mean=18.091 hinge=0.0373 lambda=1.000 margin=0.50
2026-05-16 19:35:15,507 INFO CSMF2.step_1_1_1.run :: [h_std] total=0.04604 batch=0.04479 penalty=0.00534 target=0.0500 mu=10.000
2026-05-16 19:35:15,507 INFO CSMF2.step_1_1_1.run :: [lat_epoch] mean_l2=0.03466 std_l2=0.62287 (no penalty)
2026-05-16 19:35:15,507 INFO CSMF2.step_1_1_1.run :: [y_resid] alpha=0.1061
2026-05-16 19:35:15,507 INFO CSMF2.step_1_1_1.run :: [grad] cond=28.8960 film_gain=1086.7325
2026-05-16 19:35:31,179 INFO CSMF2.step_1_1_1.run :: [h] epoch=33 step=50 total=0.03553 batch=0.03467
2026-05-16 19:35:31,180 INFO CSMF2.step_1_1_1.run :: [lat] epoch=33 step=50 mean_l2=0.03929 std_l2=0.02136
2026-05-16 19:35:31,216 INFO CSMF2.step_1_1_1.run :: epoch=33 step=50/429 train_nll=-3590.384
2026-05-16 19:35:38,631 INFO CSMF2.step_1_1_1.run :: [h] epoch=33 step=100 total=0.03762 batch=0.03677
2026-05-16 19:35:38,632 INFO CSMF2.step_1_1_1.run :: [lat] epoch=33 step=100 mean_l2=0.04214 std_l2=0.01945
2026-05-16 19:35:38,668 INFO CSMF2.step_1_1_1.run :: epoch=33 step=100/429 train_nll=-3600.155
2026-05-16 19:35:46,109 INFO CSMF2.step_1_1_1.run :: [h] epoch=33 step=150 total=0.03784 batch=0.03667
2026-05-16 19:35:46,109 INFO CSMF2.step_1_1_1.run :: [lat] epoch=33 step=150 mean_l2=0.02611 std_l2=0.02217
2026-05-16 19:35:46,145 INFO CSMF2.step_1_1_1.run :: epoch=33 step=150/429 train_nll=-3601.230
2026-05-16 19:35:53,449 INFO CSMF2.step_1_1_1.run :: [h] epoch=33 step=200 total=0.03864 batch=0.03774
2026-05-16 19:35:53,449 INFO CSMF2.step_1_1_1.run :: [lat] epoch=33 step=200 mean_l2=0.02295 std_l2=0.03418
2026-05-16 19:35:53,486 INFO CSMF2.step_1_1_1.run :: epoch=33 step=200/429 train_nll=-3601.174
2026-05-16 19:36:00,902 INFO CSMF2.step_1_1_1.run :: [h] epoch=33 step=250 total=0.03879 batch=0.03796
2026-05-16 19:36:00,903 INFO CSMF2.step_1_1_1.run :: [lat] epoch=33 step=250 mean_l2=0.02557 std_l2=0.03076
2026-05-16 19:36:00,939 INFO CSMF2.step_1_1_1.run :: epoch=33 step=250/429 train_nll=-3589.909
2026-05-16 19:36:08,185 INFO CSMF2.step_1_1_1.run :: [h] epoch=33 step=300 total=0.04035 batch=0.03966
2026-05-16 19:36:08,186 INFO CSMF2.step_1_1_1.run :: [lat] epoch=33 step=300 mean_l2=0.02432 std_l2=0.05046
2026-05-16 19:36:08,222 INFO CSMF2.step_1_1_1.run :: epoch=33 step=300/429 train_nll=-3592.131
2026-05-16 19:36:15,560 INFO CSMF2.step_1_1_1.run :: [h] epoch=33 step=350 total=0.04100 batch=0.04043
2026-05-16 19:36:15,560 INFO CSMF2.step_1_1_1.run :: [lat] epoch=33 step=350 mean_l2=0.03157 std_l2=0.02462
2026-05-16 19:36:15,596 INFO CSMF2.step_1_1_1.run :: epoch=33 step=350/429 train_nll=-3591.295
2026-05-16 19:36:22,891 INFO CSMF2.step_1_1_1.run :: [h] epoch=33 step=400 total=0.04140 batch=0.04073
2026-05-16 19:36:22,891 INFO CSMF2.step_1_1_1.run :: [lat] epoch=33 step=400 mean_l2=0.02856 std_l2=0.01907
2026-05-16 19:36:22,927 INFO CSMF2.step_1_1_1.run :: epoch=33 step=400/429 train_nll=-3594.313
2026-05-16 19:36:30,417 INFO CSMF2.step_1_1_1.run :: epoch=33  train_nll=-3596.329  val_nll=-3631.989  t=66.7s
2026-05-16 19:36:30,418 INFO CSMF2.step_1_1_1.run :: [glow] film_gain mean=0.2436 min=0.2142 max=0.2654
2026-05-16 19:36:30,418 INFO CSMF2.step_1_1_1.run :: [shuffle] gap_mean=19.008 hinge=0.0000 lambda=1.000 margin=0.50
2026-05-16 19:36:30,418 INFO CSMF2.step_1_1_1.run :: [h_std] total=0.03880 batch=0.03793 penalty=0.01207 target=0.0500 mu=10.000
2026-05-16 19:36:30,418 INFO CSMF2.step_1_1_1.run :: [lat_epoch] mean_l2=0.03415 std_l2=0.03248 (no penalty)
2026-05-16 19:36:30,418 INFO CSMF2.step_1_1_1.run :: [y_resid] alpha=0.1201
2026-05-16 19:36:30,418 INFO CSMF2.step_1_1_1.run :: [grad] cond=48.1106 film_gain=641.5680
2026-05-16 19:36:46,078 INFO CSMF2.step_1_1_1.run :: [h] epoch=34 step=50 total=0.04177 batch=0.04105
2026-05-16 19:36:46,079 INFO CSMF2.step_1_1_1.run :: [lat] epoch=34 step=50 mean_l2=0.02119 std_l2=0.01780
2026-05-16 19:36:46,115 INFO CSMF2.step_1_1_1.run :: epoch=34 step=50/429 train_nll=-3620.063
2026-05-16 19:36:53,507 INFO CSMF2.step_1_1_1.run :: [h] epoch=34 step=100 total=0.04259 batch=0.04180
2026-05-16 19:36:53,507 INFO CSMF2.step_1_1_1.run :: [lat] epoch=34 step=100 mean_l2=0.03490 std_l2=0.03788
2026-05-16 19:36:53,544 INFO CSMF2.step_1_1_1.run :: epoch=34 step=100/429 train_nll=-3609.874
2026-05-16 19:37:00,907 INFO CSMF2.step_1_1_1.run :: [h] epoch=34 step=150 total=0.04303 batch=0.04225
2026-05-16 19:37:00,907 INFO CSMF2.step_1_1_1.run :: [lat] epoch=34 step=150 mean_l2=0.03304 std_l2=0.02039
2026-05-16 19:37:00,943 INFO CSMF2.step_1_1_1.run :: epoch=34 step=150/429 train_nll=-3609.877
2026-05-16 19:37:08,381 INFO CSMF2.step_1_1_1.run :: [h] epoch=34 step=200 total=0.04313 batch=0.04245
2026-05-16 19:37:08,382 INFO CSMF2.step_1_1_1.run :: [lat] epoch=34 step=200 mean_l2=0.03356 std_l2=0.02838
2026-05-16 19:37:08,418 INFO CSMF2.step_1_1_1.run :: epoch=34 step=200/429 train_nll=-3606.129
2026-05-16 19:37:15,541 INFO CSMF2.step_1_1_1.run :: [h] epoch=34 step=250 total=0.04328 batch=0.04252
2026-05-16 19:37:15,541 INFO CSMF2.step_1_1_1.run :: [lat] epoch=34 step=250 mean_l2=0.03438 std_l2=0.02304
2026-05-16 19:37:15,577 INFO CSMF2.step_1_1_1.run :: epoch=34 step=250/429 train_nll=-3606.652
2026-05-16 19:37:22,764 INFO CSMF2.step_1_1_1.run :: [h] epoch=34 step=300 total=0.04332 batch=0.04270
2026-05-16 19:37:22,764 INFO CSMF2.step_1_1_1.run :: [lat] epoch=34 step=300 mean_l2=0.03037 std_l2=0.02374
2026-05-16 19:37:22,800 INFO CSMF2.step_1_1_1.run :: epoch=34 step=300/429 train_nll=-3609.521
2026-05-16 19:37:30,249 INFO CSMF2.step_1_1_1.run :: [h] epoch=34 step=350 total=0.04495 batch=0.04435
2026-05-16 19:37:30,250 INFO CSMF2.step_1_1_1.run :: [lat] epoch=34 step=350 mean_l2=0.02038 std_l2=0.02729
2026-05-16 19:37:30,286 INFO CSMF2.step_1_1_1.run :: epoch=34 step=350/429 train_nll=-3608.844
2026-05-16 19:37:37,672 INFO CSMF2.step_1_1_1.run :: [h] epoch=34 step=400 total=0.04648 batch=0.04582
2026-05-16 19:37:37,672 INFO CSMF2.step_1_1_1.run :: [lat] epoch=34 step=400 mean_l2=0.03943 std_l2=0.03034
2026-05-16 19:37:37,709 INFO CSMF2.step_1_1_1.run :: epoch=34 step=400/429 train_nll=-3609.713
2026-05-16 19:37:45,065 INFO CSMF2.step_1_1_1.run :: epoch=34  train_nll=-3610.732  val_nll=-3633.838  t=66.4s
2026-05-16 19:37:45,065 INFO CSMF2.step_1_1_1.run :: [glow] film_gain mean=0.2427 min=0.2122 max=0.2651
2026-05-16 19:37:45,065 INFO CSMF2.step_1_1_1.run :: [shuffle] gap_mean=20.996 hinge=0.0000 lambda=1.000 margin=0.50
2026-05-16 19:37:45,065 INFO CSMF2.step_1_1_1.run :: [h_std] total=0.04329 batch=0.04261 penalty=0.00739 target=0.0500 mu=10.000
2026-05-16 19:37:45,065 INFO CSMF2.step_1_1_1.run :: [lat_epoch] mean_l2=0.03205 std_l2=0.02702 (no penalty)
2026-05-16 19:37:45,065 INFO CSMF2.step_1_1_1.run :: [y_resid] alpha=0.1275
2026-05-16 19:37:45,065 INFO CSMF2.step_1_1_1.run :: [grad] cond=11.5250 film_gain=1782.0180
2026-05-16 19:38:00,671 INFO CSMF2.step_1_1_1.run :: [h] epoch=35 step=50 total=0.04388 batch=0.04287
2026-05-16 19:38:00,672 INFO CSMF2.step_1_1_1.run :: [lat] epoch=35 step=50 mean_l2=0.03597 std_l2=0.06069
2026-05-16 19:38:00,708 INFO CSMF2.step_1_1_1.run :: epoch=35 step=50/429 train_nll=-3600.331
2026-05-16 19:38:08,020 INFO CSMF2.step_1_1_1.run :: [h] epoch=35 step=100 total=0.04384 batch=0.04250
2026-05-16 19:38:08,020 INFO CSMF2.step_1_1_1.run :: [lat] epoch=35 step=100 mean_l2=0.02593 std_l2=0.03311
2026-05-16 19:38:08,056 INFO CSMF2.step_1_1_1.run :: epoch=35 step=100/429 train_nll=-3590.801
2026-05-16 19:38:15,245 INFO CSMF2.step_1_1_1.run :: [h] epoch=35 step=150 total=0.04408 batch=0.04363
2026-05-16 19:38:15,245 INFO CSMF2.step_1_1_1.run :: [lat] epoch=35 step=150 mean_l2=0.02618 std_l2=0.02582
2026-05-16 19:38:15,282 INFO CSMF2.step_1_1_1.run :: epoch=35 step=150/429 train_nll=-3592.602
2026-05-16 19:38:22,628 INFO CSMF2.step_1_1_1.run :: [h] epoch=35 step=200 total=0.04412 batch=0.04345
2026-05-16 19:38:22,628 INFO CSMF2.step_1_1_1.run :: [lat] epoch=35 step=200 mean_l2=0.01846 std_l2=0.02361
2026-05-16 19:38:22,664 INFO CSMF2.step_1_1_1.run :: epoch=35 step=200/429 train_nll=-3599.847
2026-05-16 19:38:29,962 INFO CSMF2.step_1_1_1.run :: [h] epoch=35 step=250 total=0.04324 batch=0.04231
2026-05-16 19:38:29,962 INFO CSMF2.step_1_1_1.run :: [lat] epoch=35 step=250 mean_l2=0.02950 std_l2=0.02270
2026-05-16 19:38:29,998 INFO CSMF2.step_1_1_1.run :: epoch=35 step=250/429 train_nll=-3600.284
2026-05-16 19:38:37,467 INFO CSMF2.step_1_1_1.run :: [h] epoch=35 step=300 total=0.04387 batch=0.04322
2026-05-16 19:38:37,468 INFO CSMF2.step_1_1_1.run :: [lat] epoch=35 step=300 mean_l2=0.02506 std_l2=0.02161
2026-05-16 19:38:37,504 INFO CSMF2.step_1_1_1.run :: epoch=35 step=300/429 train_nll=-3600.885
2026-05-16 19:38:45,075 INFO CSMF2.step_1_1_1.run :: [h] epoch=35 step=350 total=0.04534 batch=0.04485
2026-05-16 19:38:45,075 INFO CSMF2.step_1_1_1.run :: [lat] epoch=35 step=350 mean_l2=0.03996 std_l2=0.04007
2026-05-16 19:38:45,112 INFO CSMF2.step_1_1_1.run :: epoch=35 step=350/429 train_nll=-3602.526
2026-05-16 19:38:52,155 INFO CSMF2.step_1_1_1.run :: [h] epoch=35 step=400 total=0.04597 batch=0.04493
2026-05-16 19:38:52,156 INFO CSMF2.step_1_1_1.run :: [lat] epoch=35 step=400 mean_l2=0.03415 std_l2=0.02848
2026-05-16 19:38:52,192 INFO CSMF2.step_1_1_1.run :: epoch=35 step=400/429 train_nll=-3599.443
2026-05-16 19:38:59,478 INFO CSMF2.step_1_1_1.run :: epoch=35  train_nll=-3600.854  val_nll=-3564.398  t=66.2s
2026-05-16 19:38:59,478 INFO CSMF2.step_1_1_1.run :: [glow] film_gain mean=0.2404 min=0.2078 max=0.2641
2026-05-16 19:38:59,478 INFO CSMF2.step_1_1_1.run :: [shuffle] gap_mean=20.497 hinge=0.0000 lambda=1.000 margin=0.50
2026-05-16 19:38:59,478 INFO CSMF2.step_1_1_1.run :: [h_std] total=0.04489 batch=0.04410 penalty=0.00590 target=0.0500 mu=10.000
2026-05-16 19:38:59,478 INFO CSMF2.step_1_1_1.run :: [lat_epoch] mean_l2=0.03395 std_l2=0.03611 (no penalty)
2026-05-16 19:38:59,478 INFO CSMF2.step_1_1_1.run :: [y_resid] alpha=0.1278
2026-05-16 19:38:59,478 INFO CSMF2.step_1_1_1.run :: [grad] cond=67.7570 film_gain=2049.8476
2026-05-16 19:39:15,054 INFO CSMF2.step_1_1_1.run :: [h] epoch=36 step=50 total=0.04592 batch=0.04510
2026-05-16 19:39:15,055 INFO CSMF2.step_1_1_1.run :: [lat] epoch=36 step=50 mean_l2=0.02043 std_l2=0.02571
2026-05-16 19:39:15,091 INFO CSMF2.step_1_1_1.run :: epoch=36 step=50/429 train_nll=-3621.064
2026-05-16 19:39:22,671 INFO CSMF2.step_1_1_1.run :: [h] epoch=36 step=100 total=0.04679 batch=0.04620
2026-05-16 19:39:22,672 INFO CSMF2.step_1_1_1.run :: [lat] epoch=36 step=100 mean_l2=0.05027 std_l2=0.02225
2026-05-16 19:39:22,708 INFO CSMF2.step_1_1_1.run :: epoch=36 step=100/429 train_nll=-3618.803
2026-05-16 19:39:29,941 INFO CSMF2.step_1_1_1.run :: [h] epoch=36 step=150 total=0.04653 batch=0.04584
2026-05-16 19:39:29,942 INFO CSMF2.step_1_1_1.run :: [lat] epoch=36 step=150 mean_l2=0.01975 std_l2=0.02586
2026-05-16 19:39:29,978 INFO CSMF2.step_1_1_1.run :: epoch=36 step=150/429 train_nll=-3614.963
2026-05-16 19:39:37,495 INFO CSMF2.step_1_1_1.run :: [h] epoch=36 step=200 total=0.04597 batch=0.04528
2026-05-16 19:39:37,495 INFO CSMF2.step_1_1_1.run :: [lat] epoch=36 step=200 mean_l2=0.02162 std_l2=0.02173
2026-05-16 19:39:37,531 INFO CSMF2.step_1_1_1.run :: epoch=36 step=200/429 train_nll=-3613.887
2026-05-16 19:39:44,762 INFO CSMF2.step_1_1_1.run :: [h] epoch=36 step=250 total=0.04625 batch=0.04560
2026-05-16 19:39:44,763 INFO CSMF2.step_1_1_1.run :: [lat] epoch=36 step=250 mean_l2=0.02796 std_l2=0.01995
2026-05-16 19:39:44,799 INFO CSMF2.step_1_1_1.run :: epoch=36 step=250/429 train_nll=-3612.244
2026-05-16 19:39:52,101 INFO CSMF2.step_1_1_1.run :: [h] epoch=36 step=300 total=0.05018 batch=0.04963
2026-05-16 19:39:52,102 INFO CSMF2.step_1_1_1.run :: [lat] epoch=36 step=300 mean_l2=0.03027 std_l2=0.02151
2026-05-16 19:39:52,138 INFO CSMF2.step_1_1_1.run :: epoch=36 step=300/429 train_nll=-3612.422
2026-05-16 19:40:00,000 INFO CSMF2.step_1_1_1.run :: [h] epoch=36 step=350 total=0.04641 batch=0.04578
2026-05-16 19:40:00,001 INFO CSMF2.step_1_1_1.run :: [lat] epoch=36 step=350 mean_l2=0.03201 std_l2=0.02174
2026-05-16 19:40:00,037 INFO CSMF2.step_1_1_1.run :: epoch=36 step=350/429 train_nll=-3613.366
2026-05-16 19:40:07,514 INFO CSMF2.step_1_1_1.run :: [h] epoch=36 step=400 total=0.05039 batch=0.04979
2026-05-16 19:40:07,515 INFO CSMF2.step_1_1_1.run :: [lat] epoch=36 step=400 mean_l2=0.05038 std_l2=0.03437
2026-05-16 19:40:07,551 INFO CSMF2.step_1_1_1.run :: epoch=36 step=400/429 train_nll=-3614.916
2026-05-16 19:40:15,015 INFO CSMF2.step_1_1_1.run :: epoch=36  train_nll=-3615.827  val_nll=-3636.195  t=67.3s
2026-05-16 19:40:15,015 INFO CSMF2.step_1_1_1.run :: [glow] film_gain mean=0.2393 min=0.2052 max=0.2640
2026-05-16 19:40:15,015 INFO CSMF2.step_1_1_1.run :: [shuffle] gap_mean=21.377 hinge=0.0000 lambda=1.000 margin=0.50
2026-05-16 19:40:15,015 INFO CSMF2.step_1_1_1.run :: [h_std] total=0.04718 batch=0.04651 penalty=0.00350 target=0.0500 mu=10.000
2026-05-16 19:40:15,015 INFO CSMF2.step_1_1_1.run :: [lat_epoch] mean_l2=0.03141 std_l2=0.02692 (no penalty)
2026-05-16 19:40:15,015 INFO CSMF2.step_1_1_1.run :: [y_resid] alpha=0.1332
2026-05-16 19:40:15,015 INFO CSMF2.step_1_1_1.run :: [grad] cond=63.5367 film_gain=907.3899
2026-05-16 19:40:30,699 INFO CSMF2.step_1_1_1.run :: [h] epoch=37 step=50 total=0.04984 batch=0.04930
2026-05-16 19:40:30,700 INFO CSMF2.step_1_1_1.run :: [lat] epoch=37 step=50 mean_l2=0.03324 std_l2=0.01916
2026-05-16 19:40:30,736 INFO CSMF2.step_1_1_1.run :: epoch=37 step=50/429 train_nll=-3615.606
2026-05-16 19:40:38,131 INFO CSMF2.step_1_1_1.run :: [h] epoch=37 step=100 total=0.04785 batch=0.04726
2026-05-16 19:40:38,132 INFO CSMF2.step_1_1_1.run :: [lat] epoch=37 step=100 mean_l2=0.02397 std_l2=0.01846
2026-05-16 19:40:38,168 INFO CSMF2.step_1_1_1.run :: epoch=37 step=100/429 train_nll=-3610.480
2026-05-16 19:40:45,476 INFO CSMF2.step_1_1_1.run :: [h] epoch=37 step=150 total=0.04947 batch=0.04865
2026-05-16 19:40:45,477 INFO CSMF2.step_1_1_1.run :: [lat] epoch=37 step=150 mean_l2=0.03371 std_l2=0.01679
2026-05-16 19:40:45,513 INFO CSMF2.step_1_1_1.run :: epoch=37 step=150/429 train_nll=-3612.976
2026-05-16 19:40:52,780 INFO CSMF2.step_1_1_1.run :: [h] epoch=37 step=200 total=0.04908 batch=0.04852
2026-05-16 19:40:52,780 INFO CSMF2.step_1_1_1.run :: [lat] epoch=37 step=200 mean_l2=0.02710 std_l2=0.02524
2026-05-16 19:40:52,816 INFO CSMF2.step_1_1_1.run :: epoch=37 step=200/429 train_nll=-3615.784
2026-05-16 19:41:00,093 INFO CSMF2.step_1_1_1.run :: [h] epoch=37 step=250 total=0.04970 batch=0.04897
2026-05-16 19:41:00,094 INFO CSMF2.step_1_1_1.run :: [lat] epoch=37 step=250 mean_l2=0.03413 std_l2=0.02005
2026-05-16 19:41:00,130 INFO CSMF2.step_1_1_1.run :: epoch=37 step=250/429 train_nll=-3612.155
2026-05-16 19:41:07,374 INFO CSMF2.step_1_1_1.run :: [h] epoch=37 step=300 total=0.04894 batch=0.04835
2026-05-16 19:41:07,374 INFO CSMF2.step_1_1_1.run :: [lat] epoch=37 step=300 mean_l2=0.04475 std_l2=0.02548
2026-05-16 19:41:07,411 INFO CSMF2.step_1_1_1.run :: epoch=37 step=300/429 train_nll=-3611.186
2026-05-16 19:41:15,000 INFO CSMF2.step_1_1_1.run :: [h] epoch=37 step=350 total=0.04983 batch=0.04893
2026-05-16 19:41:15,000 INFO CSMF2.step_1_1_1.run :: [lat] epoch=37 step=350 mean_l2=0.02548 std_l2=0.01909
2026-05-16 19:41:15,036 INFO CSMF2.step_1_1_1.run :: epoch=37 step=350/429 train_nll=-3611.130
2026-05-16 19:41:22,720 INFO CSMF2.step_1_1_1.run :: [h] epoch=37 step=400 total=0.05189 batch=0.05145
2026-05-16 19:41:22,721 INFO CSMF2.step_1_1_1.run :: [lat] epoch=37 step=400 mean_l2=0.03043 std_l2=0.03709
2026-05-16 19:41:22,757 INFO CSMF2.step_1_1_1.run :: epoch=37 step=400/429 train_nll=-3611.568
2026-05-16 19:41:30,265 INFO CSMF2.step_1_1_1.run :: epoch=37  train_nll=-3612.416  val_nll=-3635.295  t=67.1s
2026-05-16 19:41:30,266 INFO CSMF2.step_1_1_1.run :: [glow] film_gain mean=0.2374 min=0.2013 max=0.2633
2026-05-16 19:41:30,266 INFO CSMF2.step_1_1_1.run :: [shuffle] gap_mean=22.052 hinge=0.0000 lambda=1.000 margin=0.50
2026-05-16 19:41:30,266 INFO CSMF2.step_1_1_1.run :: [h_std] total=0.04938 batch=0.04870 penalty=0.00138 target=0.0500 mu=10.000
2026-05-16 19:41:30,266 INFO CSMF2.step_1_1_1.run :: [lat_epoch] mean_l2=0.03456 std_l2=0.02799 (no penalty)
2026-05-16 19:41:30,266 INFO CSMF2.step_1_1_1.run :: [y_resid] alpha=0.1358
2026-05-16 19:41:30,266 INFO CSMF2.step_1_1_1.run :: [grad] cond=39.5060 film_gain=1159.9336
2026-05-16 19:41:45,838 INFO CSMF2.step_1_1_1.run :: [h] epoch=38 step=50 total=0.04977 batch=0.04908
2026-05-16 19:41:45,838 INFO CSMF2.step_1_1_1.run :: [lat] epoch=38 step=50 mean_l2=0.03513 std_l2=0.02734
2026-05-16 19:41:45,874 INFO CSMF2.step_1_1_1.run :: epoch=38 step=50/429 train_nll=-3638.526
2026-05-16 19:41:53,162 INFO CSMF2.step_1_1_1.run :: [h] epoch=38 step=100 total=0.05005 batch=0.04925
2026-05-16 19:41:53,163 INFO CSMF2.step_1_1_1.run :: [lat] epoch=38 step=100 mean_l2=0.03494 std_l2=0.05560
2026-05-16 19:41:53,199 INFO CSMF2.step_1_1_1.run :: epoch=38 step=100/429 train_nll=-3620.559
2026-05-16 19:42:00,474 INFO CSMF2.step_1_1_1.run :: [h] epoch=38 step=150 total=0.04963 batch=0.04880
2026-05-16 19:42:00,475 INFO CSMF2.step_1_1_1.run :: [lat] epoch=38 step=150 mean_l2=0.02174 std_l2=0.02220
2026-05-16 19:42:00,511 INFO CSMF2.step_1_1_1.run :: epoch=38 step=150/429 train_nll=-3612.816
2026-05-16 19:42:07,799 INFO CSMF2.step_1_1_1.run :: [h] epoch=38 step=200 total=0.04921 batch=0.04342
2026-05-16 19:42:07,799 INFO CSMF2.step_1_1_1.run :: [lat] epoch=38 step=200 mean_l2=0.04346 std_l2=0.02498
2026-05-16 19:42:07,836 INFO CSMF2.step_1_1_1.run :: epoch=38 step=200/429 train_nll=-3599.310
2026-05-16 19:42:15,446 INFO CSMF2.step_1_1_1.run :: [h] epoch=38 step=250 total=0.04218 batch=0.04082
2026-05-16 19:42:15,447 INFO CSMF2.step_1_1_1.run :: [lat] epoch=38 step=250 mean_l2=0.03304 std_l2=0.02259
2026-05-16 19:42:15,483 INFO CSMF2.step_1_1_1.run :: epoch=38 step=250/429 train_nll=-3600.237
2026-05-16 19:42:22,981 INFO CSMF2.step_1_1_1.run :: [h] epoch=38 step=300 total=0.04439 batch=0.04359
2026-05-16 19:42:22,981 INFO CSMF2.step_1_1_1.run :: [lat] epoch=38 step=300 mean_l2=0.02250 std_l2=0.02924
2026-05-16 19:42:23,018 INFO CSMF2.step_1_1_1.run :: epoch=38 step=300/429 train_nll=-3605.005
2026-05-16 19:42:30,702 INFO CSMF2.step_1_1_1.run :: [h] epoch=38 step=350 total=0.04362 batch=0.04256
2026-05-16 19:42:30,702 INFO CSMF2.step_1_1_1.run :: [lat] epoch=38 step=350 mean_l2=0.01743 std_l2=0.01714
2026-05-16 19:42:30,739 INFO CSMF2.step_1_1_1.run :: epoch=38 step=350/429 train_nll=-3609.206
2026-05-16 19:42:38,329 INFO CSMF2.step_1_1_1.run :: [h] epoch=38 step=400 total=0.04398 batch=0.04332
2026-05-16 19:42:38,329 INFO CSMF2.step_1_1_1.run :: [lat] epoch=38 step=400 mean_l2=0.02583 std_l2=0.02379
2026-05-16 19:42:38,365 INFO CSMF2.step_1_1_1.run :: epoch=38 step=400/429 train_nll=-3611.511
2026-05-16 19:42:46,025 INFO CSMF2.step_1_1_1.run :: epoch=38  train_nll=-3612.468  val_nll=-3536.526  t=67.5s
2026-05-16 19:42:46,025 INFO CSMF2.step_1_1_1.run :: [glow] film_gain mean=0.2336 min=0.1934 max=0.2631
2026-05-16 19:42:46,025 INFO CSMF2.step_1_1_1.run :: [shuffle] gap_mean=20.505 hinge=0.0286 lambda=1.000 margin=0.50
2026-05-16 19:42:46,025 INFO CSMF2.step_1_1_1.run :: [h_std] total=0.04647 batch=0.04528 penalty=0.00481 target=0.0500 mu=10.000
2026-05-16 19:42:46,025 INFO CSMF2.step_1_1_1.run :: [lat_epoch] mean_l2=0.03134 std_l2=0.03274 (no penalty)
2026-05-16 19:42:46,025 INFO CSMF2.step_1_1_1.run :: [y_resid] alpha=0.1209
2026-05-16 19:42:46,025 INFO CSMF2.step_1_1_1.run :: [grad] cond=41.9945 film_gain=3078.2196
2026-05-16 19:43:01,532 INFO CSMF2.step_1_1_1.run :: [h] epoch=39 step=50 total=0.04518 batch=0.04465
2026-05-16 19:43:01,532 INFO CSMF2.step_1_1_1.run :: [lat] epoch=39 step=50 mean_l2=0.03453 std_l2=0.02173
2026-05-16 19:43:01,568 INFO CSMF2.step_1_1_1.run :: epoch=39 step=50/429 train_nll=-3611.948
2026-05-16 19:43:08,720 INFO CSMF2.step_1_1_1.run :: [h] epoch=39 step=100 total=0.04838 batch=0.04712
2026-05-16 19:43:08,721 INFO CSMF2.step_1_1_1.run :: [lat] epoch=39 step=100 mean_l2=0.02028 std_l2=0.03195
2026-05-16 19:43:08,757 INFO CSMF2.step_1_1_1.run :: epoch=39 step=100/429 train_nll=-3609.572
2026-05-16 19:43:15,973 INFO CSMF2.step_1_1_1.run :: [h] epoch=39 step=150 total=0.04637 batch=0.04576
2026-05-16 19:43:15,973 INFO CSMF2.step_1_1_1.run :: [lat] epoch=39 step=150 mean_l2=0.04866 std_l2=0.02411
2026-05-16 19:43:16,010 INFO CSMF2.step_1_1_1.run :: epoch=39 step=150/429 train_nll=-3608.264
2026-05-16 19:43:23,581 INFO CSMF2.step_1_1_1.run :: [h] epoch=39 step=200 total=0.04604 batch=0.04494
2026-05-16 19:43:23,582 INFO CSMF2.step_1_1_1.run :: [lat] epoch=39 step=200 mean_l2=0.02449 std_l2=0.02075
2026-05-16 19:43:23,618 INFO CSMF2.step_1_1_1.run :: epoch=39 step=200/429 train_nll=-3609.418
2026-05-16 19:43:31,292 INFO CSMF2.step_1_1_1.run :: [h] epoch=39 step=250 total=0.04734 batch=0.04675
2026-05-16 19:43:31,293 INFO CSMF2.step_1_1_1.run :: [lat] epoch=39 step=250 mean_l2=0.04064 std_l2=0.02024
2026-05-16 19:43:31,329 INFO CSMF2.step_1_1_1.run :: epoch=39 step=250/429 train_nll=-3610.571
2026-05-16 19:43:38,808 INFO CSMF2.step_1_1_1.run :: [h] epoch=39 step=300 total=0.04971 batch=0.04865
2026-05-16 19:43:38,809 INFO CSMF2.step_1_1_1.run :: [lat] epoch=39 step=300 mean_l2=0.02663 std_l2=0.02602
2026-05-16 19:43:38,845 INFO CSMF2.step_1_1_1.run :: epoch=39 step=300/429 train_nll=-3610.376
2026-05-16 19:43:46,201 INFO CSMF2.step_1_1_1.run :: [h] epoch=39 step=350 total=0.04788 batch=0.04715
2026-05-16 19:43:46,201 INFO CSMF2.step_1_1_1.run :: [lat] epoch=39 step=350 mean_l2=0.02038 std_l2=0.02025
2026-05-16 19:43:46,237 INFO CSMF2.step_1_1_1.run :: epoch=39 step=350/429 train_nll=-3610.324
2026-05-16 19:43:53,764 INFO CSMF2.step_1_1_1.run :: [h] epoch=39 step=400 total=0.04827 batch=0.04742
2026-05-16 19:43:53,764 INFO CSMF2.step_1_1_1.run :: [lat] epoch=39 step=400 mean_l2=0.02747 std_l2=0.02890
2026-05-16 19:43:53,800 INFO CSMF2.step_1_1_1.run :: epoch=39 step=400/429 train_nll=-3611.964
2026-05-16 19:44:01,375 INFO CSMF2.step_1_1_1.run :: epoch=39  train_nll=-3613.619  val_nll=-3642.046  t=67.1s
2026-05-16 19:44:01,375 INFO CSMF2.step_1_1_1.run :: [glow] film_gain mean=0.2327 min=0.1914 max=0.2624
2026-05-16 19:44:01,375 INFO CSMF2.step_1_1_1.run :: [shuffle] gap_mean=21.836 hinge=0.0000 lambda=1.000 margin=0.50
2026-05-16 19:44:01,375 INFO CSMF2.step_1_1_1.run :: [h_std] total=0.04704 batch=0.04632 penalty=0.00368 target=0.0500 mu=10.000
2026-05-16 19:44:01,375 INFO CSMF2.step_1_1_1.run :: [lat_epoch] mean_l2=0.03130 std_l2=0.02887 (no penalty)
2026-05-16 19:44:01,375 INFO CSMF2.step_1_1_1.run :: [y_resid] alpha=0.1283
2026-05-16 19:44:01,375 INFO CSMF2.step_1_1_1.run :: [grad] cond=37.5385 film_gain=695.6370
2026-05-16 19:44:16,816 INFO CSMF2.step_1_1_1.run :: [h] epoch=40 step=50 total=0.05006 batch=0.04960
2026-05-16 19:44:16,817 INFO CSMF2.step_1_1_1.run :: [lat] epoch=40 step=50 mean_l2=0.02168 std_l2=0.02208
2026-05-16 19:44:16,853 INFO CSMF2.step_1_1_1.run :: epoch=40 step=50/429 train_nll=-3603.499
2026-05-16 19:44:24,302 INFO CSMF2.step_1_1_1.run :: [h] epoch=40 step=100 total=0.04995 batch=0.04918
2026-05-16 19:44:24,303 INFO CSMF2.step_1_1_1.run :: [lat] epoch=40 step=100 mean_l2=0.02700 std_l2=0.04589
2026-05-16 19:44:24,339 INFO CSMF2.step_1_1_1.run :: epoch=40 step=100/429 train_nll=-3614.752
2026-05-16 19:44:31,769 INFO CSMF2.step_1_1_1.run :: [h] epoch=40 step=150 total=0.05091 batch=0.05029
2026-05-16 19:44:31,769 INFO CSMF2.step_1_1_1.run :: [lat] epoch=40 step=150 mean_l2=0.02785 std_l2=0.02559
2026-05-16 19:44:31,805 INFO CSMF2.step_1_1_1.run :: epoch=40 step=150/429 train_nll=-3616.870
2026-05-16 19:44:38,856 INFO CSMF2.step_1_1_1.run :: [h] epoch=40 step=200 total=0.04791 batch=0.04737
2026-05-16 19:44:38,857 INFO CSMF2.step_1_1_1.run :: [lat] epoch=40 step=200 mean_l2=0.03882 std_l2=0.02488
2026-05-16 19:44:38,893 INFO CSMF2.step_1_1_1.run :: epoch=40 step=200/429 train_nll=-3616.257
2026-05-16 19:44:46,318 INFO CSMF2.step_1_1_1.run :: [h] epoch=40 step=250 total=0.05002 batch=0.04948
2026-05-16 19:44:46,319 INFO CSMF2.step_1_1_1.run :: [lat] epoch=40 step=250 mean_l2=0.02126 std_l2=0.02002
2026-05-16 19:44:46,355 INFO CSMF2.step_1_1_1.run :: epoch=40 step=250/429 train_nll=-3617.155
2026-05-16 19:44:53,661 INFO CSMF2.step_1_1_1.run :: [h] epoch=40 step=300 total=0.04800 batch=0.04591
2026-05-16 19:44:53,662 INFO CSMF2.step_1_1_1.run :: [lat] epoch=40 step=300 mean_l2=0.04762 std_l2=0.03689
2026-05-16 19:44:53,698 INFO CSMF2.step_1_1_1.run :: epoch=40 step=300/429 train_nll=-3617.399
2026-05-16 19:45:01,109 INFO CSMF2.step_1_1_1.run :: [h] epoch=40 step=350 total=0.05012 batch=0.04953
2026-05-16 19:45:01,109 INFO CSMF2.step_1_1_1.run :: [lat] epoch=40 step=350 mean_l2=0.03483 std_l2=0.02507
2026-05-16 19:45:01,145 INFO CSMF2.step_1_1_1.run :: epoch=40 step=350/429 train_nll=-3615.519
2026-05-16 19:45:08,363 INFO CSMF2.step_1_1_1.run :: [h] epoch=40 step=400 total=0.04965 batch=0.04910
2026-05-16 19:45:08,364 INFO CSMF2.step_1_1_1.run :: [lat] epoch=40 step=400 mean_l2=0.02539 std_l2=0.02169
2026-05-16 19:45:08,400 INFO CSMF2.step_1_1_1.run :: epoch=40 step=400/429 train_nll=-3614.017
2026-05-16 19:45:15,781 INFO CSMF2.step_1_1_1.run :: epoch=40  train_nll=-3614.865  val_nll=-3631.179  t=66.2s
2026-05-16 19:45:15,781 INFO CSMF2.step_1_1_1.run :: [glow] film_gain mean=0.2308 min=0.1867 max=0.2622
2026-05-16 19:45:15,781 INFO CSMF2.step_1_1_1.run :: [shuffle] gap_mean=21.807 hinge=0.0000 lambda=1.000 margin=0.50
2026-05-16 19:45:15,781 INFO CSMF2.step_1_1_1.run :: [h_std] total=0.04945 batch=0.04873 penalty=0.00136 target=0.0500 mu=10.000
2026-05-16 19:45:15,781 INFO CSMF2.step_1_1_1.run :: [lat_epoch] mean_l2=0.03156 std_l2=0.02928 (no penalty)
2026-05-16 19:45:15,781 INFO CSMF2.step_1_1_1.run :: [y_resid] alpha=0.1295
2026-05-16 19:45:15,781 INFO CSMF2.step_1_1_1.run :: [grad] cond=47.9595 film_gain=1051.1287
2026-05-16 19:45:31,053 INFO CSMF2.step_1_1_1.run :: [h] epoch=41 step=50 total=0.04868 batch=0.04809
2026-05-16 19:45:31,054 INFO CSMF2.step_1_1_1.run :: [lat] epoch=41 step=50 mean_l2=0.02494 std_l2=0.02968
2026-05-16 19:45:31,090 INFO CSMF2.step_1_1_1.run :: epoch=41 step=50/429 train_nll=-3617.749
2026-05-16 19:45:38,362 INFO CSMF2.step_1_1_1.run :: [h] epoch=41 step=100 total=0.05160 batch=0.05077
2026-05-16 19:45:38,363 INFO CSMF2.step_1_1_1.run :: [lat] epoch=41 step=100 mean_l2=0.02258 std_l2=0.02673
2026-05-16 19:45:38,399 INFO CSMF2.step_1_1_1.run :: epoch=41 step=100/429 train_nll=-3605.078
2026-05-16 19:45:45,659 INFO CSMF2.step_1_1_1.run :: [h] epoch=41 step=150 total=0.04856 batch=0.04779
2026-05-16 19:45:45,659 INFO CSMF2.step_1_1_1.run :: [lat] epoch=41 step=150 mean_l2=0.02798 std_l2=0.02064
2026-05-16 19:45:45,695 INFO CSMF2.step_1_1_1.run :: epoch=41 step=150/429 train_nll=-3612.249
2026-05-16 19:45:53,100 INFO CSMF2.step_1_1_1.run :: [h] epoch=41 step=200 total=0.04989 batch=0.04884
2026-05-16 19:45:53,101 INFO CSMF2.step_1_1_1.run :: [lat] epoch=41 step=200 mean_l2=0.03511 std_l2=0.03423
2026-05-16 19:45:53,137 INFO CSMF2.step_1_1_1.run :: epoch=41 step=200/429 train_nll=-3618.852
2026-05-16 19:46:00,584 INFO CSMF2.step_1_1_1.run :: [h] epoch=41 step=250 total=0.04965 batch=0.04911
2026-05-16 19:46:00,585 INFO CSMF2.step_1_1_1.run :: [lat] epoch=41 step=250 mean_l2=0.04531 std_l2=0.03090
2026-05-16 19:46:00,621 INFO CSMF2.step_1_1_1.run :: epoch=41 step=250/429 train_nll=-3621.972
2026-05-16 19:46:08,004 INFO CSMF2.step_1_1_1.run :: [h] epoch=41 step=300 total=0.04873 batch=0.04751
2026-05-16 19:46:08,004 INFO CSMF2.step_1_1_1.run :: [lat] epoch=41 step=300 mean_l2=0.03364 std_l2=0.03515
2026-05-16 19:46:08,041 INFO CSMF2.step_1_1_1.run :: epoch=41 step=300/429 train_nll=-3616.110
2026-05-16 19:46:15,604 INFO CSMF2.step_1_1_1.run :: [h] epoch=41 step=350 total=0.05287 batch=0.05151
2026-05-16 19:46:15,605 INFO CSMF2.step_1_1_1.run :: [lat] epoch=41 step=350 mean_l2=0.02803 std_l2=0.02056
2026-05-16 19:46:15,641 INFO CSMF2.step_1_1_1.run :: epoch=41 step=350/429 train_nll=-3611.835
2026-05-16 19:46:23,240 INFO CSMF2.step_1_1_1.run :: [h] epoch=41 step=400 total=0.04749 batch=0.04674
2026-05-16 19:46:23,241 INFO CSMF2.step_1_1_1.run :: [lat] epoch=41 step=400 mean_l2=0.02372 std_l2=0.02204
2026-05-16 19:46:23,277 INFO CSMF2.step_1_1_1.run :: epoch=41 step=400/429 train_nll=-3609.356
2026-05-16 19:46:30,723 INFO CSMF2.step_1_1_1.run :: epoch=41  train_nll=-3611.059  val_nll=-3647.521  t=66.7s
2026-05-16 19:46:30,723 INFO CSMF2.step_1_1_1.run :: [glow] film_gain mean=0.2286 min=0.1810 max=0.2617
2026-05-16 19:46:30,723 INFO CSMF2.step_1_1_1.run :: [shuffle] gap_mean=21.232 hinge=0.0000 lambda=1.000 margin=0.50
2026-05-16 19:46:30,723 INFO CSMF2.step_1_1_1.run :: [h_std] total=0.05021 batch=0.04940 penalty=0.00084 target=0.0500 mu=10.000
2026-05-16 19:46:30,723 INFO CSMF2.step_1_1_1.run :: [lat_epoch] mean_l2=0.03280 std_l2=0.03100 (no penalty)
2026-05-16 19:46:30,723 INFO CSMF2.step_1_1_1.run :: [y_resid] alpha=0.1289
2026-05-16 19:46:30,723 INFO CSMF2.step_1_1_1.run :: [grad] cond=51.6024 film_gain=743.6179
2026-05-16 19:46:46,252 INFO CSMF2.step_1_1_1.run :: [h] epoch=42 step=50 total=0.05010 batch=0.04948
2026-05-16 19:46:46,253 INFO CSMF2.step_1_1_1.run :: [lat] epoch=42 step=50 mean_l2=0.02913 std_l2=0.02066
2026-05-16 19:46:46,289 INFO CSMF2.step_1_1_1.run :: epoch=42 step=50/429 train_nll=-3613.979
2026-05-16 19:46:53,535 INFO CSMF2.step_1_1_1.run :: [h] epoch=42 step=100 total=0.05164 batch=0.05110
2026-05-16 19:46:53,535 INFO CSMF2.step_1_1_1.run :: [lat] epoch=42 step=100 mean_l2=0.02911 std_l2=0.02089
2026-05-16 19:46:53,572 INFO CSMF2.step_1_1_1.run :: epoch=42 step=100/429 train_nll=-3624.357
2026-05-16 19:47:00,975 INFO CSMF2.step_1_1_1.run :: [h] epoch=42 step=150 total=0.04910 batch=0.04847
2026-05-16 19:47:00,976 INFO CSMF2.step_1_1_1.run :: [lat] epoch=42 step=150 mean_l2=0.04515 std_l2=0.02795
2026-05-16 19:47:01,012 INFO CSMF2.step_1_1_1.run :: epoch=42 step=150/429 train_nll=-3627.888
2026-05-16 19:47:08,169 INFO CSMF2.step_1_1_1.run :: [h] epoch=42 step=200 total=0.04900 batch=0.04797
2026-05-16 19:47:08,170 INFO CSMF2.step_1_1_1.run :: [lat] epoch=42 step=200 mean_l2=0.03118 std_l2=0.02011
2026-05-16 19:47:08,206 INFO CSMF2.step_1_1_1.run :: epoch=42 step=200/429 train_nll=-3628.578
2026-05-16 19:47:15,634 INFO CSMF2.step_1_1_1.run :: [h] epoch=42 step=250 total=0.05135 batch=0.05099
2026-05-16 19:47:15,635 INFO CSMF2.step_1_1_1.run :: [lat] epoch=42 step=250 mean_l2=0.03394 std_l2=0.02062
2026-05-16 19:47:15,671 INFO CSMF2.step_1_1_1.run :: epoch=42 step=250/429 train_nll=-3629.478
2026-05-16 19:47:23,067 INFO CSMF2.step_1_1_1.run :: [h] epoch=42 step=300 total=0.05001 batch=0.04881
2026-05-16 19:47:23,068 INFO CSMF2.step_1_1_1.run :: [lat] epoch=42 step=300 mean_l2=0.02474 std_l2=0.02170
2026-05-16 19:47:23,104 INFO CSMF2.step_1_1_1.run :: epoch=42 step=300/429 train_nll=-3628.931
2026-05-16 19:47:30,717 INFO CSMF2.step_1_1_1.run :: [h] epoch=42 step=350 total=0.05056 batch=0.04999
2026-05-16 19:47:30,718 INFO CSMF2.step_1_1_1.run :: [lat] epoch=42 step=350 mean_l2=0.02724 std_l2=0.01920
2026-05-16 19:47:30,754 INFO CSMF2.step_1_1_1.run :: epoch=42 step=350/429 train_nll=-3626.312
2026-05-16 19:47:38,008 INFO CSMF2.step_1_1_1.run :: [h] epoch=42 step=400 total=0.04949 batch=0.04882
2026-05-16 19:47:38,009 INFO CSMF2.step_1_1_1.run :: [lat] epoch=42 step=400 mean_l2=0.02880 std_l2=0.02028
2026-05-16 19:47:38,045 INFO CSMF2.step_1_1_1.run :: epoch=42 step=400/429 train_nll=-3626.889
2026-05-16 19:47:45,721 INFO CSMF2.step_1_1_1.run :: epoch=42  train_nll=-3626.603  val_nll=-3619.621  t=66.8s
2026-05-16 19:47:45,721 INFO CSMF2.step_1_1_1.run :: [glow] film_gain mean=0.2278 min=0.1798 max=0.2618
2026-05-16 19:47:45,721 INFO CSMF2.step_1_1_1.run :: [shuffle] gap_mean=22.729 hinge=0.0000 lambda=1.000 margin=0.50
2026-05-16 19:47:45,721 INFO CSMF2.step_1_1_1.run :: [h_std] total=0.05059 batch=0.04994 penalty=0.00052 target=0.0500 mu=10.000
2026-05-16 19:47:45,721 INFO CSMF2.step_1_1_1.run :: [lat_epoch] mean_l2=0.03095 std_l2=0.02546 (no penalty)
2026-05-16 19:47:45,721 INFO CSMF2.step_1_1_1.run :: [y_resid] alpha=0.1303
2026-05-16 19:47:45,721 INFO CSMF2.step_1_1_1.run :: [grad] cond=117.6828 film_gain=2788.7416
2026-05-16 19:48:01,447 INFO CSMF2.step_1_1_1.run :: [h] epoch=43 step=50 total=0.05084 batch=0.05002
2026-05-16 19:48:01,448 INFO CSMF2.step_1_1_1.run :: [lat] epoch=43 step=50 mean_l2=0.02479 std_l2=0.02407
2026-05-16 19:48:01,484 INFO CSMF2.step_1_1_1.run :: epoch=43 step=50/429 train_nll=-3615.956
2026-05-16 19:48:08,847 INFO CSMF2.step_1_1_1.run :: [h] epoch=43 step=100 total=0.05094 batch=0.05043
2026-05-16 19:48:08,847 INFO CSMF2.step_1_1_1.run :: [lat] epoch=43 step=100 mean_l2=0.03724 std_l2=0.09224
2026-05-16 19:48:08,883 INFO CSMF2.step_1_1_1.run :: epoch=43 step=100/429 train_nll=-3616.341
2026-05-16 19:48:16,271 INFO CSMF2.step_1_1_1.run :: [h] epoch=43 step=150 total=0.04918 batch=0.04845
2026-05-16 19:48:16,271 INFO CSMF2.step_1_1_1.run :: [lat] epoch=43 step=150 mean_l2=0.03066 std_l2=0.02140
2026-05-16 19:48:16,307 INFO CSMF2.step_1_1_1.run :: epoch=43 step=150/429 train_nll=-3610.829
2026-05-16 19:48:23,712 INFO CSMF2.step_1_1_1.run :: [h] epoch=43 step=200 total=0.05110 batch=0.05065
2026-05-16 19:48:23,713 INFO CSMF2.step_1_1_1.run :: [lat] epoch=43 step=200 mean_l2=0.02408 std_l2=0.02261
2026-05-16 19:48:23,749 INFO CSMF2.step_1_1_1.run :: epoch=43 step=200/429 train_nll=-3614.755
2026-05-16 19:48:31,232 INFO CSMF2.step_1_1_1.run :: [h] epoch=43 step=250 total=0.04722 batch=0.04632
2026-05-16 19:48:31,232 INFO CSMF2.step_1_1_1.run :: [lat] epoch=43 step=250 mean_l2=0.01977 std_l2=0.02131
2026-05-16 19:48:31,268 INFO CSMF2.step_1_1_1.run :: epoch=43 step=250/429 train_nll=-3613.643
2026-05-16 19:48:38,683 INFO CSMF2.step_1_1_1.run :: [h] epoch=43 step=300 total=0.04934 batch=0.04834
2026-05-16 19:48:38,683 INFO CSMF2.step_1_1_1.run :: [lat] epoch=43 step=300 mean_l2=0.03465 std_l2=0.02839
2026-05-16 19:48:38,720 INFO CSMF2.step_1_1_1.run :: epoch=43 step=300/429 train_nll=-3613.209
2026-05-16 19:48:46,060 INFO CSMF2.step_1_1_1.run :: [h] epoch=43 step=350 total=0.04944 batch=0.04880
2026-05-16 19:48:46,060 INFO CSMF2.step_1_1_1.run :: [lat] epoch=43 step=350 mean_l2=0.02695 std_l2=0.02827
2026-05-16 19:48:46,097 INFO CSMF2.step_1_1_1.run :: epoch=43 step=350/429 train_nll=-3613.130
2026-05-16 19:48:53,300 INFO CSMF2.step_1_1_1.run :: [h] epoch=43 step=400 total=0.05133 batch=0.05063
2026-05-16 19:48:53,300 INFO CSMF2.step_1_1_1.run :: [lat] epoch=43 step=400 mean_l2=0.02960 std_l2=0.02234
2026-05-16 19:48:53,337 INFO CSMF2.step_1_1_1.run :: epoch=43 step=400/429 train_nll=-3615.285
2026-05-16 19:49:00,868 INFO CSMF2.step_1_1_1.run :: epoch=43  train_nll=-3616.652  val_nll=-3652.184  t=66.9s
2026-05-16 19:49:00,868 INFO CSMF2.step_1_1_1.run :: [glow] film_gain mean=0.2267 min=0.1782 max=0.2608
2026-05-16 19:49:00,868 INFO CSMF2.step_1_1_1.run :: [shuffle] gap_mean=22.589 hinge=0.0000 lambda=1.000 margin=0.50
2026-05-16 19:49:00,868 INFO CSMF2.step_1_1_1.run :: [h_std] total=0.05012 batch=0.04934 penalty=0.00088 target=0.0500 mu=10.000
2026-05-16 19:49:00,868 INFO CSMF2.step_1_1_1.run :: [lat_epoch] mean_l2=0.03241 std_l2=0.03344 (no penalty)
2026-05-16 19:49:00,868 INFO CSMF2.step_1_1_1.run :: [y_resid] alpha=0.1298
2026-05-16 19:49:00,868 INFO CSMF2.step_1_1_1.run :: [grad] cond=43.2958 film_gain=1302.0102
2026-05-16 19:49:16,563 INFO CSMF2.step_1_1_1.run :: [h] epoch=44 step=50 total=0.05061 batch=0.04973
2026-05-16 19:49:16,563 INFO CSMF2.step_1_1_1.run :: [lat] epoch=44 step=50 mean_l2=0.03199 std_l2=0.02423
2026-05-16 19:49:16,600 INFO CSMF2.step_1_1_1.run :: epoch=44 step=50/429 train_nll=-3633.427
2026-05-16 19:49:23,742 INFO CSMF2.step_1_1_1.run :: [h] epoch=44 step=100 total=0.05048 batch=0.04989
2026-05-16 19:49:23,743 INFO CSMF2.step_1_1_1.run :: [lat] epoch=44 step=100 mean_l2=0.02413 std_l2=0.02218
2026-05-16 19:49:23,779 INFO CSMF2.step_1_1_1.run :: epoch=44 step=100/429 train_nll=-3632.351
2026-05-16 19:49:31,168 INFO CSMF2.step_1_1_1.run :: [h] epoch=44 step=150 total=0.05039 batch=0.04981
2026-05-16 19:49:31,169 INFO CSMF2.step_1_1_1.run :: [lat] epoch=44 step=150 mean_l2=0.01808 std_l2=0.03192
2026-05-16 19:49:31,205 INFO CSMF2.step_1_1_1.run :: epoch=44 step=150/429 train_nll=-3630.578
2026-05-16 19:49:38,518 INFO CSMF2.step_1_1_1.run :: [h] epoch=44 step=200 total=0.05126 batch=0.05060
2026-05-16 19:49:38,519 INFO CSMF2.step_1_1_1.run :: [lat] epoch=44 step=200 mean_l2=0.04920 std_l2=0.04078
2026-05-16 19:49:38,555 INFO CSMF2.step_1_1_1.run :: epoch=44 step=200/429 train_nll=-3631.277
2026-05-16 19:49:45,918 INFO CSMF2.step_1_1_1.run :: [h] epoch=44 step=250 total=0.05063 batch=0.04985
2026-05-16 19:49:45,918 INFO CSMF2.step_1_1_1.run :: [lat] epoch=44 step=250 mean_l2=0.02837 std_l2=0.02662
2026-05-16 19:49:45,955 INFO CSMF2.step_1_1_1.run :: epoch=44 step=250/429 train_nll=-3627.601
2026-05-16 19:49:53,349 INFO CSMF2.step_1_1_1.run :: [h] epoch=44 step=300 total=0.05034 batch=0.04967
2026-05-16 19:49:53,349 INFO CSMF2.step_1_1_1.run :: [lat] epoch=44 step=300 mean_l2=0.02323 std_l2=0.01910
2026-05-16 19:49:53,386 INFO CSMF2.step_1_1_1.run :: epoch=44 step=300/429 train_nll=-3625.293
2026-05-16 19:50:00,738 INFO CSMF2.step_1_1_1.run :: [h] epoch=44 step=350 total=0.05093 batch=0.05046
2026-05-16 19:50:00,739 INFO CSMF2.step_1_1_1.run :: [lat] epoch=44 step=350 mean_l2=0.02636 std_l2=0.01803
2026-05-16 19:50:00,775 INFO CSMF2.step_1_1_1.run :: epoch=44 step=350/429 train_nll=-3627.453
2026-05-16 19:50:08,328 INFO CSMF2.step_1_1_1.run :: [h] epoch=44 step=400 total=0.05093 batch=0.05045
2026-05-16 19:50:08,329 INFO CSMF2.step_1_1_1.run :: [lat] epoch=44 step=400 mean_l2=0.02823 std_l2=0.03179
2026-05-16 19:50:08,365 INFO CSMF2.step_1_1_1.run :: epoch=44 step=400/429 train_nll=-3628.787
2026-05-16 19:50:15,956 INFO CSMF2.step_1_1_1.run :: epoch=44  train_nll=-3629.735  val_nll=-3650.016  t=66.8s
2026-05-16 19:50:15,957 INFO CSMF2.step_1_1_1.run :: [glow] film_gain mean=0.2258 min=0.1757 max=0.2607
2026-05-16 19:50:15,957 INFO CSMF2.step_1_1_1.run :: [shuffle] gap_mean=23.510 hinge=0.0000 lambda=1.000 margin=0.50
2026-05-16 19:50:15,957 INFO CSMF2.step_1_1_1.run :: [h_std] total=0.05068 batch=0.05000 penalty=0.00046 target=0.0500 mu=10.000
2026-05-16 19:50:15,957 INFO CSMF2.step_1_1_1.run :: [lat_epoch] mean_l2=0.02901 std_l2=0.02345 (no penalty)
2026-05-16 19:50:15,957 INFO CSMF2.step_1_1_1.run :: [y_resid] alpha=0.1310
2026-05-16 19:50:15,957 INFO CSMF2.step_1_1_1.run :: [grad] cond=6.8886 film_gain=1194.7818
2026-05-16 19:50:31,850 INFO CSMF2.step_1_1_1.run :: [h] epoch=45 step=50 total=0.05124 batch=0.04962
2026-05-16 19:50:31,851 INFO CSMF2.step_1_1_1.run :: [lat] epoch=45 step=50 mean_l2=0.03790 std_l2=0.02256
2026-05-16 19:50:31,887 INFO CSMF2.step_1_1_1.run :: epoch=45 step=50/429 train_nll=-3601.298
2026-05-16 19:50:39,383 INFO CSMF2.step_1_1_1.run :: [h] epoch=45 step=100 total=0.04994 batch=0.04898
2026-05-16 19:50:39,384 INFO CSMF2.step_1_1_1.run :: [lat] epoch=45 step=100 mean_l2=0.04898 std_l2=0.01972
2026-05-16 19:50:39,420 INFO CSMF2.step_1_1_1.run :: epoch=45 step=100/429 train_nll=-3615.293
2026-05-16 19:50:46,934 INFO CSMF2.step_1_1_1.run :: [h] epoch=45 step=150 total=0.05399 batch=0.05214
2026-05-16 19:50:46,934 INFO CSMF2.step_1_1_1.run :: [lat] epoch=45 step=150 mean_l2=0.02933 std_l2=0.03589
2026-05-16 19:50:46,970 INFO CSMF2.step_1_1_1.run :: epoch=45 step=150/429 train_nll=-3606.516
2026-05-16 19:50:54,350 INFO CSMF2.step_1_1_1.run :: [h] epoch=45 step=200 total=0.04944 batch=0.04866
2026-05-16 19:50:54,351 INFO CSMF2.step_1_1_1.run :: [lat] epoch=45 step=200 mean_l2=0.03568 std_l2=0.02453
2026-05-16 19:50:54,387 INFO CSMF2.step_1_1_1.run :: epoch=45 step=200/429 train_nll=-3609.321
2026-05-16 19:51:01,899 INFO CSMF2.step_1_1_1.run :: [h] epoch=45 step=250 total=0.05068 batch=0.04961
2026-05-16 19:51:01,900 INFO CSMF2.step_1_1_1.run :: [lat] epoch=45 step=250 mean_l2=0.03098 std_l2=0.05150
2026-05-16 19:51:01,936 INFO CSMF2.step_1_1_1.run :: epoch=45 step=250/429 train_nll=-3608.678
2026-05-16 19:51:09,366 INFO CSMF2.step_1_1_1.run :: [h] epoch=45 step=300 total=0.04738 batch=0.04603
2026-05-16 19:51:09,367 INFO CSMF2.step_1_1_1.run :: [lat] epoch=45 step=300 mean_l2=0.09059 std_l2=0.06624
2026-05-16 19:51:09,403 INFO CSMF2.step_1_1_1.run :: epoch=45 step=300/429 train_nll=-3605.872
2026-05-16 19:51:16,915 INFO CSMF2.step_1_1_1.run :: [h] epoch=45 step=350 total=0.04741 batch=0.04665
2026-05-16 19:51:16,915 INFO CSMF2.step_1_1_1.run :: [lat] epoch=45 step=350 mean_l2=0.03399 std_l2=0.02397
2026-05-16 19:51:16,951 INFO CSMF2.step_1_1_1.run :: epoch=45 step=350/429 train_nll=-3608.604
2026-05-16 19:51:24,294 INFO CSMF2.step_1_1_1.run :: [h] epoch=45 step=400 total=0.04919 batch=0.04854
2026-05-16 19:51:24,295 INFO CSMF2.step_1_1_1.run :: [lat] epoch=45 step=400 mean_l2=0.01761 std_l2=0.01846
2026-05-16 19:51:24,331 INFO CSMF2.step_1_1_1.run :: epoch=45 step=400/429 train_nll=-3612.251
2026-05-16 19:51:31,819 INFO CSMF2.step_1_1_1.run :: epoch=45  train_nll=-3609.344  val_nll=-3608.613  t=67.6s
2026-05-16 19:51:31,820 INFO CSMF2.step_1_1_1.run :: [glow] film_gain mean=0.2222 min=0.1670 max=0.2602
2026-05-16 19:51:31,820 INFO CSMF2.step_1_1_1.run :: [shuffle] gap_mean=22.389 hinge=0.0000 lambda=1.000 margin=0.50
2026-05-16 19:51:31,820 INFO CSMF2.step_1_1_1.run :: [h_std] total=0.04954 batch=0.04844 penalty=0.00166 target=0.0500 mu=10.000
2026-05-16 19:51:31,820 INFO CSMF2.step_1_1_1.run :: [lat_epoch] mean_l2=0.03328 std_l2=0.03548 (no penalty)
2026-05-16 19:51:31,820 INFO CSMF2.step_1_1_1.run :: [y_resid] alpha=0.1267
2026-05-16 19:51:31,820 INFO CSMF2.step_1_1_1.run :: [grad] cond=109.4382 film_gain=627.3609
2026-05-16 19:51:47,457 INFO CSMF2.step_1_1_1.run :: [h] epoch=46 step=50 total=0.05211 batch=0.05140
2026-05-16 19:51:47,458 INFO CSMF2.step_1_1_1.run :: [lat] epoch=46 step=50 mean_l2=0.01930 std_l2=0.03264
2026-05-16 19:51:47,494 INFO CSMF2.step_1_1_1.run :: epoch=46 step=50/429 train_nll=-3625.576
2026-05-16 19:51:54,608 INFO CSMF2.step_1_1_1.run :: [h] epoch=46 step=100 total=0.05132 batch=0.05087
2026-05-16 19:51:54,609 INFO CSMF2.step_1_1_1.run :: [lat] epoch=46 step=100 mean_l2=0.02824 std_l2=0.02803
2026-05-16 19:51:54,645 INFO CSMF2.step_1_1_1.run :: epoch=46 step=100/429 train_nll=-3627.089
2026-05-16 19:52:01,999 INFO CSMF2.step_1_1_1.run :: [h] epoch=46 step=150 total=0.05103 batch=0.05049
2026-05-16 19:52:01,999 INFO CSMF2.step_1_1_1.run :: [lat] epoch=46 step=150 mean_l2=0.02309 std_l2=0.07232
2026-05-16 19:52:02,036 INFO CSMF2.step_1_1_1.run :: epoch=46 step=150/429 train_nll=-3629.059
2026-05-16 19:52:09,350 INFO CSMF2.step_1_1_1.run :: [h] epoch=46 step=200 total=0.05046 batch=0.04995
2026-05-16 19:52:09,351 INFO CSMF2.step_1_1_1.run :: [lat] epoch=46 step=200 mean_l2=0.02474 std_l2=0.01959
2026-05-16 19:52:09,387 INFO CSMF2.step_1_1_1.run :: epoch=46 step=200/429 train_nll=-3631.341
2026-05-16 19:52:16,874 INFO CSMF2.step_1_1_1.run :: [h] epoch=46 step=250 total=0.05143 batch=0.05091
2026-05-16 19:52:16,875 INFO CSMF2.step_1_1_1.run :: [lat] epoch=46 step=250 mean_l2=0.01965 std_l2=0.02176
2026-05-16 19:52:16,911 INFO CSMF2.step_1_1_1.run :: epoch=46 step=250/429 train_nll=-3629.375
2026-05-16 19:52:24,094 INFO CSMF2.step_1_1_1.run :: [h] epoch=46 step=300 total=0.05219 batch=0.05147
2026-05-16 19:52:24,095 INFO CSMF2.step_1_1_1.run :: [lat] epoch=46 step=300 mean_l2=0.02923 std_l2=0.02069
2026-05-16 19:52:24,131 INFO CSMF2.step_1_1_1.run :: epoch=46 step=300/429 train_nll=-3626.905
2026-05-16 19:52:31,733 INFO CSMF2.step_1_1_1.run :: [h] epoch=46 step=350 total=0.05099 batch=0.05028
2026-05-16 19:52:31,733 INFO CSMF2.step_1_1_1.run :: [lat] epoch=46 step=350 mean_l2=0.03510 std_l2=0.02586
2026-05-16 19:52:31,769 INFO CSMF2.step_1_1_1.run :: epoch=46 step=350/429 train_nll=-3627.160
2026-05-16 19:52:38,967 INFO CSMF2.step_1_1_1.run :: [h] epoch=46 step=400 total=0.04969 batch=0.04860
2026-05-16 19:52:38,967 INFO CSMF2.step_1_1_1.run :: [lat] epoch=46 step=400 mean_l2=0.04377 std_l2=0.06927
2026-05-16 19:52:39,004 INFO CSMF2.step_1_1_1.run :: epoch=46 step=400/429 train_nll=-3626.636
2026-05-16 19:52:46,465 INFO CSMF2.step_1_1_1.run :: epoch=46  train_nll=-3625.865  val_nll=-3634.652  t=66.4s
2026-05-16 19:52:46,465 INFO CSMF2.step_1_1_1.run :: [glow] film_gain mean=0.2218 min=0.1679 max=0.2599
2026-05-16 19:52:46,465 INFO CSMF2.step_1_1_1.run :: [shuffle] gap_mean=23.630 hinge=0.0000 lambda=1.000 margin=0.50
2026-05-16 19:52:46,465 INFO CSMF2.step_1_1_1.run :: [h_std] total=0.05037 batch=0.04965 penalty=0.00069 target=0.0500 mu=10.000
2026-05-16 19:52:46,465 INFO CSMF2.step_1_1_1.run :: [lat_epoch] mean_l2=0.03070 std_l2=0.02655 (no penalty)
2026-05-16 19:52:46,465 INFO CSMF2.step_1_1_1.run :: [y_resid] alpha=0.1272
2026-05-16 19:52:46,465 INFO CSMF2.step_1_1_1.run :: [grad] cond=49.8020 film_gain=2049.5291
2026-05-16 19:53:02,062 INFO CSMF2.step_1_1_1.run :: [h] epoch=47 step=50 total=0.05102 batch=0.05006
2026-05-16 19:53:02,063 INFO CSMF2.step_1_1_1.run :: [lat] epoch=47 step=50 mean_l2=0.04403 std_l2=0.04175
2026-05-16 19:53:02,099 INFO CSMF2.step_1_1_1.run :: epoch=47 step=50/429 train_nll=-3619.224
2026-05-16 19:53:09,552 INFO CSMF2.step_1_1_1.run :: [h] epoch=47 step=100 total=0.05043 batch=0.04990
2026-05-16 19:53:09,553 INFO CSMF2.step_1_1_1.run :: [lat] epoch=47 step=100 mean_l2=0.02498 std_l2=0.01816
2026-05-16 19:53:09,589 INFO CSMF2.step_1_1_1.run :: epoch=47 step=100/429 train_nll=-3618.277
2026-05-16 19:53:17,506 INFO CSMF2.step_1_1_1.run :: [h] epoch=47 step=150 total=0.05062 batch=0.04992
2026-05-16 19:53:17,507 INFO CSMF2.step_1_1_1.run :: [lat] epoch=47 step=150 mean_l2=0.02402 std_l2=0.01868
2026-05-16 19:53:17,543 INFO CSMF2.step_1_1_1.run :: epoch=47 step=150/429 train_nll=-3625.219
2026-05-16 19:53:24,796 INFO CSMF2.step_1_1_1.run :: [h] epoch=47 step=200 total=0.05314 batch=0.05216
2026-05-16 19:53:24,796 INFO CSMF2.step_1_1_1.run :: [lat] epoch=47 step=200 mean_l2=0.02455 std_l2=0.02586
2026-05-16 19:53:24,832 INFO CSMF2.step_1_1_1.run :: epoch=47 step=200/429 train_nll=-3627.464
2026-05-16 19:53:32,088 INFO CSMF2.step_1_1_1.run :: [h] epoch=47 step=250 total=0.05038 batch=0.04938
2026-05-16 19:53:32,089 INFO CSMF2.step_1_1_1.run :: [lat] epoch=47 step=250 mean_l2=0.03052 std_l2=0.02086
2026-05-16 19:53:32,125 INFO CSMF2.step_1_1_1.run :: epoch=47 step=250/429 train_nll=-3628.530
2026-05-16 19:53:39,410 INFO CSMF2.step_1_1_1.run :: [h] epoch=47 step=300 total=0.05260 batch=0.05213
2026-05-16 19:53:39,410 INFO CSMF2.step_1_1_1.run :: [lat] epoch=47 step=300 mean_l2=0.03043 std_l2=0.02317
2026-05-16 19:53:39,446 INFO CSMF2.step_1_1_1.run :: epoch=47 step=300/429 train_nll=-3627.348
2026-05-16 19:53:46,750 INFO CSMF2.step_1_1_1.run :: [h] epoch=47 step=350 total=0.05015 batch=0.04956
2026-05-16 19:53:46,751 INFO CSMF2.step_1_1_1.run :: [lat] epoch=47 step=350 mean_l2=0.04381 std_l2=0.02352
2026-05-16 19:53:46,787 INFO CSMF2.step_1_1_1.run :: epoch=47 step=350/429 train_nll=-3626.863
2026-05-16 19:53:54,105 INFO CSMF2.step_1_1_1.run :: [h] epoch=47 step=400 total=0.05367 batch=0.05270
2026-05-16 19:53:54,105 INFO CSMF2.step_1_1_1.run :: [lat] epoch=47 step=400 mean_l2=0.02888 std_l2=0.03414
2026-05-16 19:53:54,141 INFO CSMF2.step_1_1_1.run :: epoch=47 step=400/429 train_nll=-3625.103
2026-05-16 19:54:01,564 INFO CSMF2.step_1_1_1.run :: epoch=47  train_nll=-3626.007  val_nll=-3630.711  t=66.9s
2026-05-16 19:54:01,564 INFO CSMF2.step_1_1_1.run :: [glow] film_gain mean=0.2204 min=0.1646 max=0.2593
2026-05-16 19:54:01,564 INFO CSMF2.step_1_1_1.run :: [shuffle] gap_mean=23.481 hinge=0.0000 lambda=1.000 margin=0.50
2026-05-16 19:54:01,564 INFO CSMF2.step_1_1_1.run :: [h_std] total=0.05075 batch=0.05000 penalty=0.00045 target=0.0500 mu=10.000
2026-05-16 19:54:01,564 INFO CSMF2.step_1_1_1.run :: [lat_epoch] mean_l2=0.03133 std_l2=0.02835 (no penalty)
2026-05-16 19:54:01,564 INFO CSMF2.step_1_1_1.run :: [y_resid] alpha=0.1276
2026-05-16 19:54:01,565 INFO CSMF2.step_1_1_1.run :: [grad] cond=94.4348 film_gain=2902.6132
2026-05-16 19:54:17,057 INFO CSMF2.step_1_1_1.run :: [h] epoch=48 step=50 total=0.05221 batch=0.05141
2026-05-16 19:54:17,058 INFO CSMF2.step_1_1_1.run :: [lat] epoch=48 step=50 mean_l2=0.05236 std_l2=0.02637
2026-05-16 19:54:17,094 INFO CSMF2.step_1_1_1.run :: epoch=48 step=50/429 train_nll=-3644.545
2026-05-16 19:54:24,357 INFO CSMF2.step_1_1_1.run :: [h] epoch=48 step=100 total=0.05023 batch=0.04907
2026-05-16 19:54:24,357 INFO CSMF2.step_1_1_1.run :: [lat] epoch=48 step=100 mean_l2=0.03376 std_l2=0.02365
2026-05-16 19:54:24,393 INFO CSMF2.step_1_1_1.run :: epoch=48 step=100/429 train_nll=-3634.220
2026-05-16 19:54:31,881 INFO CSMF2.step_1_1_1.run :: [h] epoch=48 step=150 total=0.04901 batch=0.04767
2026-05-16 19:54:31,882 INFO CSMF2.step_1_1_1.run :: [lat] epoch=48 step=150 mean_l2=0.02413 std_l2=0.01972
2026-05-16 19:54:31,918 INFO CSMF2.step_1_1_1.run :: epoch=48 step=150/429 train_nll=-3628.620
2026-05-16 19:54:39,323 INFO CSMF2.step_1_1_1.run :: [h] epoch=48 step=200 total=0.05052 batch=0.04989
2026-05-16 19:54:39,324 INFO CSMF2.step_1_1_1.run :: [lat] epoch=48 step=200 mean_l2=0.03230 std_l2=0.02902
2026-05-16 19:54:39,360 INFO CSMF2.step_1_1_1.run :: epoch=48 step=200/429 train_nll=-3627.633
2026-05-16 19:54:46,812 INFO CSMF2.step_1_1_1.run :: [h] epoch=48 step=250 total=0.05217 batch=0.05074
2026-05-16 19:54:46,813 INFO CSMF2.step_1_1_1.run :: [lat] epoch=48 step=250 mean_l2=0.02463 std_l2=0.02398
2026-05-16 19:54:46,849 INFO CSMF2.step_1_1_1.run :: epoch=48 step=250/429 train_nll=-3623.716
2026-05-16 19:54:54,354 INFO CSMF2.step_1_1_1.run :: [h] epoch=48 step=300 total=0.05074 batch=0.04975
2026-05-16 19:54:54,355 INFO CSMF2.step_1_1_1.run :: [lat] epoch=48 step=300 mean_l2=0.02113 std_l2=0.02530
2026-05-16 19:54:54,391 INFO CSMF2.step_1_1_1.run :: epoch=48 step=300/429 train_nll=-3624.878
2026-05-16 19:55:02,149 INFO CSMF2.step_1_1_1.run :: [h] epoch=48 step=350 total=0.04833 batch=0.04716
2026-05-16 19:55:02,150 INFO CSMF2.step_1_1_1.run :: [lat] epoch=48 step=350 mean_l2=0.03713 std_l2=0.02436
2026-05-16 19:55:02,186 INFO CSMF2.step_1_1_1.run :: epoch=48 step=350/429 train_nll=-3621.598
2026-05-16 19:55:09,459 INFO CSMF2.step_1_1_1.run :: [h] epoch=48 step=400 total=0.05024 batch=0.04966
2026-05-16 19:55:09,460 INFO CSMF2.step_1_1_1.run :: [lat] epoch=48 step=400 mean_l2=0.02194 std_l2=0.02088
2026-05-16 19:55:09,496 INFO CSMF2.step_1_1_1.run :: epoch=48 step=400/429 train_nll=-3623.259
2026-05-16 19:55:16,959 INFO CSMF2.step_1_1_1.run :: epoch=48  train_nll=-3622.911  val_nll=-3636.857  t=67.2s
2026-05-16 19:55:16,959 INFO CSMF2.step_1_1_1.run :: [glow] film_gain mean=0.2185 min=0.1581 max=0.2592
2026-05-16 19:55:16,959 INFO CSMF2.step_1_1_1.run :: [shuffle] gap_mean=23.017 hinge=0.0000 lambda=1.000 margin=0.50
2026-05-16 19:55:16,959 INFO CSMF2.step_1_1_1.run :: [h_std] total=0.05024 batch=0.04926 penalty=0.00096 target=0.0500 mu=10.000
2026-05-16 19:55:16,959 INFO CSMF2.step_1_1_1.run :: [lat_epoch] mean_l2=0.02983 std_l2=0.02687 (no penalty)
2026-05-16 19:55:16,959 INFO CSMF2.step_1_1_1.run :: [y_resid] alpha=0.1250
2026-05-16 19:55:16,959 INFO CSMF2.step_1_1_1.run :: [grad] cond=39.8618 film_gain=674.7809
2026-05-16 19:55:32,275 INFO CSMF2.step_1_1_1.run :: [h] epoch=49 step=50 total=0.04996 batch=0.04922
2026-05-16 19:55:32,275 INFO CSMF2.step_1_1_1.run :: [lat] epoch=49 step=50 mean_l2=0.03320 std_l2=0.04010
2026-05-16 19:55:32,311 INFO CSMF2.step_1_1_1.run :: epoch=49 step=50/429 train_nll=-3614.684
2026-05-16 19:55:39,838 INFO CSMF2.step_1_1_1.run :: [h] epoch=49 step=100 total=0.04977 batch=0.04886
2026-05-16 19:55:39,838 INFO CSMF2.step_1_1_1.run :: [lat] epoch=49 step=100 mean_l2=0.02357 std_l2=0.02700
2026-05-16 19:55:39,874 INFO CSMF2.step_1_1_1.run :: epoch=49 step=100/429 train_nll=-3618.048
2026-05-16 19:55:47,224 INFO CSMF2.step_1_1_1.run :: [h] epoch=49 step=150 total=0.05086 batch=0.05016
2026-05-16 19:55:47,225 INFO CSMF2.step_1_1_1.run :: [lat] epoch=49 step=150 mean_l2=0.04118 std_l2=0.02437
2026-05-16 19:55:47,261 INFO CSMF2.step_1_1_1.run :: epoch=49 step=150/429 train_nll=-3618.541
2026-05-16 19:55:54,535 INFO CSMF2.step_1_1_1.run :: [h] epoch=49 step=200 total=0.05055 batch=0.05011
2026-05-16 19:55:54,535 INFO CSMF2.step_1_1_1.run :: [lat] epoch=49 step=200 mean_l2=0.03139 std_l2=0.01916
2026-05-16 19:55:54,571 INFO CSMF2.step_1_1_1.run :: epoch=49 step=200/429 train_nll=-3619.349
2026-05-16 19:56:02,000 INFO CSMF2.step_1_1_1.run :: [h] epoch=49 step=250 total=0.05106 batch=0.05017
2026-05-16 19:56:02,001 INFO CSMF2.step_1_1_1.run :: [lat] epoch=49 step=250 mean_l2=0.02825 std_l2=0.02444
2026-05-16 19:56:02,037 INFO CSMF2.step_1_1_1.run :: epoch=49 step=250/429 train_nll=-3622.125
2026-05-16 19:56:09,456 INFO CSMF2.step_1_1_1.run :: [h] epoch=49 step=300 total=0.05349 batch=0.05259
2026-05-16 19:56:09,457 INFO CSMF2.step_1_1_1.run :: [lat] epoch=49 step=300 mean_l2=0.02891 std_l2=0.02120
2026-05-16 19:56:09,493 INFO CSMF2.step_1_1_1.run :: epoch=49 step=300/429 train_nll=-3621.422
2026-05-16 19:56:16,653 INFO CSMF2.step_1_1_1.run :: [h] epoch=49 step=350 total=0.05078 batch=0.04994
2026-05-16 19:56:16,653 INFO CSMF2.step_1_1_1.run :: [lat] epoch=49 step=350 mean_l2=0.04140 std_l2=0.03168
2026-05-16 19:56:16,690 INFO CSMF2.step_1_1_1.run :: epoch=49 step=350/429 train_nll=-3624.755
2026-05-16 19:56:23,926 INFO CSMF2.step_1_1_1.run :: [h] epoch=49 step=400 total=0.05211 batch=0.05151
2026-05-16 19:56:23,926 INFO CSMF2.step_1_1_1.run :: [lat] epoch=49 step=400 mean_l2=0.02518 std_l2=0.02448
2026-05-16 19:56:23,971 INFO CSMF2.step_1_1_1.run :: epoch=49 step=400/429 train_nll=-3627.276
2026-05-16 19:56:31,374 INFO CSMF2.step_1_1_1.run :: epoch=49  train_nll=-3628.203  val_nll=-3638.092  t=66.2s
2026-05-16 19:56:31,374 INFO CSMF2.step_1_1_1.run :: [glow] film_gain mean=0.2176 min=0.1581 max=0.2588
2026-05-16 19:56:31,374 INFO CSMF2.step_1_1_1.run :: [shuffle] gap_mean=24.041 hinge=0.0000 lambda=1.000 margin=0.50
2026-05-16 19:56:31,374 INFO CSMF2.step_1_1_1.run :: [h_std] total=0.05056 batch=0.04980 penalty=0.00055 target=0.0500 mu=10.000
2026-05-16 19:56:31,374 INFO CSMF2.step_1_1_1.run :: [lat_epoch] mean_l2=0.03029 std_l2=0.02537 (no penalty)
2026-05-16 19:56:31,374 INFO CSMF2.step_1_1_1.run :: [y_resid] alpha=0.1256
2026-05-16 19:56:31,374 INFO CSMF2.step_1_1_1.run :: [grad] cond=142.4644 film_gain=1525.4635
2026-05-16 19:56:39,617 WARNING CSMF2.step_1_1_1.run :: [exit_gate] fwd_rel=0.969 > target 0.500 (informational; no resume baseline available)
2026-05-16 19:56:45,986 INFO CSMF2.step_1_1_1.run :: [run] FINAL test_nll (sealed 10k) = -3635.945
2026-05-16 19:56:46,591 INFO CSMF2.experiments.step_1_1_1.density_plots :: [plot_latent_density] saved -> CSMF2/experiments/step_1_1_1/results/glow_s2_n0.00_seed0_c81dec9b2524/plots/latent_density.png  (ks=0.0288, mean=0.071, std=0.989)
2026-05-16 19:56:46,796 INFO CSMF2.experiments.step_1_1_1.density_plots :: [plot_cycle_density] saved -> CSMF2/experiments/step_1_1_1/results/glow_s2_n0.00_seed0_c81dec9b2524/plots/cycle_density.png  (max|err|=1.769e-03 rms=5.291e-05)
2026-05-16 19:56:47,153 INFO CSMF2.experiments.step_1_1_1.density_plots :: [plot_reconstruction_panel] saved -> CSMF2/experiments/step_1_1_1/results/glow_s2_n0.00_seed0_c81dec9b2524/plots/reconstruction_panel.png  rms(enc-prior)=2.033
==============================================================
[1mSTEP-1_1_1 RUN SUMMARY[0m
==============================================================
expert: glow   scale: 2   noise: 0.0   seed: 0   epochs: 50
train NLL:    -2946.12  ->    -3628.20  (Δ = -682.08)
test  NLL:    -3272.01  ->    -3638.09

[1mHARD GATES (halt on fail)[0m
  [32m 50/50  ✓[0m  invertibility FP64 <1e-5
  [33m 20/50  ✗[0m  latent KS vs N(0,1) <0.05
  [32m 50/50  ✓[0m  cycle_max < 1e-12
  [31m  0/50  ✗[0m  h std > 1e-3
  [31m  0/50  ✗[0m  FiLM γ,β std > 1e-3 aggregate
  [31m  0/50  ✗[0m  (y,seed) max|Δh| < 1e-6
  [32m 50/50  ✓[0m  no NaN/Inf this epoch
  [32m  1/1   ✓[0m  numeric log-det (FP64, once)

[1mINFORMATIONAL (logged, non-blocking)[0m
  [31m  0/50  ✗[0m  null-control gap ≥ 0.10
  [31m  0/50  ✗[0m  h_st Δlogp slope > 1e-3
  [31m  0/50  ✗[0m  grad norm > 1e-6
  [32m 50/50  ✓[0m  fwd residual reported
--------------------------------------------------------------
[1mHARD TOTAL: 171/351[0m  (48.7%)
[1mEXIT_CRITERIA_MET:[0m [31mNO[0m
[1mREMEDY HINTS:[0m
  - hard gate failed: latent_ks (latent KS vs N(0,1) <0.05) -- check epochs [0, 2, 4, 5, 6, 7, 9, 11, 12, 13, 14, 15, 17, 18, 20, 21, 23, 25, 26, 27, 29, 32, 33, 35, 36, 38, 39, 40, 46, 49]
  - hard gate failed: h_alive (h std > 1e-3) -- check epochs [0, 1, 2, 3, 4, 5, 6, 7, 8, 9, 10, 11, 12, 13, 14, 15, 16, 17, 18, 19, 20, 21, 22, 23, 24, 25, 26, 27, 28, 29, 30, 31, 32, 33, 34, 35, 36, 37, 38, 39, 40, 41, 42, 43, 44, 45, 46, 47, 48, 49]
  - hard gate failed: film_alive (FiLM γ,β std > 1e-3 aggregate) -- check epochs [0, 1, 2, 3, 4, 5, 6, 7, 8, 9, 10, 11, 12, 13, 14, 15, 16, 17, 18, 19, 20, 21, 22, 23, 24, 25, 26, 27, 28, 29, 30, 31, 32, 33, 34, 35, 36, 37, 38, 39, 40, 41, 42, 43, 44, 45, 46, 47, 48, 49]
  - hard gate failed: determinism ((y,seed) max|Δh| < 1e-6) -- check epochs [0, 1, 2, 3, 4, 5, 6, 7, 8, 9, 10, 11, 12, 13, 14, 15, 16, 17, 18, 19, 20, 21, 22, 23, 24, 25, 26, 27, 28, 29, 30, 31, 32, 33, 34, 35, 36, 37, 38, 39, 40, 41, 42, 43, 44, 45, 46, 47, 48, 49]
[33mSTEP-1_1_1 SOFT WARNINGS (non-blocking):[0m
  ! fwd_rel=0.969 > target 0.500 (informational; no resume baseline available)
==============================================================
2026-05-16 19:56:47,231 INFO CSMF2.step_1_1_1.run :: STEP-1_1 run DONE  exit_ok=False  out=CSMF2/experiments/step_1_1_1/results/glow_s2_n0.00_seed0_c81dec9b2524
