2026-05-16 18:38:52,001 INFO CSMF2.step_1_1_1.run :: STEP-1_1 run | tag=nice_s2_n0.10_seed0_7c8e2c947626 | cfg=StepCfg(data_root='./mnist_data', scale=2, blur_sigma=1.0, noise_sigma=0.1, batch_size=128, expert='nice', dim=784, cond_width=128, h_dim=256, flow_hidden=256, use_film=True, cache_h=True, use_v2_conditioner=True, film_depth=2, film_hidden=128, film_use_gelu=True, realnvp_n_couplings=6, realnvp_s_max=2.0, glow_n_steps=8, glow_coupling_hidden=256, glow_s_max=2.0, glow_squeeze=True, glow_n_levels=1, glow_image_c=1, glow_image_h=28, glow_image_w=28, glow_film_gain_init=0.3, lr=0.001, epochs=50, weight_decay=0.0, grad_clip=5.0, shuffle_loss_lambda=0.0, shuffle_loss_margin=0.5, h_std_penalty_mu=0.0, h_std_target=0.05, cond_y_residual_alpha_init=0.0, latent_moment_lambda=0.1, latent_ks_target=0.1, fwd_rel_target=0.5, resume_from=None, seed=0, out_root='./CSMF2/experiments/step_1_1_1/results', log_every=50, sanity_every_epoch=True)
2026-05-16 18:38:52,107 INFO CSMF2.step_1_1_1.run :: [run] data sizes: train=55000  val=5000 (per-epoch)  test=10000 (final-only)
2026-05-16 18:38:52,245 INFO CSMF2.step_1_1_1.run :: [y_sanity] y.std(dim=0).mean() = 0.1512  shape=(128, 1, 14, 14)
2026-05-16 18:38:54,258 INFO CSMF2.step_1_1_1.run :: [h] epoch=0 step=50 total=0.08836 batch=0.00107
2026-05-16 18:38:54,258 INFO CSMF2.step_1_1_1.run :: [lat] epoch=0 step=50 mean_l2=0.03164 std_l2=2.87115
2026-05-16 18:38:54,265 INFO CSMF2.step_1_1_1.run :: epoch=0 step=50/429 train_nll=-485.382
2026-05-16 18:38:55,816 INFO CSMF2.step_1_1_1.run :: [h] epoch=0 step=100 total=0.18415 batch=0.00199
2026-05-16 18:38:55,817 INFO CSMF2.step_1_1_1.run :: [lat] epoch=0 step=100 mean_l2=0.02797 std_l2=0.79625
2026-05-16 18:38:55,823 INFO CSMF2.step_1_1_1.run :: epoch=0 step=100/429 train_nll=-723.290
2026-05-16 18:38:57,373 INFO CSMF2.step_1_1_1.run :: [h] epoch=0 step=150 total=0.22995 batch=0.00031
2026-05-16 18:38:57,373 INFO CSMF2.step_1_1_1.run :: [lat] epoch=0 step=150 mean_l2=0.02696 std_l2=0.55550
2026-05-16 18:38:57,380 INFO CSMF2.step_1_1_1.run :: epoch=0 step=150/429 train_nll=-846.223
2026-05-16 18:38:58,929 INFO CSMF2.step_1_1_1.run :: [h] epoch=0 step=200 total=0.26072 batch=0.00023
2026-05-16 18:38:58,929 INFO CSMF2.step_1_1_1.run :: [lat] epoch=0 step=200 mean_l2=0.03146 std_l2=0.40484
2026-05-16 18:38:58,936 INFO CSMF2.step_1_1_1.run :: epoch=0 step=200/429 train_nll=-925.901
2026-05-16 18:39:00,485 INFO CSMF2.step_1_1_1.run :: [h] epoch=0 step=250 total=0.28933 batch=0.00056
2026-05-16 18:39:00,485 INFO CSMF2.step_1_1_1.run :: [lat] epoch=0 step=250 mean_l2=0.03066 std_l2=0.39235
2026-05-16 18:39:00,491 INFO CSMF2.step_1_1_1.run :: epoch=0 step=250/429 train_nll=-982.850
2026-05-16 18:39:02,225 INFO CSMF2.step_1_1_1.run :: [h] epoch=0 step=300 total=0.28982 batch=0.00023
2026-05-16 18:39:02,225 INFO CSMF2.step_1_1_1.run :: [lat] epoch=0 step=300 mean_l2=0.04247 std_l2=0.37274
2026-05-16 18:39:02,232 INFO CSMF2.step_1_1_1.run :: epoch=0 step=300/429 train_nll=-1026.934
2026-05-16 18:39:03,777 INFO CSMF2.step_1_1_1.run :: [h] epoch=0 step=350 total=0.30495 batch=0.00061
2026-05-16 18:39:03,777 INFO CSMF2.step_1_1_1.run :: [lat] epoch=0 step=350 mean_l2=0.02594 std_l2=0.37241
2026-05-16 18:39:03,784 INFO CSMF2.step_1_1_1.run :: epoch=0 step=350/429 train_nll=-1062.690
2026-05-16 18:39:05,331 INFO CSMF2.step_1_1_1.run :: [h] epoch=0 step=400 total=0.30258 batch=0.00046
2026-05-16 18:39:05,332 INFO CSMF2.step_1_1_1.run :: [lat] epoch=0 step=400 mean_l2=0.02739 std_l2=0.35316
2026-05-16 18:39:05,338 INFO CSMF2.step_1_1_1.run :: epoch=0 step=400/429 train_nll=-1093.548
2026-05-16 18:39:07,200 INFO CSMF2.step_1_1_1.run :: epoch=0  train_nll=-1109.431  val_nll=-1337.232  t=14.8s
2026-05-16 18:39:07,201 INFO CSMF2.step_1_1_1.run :: [h_std] total=0.23870 batch=0.00103 (no penalty)
2026-05-16 18:39:07,201 INFO CSMF2.step_1_1_1.run :: [lat_epoch] mean_l2=0.09195 std_l2=1.08277 lambda=0.100
2026-05-16 18:39:07,201 INFO CSMF2.step_1_1_1.run :: [grad] cond=2.2358 film_gain=0.0000
2026-05-16 18:39:12,313 INFO CSMF2.step_1_1_1.run :: [h] epoch=1 step=50 total=0.31273 batch=0.00075
2026-05-16 18:39:12,313 INFO CSMF2.step_1_1_1.run :: [lat] epoch=1 step=50 mean_l2=0.02706 std_l2=0.37750
2026-05-16 18:39:12,319 INFO CSMF2.step_1_1_1.run :: epoch=1 step=50/429 train_nll=-1348.759
2026-05-16 18:39:13,877 INFO CSMF2.step_1_1_1.run :: [h] epoch=1 step=100 total=0.32414 batch=0.00138
2026-05-16 18:39:13,878 INFO CSMF2.step_1_1_1.run :: [lat] epoch=1 step=100 mean_l2=0.02605 std_l2=0.36830
2026-05-16 18:39:13,884 INFO CSMF2.step_1_1_1.run :: epoch=1 step=100/429 train_nll=-1360.124
2026-05-16 18:39:15,442 INFO CSMF2.step_1_1_1.run :: [h] epoch=1 step=150 total=0.32298 batch=0.00140
2026-05-16 18:39:15,442 INFO CSMF2.step_1_1_1.run :: [lat] epoch=1 step=150 mean_l2=0.03201 std_l2=0.36789
2026-05-16 18:39:15,448 INFO CSMF2.step_1_1_1.run :: epoch=1 step=150/429 train_nll=-1370.598
2026-05-16 18:39:17,006 INFO CSMF2.step_1_1_1.run :: [h] epoch=1 step=200 total=0.31465 batch=0.00215
2026-05-16 18:39:17,006 INFO CSMF2.step_1_1_1.run :: [lat] epoch=1 step=200 mean_l2=0.02405 std_l2=0.38508
2026-05-16 18:39:17,013 INFO CSMF2.step_1_1_1.run :: epoch=1 step=200/429 train_nll=-1381.312
2026-05-16 18:39:18,571 INFO CSMF2.step_1_1_1.run :: [h] epoch=1 step=250 total=0.31779 batch=0.00450
2026-05-16 18:39:18,571 INFO CSMF2.step_1_1_1.run :: [lat] epoch=1 step=250 mean_l2=0.02936 std_l2=0.35767
2026-05-16 18:39:18,577 INFO CSMF2.step_1_1_1.run :: epoch=1 step=250/429 train_nll=-1391.237
2026-05-16 18:39:20,155 INFO CSMF2.step_1_1_1.run :: [h] epoch=1 step=300 total=0.31307 batch=0.00504
2026-05-16 18:39:20,156 INFO CSMF2.step_1_1_1.run :: [lat] epoch=1 step=300 mean_l2=0.03081 std_l2=0.35578
2026-05-16 18:39:20,162 INFO CSMF2.step_1_1_1.run :: epoch=1 step=300/429 train_nll=-1400.976
2026-05-16 18:39:21,763 INFO CSMF2.step_1_1_1.run :: [h] epoch=1 step=350 total=0.30568 batch=0.01205
2026-05-16 18:39:21,763 INFO CSMF2.step_1_1_1.run :: [lat] epoch=1 step=350 mean_l2=0.02202 std_l2=0.34017
2026-05-16 18:39:21,769 INFO CSMF2.step_1_1_1.run :: epoch=1 step=350/429 train_nll=-1410.373
2026-05-16 18:39:23,367 INFO CSMF2.step_1_1_1.run :: [h] epoch=1 step=400 total=0.30885 batch=0.00728
2026-05-16 18:39:23,367 INFO CSMF2.step_1_1_1.run :: [lat] epoch=1 step=400 mean_l2=0.03083 std_l2=0.36872
2026-05-16 18:39:23,373 INFO CSMF2.step_1_1_1.run :: epoch=1 step=400/429 train_nll=-1419.417
2026-05-16 18:39:25,303 INFO CSMF2.step_1_1_1.run :: epoch=1  train_nll=-1424.788  val_nll=-1505.222  t=14.6s
2026-05-16 18:39:25,303 INFO CSMF2.step_1_1_1.run :: [h_std] total=0.31674 batch=0.00382 (no penalty)
2026-05-16 18:39:25,303 INFO CSMF2.step_1_1_1.run :: [lat_epoch] mean_l2=0.03001 std_l2=0.37300 lambda=0.100
2026-05-16 18:39:25,303 INFO CSMF2.step_1_1_1.run :: [grad] cond=14.5372 film_gain=0.0000
2026-05-16 18:39:31,305 INFO CSMF2.step_1_1_1.run :: [h] epoch=2 step=50 total=0.32161 batch=0.01038
2026-05-16 18:39:31,305 INFO CSMF2.step_1_1_1.run :: [lat] epoch=2 step=50 mean_l2=0.03233 std_l2=0.36848
2026-05-16 18:39:31,314 INFO CSMF2.step_1_1_1.run :: epoch=2 step=50/429 train_nll=-1513.476
2026-05-16 18:39:33,946 INFO CSMF2.step_1_1_1.run :: [h] epoch=2 step=100 total=0.32126 batch=0.01440
2026-05-16 18:39:33,946 INFO CSMF2.step_1_1_1.run :: [lat] epoch=2 step=100 mean_l2=0.02904 std_l2=0.35343
2026-05-16 18:39:33,955 INFO CSMF2.step_1_1_1.run :: epoch=2 step=100/429 train_nll=-1519.074
2026-05-16 18:39:35,612 INFO CSMF2.step_1_1_1.run :: [h] epoch=2 step=150 total=0.31552 batch=0.01361
2026-05-16 18:39:35,613 INFO CSMF2.step_1_1_1.run :: [lat] epoch=2 step=150 mean_l2=0.02739 std_l2=0.34747
2026-05-16 18:39:35,619 INFO CSMF2.step_1_1_1.run :: epoch=2 step=150/429 train_nll=-1526.780
2026-05-16 18:39:37,211 INFO CSMF2.step_1_1_1.run :: [h] epoch=2 step=200 total=0.31600 batch=0.01875
2026-05-16 18:39:37,211 INFO CSMF2.step_1_1_1.run :: [lat] epoch=2 step=200 mean_l2=0.03935 std_l2=0.36610
2026-05-16 18:39:37,218 INFO CSMF2.step_1_1_1.run :: epoch=2 step=200/429 train_nll=-1535.033
2026-05-16 18:39:38,805 INFO CSMF2.step_1_1_1.run :: [h] epoch=2 step=250 total=0.31624 batch=0.01652
2026-05-16 18:39:38,805 INFO CSMF2.step_1_1_1.run :: [lat] epoch=2 step=250 mean_l2=0.02900 std_l2=0.33277
2026-05-16 18:39:38,812 INFO CSMF2.step_1_1_1.run :: epoch=2 step=250/429 train_nll=-1542.192
2026-05-16 18:39:40,402 INFO CSMF2.step_1_1_1.run :: [h] epoch=2 step=300 total=0.30882 batch=0.01943
2026-05-16 18:39:40,403 INFO CSMF2.step_1_1_1.run :: [lat] epoch=2 step=300 mean_l2=0.04851 std_l2=0.33342
2026-05-16 18:39:40,409 INFO CSMF2.step_1_1_1.run :: epoch=2 step=300/429 train_nll=-1549.398
2026-05-16 18:39:42,037 INFO CSMF2.step_1_1_1.run :: [h] epoch=2 step=350 total=0.30846 batch=0.02053
2026-05-16 18:39:42,038 INFO CSMF2.step_1_1_1.run :: [lat] epoch=2 step=350 mean_l2=0.04227 std_l2=0.31175
2026-05-16 18:39:42,044 INFO CSMF2.step_1_1_1.run :: epoch=2 step=350/429 train_nll=-1555.830
2026-05-16 18:39:43,674 INFO CSMF2.step_1_1_1.run :: [h] epoch=2 step=400 total=0.30328 batch=0.01618
2026-05-16 18:39:43,674 INFO CSMF2.step_1_1_1.run :: [lat] epoch=2 step=400 mean_l2=0.02761 std_l2=0.33749
2026-05-16 18:39:43,681 INFO CSMF2.step_1_1_1.run :: epoch=2 step=400/429 train_nll=-1562.180
2026-05-16 18:39:45,633 INFO CSMF2.step_1_1_1.run :: epoch=2  train_nll=-1566.036  val_nll=-1625.650  t=17.0s
2026-05-16 18:39:45,633 INFO CSMF2.step_1_1_1.run :: [h_std] total=0.31502 batch=0.01511 (no penalty)
2026-05-16 18:39:45,633 INFO CSMF2.step_1_1_1.run :: [lat_epoch] mean_l2=0.03560 std_l2=0.35386 lambda=0.100
2026-05-16 18:39:45,634 INFO CSMF2.step_1_1_1.run :: [grad] cond=16.6453 film_gain=0.0000
2026-05-16 18:39:50,702 INFO CSMF2.step_1_1_1.run :: [h] epoch=3 step=50 total=0.31132 batch=0.01860
2026-05-16 18:39:50,703 INFO CSMF2.step_1_1_1.run :: [lat] epoch=3 step=50 mean_l2=0.03525 std_l2=0.34443
2026-05-16 18:39:50,709 INFO CSMF2.step_1_1_1.run :: epoch=3 step=50/429 train_nll=-1628.860
2026-05-16 18:39:52,253 INFO CSMF2.step_1_1_1.run :: [h] epoch=3 step=100 total=0.30534 batch=0.02386
2026-05-16 18:39:52,253 INFO CSMF2.step_1_1_1.run :: [lat] epoch=3 step=100 mean_l2=0.03354 std_l2=0.32725
2026-05-16 18:39:52,260 INFO CSMF2.step_1_1_1.run :: epoch=3 step=100/429 train_nll=-1633.317
2026-05-16 18:39:53,805 INFO CSMF2.step_1_1_1.run :: [h] epoch=3 step=150 total=0.31422 batch=0.01890
2026-05-16 18:39:53,805 INFO CSMF2.step_1_1_1.run :: [lat] epoch=3 step=150 mean_l2=0.03275 std_l2=0.31368
2026-05-16 18:39:53,812 INFO CSMF2.step_1_1_1.run :: epoch=3 step=150/429 train_nll=-1637.803
2026-05-16 18:39:55,358 INFO CSMF2.step_1_1_1.run :: [h] epoch=3 step=200 total=0.31130 batch=0.02426
2026-05-16 18:39:55,358 INFO CSMF2.step_1_1_1.run :: [lat] epoch=3 step=200 mean_l2=0.04014 std_l2=0.33691
2026-05-16 18:39:55,364 INFO CSMF2.step_1_1_1.run :: epoch=3 step=200/429 train_nll=-1644.000
2026-05-16 18:39:56,909 INFO CSMF2.step_1_1_1.run :: [h] epoch=3 step=250 total=0.31008 batch=0.02461
2026-05-16 18:39:56,909 INFO CSMF2.step_1_1_1.run :: [lat] epoch=3 step=250 mean_l2=0.03199 std_l2=0.29716
2026-05-16 18:39:56,915 INFO CSMF2.step_1_1_1.run :: epoch=3 step=250/429 train_nll=-1649.772
2026-05-16 18:39:58,483 INFO CSMF2.step_1_1_1.run :: [h] epoch=3 step=300 total=0.31171 batch=0.02971
2026-05-16 18:39:58,483 INFO CSMF2.step_1_1_1.run :: [lat] epoch=3 step=300 mean_l2=0.04460 std_l2=0.30621
2026-05-16 18:39:58,489 INFO CSMF2.step_1_1_1.run :: epoch=3 step=300/429 train_nll=-1656.106
2026-05-16 18:40:00,076 INFO CSMF2.step_1_1_1.run :: [h] epoch=3 step=350 total=0.29689 batch=0.03887
2026-05-16 18:40:00,076 INFO CSMF2.step_1_1_1.run :: [lat] epoch=3 step=350 mean_l2=0.04911 std_l2=0.28323
2026-05-16 18:40:00,082 INFO CSMF2.step_1_1_1.run :: epoch=3 step=350/429 train_nll=-1661.197
2026-05-16 18:40:01,668 INFO CSMF2.step_1_1_1.run :: [h] epoch=3 step=400 total=0.29450 batch=0.03907
2026-05-16 18:40:01,668 INFO CSMF2.step_1_1_1.run :: [lat] epoch=3 step=400 mean_l2=0.03678 std_l2=0.31115
2026-05-16 18:40:01,675 INFO CSMF2.step_1_1_1.run :: epoch=3 step=400/429 train_nll=-1666.310
2026-05-16 18:40:03,702 INFO CSMF2.step_1_1_1.run :: epoch=3  train_nll=-1669.524  val_nll=-1716.965  t=14.7s
2026-05-16 18:40:03,702 INFO CSMF2.step_1_1_1.run :: [h_std] total=0.30791 batch=0.02727 (no penalty)
2026-05-16 18:40:03,702 INFO CSMF2.step_1_1_1.run :: [lat_epoch] mean_l2=0.04270 std_l2=0.32588 lambda=0.100
2026-05-16 18:40:03,702 INFO CSMF2.step_1_1_1.run :: [grad] cond=18.0587 film_gain=0.0000
2026-05-16 18:40:08,610 INFO CSMF2.step_1_1_1.run :: [h] epoch=4 step=50 total=0.29814 batch=0.04895
2026-05-16 18:40:08,610 INFO CSMF2.step_1_1_1.run :: [lat] epoch=4 step=50 mean_l2=0.05434 std_l2=0.32007
2026-05-16 18:40:08,616 INFO CSMF2.step_1_1_1.run :: epoch=4 step=50/429 train_nll=-1720.587
2026-05-16 18:40:10,148 INFO CSMF2.step_1_1_1.run :: [h] epoch=4 step=100 total=0.30060 batch=0.05536
2026-05-16 18:40:10,149 INFO CSMF2.step_1_1_1.run :: [lat] epoch=4 step=100 mean_l2=0.04880 std_l2=0.30810
2026-05-16 18:40:10,155 INFO CSMF2.step_1_1_1.run :: epoch=4 step=100/429 train_nll=-1723.432
2026-05-16 18:40:11,687 INFO CSMF2.step_1_1_1.run :: [h] epoch=4 step=150 total=0.29102 batch=0.04809
2026-05-16 18:40:11,687 INFO CSMF2.step_1_1_1.run :: [lat] epoch=4 step=150 mean_l2=0.07020 std_l2=0.28636
2026-05-16 18:40:11,693 INFO CSMF2.step_1_1_1.run :: epoch=4 step=150/429 train_nll=-1726.388
2026-05-16 18:40:13,428 INFO CSMF2.step_1_1_1.run :: [h] epoch=4 step=200 total=0.29341 batch=0.05908
2026-05-16 18:40:13,428 INFO CSMF2.step_1_1_1.run :: [lat] epoch=4 step=200 mean_l2=0.04732 std_l2=0.30146
2026-05-16 18:40:13,446 INFO CSMF2.step_1_1_1.run :: epoch=4 step=200/429 train_nll=-1731.157
2026-05-16 18:40:15,380 INFO CSMF2.step_1_1_1.run :: [h] epoch=4 step=250 total=0.30145 batch=0.05145
2026-05-16 18:40:15,380 INFO CSMF2.step_1_1_1.run :: [lat] epoch=4 step=250 mean_l2=0.03979 std_l2=0.27711
2026-05-16 18:40:15,386 INFO CSMF2.step_1_1_1.run :: epoch=4 step=250/429 train_nll=-1735.277
2026-05-16 18:40:16,922 INFO CSMF2.step_1_1_1.run :: [h] epoch=4 step=300 total=0.29872 batch=0.05828
2026-05-16 18:40:16,922 INFO CSMF2.step_1_1_1.run :: [lat] epoch=4 step=300 mean_l2=0.05217 std_l2=0.28455
2026-05-16 18:40:16,929 INFO CSMF2.step_1_1_1.run :: epoch=4 step=300/429 train_nll=-1740.385
2026-05-16 18:40:18,495 INFO CSMF2.step_1_1_1.run :: [h] epoch=4 step=350 total=0.29176 batch=0.06187
2026-05-16 18:40:18,495 INFO CSMF2.step_1_1_1.run :: [lat] epoch=4 step=350 mean_l2=0.05003 std_l2=0.29136
2026-05-16 18:40:18,509 INFO CSMF2.step_1_1_1.run :: epoch=4 step=350/429 train_nll=-1744.671
2026-05-16 18:40:20,074 INFO CSMF2.step_1_1_1.run :: [h] epoch=4 step=400 total=0.28293 batch=0.05559
2026-05-16 18:40:20,075 INFO CSMF2.step_1_1_1.run :: [lat] epoch=4 step=400 mean_l2=0.04424 std_l2=0.29417
2026-05-16 18:40:20,081 INFO CSMF2.step_1_1_1.run :: epoch=4 step=400/429 train_nll=-1749.042
2026-05-16 18:40:21,963 INFO CSMF2.step_1_1_1.run :: epoch=4  train_nll=-1751.978  val_nll=-1790.663  t=15.0s
2026-05-16 18:40:21,963 INFO CSMF2.step_1_1_1.run :: [h_std] total=0.29715 batch=0.05388 (no penalty)
2026-05-16 18:40:21,963 INFO CSMF2.step_1_1_1.run :: [lat_epoch] mean_l2=0.04955 std_l2=0.30566 lambda=0.100
2026-05-16 18:40:21,963 INFO CSMF2.step_1_1_1.run :: [grad] cond=34.2753 film_gain=0.0000
2026-05-16 18:40:27,414 INFO CSMF2.step_1_1_1.run :: [h] epoch=5 step=50 total=0.29167 batch=0.06260
2026-05-16 18:40:27,414 INFO CSMF2.step_1_1_1.run :: [lat] epoch=5 step=50 mean_l2=0.04344 std_l2=0.30774
2026-05-16 18:40:27,420 INFO CSMF2.step_1_1_1.run :: epoch=5 step=50/429 train_nll=-1799.131
2026-05-16 18:40:28,949 INFO CSMF2.step_1_1_1.run :: [h] epoch=5 step=100 total=0.29152 batch=0.06742
2026-05-16 18:40:28,949 INFO CSMF2.step_1_1_1.run :: [lat] epoch=5 step=100 mean_l2=0.06248 std_l2=0.31252
2026-05-16 18:40:28,964 INFO CSMF2.step_1_1_1.run :: epoch=5 step=100/429 train_nll=-1799.430
2026-05-16 18:40:30,494 INFO CSMF2.step_1_1_1.run :: [h] epoch=5 step=150 total=0.28954 batch=0.06090
2026-05-16 18:40:30,495 INFO CSMF2.step_1_1_1.run :: [lat] epoch=5 step=150 mean_l2=0.04113 std_l2=0.27570
2026-05-16 18:40:30,501 INFO CSMF2.step_1_1_1.run :: epoch=5 step=150/429 train_nll=-1803.993
2026-05-16 18:40:32,032 INFO CSMF2.step_1_1_1.run :: [h] epoch=5 step=200 total=0.28489 batch=0.06900
2026-05-16 18:40:32,032 INFO CSMF2.step_1_1_1.run :: [lat] epoch=5 step=200 mean_l2=0.04976 std_l2=0.29120
2026-05-16 18:40:32,039 INFO CSMF2.step_1_1_1.run :: epoch=5 step=200/429 train_nll=-1808.258
2026-05-16 18:40:33,570 INFO CSMF2.step_1_1_1.run :: [h] epoch=5 step=250 total=0.28152 batch=0.06540
2026-05-16 18:40:33,570 INFO CSMF2.step_1_1_1.run :: [lat] epoch=5 step=250 mean_l2=0.07712 std_l2=0.26252
2026-05-16 18:40:33,576 INFO CSMF2.step_1_1_1.run :: epoch=5 step=250/429 train_nll=-1811.357
2026-05-16 18:40:35,123 INFO CSMF2.step_1_1_1.run :: [h] epoch=5 step=300 total=0.28343 batch=0.06845
2026-05-16 18:40:35,124 INFO CSMF2.step_1_1_1.run :: [lat] epoch=5 step=300 mean_l2=0.06242 std_l2=0.25644
2026-05-16 18:40:35,130 INFO CSMF2.step_1_1_1.run :: epoch=5 step=300/429 train_nll=-1814.888
2026-05-16 18:40:36,701 INFO CSMF2.step_1_1_1.run :: [h] epoch=5 step=350 total=0.27910 batch=0.07120
2026-05-16 18:40:36,701 INFO CSMF2.step_1_1_1.run :: [lat] epoch=5 step=350 mean_l2=0.06387 std_l2=0.31550
2026-05-16 18:40:36,708 INFO CSMF2.step_1_1_1.run :: epoch=5 step=350/429 train_nll=-1817.392
2026-05-16 18:40:38,280 INFO CSMF2.step_1_1_1.run :: [h] epoch=5 step=400 total=0.28034 batch=0.06835
2026-05-16 18:40:38,280 INFO CSMF2.step_1_1_1.run :: [lat] epoch=5 step=400 mean_l2=0.06315 std_l2=0.29527
2026-05-16 18:40:38,286 INFO CSMF2.step_1_1_1.run :: epoch=5 step=400/429 train_nll=-1821.029
2026-05-16 18:40:40,174 INFO CSMF2.step_1_1_1.run :: epoch=5  train_nll=-1822.887  val_nll=-1850.855  t=14.8s
2026-05-16 18:40:40,174 INFO CSMF2.step_1_1_1.run :: [h_std] total=0.28753 batch=0.06636 (no penalty)
2026-05-16 18:40:40,174 INFO CSMF2.step_1_1_1.run :: [lat_epoch] mean_l2=0.05447 std_l2=0.29862 lambda=0.100
2026-05-16 18:40:40,174 INFO CSMF2.step_1_1_1.run :: [grad] cond=21.2778 film_gain=0.0000
2026-05-16 18:40:45,105 INFO CSMF2.step_1_1_1.run :: [h] epoch=6 step=50 total=0.28374 batch=0.07595
2026-05-16 18:40:45,105 INFO CSMF2.step_1_1_1.run :: [lat] epoch=6 step=50 mean_l2=0.05889 std_l2=0.30273
2026-05-16 18:40:45,111 INFO CSMF2.step_1_1_1.run :: epoch=6 step=50/429 train_nll=-1858.713
2026-05-16 18:40:46,646 INFO CSMF2.step_1_1_1.run :: [h] epoch=6 step=100 total=0.28468 batch=0.08120
2026-05-16 18:40:46,646 INFO CSMF2.step_1_1_1.run :: [lat] epoch=6 step=100 mean_l2=0.05514 std_l2=0.31168
2026-05-16 18:40:46,652 INFO CSMF2.step_1_1_1.run :: epoch=6 step=100/429 train_nll=-1859.483
2026-05-16 18:40:48,187 INFO CSMF2.step_1_1_1.run :: [h] epoch=6 step=150 total=0.27990 batch=0.07764
2026-05-16 18:40:48,188 INFO CSMF2.step_1_1_1.run :: [lat] epoch=6 step=150 mean_l2=0.04717 std_l2=0.26661
2026-05-16 18:40:48,194 INFO CSMF2.step_1_1_1.run :: epoch=6 step=150/429 train_nll=-1862.983
2026-05-16 18:40:49,729 INFO CSMF2.step_1_1_1.run :: [h] epoch=6 step=200 total=0.28247 batch=0.08580
2026-05-16 18:40:49,729 INFO CSMF2.step_1_1_1.run :: [lat] epoch=6 step=200 mean_l2=0.07734 std_l2=0.28484
2026-05-16 18:40:49,735 INFO CSMF2.step_1_1_1.run :: epoch=6 step=200/429 train_nll=-1868.352
2026-05-16 18:40:51,269 INFO CSMF2.step_1_1_1.run :: [h] epoch=6 step=250 total=0.27336 batch=0.08222
2026-05-16 18:40:51,269 INFO CSMF2.step_1_1_1.run :: [lat] epoch=6 step=250 mean_l2=0.05512 std_l2=0.26385
2026-05-16 18:40:51,275 INFO CSMF2.step_1_1_1.run :: epoch=6 step=250/429 train_nll=-1870.432
2026-05-16 18:40:52,835 INFO CSMF2.step_1_1_1.run :: [h] epoch=6 step=300 total=0.27611 batch=0.08736
2026-05-16 18:40:52,835 INFO CSMF2.step_1_1_1.run :: [lat] epoch=6 step=300 mean_l2=0.04805 std_l2=0.25520
2026-05-16 18:40:52,842 INFO CSMF2.step_1_1_1.run :: epoch=6 step=300/429 train_nll=-1873.307
2026-05-16 18:40:54,419 INFO CSMF2.step_1_1_1.run :: [h] epoch=6 step=350 total=0.27079 batch=0.09053
2026-05-16 18:40:54,419 INFO CSMF2.step_1_1_1.run :: [lat] epoch=6 step=350 mean_l2=0.05067 std_l2=0.36176
2026-05-16 18:40:54,426 INFO CSMF2.step_1_1_1.run :: epoch=6 step=350/429 train_nll=-1875.701
2026-05-16 18:40:56,002 INFO CSMF2.step_1_1_1.run :: [h] epoch=6 step=400 total=0.27198 batch=0.08697
2026-05-16 18:40:56,002 INFO CSMF2.step_1_1_1.run :: [lat] epoch=6 step=400 mean_l2=0.06280 std_l2=0.33987
2026-05-16 18:40:56,008 INFO CSMF2.step_1_1_1.run :: epoch=6 step=400/429 train_nll=-1878.844
2026-05-16 18:40:57,905 INFO CSMF2.step_1_1_1.run :: epoch=6  train_nll=-1880.822  val_nll=-1910.352  t=14.4s
2026-05-16 18:40:57,905 INFO CSMF2.step_1_1_1.run :: [h_std] total=0.27856 batch=0.08202 (no penalty)
2026-05-16 18:40:57,905 INFO CSMF2.step_1_1_1.run :: [lat_epoch] mean_l2=0.05901 std_l2=0.30324 lambda=0.100
2026-05-16 18:40:57,905 INFO CSMF2.step_1_1_1.run :: [grad] cond=11.9527 film_gain=0.0000
2026-05-16 18:41:02,745 INFO CSMF2.step_1_1_1.run :: [h] epoch=7 step=50 total=0.27088 batch=0.09031
2026-05-16 18:41:02,746 INFO CSMF2.step_1_1_1.run :: [lat] epoch=7 step=50 mean_l2=0.08169 std_l2=0.33468
2026-05-16 18:41:02,752 INFO CSMF2.step_1_1_1.run :: epoch=7 step=50/429 train_nll=-1905.185
2026-05-16 18:41:04,273 INFO CSMF2.step_1_1_1.run :: [h] epoch=7 step=100 total=0.26807 batch=0.09330
2026-05-16 18:41:04,273 INFO CSMF2.step_1_1_1.run :: [lat] epoch=7 step=100 mean_l2=0.05500 std_l2=0.32937
2026-05-16 18:41:04,279 INFO CSMF2.step_1_1_1.run :: epoch=7 step=100/429 train_nll=-1903.927
2026-05-16 18:41:05,800 INFO CSMF2.step_1_1_1.run :: [h] epoch=7 step=150 total=0.26698 batch=0.08867
2026-05-16 18:41:05,800 INFO CSMF2.step_1_1_1.run :: [lat] epoch=7 step=150 mean_l2=0.05722 std_l2=0.26321
2026-05-16 18:41:05,807 INFO CSMF2.step_1_1_1.run :: epoch=7 step=150/429 train_nll=-1908.551
2026-05-16 18:41:07,548 INFO CSMF2.step_1_1_1.run :: [h] epoch=7 step=200 total=0.26796 batch=0.09432
2026-05-16 18:41:07,548 INFO CSMF2.step_1_1_1.run :: [lat] epoch=7 step=200 mean_l2=0.06351 std_l2=0.27330
2026-05-16 18:41:07,554 INFO CSMF2.step_1_1_1.run :: epoch=7 step=200/429 train_nll=-1913.386
2026-05-16 18:41:09,083 INFO CSMF2.step_1_1_1.run :: [h] epoch=7 step=250 total=0.26850 batch=0.08971
2026-05-16 18:41:09,083 INFO CSMF2.step_1_1_1.run :: [lat] epoch=7 step=250 mean_l2=0.07029 std_l2=0.27564
2026-05-16 18:41:09,089 INFO CSMF2.step_1_1_1.run :: epoch=7 step=250/429 train_nll=-1917.131
2026-05-16 18:41:10,640 INFO CSMF2.step_1_1_1.run :: [h] epoch=7 step=300 total=0.26350 batch=0.09338
2026-05-16 18:41:10,640 INFO CSMF2.step_1_1_1.run :: [lat] epoch=7 step=300 mean_l2=0.07921 std_l2=0.24996
2026-05-16 18:41:10,646 INFO CSMF2.step_1_1_1.run :: epoch=7 step=300/429 train_nll=-1921.052
2026-05-16 18:41:12,218 INFO CSMF2.step_1_1_1.run :: [h] epoch=7 step=350 total=0.26687 batch=0.09962
2026-05-16 18:41:12,218 INFO CSMF2.step_1_1_1.run :: [lat] epoch=7 step=350 mean_l2=0.04551 std_l2=0.46513
2026-05-16 18:41:12,224 INFO CSMF2.step_1_1_1.run :: epoch=7 step=350/429 train_nll=-1923.545
2026-05-16 18:41:13,795 INFO CSMF2.step_1_1_1.run :: [h] epoch=7 step=400 total=0.26492 batch=0.09554
2026-05-16 18:41:13,795 INFO CSMF2.step_1_1_1.run :: [lat] epoch=7 step=400 mean_l2=0.06073 std_l2=0.43456
2026-05-16 18:41:13,801 INFO CSMF2.step_1_1_1.run :: epoch=7 step=400/429 train_nll=-1926.600
2026-05-16 18:41:15,688 INFO CSMF2.step_1_1_1.run :: epoch=7  train_nll=-1928.506  val_nll=-1944.242  t=14.5s
2026-05-16 18:41:15,688 INFO CSMF2.step_1_1_1.run :: [h_std] total=0.26829 batch=0.09274 (no penalty)
2026-05-16 18:41:15,688 INFO CSMF2.step_1_1_1.run :: [lat_epoch] mean_l2=0.06540 std_l2=0.32409 lambda=0.100
2026-05-16 18:41:15,689 INFO CSMF2.step_1_1_1.run :: [grad] cond=35.7781 film_gain=0.0000
2026-05-16 18:41:20,373 INFO CSMF2.step_1_1_1.run :: [h] epoch=8 step=50 total=0.26185 batch=0.09432
2026-05-16 18:41:20,373 INFO CSMF2.step_1_1_1.run :: [lat] epoch=8 step=50 mean_l2=0.04355 std_l2=0.40893
2026-05-16 18:41:20,380 INFO CSMF2.step_1_1_1.run :: epoch=8 step=50/429 train_nll=-1951.829
2026-05-16 18:41:21,916 INFO CSMF2.step_1_1_1.run :: [h] epoch=8 step=100 total=0.26500 batch=0.09868
2026-05-16 18:41:21,916 INFO CSMF2.step_1_1_1.run :: [lat] epoch=8 step=100 mean_l2=0.06354 std_l2=0.35369
2026-05-16 18:41:21,922 INFO CSMF2.step_1_1_1.run :: epoch=8 step=100/429 train_nll=-1954.256
2026-05-16 18:41:23,457 INFO CSMF2.step_1_1_1.run :: [h] epoch=8 step=150 total=0.25953 batch=0.09645
2026-05-16 18:41:23,458 INFO CSMF2.step_1_1_1.run :: [lat] epoch=8 step=150 mean_l2=0.05923 std_l2=0.26932
2026-05-16 18:41:23,464 INFO CSMF2.step_1_1_1.run :: epoch=8 step=150/429 train_nll=-1957.205
2026-05-16 18:41:24,998 INFO CSMF2.step_1_1_1.run :: [h] epoch=8 step=200 total=0.26109 batch=0.10150
2026-05-16 18:41:24,998 INFO CSMF2.step_1_1_1.run :: [lat] epoch=8 step=200 mean_l2=0.07970 std_l2=0.26827
2026-05-16 18:41:25,004 INFO CSMF2.step_1_1_1.run :: epoch=8 step=200/429 train_nll=-1961.388
2026-05-16 18:41:26,546 INFO CSMF2.step_1_1_1.run :: [h] epoch=8 step=250 total=0.26084 batch=0.09787
2026-05-16 18:41:26,546 INFO CSMF2.step_1_1_1.run :: [lat] epoch=8 step=250 mean_l2=0.07807 std_l2=0.28712
2026-05-16 18:41:26,553 INFO CSMF2.step_1_1_1.run :: epoch=8 step=250/429 train_nll=-1963.591
2026-05-16 18:41:28,144 INFO CSMF2.step_1_1_1.run :: [h] epoch=8 step=300 total=0.25192 batch=0.10297
2026-05-16 18:41:28,145 INFO CSMF2.step_1_1_1.run :: [lat] epoch=8 step=300 mean_l2=0.06449 std_l2=0.23984
2026-05-16 18:41:28,151 INFO CSMF2.step_1_1_1.run :: epoch=8 step=300/429 train_nll=-1965.883
2026-05-16 18:41:29,727 INFO CSMF2.step_1_1_1.run :: [h] epoch=8 step=350 total=0.25716 batch=0.10483
2026-05-16 18:41:29,727 INFO CSMF2.step_1_1_1.run :: [lat] epoch=8 step=350 mean_l2=0.09437 std_l2=0.56750
2026-05-16 18:41:29,734 INFO CSMF2.step_1_1_1.run :: epoch=8 step=350/429 train_nll=-1967.713
2026-05-16 18:41:31,309 INFO CSMF2.step_1_1_1.run :: [h] epoch=8 step=400 total=0.25748 batch=0.10801
2026-05-16 18:41:31,309 INFO CSMF2.step_1_1_1.run :: [lat] epoch=8 step=400 mean_l2=0.09908 std_l2=0.63122
2026-05-16 18:41:31,315 INFO CSMF2.step_1_1_1.run :: epoch=8 step=400/429 train_nll=-1969.915
2026-05-16 18:41:33,209 INFO CSMF2.step_1_1_1.run :: epoch=8  train_nll=-1971.256  val_nll=-1997.110  t=14.4s
2026-05-16 18:41:33,210 INFO CSMF2.step_1_1_1.run :: [h_std] total=0.25972 batch=0.10013 (no penalty)
2026-05-16 18:41:33,210 INFO CSMF2.step_1_1_1.run :: [lat_epoch] mean_l2=0.07089 std_l2=0.35870 lambda=0.100
2026-05-16 18:41:33,210 INFO CSMF2.step_1_1_1.run :: [grad] cond=62.4075 film_gain=0.0000
2026-05-16 18:41:38,072 INFO CSMF2.step_1_1_1.run :: [h] epoch=9 step=50 total=0.25869 batch=0.10717
2026-05-16 18:41:38,073 INFO CSMF2.step_1_1_1.run :: [lat] epoch=9 step=50 mean_l2=0.06937 std_l2=0.53128
2026-05-16 18:41:38,079 INFO CSMF2.step_1_1_1.run :: epoch=9 step=50/429 train_nll=-1994.741
2026-05-16 18:41:39,632 INFO CSMF2.step_1_1_1.run :: [h] epoch=9 step=100 total=0.25427 batch=0.10561
2026-05-16 18:41:39,632 INFO CSMF2.step_1_1_1.run :: [lat] epoch=9 step=100 mean_l2=0.08095 std_l2=0.37166
2026-05-16 18:41:39,638 INFO CSMF2.step_1_1_1.run :: epoch=9 step=100/429 train_nll=-1993.318
2026-05-16 18:41:41,191 INFO CSMF2.step_1_1_1.run :: [h] epoch=9 step=150 total=0.25457 batch=0.10797
2026-05-16 18:41:41,191 INFO CSMF2.step_1_1_1.run :: [lat] epoch=9 step=150 mean_l2=0.06713 std_l2=0.28173
2026-05-16 18:41:41,197 INFO CSMF2.step_1_1_1.run :: epoch=9 step=150/429 train_nll=-1996.099
2026-05-16 18:41:42,750 INFO CSMF2.step_1_1_1.run :: [h] epoch=9 step=200 total=0.25609 batch=0.11736
2026-05-16 18:41:42,751 INFO CSMF2.step_1_1_1.run :: [lat] epoch=9 step=200 mean_l2=0.07178 std_l2=0.27102
2026-05-16 18:41:42,757 INFO CSMF2.step_1_1_1.run :: epoch=9 step=200/429 train_nll=-2000.935
2026-05-16 18:41:44,310 INFO CSMF2.step_1_1_1.run :: [h] epoch=9 step=250 total=0.25218 batch=0.11495
2026-05-16 18:41:44,311 INFO CSMF2.step_1_1_1.run :: [lat] epoch=9 step=250 mean_l2=0.06549 std_l2=0.29499
2026-05-16 18:41:44,317 INFO CSMF2.step_1_1_1.run :: epoch=9 step=250/429 train_nll=-2003.130
2026-05-16 18:41:45,904 INFO CSMF2.step_1_1_1.run :: [h] epoch=9 step=300 total=0.25416 batch=0.11884
2026-05-16 18:41:45,904 INFO CSMF2.step_1_1_1.run :: [lat] epoch=9 step=300 mean_l2=0.07972 std_l2=0.24092
2026-05-16 18:41:45,911 INFO CSMF2.step_1_1_1.run :: epoch=9 step=300/429 train_nll=-2005.987
2026-05-16 18:41:47,508 INFO CSMF2.step_1_1_1.run :: [h] epoch=9 step=350 total=0.25470 batch=0.12537
2026-05-16 18:41:47,508 INFO CSMF2.step_1_1_1.run :: [lat] epoch=9 step=350 mean_l2=0.08440 std_l2=0.76650
2026-05-16 18:41:47,515 INFO CSMF2.step_1_1_1.run :: epoch=9 step=350/429 train_nll=-2007.670
2026-05-16 18:41:49,113 INFO CSMF2.step_1_1_1.run :: [h] epoch=9 step=400 total=0.25032 batch=0.12264
2026-05-16 18:41:49,113 INFO CSMF2.step_1_1_1.run :: [lat] epoch=9 step=400 mean_l2=0.07060 std_l2=1.04618
2026-05-16 18:41:49,119 INFO CSMF2.step_1_1_1.run :: epoch=9 step=400/429 train_nll=-2009.592
2026-05-16 18:41:51,045 INFO CSMF2.step_1_1_1.run :: epoch=9  train_nll=-2011.054  val_nll=-2029.403  t=14.6s
2026-05-16 18:41:51,046 INFO CSMF2.step_1_1_1.run :: [h_std] total=0.25426 batch=0.11344 (no penalty)
2026-05-16 18:41:51,046 INFO CSMF2.step_1_1_1.run :: [lat_epoch] mean_l2=0.07206 std_l2=0.40782 lambda=0.100
2026-05-16 18:41:51,046 INFO CSMF2.step_1_1_1.run :: [grad] cond=47.6658 film_gain=0.0000
2026-05-16 18:41:56,050 INFO CSMF2.step_1_1_1.run :: [h] epoch=10 step=50 total=0.25420 batch=0.12929
2026-05-16 18:41:56,050 INFO CSMF2.step_1_1_1.run :: [lat] epoch=10 step=50 mean_l2=0.08168 std_l2=0.76322
2026-05-16 18:41:56,057 INFO CSMF2.step_1_1_1.run :: epoch=10 step=50/429 train_nll=-2032.674
2026-05-16 18:41:57,605 INFO CSMF2.step_1_1_1.run :: [h] epoch=10 step=100 total=0.25010 batch=0.12301
2026-05-16 18:41:57,605 INFO CSMF2.step_1_1_1.run :: [lat] epoch=10 step=100 mean_l2=0.08372 std_l2=0.36310
2026-05-16 18:41:57,612 INFO CSMF2.step_1_1_1.run :: epoch=10 step=100/429 train_nll=-2030.048
2026-05-16 18:41:59,162 INFO CSMF2.step_1_1_1.run :: [h] epoch=10 step=150 total=0.24356 batch=0.11946
2026-05-16 18:41:59,162 INFO CSMF2.step_1_1_1.run :: [lat] epoch=10 step=150 mean_l2=0.09241 std_l2=0.28542
2026-05-16 18:41:59,169 INFO CSMF2.step_1_1_1.run :: epoch=10 step=150/429 train_nll=-2031.469
2026-05-16 18:42:00,717 INFO CSMF2.step_1_1_1.run :: [h] epoch=10 step=200 total=0.24930 batch=0.12893
2026-05-16 18:42:00,718 INFO CSMF2.step_1_1_1.run :: [lat] epoch=10 step=200 mean_l2=0.06861 std_l2=0.26448
2026-05-16 18:42:00,725 INFO CSMF2.step_1_1_1.run :: epoch=10 step=200/429 train_nll=-2035.980
2026-05-16 18:42:02,446 INFO CSMF2.step_1_1_1.run :: [h] epoch=10 step=250 total=0.24789 batch=0.12629
2026-05-16 18:42:02,446 INFO CSMF2.step_1_1_1.run :: [lat] epoch=10 step=250 mean_l2=0.06289 std_l2=0.31332
2026-05-16 18:42:02,452 INFO CSMF2.step_1_1_1.run :: epoch=10 step=250/429 train_nll=-2038.282
2026-05-16 18:42:04,057 INFO CSMF2.step_1_1_1.run :: [h] epoch=10 step=300 total=0.24597 batch=0.13188
2026-05-16 18:42:04,058 INFO CSMF2.step_1_1_1.run :: [lat] epoch=10 step=300 mean_l2=0.10445 std_l2=0.24859
2026-05-16 18:42:04,064 INFO CSMF2.step_1_1_1.run :: epoch=10 step=300/429 train_nll=-2041.317
2026-05-16 18:42:05,694 INFO CSMF2.step_1_1_1.run :: [h] epoch=10 step=350 total=0.24996 batch=0.13668
2026-05-16 18:42:05,694 INFO CSMF2.step_1_1_1.run :: [lat] epoch=10 step=350 mean_l2=0.07393 std_l2=0.98410
2026-05-16 18:42:05,700 INFO CSMF2.step_1_1_1.run :: epoch=10 step=350/429 train_nll=-2042.083
2026-05-16 18:42:07,331 INFO CSMF2.step_1_1_1.run :: [h] epoch=10 step=400 total=0.24500 batch=0.13405
2026-05-16 18:42:07,332 INFO CSMF2.step_1_1_1.run :: [lat] epoch=10 step=400 mean_l2=0.07001 std_l2=1.56565
2026-05-16 18:42:07,338 INFO CSMF2.step_1_1_1.run :: epoch=10 step=400/429 train_nll=-2044.143
2026-05-16 18:42:09,302 INFO CSMF2.step_1_1_1.run :: epoch=10  train_nll=-2045.307  val_nll=-2062.171  t=15.1s
2026-05-16 18:42:09,302 INFO CSMF2.step_1_1_1.run :: [h_std] total=0.24869 batch=0.12692 (no penalty)
2026-05-16 18:42:09,302 INFO CSMF2.step_1_1_1.run :: [lat_epoch] mean_l2=0.07691 std_l2=0.46835 lambda=0.100
2026-05-16 18:42:09,302 INFO CSMF2.step_1_1_1.run :: [grad] cond=33.0209 film_gain=0.0000
2026-05-16 18:42:14,151 INFO CSMF2.step_1_1_1.run :: [h] epoch=11 step=50 total=0.24758 batch=0.13396
2026-05-16 18:42:14,151 INFO CSMF2.step_1_1_1.run :: [lat] epoch=11 step=50 mean_l2=0.07465 std_l2=1.10958
2026-05-16 18:42:14,157 INFO CSMF2.step_1_1_1.run :: epoch=11 step=50/429 train_nll=-2064.183
2026-05-16 18:42:15,741 INFO CSMF2.step_1_1_1.run :: [h] epoch=11 step=100 total=0.24185 batch=0.12983
2026-05-16 18:42:15,742 INFO CSMF2.step_1_1_1.run :: [lat] epoch=11 step=100 mean_l2=0.07578 std_l2=0.37510
2026-05-16 18:42:15,748 INFO CSMF2.step_1_1_1.run :: epoch=11 step=100/429 train_nll=-2062.990
2026-05-16 18:42:17,333 INFO CSMF2.step_1_1_1.run :: [h] epoch=11 step=150 total=0.23691 batch=0.12699
2026-05-16 18:42:17,333 INFO CSMF2.step_1_1_1.run :: [lat] epoch=11 step=150 mean_l2=0.07913 std_l2=0.29070
2026-05-16 18:42:17,339 INFO CSMF2.step_1_1_1.run :: epoch=11 step=150/429 train_nll=-2064.794
2026-05-16 18:42:18,926 INFO CSMF2.step_1_1_1.run :: [h] epoch=11 step=200 total=0.23992 batch=0.13344
2026-05-16 18:42:18,926 INFO CSMF2.step_1_1_1.run :: [lat] epoch=11 step=200 mean_l2=0.07710 std_l2=0.26537
2026-05-16 18:42:18,932 INFO CSMF2.step_1_1_1.run :: epoch=11 step=200/429 train_nll=-2068.164
2026-05-16 18:42:20,532 INFO CSMF2.step_1_1_1.run :: [h] epoch=11 step=250 total=0.24142 batch=0.13595
2026-05-16 18:42:20,532 INFO CSMF2.step_1_1_1.run :: [lat] epoch=11 step=250 mean_l2=0.07190 std_l2=0.34475
2026-05-16 18:42:20,539 INFO CSMF2.step_1_1_1.run :: epoch=11 step=250/429 train_nll=-2070.206
2026-05-16 18:42:22,171 INFO CSMF2.step_1_1_1.run :: [h] epoch=11 step=300 total=0.23766 batch=0.13295
2026-05-16 18:42:22,172 INFO CSMF2.step_1_1_1.run :: [lat] epoch=11 step=300 mean_l2=0.07818 std_l2=0.23659
2026-05-16 18:42:22,178 INFO CSMF2.step_1_1_1.run :: epoch=11 step=300/429 train_nll=-2073.397
2026-05-16 18:42:23,811 INFO CSMF2.step_1_1_1.run :: [h] epoch=11 step=350 total=0.24218 batch=0.14041
2026-05-16 18:42:23,811 INFO CSMF2.step_1_1_1.run :: [lat] epoch=11 step=350 mean_l2=0.08165 std_l2=1.29279
2026-05-16 18:42:23,817 INFO CSMF2.step_1_1_1.run :: epoch=11 step=350/429 train_nll=-2074.233
2026-05-16 18:42:25,449 INFO CSMF2.step_1_1_1.run :: [h] epoch=11 step=400 total=0.24048 batch=0.13857
2026-05-16 18:42:25,449 INFO CSMF2.step_1_1_1.run :: [lat] epoch=11 step=400 mean_l2=0.07212 std_l2=2.21590
2026-05-16 18:42:25,455 INFO CSMF2.step_1_1_1.run :: epoch=11 step=400/429 train_nll=-2075.573
2026-05-16 18:42:27,422 INFO CSMF2.step_1_1_1.run :: epoch=11  train_nll=-2076.428  val_nll=-2083.870  t=15.0s
2026-05-16 18:42:27,422 INFO CSMF2.step_1_1_1.run :: [h_std] total=0.24143 batch=0.13242 (no penalty)
2026-05-16 18:42:27,422 INFO CSMF2.step_1_1_1.run :: [lat_epoch] mean_l2=0.07936 std_l2=0.53601 lambda=0.100
2026-05-16 18:42:27,422 INFO CSMF2.step_1_1_1.run :: [grad] cond=45.6590 film_gain=0.0000
2026-05-16 18:42:32,191 INFO CSMF2.step_1_1_1.run :: [h] epoch=12 step=50 total=0.23715 batch=0.13610
2026-05-16 18:42:32,191 INFO CSMF2.step_1_1_1.run :: [lat] epoch=12 step=50 mean_l2=0.08806 std_l2=1.48590
2026-05-16 18:42:32,198 INFO CSMF2.step_1_1_1.run :: epoch=12 step=50/429 train_nll=-2093.373
2026-05-16 18:42:33,759 INFO CSMF2.step_1_1_1.run :: [h] epoch=12 step=100 total=0.23190 batch=0.13135
2026-05-16 18:42:33,760 INFO CSMF2.step_1_1_1.run :: [lat] epoch=12 step=100 mean_l2=0.09438 std_l2=0.39664
2026-05-16 18:42:33,766 INFO CSMF2.step_1_1_1.run :: epoch=12 step=100/429 train_nll=-2092.351
2026-05-16 18:42:35,324 INFO CSMF2.step_1_1_1.run :: [h] epoch=12 step=150 total=0.22585 batch=0.12697
2026-05-16 18:42:35,324 INFO CSMF2.step_1_1_1.run :: [lat] epoch=12 step=150 mean_l2=0.06700 std_l2=0.31149
2026-05-16 18:42:35,331 INFO CSMF2.step_1_1_1.run :: epoch=12 step=150/429 train_nll=-2092.407
2026-05-16 18:42:36,891 INFO CSMF2.step_1_1_1.run :: [h] epoch=12 step=200 total=0.23084 batch=0.13235
2026-05-16 18:42:36,892 INFO CSMF2.step_1_1_1.run :: [lat] epoch=12 step=200 mean_l2=0.08149 std_l2=0.26914
2026-05-16 18:42:36,898 INFO CSMF2.step_1_1_1.run :: epoch=12 step=200/429 train_nll=-2095.342
2026-05-16 18:42:38,653 INFO CSMF2.step_1_1_1.run :: [h] epoch=12 step=250 total=0.23414 batch=0.13639
2026-05-16 18:42:38,654 INFO CSMF2.step_1_1_1.run :: [lat] epoch=12 step=250 mean_l2=0.07790 std_l2=0.36075
2026-05-16 18:42:38,660 INFO CSMF2.step_1_1_1.run :: epoch=12 step=250/429 train_nll=-2097.300
2026-05-16 18:42:40,287 INFO CSMF2.step_1_1_1.run :: [h] epoch=12 step=300 total=0.22765 batch=0.13204
2026-05-16 18:42:40,287 INFO CSMF2.step_1_1_1.run :: [lat] epoch=12 step=300 mean_l2=0.07792 std_l2=0.23855
2026-05-16 18:42:40,294 INFO CSMF2.step_1_1_1.run :: epoch=12 step=300/429 train_nll=-2100.672
2026-05-16 18:42:41,925 INFO CSMF2.step_1_1_1.run :: [h] epoch=12 step=350 total=0.23385 batch=0.14218
2026-05-16 18:42:41,925 INFO CSMF2.step_1_1_1.run :: [lat] epoch=12 step=350 mean_l2=0.06619 std_l2=1.56113
2026-05-16 18:42:41,931 INFO CSMF2.step_1_1_1.run :: epoch=12 step=350/429 train_nll=-2101.780
2026-05-16 18:42:43,557 INFO CSMF2.step_1_1_1.run :: [h] epoch=12 step=400 total=0.22953 batch=0.13969
2026-05-16 18:42:43,557 INFO CSMF2.step_1_1_1.run :: [lat] epoch=12 step=400 mean_l2=0.08232 std_l2=2.94806
2026-05-16 18:42:43,563 INFO CSMF2.step_1_1_1.run :: epoch=12 step=400/429 train_nll=-2103.190
2026-05-16 18:42:45,523 INFO CSMF2.step_1_1_1.run :: epoch=12  train_nll=-2103.933  val_nll=-2115.136  t=15.0s
2026-05-16 18:42:45,523 INFO CSMF2.step_1_1_1.run :: [h_std] total=0.23226 batch=0.13366 (no penalty)
2026-05-16 18:42:45,523 INFO CSMF2.step_1_1_1.run :: [lat_epoch] mean_l2=0.08167 std_l2=0.60151 lambda=0.100
2026-05-16 18:42:45,523 INFO CSMF2.step_1_1_1.run :: [grad] cond=42.7318 film_gain=0.0000
2026-05-16 18:42:50,196 INFO CSMF2.step_1_1_1.run :: [h] epoch=13 step=50 total=0.22644 batch=0.13328
2026-05-16 18:42:50,196 INFO CSMF2.step_1_1_1.run :: [lat] epoch=13 step=50 mean_l2=0.09456 std_l2=1.93312
2026-05-16 18:42:50,202 INFO CSMF2.step_1_1_1.run :: epoch=13 step=50/429 train_nll=-2118.749
2026-05-16 18:42:51,729 INFO CSMF2.step_1_1_1.run :: [h] epoch=13 step=100 total=0.22402 batch=0.13214
2026-05-16 18:42:51,729 INFO CSMF2.step_1_1_1.run :: [lat] epoch=13 step=100 mean_l2=0.07590 std_l2=0.36570
2026-05-16 18:42:51,735 INFO CSMF2.step_1_1_1.run :: epoch=13 step=100/429 train_nll=-2116.336
2026-05-16 18:42:53,261 INFO CSMF2.step_1_1_1.run :: [h] epoch=13 step=150 total=0.21970 batch=0.12957
2026-05-16 18:42:53,261 INFO CSMF2.step_1_1_1.run :: [lat] epoch=13 step=150 mean_l2=0.07104 std_l2=0.30957
2026-05-16 18:42:53,268 INFO CSMF2.step_1_1_1.run :: epoch=13 step=150/429 train_nll=-2116.402
2026-05-16 18:42:54,793 INFO CSMF2.step_1_1_1.run :: [h] epoch=13 step=200 total=0.22328 batch=0.13299
2026-05-16 18:42:54,794 INFO CSMF2.step_1_1_1.run :: [lat] epoch=13 step=200 mean_l2=0.08493 std_l2=0.26003
2026-05-16 18:42:54,800 INFO CSMF2.step_1_1_1.run :: epoch=13 step=200/429 train_nll=-2120.201
2026-05-16 18:42:56,338 INFO CSMF2.step_1_1_1.run :: [h] epoch=13 step=250 total=0.22477 batch=0.13962
2026-05-16 18:42:56,338 INFO CSMF2.step_1_1_1.run :: [lat] epoch=13 step=250 mean_l2=0.09443 std_l2=0.40568
2026-05-16 18:42:56,344 INFO CSMF2.step_1_1_1.run :: epoch=13 step=250/429 train_nll=-2122.248
2026-05-16 18:42:57,916 INFO CSMF2.step_1_1_1.run :: [h] epoch=13 step=300 total=0.22098 batch=0.13461
2026-05-16 18:42:57,916 INFO CSMF2.step_1_1_1.run :: [lat] epoch=13 step=300 mean_l2=0.06619 std_l2=0.22579
2026-05-16 18:42:57,922 INFO CSMF2.step_1_1_1.run :: epoch=13 step=300/429 train_nll=-2125.011
2026-05-16 18:42:59,494 INFO CSMF2.step_1_1_1.run :: [h] epoch=13 step=350 total=0.22736 batch=0.14317
2026-05-16 18:42:59,494 INFO CSMF2.step_1_1_1.run :: [lat] epoch=13 step=350 mean_l2=0.08781 std_l2=1.99006
2026-05-16 18:42:59,501 INFO CSMF2.step_1_1_1.run :: epoch=13 step=350/429 train_nll=-2125.914
2026-05-16 18:43:01,080 INFO CSMF2.step_1_1_1.run :: [h] epoch=13 step=400 total=0.21993 batch=0.13676
2026-05-16 18:43:01,081 INFO CSMF2.step_1_1_1.run :: [lat] epoch=13 step=400 mean_l2=0.08770 std_l2=3.70484
2026-05-16 18:43:01,087 INFO CSMF2.step_1_1_1.run :: epoch=13 step=400/429 train_nll=-2127.187
2026-05-16 18:43:02,975 INFO CSMF2.step_1_1_1.run :: epoch=13  train_nll=-2127.790  val_nll=-2133.754  t=14.4s
2026-05-16 18:43:02,975 INFO CSMF2.step_1_1_1.run :: [h_std] total=0.22387 batch=0.13434 (no penalty)
2026-05-16 18:43:02,975 INFO CSMF2.step_1_1_1.run :: [lat_epoch] mean_l2=0.08387 std_l2=0.67404 lambda=0.100
2026-05-16 18:43:02,975 INFO CSMF2.step_1_1_1.run :: [grad] cond=72.6711 film_gain=0.0000
2026-05-16 18:43:07,891 INFO CSMF2.step_1_1_1.run :: [h] epoch=14 step=50 total=0.22187 batch=0.13509
2026-05-16 18:43:07,891 INFO CSMF2.step_1_1_1.run :: [lat] epoch=14 step=50 mean_l2=0.07742 std_l2=2.06756
2026-05-16 18:43:07,897 INFO CSMF2.step_1_1_1.run :: epoch=14 step=50/429 train_nll=-2141.647
2026-05-16 18:43:09,430 INFO CSMF2.step_1_1_1.run :: [h] epoch=14 step=100 total=0.21536 batch=0.13238
2026-05-16 18:43:09,430 INFO CSMF2.step_1_1_1.run :: [lat] epoch=14 step=100 mean_l2=0.07714 std_l2=0.36251
2026-05-16 18:43:09,436 INFO CSMF2.step_1_1_1.run :: epoch=14 step=100/429 train_nll=-2137.874
2026-05-16 18:43:10,968 INFO CSMF2.step_1_1_1.run :: [h] epoch=14 step=150 total=0.21247 batch=0.12882
2026-05-16 18:43:10,968 INFO CSMF2.step_1_1_1.run :: [lat] epoch=14 step=150 mean_l2=0.07644 std_l2=0.30154
2026-05-16 18:43:10,974 INFO CSMF2.step_1_1_1.run :: epoch=14 step=150/429 train_nll=-2139.381
2026-05-16 18:43:12,506 INFO CSMF2.step_1_1_1.run :: [h] epoch=14 step=200 total=0.21627 batch=0.13490
2026-05-16 18:43:12,506 INFO CSMF2.step_1_1_1.run :: [lat] epoch=14 step=200 mean_l2=0.08855 std_l2=0.26006
2026-05-16 18:43:12,512 INFO CSMF2.step_1_1_1.run :: epoch=14 step=200/429 train_nll=-2142.802
2026-05-16 18:43:14,044 INFO CSMF2.step_1_1_1.run :: [h] epoch=14 step=250 total=0.21801 batch=0.14044
2026-05-16 18:43:14,045 INFO CSMF2.step_1_1_1.run :: [lat] epoch=14 step=250 mean_l2=0.07891 std_l2=0.40792
2026-05-16 18:43:14,051 INFO CSMF2.step_1_1_1.run :: epoch=14 step=250/429 train_nll=-2144.108
2026-05-16 18:43:15,628 INFO CSMF2.step_1_1_1.run :: [h] epoch=14 step=300 total=0.21267 batch=0.13370
2026-05-16 18:43:15,629 INFO CSMF2.step_1_1_1.run :: [lat] epoch=14 step=300 mean_l2=0.09031 std_l2=0.22515
2026-05-16 18:43:15,635 INFO CSMF2.step_1_1_1.run :: epoch=14 step=300/429 train_nll=-2147.171
2026-05-16 18:43:17,213 INFO CSMF2.step_1_1_1.run :: [h] epoch=14 step=350 total=0.21865 batch=0.14414
2026-05-16 18:43:17,213 INFO CSMF2.step_1_1_1.run :: [lat] epoch=14 step=350 mean_l2=0.08891 std_l2=2.33302
2026-05-16 18:43:17,219 INFO CSMF2.step_1_1_1.run :: epoch=14 step=350/429 train_nll=-2147.818
2026-05-16 18:43:18,797 INFO CSMF2.step_1_1_1.run :: [h] epoch=14 step=400 total=0.21263 batch=0.13730
2026-05-16 18:43:18,798 INFO CSMF2.step_1_1_1.run :: [lat] epoch=14 step=400 mean_l2=0.10711 std_l2=4.27706
2026-05-16 18:43:18,804 INFO CSMF2.step_1_1_1.run :: epoch=14 step=400/429 train_nll=-2148.589
2026-05-16 18:43:20,699 INFO CSMF2.step_1_1_1.run :: epoch=14  train_nll=-2148.826  val_nll=-2152.716  t=14.6s
2026-05-16 18:43:20,699 INFO CSMF2.step_1_1_1.run :: [h_std] total=0.21535 batch=0.13377 (no penalty)
2026-05-16 18:43:20,699 INFO CSMF2.step_1_1_1.run :: [lat_epoch] mean_l2=0.08582 std_l2=0.73406 lambda=0.100
2026-05-16 18:43:20,699 INFO CSMF2.step_1_1_1.run :: [grad] cond=84.6174 film_gain=0.0000
2026-05-16 18:43:25,353 INFO CSMF2.step_1_1_1.run :: [h] epoch=15 step=50 total=0.21291 batch=0.13170
2026-05-16 18:43:25,353 INFO CSMF2.step_1_1_1.run :: [lat] epoch=15 step=50 mean_l2=0.09804 std_l2=2.30268
2026-05-16 18:43:25,359 INFO CSMF2.step_1_1_1.run :: epoch=15 step=50/429 train_nll=-2160.817
2026-05-16 18:43:26,873 INFO CSMF2.step_1_1_1.run :: [h] epoch=15 step=100 total=0.20736 batch=0.13094
2026-05-16 18:43:26,873 INFO CSMF2.step_1_1_1.run :: [lat] epoch=15 step=100 mean_l2=0.08232 std_l2=0.35722
2026-05-16 18:43:26,879 INFO CSMF2.step_1_1_1.run :: epoch=15 step=100/429 train_nll=-2158.208
2026-05-16 18:43:28,393 INFO CSMF2.step_1_1_1.run :: [h] epoch=15 step=150 total=0.20351 batch=0.13027
2026-05-16 18:43:28,393 INFO CSMF2.step_1_1_1.run :: [lat] epoch=15 step=150 mean_l2=0.08000 std_l2=0.30904
2026-05-16 18:43:28,399 INFO CSMF2.step_1_1_1.run :: epoch=15 step=150/429 train_nll=-2157.984
2026-05-16 18:43:29,913 INFO CSMF2.step_1_1_1.run :: [h] epoch=15 step=200 total=0.20293 batch=0.12909
2026-05-16 18:43:29,914 INFO CSMF2.step_1_1_1.run :: [lat] epoch=15 step=200 mean_l2=0.08763 std_l2=0.25332
2026-05-16 18:43:29,920 INFO CSMF2.step_1_1_1.run :: epoch=15 step=200/429 train_nll=-2161.890
2026-05-16 18:43:31,440 INFO CSMF2.step_1_1_1.run :: [h] epoch=15 step=250 total=0.20853 batch=0.13696
2026-05-16 18:43:31,441 INFO CSMF2.step_1_1_1.run :: [lat] epoch=15 step=250 mean_l2=0.08729 std_l2=0.47660
2026-05-16 18:43:31,447 INFO CSMF2.step_1_1_1.run :: epoch=15 step=250/429 train_nll=-2163.593
2026-05-16 18:43:33,007 INFO CSMF2.step_1_1_1.run :: [h] epoch=15 step=300 total=0.20147 batch=0.13019
2026-05-16 18:43:33,007 INFO CSMF2.step_1_1_1.run :: [lat] epoch=15 step=300 mean_l2=0.08174 std_l2=0.23595
2026-05-16 18:43:33,013 INFO CSMF2.step_1_1_1.run :: epoch=15 step=300/429 train_nll=-2165.901
2026-05-16 18:43:34,573 INFO CSMF2.step_1_1_1.run :: [h] epoch=15 step=350 total=0.20785 batch=0.14111
2026-05-16 18:43:34,574 INFO CSMF2.step_1_1_1.run :: [lat] epoch=15 step=350 mean_l2=0.07633 std_l2=2.70037
2026-05-16 18:43:34,580 INFO CSMF2.step_1_1_1.run :: epoch=15 step=350/429 train_nll=-2165.595
2026-05-16 18:43:36,139 INFO CSMF2.step_1_1_1.run :: [h] epoch=15 step=400 total=0.20517 batch=0.13586
2026-05-16 18:43:36,139 INFO CSMF2.step_1_1_1.run :: [lat] epoch=15 step=400 mean_l2=0.07612 std_l2=5.48013
2026-05-16 18:43:36,146 INFO CSMF2.step_1_1_1.run :: epoch=15 step=400/429 train_nll=-2165.933
2026-05-16 18:43:38,167 INFO CSMF2.step_1_1_1.run :: epoch=15  train_nll=-2165.983  val_nll=-2170.039  t=14.4s
2026-05-16 18:43:38,167 INFO CSMF2.step_1_1_1.run :: [h_std] total=0.20597 batch=0.13134 (no penalty)
2026-05-16 18:43:38,167 INFO CSMF2.step_1_1_1.run :: [lat_epoch] mean_l2=0.08823 std_l2=0.80680 lambda=0.100
2026-05-16 18:43:38,167 INFO CSMF2.step_1_1_1.run :: [grad] cond=56.0031 film_gain=0.0000
2026-05-16 18:43:43,062 INFO CSMF2.step_1_1_1.run :: [h] epoch=16 step=50 total=0.20617 batch=0.13032
2026-05-16 18:43:43,062 INFO CSMF2.step_1_1_1.run :: [lat] epoch=16 step=50 mean_l2=0.09392 std_l2=2.55587
2026-05-16 18:43:43,069 INFO CSMF2.step_1_1_1.run :: epoch=16 step=50/429 train_nll=-2178.933
2026-05-16 18:43:44,627 INFO CSMF2.step_1_1_1.run :: [h] epoch=16 step=100 total=0.19902 batch=0.12677
2026-05-16 18:43:44,628 INFO CSMF2.step_1_1_1.run :: [lat] epoch=16 step=100 mean_l2=0.08842 std_l2=0.35426
2026-05-16 18:43:44,634 INFO CSMF2.step_1_1_1.run :: epoch=16 step=100/429 train_nll=-2176.541
2026-05-16 18:43:46,187 INFO CSMF2.step_1_1_1.run :: [h] epoch=16 step=150 total=0.19413 batch=0.12416
2026-05-16 18:43:46,187 INFO CSMF2.step_1_1_1.run :: [lat] epoch=16 step=150 mean_l2=0.07824 std_l2=0.30624
2026-05-16 18:43:46,194 INFO CSMF2.step_1_1_1.run :: epoch=16 step=150/429 train_nll=-2176.052
2026-05-16 18:43:47,751 INFO CSMF2.step_1_1_1.run :: [h] epoch=16 step=200 total=0.19863 batch=0.12994
2026-05-16 18:43:47,752 INFO CSMF2.step_1_1_1.run :: [lat] epoch=16 step=200 mean_l2=0.09158 std_l2=0.25399
2026-05-16 18:43:47,758 INFO CSMF2.step_1_1_1.run :: epoch=16 step=200/429 train_nll=-2180.089
2026-05-16 18:43:49,290 INFO CSMF2.step_1_1_1.run :: [h] epoch=16 step=250 total=0.20194 batch=0.13359
2026-05-16 18:43:49,291 INFO CSMF2.step_1_1_1.run :: [lat] epoch=16 step=250 mean_l2=0.07176 std_l2=0.48711
2026-05-16 18:43:49,297 INFO CSMF2.step_1_1_1.run :: epoch=16 step=250/429 train_nll=-2181.438
2026-05-16 18:43:50,865 INFO CSMF2.step_1_1_1.run :: [h] epoch=16 step=300 total=0.19418 batch=0.12890
2026-05-16 18:43:50,865 INFO CSMF2.step_1_1_1.run :: [lat] epoch=16 step=300 mean_l2=0.10635 std_l2=0.22622
2026-05-16 18:43:50,872 INFO CSMF2.step_1_1_1.run :: epoch=16 step=300/429 train_nll=-2184.108
2026-05-16 18:43:52,449 INFO CSMF2.step_1_1_1.run :: [h] epoch=16 step=350 total=0.20134 batch=0.13830
2026-05-16 18:43:52,449 INFO CSMF2.step_1_1_1.run :: [lat] epoch=16 step=350 mean_l2=0.11890 std_l2=3.16403
2026-05-16 18:43:52,456 INFO CSMF2.step_1_1_1.run :: epoch=16 step=350/429 train_nll=-2184.067
2026-05-16 18:43:54,032 INFO CSMF2.step_1_1_1.run :: [h] epoch=16 step=400 total=0.20127 batch=0.13244
2026-05-16 18:43:54,033 INFO CSMF2.step_1_1_1.run :: [lat] epoch=16 step=400 mean_l2=0.11724 std_l2=5.81752
2026-05-16 18:43:54,039 INFO CSMF2.step_1_1_1.run :: epoch=16 step=400/429 train_nll=-2184.858
2026-05-16 18:43:55,934 INFO CSMF2.step_1_1_1.run :: epoch=16  train_nll=-2184.830  val_nll=-2175.902  t=14.5s
2026-05-16 18:43:55,934 INFO CSMF2.step_1_1_1.run :: [h_std] total=0.19833 batch=0.12870 (no penalty)
2026-05-16 18:43:55,934 INFO CSMF2.step_1_1_1.run :: [lat_epoch] mean_l2=0.08630 std_l2=0.85556 lambda=0.100
2026-05-16 18:43:55,934 INFO CSMF2.step_1_1_1.run :: [grad] cond=62.7352 film_gain=0.0000
2026-05-16 18:44:00,807 INFO CSMF2.step_1_1_1.run :: [h] epoch=17 step=50 total=0.19443 batch=0.12646
2026-05-16 18:44:00,808 INFO CSMF2.step_1_1_1.run :: [lat] epoch=17 step=50 mean_l2=0.08627 std_l2=2.91219
2026-05-16 18:44:00,814 INFO CSMF2.step_1_1_1.run :: epoch=17 step=50/429 train_nll=-2192.102
2026-05-16 18:44:02,352 INFO CSMF2.step_1_1_1.run :: [h] epoch=17 step=100 total=0.19123 batch=0.12330
2026-05-16 18:44:02,353 INFO CSMF2.step_1_1_1.run :: [lat] epoch=17 step=100 mean_l2=0.08321 std_l2=0.43550
2026-05-16 18:44:02,359 INFO CSMF2.step_1_1_1.run :: epoch=17 step=100/429 train_nll=-2189.345
2026-05-16 18:44:03,897 INFO CSMF2.step_1_1_1.run :: [h] epoch=17 step=150 total=0.18743 batch=0.12240
2026-05-16 18:44:03,897 INFO CSMF2.step_1_1_1.run :: [lat] epoch=17 step=150 mean_l2=0.07269 std_l2=0.31717
2026-05-16 18:44:03,904 INFO CSMF2.step_1_1_1.run :: epoch=17 step=150/429 train_nll=-2189.356
2026-05-16 18:44:05,443 INFO CSMF2.step_1_1_1.run :: [h] epoch=17 step=200 total=0.18804 batch=0.12313
2026-05-16 18:44:05,443 INFO CSMF2.step_1_1_1.run :: [lat] epoch=17 step=200 mean_l2=0.08674 std_l2=0.27433
2026-05-16 18:44:05,449 INFO CSMF2.step_1_1_1.run :: epoch=17 step=200/429 train_nll=-2193.261
2026-05-16 18:44:06,991 INFO CSMF2.step_1_1_1.run :: [h] epoch=17 step=250 total=0.19248 batch=0.12857
2026-05-16 18:44:06,992 INFO CSMF2.step_1_1_1.run :: [lat] epoch=17 step=250 mean_l2=0.08452 std_l2=0.49977
2026-05-16 18:44:06,998 INFO CSMF2.step_1_1_1.run :: epoch=17 step=250/429 train_nll=-2194.414
2026-05-16 18:44:08,589 INFO CSMF2.step_1_1_1.run :: [h] epoch=17 step=300 total=0.18793 batch=0.12517
2026-05-16 18:44:08,589 INFO CSMF2.step_1_1_1.run :: [lat] epoch=17 step=300 mean_l2=0.06835 std_l2=0.21900
2026-05-16 18:44:08,596 INFO CSMF2.step_1_1_1.run :: epoch=17 step=300/429 train_nll=-2197.130
2026-05-16 18:44:10,200 INFO CSMF2.step_1_1_1.run :: [h] epoch=17 step=350 total=0.19381 batch=0.13374
2026-05-16 18:44:10,200 INFO CSMF2.step_1_1_1.run :: [lat] epoch=17 step=350 mean_l2=0.10198 std_l2=3.39695
2026-05-16 18:44:10,207 INFO CSMF2.step_1_1_1.run :: epoch=17 step=350/429 train_nll=-2197.414
2026-05-16 18:44:11,794 INFO CSMF2.step_1_1_1.run :: [h] epoch=17 step=400 total=0.18802 batch=0.12705
2026-05-16 18:44:11,794 INFO CSMF2.step_1_1_1.run :: [lat] epoch=17 step=400 mean_l2=0.07997 std_l2=6.46421
2026-05-16 18:44:11,800 INFO CSMF2.step_1_1_1.run :: epoch=17 step=400/429 train_nll=-2198.312
2026-05-16 18:44:13,697 INFO CSMF2.step_1_1_1.run :: epoch=17  train_nll=-2198.583  val_nll=-2199.897  t=14.6s
2026-05-16 18:44:13,697 INFO CSMF2.step_1_1_1.run :: [h_std] total=0.18998 batch=0.12481 (no penalty)
2026-05-16 18:44:13,697 INFO CSMF2.step_1_1_1.run :: [lat_epoch] mean_l2=0.08648 std_l2=0.91423 lambda=0.100
2026-05-16 18:44:13,697 INFO CSMF2.step_1_1_1.run :: [grad] cond=100.1388 film_gain=0.0000
2026-05-16 18:44:19,094 INFO CSMF2.step_1_1_1.run :: [h] epoch=18 step=50 total=0.18881 batch=0.12549
2026-05-16 18:44:19,094 INFO CSMF2.step_1_1_1.run :: [lat] epoch=18 step=50 mean_l2=0.08892 std_l2=3.08946
2026-05-16 18:44:19,100 INFO CSMF2.step_1_1_1.run :: epoch=18 step=50/429 train_nll=-2208.135
2026-05-16 18:44:20,638 INFO CSMF2.step_1_1_1.run :: [h] epoch=18 step=100 total=0.18446 batch=0.12165
2026-05-16 18:44:20,638 INFO CSMF2.step_1_1_1.run :: [lat] epoch=18 step=100 mean_l2=0.09159 std_l2=0.38550
2026-05-16 18:44:20,644 INFO CSMF2.step_1_1_1.run :: epoch=18 step=100/429 train_nll=-2204.171
2026-05-16 18:44:22,184 INFO CSMF2.step_1_1_1.run :: [h] epoch=18 step=150 total=0.18248 batch=0.12203
2026-05-16 18:44:22,184 INFO CSMF2.step_1_1_1.run :: [lat] epoch=18 step=150 mean_l2=0.10451 std_l2=0.35472
2026-05-16 18:44:22,191 INFO CSMF2.step_1_1_1.run :: epoch=18 step=150/429 train_nll=-2203.383
2026-05-16 18:44:23,731 INFO CSMF2.step_1_1_1.run :: [h] epoch=18 step=200 total=0.18191 batch=0.12076
2026-05-16 18:44:23,731 INFO CSMF2.step_1_1_1.run :: [lat] epoch=18 step=200 mean_l2=0.08984 std_l2=0.29600
2026-05-16 18:44:23,737 INFO CSMF2.step_1_1_1.run :: epoch=18 step=200/429 train_nll=-2206.732
2026-05-16 18:44:25,276 INFO CSMF2.step_1_1_1.run :: [h] epoch=18 step=250 total=0.18487 batch=0.12719
2026-05-16 18:44:25,276 INFO CSMF2.step_1_1_1.run :: [lat] epoch=18 step=250 mean_l2=0.08089 std_l2=0.50870
2026-05-16 18:44:25,282 INFO CSMF2.step_1_1_1.run :: epoch=18 step=250/429 train_nll=-2208.200
2026-05-16 18:44:26,866 INFO CSMF2.step_1_1_1.run :: [h] epoch=18 step=300 total=0.18141 batch=0.12329
2026-05-16 18:44:26,866 INFO CSMF2.step_1_1_1.run :: [lat] epoch=18 step=300 mean_l2=0.08023 std_l2=0.22035
2026-05-16 18:44:26,872 INFO CSMF2.step_1_1_1.run :: epoch=18 step=300/429 train_nll=-2211.212
2026-05-16 18:44:28,458 INFO CSMF2.step_1_1_1.run :: [h] epoch=18 step=350 total=0.18827 batch=0.13152
2026-05-16 18:44:28,459 INFO CSMF2.step_1_1_1.run :: [lat] epoch=18 step=350 mean_l2=0.09150 std_l2=3.79242
2026-05-16 18:44:28,465 INFO CSMF2.step_1_1_1.run :: epoch=18 step=350/429 train_nll=-2211.561
2026-05-16 18:44:30,050 INFO CSMF2.step_1_1_1.run :: [h] epoch=18 step=400 total=0.18222 batch=0.12481
2026-05-16 18:44:30,050 INFO CSMF2.step_1_1_1.run :: [lat] epoch=18 step=400 mean_l2=0.09088 std_l2=7.04884
2026-05-16 18:44:30,056 INFO CSMF2.step_1_1_1.run :: epoch=18 step=400/429 train_nll=-2212.071
2026-05-16 18:44:31,962 INFO CSMF2.step_1_1_1.run :: epoch=18  train_nll=-2212.388  val_nll=-2215.609  t=15.0s
2026-05-16 18:44:31,962 INFO CSMF2.step_1_1_1.run :: [h_std] total=0.18333 batch=0.12269 (no penalty)
2026-05-16 18:44:31,962 INFO CSMF2.step_1_1_1.run :: [lat_epoch] mean_l2=0.08709 std_l2=0.96543 lambda=0.100
2026-05-16 18:44:31,962 INFO CSMF2.step_1_1_1.run :: [grad] cond=63.4031 film_gain=0.0000
2026-05-16 18:44:36,990 INFO CSMF2.step_1_1_1.run :: [h] epoch=19 step=50 total=0.18303 batch=0.12217
2026-05-16 18:44:36,991 INFO CSMF2.step_1_1_1.run :: [lat] epoch=19 step=50 mean_l2=0.09928 std_l2=3.50455
2026-05-16 18:44:36,997 INFO CSMF2.step_1_1_1.run :: epoch=19 step=50/429 train_nll=-2221.838
2026-05-16 18:44:38,532 INFO CSMF2.step_1_1_1.run :: [h] epoch=19 step=100 total=0.17812 batch=0.11904
2026-05-16 18:44:38,532 INFO CSMF2.step_1_1_1.run :: [lat] epoch=19 step=100 mean_l2=0.09923 std_l2=0.37364
2026-05-16 18:44:38,538 INFO CSMF2.step_1_1_1.run :: epoch=19 step=100/429 train_nll=-2217.672
2026-05-16 18:44:40,065 INFO CSMF2.step_1_1_1.run :: [h] epoch=19 step=150 total=0.17536 batch=0.11710
2026-05-16 18:44:40,065 INFO CSMF2.step_1_1_1.run :: [lat] epoch=19 step=150 mean_l2=0.08682 std_l2=0.30524
2026-05-16 18:44:40,071 INFO CSMF2.step_1_1_1.run :: epoch=19 step=150/429 train_nll=-2216.829
2026-05-16 18:44:41,598 INFO CSMF2.step_1_1_1.run :: [h] epoch=19 step=200 total=0.17537 batch=0.11894
2026-05-16 18:44:41,598 INFO CSMF2.step_1_1_1.run :: [lat] epoch=19 step=200 mean_l2=0.08589 std_l2=0.26200
2026-05-16 18:44:41,605 INFO CSMF2.step_1_1_1.run :: epoch=19 step=200/429 train_nll=-2220.223
2026-05-16 18:44:43,131 INFO CSMF2.step_1_1_1.run :: [h] epoch=19 step=250 total=0.17914 batch=0.12426
2026-05-16 18:44:43,131 INFO CSMF2.step_1_1_1.run :: [lat] epoch=19 step=250 mean_l2=0.09002 std_l2=0.58266
2026-05-16 18:44:43,137 INFO CSMF2.step_1_1_1.run :: epoch=19 step=250/429 train_nll=-2221.428
2026-05-16 18:44:44,701 INFO CSMF2.step_1_1_1.run :: [h] epoch=19 step=300 total=0.17249 batch=0.11942
2026-05-16 18:44:44,702 INFO CSMF2.step_1_1_1.run :: [lat] epoch=19 step=300 mean_l2=0.07562 std_l2=0.22814
2026-05-16 18:44:44,708 INFO CSMF2.step_1_1_1.run :: epoch=19 step=300/429 train_nll=-2223.959
2026-05-16 18:44:46,278 INFO CSMF2.step_1_1_1.run :: [h] epoch=19 step=350 total=0.17957 batch=0.12701
2026-05-16 18:44:46,278 INFO CSMF2.step_1_1_1.run :: [lat] epoch=19 step=350 mean_l2=0.12390 std_l2=4.16293
2026-05-16 18:44:46,284 INFO CSMF2.step_1_1_1.run :: epoch=19 step=350/429 train_nll=-2223.538
2026-05-16 18:44:47,854 INFO CSMF2.step_1_1_1.run :: [h] epoch=19 step=400 total=0.17589 batch=0.12079
2026-05-16 18:44:47,854 INFO CSMF2.step_1_1_1.run :: [lat] epoch=19 step=400 mean_l2=0.08317 std_l2=7.96718
2026-05-16 18:44:47,861 INFO CSMF2.step_1_1_1.run :: epoch=19 step=400/429 train_nll=-2223.439
2026-05-16 18:44:49,745 INFO CSMF2.step_1_1_1.run :: epoch=19  train_nll=-2223.020  val_nll=-2217.411  t=14.7s
2026-05-16 18:44:49,745 INFO CSMF2.step_1_1_1.run :: [h_std] total=0.17647 batch=0.11956 (no penalty)
2026-05-16 18:44:49,745 INFO CSMF2.step_1_1_1.run :: [lat_epoch] mean_l2=0.08758 std_l2=1.03245 lambda=0.100
2026-05-16 18:44:49,745 INFO CSMF2.step_1_1_1.run :: [grad] cond=121.1117 film_gain=0.0000
2026-05-16 18:44:54,781 INFO CSMF2.step_1_1_1.run :: [h] epoch=20 step=50 total=0.17274 batch=0.11646
2026-05-16 18:44:54,782 INFO CSMF2.step_1_1_1.run :: [lat] epoch=20 step=50 mean_l2=0.07786 std_l2=3.42508
2026-05-16 18:44:54,788 INFO CSMF2.step_1_1_1.run :: epoch=20 step=50/429 train_nll=-2229.210
2026-05-16 18:44:56,320 INFO CSMF2.step_1_1_1.run :: [h] epoch=20 step=100 total=0.17093 batch=0.11547
2026-05-16 18:44:56,320 INFO CSMF2.step_1_1_1.run :: [lat] epoch=20 step=100 mean_l2=0.08382 std_l2=0.42478
2026-05-16 18:44:56,326 INFO CSMF2.step_1_1_1.run :: epoch=20 step=100/429 train_nll=-2225.396
2026-05-16 18:44:57,856 INFO CSMF2.step_1_1_1.run :: [h] epoch=20 step=150 total=0.16885 batch=0.11404
2026-05-16 18:44:57,857 INFO CSMF2.step_1_1_1.run :: [lat] epoch=20 step=150 mean_l2=0.07948 std_l2=0.29220
2026-05-16 18:44:57,863 INFO CSMF2.step_1_1_1.run :: epoch=20 step=150/429 train_nll=-2225.605
2026-05-16 18:44:59,394 INFO CSMF2.step_1_1_1.run :: [h] epoch=20 step=200 total=0.16682 batch=0.11286
2026-05-16 18:44:59,394 INFO CSMF2.step_1_1_1.run :: [lat] epoch=20 step=200 mean_l2=0.09417 std_l2=0.26585
2026-05-16 18:44:59,400 INFO CSMF2.step_1_1_1.run :: epoch=20 step=200/429 train_nll=-2229.729
2026-05-16 18:45:00,931 INFO CSMF2.step_1_1_1.run :: [h] epoch=20 step=250 total=0.17172 batch=0.12010
2026-05-16 18:45:00,932 INFO CSMF2.step_1_1_1.run :: [lat] epoch=20 step=250 mean_l2=0.08096 std_l2=0.57997
2026-05-16 18:45:00,938 INFO CSMF2.step_1_1_1.run :: epoch=20 step=250/429 train_nll=-2232.003
2026-05-16 18:45:02,507 INFO CSMF2.step_1_1_1.run :: [h] epoch=20 step=300 total=0.16570 batch=0.11390
2026-05-16 18:45:02,508 INFO CSMF2.step_1_1_1.run :: [lat] epoch=20 step=300 mean_l2=0.07777 std_l2=0.24081
2026-05-16 18:45:02,514 INFO CSMF2.step_1_1_1.run :: epoch=20 step=300/429 train_nll=-2234.597
2026-05-16 18:45:04,091 INFO CSMF2.step_1_1_1.run :: [h] epoch=20 step=350 total=0.17382 batch=0.12363
2026-05-16 18:45:04,091 INFO CSMF2.step_1_1_1.run :: [lat] epoch=20 step=350 mean_l2=0.11479 std_l2=4.65189
2026-05-16 18:45:04,098 INFO CSMF2.step_1_1_1.run :: epoch=20 step=350/429 train_nll=-2234.273
2026-05-16 18:45:05,675 INFO CSMF2.step_1_1_1.run :: [h] epoch=20 step=400 total=0.16877 batch=0.11680
2026-05-16 18:45:05,675 INFO CSMF2.step_1_1_1.run :: [lat] epoch=20 step=400 mean_l2=0.08323 std_l2=8.20920
2026-05-16 18:45:05,682 INFO CSMF2.step_1_1_1.run :: epoch=20 step=400/429 train_nll=-2234.569
2026-05-16 18:45:07,576 INFO CSMF2.step_1_1_1.run :: epoch=20  train_nll=-2234.712  val_nll=-2232.599  t=14.6s
2026-05-16 18:45:07,576 INFO CSMF2.step_1_1_1.run :: [h_std] total=0.16903 batch=0.11523 (no penalty)
2026-05-16 18:45:07,576 INFO CSMF2.step_1_1_1.run :: [lat_epoch] mean_l2=0.08738 std_l2=1.05041 lambda=0.100
2026-05-16 18:45:07,576 INFO CSMF2.step_1_1_1.run :: [grad] cond=72.6606 film_gain=0.0000
2026-05-16 18:45:12,446 INFO CSMF2.step_1_1_1.run :: [h] epoch=21 step=50 total=0.16794 batch=0.11384
2026-05-16 18:45:12,446 INFO CSMF2.step_1_1_1.run :: [lat] epoch=21 step=50 mean_l2=0.07818 std_l2=3.39781
2026-05-16 18:45:12,452 INFO CSMF2.step_1_1_1.run :: epoch=21 step=50/429 train_nll=-2243.170
2026-05-16 18:45:13,984 INFO CSMF2.step_1_1_1.run :: [h] epoch=21 step=100 total=0.16465 batch=0.11257
2026-05-16 18:45:13,984 INFO CSMF2.step_1_1_1.run :: [lat] epoch=21 step=100 mean_l2=0.10528 std_l2=0.40938
2026-05-16 18:45:13,990 INFO CSMF2.step_1_1_1.run :: epoch=21 step=100/429 train_nll=-2237.300
2026-05-16 18:45:15,523 INFO CSMF2.step_1_1_1.run :: [h] epoch=21 step=150 total=0.16248 batch=0.11192
2026-05-16 18:45:15,523 INFO CSMF2.step_1_1_1.run :: [lat] epoch=21 step=150 mean_l2=0.07866 std_l2=0.32436
2026-05-16 18:45:15,529 INFO CSMF2.step_1_1_1.run :: epoch=21 step=150/429 train_nll=-2237.287
2026-05-16 18:45:17,061 INFO CSMF2.step_1_1_1.run :: [h] epoch=21 step=200 total=0.16409 batch=0.11322
2026-05-16 18:45:17,061 INFO CSMF2.step_1_1_1.run :: [lat] epoch=21 step=200 mean_l2=0.10267 std_l2=0.25803
2026-05-16 18:45:17,067 INFO CSMF2.step_1_1_1.run :: epoch=21 step=200/429 train_nll=-2240.660
2026-05-16 18:45:18,599 INFO CSMF2.step_1_1_1.run :: [h] epoch=21 step=250 total=0.16753 batch=0.11747
2026-05-16 18:45:18,599 INFO CSMF2.step_1_1_1.run :: [lat] epoch=21 step=250 mean_l2=0.07489 std_l2=0.57675
2026-05-16 18:45:18,605 INFO CSMF2.step_1_1_1.run :: epoch=21 step=250/429 train_nll=-2242.363
2026-05-16 18:45:20,399 INFO CSMF2.step_1_1_1.run :: [h] epoch=21 step=300 total=0.16036 batch=0.11271
2026-05-16 18:45:20,400 INFO CSMF2.step_1_1_1.run :: [lat] epoch=21 step=300 mean_l2=0.08368 std_l2=0.29011
2026-05-16 18:45:20,407 INFO CSMF2.step_1_1_1.run :: epoch=21 step=300/429 train_nll=-2244.880
2026-05-16 18:45:22,036 INFO CSMF2.step_1_1_1.run :: [h] epoch=21 step=350 total=0.16832 batch=0.12045
2026-05-16 18:45:22,037 INFO CSMF2.step_1_1_1.run :: [lat] epoch=21 step=350 mean_l2=0.10237 std_l2=4.90998
2026-05-16 18:45:22,043 INFO CSMF2.step_1_1_1.run :: epoch=21 step=350/429 train_nll=-2245.294
2026-05-16 18:45:23,639 INFO CSMF2.step_1_1_1.run :: [h] epoch=21 step=400 total=0.16453 batch=0.11689
2026-05-16 18:45:23,639 INFO CSMF2.step_1_1_1.run :: [lat] epoch=21 step=400 mean_l2=0.09532 std_l2=8.55756
2026-05-16 18:45:23,645 INFO CSMF2.step_1_1_1.run :: epoch=21 step=400/429 train_nll=-2245.431
2026-05-16 18:45:25,559 INFO CSMF2.step_1_1_1.run :: epoch=21  train_nll=-2245.677  val_nll=-2242.861  t=14.8s
2026-05-16 18:45:25,559 INFO CSMF2.step_1_1_1.run :: [h_std] total=0.16355 batch=0.11259 (no penalty)
2026-05-16 18:45:25,559 INFO CSMF2.step_1_1_1.run :: [lat_epoch] mean_l2=0.08733 std_l2=1.07128 lambda=0.100
2026-05-16 18:45:25,559 INFO CSMF2.step_1_1_1.run :: [grad] cond=87.4616 film_gain=0.0000
2026-05-16 18:45:30,295 INFO CSMF2.step_1_1_1.run :: [h] epoch=22 step=50 total=0.16096 batch=0.11159
2026-05-16 18:45:30,295 INFO CSMF2.step_1_1_1.run :: [lat] epoch=22 step=50 mean_l2=0.09069 std_l2=3.76465
2026-05-16 18:45:30,301 INFO CSMF2.step_1_1_1.run :: epoch=22 step=50/429 train_nll=-2254.010
2026-05-16 18:45:31,843 INFO CSMF2.step_1_1_1.run :: [h] epoch=22 step=100 total=0.15955 batch=0.10978
2026-05-16 18:45:31,843 INFO CSMF2.step_1_1_1.run :: [lat] epoch=22 step=100 mean_l2=0.09273 std_l2=0.38653
2026-05-16 18:45:31,850 INFO CSMF2.step_1_1_1.run :: epoch=22 step=100/429 train_nll=-2250.943
2026-05-16 18:45:33,391 INFO CSMF2.step_1_1_1.run :: [h] epoch=22 step=150 total=0.15626 batch=0.10894
2026-05-16 18:45:33,391 INFO CSMF2.step_1_1_1.run :: [lat] epoch=22 step=150 mean_l2=0.10046 std_l2=0.28909
2026-05-16 18:45:33,397 INFO CSMF2.step_1_1_1.run :: epoch=22 step=150/429 train_nll=-2249.352
2026-05-16 18:45:35,156 INFO CSMF2.step_1_1_1.run :: [h] epoch=22 step=200 total=0.15802 batch=0.11049
2026-05-16 18:45:35,156 INFO CSMF2.step_1_1_1.run :: [lat] epoch=22 step=200 mean_l2=0.09912 std_l2=0.27320
2026-05-16 18:45:35,163 INFO CSMF2.step_1_1_1.run :: epoch=22 step=200/429 train_nll=-2253.269
2026-05-16 18:45:36,705 INFO CSMF2.step_1_1_1.run :: [h] epoch=22 step=250 total=0.16471 batch=0.11693
2026-05-16 18:45:36,705 INFO CSMF2.step_1_1_1.run :: [lat] epoch=22 step=250 mean_l2=0.06815 std_l2=0.59380
2026-05-16 18:45:36,711 INFO CSMF2.step_1_1_1.run :: epoch=22 step=250/429 train_nll=-2254.866
2026-05-16 18:45:38,286 INFO CSMF2.step_1_1_1.run :: [h] epoch=22 step=300 total=0.15759 batch=0.11152
2026-05-16 18:45:38,286 INFO CSMF2.step_1_1_1.run :: [lat] epoch=22 step=300 mean_l2=0.07245 std_l2=0.22553
2026-05-16 18:45:38,293 INFO CSMF2.step_1_1_1.run :: epoch=22 step=300/429 train_nll=-2257.984
2026-05-16 18:45:39,876 INFO CSMF2.step_1_1_1.run :: [h] epoch=22 step=350 total=0.16420 batch=0.11816
2026-05-16 18:45:39,876 INFO CSMF2.step_1_1_1.run :: [lat] epoch=22 step=350 mean_l2=0.08878 std_l2=5.47135
2026-05-16 18:45:39,883 INFO CSMF2.step_1_1_1.run :: epoch=22 step=350/429 train_nll=-2257.679
2026-05-16 18:45:41,465 INFO CSMF2.step_1_1_1.run :: [h] epoch=22 step=400 total=0.15977 batch=0.11258
2026-05-16 18:45:41,465 INFO CSMF2.step_1_1_1.run :: [lat] epoch=22 step=400 mean_l2=0.09894 std_l2=8.86024
2026-05-16 18:45:41,472 INFO CSMF2.step_1_1_1.run :: epoch=22 step=400/429 train_nll=-2257.584
2026-05-16 18:45:43,376 INFO CSMF2.step_1_1_1.run :: epoch=22  train_nll=-2257.414  val_nll=-2246.750  t=14.7s
2026-05-16 18:45:43,376 INFO CSMF2.step_1_1_1.run :: [h_std] total=0.15909 batch=0.11084 (no penalty)
2026-05-16 18:45:43,376 INFO CSMF2.step_1_1_1.run :: [lat_epoch] mean_l2=0.08638 std_l2=1.11138 lambda=0.100
2026-05-16 18:45:43,376 INFO CSMF2.step_1_1_1.run :: [grad] cond=95.1880 film_gain=0.0000
2026-05-16 18:45:48,224 INFO CSMF2.step_1_1_1.run :: [h] epoch=23 step=50 total=0.15897 batch=0.11157
2026-05-16 18:45:48,224 INFO CSMF2.step_1_1_1.run :: [lat] epoch=23 step=50 mean_l2=0.09882 std_l2=4.07012
2026-05-16 18:45:48,230 INFO CSMF2.step_1_1_1.run :: epoch=23 step=50/429 train_nll=-2260.665
2026-05-16 18:45:49,910 INFO CSMF2.step_1_1_1.run :: [h] epoch=23 step=100 total=0.15535 batch=0.10900
2026-05-16 18:45:49,911 INFO CSMF2.step_1_1_1.run :: [lat] epoch=23 step=100 mean_l2=0.07667 std_l2=0.61158
2026-05-16 18:45:49,917 INFO CSMF2.step_1_1_1.run :: epoch=23 step=100/429 train_nll=-2257.676
2026-05-16 18:45:51,454 INFO CSMF2.step_1_1_1.run :: [h] epoch=23 step=150 total=0.15512 batch=0.10924
2026-05-16 18:45:51,455 INFO CSMF2.step_1_1_1.run :: [lat] epoch=23 step=150 mean_l2=0.08704 std_l2=0.37404
2026-05-16 18:45:51,461 INFO CSMF2.step_1_1_1.run :: epoch=23 step=150/429 train_nll=-2256.820
2026-05-16 18:45:52,998 INFO CSMF2.step_1_1_1.run :: [h] epoch=23 step=200 total=0.15157 batch=0.10672
2026-05-16 18:45:52,998 INFO CSMF2.step_1_1_1.run :: [lat] epoch=23 step=200 mean_l2=0.09458 std_l2=0.26036
2026-05-16 18:45:53,005 INFO CSMF2.step_1_1_1.run :: epoch=23 step=200/429 train_nll=-2260.598
2026-05-16 18:45:54,542 INFO CSMF2.step_1_1_1.run :: [h] epoch=23 step=250 total=0.15752 batch=0.11197
2026-05-16 18:45:54,542 INFO CSMF2.step_1_1_1.run :: [lat] epoch=23 step=250 mean_l2=0.09616 std_l2=0.60134
2026-05-16 18:45:54,548 INFO CSMF2.step_1_1_1.run :: epoch=23 step=250/429 train_nll=-2262.846
2026-05-16 18:45:56,118 INFO CSMF2.step_1_1_1.run :: [h] epoch=23 step=300 total=0.15133 batch=0.10759
2026-05-16 18:45:56,118 INFO CSMF2.step_1_1_1.run :: [lat] epoch=23 step=300 mean_l2=0.07581 std_l2=0.31009
2026-05-16 18:45:56,125 INFO CSMF2.step_1_1_1.run :: epoch=23 step=300/429 train_nll=-2265.663
2026-05-16 18:45:57,708 INFO CSMF2.step_1_1_1.run :: [h] epoch=23 step=350 total=0.15802 batch=0.11507
2026-05-16 18:45:57,708 INFO CSMF2.step_1_1_1.run :: [lat] epoch=23 step=350 mean_l2=0.08400 std_l2=5.63513
2026-05-16 18:45:57,714 INFO CSMF2.step_1_1_1.run :: epoch=23 step=350/429 train_nll=-2265.502
2026-05-16 18:45:59,296 INFO CSMF2.step_1_1_1.run :: [h] epoch=23 step=400 total=0.15482 batch=0.10929
2026-05-16 18:45:59,297 INFO CSMF2.step_1_1_1.run :: [lat] epoch=23 step=400 mean_l2=0.09562 std_l2=9.53309
2026-05-16 18:45:59,303 INFO CSMF2.step_1_1_1.run :: epoch=23 step=400/429 train_nll=-2265.796
2026-05-16 18:46:01,206 INFO CSMF2.step_1_1_1.run :: epoch=23  train_nll=-2265.351  val_nll=-2258.033  t=14.7s
2026-05-16 18:46:01,206 INFO CSMF2.step_1_1_1.run :: [h_std] total=0.15352 batch=0.10780 (no penalty)
2026-05-16 18:46:01,206 INFO CSMF2.step_1_1_1.run :: [lat_epoch] mean_l2=0.08699 std_l2=1.16122 lambda=0.100
2026-05-16 18:46:01,206 INFO CSMF2.step_1_1_1.run :: [grad] cond=96.0289 film_gain=0.0000
2026-05-16 18:46:05,917 INFO CSMF2.step_1_1_1.run :: [h] epoch=24 step=50 total=0.15131 batch=0.10571
2026-05-16 18:46:05,917 INFO CSMF2.step_1_1_1.run :: [lat] epoch=24 step=50 mean_l2=0.08824 std_l2=4.32916
2026-05-16 18:46:05,923 INFO CSMF2.step_1_1_1.run :: epoch=24 step=50/429 train_nll=-2272.579
2026-05-16 18:46:07,456 INFO CSMF2.step_1_1_1.run :: [h] epoch=24 step=100 total=0.15021 batch=0.10488
2026-05-16 18:46:07,456 INFO CSMF2.step_1_1_1.run :: [lat] epoch=24 step=100 mean_l2=0.07658 std_l2=0.41299
2026-05-16 18:46:07,462 INFO CSMF2.step_1_1_1.run :: epoch=24 step=100/429 train_nll=-2270.845
2026-05-16 18:46:08,996 INFO CSMF2.step_1_1_1.run :: [h] epoch=24 step=150 total=0.14631 batch=0.10317
2026-05-16 18:46:08,996 INFO CSMF2.step_1_1_1.run :: [lat] epoch=24 step=150 mean_l2=0.08492 std_l2=0.30190
2026-05-16 18:46:09,002 INFO CSMF2.step_1_1_1.run :: epoch=24 step=150/429 train_nll=-2271.253
2026-05-16 18:46:10,534 INFO CSMF2.step_1_1_1.run :: [h] epoch=24 step=200 total=0.14864 batch=0.10496
2026-05-16 18:46:10,534 INFO CSMF2.step_1_1_1.run :: [lat] epoch=24 step=200 mean_l2=0.09687 std_l2=0.27096
2026-05-16 18:46:10,541 INFO CSMF2.step_1_1_1.run :: epoch=24 step=200/429 train_nll=-2274.721
2026-05-16 18:46:12,076 INFO CSMF2.step_1_1_1.run :: [h] epoch=24 step=250 total=0.15107 batch=0.10753
2026-05-16 18:46:12,076 INFO CSMF2.step_1_1_1.run :: [lat] epoch=24 step=250 mean_l2=0.08764 std_l2=0.59445
2026-05-16 18:46:12,082 INFO CSMF2.step_1_1_1.run :: epoch=24 step=250/429 train_nll=-2275.243
2026-05-16 18:46:13,662 INFO CSMF2.step_1_1_1.run :: [h] epoch=24 step=300 total=0.14659 batch=0.10456
2026-05-16 18:46:13,662 INFO CSMF2.step_1_1_1.run :: [lat] epoch=24 step=300 mean_l2=0.08445 std_l2=0.23922
2026-05-16 18:46:13,669 INFO CSMF2.step_1_1_1.run :: epoch=24 step=300/429 train_nll=-2276.994
2026-05-16 18:46:15,248 INFO CSMF2.step_1_1_1.run :: [h] epoch=24 step=350 total=0.15420 batch=0.11177
2026-05-16 18:46:15,248 INFO CSMF2.step_1_1_1.run :: [lat] epoch=24 step=350 mean_l2=0.09476 std_l2=5.96584
2026-05-16 18:46:15,254 INFO CSMF2.step_1_1_1.run :: epoch=24 step=350/429 train_nll=-2275.832
2026-05-16 18:46:16,835 INFO CSMF2.step_1_1_1.run :: [h] epoch=24 step=400 total=0.14728 batch=0.10480
2026-05-16 18:46:16,835 INFO CSMF2.step_1_1_1.run :: [lat] epoch=24 step=400 mean_l2=0.11465 std_l2=9.86290
2026-05-16 18:46:16,841 INFO CSMF2.step_1_1_1.run :: epoch=24 step=400/429 train_nll=-2274.539
2026-05-16 18:46:18,819 INFO CSMF2.step_1_1_1.run :: epoch=24  train_nll=-2273.736  val_nll=-2256.420  t=14.5s
2026-05-16 18:46:18,819 INFO CSMF2.step_1_1_1.run :: [h_std] total=0.14854 batch=0.10414 (no penalty)
2026-05-16 18:46:18,819 INFO CSMF2.step_1_1_1.run :: [lat_epoch] mean_l2=0.08678 std_l2=1.17586 lambda=0.100
2026-05-16 18:46:18,819 INFO CSMF2.step_1_1_1.run :: [grad] cond=122.0973 film_gain=0.0000
2026-05-16 18:46:23,542 INFO CSMF2.step_1_1_1.run :: [h] epoch=25 step=50 total=0.14834 batch=0.10367
2026-05-16 18:46:23,542 INFO CSMF2.step_1_1_1.run :: [lat] epoch=25 step=50 mean_l2=0.07694 std_l2=4.51257
2026-05-16 18:46:23,548 INFO CSMF2.step_1_1_1.run :: epoch=25 step=50/429 train_nll=-2280.638
2026-05-16 18:46:25,084 INFO CSMF2.step_1_1_1.run :: [h] epoch=25 step=100 total=0.14670 batch=0.10224
2026-05-16 18:46:25,085 INFO CSMF2.step_1_1_1.run :: [lat] epoch=25 step=100 mean_l2=0.08577 std_l2=0.42149
2026-05-16 18:46:25,091 INFO CSMF2.step_1_1_1.run :: epoch=25 step=100/429 train_nll=-2276.122
2026-05-16 18:46:26,626 INFO CSMF2.step_1_1_1.run :: [h] epoch=25 step=150 total=0.14369 batch=0.10147
2026-05-16 18:46:26,626 INFO CSMF2.step_1_1_1.run :: [lat] epoch=25 step=150 mean_l2=0.09844 std_l2=0.38119
2026-05-16 18:46:26,632 INFO CSMF2.step_1_1_1.run :: epoch=25 step=150/429 train_nll=-2276.837
2026-05-16 18:46:28,168 INFO CSMF2.step_1_1_1.run :: [h] epoch=25 step=200 total=0.14296 batch=0.10138
2026-05-16 18:46:28,168 INFO CSMF2.step_1_1_1.run :: [lat] epoch=25 step=200 mean_l2=0.08802 std_l2=0.25342
2026-05-16 18:46:28,175 INFO CSMF2.step_1_1_1.run :: epoch=25 step=200/429 train_nll=-2280.563
2026-05-16 18:46:29,714 INFO CSMF2.step_1_1_1.run :: [h] epoch=25 step=250 total=0.14608 batch=0.10408
2026-05-16 18:46:29,714 INFO CSMF2.step_1_1_1.run :: [lat] epoch=25 step=250 mean_l2=0.07410 std_l2=0.64533
2026-05-16 18:46:29,721 INFO CSMF2.step_1_1_1.run :: epoch=25 step=250/429 train_nll=-2282.054
2026-05-16 18:46:31,302 INFO CSMF2.step_1_1_1.run :: [h] epoch=25 step=300 total=0.14317 batch=0.10179
2026-05-16 18:46:31,302 INFO CSMF2.step_1_1_1.run :: [lat] epoch=25 step=300 mean_l2=0.07699 std_l2=0.36553
2026-05-16 18:46:31,309 INFO CSMF2.step_1_1_1.run :: epoch=25 step=300/429 train_nll=-2283.676
2026-05-16 18:46:32,890 INFO CSMF2.step_1_1_1.run :: [h] epoch=25 step=350 total=0.14949 batch=0.10887
2026-05-16 18:46:32,891 INFO CSMF2.step_1_1_1.run :: [lat] epoch=25 step=350 mean_l2=0.07866 std_l2=6.12879
2026-05-16 18:46:32,897 INFO CSMF2.step_1_1_1.run :: epoch=25 step=350/429 train_nll=-2283.251
2026-05-16 18:46:34,540 INFO CSMF2.step_1_1_1.run :: [h] epoch=25 step=400 total=0.14335 batch=0.10280
2026-05-16 18:46:34,540 INFO CSMF2.step_1_1_1.run :: [lat] epoch=25 step=400 mean_l2=0.09410 std_l2=10.51507
2026-05-16 18:46:34,546 INFO CSMF2.step_1_1_1.run :: epoch=25 step=400/429 train_nll=-2282.560
2026-05-16 18:46:36,444 INFO CSMF2.step_1_1_1.run :: epoch=25  train_nll=-2281.842  val_nll=-2267.961  t=14.5s
2026-05-16 18:46:36,444 INFO CSMF2.step_1_1_1.run :: [h_std] total=0.14381 batch=0.10098 (no penalty)
2026-05-16 18:46:36,444 INFO CSMF2.step_1_1_1.run :: [lat_epoch] mean_l2=0.08592 std_l2=1.22386 lambda=0.100
2026-05-16 18:46:36,444 INFO CSMF2.step_1_1_1.run :: [grad] cond=124.5805 film_gain=0.0000
2026-05-16 18:46:42,323 INFO CSMF2.step_1_1_1.run :: [h] epoch=26 step=50 total=0.14268 batch=0.10123
2026-05-16 18:46:42,324 INFO CSMF2.step_1_1_1.run :: [lat] epoch=26 step=50 mean_l2=0.09730 std_l2=4.92783
2026-05-16 18:46:42,333 INFO CSMF2.step_1_1_1.run :: epoch=26 step=50/429 train_nll=-2286.813
2026-05-16 18:46:44,439 INFO CSMF2.step_1_1_1.run :: [h] epoch=26 step=100 total=0.14088 batch=0.09910
2026-05-16 18:46:44,439 INFO CSMF2.step_1_1_1.run :: [lat] epoch=26 step=100 mean_l2=0.09151 std_l2=0.45414
2026-05-16 18:46:44,446 INFO CSMF2.step_1_1_1.run :: epoch=26 step=100/429 train_nll=-2284.625
2026-05-16 18:46:46,433 INFO CSMF2.step_1_1_1.run :: [h] epoch=26 step=150 total=0.13857 batch=0.09858
2026-05-16 18:46:46,433 INFO CSMF2.step_1_1_1.run :: [lat] epoch=26 step=150 mean_l2=0.07367 std_l2=0.33512
2026-05-16 18:46:46,443 INFO CSMF2.step_1_1_1.run :: epoch=26 step=150/429 train_nll=-2285.110
2026-05-16 18:46:48,058 INFO CSMF2.step_1_1_1.run :: [h] epoch=26 step=200 total=0.13948 batch=0.09846
2026-05-16 18:46:48,058 INFO CSMF2.step_1_1_1.run :: [lat] epoch=26 step=200 mean_l2=0.08855 std_l2=0.26177
2026-05-16 18:46:48,065 INFO CSMF2.step_1_1_1.run :: epoch=26 step=200/429 train_nll=-2288.583
2026-05-16 18:46:49,773 INFO CSMF2.step_1_1_1.run :: [h] epoch=26 step=250 total=0.14340 batch=0.10303
2026-05-16 18:46:49,774 INFO CSMF2.step_1_1_1.run :: [lat] epoch=26 step=250 mean_l2=0.08252 std_l2=0.63474
2026-05-16 18:46:49,780 INFO CSMF2.step_1_1_1.run :: epoch=26 step=250/429 train_nll=-2290.250
2026-05-16 18:46:51,343 INFO CSMF2.step_1_1_1.run :: [h] epoch=26 step=300 total=0.14015 batch=0.10023
2026-05-16 18:46:51,343 INFO CSMF2.step_1_1_1.run :: [lat] epoch=26 step=300 mean_l2=0.08377 std_l2=0.26797
2026-05-16 18:46:51,350 INFO CSMF2.step_1_1_1.run :: epoch=26 step=300/429 train_nll=-2291.579
2026-05-16 18:46:53,006 INFO CSMF2.step_1_1_1.run :: [h] epoch=26 step=350 total=0.14591 batch=0.10660
2026-05-16 18:46:53,006 INFO CSMF2.step_1_1_1.run :: [lat] epoch=26 step=350 mean_l2=0.09616 std_l2=6.19740
2026-05-16 18:46:53,012 INFO CSMF2.step_1_1_1.run :: epoch=26 step=350/429 train_nll=-2290.928
2026-05-16 18:46:54,606 INFO CSMF2.step_1_1_1.run :: [h] epoch=26 step=400 total=0.14215 batch=0.10094
2026-05-16 18:46:54,607 INFO CSMF2.step_1_1_1.run :: [lat] epoch=26 step=400 mean_l2=0.09604 std_l2=11.22672
2026-05-16 18:46:54,613 INFO CSMF2.step_1_1_1.run :: epoch=26 step=400/429 train_nll=-2290.906
2026-05-16 18:46:56,535 INFO CSMF2.step_1_1_1.run :: epoch=26  train_nll=-2290.039  val_nll=-2278.059  t=17.0s
2026-05-16 18:46:56,535 INFO CSMF2.step_1_1_1.run :: [h_std] total=0.14022 batch=0.09872 (no penalty)
2026-05-16 18:46:56,535 INFO CSMF2.step_1_1_1.run :: [lat_epoch] mean_l2=0.08757 std_l2=1.23187 lambda=0.100
2026-05-16 18:46:56,535 INFO CSMF2.step_1_1_1.run :: [grad] cond=126.9445 film_gain=0.0000
2026-05-16 18:47:01,282 INFO CSMF2.step_1_1_1.run :: [h] epoch=27 step=50 total=0.13999 batch=0.09820
2026-05-16 18:47:01,283 INFO CSMF2.step_1_1_1.run :: [lat] epoch=27 step=50 mean_l2=0.10132 std_l2=4.39309
2026-05-16 18:47:01,289 INFO CSMF2.step_1_1_1.run :: epoch=27 step=50/429 train_nll=-2298.321
2026-05-16 18:47:03,021 INFO CSMF2.step_1_1_1.run :: [h] epoch=27 step=100 total=0.13936 batch=0.09785
2026-05-16 18:47:03,021 INFO CSMF2.step_1_1_1.run :: [lat] epoch=27 step=100 mean_l2=0.07759 std_l2=0.48132
2026-05-16 18:47:03,027 INFO CSMF2.step_1_1_1.run :: epoch=27 step=100/429 train_nll=-2294.501
2026-05-16 18:47:04,571 INFO CSMF2.step_1_1_1.run :: [h] epoch=27 step=150 total=0.13726 batch=0.09823
2026-05-16 18:47:04,571 INFO CSMF2.step_1_1_1.run :: [lat] epoch=27 step=150 mean_l2=0.08118 std_l2=0.32060
2026-05-16 18:47:04,577 INFO CSMF2.step_1_1_1.run :: epoch=27 step=150/429 train_nll=-2294.020
2026-05-16 18:47:06,121 INFO CSMF2.step_1_1_1.run :: [h] epoch=27 step=200 total=0.13639 batch=0.09726
2026-05-16 18:47:06,121 INFO CSMF2.step_1_1_1.run :: [lat] epoch=27 step=200 mean_l2=0.08396 std_l2=0.24402
2026-05-16 18:47:06,128 INFO CSMF2.step_1_1_1.run :: epoch=27 step=200/429 train_nll=-2296.869
2026-05-16 18:47:07,671 INFO CSMF2.step_1_1_1.run :: [h] epoch=27 step=250 total=0.14004 batch=0.09940
2026-05-16 18:47:07,671 INFO CSMF2.step_1_1_1.run :: [lat] epoch=27 step=250 mean_l2=0.08844 std_l2=0.78224
2026-05-16 18:47:07,677 INFO CSMF2.step_1_1_1.run :: epoch=27 step=250/429 train_nll=-2298.159
2026-05-16 18:47:09,260 INFO CSMF2.step_1_1_1.run :: [h] epoch=27 step=300 total=0.13561 batch=0.09714
2026-05-16 18:47:09,260 INFO CSMF2.step_1_1_1.run :: [lat] epoch=27 step=300 mean_l2=0.07193 std_l2=0.46890
2026-05-16 18:47:09,266 INFO CSMF2.step_1_1_1.run :: epoch=27 step=300/429 train_nll=-2299.958
2026-05-16 18:47:10,853 INFO CSMF2.step_1_1_1.run :: [h] epoch=27 step=350 total=0.14177 batch=0.10323
2026-05-16 18:47:10,853 INFO CSMF2.step_1_1_1.run :: [lat] epoch=27 step=350 mean_l2=0.08804 std_l2=6.24433
2026-05-16 18:47:10,859 INFO CSMF2.step_1_1_1.run :: epoch=27 step=350/429 train_nll=-2299.331
2026-05-16 18:47:12,463 INFO CSMF2.step_1_1_1.run :: [h] epoch=27 step=400 total=0.13650 batch=0.09694
2026-05-16 18:47:12,463 INFO CSMF2.step_1_1_1.run :: [lat] epoch=27 step=400 mean_l2=0.09768 std_l2=11.75664
2026-05-16 18:47:12,470 INFO CSMF2.step_1_1_1.run :: epoch=27 step=400/429 train_nll=-2299.032
2026-05-16 18:47:14,392 INFO CSMF2.step_1_1_1.run :: epoch=27  train_nll=-2298.880  val_nll=-2281.354  t=14.7s
2026-05-16 18:47:14,393 INFO CSMF2.step_1_1_1.run :: [h_std] total=0.13724 batch=0.09717 (no penalty)
2026-05-16 18:47:14,393 INFO CSMF2.step_1_1_1.run :: [lat_epoch] mean_l2=0.08447 std_l2=1.23731 lambda=0.100
2026-05-16 18:47:14,393 INFO CSMF2.step_1_1_1.run :: [grad] cond=111.8988 film_gain=0.0000
2026-05-16 18:47:19,445 INFO CSMF2.step_1_1_1.run :: [h] epoch=28 step=50 total=0.13750 batch=0.09686
2026-05-16 18:47:19,445 INFO CSMF2.step_1_1_1.run :: [lat] epoch=28 step=50 mean_l2=0.07759 std_l2=4.84760
2026-05-16 18:47:19,451 INFO CSMF2.step_1_1_1.run :: epoch=28 step=50/429 train_nll=-2305.335
2026-05-16 18:47:21,008 INFO CSMF2.step_1_1_1.run :: [h] epoch=28 step=100 total=0.13547 batch=0.09586
2026-05-16 18:47:21,009 INFO CSMF2.step_1_1_1.run :: [lat] epoch=28 step=100 mean_l2=0.07102 std_l2=0.42861
2026-05-16 18:47:21,015 INFO CSMF2.step_1_1_1.run :: epoch=28 step=100/429 train_nll=-2303.369
2026-05-16 18:47:22,572 INFO CSMF2.step_1_1_1.run :: [h] epoch=28 step=150 total=0.13335 batch=0.09544
2026-05-16 18:47:22,573 INFO CSMF2.step_1_1_1.run :: [lat] epoch=28 step=150 mean_l2=0.07919 std_l2=0.40953
2026-05-16 18:47:22,579 INFO CSMF2.step_1_1_1.run :: epoch=28 step=150/429 train_nll=-2303.330
2026-05-16 18:47:24,136 INFO CSMF2.step_1_1_1.run :: [h] epoch=28 step=200 total=0.13210 batch=0.09435
2026-05-16 18:47:24,137 INFO CSMF2.step_1_1_1.run :: [lat] epoch=28 step=200 mean_l2=0.09603 std_l2=0.25161
2026-05-16 18:47:24,143 INFO CSMF2.step_1_1_1.run :: epoch=28 step=200/429 train_nll=-2305.681
2026-05-16 18:47:25,700 INFO CSMF2.step_1_1_1.run :: [h] epoch=28 step=250 total=0.13572 batch=0.09672
2026-05-16 18:47:25,700 INFO CSMF2.step_1_1_1.run :: [lat] epoch=28 step=250 mean_l2=0.08075 std_l2=0.80639
2026-05-16 18:47:25,706 INFO CSMF2.step_1_1_1.run :: epoch=28 step=250/429 train_nll=-2306.171
2026-05-16 18:47:27,299 INFO CSMF2.step_1_1_1.run :: [h] epoch=28 step=300 total=0.13291 batch=0.09568
2026-05-16 18:47:27,299 INFO CSMF2.step_1_1_1.run :: [lat] epoch=28 step=300 mean_l2=0.08803 std_l2=0.27982
2026-05-16 18:47:27,306 INFO CSMF2.step_1_1_1.run :: epoch=28 step=300/429 train_nll=-2307.813
2026-05-16 18:47:28,903 INFO CSMF2.step_1_1_1.run :: [h] epoch=28 step=350 total=0.13576 batch=0.09855
2026-05-16 18:47:28,904 INFO CSMF2.step_1_1_1.run :: [lat] epoch=28 step=350 mean_l2=0.09297 std_l2=6.30016
2026-05-16 18:47:28,910 INFO CSMF2.step_1_1_1.run :: epoch=28 step=350/429 train_nll=-2307.124
2026-05-16 18:47:30,510 INFO CSMF2.step_1_1_1.run :: [h] epoch=28 step=400 total=0.13364 batch=0.09559
2026-05-16 18:47:30,510 INFO CSMF2.step_1_1_1.run :: [lat] epoch=28 step=400 mean_l2=0.09693 std_l2=12.19079
2026-05-16 18:47:30,516 INFO CSMF2.step_1_1_1.run :: epoch=28 step=400/429 train_nll=-2306.641
2026-05-16 18:47:32,443 INFO CSMF2.step_1_1_1.run :: epoch=28  train_nll=-2304.461  val_nll=-2271.334  t=14.8s
2026-05-16 18:47:32,443 INFO CSMF2.step_1_1_1.run :: [h_std] total=0.13371 batch=0.09482 (no penalty)
2026-05-16 18:47:32,443 INFO CSMF2.step_1_1_1.run :: [lat_epoch] mean_l2=0.08687 std_l2=1.27949 lambda=0.100
2026-05-16 18:47:32,443 INFO CSMF2.step_1_1_1.run :: [grad] cond=169.6612 film_gain=0.0000
2026-05-16 18:47:37,153 INFO CSMF2.step_1_1_1.run :: [h] epoch=29 step=50 total=0.13249 batch=0.09376
2026-05-16 18:47:37,153 INFO CSMF2.step_1_1_1.run :: [lat] epoch=29 step=50 mean_l2=0.08212 std_l2=4.82228
2026-05-16 18:47:37,159 INFO CSMF2.step_1_1_1.run :: epoch=29 step=50/429 train_nll=-2307.449
2026-05-16 18:47:38,705 INFO CSMF2.step_1_1_1.run :: [h] epoch=29 step=100 total=0.13108 batch=0.09341
2026-05-16 18:47:38,706 INFO CSMF2.step_1_1_1.run :: [lat] epoch=29 step=100 mean_l2=0.09305 std_l2=0.45287
2026-05-16 18:47:38,712 INFO CSMF2.step_1_1_1.run :: epoch=29 step=100/429 train_nll=-2303.916
2026-05-16 18:47:40,259 INFO CSMF2.step_1_1_1.run :: [h] epoch=29 step=150 total=0.12927 batch=0.09205
2026-05-16 18:47:40,259 INFO CSMF2.step_1_1_1.run :: [lat] epoch=29 step=150 mean_l2=0.08722 std_l2=0.32090
2026-05-16 18:47:40,265 INFO CSMF2.step_1_1_1.run :: epoch=29 step=150/429 train_nll=-2304.219
2026-05-16 18:47:41,814 INFO CSMF2.step_1_1_1.run :: [h] epoch=29 step=200 total=0.12946 batch=0.09240
2026-05-16 18:47:41,814 INFO CSMF2.step_1_1_1.run :: [lat] epoch=29 step=200 mean_l2=0.08913 std_l2=0.21902
2026-05-16 18:47:41,820 INFO CSMF2.step_1_1_1.run :: epoch=29 step=200/429 train_nll=-2308.094
2026-05-16 18:47:43,369 INFO CSMF2.step_1_1_1.run :: [h] epoch=29 step=250 total=0.13177 batch=0.09491
2026-05-16 18:47:43,369 INFO CSMF2.step_1_1_1.run :: [lat] epoch=29 step=250 mean_l2=0.08021 std_l2=0.73764
2026-05-16 18:47:43,375 INFO CSMF2.step_1_1_1.run :: epoch=29 step=250/429 train_nll=-2309.985
2026-05-16 18:47:44,964 INFO CSMF2.step_1_1_1.run :: [h] epoch=29 step=300 total=0.13009 batch=0.09440
2026-05-16 18:47:44,965 INFO CSMF2.step_1_1_1.run :: [lat] epoch=29 step=300 mean_l2=0.07677 std_l2=0.24739
2026-05-16 18:47:44,971 INFO CSMF2.step_1_1_1.run :: epoch=29 step=300/429 train_nll=-2312.392
2026-05-16 18:47:46,560 INFO CSMF2.step_1_1_1.run :: [h] epoch=29 step=350 total=0.13511 batch=0.09967
2026-05-16 18:47:46,560 INFO CSMF2.step_1_1_1.run :: [lat] epoch=29 step=350 mean_l2=0.08166 std_l2=6.41987
2026-05-16 18:47:46,566 INFO CSMF2.step_1_1_1.run :: epoch=29 step=350/429 train_nll=-2312.030
2026-05-16 18:47:48,156 INFO CSMF2.step_1_1_1.run :: [h] epoch=29 step=400 total=0.12960 batch=0.09215
2026-05-16 18:47:48,157 INFO CSMF2.step_1_1_1.run :: [lat] epoch=29 step=400 mean_l2=0.08454 std_l2=11.58899
2026-05-16 18:47:48,163 INFO CSMF2.step_1_1_1.run :: epoch=29 step=400/429 train_nll=-2311.950
2026-05-16 18:47:50,076 INFO CSMF2.step_1_1_1.run :: epoch=29  train_nll=-2311.064  val_nll=-2287.247  t=14.5s
2026-05-16 18:47:50,076 INFO CSMF2.step_1_1_1.run :: [h_std] total=0.13015 batch=0.09270 (no penalty)
2026-05-16 18:47:50,076 INFO CSMF2.step_1_1_1.run :: [lat_epoch] mean_l2=0.08491 std_l2=1.36052 lambda=0.100
2026-05-16 18:47:50,076 INFO CSMF2.step_1_1_1.run :: [grad] cond=154.6714 film_gain=0.0000
2026-05-16 18:47:54,931 INFO CSMF2.step_1_1_1.run :: [h] epoch=30 step=50 total=0.13083 batch=0.09269
2026-05-16 18:47:54,931 INFO CSMF2.step_1_1_1.run :: [lat] epoch=30 step=50 mean_l2=0.11789 std_l2=4.83866
2026-05-16 18:47:54,938 INFO CSMF2.step_1_1_1.run :: epoch=30 step=50/429 train_nll=-2306.116
2026-05-16 18:47:56,497 INFO CSMF2.step_1_1_1.run :: [h] epoch=30 step=100 total=0.12798 batch=0.09167
2026-05-16 18:47:56,497 INFO CSMF2.step_1_1_1.run :: [lat] epoch=30 step=100 mean_l2=0.08378 std_l2=0.49391
2026-05-16 18:47:56,503 INFO CSMF2.step_1_1_1.run :: epoch=30 step=100/429 train_nll=-2304.114
2026-05-16 18:47:58,062 INFO CSMF2.step_1_1_1.run :: [h] epoch=30 step=150 total=0.12633 batch=0.09055
2026-05-16 18:47:58,062 INFO CSMF2.step_1_1_1.run :: [lat] epoch=30 step=150 mean_l2=0.08272 std_l2=0.33313
2026-05-16 18:47:58,068 INFO CSMF2.step_1_1_1.run :: epoch=30 step=150/429 train_nll=-2305.782
2026-05-16 18:47:59,627 INFO CSMF2.step_1_1_1.run :: [h] epoch=30 step=200 total=0.12478 batch=0.08974
2026-05-16 18:47:59,627 INFO CSMF2.step_1_1_1.run :: [lat] epoch=30 step=200 mean_l2=0.09437 std_l2=0.23383
2026-05-16 18:47:59,633 INFO CSMF2.step_1_1_1.run :: epoch=30 step=200/429 train_nll=-2309.878
2026-05-16 18:48:01,191 INFO CSMF2.step_1_1_1.run :: [h] epoch=30 step=250 total=0.12773 batch=0.09114
2026-05-16 18:48:01,192 INFO CSMF2.step_1_1_1.run :: [lat] epoch=30 step=250 mean_l2=0.07457 std_l2=0.86601
2026-05-16 18:48:01,198 INFO CSMF2.step_1_1_1.run :: epoch=30 step=250/429 train_nll=-2311.795
2026-05-16 18:48:02,791 INFO CSMF2.step_1_1_1.run :: [h] epoch=30 step=300 total=0.12583 batch=0.09036
2026-05-16 18:48:02,792 INFO CSMF2.step_1_1_1.run :: [lat] epoch=30 step=300 mean_l2=0.07906 std_l2=0.25244
2026-05-16 18:48:02,798 INFO CSMF2.step_1_1_1.run :: epoch=30 step=300/429 train_nll=-2314.770
2026-05-16 18:48:04,398 INFO CSMF2.step_1_1_1.run :: [h] epoch=30 step=350 total=0.13122 batch=0.09552
2026-05-16 18:48:04,398 INFO CSMF2.step_1_1_1.run :: [lat] epoch=30 step=350 mean_l2=0.08310 std_l2=6.74930
2026-05-16 18:48:04,404 INFO CSMF2.step_1_1_1.run :: epoch=30 step=350/429 train_nll=-2314.475
2026-05-16 18:48:06,003 INFO CSMF2.step_1_1_1.run :: [h] epoch=30 step=400 total=0.12589 batch=0.09054
2026-05-16 18:48:06,003 INFO CSMF2.step_1_1_1.run :: [lat] epoch=30 step=400 mean_l2=0.10434 std_l2=10.89571
2026-05-16 18:48:06,010 INFO CSMF2.step_1_1_1.run :: epoch=30 step=400/429 train_nll=-2314.650
2026-05-16 18:48:07,935 INFO CSMF2.step_1_1_1.run :: epoch=30  train_nll=-2314.442  val_nll=-2299.427  t=14.6s
2026-05-16 18:48:07,935 INFO CSMF2.step_1_1_1.run :: [h_std] total=0.12690 batch=0.09016 (no penalty)
2026-05-16 18:48:07,935 INFO CSMF2.step_1_1_1.run :: [lat_epoch] mean_l2=0.08607 std_l2=1.35979 lambda=0.100
2026-05-16 18:48:07,935 INFO CSMF2.step_1_1_1.run :: [grad] cond=174.1886 film_gain=0.0000
2026-05-16 18:48:12,678 INFO CSMF2.step_1_1_1.run :: [h] epoch=31 step=50 total=0.12724 batch=0.09055
2026-05-16 18:48:12,678 INFO CSMF2.step_1_1_1.run :: [lat] epoch=31 step=50 mean_l2=0.09283 std_l2=4.87552
2026-05-16 18:48:12,685 INFO CSMF2.step_1_1_1.run :: epoch=31 step=50/429 train_nll=-2319.924
2026-05-16 18:48:14,254 INFO CSMF2.step_1_1_1.run :: [h] epoch=31 step=100 total=0.12551 batch=0.08989
2026-05-16 18:48:14,255 INFO CSMF2.step_1_1_1.run :: [lat] epoch=31 step=100 mean_l2=0.10126 std_l2=0.49215
2026-05-16 18:48:14,261 INFO CSMF2.step_1_1_1.run :: epoch=31 step=100/429 train_nll=-2315.310
2026-05-16 18:48:15,830 INFO CSMF2.step_1_1_1.run :: [h] epoch=31 step=150 total=0.12371 batch=0.08927
2026-05-16 18:48:15,830 INFO CSMF2.step_1_1_1.run :: [lat] epoch=31 step=150 mean_l2=0.07247 std_l2=0.32478
2026-05-16 18:48:15,836 INFO CSMF2.step_1_1_1.run :: epoch=31 step=150/429 train_nll=-2316.625
2026-05-16 18:48:17,406 INFO CSMF2.step_1_1_1.run :: [h] epoch=31 step=200 total=0.12360 batch=0.08899
2026-05-16 18:48:17,406 INFO CSMF2.step_1_1_1.run :: [lat] epoch=31 step=200 mean_l2=0.08467 std_l2=0.23756
2026-05-16 18:48:17,412 INFO CSMF2.step_1_1_1.run :: epoch=31 step=200/429 train_nll=-2322.188
2026-05-16 18:48:18,992 INFO CSMF2.step_1_1_1.run :: [h] epoch=31 step=250 total=0.12906 batch=0.09304
2026-05-16 18:48:18,992 INFO CSMF2.step_1_1_1.run :: [lat] epoch=31 step=250 mean_l2=0.08610 std_l2=0.93499
2026-05-16 18:48:18,998 INFO CSMF2.step_1_1_1.run :: epoch=31 step=250/429 train_nll=-2324.709
2026-05-16 18:48:20,615 INFO CSMF2.step_1_1_1.run :: [h] epoch=31 step=300 total=0.12433 batch=0.08963
2026-05-16 18:48:20,616 INFO CSMF2.step_1_1_1.run :: [lat] epoch=31 step=300 mean_l2=0.07583 std_l2=0.20468
2026-05-16 18:48:20,622 INFO CSMF2.step_1_1_1.run :: epoch=31 step=300/429 train_nll=-2327.089
2026-05-16 18:48:22,239 INFO CSMF2.step_1_1_1.run :: [h] epoch=31 step=350 total=0.12859 batch=0.09379
2026-05-16 18:48:22,239 INFO CSMF2.step_1_1_1.run :: [lat] epoch=31 step=350 mean_l2=0.10195 std_l2=6.62762
2026-05-16 18:48:22,245 INFO CSMF2.step_1_1_1.run :: epoch=31 step=350/429 train_nll=-2326.570
2026-05-16 18:48:23,862 INFO CSMF2.step_1_1_1.run :: [h] epoch=31 step=400 total=0.12591 batch=0.09118
2026-05-16 18:48:23,862 INFO CSMF2.step_1_1_1.run :: [lat] epoch=31 step=400 mean_l2=0.10185 std_l2=11.84167
2026-05-16 18:48:23,869 INFO CSMF2.step_1_1_1.run :: epoch=31 step=400/429 train_nll=-2325.380
2026-05-16 18:48:25,818 INFO CSMF2.step_1_1_1.run :: epoch=31  train_nll=-2324.906  val_nll=-2304.258  t=14.8s
2026-05-16 18:48:25,818 INFO CSMF2.step_1_1_1.run :: [h_std] total=0.12437 batch=0.08868 (no penalty)
2026-05-16 18:48:25,818 INFO CSMF2.step_1_1_1.run :: [lat_epoch] mean_l2=0.08420 std_l2=1.30839 lambda=0.100
2026-05-16 18:48:25,819 INFO CSMF2.step_1_1_1.run :: [grad] cond=142.6213 film_gain=0.0000
2026-05-16 18:48:30,704 INFO CSMF2.step_1_1_1.run :: [h] epoch=32 step=50 total=0.12494 batch=0.08886
2026-05-16 18:48:30,704 INFO CSMF2.step_1_1_1.run :: [lat] epoch=32 step=50 mean_l2=0.10924 std_l2=5.89742
2026-05-16 18:48:30,711 INFO CSMF2.step_1_1_1.run :: epoch=32 step=50/429 train_nll=-2322.520
2026-05-16 18:48:32,263 INFO CSMF2.step_1_1_1.run :: [h] epoch=32 step=100 total=0.12267 batch=0.08786
2026-05-16 18:48:32,263 INFO CSMF2.step_1_1_1.run :: [lat] epoch=32 step=100 mean_l2=0.09090 std_l2=0.50782
2026-05-16 18:48:32,270 INFO CSMF2.step_1_1_1.run :: epoch=32 step=100/429 train_nll=-2321.357
2026-05-16 18:48:33,822 INFO CSMF2.step_1_1_1.run :: [h] epoch=32 step=150 total=0.12229 batch=0.08826
2026-05-16 18:48:33,822 INFO CSMF2.step_1_1_1.run :: [lat] epoch=32 step=150 mean_l2=0.07993 std_l2=0.29673
2026-05-16 18:48:33,828 INFO CSMF2.step_1_1_1.run :: epoch=32 step=150/429 train_nll=-2322.369
2026-05-16 18:48:35,411 INFO CSMF2.step_1_1_1.run :: [h] epoch=32 step=200 total=0.12102 batch=0.08667
2026-05-16 18:48:35,411 INFO CSMF2.step_1_1_1.run :: [lat] epoch=32 step=200 mean_l2=0.08347 std_l2=0.26138
2026-05-16 18:48:35,418 INFO CSMF2.step_1_1_1.run :: epoch=32 step=200/429 train_nll=-2326.658
2026-05-16 18:48:36,972 INFO CSMF2.step_1_1_1.run :: [h] epoch=32 step=250 total=0.12293 batch=0.08783
2026-05-16 18:48:36,972 INFO CSMF2.step_1_1_1.run :: [lat] epoch=32 step=250 mean_l2=0.07292 std_l2=0.79876
2026-05-16 18:48:36,978 INFO CSMF2.step_1_1_1.run :: epoch=32 step=250/429 train_nll=-2329.198
2026-05-16 18:48:38,574 INFO CSMF2.step_1_1_1.run :: [h] epoch=32 step=300 total=0.12136 batch=0.08753
2026-05-16 18:48:38,574 INFO CSMF2.step_1_1_1.run :: [lat] epoch=32 step=300 mean_l2=0.08058 std_l2=0.18736
2026-05-16 18:48:38,581 INFO CSMF2.step_1_1_1.run :: epoch=32 step=300/429 train_nll=-2331.355
2026-05-16 18:48:40,235 INFO CSMF2.step_1_1_1.run :: [h] epoch=32 step=350 total=0.12608 batch=0.09190
2026-05-16 18:48:40,236 INFO CSMF2.step_1_1_1.run :: [lat] epoch=32 step=350 mean_l2=0.08598 std_l2=6.71822
2026-05-16 18:48:40,242 INFO CSMF2.step_1_1_1.run :: epoch=32 step=350/429 train_nll=-2331.048
2026-05-16 18:48:41,838 INFO CSMF2.step_1_1_1.run :: [h] epoch=32 step=400 total=0.12345 batch=0.08959
2026-05-16 18:48:41,838 INFO CSMF2.step_1_1_1.run :: [lat] epoch=32 step=400 mean_l2=0.08740 std_l2=12.03308
2026-05-16 18:48:41,844 INFO CSMF2.step_1_1_1.run :: epoch=32 step=400/429 train_nll=-2330.839
2026-05-16 18:48:43,764 INFO CSMF2.step_1_1_1.run :: epoch=32  train_nll=-2330.954  val_nll=-2312.412  t=14.7s
2026-05-16 18:48:43,764 INFO CSMF2.step_1_1_1.run :: [h_std] total=0.12223 batch=0.08725 (no penalty)
2026-05-16 18:48:43,764 INFO CSMF2.step_1_1_1.run :: [lat_epoch] mean_l2=0.08512 std_l2=1.29289 lambda=0.100
2026-05-16 18:48:43,764 INFO CSMF2.step_1_1_1.run :: [grad] cond=108.0313 film_gain=0.0000
2026-05-16 18:48:48,488 INFO CSMF2.step_1_1_1.run :: [h] epoch=33 step=50 total=0.12132 batch=0.08639
2026-05-16 18:48:48,488 INFO CSMF2.step_1_1_1.run :: [lat] epoch=33 step=50 mean_l2=0.08066 std_l2=5.32514
2026-05-16 18:48:48,495 INFO CSMF2.step_1_1_1.run :: epoch=33 step=50/429 train_nll=-2338.712
2026-05-16 18:48:50,375 INFO CSMF2.step_1_1_1.run :: [h] epoch=33 step=100 total=0.12192 batch=0.08712
2026-05-16 18:48:50,375 INFO CSMF2.step_1_1_1.run :: [lat] epoch=33 step=100 mean_l2=0.07757 std_l2=0.51336
2026-05-16 18:48:50,384 INFO CSMF2.step_1_1_1.run :: epoch=33 step=100/429 train_nll=-2334.108
2026-05-16 18:48:52,191 INFO CSMF2.step_1_1_1.run :: [h] epoch=33 step=150 total=0.11919 batch=0.08603
2026-05-16 18:48:52,192 INFO CSMF2.step_1_1_1.run :: [lat] epoch=33 step=150 mean_l2=0.07846 std_l2=0.33953
2026-05-16 18:48:52,198 INFO CSMF2.step_1_1_1.run :: epoch=33 step=150/429 train_nll=-2332.845
2026-05-16 18:48:53,756 INFO CSMF2.step_1_1_1.run :: [h] epoch=33 step=200 total=0.11948 batch=0.08613
2026-05-16 18:48:53,756 INFO CSMF2.step_1_1_1.run :: [lat] epoch=33 step=200 mean_l2=0.07383 std_l2=0.24718
2026-05-16 18:48:53,763 INFO CSMF2.step_1_1_1.run :: epoch=33 step=200/429 train_nll=-2336.494
2026-05-16 18:48:55,382 INFO CSMF2.step_1_1_1.run :: [h] epoch=33 step=250 total=0.12164 batch=0.08677
2026-05-16 18:48:55,382 INFO CSMF2.step_1_1_1.run :: [lat] epoch=33 step=250 mean_l2=0.08931 std_l2=0.84684
2026-05-16 18:48:55,389 INFO CSMF2.step_1_1_1.run :: epoch=33 step=250/429 train_nll=-2337.302
2026-05-16 18:48:56,990 INFO CSMF2.step_1_1_1.run :: [h] epoch=33 step=300 total=0.11974 batch=0.08654
2026-05-16 18:48:56,991 INFO CSMF2.step_1_1_1.run :: [lat] epoch=33 step=300 mean_l2=0.08546 std_l2=0.19208
2026-05-16 18:48:56,997 INFO CSMF2.step_1_1_1.run :: epoch=33 step=300/429 train_nll=-2337.332
2026-05-16 18:48:58,630 INFO CSMF2.step_1_1_1.run :: [h] epoch=33 step=350 total=0.12351 batch=0.09016
2026-05-16 18:48:58,630 INFO CSMF2.step_1_1_1.run :: [lat] epoch=33 step=350 mean_l2=0.07896 std_l2=6.61204
2026-05-16 18:48:58,637 INFO CSMF2.step_1_1_1.run :: epoch=33 step=350/429 train_nll=-2336.466
2026-05-16 18:49:00,377 INFO CSMF2.step_1_1_1.run :: [h] epoch=33 step=400 total=0.12110 batch=0.08738
2026-05-16 18:49:00,378 INFO CSMF2.step_1_1_1.run :: [lat] epoch=33 step=400 mean_l2=0.09745 std_l2=11.89568
2026-05-16 18:49:00,384 INFO CSMF2.step_1_1_1.run :: epoch=33 step=400/429 train_nll=-2335.527
2026-05-16 18:49:02,345 INFO CSMF2.step_1_1_1.run :: epoch=33  train_nll=-2334.680  val_nll=-2312.971  t=15.5s
2026-05-16 18:49:02,345 INFO CSMF2.step_1_1_1.run :: [h_std] total=0.12011 batch=0.08584 (no penalty)
2026-05-16 18:49:02,345 INFO CSMF2.step_1_1_1.run :: [lat_epoch] mean_l2=0.08514 std_l2=1.33277 lambda=0.100
2026-05-16 18:49:02,345 INFO CSMF2.step_1_1_1.run :: [grad] cond=217.1684 film_gain=0.0000
2026-05-16 18:49:07,063 INFO CSMF2.step_1_1_1.run :: [h] epoch=34 step=50 total=0.11832 batch=0.08387
2026-05-16 18:49:07,064 INFO CSMF2.step_1_1_1.run :: [lat] epoch=34 step=50 mean_l2=0.10872 std_l2=5.34903
2026-05-16 18:49:07,070 INFO CSMF2.step_1_1_1.run :: epoch=34 step=50/429 train_nll=-2337.001
2026-05-16 18:49:08,641 INFO CSMF2.step_1_1_1.run :: [h] epoch=34 step=100 total=0.11864 batch=0.08528
2026-05-16 18:49:08,641 INFO CSMF2.step_1_1_1.run :: [lat] epoch=34 step=100 mean_l2=0.08581 std_l2=0.48655
2026-05-16 18:49:08,647 INFO CSMF2.step_1_1_1.run :: epoch=34 step=100/429 train_nll=-2333.928
2026-05-16 18:49:10,218 INFO CSMF2.step_1_1_1.run :: [h] epoch=34 step=150 total=0.11518 batch=0.08279
2026-05-16 18:49:10,219 INFO CSMF2.step_1_1_1.run :: [lat] epoch=34 step=150 mean_l2=0.07753 std_l2=0.33862
2026-05-16 18:49:10,225 INFO CSMF2.step_1_1_1.run :: epoch=34 step=150/429 train_nll=-2333.637
2026-05-16 18:49:11,796 INFO CSMF2.step_1_1_1.run :: [h] epoch=34 step=200 total=0.11463 batch=0.08142
2026-05-16 18:49:11,796 INFO CSMF2.step_1_1_1.run :: [lat] epoch=34 step=200 mean_l2=0.09982 std_l2=0.21554
2026-05-16 18:49:11,803 INFO CSMF2.step_1_1_1.run :: epoch=34 step=200/429 train_nll=-2337.068
2026-05-16 18:49:13,383 INFO CSMF2.step_1_1_1.run :: [h] epoch=34 step=250 total=0.12172 batch=0.08766
2026-05-16 18:49:13,383 INFO CSMF2.step_1_1_1.run :: [lat] epoch=34 step=250 mean_l2=0.07442 std_l2=0.75254
2026-05-16 18:49:13,390 INFO CSMF2.step_1_1_1.run :: epoch=34 step=250/429 train_nll=-2339.044
2026-05-16 18:49:15,211 INFO CSMF2.step_1_1_1.run :: [h] epoch=34 step=300 total=0.11567 batch=0.08275
2026-05-16 18:49:15,211 INFO CSMF2.step_1_1_1.run :: [lat] epoch=34 step=300 mean_l2=0.08108 std_l2=0.22032
2026-05-16 18:49:15,217 INFO CSMF2.step_1_1_1.run :: epoch=34 step=300/429 train_nll=-2340.503
2026-05-16 18:49:16,830 INFO CSMF2.step_1_1_1.run :: [h] epoch=34 step=350 total=0.12197 batch=0.08762
2026-05-16 18:49:16,831 INFO CSMF2.step_1_1_1.run :: [lat] epoch=34 step=350 mean_l2=0.10150 std_l2=6.79965
2026-05-16 18:49:16,837 INFO CSMF2.step_1_1_1.run :: epoch=34 step=350/429 train_nll=-2339.856
2026-05-16 18:49:18,480 INFO CSMF2.step_1_1_1.run :: [h] epoch=34 step=400 total=0.11868 batch=0.08472
2026-05-16 18:49:18,481 INFO CSMF2.step_1_1_1.run :: [lat] epoch=34 step=400 mean_l2=0.08720 std_l2=11.42539
2026-05-16 18:49:18,487 INFO CSMF2.step_1_1_1.run :: epoch=34 step=400/429 train_nll=-2339.500
2026-05-16 18:49:20,432 INFO CSMF2.step_1_1_1.run :: epoch=34  train_nll=-2339.044  val_nll=-2309.979  t=15.0s
2026-05-16 18:49:20,432 INFO CSMF2.step_1_1_1.run :: [h_std] total=0.11724 batch=0.08319 (no penalty)
2026-05-16 18:49:20,432 INFO CSMF2.step_1_1_1.run :: [lat_epoch] mean_l2=0.08643 std_l2=1.38233 lambda=0.100
2026-05-16 18:49:20,433 INFO CSMF2.step_1_1_1.run :: [grad] cond=136.3947 film_gain=0.0000
2026-05-16 18:49:26,303 INFO CSMF2.step_1_1_1.run :: [h] epoch=35 step=50 total=0.11802 batch=0.08277
2026-05-16 18:49:26,303 INFO CSMF2.step_1_1_1.run :: [lat] epoch=35 step=50 mean_l2=0.08776 std_l2=5.48508
2026-05-16 18:49:26,312 INFO CSMF2.step_1_1_1.run :: epoch=35 step=50/429 train_nll=-2344.845
2026-05-16 18:49:28,603 INFO CSMF2.step_1_1_1.run :: [h] epoch=35 step=100 total=0.11783 batch=0.08410
2026-05-16 18:49:28,603 INFO CSMF2.step_1_1_1.run :: [lat] epoch=35 step=100 mean_l2=0.08718 std_l2=0.52229
2026-05-16 18:49:28,610 INFO CSMF2.step_1_1_1.run :: epoch=35 step=100/429 train_nll=-2341.272
2026-05-16 18:49:30,182 INFO CSMF2.step_1_1_1.run :: [h] epoch=35 step=150 total=0.11397 batch=0.08139
2026-05-16 18:49:30,183 INFO CSMF2.step_1_1_1.run :: [lat] epoch=35 step=150 mean_l2=0.08038 std_l2=0.27109
2026-05-16 18:49:30,189 INFO CSMF2.step_1_1_1.run :: epoch=35 step=150/429 train_nll=-2341.277
2026-05-16 18:49:31,778 INFO CSMF2.step_1_1_1.run :: [h] epoch=35 step=200 total=0.11452 batch=0.08154
2026-05-16 18:49:31,778 INFO CSMF2.step_1_1_1.run :: [lat] epoch=35 step=200 mean_l2=0.07710 std_l2=0.20872
2026-05-16 18:49:31,784 INFO CSMF2.step_1_1_1.run :: epoch=35 step=200/429 train_nll=-2345.026
2026-05-16 18:49:33,357 INFO CSMF2.step_1_1_1.run :: [h] epoch=35 step=250 total=0.11745 batch=0.08363
2026-05-16 18:49:33,357 INFO CSMF2.step_1_1_1.run :: [lat] epoch=35 step=250 mean_l2=0.09406 std_l2=0.78337
2026-05-16 18:49:33,363 INFO CSMF2.step_1_1_1.run :: epoch=35 step=250/429 train_nll=-2346.676
2026-05-16 18:49:34,969 INFO CSMF2.step_1_1_1.run :: [h] epoch=35 step=300 total=0.11484 batch=0.08233
2026-05-16 18:49:34,969 INFO CSMF2.step_1_1_1.run :: [lat] epoch=35 step=300 mean_l2=0.06741 std_l2=0.18710
2026-05-16 18:49:34,975 INFO CSMF2.step_1_1_1.run :: epoch=35 step=300/429 train_nll=-2348.395
2026-05-16 18:49:36,595 INFO CSMF2.step_1_1_1.run :: [h] epoch=35 step=350 total=0.12047 batch=0.08718
2026-05-16 18:49:36,595 INFO CSMF2.step_1_1_1.run :: [lat] epoch=35 step=350 mean_l2=0.09403 std_l2=6.62733
2026-05-16 18:49:36,601 INFO CSMF2.step_1_1_1.run :: epoch=35 step=350/429 train_nll=-2347.828
2026-05-16 18:49:38,220 INFO CSMF2.step_1_1_1.run :: [h] epoch=35 step=400 total=0.11594 batch=0.08299
2026-05-16 18:49:38,221 INFO CSMF2.step_1_1_1.run :: [lat] epoch=35 step=400 mean_l2=0.08508 std_l2=10.69077
2026-05-16 18:49:38,227 INFO CSMF2.step_1_1_1.run :: epoch=35 step=400/429 train_nll=-2347.546
2026-05-16 18:49:40,175 INFO CSMF2.step_1_1_1.run :: epoch=35  train_nll=-2347.523  val_nll=-2326.700  t=16.5s
2026-05-16 18:49:40,175 INFO CSMF2.step_1_1_1.run :: [h_std] total=0.11595 batch=0.08226 (no penalty)
2026-05-16 18:49:40,175 INFO CSMF2.step_1_1_1.run :: [lat_epoch] mean_l2=0.08286 std_l2=1.32434 lambda=0.100
2026-05-16 18:49:40,175 INFO CSMF2.step_1_1_1.run :: [grad] cond=121.8959 film_gain=0.0000
2026-05-16 18:49:45,095 INFO CSMF2.step_1_1_1.run :: [h] epoch=36 step=50 total=0.11585 batch=0.08170
2026-05-16 18:49:45,095 INFO CSMF2.step_1_1_1.run :: [lat] epoch=36 step=50 mean_l2=0.07879 std_l2=4.69682
2026-05-16 18:49:45,101 INFO CSMF2.step_1_1_1.run :: epoch=36 step=50/429 train_nll=-2351.818
2026-05-16 18:49:46,626 INFO CSMF2.step_1_1_1.run :: [h] epoch=36 step=100 total=0.11379 batch=0.08137
2026-05-16 18:49:46,627 INFO CSMF2.step_1_1_1.run :: [lat] epoch=36 step=100 mean_l2=0.08982 std_l2=0.55588
2026-05-16 18:49:46,633 INFO CSMF2.step_1_1_1.run :: epoch=36 step=100/429 train_nll=-2342.812
2026-05-16 18:49:48,158 INFO CSMF2.step_1_1_1.run :: [h] epoch=36 step=150 total=0.11250 batch=0.08073
2026-05-16 18:49:48,158 INFO CSMF2.step_1_1_1.run :: [lat] epoch=36 step=150 mean_l2=0.06470 std_l2=0.28663
2026-05-16 18:49:48,164 INFO CSMF2.step_1_1_1.run :: epoch=36 step=150/429 train_nll=-2342.246
2026-05-16 18:49:49,701 INFO CSMF2.step_1_1_1.run :: [h] epoch=36 step=200 total=0.11266 batch=0.08050
2026-05-16 18:49:49,701 INFO CSMF2.step_1_1_1.run :: [lat] epoch=36 step=200 mean_l2=0.08220 std_l2=0.25112
2026-05-16 18:49:49,708 INFO CSMF2.step_1_1_1.run :: epoch=36 step=200/429 train_nll=-2347.347
2026-05-16 18:49:51,273 INFO CSMF2.step_1_1_1.run :: [h] epoch=36 step=250 total=0.11477 batch=0.08117
2026-05-16 18:49:51,273 INFO CSMF2.step_1_1_1.run :: [lat] epoch=36 step=250 mean_l2=0.07705 std_l2=0.86900
2026-05-16 18:49:51,280 INFO CSMF2.step_1_1_1.run :: epoch=36 step=250/429 train_nll=-2348.769
2026-05-16 18:49:52,870 INFO CSMF2.step_1_1_1.run :: [h] epoch=36 step=300 total=0.11346 batch=0.08153
2026-05-16 18:49:52,870 INFO CSMF2.step_1_1_1.run :: [lat] epoch=36 step=300 mean_l2=0.08049 std_l2=0.16816
2026-05-16 18:49:52,877 INFO CSMF2.step_1_1_1.run :: epoch=36 step=300/429 train_nll=-2349.835
2026-05-16 18:49:54,470 INFO CSMF2.step_1_1_1.run :: [h] epoch=36 step=350 total=0.11807 batch=0.08600
2026-05-16 18:49:54,471 INFO CSMF2.step_1_1_1.run :: [lat] epoch=36 step=350 mean_l2=0.09427 std_l2=6.71215
2026-05-16 18:49:54,478 INFO CSMF2.step_1_1_1.run :: epoch=36 step=350/429 train_nll=-2349.154
2026-05-16 18:49:56,233 INFO CSMF2.step_1_1_1.run :: [h] epoch=36 step=400 total=0.11431 batch=0.08213
2026-05-16 18:49:56,233 INFO CSMF2.step_1_1_1.run :: [lat] epoch=36 step=400 mean_l2=0.09263 std_l2=11.22685
2026-05-16 18:49:56,239 INFO CSMF2.step_1_1_1.run :: epoch=36 step=400/429 train_nll=-2349.474
2026-05-16 18:49:58,144 INFO CSMF2.step_1_1_1.run :: epoch=36  train_nll=-2349.477  val_nll=-2328.460  t=14.8s
2026-05-16 18:49:58,144 INFO CSMF2.step_1_1_1.run :: [h_std] total=0.11361 batch=0.08063 (no penalty)
2026-05-16 18:49:58,144 INFO CSMF2.step_1_1_1.run :: [lat_epoch] mean_l2=0.08348 std_l2=1.36779 lambda=0.100
2026-05-16 18:49:58,144 INFO CSMF2.step_1_1_1.run :: [grad] cond=114.2080 film_gain=0.0000
2026-05-16 18:50:02,995 INFO CSMF2.step_1_1_1.run :: [h] epoch=37 step=50 total=0.11580 batch=0.08134
2026-05-16 18:50:02,995 INFO CSMF2.step_1_1_1.run :: [lat] epoch=37 step=50 mean_l2=0.08596 std_l2=4.95651
2026-05-16 18:50:03,001 INFO CSMF2.step_1_1_1.run :: epoch=37 step=50/429 train_nll=-2356.525
2026-05-16 18:50:04,538 INFO CSMF2.step_1_1_1.run :: [h] epoch=37 step=100 total=0.11347 batch=0.08107
2026-05-16 18:50:04,538 INFO CSMF2.step_1_1_1.run :: [lat] epoch=37 step=100 mean_l2=0.07620 std_l2=0.90783
2026-05-16 18:50:04,544 INFO CSMF2.step_1_1_1.run :: epoch=37 step=100/429 train_nll=-2351.836
2026-05-16 18:50:06,081 INFO CSMF2.step_1_1_1.run :: [h] epoch=37 step=150 total=0.10986 batch=0.07830
2026-05-16 18:50:06,081 INFO CSMF2.step_1_1_1.run :: [lat] epoch=37 step=150 mean_l2=0.08772 std_l2=0.33673
2026-05-16 18:50:06,087 INFO CSMF2.step_1_1_1.run :: epoch=37 step=150/429 train_nll=-2348.307
2026-05-16 18:50:07,624 INFO CSMF2.step_1_1_1.run :: [h] epoch=37 step=200 total=0.11031 batch=0.07817
2026-05-16 18:50:07,624 INFO CSMF2.step_1_1_1.run :: [lat] epoch=37 step=200 mean_l2=0.07760 std_l2=0.22567
2026-05-16 18:50:07,630 INFO CSMF2.step_1_1_1.run :: epoch=37 step=200/429 train_nll=-2350.146
2026-05-16 18:50:09,177 INFO CSMF2.step_1_1_1.run :: [h] epoch=37 step=250 total=0.11301 batch=0.07975
2026-05-16 18:50:09,177 INFO CSMF2.step_1_1_1.run :: [lat] epoch=37 step=250 mean_l2=0.10366 std_l2=0.81869
2026-05-16 18:50:09,183 INFO CSMF2.step_1_1_1.run :: epoch=37 step=250/429 train_nll=-2351.459
2026-05-16 18:50:10,766 INFO CSMF2.step_1_1_1.run :: [h] epoch=37 step=300 total=0.11194 batch=0.08007
2026-05-16 18:50:10,766 INFO CSMF2.step_1_1_1.run :: [lat] epoch=37 step=300 mean_l2=0.07957 std_l2=0.26122
2026-05-16 18:50:10,772 INFO CSMF2.step_1_1_1.run :: epoch=37 step=300/429 train_nll=-2353.520
2026-05-16 18:50:12,353 INFO CSMF2.step_1_1_1.run :: [h] epoch=37 step=350 total=0.11397 batch=0.08261
2026-05-16 18:50:12,353 INFO CSMF2.step_1_1_1.run :: [lat] epoch=37 step=350 mean_l2=0.07753 std_l2=7.46539
2026-05-16 18:50:12,360 INFO CSMF2.step_1_1_1.run :: epoch=37 step=350/429 train_nll=-2352.134
2026-05-16 18:50:13,941 INFO CSMF2.step_1_1_1.run :: [h] epoch=37 step=400 total=0.11282 batch=0.07995
2026-05-16 18:50:13,941 INFO CSMF2.step_1_1_1.run :: [lat] epoch=37 step=400 mean_l2=0.08482 std_l2=10.86399
2026-05-16 18:50:13,947 INFO CSMF2.step_1_1_1.run :: epoch=37 step=400/429 train_nll=-2351.865
2026-05-16 18:50:15,848 INFO CSMF2.step_1_1_1.run :: epoch=37  train_nll=-2351.508  val_nll=-2331.828  t=14.6s
2026-05-16 18:50:15,848 INFO CSMF2.step_1_1_1.run :: [h_std] total=0.11190 batch=0.07933 (no penalty)
2026-05-16 18:50:15,848 INFO CSMF2.step_1_1_1.run :: [lat_epoch] mean_l2=0.08492 std_l2=1.43557 lambda=0.100
2026-05-16 18:50:15,848 INFO CSMF2.step_1_1_1.run :: [grad] cond=194.8191 film_gain=0.0000
2026-05-16 18:50:20,813 INFO CSMF2.step_1_1_1.run :: [h] epoch=38 step=50 total=0.11254 batch=0.07887
2026-05-16 18:50:20,813 INFO CSMF2.step_1_1_1.run :: [lat] epoch=38 step=50 mean_l2=0.07530 std_l2=3.69880
2026-05-16 18:50:20,820 INFO CSMF2.step_1_1_1.run :: epoch=38 step=50/429 train_nll=-2359.378
2026-05-16 18:50:22,375 INFO CSMF2.step_1_1_1.run :: [h] epoch=38 step=100 total=0.11121 batch=0.07951
2026-05-16 18:50:22,375 INFO CSMF2.step_1_1_1.run :: [lat] epoch=38 step=100 mean_l2=0.10027 std_l2=0.62119
2026-05-16 18:50:22,381 INFO CSMF2.step_1_1_1.run :: epoch=38 step=100/429 train_nll=-2357.698
2026-05-16 18:50:23,938 INFO CSMF2.step_1_1_1.run :: [h] epoch=38 step=150 total=0.10970 batch=0.07868
2026-05-16 18:50:23,938 INFO CSMF2.step_1_1_1.run :: [lat] epoch=38 step=150 mean_l2=0.08039 std_l2=0.43221
2026-05-16 18:50:23,944 INFO CSMF2.step_1_1_1.run :: epoch=38 step=150/429 train_nll=-2357.084
2026-05-16 18:50:25,501 INFO CSMF2.step_1_1_1.run :: [h] epoch=38 step=200 total=0.10851 batch=0.07725
2026-05-16 18:50:25,501 INFO CSMF2.step_1_1_1.run :: [lat] epoch=38 step=200 mean_l2=0.07811 std_l2=0.21092
2026-05-16 18:50:25,507 INFO CSMF2.step_1_1_1.run :: epoch=38 step=200/429 train_nll=-2359.502
2026-05-16 18:50:27,252 INFO CSMF2.step_1_1_1.run :: [h] epoch=38 step=250 total=0.11119 batch=0.07890
2026-05-16 18:50:27,253 INFO CSMF2.step_1_1_1.run :: [lat] epoch=38 step=250 mean_l2=0.06911 std_l2=0.84909
2026-05-16 18:50:27,259 INFO CSMF2.step_1_1_1.run :: epoch=38 step=250/429 train_nll=-2360.343
2026-05-16 18:50:28,862 INFO CSMF2.step_1_1_1.run :: [h] epoch=38 step=300 total=0.10973 batch=0.07802
2026-05-16 18:50:28,863 INFO CSMF2.step_1_1_1.run :: [lat] epoch=38 step=300 mean_l2=0.06898 std_l2=0.17441
2026-05-16 18:50:28,869 INFO CSMF2.step_1_1_1.run :: epoch=38 step=300/429 train_nll=-2363.171
2026-05-16 18:50:30,478 INFO CSMF2.step_1_1_1.run :: [h] epoch=38 step=350 total=0.11209 batch=0.07928
2026-05-16 18:50:30,478 INFO CSMF2.step_1_1_1.run :: [lat] epoch=38 step=350 mean_l2=0.07961 std_l2=7.72189
2026-05-16 18:50:30,485 INFO CSMF2.step_1_1_1.run :: epoch=38 step=350/429 train_nll=-2361.915
2026-05-16 18:50:32,095 INFO CSMF2.step_1_1_1.run :: [h] epoch=38 step=400 total=0.11038 batch=0.07866
2026-05-16 18:50:32,096 INFO CSMF2.step_1_1_1.run :: [lat] epoch=38 step=400 mean_l2=0.09564 std_l2=10.10466
2026-05-16 18:50:32,102 INFO CSMF2.step_1_1_1.run :: epoch=38 step=400/429 train_nll=-2361.559
2026-05-16 18:50:34,046 INFO CSMF2.step_1_1_1.run :: epoch=38  train_nll=-2361.021  val_nll=-2329.210  t=15.0s
2026-05-16 18:50:34,046 INFO CSMF2.step_1_1_1.run :: [h_std] total=0.11003 batch=0.07788 (no penalty)
2026-05-16 18:50:34,046 INFO CSMF2.step_1_1_1.run :: [lat_epoch] mean_l2=0.08285 std_l2=1.39251 lambda=0.100
2026-05-16 18:50:34,046 INFO CSMF2.step_1_1_1.run :: [grad] cond=135.5132 film_gain=0.0000
2026-05-16 18:50:38,832 INFO CSMF2.step_1_1_1.run :: [h] epoch=39 step=50 total=0.11111 batch=0.07899
2026-05-16 18:50:38,832 INFO CSMF2.step_1_1_1.run :: [lat] epoch=39 step=50 mean_l2=0.07402 std_l2=4.26324
2026-05-16 18:50:38,838 INFO CSMF2.step_1_1_1.run :: epoch=39 step=50/429 train_nll=-2363.820
2026-05-16 18:50:40,367 INFO CSMF2.step_1_1_1.run :: [h] epoch=39 step=100 total=0.10912 batch=0.07797
2026-05-16 18:50:40,368 INFO CSMF2.step_1_1_1.run :: [lat] epoch=39 step=100 mean_l2=0.08992 std_l2=0.55228
2026-05-16 18:50:40,374 INFO CSMF2.step_1_1_1.run :: epoch=39 step=100/429 train_nll=-2360.699
2026-05-16 18:50:41,904 INFO CSMF2.step_1_1_1.run :: [h] epoch=39 step=150 total=0.10762 batch=0.07671
2026-05-16 18:50:41,905 INFO CSMF2.step_1_1_1.run :: [lat] epoch=39 step=150 mean_l2=0.07332 std_l2=0.24938
2026-05-16 18:50:41,911 INFO CSMF2.step_1_1_1.run :: epoch=39 step=150/429 train_nll=-2359.567
2026-05-16 18:50:43,441 INFO CSMF2.step_1_1_1.run :: [h] epoch=39 step=200 total=0.10798 batch=0.07678
2026-05-16 18:50:43,442 INFO CSMF2.step_1_1_1.run :: [lat] epoch=39 step=200 mean_l2=0.08336 std_l2=0.21057
2026-05-16 18:50:43,448 INFO CSMF2.step_1_1_1.run :: epoch=39 step=200/429 train_nll=-2363.703
2026-05-16 18:50:44,977 INFO CSMF2.step_1_1_1.run :: [h] epoch=39 step=250 total=0.10914 batch=0.07640
2026-05-16 18:50:44,977 INFO CSMF2.step_1_1_1.run :: [lat] epoch=39 step=250 mean_l2=0.07794 std_l2=0.77618
2026-05-16 18:50:44,983 INFO CSMF2.step_1_1_1.run :: epoch=39 step=250/429 train_nll=-2365.355
2026-05-16 18:50:46,555 INFO CSMF2.step_1_1_1.run :: [h] epoch=39 step=300 total=0.10758 batch=0.07648
2026-05-16 18:50:46,555 INFO CSMF2.step_1_1_1.run :: [lat] epoch=39 step=300 mean_l2=0.08460 std_l2=0.19789
2026-05-16 18:50:46,561 INFO CSMF2.step_1_1_1.run :: epoch=39 step=300/429 train_nll=-2367.695
2026-05-16 18:50:48,174 INFO CSMF2.step_1_1_1.run :: [h] epoch=39 step=350 total=0.11178 batch=0.08008
2026-05-16 18:50:48,174 INFO CSMF2.step_1_1_1.run :: [lat] epoch=39 step=350 mean_l2=0.08913 std_l2=7.16535
2026-05-16 18:50:48,181 INFO CSMF2.step_1_1_1.run :: epoch=39 step=350/429 train_nll=-2366.329
2026-05-16 18:50:50,231 INFO CSMF2.step_1_1_1.run :: [h] epoch=39 step=400 total=0.10802 batch=0.07716
2026-05-16 18:50:50,231 INFO CSMF2.step_1_1_1.run :: [lat] epoch=39 step=400 mean_l2=0.08617 std_l2=11.97291
2026-05-16 18:50:50,237 INFO CSMF2.step_1_1_1.run :: epoch=39 step=400/429 train_nll=-2365.451
2026-05-16 18:50:52,127 INFO CSMF2.step_1_1_1.run :: epoch=39  train_nll=-2364.706  val_nll=-2329.695  t=14.9s
2026-05-16 18:50:52,127 INFO CSMF2.step_1_1_1.run :: [h_std] total=0.10834 batch=0.07657 (no penalty)
2026-05-16 18:50:52,127 INFO CSMF2.step_1_1_1.run :: [lat_epoch] mean_l2=0.08444 std_l2=1.41214 lambda=0.100
2026-05-16 18:50:52,127 INFO CSMF2.step_1_1_1.run :: [grad] cond=141.1915 film_gain=0.0000
2026-05-16 18:50:57,070 INFO CSMF2.step_1_1_1.run :: [h] epoch=40 step=50 total=0.11021 batch=0.07751
2026-05-16 18:50:57,070 INFO CSMF2.step_1_1_1.run :: [lat] epoch=40 step=50 mean_l2=0.07712 std_l2=3.66114
2026-05-16 18:50:57,077 INFO CSMF2.step_1_1_1.run :: epoch=40 step=50/429 train_nll=-2371.214
2026-05-16 18:50:58,791 INFO CSMF2.step_1_1_1.run :: [h] epoch=40 step=100 total=0.10778 batch=0.07645
2026-05-16 18:50:58,791 INFO CSMF2.step_1_1_1.run :: [lat] epoch=40 step=100 mean_l2=0.08376 std_l2=0.61138
2026-05-16 18:50:58,797 INFO CSMF2.step_1_1_1.run :: epoch=40 step=100/429 train_nll=-2366.566
2026-05-16 18:51:00,383 INFO CSMF2.step_1_1_1.run :: [h] epoch=40 step=150 total=0.10609 batch=0.07545
2026-05-16 18:51:00,383 INFO CSMF2.step_1_1_1.run :: [lat] epoch=40 step=150 mean_l2=0.07645 std_l2=0.28066
2026-05-16 18:51:00,389 INFO CSMF2.step_1_1_1.run :: epoch=40 step=150/429 train_nll=-2365.432
2026-05-16 18:51:01,973 INFO CSMF2.step_1_1_1.run :: [h] epoch=40 step=200 total=0.10605 batch=0.07492
2026-05-16 18:51:01,973 INFO CSMF2.step_1_1_1.run :: [lat] epoch=40 step=200 mean_l2=0.08217 std_l2=0.20605
2026-05-16 18:51:01,980 INFO CSMF2.step_1_1_1.run :: epoch=40 step=200/429 train_nll=-2368.450
2026-05-16 18:51:03,564 INFO CSMF2.step_1_1_1.run :: [h] epoch=40 step=250 total=0.10617 batch=0.07487
2026-05-16 18:51:03,564 INFO CSMF2.step_1_1_1.run :: [lat] epoch=40 step=250 mean_l2=0.08801 std_l2=0.83630
2026-05-16 18:51:03,571 INFO CSMF2.step_1_1_1.run :: epoch=40 step=250/429 train_nll=-2369.570
2026-05-16 18:51:05,187 INFO CSMF2.step_1_1_1.run :: [h] epoch=40 step=300 total=0.10641 batch=0.07483
2026-05-16 18:51:05,188 INFO CSMF2.step_1_1_1.run :: [lat] epoch=40 step=300 mean_l2=0.08498 std_l2=0.28827
2026-05-16 18:51:05,194 INFO CSMF2.step_1_1_1.run :: epoch=40 step=300/429 train_nll=-2370.453
2026-05-16 18:51:06,841 INFO CSMF2.step_1_1_1.run :: [h] epoch=40 step=350 total=0.10940 batch=0.07851
2026-05-16 18:51:06,841 INFO CSMF2.step_1_1_1.run :: [lat] epoch=40 step=350 mean_l2=0.08492 std_l2=6.96522
2026-05-16 18:51:06,848 INFO CSMF2.step_1_1_1.run :: epoch=40 step=350/429 train_nll=-2368.504
2026-05-16 18:51:08,479 INFO CSMF2.step_1_1_1.run :: [h] epoch=40 step=400 total=0.10812 batch=0.07746
2026-05-16 18:51:08,479 INFO CSMF2.step_1_1_1.run :: [lat] epoch=40 step=400 mean_l2=0.09349 std_l2=10.16559
2026-05-16 18:51:08,485 INFO CSMF2.step_1_1_1.run :: epoch=40 step=400/429 train_nll=-2367.531
2026-05-16 18:51:10,452 INFO CSMF2.step_1_1_1.run :: epoch=40  train_nll=-2367.251  val_nll=-2344.843  t=15.2s
2026-05-16 18:51:10,452 INFO CSMF2.step_1_1_1.run :: [h_std] total=0.10682 batch=0.07542 (no penalty)
2026-05-16 18:51:10,453 INFO CSMF2.step_1_1_1.run :: [lat_epoch] mean_l2=0.08404 std_l2=1.43271 lambda=0.100
2026-05-16 18:51:10,453 INFO CSMF2.step_1_1_1.run :: [grad] cond=192.0208 film_gain=0.0000
2026-05-16 18:51:15,224 INFO CSMF2.step_1_1_1.run :: [h] epoch=41 step=50 total=0.10807 batch=0.07607
2026-05-16 18:51:15,224 INFO CSMF2.step_1_1_1.run :: [lat] epoch=41 step=50 mean_l2=0.08362 std_l2=3.65522
2026-05-16 18:51:15,230 INFO CSMF2.step_1_1_1.run :: epoch=41 step=50/429 train_nll=-2373.440
2026-05-16 18:51:16,914 INFO CSMF2.step_1_1_1.run :: [h] epoch=41 step=100 total=0.10736 batch=0.07603
2026-05-16 18:51:16,914 INFO CSMF2.step_1_1_1.run :: [lat] epoch=41 step=100 mean_l2=0.07718 std_l2=0.65299
2026-05-16 18:51:16,921 INFO CSMF2.step_1_1_1.run :: epoch=41 step=100/429 train_nll=-2371.043
2026-05-16 18:51:18,587 INFO CSMF2.step_1_1_1.run :: [h] epoch=41 step=150 total=0.10549 batch=0.07460
2026-05-16 18:51:18,588 INFO CSMF2.step_1_1_1.run :: [lat] epoch=41 step=150 mean_l2=0.08178 std_l2=0.34838
2026-05-16 18:51:18,594 INFO CSMF2.step_1_1_1.run :: epoch=41 step=150/429 train_nll=-2370.768
2026-05-16 18:51:20,259 INFO CSMF2.step_1_1_1.run :: [h] epoch=41 step=200 total=0.10348 batch=0.07304
2026-05-16 18:51:20,259 INFO CSMF2.step_1_1_1.run :: [lat] epoch=41 step=200 mean_l2=0.08410 std_l2=0.22192
2026-05-16 18:51:20,265 INFO CSMF2.step_1_1_1.run :: epoch=41 step=200/429 train_nll=-2373.636
2026-05-16 18:51:21,830 INFO CSMF2.step_1_1_1.run :: [h] epoch=41 step=250 total=0.10566 batch=0.07334
2026-05-16 18:51:21,830 INFO CSMF2.step_1_1_1.run :: [lat] epoch=41 step=250 mean_l2=0.07630 std_l2=0.87134
2026-05-16 18:51:21,837 INFO CSMF2.step_1_1_1.run :: epoch=41 step=250/429 train_nll=-2374.971
2026-05-16 18:51:23,598 INFO CSMF2.step_1_1_1.run :: [h] epoch=41 step=300 total=0.10578 batch=0.07463
2026-05-16 18:51:23,598 INFO CSMF2.step_1_1_1.run :: [lat] epoch=41 step=300 mean_l2=0.10365 std_l2=0.46356
2026-05-16 18:51:23,605 INFO CSMF2.step_1_1_1.run :: epoch=41 step=300/429 train_nll=-2376.236
2026-05-16 18:51:25,187 INFO CSMF2.step_1_1_1.run :: [h] epoch=41 step=350 total=0.10920 batch=0.07847
2026-05-16 18:51:25,187 INFO CSMF2.step_1_1_1.run :: [lat] epoch=41 step=350 mean_l2=0.08353 std_l2=6.62177
2026-05-16 18:51:25,193 INFO CSMF2.step_1_1_1.run :: epoch=41 step=350/429 train_nll=-2375.128
2026-05-16 18:51:26,975 INFO CSMF2.step_1_1_1.run :: [h] epoch=41 step=400 total=0.10597 batch=0.07524
2026-05-16 18:51:26,975 INFO CSMF2.step_1_1_1.run :: [lat] epoch=41 step=400 mean_l2=0.08902 std_l2=13.60268
2026-05-16 18:51:26,985 INFO CSMF2.step_1_1_1.run :: epoch=41 step=400/429 train_nll=-2374.892
2026-05-16 18:51:29,045 INFO CSMF2.step_1_1_1.run :: epoch=41  train_nll=-2374.314  val_nll=-2344.721  t=15.5s
2026-05-16 18:51:29,045 INFO CSMF2.step_1_1_1.run :: [h_std] total=0.10534 batch=0.07418 (no penalty)
2026-05-16 18:51:29,045 INFO CSMF2.step_1_1_1.run :: [lat_epoch] mean_l2=0.08357 std_l2=1.34391 lambda=0.100
2026-05-16 18:51:29,045 INFO CSMF2.step_1_1_1.run :: [grad] cond=238.5358 film_gain=0.0000
2026-05-16 18:51:34,137 INFO CSMF2.step_1_1_1.run :: [h] epoch=42 step=50 total=0.10707 batch=0.07497
2026-05-16 18:51:34,137 INFO CSMF2.step_1_1_1.run :: [lat] epoch=42 step=50 mean_l2=0.09288 std_l2=4.79378
2026-05-16 18:51:34,143 INFO CSMF2.step_1_1_1.run :: epoch=42 step=50/429 train_nll=-2378.439
2026-05-16 18:51:35,722 INFO CSMF2.step_1_1_1.run :: [h] epoch=42 step=100 total=0.10449 batch=0.07375
2026-05-16 18:51:35,723 INFO CSMF2.step_1_1_1.run :: [lat] epoch=42 step=100 mean_l2=0.08932 std_l2=0.49422
2026-05-16 18:51:35,729 INFO CSMF2.step_1_1_1.run :: epoch=42 step=100/429 train_nll=-2372.714
2026-05-16 18:51:37,308 INFO CSMF2.step_1_1_1.run :: [h] epoch=42 step=150 total=0.10370 batch=0.07363
2026-05-16 18:51:37,309 INFO CSMF2.step_1_1_1.run :: [lat] epoch=42 step=150 mean_l2=0.07024 std_l2=0.28503
2026-05-16 18:51:37,315 INFO CSMF2.step_1_1_1.run :: epoch=42 step=150/429 train_nll=-2370.852
2026-05-16 18:51:38,895 INFO CSMF2.step_1_1_1.run :: [h] epoch=42 step=200 total=0.10146 batch=0.07194
2026-05-16 18:51:38,896 INFO CSMF2.step_1_1_1.run :: [lat] epoch=42 step=200 mean_l2=0.08345 std_l2=0.23702
2026-05-16 18:51:38,902 INFO CSMF2.step_1_1_1.run :: epoch=42 step=200/429 train_nll=-2373.785
2026-05-16 18:51:40,481 INFO CSMF2.step_1_1_1.run :: [h] epoch=42 step=250 total=0.10460 batch=0.07296
2026-05-16 18:51:40,481 INFO CSMF2.step_1_1_1.run :: [lat] epoch=42 step=250 mean_l2=0.08110 std_l2=0.75698
2026-05-16 18:51:40,487 INFO CSMF2.step_1_1_1.run :: epoch=42 step=250/429 train_nll=-2375.637
2026-05-16 18:51:42,159 INFO CSMF2.step_1_1_1.run :: [h] epoch=42 step=300 total=0.10359 batch=0.07300
2026-05-16 18:51:42,159 INFO CSMF2.step_1_1_1.run :: [lat] epoch=42 step=300 mean_l2=0.08076 std_l2=0.34375
2026-05-16 18:51:42,165 INFO CSMF2.step_1_1_1.run :: epoch=42 step=300/429 train_nll=-2376.705
2026-05-16 18:51:43,790 INFO CSMF2.step_1_1_1.run :: [h] epoch=42 step=350 total=0.10553 batch=0.07529
2026-05-16 18:51:43,790 INFO CSMF2.step_1_1_1.run :: [lat] epoch=42 step=350 mean_l2=0.09453 std_l2=7.35139
2026-05-16 18:51:43,796 INFO CSMF2.step_1_1_1.run :: epoch=42 step=350/429 train_nll=-2375.775
2026-05-16 18:51:45,420 INFO CSMF2.step_1_1_1.run :: [h] epoch=42 step=400 total=0.10385 batch=0.07358
2026-05-16 18:51:45,420 INFO CSMF2.step_1_1_1.run :: [lat] epoch=42 step=400 mean_l2=0.09618 std_l2=11.49197
2026-05-16 18:51:45,426 INFO CSMF2.step_1_1_1.run :: epoch=42 step=400/429 train_nll=-2375.236
2026-05-16 18:51:47,477 INFO CSMF2.step_1_1_1.run :: epoch=42  train_nll=-2374.333  val_nll=-2341.291  t=15.2s
2026-05-16 18:51:47,477 INFO CSMF2.step_1_1_1.run :: [h_std] total=0.10364 batch=0.07280 (no penalty)
2026-05-16 18:51:47,477 INFO CSMF2.step_1_1_1.run :: [lat_epoch] mean_l2=0.08361 std_l2=1.48073 lambda=0.100
2026-05-16 18:51:47,477 INFO CSMF2.step_1_1_1.run :: [grad] cond=208.8979 film_gain=0.0000
2026-05-16 18:51:52,723 INFO CSMF2.step_1_1_1.run :: [h] epoch=43 step=50 total=0.10460 batch=0.07317
2026-05-16 18:51:52,723 INFO CSMF2.step_1_1_1.run :: [lat] epoch=43 step=50 mean_l2=0.08656 std_l2=15.91876
2026-05-16 18:51:52,733 INFO CSMF2.step_1_1_1.run :: epoch=43 step=50/429 train_nll=-2374.338
2026-05-16 18:51:55,420 INFO CSMF2.step_1_1_1.run :: [h] epoch=43 step=100 total=0.10299 batch=0.07255
2026-05-16 18:51:55,421 INFO CSMF2.step_1_1_1.run :: [lat] epoch=43 step=100 mean_l2=0.08088 std_l2=0.57317
2026-05-16 18:51:55,430 INFO CSMF2.step_1_1_1.run :: epoch=43 step=100/429 train_nll=-2371.587
2026-05-16 18:51:57,135 INFO CSMF2.step_1_1_1.run :: [h] epoch=43 step=150 total=0.10103 batch=0.07152
2026-05-16 18:51:57,135 INFO CSMF2.step_1_1_1.run :: [lat] epoch=43 step=150 mean_l2=0.08282 std_l2=0.38973
2026-05-16 18:51:57,141 INFO CSMF2.step_1_1_1.run :: epoch=43 step=150/429 train_nll=-2373.004
2026-05-16 18:51:58,707 INFO CSMF2.step_1_1_1.run :: [h] epoch=43 step=200 total=0.10092 batch=0.07114
2026-05-16 18:51:58,707 INFO CSMF2.step_1_1_1.run :: [lat] epoch=43 step=200 mean_l2=0.08085 std_l2=0.19342
2026-05-16 18:51:58,714 INFO CSMF2.step_1_1_1.run :: epoch=43 step=200/429 train_nll=-2377.795
2026-05-16 18:52:00,413 INFO CSMF2.step_1_1_1.run :: [h] epoch=43 step=250 total=0.10190 batch=0.07145
2026-05-16 18:52:00,413 INFO CSMF2.step_1_1_1.run :: [lat] epoch=43 step=250 mean_l2=0.08423 std_l2=0.79784
2026-05-16 18:52:00,420 INFO CSMF2.step_1_1_1.run :: epoch=43 step=250/429 train_nll=-2379.680
2026-05-16 18:52:02,020 INFO CSMF2.step_1_1_1.run :: [h] epoch=43 step=300 total=0.10291 batch=0.07323
2026-05-16 18:52:02,020 INFO CSMF2.step_1_1_1.run :: [lat] epoch=43 step=300 mean_l2=0.07061 std_l2=0.26950
2026-05-16 18:52:02,027 INFO CSMF2.step_1_1_1.run :: epoch=43 step=300/429 train_nll=-2381.250
2026-05-16 18:52:03,653 INFO CSMF2.step_1_1_1.run :: [h] epoch=43 step=350 total=0.10533 batch=0.07514
2026-05-16 18:52:03,653 INFO CSMF2.step_1_1_1.run :: [lat] epoch=43 step=350 mean_l2=0.08226 std_l2=7.30095
2026-05-16 18:52:03,659 INFO CSMF2.step_1_1_1.run :: epoch=43 step=350/429 train_nll=-2379.901
2026-05-16 18:52:05,607 INFO CSMF2.step_1_1_1.run :: [h] epoch=43 step=400 total=0.10203 batch=0.07251
2026-05-16 18:52:05,607 INFO CSMF2.step_1_1_1.run :: [lat] epoch=43 step=400 mean_l2=0.08679 std_l2=9.49931
2026-05-16 18:52:05,617 INFO CSMF2.step_1_1_1.run :: epoch=43 step=400/429 train_nll=-2378.081
2026-05-16 18:52:09,261 INFO CSMF2.step_1_1_1.run :: epoch=43  train_nll=-2377.659  val_nll=-2347.919  t=18.7s
2026-05-16 18:52:09,261 INFO CSMF2.step_1_1_1.run :: [h_std] total=0.10227 batch=0.07187 (no penalty)
2026-05-16 18:52:09,261 INFO CSMF2.step_1_1_1.run :: [lat_epoch] mean_l2=0.08346 std_l2=1.52552 lambda=0.100
2026-05-16 18:52:09,261 INFO CSMF2.step_1_1_1.run :: [grad] cond=191.5015 film_gain=0.0000
2026-05-16 18:52:15,175 INFO CSMF2.step_1_1_1.run :: [h] epoch=44 step=50 total=0.10174 batch=0.07128
2026-05-16 18:52:15,176 INFO CSMF2.step_1_1_1.run :: [lat] epoch=44 step=50 mean_l2=0.07841 std_l2=3.42906
2026-05-16 18:52:15,185 INFO CSMF2.step_1_1_1.run :: epoch=44 step=50/429 train_nll=-2382.049
2026-05-16 18:52:16,839 INFO CSMF2.step_1_1_1.run :: [h] epoch=44 step=100 total=0.10083 batch=0.07169
2026-05-16 18:52:16,839 INFO CSMF2.step_1_1_1.run :: [lat] epoch=44 step=100 mean_l2=0.09503 std_l2=0.61859
2026-05-16 18:52:16,845 INFO CSMF2.step_1_1_1.run :: epoch=44 step=100/429 train_nll=-2378.215
2026-05-16 18:52:18,411 INFO CSMF2.step_1_1_1.run :: [h] epoch=44 step=150 total=0.09986 batch=0.07050
2026-05-16 18:52:18,412 INFO CSMF2.step_1_1_1.run :: [lat] epoch=44 step=150 mean_l2=0.07220 std_l2=0.25887
2026-05-16 18:52:18,418 INFO CSMF2.step_1_1_1.run :: epoch=44 step=150/429 train_nll=-2379.266
2026-05-16 18:52:19,981 INFO CSMF2.step_1_1_1.run :: [h] epoch=44 step=200 total=0.09919 batch=0.06984
2026-05-16 18:52:19,981 INFO CSMF2.step_1_1_1.run :: [lat] epoch=44 step=200 mean_l2=0.07847 std_l2=0.20769
2026-05-16 18:52:19,987 INFO CSMF2.step_1_1_1.run :: epoch=44 step=200/429 train_nll=-2383.530
2026-05-16 18:52:21,705 INFO CSMF2.step_1_1_1.run :: [h] epoch=44 step=250 total=0.10128 batch=0.07087
2026-05-16 18:52:21,706 INFO CSMF2.step_1_1_1.run :: [lat] epoch=44 step=250 mean_l2=0.08225 std_l2=0.81435
2026-05-16 18:52:21,712 INFO CSMF2.step_1_1_1.run :: epoch=44 step=250/429 train_nll=-2385.005
2026-05-16 18:52:23,300 INFO CSMF2.step_1_1_1.run :: [h] epoch=44 step=300 total=0.09995 batch=0.07049
2026-05-16 18:52:23,300 INFO CSMF2.step_1_1_1.run :: [lat] epoch=44 step=300 mean_l2=0.07461 std_l2=0.23315
2026-05-16 18:52:23,306 INFO CSMF2.step_1_1_1.run :: epoch=44 step=300/429 train_nll=-2386.266
2026-05-16 18:52:24,912 INFO CSMF2.step_1_1_1.run :: [h] epoch=44 step=350 total=0.10381 batch=0.07440
2026-05-16 18:52:24,912 INFO CSMF2.step_1_1_1.run :: [lat] epoch=44 step=350 mean_l2=0.08864 std_l2=6.59513
2026-05-16 18:52:24,918 INFO CSMF2.step_1_1_1.run :: epoch=44 step=350/429 train_nll=-2384.922
2026-05-16 18:52:26,583 INFO CSMF2.step_1_1_1.run :: [h] epoch=44 step=400 total=0.10195 batch=0.07262
2026-05-16 18:52:26,583 INFO CSMF2.step_1_1_1.run :: [lat] epoch=44 step=400 mean_l2=0.09118 std_l2=13.28472
2026-05-16 18:52:26,590 INFO CSMF2.step_1_1_1.run :: epoch=44 step=400/429 train_nll=-2384.316
2026-05-16 18:52:28,524 INFO CSMF2.step_1_1_1.run :: epoch=44  train_nll=-2383.278  val_nll=-2362.823  t=16.1s
2026-05-16 18:52:28,524 INFO CSMF2.step_1_1_1.run :: [h_std] total=0.10052 batch=0.07063 (no penalty)
2026-05-16 18:52:28,524 INFO CSMF2.step_1_1_1.run :: [lat_epoch] mean_l2=0.08297 std_l2=1.39836 lambda=0.100
2026-05-16 18:52:28,524 INFO CSMF2.step_1_1_1.run :: [grad] cond=142.1576 film_gain=0.0000
2026-05-16 18:52:33,357 INFO CSMF2.step_1_1_1.run :: [h] epoch=45 step=50 total=0.10077 batch=0.07071
2026-05-16 18:52:33,357 INFO CSMF2.step_1_1_1.run :: [lat] epoch=45 step=50 mean_l2=0.08626 std_l2=2.49282
2026-05-16 18:52:33,364 INFO CSMF2.step_1_1_1.run :: epoch=45 step=50/429 train_nll=-2392.315
2026-05-16 18:52:34,942 INFO CSMF2.step_1_1_1.run :: [h] epoch=45 step=100 total=0.09904 batch=0.07067
2026-05-16 18:52:34,942 INFO CSMF2.step_1_1_1.run :: [lat] epoch=45 step=100 mean_l2=0.09070 std_l2=0.54652
2026-05-16 18:52:34,948 INFO CSMF2.step_1_1_1.run :: epoch=45 step=100/429 train_nll=-2386.557
2026-05-16 18:52:36,525 INFO CSMF2.step_1_1_1.run :: [h] epoch=45 step=150 total=0.09790 batch=0.06960
2026-05-16 18:52:36,526 INFO CSMF2.step_1_1_1.run :: [lat] epoch=45 step=150 mean_l2=0.08522 std_l2=0.25951
2026-05-16 18:52:36,532 INFO CSMF2.step_1_1_1.run :: epoch=45 step=150/429 train_nll=-2385.181
2026-05-16 18:52:38,121 INFO CSMF2.step_1_1_1.run :: [h] epoch=45 step=200 total=0.09826 batch=0.06914
2026-05-16 18:52:38,121 INFO CSMF2.step_1_1_1.run :: [lat] epoch=45 step=200 mean_l2=0.08692 std_l2=0.22873
2026-05-16 18:52:38,128 INFO CSMF2.step_1_1_1.run :: epoch=45 step=200/429 train_nll=-2388.532
2026-05-16 18:52:39,706 INFO CSMF2.step_1_1_1.run :: [h] epoch=45 step=250 total=0.09957 batch=0.06943
2026-05-16 18:52:39,707 INFO CSMF2.step_1_1_1.run :: [lat] epoch=45 step=250 mean_l2=0.07795 std_l2=0.86470
2026-05-16 18:52:39,713 INFO CSMF2.step_1_1_1.run :: epoch=45 step=250/429 train_nll=-2389.600
2026-05-16 18:52:41,325 INFO CSMF2.step_1_1_1.run :: [h] epoch=45 step=300 total=0.09899 batch=0.06942
2026-05-16 18:52:41,326 INFO CSMF2.step_1_1_1.run :: [lat] epoch=45 step=300 mean_l2=0.08091 std_l2=0.26470
2026-05-16 18:52:41,332 INFO CSMF2.step_1_1_1.run :: epoch=45 step=300/429 train_nll=-2390.371
2026-05-16 18:52:42,954 INFO CSMF2.step_1_1_1.run :: [h] epoch=45 step=350 total=0.10057 batch=0.07153
2026-05-16 18:52:42,954 INFO CSMF2.step_1_1_1.run :: [lat] epoch=45 step=350 mean_l2=0.08620 std_l2=7.02366
2026-05-16 18:52:42,960 INFO CSMF2.step_1_1_1.run :: epoch=45 step=350/429 train_nll=-2389.208
2026-05-16 18:52:44,701 INFO CSMF2.step_1_1_1.run :: [h] epoch=45 step=400 total=0.09939 batch=0.07084
2026-05-16 18:52:44,701 INFO CSMF2.step_1_1_1.run :: [lat] epoch=45 step=400 mean_l2=0.07697 std_l2=10.90738
2026-05-16 18:52:44,707 INFO CSMF2.step_1_1_1.run :: epoch=45 step=400/429 train_nll=-2388.787
2026-05-16 18:52:46,658 INFO CSMF2.step_1_1_1.run :: epoch=45  train_nll=-2388.510  val_nll=-2363.350  t=14.9s
2026-05-16 18:52:46,659 INFO CSMF2.step_1_1_1.run :: [h_std] total=0.09928 batch=0.06987 (no penalty)
2026-05-16 18:52:46,659 INFO CSMF2.step_1_1_1.run :: [lat_epoch] mean_l2=0.08198 std_l2=1.40792 lambda=0.100
2026-05-16 18:52:46,659 INFO CSMF2.step_1_1_1.run :: [grad] cond=139.2945 film_gain=0.0000
2026-05-16 18:52:51,396 INFO CSMF2.step_1_1_1.run :: [h] epoch=46 step=50 total=0.10056 batch=0.07040
2026-05-16 18:52:51,396 INFO CSMF2.step_1_1_1.run :: [lat] epoch=46 step=50 mean_l2=0.08469 std_l2=3.60111
2026-05-16 18:52:51,402 INFO CSMF2.step_1_1_1.run :: epoch=46 step=50/429 train_nll=-2397.562
2026-05-16 18:52:52,974 INFO CSMF2.step_1_1_1.run :: [h] epoch=46 step=100 total=0.09902 batch=0.06904
2026-05-16 18:52:52,974 INFO CSMF2.step_1_1_1.run :: [lat] epoch=46 step=100 mean_l2=0.08688 std_l2=1.05447
2026-05-16 18:52:52,980 INFO CSMF2.step_1_1_1.run :: epoch=46 step=100/429 train_nll=-2393.115
2026-05-16 18:52:54,547 INFO CSMF2.step_1_1_1.run :: [h] epoch=46 step=150 total=0.09770 batch=0.06946
2026-05-16 18:52:54,548 INFO CSMF2.step_1_1_1.run :: [lat] epoch=46 step=150 mean_l2=0.07520 std_l2=0.29356
2026-05-16 18:52:54,554 INFO CSMF2.step_1_1_1.run :: epoch=46 step=150/429 train_nll=-2389.521
2026-05-16 18:52:56,265 INFO CSMF2.step_1_1_1.run :: [h] epoch=46 step=200 total=0.09665 batch=0.06838
2026-05-16 18:52:56,265 INFO CSMF2.step_1_1_1.run :: [lat] epoch=46 step=200 mean_l2=0.07785 std_l2=0.19916
2026-05-16 18:52:56,272 INFO CSMF2.step_1_1_1.run :: epoch=46 step=200/429 train_nll=-2392.996
2026-05-16 18:52:58,113 INFO CSMF2.step_1_1_1.run :: [h] epoch=46 step=250 total=0.09758 batch=0.06857
2026-05-16 18:52:58,113 INFO CSMF2.step_1_1_1.run :: [lat] epoch=46 step=250 mean_l2=0.09124 std_l2=0.88152
2026-05-16 18:52:58,119 INFO CSMF2.step_1_1_1.run :: epoch=46 step=250/429 train_nll=-2393.514
2026-05-16 18:52:59,734 INFO CSMF2.step_1_1_1.run :: [h] epoch=46 step=300 total=0.09782 batch=0.06870
2026-05-16 18:52:59,734 INFO CSMF2.step_1_1_1.run :: [lat] epoch=46 step=300 mean_l2=0.08929 std_l2=0.20709
2026-05-16 18:52:59,740 INFO CSMF2.step_1_1_1.run :: epoch=46 step=300/429 train_nll=-2394.352
2026-05-16 18:53:01,366 INFO CSMF2.step_1_1_1.run :: [h] epoch=46 step=350 total=0.10129 batch=0.07166
2026-05-16 18:53:01,366 INFO CSMF2.step_1_1_1.run :: [lat] epoch=46 step=350 mean_l2=0.07773 std_l2=7.33062
2026-05-16 18:53:01,372 INFO CSMF2.step_1_1_1.run :: epoch=46 step=350/429 train_nll=-2393.132
2026-05-16 18:53:02,994 INFO CSMF2.step_1_1_1.run :: [h] epoch=46 step=400 total=0.09963 batch=0.07109
2026-05-16 18:53:02,995 INFO CSMF2.step_1_1_1.run :: [lat] epoch=46 step=400 mean_l2=0.08657 std_l2=8.42303
2026-05-16 18:53:03,001 INFO CSMF2.step_1_1_1.run :: epoch=46 step=400/429 train_nll=-2391.844
2026-05-16 18:53:04,958 INFO CSMF2.step_1_1_1.run :: epoch=46  train_nll=-2390.801  val_nll=-2357.301  t=15.2s
2026-05-16 18:53:04,958 INFO CSMF2.step_1_1_1.run :: [h_std] total=0.09814 batch=0.06896 (no penalty)
2026-05-16 18:53:04,958 INFO CSMF2.step_1_1_1.run :: [lat_epoch] mean_l2=0.08229 std_l2=1.37637 lambda=0.100
2026-05-16 18:53:04,958 INFO CSMF2.step_1_1_1.run :: [grad] cond=140.5203 film_gain=0.0000
2026-05-16 18:53:10,027 INFO CSMF2.step_1_1_1.run :: [h] epoch=47 step=50 total=0.09924 batch=0.06956
2026-05-16 18:53:10,027 INFO CSMF2.step_1_1_1.run :: [lat] epoch=47 step=50 mean_l2=0.09332 std_l2=2.67006
2026-05-16 18:53:10,034 INFO CSMF2.step_1_1_1.run :: epoch=47 step=50/429 train_nll=-2391.778
2026-05-16 18:53:11,615 INFO CSMF2.step_1_1_1.run :: [h] epoch=47 step=100 total=0.09828 batch=0.06906
2026-05-16 18:53:11,615 INFO CSMF2.step_1_1_1.run :: [lat] epoch=47 step=100 mean_l2=0.09645 std_l2=0.64469
2026-05-16 18:53:11,621 INFO CSMF2.step_1_1_1.run :: epoch=47 step=100/429 train_nll=-2390.297
2026-05-16 18:53:13,201 INFO CSMF2.step_1_1_1.run :: [h] epoch=47 step=150 total=0.09592 batch=0.06765
2026-05-16 18:53:13,201 INFO CSMF2.step_1_1_1.run :: [lat] epoch=47 step=150 mean_l2=0.06286 std_l2=0.26073
2026-05-16 18:53:13,207 INFO CSMF2.step_1_1_1.run :: epoch=47 step=150/429 train_nll=-2389.494
2026-05-16 18:53:14,788 INFO CSMF2.step_1_1_1.run :: [h] epoch=47 step=200 total=0.09645 batch=0.06766
2026-05-16 18:53:14,788 INFO CSMF2.step_1_1_1.run :: [lat] epoch=47 step=200 mean_l2=0.08326 std_l2=0.20648
2026-05-16 18:53:14,794 INFO CSMF2.step_1_1_1.run :: epoch=47 step=200/429 train_nll=-2392.548
2026-05-16 18:53:16,381 INFO CSMF2.step_1_1_1.run :: [h] epoch=47 step=250 total=0.09706 batch=0.06795
2026-05-16 18:53:16,381 INFO CSMF2.step_1_1_1.run :: [lat] epoch=47 step=250 mean_l2=0.07951 std_l2=0.92818
2026-05-16 18:53:16,387 INFO CSMF2.step_1_1_1.run :: epoch=47 step=250/429 train_nll=-2394.481
2026-05-16 18:53:18,073 INFO CSMF2.step_1_1_1.run :: [h] epoch=47 step=300 total=0.09612 batch=0.06723
2026-05-16 18:53:18,073 INFO CSMF2.step_1_1_1.run :: [lat] epoch=47 step=300 mean_l2=0.07850 std_l2=0.18892
2026-05-16 18:53:18,079 INFO CSMF2.step_1_1_1.run :: epoch=47 step=300/429 train_nll=-2396.365
2026-05-16 18:53:19,702 INFO CSMF2.step_1_1_1.run :: [h] epoch=47 step=350 total=0.10146 batch=0.07224
2026-05-16 18:53:19,702 INFO CSMF2.step_1_1_1.run :: [lat] epoch=47 step=350 mean_l2=0.08909 std_l2=6.70203
2026-05-16 18:53:19,708 INFO CSMF2.step_1_1_1.run :: epoch=47 step=350/429 train_nll=-2396.268
2026-05-16 18:53:21,415 INFO CSMF2.step_1_1_1.run :: [h] epoch=47 step=400 total=0.09893 batch=0.07122
2026-05-16 18:53:21,415 INFO CSMF2.step_1_1_1.run :: [lat] epoch=47 step=400 mean_l2=0.08241 std_l2=12.51569
2026-05-16 18:53:21,421 INFO CSMF2.step_1_1_1.run :: epoch=47 step=400/429 train_nll=-2395.866
2026-05-16 18:53:23,382 INFO CSMF2.step_1_1_1.run :: epoch=47  train_nll=-2395.536  val_nll=-2362.494  t=15.3s
2026-05-16 18:53:23,382 INFO CSMF2.step_1_1_1.run :: [h_std] total=0.09700 batch=0.06793 (no penalty)
2026-05-16 18:53:23,382 INFO CSMF2.step_1_1_1.run :: [lat_epoch] mean_l2=0.08206 std_l2=1.36839 lambda=0.100
2026-05-16 18:53:23,382 INFO CSMF2.step_1_1_1.run :: [grad] cond=198.4373 film_gain=0.0000
2026-05-16 18:53:28,114 INFO CSMF2.step_1_1_1.run :: [h] epoch=48 step=50 total=0.09709 batch=0.06760
2026-05-16 18:53:28,115 INFO CSMF2.step_1_1_1.run :: [lat] epoch=48 step=50 mean_l2=0.11435 std_l2=5.78563
2026-05-16 18:53:28,121 INFO CSMF2.step_1_1_1.run :: epoch=48 step=50/429 train_nll=-2398.230
2026-05-16 18:53:29,674 INFO CSMF2.step_1_1_1.run :: [h] epoch=48 step=100 total=0.09747 batch=0.06888
2026-05-16 18:53:29,675 INFO CSMF2.step_1_1_1.run :: [lat] epoch=48 step=100 mean_l2=0.06960 std_l2=0.48149
2026-05-16 18:53:29,681 INFO CSMF2.step_1_1_1.run :: epoch=48 step=100/429 train_nll=-2397.208
2026-05-16 18:53:31,235 INFO CSMF2.step_1_1_1.run :: [h] epoch=48 step=150 total=0.09518 batch=0.06662
2026-05-16 18:53:31,235 INFO CSMF2.step_1_1_1.run :: [lat] epoch=48 step=150 mean_l2=0.07470 std_l2=0.33420
2026-05-16 18:53:31,242 INFO CSMF2.step_1_1_1.run :: epoch=48 step=150/429 train_nll=-2397.976
2026-05-16 18:53:32,797 INFO CSMF2.step_1_1_1.run :: [h] epoch=48 step=200 total=0.09503 batch=0.06685
2026-05-16 18:53:32,797 INFO CSMF2.step_1_1_1.run :: [lat] epoch=48 step=200 mean_l2=0.07672 std_l2=0.19581
2026-05-16 18:53:32,803 INFO CSMF2.step_1_1_1.run :: epoch=48 step=200/429 train_nll=-2400.744
2026-05-16 18:53:34,362 INFO CSMF2.step_1_1_1.run :: [h] epoch=48 step=250 total=0.09594 batch=0.06727
2026-05-16 18:53:34,362 INFO CSMF2.step_1_1_1.run :: [lat] epoch=48 step=250 mean_l2=0.07670 std_l2=0.78626
2026-05-16 18:53:34,369 INFO CSMF2.step_1_1_1.run :: epoch=48 step=250/429 train_nll=-2402.366
2026-05-16 18:53:35,968 INFO CSMF2.step_1_1_1.run :: [h] epoch=48 step=300 total=0.09476 batch=0.06654
2026-05-16 18:53:35,968 INFO CSMF2.step_1_1_1.run :: [lat] epoch=48 step=300 mean_l2=0.07413 std_l2=0.19093
2026-05-16 18:53:35,975 INFO CSMF2.step_1_1_1.run :: epoch=48 step=300/429 train_nll=-2404.833
2026-05-16 18:53:37,572 INFO CSMF2.step_1_1_1.run :: [h] epoch=48 step=350 total=0.09666 batch=0.06876
2026-05-16 18:53:37,572 INFO CSMF2.step_1_1_1.run :: [lat] epoch=48 step=350 mean_l2=0.09300 std_l2=6.74889
2026-05-16 18:53:37,579 INFO CSMF2.step_1_1_1.run :: epoch=48 step=350/429 train_nll=-2403.313
2026-05-16 18:53:39,177 INFO CSMF2.step_1_1_1.run :: [h] epoch=48 step=400 total=0.09592 batch=0.06819
2026-05-16 18:53:39,177 INFO CSMF2.step_1_1_1.run :: [lat] epoch=48 step=400 mean_l2=0.08039 std_l2=8.33080
2026-05-16 18:53:39,184 INFO CSMF2.step_1_1_1.run :: epoch=48 step=400/429 train_nll=-2401.889
2026-05-16 18:53:41,105 INFO CSMF2.step_1_1_1.run :: epoch=48  train_nll=-2401.493  val_nll=-2361.678  t=14.6s
2026-05-16 18:53:41,105 INFO CSMF2.step_1_1_1.run :: [h_std] total=0.09601 batch=0.06726 (no penalty)
2026-05-16 18:53:41,105 INFO CSMF2.step_1_1_1.run :: [lat_epoch] mean_l2=0.08257 std_l2=1.37296 lambda=0.100
2026-05-16 18:53:41,105 INFO CSMF2.step_1_1_1.run :: [grad] cond=301.3367 film_gain=0.0000
2026-05-16 18:53:45,816 INFO CSMF2.step_1_1_1.run :: [h] epoch=49 step=50 total=0.09642 batch=0.06743
2026-05-16 18:53:45,816 INFO CSMF2.step_1_1_1.run :: [lat] epoch=49 step=50 mean_l2=0.07892 std_l2=2.81681
2026-05-16 18:53:45,823 INFO CSMF2.step_1_1_1.run :: epoch=49 step=50/429 train_nll=-2402.117
2026-05-16 18:53:47,539 INFO CSMF2.step_1_1_1.run :: [h] epoch=49 step=100 total=0.09524 batch=0.06750
2026-05-16 18:53:47,539 INFO CSMF2.step_1_1_1.run :: [lat] epoch=49 step=100 mean_l2=0.08684 std_l2=0.60145
2026-05-16 18:53:47,546 INFO CSMF2.step_1_1_1.run :: epoch=49 step=100/429 train_nll=-2400.036
2026-05-16 18:53:49,131 INFO CSMF2.step_1_1_1.run :: [h] epoch=49 step=150 total=0.09510 batch=0.06688
2026-05-16 18:53:49,131 INFO CSMF2.step_1_1_1.run :: [lat] epoch=49 step=150 mean_l2=0.08235 std_l2=0.26496
2026-05-16 18:53:49,137 INFO CSMF2.step_1_1_1.run :: epoch=49 step=150/429 train_nll=-2398.658
2026-05-16 18:53:50,718 INFO CSMF2.step_1_1_1.run :: [h] epoch=49 step=200 total=0.09344 batch=0.06570
2026-05-16 18:53:50,718 INFO CSMF2.step_1_1_1.run :: [lat] epoch=49 step=200 mean_l2=0.07705 std_l2=0.23658
2026-05-16 18:53:50,725 INFO CSMF2.step_1_1_1.run :: epoch=49 step=200/429 train_nll=-2401.591
2026-05-16 18:53:52,307 INFO CSMF2.step_1_1_1.run :: [h] epoch=49 step=250 total=0.09446 batch=0.06651
2026-05-16 18:53:52,307 INFO CSMF2.step_1_1_1.run :: [lat] epoch=49 step=250 mean_l2=0.07878 std_l2=0.90312
2026-05-16 18:53:52,314 INFO CSMF2.step_1_1_1.run :: epoch=49 step=250/429 train_nll=-2403.014
2026-05-16 18:53:53,917 INFO CSMF2.step_1_1_1.run :: [h] epoch=49 step=300 total=0.09618 batch=0.06756
2026-05-16 18:53:53,917 INFO CSMF2.step_1_1_1.run :: [lat] epoch=49 step=300 mean_l2=0.08097 std_l2=0.27825
2026-05-16 18:53:53,924 INFO CSMF2.step_1_1_1.run :: epoch=49 step=300/429 train_nll=-2404.753
2026-05-16 18:53:55,549 INFO CSMF2.step_1_1_1.run :: [h] epoch=49 step=350 total=0.09819 batch=0.07004
2026-05-16 18:53:55,549 INFO CSMF2.step_1_1_1.run :: [lat] epoch=49 step=350 mean_l2=0.08595 std_l2=6.03969
2026-05-16 18:53:55,556 INFO CSMF2.step_1_1_1.run :: epoch=49 step=350/429 train_nll=-2403.599
2026-05-16 18:53:57,184 INFO CSMF2.step_1_1_1.run :: [h] epoch=49 step=400 total=0.09718 batch=0.06931
2026-05-16 18:53:57,184 INFO CSMF2.step_1_1_1.run :: [lat] epoch=49 step=400 mean_l2=0.09489 std_l2=10.41024
2026-05-16 18:53:57,191 INFO CSMF2.step_1_1_1.run :: epoch=49 step=400/429 train_nll=-2403.212
2026-05-16 18:53:59,131 INFO CSMF2.step_1_1_1.run :: epoch=49  train_nll=-2402.637  val_nll=-2374.600  t=14.9s
2026-05-16 18:53:59,131 INFO CSMF2.step_1_1_1.run :: [h_std] total=0.09522 batch=0.06682 (no penalty)
2026-05-16 18:53:59,131 INFO CSMF2.step_1_1_1.run :: [lat_epoch] mean_l2=0.08288 std_l2=1.35173 lambda=0.100
2026-05-16 18:53:59,131 INFO CSMF2.step_1_1_1.run :: [grad] cond=175.7350 film_gain=0.0000
2026-05-16 18:54:06,383 INFO CSMF2.step_1_1_1.run :: [run] FINAL test_nll (sealed 10k) = -2385.042
2026-05-16 18:54:07,025 INFO CSMF2.experiments.step_1_1_1.density_plots :: [plot_latent_density] saved -> CSMF2/experiments/step_1_1_1/results/nice_s2_n0.10_seed0_7c8e2c947626/plots/latent_density.png  (ks=0.0747, mean=-0.041, std=1.076)
2026-05-16 18:54:07,194 INFO CSMF2.experiments.step_1_1_1.density_plots :: [plot_cycle_density] saved -> CSMF2/experiments/step_1_1_1/results/nice_s2_n0.10_seed0_7c8e2c947626/plots/cycle_density.png  (max|err|=3.338e-06 rms=4.027e-07)
2026-05-16 18:54:07,436 INFO CSMF2.experiments.step_1_1_1.density_plots :: [plot_reconstruction_panel] saved -> CSMF2/experiments/step_1_1_1/results/nice_s2_n0.10_seed0_7c8e2c947626/plots/reconstruction_panel.png  rms(enc-prior)=1.150
==============================================================
[1mSTEP-1_1_1 RUN SUMMARY[0m
==============================================================
expert: nice   scale: 2   noise: 0.1   seed: 0   epochs: 50
train NLL:    -1109.43  ->    -2402.64  (Δ = -1293.21)
test  NLL:    -1337.23  ->    -2374.60

[1mHARD GATES (halt on fail)[0m
  [32m 50/50  ✓[0m  invertibility FP64 <1e-5
  [31m  0/50  ✗[0m  latent KS vs N(0,1) <0.05
  [32m 50/50  ✓[0m  cycle_max < 1e-12
  [32m 50/50  ✓[0m  h std > 1e-3
  [32m 50/50  ✓[0m  FiLM γ,β std > 1e-3 aggregate
  [32m 50/50  ✓[0m  (y,seed) max|Δh| < 1e-6
  [32m 50/50  ✓[0m  no NaN/Inf this epoch
  [32m  1/1   ✓[0m  numeric log-det (FP64, once)

[1mINFORMATIONAL (logged, non-blocking)[0m
  [32m 50/50  ✓[0m  null-control gap ≥ 0.10
  [32m 50/50  ✓[0m  h_st Δlogp slope > 1e-3
  [32m 50/50  ✓[0m  grad norm > 1e-6
  [32m 50/50  ✓[0m  fwd residual reported
--------------------------------------------------------------
[1mHARD TOTAL: 301/351[0m  (85.8%)
[1mEXIT_CRITERIA_MET:[0m [31mNO[0m
[1mREMEDY HINTS:[0m
  - hard gate failed: latent_ks (latent KS vs N(0,1) <0.05) -- check epochs [0, 1, 2, 3, 4, 5, 6, 7, 8, 9, 10, 11, 12, 13, 14, 15, 16, 17, 18, 19, 20, 21, 22, 23, 24, 25, 26, 27, 28, 29, 30, 31, 32, 33, 34, 35, 36, 37, 38, 39, 40, 41, 42, 43, 44, 45, 46, 47, 48, 49]
==============================================================
2026-05-16 18:54:07,507 INFO CSMF2.step_1_1_1.run :: STEP-1_1 run DONE  exit_ok=False  out=CSMF2/experiments/step_1_1_1/results/nice_s2_n0.10_seed0_7c8e2c947626
