>>> 17:33:04 === TRAIN nsf  lam=1.0 noise=0.0 ===
2026-05-16 17:33:05,685 INFO CSMF2.step_1_1_1.run :: STEP-1_1 run | tag=nsf_s2_n0.00_seed0_25c8cd097d5c | cfg=StepCfg(data_root='./mnist_data', scale=2, blur_sigma=1.0, noise_sigma=0.0, batch_size=128, expert='nsf', dim=784, cond_width=128, h_dim=256, flow_hidden=256, use_film=True, cache_h=True, use_v2_conditioner=False, film_depth=2, film_hidden=128, film_use_gelu=True, realnvp_n_couplings=6, realnvp_s_max=2.0, glow_n_steps=8, glow_coupling_hidden=256, glow_s_max=2.0, glow_squeeze=True, glow_n_levels=1, glow_image_c=1, glow_image_h=28, glow_image_w=28, glow_film_gain_init=0.3, lr=0.001, epochs=50, weight_decay=0.0, grad_clip=5.0, shuffle_loss_lambda=0.0, shuffle_loss_margin=0.5, h_std_penalty_mu=0.0, h_std_target=0.05, cond_y_residual_alpha_init=0.0, latent_moment_lambda=1.0, latent_ks_target=0.1, fwd_rel_target=0.5, resume_from=None, seed=0, out_root='./CSMF2/experiments/step_1_1_1/results', log_every=50, sanity_every_epoch=True)
2026-05-16 17:33:05,898 INFO CSMF2.step_1_1_1.run :: [run] data sizes: train=55000  val=5000 (per-epoch)  test=10000 (final-only)
2026-05-16 17:33:06,108 INFO CSMF2.step_1_1_1.run :: [y_sanity] y.std(dim=0).mean() = 0.1294  shape=(128, 1, 14, 14)
2026-05-16 17:33:11,525 INFO CSMF2.step_1_1_1.run :: [h] epoch=0 step=50 total=0.01846 batch=0.00016
2026-05-16 17:33:11,525 INFO CSMF2.step_1_1_1.run :: [lat] epoch=0 step=50 mean_l2=0.25394 std_l2=0.24447
2026-05-16 17:33:11,564 INFO CSMF2.step_1_1_1.run :: epoch=0 step=50/429 train_nll=-1959.924
2026-05-16 17:33:16,149 INFO CSMF2.step_1_1_1.run :: [h] epoch=0 step=100 total=0.09908 batch=0.00022
2026-05-16 17:33:16,150 INFO CSMF2.step_1_1_1.run :: [lat] epoch=0 step=100 mean_l2=0.05836 std_l2=0.06659
2026-05-16 17:33:16,189 INFO CSMF2.step_1_1_1.run :: epoch=0 step=100/429 train_nll=-2565.612
2026-05-16 17:33:20,802 INFO CSMF2.step_1_1_1.run :: [h] epoch=0 step=150 total=0.10309 batch=0.00058
2026-05-16 17:33:20,802 INFO CSMF2.step_1_1_1.run :: [lat] epoch=0 step=150 mean_l2=0.04398 std_l2=0.04759
2026-05-16 17:33:20,842 INFO CSMF2.step_1_1_1.run :: epoch=0 step=150/429 train_nll=-2817.359
2026-05-16 17:33:25,469 INFO CSMF2.step_1_1_1.run :: [h] epoch=0 step=200 total=0.08630 batch=0.00483
2026-05-16 17:33:25,469 INFO CSMF2.step_1_1_1.run :: [lat] epoch=0 step=200 mean_l2=0.07263 std_l2=0.04367
2026-05-16 17:33:25,509 INFO CSMF2.step_1_1_1.run :: epoch=0 step=200/429 train_nll=-2950.982
2026-05-16 17:33:30,129 INFO CSMF2.step_1_1_1.run :: [h] epoch=0 step=250 total=0.06195 batch=0.01461
2026-05-16 17:33:30,130 INFO CSMF2.step_1_1_1.run :: [lat] epoch=0 step=250 mean_l2=0.05677 std_l2=0.04472
2026-05-16 17:33:30,169 INFO CSMF2.step_1_1_1.run :: epoch=0 step=250/429 train_nll=-3036.094
2026-05-16 17:33:34,726 INFO CSMF2.step_1_1_1.run :: [h] epoch=0 step=300 total=0.10793 batch=0.03567
2026-05-16 17:33:34,726 INFO CSMF2.step_1_1_1.run :: [lat] epoch=0 step=300 mean_l2=0.03758 std_l2=0.02825
2026-05-16 17:33:34,765 INFO CSMF2.step_1_1_1.run :: epoch=0 step=300/429 train_nll=-3097.551
2026-05-16 17:33:39,326 INFO CSMF2.step_1_1_1.run :: [h] epoch=0 step=350 total=0.11926 batch=0.05552
2026-05-16 17:33:39,327 INFO CSMF2.step_1_1_1.run :: [lat] epoch=0 step=350 mean_l2=0.04073 std_l2=0.02881
2026-05-16 17:33:39,366 INFO CSMF2.step_1_1_1.run :: epoch=0 step=350/429 train_nll=-3144.717
2026-05-16 17:33:43,951 INFO CSMF2.step_1_1_1.run :: [h] epoch=0 step=400 total=0.13583 batch=0.07975
2026-05-16 17:33:43,952 INFO CSMF2.step_1_1_1.run :: [lat] epoch=0 step=400 mean_l2=0.03314 std_l2=0.02916
2026-05-16 17:33:43,991 INFO CSMF2.step_1_1_1.run :: epoch=0 step=400/429 train_nll=-3181.236
2026-05-16 17:33:48,460 INFO CSMF2.step_1_1_1.run :: epoch=0  train_nll=-3200.453  val_nll=-3461.836  t=41.9s
2026-05-16 17:33:48,460 INFO CSMF2.step_1_1_1.run :: [h_std] total=0.09050 batch=0.02470 (no penalty)
2026-05-16 17:33:48,460 INFO CSMF2.step_1_1_1.run :: [lat_epoch] mean_l2=0.18024 std_l2=0.12009 lambda=1.000
2026-05-16 17:33:48,460 INFO CSMF2.step_1_1_1.run :: [grad] cond=36.7366 film_gain=0.0000
2026-05-16 17:33:56,215 INFO CSMF2.step_1_1_1.run :: [h] epoch=1 step=50 total=0.14319 batch=0.08946
2026-05-16 17:33:56,215 INFO CSMF2.step_1_1_1.run :: [lat] epoch=1 step=50 mean_l2=0.03735 std_l2=0.02938
2026-05-16 17:33:56,255 INFO CSMF2.step_1_1_1.run :: epoch=1 step=50/429 train_nll=-3438.578
2026-05-16 17:34:00,879 INFO CSMF2.step_1_1_1.run :: [h] epoch=1 step=100 total=0.15467 batch=0.10034
2026-05-16 17:34:00,880 INFO CSMF2.step_1_1_1.run :: [lat] epoch=1 step=100 mean_l2=0.03710 std_l2=0.03872
2026-05-16 17:34:00,919 INFO CSMF2.step_1_1_1.run :: epoch=1 step=100/429 train_nll=-3450.053
2026-05-16 17:34:05,523 INFO CSMF2.step_1_1_1.run :: [h] epoch=1 step=150 total=0.16836 batch=0.10263
2026-05-16 17:34:05,523 INFO CSMF2.step_1_1_1.run :: [lat] epoch=1 step=150 mean_l2=0.04980 std_l2=0.03109
2026-05-16 17:34:05,563 INFO CSMF2.step_1_1_1.run :: epoch=1 step=150/429 train_nll=-3454.136
2026-05-16 17:34:10,195 INFO CSMF2.step_1_1_1.run :: [h] epoch=1 step=200 total=0.19590 batch=0.11757
2026-05-16 17:34:10,195 INFO CSMF2.step_1_1_1.run :: [lat] epoch=1 step=200 mean_l2=0.04237 std_l2=0.02826
2026-05-16 17:34:10,235 INFO CSMF2.step_1_1_1.run :: epoch=1 step=200/429 train_nll=-3459.702
2026-05-16 17:34:14,826 INFO CSMF2.step_1_1_1.run :: [h] epoch=1 step=250 total=0.19478 batch=0.11826
2026-05-16 17:34:14,827 INFO CSMF2.step_1_1_1.run :: [lat] epoch=1 step=250 mean_l2=0.02171 std_l2=0.02144
2026-05-16 17:34:14,866 INFO CSMF2.step_1_1_1.run :: epoch=1 step=250/429 train_nll=-3464.775
2026-05-16 17:34:19,483 INFO CSMF2.step_1_1_1.run :: [h] epoch=1 step=300 total=0.20908 batch=0.12616
2026-05-16 17:34:19,483 INFO CSMF2.step_1_1_1.run :: [lat] epoch=1 step=300 mean_l2=0.02148 std_l2=0.02745
2026-05-16 17:34:19,523 INFO CSMF2.step_1_1_1.run :: epoch=1 step=300/429 train_nll=-3469.494
2026-05-16 17:34:24,133 INFO CSMF2.step_1_1_1.run :: [h] epoch=1 step=350 total=0.22925 batch=0.13569
2026-05-16 17:34:24,134 INFO CSMF2.step_1_1_1.run :: [lat] epoch=1 step=350 mean_l2=0.01633 std_l2=0.02264
2026-05-16 17:34:24,173 INFO CSMF2.step_1_1_1.run :: epoch=1 step=350/429 train_nll=-3475.437
2026-05-16 17:34:28,783 INFO CSMF2.step_1_1_1.run :: [h] epoch=1 step=400 total=0.22068 batch=0.13073
2026-05-16 17:34:28,783 INFO CSMF2.step_1_1_1.run :: [lat] epoch=1 step=400 mean_l2=0.03232 std_l2=0.03482
2026-05-16 17:34:28,823 INFO CSMF2.step_1_1_1.run :: epoch=1 step=400/429 train_nll=-3478.647
2026-05-16 17:34:33,294 INFO CSMF2.step_1_1_1.run :: epoch=1  train_nll=-3481.917  val_nll=-3525.230  t=41.8s
2026-05-16 17:34:33,294 INFO CSMF2.step_1_1_1.run :: [h_std] total=0.18781 batch=0.11267 (no penalty)
2026-05-16 17:34:33,294 INFO CSMF2.step_1_1_1.run :: [lat_epoch] mean_l2=0.03598 std_l2=0.02860 lambda=1.000
2026-05-16 17:34:33,295 INFO CSMF2.step_1_1_1.run :: [grad] cond=168.6491 film_gain=0.0000
2026-05-16 17:34:40,695 INFO CSMF2.step_1_1_1.run :: [h] epoch=2 step=50 total=0.23983 batch=0.14330
2026-05-16 17:34:40,695 INFO CSMF2.step_1_1_1.run :: [lat] epoch=2 step=50 mean_l2=0.03000 std_l2=0.02874
2026-05-16 17:34:40,734 INFO CSMF2.step_1_1_1.run :: epoch=2 step=50/429 train_nll=-3518.154
2026-05-16 17:34:45,343 INFO CSMF2.step_1_1_1.run :: [h] epoch=2 step=100 total=0.24156 batch=0.14723
2026-05-16 17:34:45,343 INFO CSMF2.step_1_1_1.run :: [lat] epoch=2 step=100 mean_l2=0.04232 std_l2=0.02710
2026-05-16 17:34:45,383 INFO CSMF2.step_1_1_1.run :: epoch=2 step=100/429 train_nll=-3513.645
2026-05-16 17:34:49,983 INFO CSMF2.step_1_1_1.run :: [h] epoch=2 step=150 total=0.24745 batch=0.14790
2026-05-16 17:34:49,984 INFO CSMF2.step_1_1_1.run :: [lat] epoch=2 step=150 mean_l2=0.02499 std_l2=0.02215
2026-05-16 17:34:50,023 INFO CSMF2.step_1_1_1.run :: epoch=2 step=150/429 train_nll=-3516.139
2026-05-16 17:34:54,640 INFO CSMF2.step_1_1_1.run :: [h] epoch=2 step=200 total=0.26890 batch=0.16076
2026-05-16 17:34:54,641 INFO CSMF2.step_1_1_1.run :: [lat] epoch=2 step=200 mean_l2=0.02074 std_l2=0.01986
2026-05-16 17:34:54,680 INFO CSMF2.step_1_1_1.run :: epoch=2 step=200/429 train_nll=-3522.624
2026-05-16 17:34:59,296 INFO CSMF2.step_1_1_1.run :: [h] epoch=2 step=250 total=0.26019 batch=0.15744
2026-05-16 17:34:59,296 INFO CSMF2.step_1_1_1.run :: [lat] epoch=2 step=250 mean_l2=0.02656 std_l2=0.02509
2026-05-16 17:34:59,336 INFO CSMF2.step_1_1_1.run :: epoch=2 step=250/429 train_nll=-3523.794
2026-05-16 17:35:03,967 INFO CSMF2.step_1_1_1.run :: [h] epoch=2 step=300 total=0.27384 batch=0.16482
2026-05-16 17:35:03,967 INFO CSMF2.step_1_1_1.run :: [lat] epoch=2 step=300 mean_l2=0.01703 std_l2=0.02063
2026-05-16 17:35:04,007 INFO CSMF2.step_1_1_1.run :: epoch=2 step=300/429 train_nll=-3527.189
2026-05-16 17:35:08,646 INFO CSMF2.step_1_1_1.run :: [h] epoch=2 step=350 total=0.27902 batch=0.17361
2026-05-16 17:35:08,647 INFO CSMF2.step_1_1_1.run :: [lat] epoch=2 step=350 mean_l2=0.02072 std_l2=0.02212
2026-05-16 17:35:08,686 INFO CSMF2.step_1_1_1.run :: epoch=2 step=350/429 train_nll=-3530.482
2026-05-16 17:35:13,304 INFO CSMF2.step_1_1_1.run :: [h] epoch=2 step=400 total=0.27578 batch=0.16596
2026-05-16 17:35:13,305 INFO CSMF2.step_1_1_1.run :: [lat] epoch=2 step=400 mean_l2=0.02502 std_l2=0.02124
2026-05-16 17:35:13,344 INFO CSMF2.step_1_1_1.run :: epoch=2 step=400/429 train_nll=-3532.960
2026-05-16 17:35:17,795 INFO CSMF2.step_1_1_1.run :: epoch=2  train_nll=-3534.066  val_nll=-3555.298  t=41.7s
2026-05-16 17:35:17,795 INFO CSMF2.step_1_1_1.run :: [h_std] total=0.25886 batch=0.15453 (no penalty)
2026-05-16 17:35:17,795 INFO CSMF2.step_1_1_1.run :: [lat_epoch] mean_l2=0.02821 std_l2=0.02516 lambda=1.000
2026-05-16 17:35:17,795 INFO CSMF2.step_1_1_1.run :: [grad] cond=79.1795 film_gain=0.0000
2026-05-16 17:35:25,200 INFO CSMF2.step_1_1_1.run :: [h] epoch=3 step=50 total=0.28092 batch=0.17159
2026-05-16 17:35:25,200 INFO CSMF2.step_1_1_1.run :: [lat] epoch=3 step=50 mean_l2=0.01682 std_l2=0.01857
2026-05-16 17:35:25,240 INFO CSMF2.step_1_1_1.run :: epoch=3 step=50/429 train_nll=-3552.993
2026-05-16 17:35:29,866 INFO CSMF2.step_1_1_1.run :: [h] epoch=3 step=100 total=0.28733 batch=0.17030
2026-05-16 17:35:29,866 INFO CSMF2.step_1_1_1.run :: [lat] epoch=3 step=100 mean_l2=0.02780 std_l2=0.02519
2026-05-16 17:35:29,906 INFO CSMF2.step_1_1_1.run :: epoch=3 step=100/429 train_nll=-3553.115
2026-05-16 17:35:34,501 INFO CSMF2.step_1_1_1.run :: [h] epoch=3 step=150 total=0.29230 batch=0.17302
2026-05-16 17:35:34,502 INFO CSMF2.step_1_1_1.run :: [lat] epoch=3 step=150 mean_l2=0.01784 std_l2=0.02181
2026-05-16 17:35:34,541 INFO CSMF2.step_1_1_1.run :: epoch=3 step=150/429 train_nll=-3555.863
2026-05-16 17:35:39,153 INFO CSMF2.step_1_1_1.run :: [h] epoch=3 step=200 total=0.29450 batch=0.17912
2026-05-16 17:35:39,153 INFO CSMF2.step_1_1_1.run :: [lat] epoch=3 step=200 mean_l2=0.01749 std_l2=0.02087
2026-05-16 17:35:39,193 INFO CSMF2.step_1_1_1.run :: epoch=3 step=200/429 train_nll=-3557.911
2026-05-16 17:35:43,799 INFO CSMF2.step_1_1_1.run :: [h] epoch=3 step=250 total=0.29709 batch=0.17678
2026-05-16 17:35:43,799 INFO CSMF2.step_1_1_1.run :: [lat] epoch=3 step=250 mean_l2=0.01701 std_l2=0.01981
2026-05-16 17:35:43,839 INFO CSMF2.step_1_1_1.run :: epoch=3 step=250/429 train_nll=-3561.374
2026-05-16 17:35:48,437 INFO CSMF2.step_1_1_1.run :: [h] epoch=3 step=300 total=0.29511 batch=0.17586
2026-05-16 17:35:48,438 INFO CSMF2.step_1_1_1.run :: [lat] epoch=3 step=300 mean_l2=0.02327 std_l2=0.02391
2026-05-16 17:35:48,477 INFO CSMF2.step_1_1_1.run :: epoch=3 step=300/429 train_nll=-3563.181
2026-05-16 17:35:53,086 INFO CSMF2.step_1_1_1.run :: [h] epoch=3 step=350 total=0.31168 batch=0.18833
2026-05-16 17:35:53,087 INFO CSMF2.step_1_1_1.run :: [lat] epoch=3 step=350 mean_l2=0.03158 std_l2=0.02626
2026-05-16 17:35:53,126 INFO CSMF2.step_1_1_1.run :: epoch=3 step=350/429 train_nll=-3564.330
2026-05-16 17:35:57,732 INFO CSMF2.step_1_1_1.run :: [h] epoch=3 step=400 total=0.29007 batch=0.17780
2026-05-16 17:35:57,736 INFO CSMF2.step_1_1_1.run :: [lat] epoch=3 step=400 mean_l2=0.03817 std_l2=0.02731
2026-05-16 17:35:57,776 INFO CSMF2.step_1_1_1.run :: epoch=3 step=400/429 train_nll=-3564.929
2026-05-16 17:36:02,233 INFO CSMF2.step_1_1_1.run :: epoch=3  train_nll=-3565.651  val_nll=-3587.496  t=41.7s
2026-05-16 17:36:02,233 INFO CSMF2.step_1_1_1.run :: [h_std] total=0.29273 batch=0.17566 (no penalty)
2026-05-16 17:36:02,233 INFO CSMF2.step_1_1_1.run :: [lat_epoch] mean_l2=0.02526 std_l2=0.02392 lambda=1.000
2026-05-16 17:36:02,233 INFO CSMF2.step_1_1_1.run :: [grad] cond=174.6143 film_gain=0.0000
2026-05-16 17:36:09,521 INFO CSMF2.step_1_1_1.run :: [h] epoch=4 step=50 total=0.30252 batch=0.18690
2026-05-16 17:36:09,522 INFO CSMF2.step_1_1_1.run :: [lat] epoch=4 step=50 mean_l2=0.02362 std_l2=0.02391
2026-05-16 17:36:09,561 INFO CSMF2.step_1_1_1.run :: epoch=4 step=50/429 train_nll=-3575.897
2026-05-16 17:36:14,179 INFO CSMF2.step_1_1_1.run :: [h] epoch=4 step=100 total=0.31080 batch=0.18969
2026-05-16 17:36:14,180 INFO CSMF2.step_1_1_1.run :: [lat] epoch=4 step=100 mean_l2=0.03344 std_l2=0.02438
2026-05-16 17:36:14,219 INFO CSMF2.step_1_1_1.run :: epoch=4 step=100/429 train_nll=-3581.998
2026-05-16 17:36:18,403 INFO CSMF2.step_1_1_1.run :: [h] epoch=4 step=150 total=0.31190 batch=0.18936
2026-05-16 17:36:18,403 INFO CSMF2.step_1_1_1.run :: [lat] epoch=4 step=150 mean_l2=0.01678 std_l2=0.01916
2026-05-16 17:36:18,442 INFO CSMF2.step_1_1_1.run :: epoch=4 step=150/429 train_nll=-3582.000
2026-05-16 17:36:22,811 INFO CSMF2.step_1_1_1.run :: [h] epoch=4 step=200 total=0.29518 batch=0.18857
2026-05-16 17:36:22,811 INFO CSMF2.step_1_1_1.run :: [lat] epoch=4 step=200 mean_l2=0.03643 std_l2=0.02760
2026-05-16 17:36:22,850 INFO CSMF2.step_1_1_1.run :: epoch=4 step=200/429 train_nll=-3584.449
2026-05-16 17:36:27,442 INFO CSMF2.step_1_1_1.run :: [h] epoch=4 step=250 total=0.31674 batch=0.19408
2026-05-16 17:36:27,443 INFO CSMF2.step_1_1_1.run :: [lat] epoch=4 step=250 mean_l2=0.02221 std_l2=0.02102
2026-05-16 17:36:27,482 INFO CSMF2.step_1_1_1.run :: epoch=4 step=250/429 train_nll=-3584.644
2026-05-16 17:36:32,091 INFO CSMF2.step_1_1_1.run :: [h] epoch=4 step=300 total=0.31637 batch=0.19553
2026-05-16 17:36:32,091 INFO CSMF2.step_1_1_1.run :: [lat] epoch=4 step=300 mean_l2=0.01788 std_l2=0.02388
2026-05-16 17:36:32,131 INFO CSMF2.step_1_1_1.run :: epoch=4 step=300/429 train_nll=-3584.753
2026-05-16 17:36:36,321 INFO CSMF2.step_1_1_1.run :: [h] epoch=4 step=350 total=0.31911 batch=0.20004
2026-05-16 17:36:36,321 INFO CSMF2.step_1_1_1.run :: [lat] epoch=4 step=350 mean_l2=0.03003 std_l2=0.02531
2026-05-16 17:36:36,360 INFO CSMF2.step_1_1_1.run :: epoch=4 step=350/429 train_nll=-3585.024
2026-05-16 17:36:40,544 INFO CSMF2.step_1_1_1.run :: [h] epoch=4 step=400 total=0.31690 batch=0.19606
2026-05-16 17:36:40,544 INFO CSMF2.step_1_1_1.run :: [lat] epoch=4 step=400 mean_l2=0.01928 std_l2=0.02392
2026-05-16 17:36:40,583 INFO CSMF2.step_1_1_1.run :: epoch=4 step=400/429 train_nll=-3586.886
2026-05-16 17:36:44,880 INFO CSMF2.step_1_1_1.run :: epoch=4  train_nll=-3588.759  val_nll=-3615.218  t=40.0s
2026-05-16 17:36:44,880 INFO CSMF2.step_1_1_1.run :: [h_std] total=0.31226 batch=0.19171 (no penalty)
2026-05-16 17:36:44,880 INFO CSMF2.step_1_1_1.run :: [lat_epoch] mean_l2=0.02366 std_l2=0.02344 lambda=1.000
2026-05-16 17:36:44,880 INFO CSMF2.step_1_1_1.run :: [grad] cond=95.8537 film_gain=0.0000
2026-05-16 17:36:51,661 INFO CSMF2.step_1_1_1.run :: [h] epoch=5 step=50 total=0.32684 batch=0.20052
2026-05-16 17:36:51,661 INFO CSMF2.step_1_1_1.run :: [lat] epoch=5 step=50 mean_l2=0.03364 std_l2=0.02438
2026-05-16 17:36:51,700 INFO CSMF2.step_1_1_1.run :: epoch=5 step=50/429 train_nll=-3608.896
2026-05-16 17:36:55,883 INFO CSMF2.step_1_1_1.run :: [h] epoch=5 step=100 total=0.31884 batch=0.19983
2026-05-16 17:36:55,883 INFO CSMF2.step_1_1_1.run :: [lat] epoch=5 step=100 mean_l2=0.02920 std_l2=0.02673
2026-05-16 17:36:55,923 INFO CSMF2.step_1_1_1.run :: epoch=5 step=100/429 train_nll=-3599.169
2026-05-16 17:37:00,193 INFO CSMF2.step_1_1_1.run :: [h] epoch=5 step=150 total=0.31861 batch=0.19610
2026-05-16 17:37:00,193 INFO CSMF2.step_1_1_1.run :: [lat] epoch=5 step=150 mean_l2=0.02649 std_l2=0.02312
2026-05-16 17:37:00,232 INFO CSMF2.step_1_1_1.run :: epoch=5 step=150/429 train_nll=-3594.210
2026-05-16 17:37:04,420 INFO CSMF2.step_1_1_1.run :: [h] epoch=5 step=200 total=0.32279 batch=0.20320
2026-05-16 17:37:04,420 INFO CSMF2.step_1_1_1.run :: [lat] epoch=5 step=200 mean_l2=0.02329 std_l2=0.02269
2026-05-16 17:37:04,460 INFO CSMF2.step_1_1_1.run :: epoch=5 step=200/429 train_nll=-3595.008
2026-05-16 17:37:08,648 INFO CSMF2.step_1_1_1.run :: [h] epoch=5 step=250 total=0.31995 batch=0.19919
2026-05-16 17:37:08,649 INFO CSMF2.step_1_1_1.run :: [lat] epoch=5 step=250 mean_l2=0.02819 std_l2=0.02150
2026-05-16 17:37:08,688 INFO CSMF2.step_1_1_1.run :: epoch=5 step=250/429 train_nll=-3597.067
2026-05-16 17:37:12,876 INFO CSMF2.step_1_1_1.run :: [h] epoch=5 step=300 total=0.32291 batch=0.20185
2026-05-16 17:37:12,876 INFO CSMF2.step_1_1_1.run :: [lat] epoch=5 step=300 mean_l2=0.01907 std_l2=0.02148
2026-05-16 17:37:12,915 INFO CSMF2.step_1_1_1.run :: epoch=5 step=300/429 train_nll=-3599.648
2026-05-16 17:37:17,103 INFO CSMF2.step_1_1_1.run :: [h] epoch=5 step=350 total=0.33088 batch=0.20863
2026-05-16 17:37:17,103 INFO CSMF2.step_1_1_1.run :: [lat] epoch=5 step=350 mean_l2=0.01613 std_l2=0.02223
2026-05-16 17:37:17,142 INFO CSMF2.step_1_1_1.run :: epoch=5 step=350/429 train_nll=-3601.266
2026-05-16 17:37:21,330 INFO CSMF2.step_1_1_1.run :: [h] epoch=5 step=400 total=0.32824 batch=0.20084
2026-05-16 17:37:21,330 INFO CSMF2.step_1_1_1.run :: [lat] epoch=5 step=400 mean_l2=0.01610 std_l2=0.02191
2026-05-16 17:37:21,369 INFO CSMF2.step_1_1_1.run :: epoch=5 step=400/429 train_nll=-3604.422
2026-05-16 17:37:25,579 INFO CSMF2.step_1_1_1.run :: epoch=5  train_nll=-3605.680  val_nll=-3612.967  t=38.1s
2026-05-16 17:37:25,579 INFO CSMF2.step_1_1_1.run :: [h_std] total=0.32155 batch=0.19980 (no penalty)
2026-05-16 17:37:25,579 INFO CSMF2.step_1_1_1.run :: [lat_epoch] mean_l2=0.02352 std_l2=0.02345 lambda=1.000
2026-05-16 17:37:25,579 INFO CSMF2.step_1_1_1.run :: [grad] cond=421.8363 film_gain=0.0000
2026-05-16 17:37:32,442 INFO CSMF2.step_1_1_1.run :: [h] epoch=6 step=50 total=0.32775 batch=0.20247
2026-05-16 17:37:32,443 INFO CSMF2.step_1_1_1.run :: [lat] epoch=6 step=50 mean_l2=0.02766 std_l2=0.02116
2026-05-16 17:37:32,482 INFO CSMF2.step_1_1_1.run :: epoch=6 step=50/429 train_nll=-3602.023
2026-05-16 17:37:36,675 INFO CSMF2.step_1_1_1.run :: [h] epoch=6 step=100 total=0.31336 batch=0.19677
2026-05-16 17:37:36,675 INFO CSMF2.step_1_1_1.run :: [lat] epoch=6 step=100 mean_l2=0.02023 std_l2=0.02469
2026-05-16 17:37:36,714 INFO CSMF2.step_1_1_1.run :: epoch=6 step=100/429 train_nll=-3602.434
2026-05-16 17:37:40,907 INFO CSMF2.step_1_1_1.run :: [h] epoch=6 step=150 total=0.31974 batch=0.19857
2026-05-16 17:37:40,908 INFO CSMF2.step_1_1_1.run :: [lat] epoch=6 step=150 mean_l2=0.01760 std_l2=0.02046
2026-05-16 17:37:40,947 INFO CSMF2.step_1_1_1.run :: epoch=6 step=150/429 train_nll=-3608.530
2026-05-16 17:37:45,139 INFO CSMF2.step_1_1_1.run :: [h] epoch=6 step=200 total=0.32753 batch=0.20335
2026-05-16 17:37:45,139 INFO CSMF2.step_1_1_1.run :: [lat] epoch=6 step=200 mean_l2=0.02064 std_l2=0.02436
2026-05-16 17:37:45,178 INFO CSMF2.step_1_1_1.run :: epoch=6 step=200/429 train_nll=-3613.744
2026-05-16 17:37:49,540 INFO CSMF2.step_1_1_1.run :: [h] epoch=6 step=250 total=0.31884 batch=0.19943
2026-05-16 17:37:49,541 INFO CSMF2.step_1_1_1.run :: [lat] epoch=6 step=250 mean_l2=0.03017 std_l2=0.02625
2026-05-16 17:37:49,580 INFO CSMF2.step_1_1_1.run :: epoch=6 step=250/429 train_nll=-3613.513
2026-05-16 17:37:54,160 INFO CSMF2.step_1_1_1.run :: [h] epoch=6 step=300 total=0.31952 batch=0.20059
2026-05-16 17:37:54,161 INFO CSMF2.step_1_1_1.run :: [lat] epoch=6 step=300 mean_l2=0.01462 std_l2=0.02116
2026-05-16 17:37:54,200 INFO CSMF2.step_1_1_1.run :: epoch=6 step=300/429 train_nll=-3614.747
2026-05-16 17:37:58,842 INFO CSMF2.step_1_1_1.run :: [h] epoch=6 step=350 total=0.32005 batch=0.20295
2026-05-16 17:37:58,843 INFO CSMF2.step_1_1_1.run :: [lat] epoch=6 step=350 mean_l2=0.03418 std_l2=0.02455
2026-05-16 17:37:58,882 INFO CSMF2.step_1_1_1.run :: epoch=6 step=350/429 train_nll=-3617.595
2026-05-16 17:38:03,477 INFO CSMF2.step_1_1_1.run :: [h] epoch=6 step=400 total=0.30930 batch=0.19497
2026-05-16 17:38:03,477 INFO CSMF2.step_1_1_1.run :: [lat] epoch=6 step=400 mean_l2=0.01665 std_l2=0.02192
2026-05-16 17:38:03,516 INFO CSMF2.step_1_1_1.run :: epoch=6 step=400/429 train_nll=-3616.374
2026-05-16 17:38:07,987 INFO CSMF2.step_1_1_1.run :: epoch=6  train_nll=-3616.410  val_nll=-3609.028  t=39.8s
2026-05-16 17:38:07,987 INFO CSMF2.step_1_1_1.run :: [h_std] total=0.32090 batch=0.19881 (no penalty)
2026-05-16 17:38:07,987 INFO CSMF2.step_1_1_1.run :: [lat_epoch] mean_l2=0.02407 std_l2=0.02348 lambda=1.000
2026-05-16 17:38:07,987 INFO CSMF2.step_1_1_1.run :: [grad] cond=235.6926 film_gain=0.0000
2026-05-16 17:38:15,282 INFO CSMF2.step_1_1_1.run :: [h] epoch=7 step=50 total=0.32342 batch=0.20191
2026-05-16 17:38:15,282 INFO CSMF2.step_1_1_1.run :: [lat] epoch=7 step=50 mean_l2=0.01455 std_l2=0.01773
2026-05-16 17:38:15,321 INFO CSMF2.step_1_1_1.run :: epoch=7 step=50/429 train_nll=-3620.495
2026-05-16 17:38:19,920 INFO CSMF2.step_1_1_1.run :: [h] epoch=7 step=100 total=0.31879 batch=0.20103
2026-05-16 17:38:19,921 INFO CSMF2.step_1_1_1.run :: [lat] epoch=7 step=100 mean_l2=0.01712 std_l2=0.02015
2026-05-16 17:38:19,960 INFO CSMF2.step_1_1_1.run :: epoch=7 step=100/429 train_nll=-3623.468
2026-05-16 17:38:24,566 INFO CSMF2.step_1_1_1.run :: [h] epoch=7 step=150 total=0.32376 batch=0.20112
2026-05-16 17:38:24,566 INFO CSMF2.step_1_1_1.run :: [lat] epoch=7 step=150 mean_l2=0.01711 std_l2=0.01944
2026-05-16 17:38:24,606 INFO CSMF2.step_1_1_1.run :: epoch=7 step=150/429 train_nll=-3628.950
2026-05-16 17:38:29,223 INFO CSMF2.step_1_1_1.run :: [h] epoch=7 step=200 total=0.31024 batch=0.19475
2026-05-16 17:38:29,223 INFO CSMF2.step_1_1_1.run :: [lat] epoch=7 step=200 mean_l2=0.03672 std_l2=0.02530
2026-05-16 17:38:29,262 INFO CSMF2.step_1_1_1.run :: epoch=7 step=200/429 train_nll=-3626.661
2026-05-16 17:38:33,840 INFO CSMF2.step_1_1_1.run :: [h] epoch=7 step=250 total=0.31354 batch=0.19528
2026-05-16 17:38:33,840 INFO CSMF2.step_1_1_1.run :: [lat] epoch=7 step=250 mean_l2=0.01956 std_l2=0.02226
2026-05-16 17:38:33,879 INFO CSMF2.step_1_1_1.run :: epoch=7 step=250/429 train_nll=-3628.106
2026-05-16 17:38:38,472 INFO CSMF2.step_1_1_1.run :: [h] epoch=7 step=300 total=0.30965 batch=0.19146
2026-05-16 17:38:38,473 INFO CSMF2.step_1_1_1.run :: [lat] epoch=7 step=300 mean_l2=0.02860 std_l2=0.02366
2026-05-16 17:38:38,512 INFO CSMF2.step_1_1_1.run :: epoch=7 step=300/429 train_nll=-3626.793
2026-05-16 17:38:43,111 INFO CSMF2.step_1_1_1.run :: [h] epoch=7 step=350 total=0.31585 batch=0.20044
2026-05-16 17:38:43,112 INFO CSMF2.step_1_1_1.run :: [lat] epoch=7 step=350 mean_l2=0.01942 std_l2=0.02294
2026-05-16 17:38:43,151 INFO CSMF2.step_1_1_1.run :: epoch=7 step=350/429 train_nll=-3625.953
2026-05-16 17:38:47,722 INFO CSMF2.step_1_1_1.run :: [h] epoch=7 step=400 total=0.31656 batch=0.19634
2026-05-16 17:38:47,722 INFO CSMF2.step_1_1_1.run :: [lat] epoch=7 step=400 mean_l2=0.01346 std_l2=0.02170
2026-05-16 17:38:47,761 INFO CSMF2.step_1_1_1.run :: epoch=7 step=400/429 train_nll=-3628.106
2026-05-16 17:38:52,232 INFO CSMF2.step_1_1_1.run :: epoch=7  train_nll=-3629.255  val_nll=-3616.954  t=41.6s
2026-05-16 17:38:52,232 INFO CSMF2.step_1_1_1.run :: [h_std] total=0.31809 batch=0.19752 (no penalty)
2026-05-16 17:38:52,232 INFO CSMF2.step_1_1_1.run :: [lat_epoch] mean_l2=0.02246 std_l2=0.02301 lambda=1.000
2026-05-16 17:38:52,232 INFO CSMF2.step_1_1_1.run :: [grad] cond=362.8948 film_gain=0.0000
2026-05-16 17:38:59,511 INFO CSMF2.step_1_1_1.run :: [h] epoch=8 step=50 total=0.32250 batch=0.20208
2026-05-16 17:38:59,512 INFO CSMF2.step_1_1_1.run :: [lat] epoch=8 step=50 mean_l2=0.01489 std_l2=0.02077
2026-05-16 17:38:59,551 INFO CSMF2.step_1_1_1.run :: epoch=8 step=50/429 train_nll=-3635.806
2026-05-16 17:39:03,905 INFO CSMF2.step_1_1_1.run :: [h] epoch=8 step=100 total=0.32094 batch=0.19905
2026-05-16 17:39:03,906 INFO CSMF2.step_1_1_1.run :: [lat] epoch=8 step=100 mean_l2=0.02527 std_l2=0.02120
2026-05-16 17:39:03,945 INFO CSMF2.step_1_1_1.run :: epoch=8 step=100/429 train_nll=-3639.479
2026-05-16 17:39:08,132 INFO CSMF2.step_1_1_1.run :: [h] epoch=8 step=150 total=0.32035 batch=0.19757
2026-05-16 17:39:08,133 INFO CSMF2.step_1_1_1.run :: [lat] epoch=8 step=150 mean_l2=0.01685 std_l2=0.02091
2026-05-16 17:39:08,172 INFO CSMF2.step_1_1_1.run :: epoch=8 step=150/429 train_nll=-3641.372
2026-05-16 17:39:12,362 INFO CSMF2.step_1_1_1.run :: [h] epoch=8 step=200 total=0.31088 batch=0.19749
2026-05-16 17:39:12,362 INFO CSMF2.step_1_1_1.run :: [lat] epoch=8 step=200 mean_l2=0.03056 std_l2=0.02370
2026-05-16 17:39:12,401 INFO CSMF2.step_1_1_1.run :: epoch=8 step=200/429 train_nll=-3638.055
2026-05-16 17:39:16,589 INFO CSMF2.step_1_1_1.run :: [h] epoch=8 step=250 total=0.31129 batch=0.19638
2026-05-16 17:39:16,589 INFO CSMF2.step_1_1_1.run :: [lat] epoch=8 step=250 mean_l2=0.01853 std_l2=0.01839
2026-05-16 17:39:16,628 INFO CSMF2.step_1_1_1.run :: epoch=8 step=250/429 train_nll=-3638.221
2026-05-16 17:39:20,817 INFO CSMF2.step_1_1_1.run :: [h] epoch=8 step=300 total=0.31737 batch=0.19587
2026-05-16 17:39:20,817 INFO CSMF2.step_1_1_1.run :: [lat] epoch=8 step=300 mean_l2=0.05130 std_l2=0.02701
2026-05-16 17:39:20,856 INFO CSMF2.step_1_1_1.run :: epoch=8 step=300/429 train_nll=-3638.784
2026-05-16 17:39:25,045 INFO CSMF2.step_1_1_1.run :: [h] epoch=8 step=350 total=0.32132 batch=0.20374
2026-05-16 17:39:25,046 INFO CSMF2.step_1_1_1.run :: [lat] epoch=8 step=350 mean_l2=0.01372 std_l2=0.02231
2026-05-16 17:39:25,085 INFO CSMF2.step_1_1_1.run :: epoch=8 step=350/429 train_nll=-3639.582
2026-05-16 17:39:29,274 INFO CSMF2.step_1_1_1.run :: [h] epoch=8 step=400 total=0.31004 batch=0.19173
2026-05-16 17:39:29,275 INFO CSMF2.step_1_1_1.run :: [lat] epoch=8 step=400 mean_l2=0.02202 std_l2=0.02340
2026-05-16 17:39:29,314 INFO CSMF2.step_1_1_1.run :: epoch=8 step=400/429 train_nll=-3638.616
2026-05-16 17:39:33,528 INFO CSMF2.step_1_1_1.run :: epoch=8  train_nll=-3639.045  val_nll=-3655.633  t=38.6s
2026-05-16 17:39:33,528 INFO CSMF2.step_1_1_1.run :: [h_std] total=0.31559 batch=0.19691 (no penalty)
2026-05-16 17:39:33,528 INFO CSMF2.step_1_1_1.run :: [lat_epoch] mean_l2=0.02169 std_l2=0.02247 lambda=1.000
2026-05-16 17:39:33,528 INFO CSMF2.step_1_1_1.run :: [grad] cond=156.3416 film_gain=0.0000
2026-05-16 17:39:40,425 INFO CSMF2.step_1_1_1.run :: [h] epoch=9 step=50 total=0.32063 batch=0.19928
2026-05-16 17:39:40,426 INFO CSMF2.step_1_1_1.run :: [lat] epoch=9 step=50 mean_l2=0.01634 std_l2=0.01811
2026-05-16 17:39:40,465 INFO CSMF2.step_1_1_1.run :: epoch=9 step=50/429 train_nll=-3656.001
2026-05-16 17:39:44,651 INFO CSMF2.step_1_1_1.run :: [h] epoch=9 step=100 total=0.31881 batch=0.19958
2026-05-16 17:39:44,652 INFO CSMF2.step_1_1_1.run :: [lat] epoch=9 step=100 mean_l2=0.01714 std_l2=0.02089
2026-05-16 17:39:44,691 INFO CSMF2.step_1_1_1.run :: epoch=9 step=100/429 train_nll=-3657.143
2026-05-16 17:39:48,876 INFO CSMF2.step_1_1_1.run :: [h] epoch=9 step=150 total=0.31014 batch=0.19288
2026-05-16 17:39:48,876 INFO CSMF2.step_1_1_1.run :: [lat] epoch=9 step=150 mean_l2=0.03449 std_l2=0.02277
2026-05-16 17:39:48,916 INFO CSMF2.step_1_1_1.run :: epoch=9 step=150/429 train_nll=-3651.362
2026-05-16 17:39:53,103 INFO CSMF2.step_1_1_1.run :: [h] epoch=9 step=200 total=0.31377 batch=0.19768
2026-05-16 17:39:53,103 INFO CSMF2.step_1_1_1.run :: [lat] epoch=9 step=200 mean_l2=0.01653 std_l2=0.01973
2026-05-16 17:39:53,143 INFO CSMF2.step_1_1_1.run :: epoch=9 step=200/429 train_nll=-3651.450
2026-05-16 17:39:57,330 INFO CSMF2.step_1_1_1.run :: [h] epoch=9 step=250 total=0.31484 batch=0.19576
2026-05-16 17:39:57,330 INFO CSMF2.step_1_1_1.run :: [lat] epoch=9 step=250 mean_l2=0.01969 std_l2=0.02024
2026-05-16 17:39:57,369 INFO CSMF2.step_1_1_1.run :: epoch=9 step=250/429 train_nll=-3654.216
2026-05-16 17:40:01,556 INFO CSMF2.step_1_1_1.run :: [h] epoch=9 step=300 total=0.30811 batch=0.19279
2026-05-16 17:40:01,557 INFO CSMF2.step_1_1_1.run :: [lat] epoch=9 step=300 mean_l2=0.01672 std_l2=0.02278
2026-05-16 17:40:01,596 INFO CSMF2.step_1_1_1.run :: epoch=9 step=300/429 train_nll=-3651.196
2026-05-16 17:40:05,785 INFO CSMF2.step_1_1_1.run :: [h] epoch=9 step=350 total=0.32014 batch=0.20220
2026-05-16 17:40:05,785 INFO CSMF2.step_1_1_1.run :: [lat] epoch=9 step=350 mean_l2=0.02497 std_l2=0.02252
2026-05-16 17:40:05,825 INFO CSMF2.step_1_1_1.run :: epoch=9 step=350/429 train_nll=-3652.930
2026-05-16 17:40:10,013 INFO CSMF2.step_1_1_1.run :: [h] epoch=9 step=400 total=0.30313 batch=0.19052
2026-05-16 17:40:10,013 INFO CSMF2.step_1_1_1.run :: [lat] epoch=9 step=400 mean_l2=0.01553 std_l2=0.02308
2026-05-16 17:40:10,052 INFO CSMF2.step_1_1_1.run :: epoch=9 step=400/429 train_nll=-3650.703
2026-05-16 17:40:14,263 INFO CSMF2.step_1_1_1.run :: epoch=9  train_nll=-3651.355  val_nll=-3643.437  t=38.0s
2026-05-16 17:40:14,263 INFO CSMF2.step_1_1_1.run :: [h_std] total=0.31377 batch=0.19512 (no penalty)
2026-05-16 17:40:14,263 INFO CSMF2.step_1_1_1.run :: [lat_epoch] mean_l2=0.01976 std_l2=0.02167 lambda=1.000
2026-05-16 17:40:14,263 INFO CSMF2.step_1_1_1.run :: [grad] cond=314.7014 film_gain=0.0000
2026-05-16 17:40:21,131 INFO CSMF2.step_1_1_1.run :: [h] epoch=10 step=50 total=0.31342 batch=0.19637
2026-05-16 17:40:21,131 INFO CSMF2.step_1_1_1.run :: [lat] epoch=10 step=50 mean_l2=0.01700 std_l2=0.02125
2026-05-16 17:40:21,171 INFO CSMF2.step_1_1_1.run :: epoch=10 step=50/429 train_nll=-3651.776
2026-05-16 17:40:25,359 INFO CSMF2.step_1_1_1.run :: [h] epoch=10 step=100 total=0.31157 batch=0.19680
2026-05-16 17:40:25,359 INFO CSMF2.step_1_1_1.run :: [lat] epoch=10 step=100 mean_l2=0.01413 std_l2=0.01857
2026-05-16 17:40:25,398 INFO CSMF2.step_1_1_1.run :: epoch=10 step=100/429 train_nll=-3654.839
2026-05-16 17:40:29,585 INFO CSMF2.step_1_1_1.run :: [h] epoch=10 step=150 total=0.31236 batch=0.19457
2026-05-16 17:40:29,586 INFO CSMF2.step_1_1_1.run :: [lat] epoch=10 step=150 mean_l2=0.01554 std_l2=0.02015
2026-05-16 17:40:29,625 INFO CSMF2.step_1_1_1.run :: epoch=10 step=150/429 train_nll=-3658.548
2026-05-16 17:40:33,812 INFO CSMF2.step_1_1_1.run :: [h] epoch=10 step=200 total=0.30386 batch=0.19269
2026-05-16 17:40:33,812 INFO CSMF2.step_1_1_1.run :: [lat] epoch=10 step=200 mean_l2=0.02685 std_l2=0.02287
2026-05-16 17:40:33,852 INFO CSMF2.step_1_1_1.run :: epoch=10 step=200/429 train_nll=-3652.954
2026-05-16 17:40:38,041 INFO CSMF2.step_1_1_1.run :: [h] epoch=10 step=250 total=0.30427 batch=0.19051
2026-05-16 17:40:38,042 INFO CSMF2.step_1_1_1.run :: [lat] epoch=10 step=250 mean_l2=0.01649 std_l2=0.02125
2026-05-16 17:40:38,081 INFO CSMF2.step_1_1_1.run :: epoch=10 step=250/429 train_nll=-3651.683
2026-05-16 17:40:42,268 INFO CSMF2.step_1_1_1.run :: [h] epoch=10 step=300 total=0.30189 batch=0.18909
2026-05-16 17:40:42,269 INFO CSMF2.step_1_1_1.run :: [lat] epoch=10 step=300 mean_l2=0.02509 std_l2=0.03549
2026-05-16 17:40:42,308 INFO CSMF2.step_1_1_1.run :: epoch=10 step=300/429 train_nll=-3652.020
2026-05-16 17:40:46,493 INFO CSMF2.step_1_1_1.run :: [h] epoch=10 step=350 total=0.31227 batch=0.19738
2026-05-16 17:40:46,493 INFO CSMF2.step_1_1_1.run :: [lat] epoch=10 step=350 mean_l2=0.01368 std_l2=0.02307
2026-05-16 17:40:46,533 INFO CSMF2.step_1_1_1.run :: epoch=10 step=350/429 train_nll=-3652.316
2026-05-16 17:40:50,734 INFO CSMF2.step_1_1_1.run :: [h] epoch=10 step=400 total=0.30614 batch=0.18922
2026-05-16 17:40:50,734 INFO CSMF2.step_1_1_1.run :: [lat] epoch=10 step=400 mean_l2=0.01771 std_l2=0.02349
2026-05-16 17:40:50,774 INFO CSMF2.step_1_1_1.run :: epoch=10 step=400/429 train_nll=-3653.845
2026-05-16 17:40:54,996 INFO CSMF2.step_1_1_1.run :: epoch=10  train_nll=-3654.013  val_nll=-3652.566  t=38.1s
2026-05-16 17:40:54,996 INFO CSMF2.step_1_1_1.run :: [h_std] total=0.30838 batch=0.19225 (no penalty)
2026-05-16 17:40:54,996 INFO CSMF2.step_1_1_1.run :: [lat_epoch] mean_l2=0.02078 std_l2=0.02228 lambda=1.000
2026-05-16 17:40:54,996 INFO CSMF2.step_1_1_1.run :: [grad] cond=725.2414 film_gain=0.0000
2026-05-16 17:41:01,859 INFO CSMF2.step_1_1_1.run :: [h] epoch=11 step=50 total=0.30869 batch=0.19352
2026-05-16 17:41:01,859 INFO CSMF2.step_1_1_1.run :: [lat] epoch=11 step=50 mean_l2=0.01682 std_l2=0.01977
2026-05-16 17:41:01,898 INFO CSMF2.step_1_1_1.run :: epoch=11 step=50/429 train_nll=-3659.447
2026-05-16 17:41:06,089 INFO CSMF2.step_1_1_1.run :: [h] epoch=11 step=100 total=0.31148 batch=0.19590
2026-05-16 17:41:06,089 INFO CSMF2.step_1_1_1.run :: [lat] epoch=11 step=100 mean_l2=0.01441 std_l2=0.02003
2026-05-16 17:41:06,128 INFO CSMF2.step_1_1_1.run :: epoch=11 step=100/429 train_nll=-3665.529
2026-05-16 17:41:10,330 INFO CSMF2.step_1_1_1.run :: [h] epoch=11 step=150 total=0.29940 batch=0.18747
2026-05-16 17:41:10,330 INFO CSMF2.step_1_1_1.run :: [lat] epoch=11 step=150 mean_l2=0.02167 std_l2=0.02219
2026-05-16 17:41:10,369 INFO CSMF2.step_1_1_1.run :: epoch=11 step=150/429 train_nll=-3660.975
2026-05-16 17:41:14,572 INFO CSMF2.step_1_1_1.run :: [h] epoch=11 step=200 total=0.30248 batch=0.19322
2026-05-16 17:41:14,572 INFO CSMF2.step_1_1_1.run :: [lat] epoch=11 step=200 mean_l2=0.01918 std_l2=0.02347
2026-05-16 17:41:14,611 INFO CSMF2.step_1_1_1.run :: epoch=11 step=200/429 train_nll=-3657.485
2026-05-16 17:41:18,813 INFO CSMF2.step_1_1_1.run :: [h] epoch=11 step=250 total=0.30175 batch=0.19022
2026-05-16 17:41:18,813 INFO CSMF2.step_1_1_1.run :: [lat] epoch=11 step=250 mean_l2=0.01589 std_l2=0.01848
2026-05-16 17:41:18,853 INFO CSMF2.step_1_1_1.run :: epoch=11 step=250/429 train_nll=-3659.887
2026-05-16 17:41:23,054 INFO CSMF2.step_1_1_1.run :: [h] epoch=11 step=300 total=0.30633 batch=0.19298
2026-05-16 17:41:23,054 INFO CSMF2.step_1_1_1.run :: [lat] epoch=11 step=300 mean_l2=0.01494 std_l2=0.01848
2026-05-16 17:41:23,094 INFO CSMF2.step_1_1_1.run :: epoch=11 step=300/429 train_nll=-3661.668
2026-05-16 17:41:27,296 INFO CSMF2.step_1_1_1.run :: [h] epoch=11 step=350 total=0.31382 batch=0.19731
2026-05-16 17:41:27,296 INFO CSMF2.step_1_1_1.run :: [lat] epoch=11 step=350 mean_l2=0.01634 std_l2=0.02074
2026-05-16 17:41:27,336 INFO CSMF2.step_1_1_1.run :: epoch=11 step=350/429 train_nll=-3664.118
2026-05-16 17:41:31,538 INFO CSMF2.step_1_1_1.run :: [h] epoch=11 step=400 total=0.30004 batch=0.18768
2026-05-16 17:41:31,539 INFO CSMF2.step_1_1_1.run :: [lat] epoch=11 step=400 mean_l2=0.02235 std_l2=0.02093
2026-05-16 17:41:31,578 INFO CSMF2.step_1_1_1.run :: epoch=11 step=400/429 train_nll=-3663.440
2026-05-16 17:41:35,803 INFO CSMF2.step_1_1_1.run :: epoch=11  train_nll=-3662.482  val_nll=-3648.172  t=38.1s
2026-05-16 17:41:35,803 INFO CSMF2.step_1_1_1.run :: [h_std] total=0.30549 batch=0.19116 (no penalty)
2026-05-16 17:41:35,803 INFO CSMF2.step_1_1_1.run :: [lat_epoch] mean_l2=0.02034 std_l2=0.02186 lambda=1.000
2026-05-16 17:41:35,803 INFO CSMF2.step_1_1_1.run :: [grad] cond=390.9983 film_gain=0.0000
2026-05-16 17:41:42,688 INFO CSMF2.step_1_1_1.run :: [h] epoch=12 step=50 total=0.30694 batch=0.19067
2026-05-16 17:41:42,688 INFO CSMF2.step_1_1_1.run :: [lat] epoch=12 step=50 mean_l2=0.01516 std_l2=0.01820
2026-05-16 17:41:42,728 INFO CSMF2.step_1_1_1.run :: epoch=12 step=50/429 train_nll=-3669.522
2026-05-16 17:41:46,926 INFO CSMF2.step_1_1_1.run :: [h] epoch=12 step=100 total=0.30319 batch=0.18847
2026-05-16 17:41:46,927 INFO CSMF2.step_1_1_1.run :: [lat] epoch=12 step=100 mean_l2=0.04744 std_l2=0.02744
2026-05-16 17:41:46,966 INFO CSMF2.step_1_1_1.run :: epoch=12 step=100/429 train_nll=-3669.728
2026-05-16 17:41:51,193 INFO CSMF2.step_1_1_1.run :: [h] epoch=12 step=150 total=0.29866 batch=0.18679
2026-05-16 17:41:51,194 INFO CSMF2.step_1_1_1.run :: [lat] epoch=12 step=150 mean_l2=0.02082 std_l2=0.02407
2026-05-16 17:41:51,233 INFO CSMF2.step_1_1_1.run :: epoch=12 step=150/429 train_nll=-3661.900
2026-05-16 17:41:55,590 INFO CSMF2.step_1_1_1.run :: [h] epoch=12 step=200 total=0.29887 batch=0.18974
2026-05-16 17:41:55,590 INFO CSMF2.step_1_1_1.run :: [lat] epoch=12 step=200 mean_l2=0.01546 std_l2=0.02249
2026-05-16 17:41:55,630 INFO CSMF2.step_1_1_1.run :: epoch=12 step=200/429 train_nll=-3663.255
2026-05-16 17:42:00,003 INFO CSMF2.step_1_1_1.run :: [h] epoch=12 step=250 total=0.29908 batch=0.18698
2026-05-16 17:42:00,003 INFO CSMF2.step_1_1_1.run :: [lat] epoch=12 step=250 mean_l2=0.01596 std_l2=0.02037
2026-05-16 17:42:00,043 INFO CSMF2.step_1_1_1.run :: epoch=12 step=250/429 train_nll=-3666.752
2026-05-16 17:42:04,240 INFO CSMF2.step_1_1_1.run :: [h] epoch=12 step=300 total=0.30050 batch=0.18860
2026-05-16 17:42:04,240 INFO CSMF2.step_1_1_1.run :: [lat] epoch=12 step=300 mean_l2=0.04025 std_l2=0.02343
2026-05-16 17:42:04,280 INFO CSMF2.step_1_1_1.run :: epoch=12 step=300/429 train_nll=-3668.330
2026-05-16 17:42:08,477 INFO CSMF2.step_1_1_1.run :: [h] epoch=12 step=350 total=0.30284 batch=0.19186
2026-05-16 17:42:08,477 INFO CSMF2.step_1_1_1.run :: [lat] epoch=12 step=350 mean_l2=0.01697 std_l2=0.02392
2026-05-16 17:42:08,517 INFO CSMF2.step_1_1_1.run :: epoch=12 step=350/429 train_nll=-3666.923
2026-05-16 17:42:12,714 INFO CSMF2.step_1_1_1.run :: [h] epoch=12 step=400 total=0.30185 batch=0.18782
2026-05-16 17:42:12,714 INFO CSMF2.step_1_1_1.run :: [lat] epoch=12 step=400 mean_l2=0.01421 std_l2=0.01801
2026-05-16 17:42:12,753 INFO CSMF2.step_1_1_1.run :: epoch=12 step=400/429 train_nll=-3668.559
2026-05-16 17:42:16,967 INFO CSMF2.step_1_1_1.run :: epoch=12  train_nll=-3669.749  val_nll=-3675.107  t=38.5s
2026-05-16 17:42:16,967 INFO CSMF2.step_1_1_1.run :: [h_std] total=0.30134 batch=0.18788 (no penalty)
2026-05-16 17:42:16,967 INFO CSMF2.step_1_1_1.run :: [lat_epoch] mean_l2=0.01875 std_l2=0.02129 lambda=1.000
2026-05-16 17:42:16,967 INFO CSMF2.step_1_1_1.run :: [grad] cond=773.5047 film_gain=0.0000
2026-05-16 17:42:23,857 INFO CSMF2.step_1_1_1.run :: [h] epoch=13 step=50 total=0.29971 batch=0.18580
2026-05-16 17:42:23,858 INFO CSMF2.step_1_1_1.run :: [lat] epoch=13 step=50 mean_l2=0.02522 std_l2=0.02517
2026-05-16 17:42:23,897 INFO CSMF2.step_1_1_1.run :: epoch=13 step=50/429 train_nll=-3662.852
2026-05-16 17:42:28,100 INFO CSMF2.step_1_1_1.run :: [h] epoch=13 step=100 total=0.29689 batch=0.18760
2026-05-16 17:42:28,101 INFO CSMF2.step_1_1_1.run :: [lat] epoch=13 step=100 mean_l2=0.01653 std_l2=0.02171
2026-05-16 17:42:28,140 INFO CSMF2.step_1_1_1.run :: epoch=13 step=100/429 train_nll=-3662.998
2026-05-16 17:42:32,343 INFO CSMF2.step_1_1_1.run :: [h] epoch=13 step=150 total=0.29859 batch=0.18610
2026-05-16 17:42:32,343 INFO CSMF2.step_1_1_1.run :: [lat] epoch=13 step=150 mean_l2=0.01414 std_l2=0.01811
2026-05-16 17:42:32,382 INFO CSMF2.step_1_1_1.run :: epoch=13 step=150/429 train_nll=-3668.622
2026-05-16 17:42:36,587 INFO CSMF2.step_1_1_1.run :: [h] epoch=13 step=200 total=0.28755 batch=0.18098
2026-05-16 17:42:36,587 INFO CSMF2.step_1_1_1.run :: [lat] epoch=13 step=200 mean_l2=0.04388 std_l2=0.02696
2026-05-16 17:42:36,627 INFO CSMF2.step_1_1_1.run :: epoch=13 step=200/429 train_nll=-3667.749
2026-05-16 17:42:40,830 INFO CSMF2.step_1_1_1.run :: [h] epoch=13 step=250 total=0.28555 batch=0.18102
2026-05-16 17:42:40,830 INFO CSMF2.step_1_1_1.run :: [lat] epoch=13 step=250 mean_l2=0.01992 std_l2=0.02221
2026-05-16 17:42:40,869 INFO CSMF2.step_1_1_1.run :: epoch=13 step=250/429 train_nll=-3664.260
2026-05-16 17:42:45,073 INFO CSMF2.step_1_1_1.run :: [h] epoch=13 step=300 total=0.29351 batch=0.18630
2026-05-16 17:42:45,079 INFO CSMF2.step_1_1_1.run :: [lat] epoch=13 step=300 mean_l2=0.01377 std_l2=0.01978
2026-05-16 17:42:45,119 INFO CSMF2.step_1_1_1.run :: epoch=13 step=300/429 train_nll=-3665.323
2026-05-16 17:42:49,323 INFO CSMF2.step_1_1_1.run :: [h] epoch=13 step=350 total=0.29901 batch=0.18992
2026-05-16 17:42:49,323 INFO CSMF2.step_1_1_1.run :: [lat] epoch=13 step=350 mean_l2=0.01381 std_l2=0.01937
2026-05-16 17:42:49,363 INFO CSMF2.step_1_1_1.run :: epoch=13 step=350/429 train_nll=-3668.394
2026-05-16 17:42:53,567 INFO CSMF2.step_1_1_1.run :: [h] epoch=13 step=400 total=0.29720 batch=0.18555
2026-05-16 17:42:53,568 INFO CSMF2.step_1_1_1.run :: [lat] epoch=13 step=400 mean_l2=0.01497 std_l2=0.01863
2026-05-16 17:42:53,607 INFO CSMF2.step_1_1_1.run :: epoch=13 step=400/429 train_nll=-3670.852
2026-05-16 17:42:57,834 INFO CSMF2.step_1_1_1.run :: epoch=13  train_nll=-3671.113  val_nll=-3666.754  t=38.2s
2026-05-16 17:42:57,834 INFO CSMF2.step_1_1_1.run :: [h_std] total=0.29583 batch=0.18501 (no penalty)
2026-05-16 17:42:57,834 INFO CSMF2.step_1_1_1.run :: [lat_epoch] mean_l2=0.02001 std_l2=0.02179 lambda=1.000
2026-05-16 17:42:57,834 INFO CSMF2.step_1_1_1.run :: [grad] cond=561.0706 film_gain=0.0000
2026-05-16 17:43:04,736 INFO CSMF2.step_1_1_1.run :: [h] epoch=14 step=50 total=0.29465 batch=0.18363
2026-05-16 17:43:04,736 INFO CSMF2.step_1_1_1.run :: [lat] epoch=14 step=50 mean_l2=0.01410 std_l2=0.01819
2026-05-16 17:43:04,776 INFO CSMF2.step_1_1_1.run :: epoch=14 step=50/429 train_nll=-3673.885
2026-05-16 17:43:08,980 INFO CSMF2.step_1_1_1.run :: [h] epoch=14 step=100 total=0.29720 batch=0.18556
2026-05-16 17:43:08,980 INFO CSMF2.step_1_1_1.run :: [lat] epoch=14 step=100 mean_l2=0.02045 std_l2=0.02153
2026-05-16 17:43:09,020 INFO CSMF2.step_1_1_1.run :: epoch=14 step=100/429 train_nll=-3676.946
2026-05-16 17:43:13,223 INFO CSMF2.step_1_1_1.run :: [h] epoch=14 step=150 total=0.28595 batch=0.17968
2026-05-16 17:43:13,223 INFO CSMF2.step_1_1_1.run :: [lat] epoch=14 step=150 mean_l2=0.02188 std_l2=0.02166
2026-05-16 17:43:13,263 INFO CSMF2.step_1_1_1.run :: epoch=14 step=150/429 train_nll=-3670.691
2026-05-16 17:43:17,465 INFO CSMF2.step_1_1_1.run :: [h] epoch=14 step=200 total=0.29204 batch=0.18562
2026-05-16 17:43:17,466 INFO CSMF2.step_1_1_1.run :: [lat] epoch=14 step=200 mean_l2=0.01668 std_l2=0.01974
2026-05-16 17:43:17,505 INFO CSMF2.step_1_1_1.run :: epoch=14 step=200/429 train_nll=-3673.638
2026-05-16 17:43:21,709 INFO CSMF2.step_1_1_1.run :: [h] epoch=14 step=250 total=0.29295 batch=0.18218
2026-05-16 17:43:21,709 INFO CSMF2.step_1_1_1.run :: [lat] epoch=14 step=250 mean_l2=0.01464 std_l2=0.01910
2026-05-16 17:43:21,749 INFO CSMF2.step_1_1_1.run :: epoch=14 step=250/429 train_nll=-3677.137
2026-05-16 17:43:25,952 INFO CSMF2.step_1_1_1.run :: [h] epoch=14 step=300 total=0.28023 batch=0.17859
2026-05-16 17:43:25,952 INFO CSMF2.step_1_1_1.run :: [lat] epoch=14 step=300 mean_l2=0.02372 std_l2=0.02818
2026-05-16 17:43:25,992 INFO CSMF2.step_1_1_1.run :: epoch=14 step=300/429 train_nll=-3672.155
2026-05-16 17:43:30,195 INFO CSMF2.step_1_1_1.run :: [h] epoch=14 step=350 total=0.28459 batch=0.18379
2026-05-16 17:43:30,195 INFO CSMF2.step_1_1_1.run :: [lat] epoch=14 step=350 mean_l2=0.02322 std_l2=0.02346
2026-05-16 17:43:30,235 INFO CSMF2.step_1_1_1.run :: epoch=14 step=350/429 train_nll=-3669.905
2026-05-16 17:43:34,438 INFO CSMF2.step_1_1_1.run :: [h] epoch=14 step=400 total=0.27473 batch=0.17721
2026-05-16 17:43:34,439 INFO CSMF2.step_1_1_1.run :: [lat] epoch=14 step=400 mean_l2=0.02373 std_l2=0.02430
2026-05-16 17:43:34,478 INFO CSMF2.step_1_1_1.run :: epoch=14 step=400/429 train_nll=-3668.467
2026-05-16 17:43:38,794 INFO CSMF2.step_1_1_1.run :: epoch=14  train_nll=-3669.242  val_nll=-3684.622  t=38.3s
2026-05-16 17:43:38,794 INFO CSMF2.step_1_1_1.run :: [h_std] total=0.28758 batch=0.18132 (no penalty)
2026-05-16 17:43:38,794 INFO CSMF2.step_1_1_1.run :: [lat_epoch] mean_l2=0.02224 std_l2=0.02246 lambda=1.000
2026-05-16 17:43:38,794 INFO CSMF2.step_1_1_1.run :: [grad] cond=175.0841 film_gain=0.0000
2026-05-16 17:43:45,603 INFO CSMF2.step_1_1_1.run :: [h] epoch=15 step=50 total=0.28683 batch=0.18257
2026-05-16 17:43:45,603 INFO CSMF2.step_1_1_1.run :: [lat] epoch=15 step=50 mean_l2=0.01569 std_l2=0.02184
2026-05-16 17:43:45,642 INFO CSMF2.step_1_1_1.run :: epoch=15 step=50/429 train_nll=-3690.469
2026-05-16 17:43:49,844 INFO CSMF2.step_1_1_1.run :: [h] epoch=15 step=100 total=0.28609 batch=0.18276
2026-05-16 17:43:49,844 INFO CSMF2.step_1_1_1.run :: [lat] epoch=15 step=100 mean_l2=0.01752 std_l2=0.02023
2026-05-16 17:43:49,884 INFO CSMF2.step_1_1_1.run :: epoch=15 step=100/429 train_nll=-3687.582
2026-05-16 17:43:54,085 INFO CSMF2.step_1_1_1.run :: [h] epoch=15 step=150 total=0.28654 batch=0.18115
2026-05-16 17:43:54,086 INFO CSMF2.step_1_1_1.run :: [lat] epoch=15 step=150 mean_l2=0.01276 std_l2=0.01797
2026-05-16 17:43:54,125 INFO CSMF2.step_1_1_1.run :: epoch=15 step=150/429 train_nll=-3688.286
2026-05-16 17:43:58,327 INFO CSMF2.step_1_1_1.run :: [h] epoch=15 step=200 total=0.28846 batch=0.18399
2026-05-16 17:43:58,327 INFO CSMF2.step_1_1_1.run :: [lat] epoch=15 step=200 mean_l2=0.01445 std_l2=0.01935
2026-05-16 17:43:58,366 INFO CSMF2.step_1_1_1.run :: epoch=15 step=200/429 train_nll=-3690.177
2026-05-16 17:44:02,660 INFO CSMF2.step_1_1_1.run :: [h] epoch=15 step=250 total=0.28890 batch=0.18213
2026-05-16 17:44:02,661 INFO CSMF2.step_1_1_1.run :: [lat] epoch=15 step=250 mean_l2=0.01513 std_l2=0.01882
2026-05-16 17:44:02,700 INFO CSMF2.step_1_1_1.run :: epoch=15 step=250/429 train_nll=-3691.506
2026-05-16 17:44:06,908 INFO CSMF2.step_1_1_1.run :: [h] epoch=15 step=300 total=0.28293 batch=0.17941
2026-05-16 17:44:06,908 INFO CSMF2.step_1_1_1.run :: [lat] epoch=15 step=300 mean_l2=0.02687 std_l2=0.02995
2026-05-16 17:44:06,948 INFO CSMF2.step_1_1_1.run :: epoch=15 step=300/429 train_nll=-3690.076
2026-05-16 17:44:11,155 INFO CSMF2.step_1_1_1.run :: [h] epoch=15 step=350 total=0.28749 batch=0.18419
2026-05-16 17:44:11,155 INFO CSMF2.step_1_1_1.run :: [lat] epoch=15 step=350 mean_l2=0.01700 std_l2=0.02111
2026-05-16 17:44:11,195 INFO CSMF2.step_1_1_1.run :: epoch=15 step=350/429 train_nll=-3687.400
2026-05-16 17:44:15,403 INFO CSMF2.step_1_1_1.run :: [h] epoch=15 step=400 total=0.28502 batch=0.18036
2026-05-16 17:44:15,403 INFO CSMF2.step_1_1_1.run :: [lat] epoch=15 step=400 mean_l2=0.01476 std_l2=0.02223
2026-05-16 17:44:15,442 INFO CSMF2.step_1_1_1.run :: epoch=15 step=400/429 train_nll=-3687.804
2026-05-16 17:44:19,673 INFO CSMF2.step_1_1_1.run :: epoch=15  train_nll=-3688.571  val_nll=-3694.551  t=38.3s
2026-05-16 17:44:19,673 INFO CSMF2.step_1_1_1.run :: [h_std] total=0.28654 batch=0.18164 (no penalty)
2026-05-16 17:44:19,673 INFO CSMF2.step_1_1_1.run :: [lat_epoch] mean_l2=0.01638 std_l2=0.02047 lambda=1.000
2026-05-16 17:44:19,673 INFO CSMF2.step_1_1_1.run :: [grad] cond=377.2088 film_gain=0.0000
2026-05-16 17:44:26,572 INFO CSMF2.step_1_1_1.run :: [h] epoch=16 step=50 total=0.28855 batch=0.18077
2026-05-16 17:44:26,572 INFO CSMF2.step_1_1_1.run :: [lat] epoch=16 step=50 mean_l2=0.01565 std_l2=0.02067
2026-05-16 17:44:26,611 INFO CSMF2.step_1_1_1.run :: epoch=16 step=50/429 train_nll=-3678.590
2026-05-16 17:44:30,817 INFO CSMF2.step_1_1_1.run :: [h] epoch=16 step=100 total=0.28379 batch=0.18123
2026-05-16 17:44:30,818 INFO CSMF2.step_1_1_1.run :: [lat] epoch=16 step=100 mean_l2=0.01694 std_l2=0.02258
2026-05-16 17:44:30,857 INFO CSMF2.step_1_1_1.run :: epoch=16 step=100/429 train_nll=-3678.110
2026-05-16 17:44:35,064 INFO CSMF2.step_1_1_1.run :: [h] epoch=16 step=150 total=0.28387 batch=0.17995
2026-05-16 17:44:35,064 INFO CSMF2.step_1_1_1.run :: [lat] epoch=16 step=150 mean_l2=0.01786 std_l2=0.02175
2026-05-16 17:44:35,103 INFO CSMF2.step_1_1_1.run :: epoch=16 step=150/429 train_nll=-3682.752
2026-05-16 17:44:39,311 INFO CSMF2.step_1_1_1.run :: [h] epoch=16 step=200 total=0.27924 batch=0.17797
2026-05-16 17:44:39,311 INFO CSMF2.step_1_1_1.run :: [lat] epoch=16 step=200 mean_l2=0.02250 std_l2=0.02284
2026-05-16 17:44:39,350 INFO CSMF2.step_1_1_1.run :: epoch=16 step=200/429 train_nll=-3680.095
2026-05-16 17:44:43,558 INFO CSMF2.step_1_1_1.run :: [h] epoch=16 step=250 total=0.27372 batch=0.17641
2026-05-16 17:44:43,558 INFO CSMF2.step_1_1_1.run :: [lat] epoch=16 step=250 mean_l2=0.01668 std_l2=0.01917
2026-05-16 17:44:43,598 INFO CSMF2.step_1_1_1.run :: epoch=16 step=250/429 train_nll=-3677.096
2026-05-16 17:44:47,803 INFO CSMF2.step_1_1_1.run :: [h] epoch=16 step=300 total=0.27985 batch=0.18100
2026-05-16 17:44:47,804 INFO CSMF2.step_1_1_1.run :: [lat] epoch=16 step=300 mean_l2=0.01502 std_l2=0.01889
2026-05-16 17:44:47,843 INFO CSMF2.step_1_1_1.run :: epoch=16 step=300/429 train_nll=-3679.178
2026-05-16 17:44:52,084 INFO CSMF2.step_1_1_1.run :: [h] epoch=16 step=350 total=0.28407 batch=0.18306
2026-05-16 17:44:52,084 INFO CSMF2.step_1_1_1.run :: [lat] epoch=16 step=350 mean_l2=0.01471 std_l2=0.02458
2026-05-16 17:44:52,123 INFO CSMF2.step_1_1_1.run :: epoch=16 step=350/429 train_nll=-3681.676
2026-05-16 17:44:56,327 INFO CSMF2.step_1_1_1.run :: [h] epoch=16 step=400 total=0.28126 batch=0.17899
2026-05-16 17:44:56,327 INFO CSMF2.step_1_1_1.run :: [lat] epoch=16 step=400 mean_l2=0.01637 std_l2=0.01696
2026-05-16 17:44:56,367 INFO CSMF2.step_1_1_1.run :: epoch=16 step=400/429 train_nll=-3683.661
2026-05-16 17:45:00,589 INFO CSMF2.step_1_1_1.run :: epoch=16  train_nll=-3684.953  val_nll=-3694.476  t=38.3s
2026-05-16 17:45:00,589 INFO CSMF2.step_1_1_1.run :: [h_std] total=0.28120 batch=0.17880 (no penalty)
2026-05-16 17:45:00,589 INFO CSMF2.step_1_1_1.run :: [lat_epoch] mean_l2=0.01919 std_l2=0.02140 lambda=1.000
2026-05-16 17:45:00,589 INFO CSMF2.step_1_1_1.run :: [grad] cond=718.5560 film_gain=0.0000
2026-05-16 17:45:07,488 INFO CSMF2.step_1_1_1.run :: [h] epoch=17 step=50 total=0.27780 batch=0.17613
2026-05-16 17:45:07,489 INFO CSMF2.step_1_1_1.run :: [lat] epoch=17 step=50 mean_l2=0.02024 std_l2=0.02032
2026-05-16 17:45:07,528 INFO CSMF2.step_1_1_1.run :: epoch=17 step=50/429 train_nll=-3677.309
2026-05-16 17:45:11,738 INFO CSMF2.step_1_1_1.run :: [h] epoch=17 step=100 total=0.27848 batch=0.17846
2026-05-16 17:45:11,739 INFO CSMF2.step_1_1_1.run :: [lat] epoch=17 step=100 mean_l2=0.01470 std_l2=0.02002
2026-05-16 17:45:11,778 INFO CSMF2.step_1_1_1.run :: epoch=17 step=100/429 train_nll=-3681.788
2026-05-16 17:45:15,989 INFO CSMF2.step_1_1_1.run :: [h] epoch=17 step=150 total=0.27817 batch=0.17679
2026-05-16 17:45:15,989 INFO CSMF2.step_1_1_1.run :: [lat] epoch=17 step=150 mean_l2=0.01669 std_l2=0.01998
2026-05-16 17:45:16,028 INFO CSMF2.step_1_1_1.run :: epoch=17 step=150/429 train_nll=-3686.973
2026-05-16 17:45:20,237 INFO CSMF2.step_1_1_1.run :: [h] epoch=17 step=200 total=0.26677 batch=0.17131
2026-05-16 17:45:20,238 INFO CSMF2.step_1_1_1.run :: [lat] epoch=17 step=200 mean_l2=0.02435 std_l2=0.02545
2026-05-16 17:45:20,277 INFO CSMF2.step_1_1_1.run :: epoch=17 step=200/429 train_nll=-3682.651
2026-05-16 17:45:24,485 INFO CSMF2.step_1_1_1.run :: [h] epoch=17 step=250 total=0.27382 batch=0.17408
2026-05-16 17:45:24,485 INFO CSMF2.step_1_1_1.run :: [lat] epoch=17 step=250 mean_l2=0.01463 std_l2=0.01871
2026-05-16 17:45:24,525 INFO CSMF2.step_1_1_1.run :: epoch=17 step=250/429 train_nll=-3684.046
2026-05-16 17:45:28,733 INFO CSMF2.step_1_1_1.run :: [h] epoch=17 step=300 total=0.27844 batch=0.17784
2026-05-16 17:45:28,733 INFO CSMF2.step_1_1_1.run :: [lat] epoch=17 step=300 mean_l2=0.01528 std_l2=0.02089
2026-05-16 17:45:28,772 INFO CSMF2.step_1_1_1.run :: epoch=17 step=300/429 train_nll=-3686.378
2026-05-16 17:45:32,981 INFO CSMF2.step_1_1_1.run :: [h] epoch=17 step=350 total=0.28359 batch=0.18022
2026-05-16 17:45:32,981 INFO CSMF2.step_1_1_1.run :: [lat] epoch=17 step=350 mean_l2=0.01559 std_l2=0.01962
2026-05-16 17:45:33,021 INFO CSMF2.step_1_1_1.run :: epoch=17 step=350/429 train_nll=-3688.528
2026-05-16 17:45:37,230 INFO CSMF2.step_1_1_1.run :: [h] epoch=17 step=400 total=0.27987 batch=0.17570
2026-05-16 17:45:37,230 INFO CSMF2.step_1_1_1.run :: [lat] epoch=17 step=400 mean_l2=0.01498 std_l2=0.01957
2026-05-16 17:45:37,270 INFO CSMF2.step_1_1_1.run :: epoch=17 step=400/429 train_nll=-3690.226
2026-05-16 17:45:41,500 INFO CSMF2.step_1_1_1.run :: epoch=17  train_nll=-3690.790  val_nll=-3665.159  t=38.2s
2026-05-16 17:45:41,500 INFO CSMF2.step_1_1_1.run :: [h_std] total=0.27836 batch=0.17608 (no penalty)
2026-05-16 17:45:41,500 INFO CSMF2.step_1_1_1.run :: [lat_epoch] mean_l2=0.01835 std_l2=0.02106 lambda=1.000
2026-05-16 17:45:41,500 INFO CSMF2.step_1_1_1.run :: [grad] cond=1264.4014 film_gain=0.0000
2026-05-16 17:45:48,401 INFO CSMF2.step_1_1_1.run :: [h] epoch=18 step=50 total=0.27262 batch=0.17232
2026-05-16 17:45:48,402 INFO CSMF2.step_1_1_1.run :: [lat] epoch=18 step=50 mean_l2=0.02104 std_l2=0.02107
2026-05-16 17:45:48,441 INFO CSMF2.step_1_1_1.run :: epoch=18 step=50/429 train_nll=-3667.761
2026-05-16 17:45:52,648 INFO CSMF2.step_1_1_1.run :: [h] epoch=18 step=100 total=0.27375 batch=0.17599
2026-05-16 17:45:52,649 INFO CSMF2.step_1_1_1.run :: [lat] epoch=18 step=100 mean_l2=0.01506 std_l2=0.02141
2026-05-16 17:45:52,688 INFO CSMF2.step_1_1_1.run :: epoch=18 step=100/429 train_nll=-3680.491
2026-05-16 17:45:56,895 INFO CSMF2.step_1_1_1.run :: [h] epoch=18 step=150 total=0.27573 batch=0.17519
2026-05-16 17:45:56,895 INFO CSMF2.step_1_1_1.run :: [lat] epoch=18 step=150 mean_l2=0.01580 std_l2=0.01875
2026-05-16 17:45:56,934 INFO CSMF2.step_1_1_1.run :: epoch=18 step=150/429 train_nll=-3687.386
2026-05-16 17:46:01,140 INFO CSMF2.step_1_1_1.run :: [h] epoch=18 step=200 total=0.27666 batch=0.17658
2026-05-16 17:46:01,140 INFO CSMF2.step_1_1_1.run :: [lat] epoch=18 step=200 mean_l2=0.01570 std_l2=0.02098
2026-05-16 17:46:01,180 INFO CSMF2.step_1_1_1.run :: epoch=18 step=200/429 train_nll=-3692.074
2026-05-16 17:46:05,385 INFO CSMF2.step_1_1_1.run :: [h] epoch=18 step=250 total=0.27691 batch=0.17505
2026-05-16 17:46:05,386 INFO CSMF2.step_1_1_1.run :: [lat] epoch=18 step=250 mean_l2=0.01429 std_l2=0.01871
2026-05-16 17:46:05,425 INFO CSMF2.step_1_1_1.run :: epoch=18 step=250/429 train_nll=-3695.168
2026-05-16 17:46:09,630 INFO CSMF2.step_1_1_1.run :: [h] epoch=18 step=300 total=0.27325 batch=0.17264
2026-05-16 17:46:09,631 INFO CSMF2.step_1_1_1.run :: [lat] epoch=18 step=300 mean_l2=0.02557 std_l2=0.02281
2026-05-16 17:46:09,670 INFO CSMF2.step_1_1_1.run :: epoch=18 step=300/429 train_nll=-3692.882
2026-05-16 17:46:13,875 INFO CSMF2.step_1_1_1.run :: [h] epoch=18 step=350 total=0.26518 batch=0.17228
2026-05-16 17:46:13,876 INFO CSMF2.step_1_1_1.run :: [lat] epoch=18 step=350 mean_l2=0.02173 std_l2=0.02400
2026-05-16 17:46:13,915 INFO CSMF2.step_1_1_1.run :: epoch=18 step=350/429 train_nll=-3690.335
2026-05-16 17:46:18,119 INFO CSMF2.step_1_1_1.run :: [h] epoch=18 step=400 total=0.26939 batch=0.17133
2026-05-16 17:46:18,120 INFO CSMF2.step_1_1_1.run :: [lat] epoch=18 step=400 mean_l2=0.01413 std_l2=0.01776
2026-05-16 17:46:18,159 INFO CSMF2.step_1_1_1.run :: epoch=18 step=400/429 train_nll=-3690.834
2026-05-16 17:46:22,387 INFO CSMF2.step_1_1_1.run :: epoch=18  train_nll=-3692.117  val_nll=-3702.838  t=38.2s
2026-05-16 17:46:22,388 INFO CSMF2.step_1_1_1.run :: [h_std] total=0.27320 batch=0.17332 (no penalty)
2026-05-16 17:46:22,388 INFO CSMF2.step_1_1_1.run :: [lat_epoch] mean_l2=0.01889 std_l2=0.02103 lambda=1.000
2026-05-16 17:46:22,388 INFO CSMF2.step_1_1_1.run :: [grad] cond=223.3658 film_gain=0.0000
2026-05-16 17:46:29,294 INFO CSMF2.step_1_1_1.run :: [h] epoch=19 step=50 total=0.27502 batch=0.17282
2026-05-16 17:46:29,294 INFO CSMF2.step_1_1_1.run :: [lat] epoch=19 step=50 mean_l2=0.01787 std_l2=0.01770
2026-05-16 17:46:29,333 INFO CSMF2.step_1_1_1.run :: epoch=19 step=50/429 train_nll=-3705.637
2026-05-16 17:46:33,543 INFO CSMF2.step_1_1_1.run :: [h] epoch=19 step=100 total=0.26400 batch=0.16756
2026-05-16 17:46:33,543 INFO CSMF2.step_1_1_1.run :: [lat] epoch=19 step=100 mean_l2=0.03854 std_l2=0.02595
2026-05-16 17:46:33,582 INFO CSMF2.step_1_1_1.run :: epoch=19 step=100/429 train_nll=-3687.942
2026-05-16 17:46:37,791 INFO CSMF2.step_1_1_1.run :: [h] epoch=19 step=150 total=0.26372 batch=0.16883
2026-05-16 17:46:37,791 INFO CSMF2.step_1_1_1.run :: [lat] epoch=19 step=150 mean_l2=0.01336 std_l2=0.02086
2026-05-16 17:46:37,830 INFO CSMF2.step_1_1_1.run :: epoch=19 step=150/429 train_nll=-3686.442
2026-05-16 17:46:42,037 INFO CSMF2.step_1_1_1.run :: [h] epoch=19 step=200 total=0.26917 batch=0.17309
2026-05-16 17:46:42,037 INFO CSMF2.step_1_1_1.run :: [lat] epoch=19 step=200 mean_l2=0.01471 std_l2=0.01923
2026-05-16 17:46:42,077 INFO CSMF2.step_1_1_1.run :: epoch=19 step=200/429 train_nll=-3691.305
2026-05-16 17:46:46,284 INFO CSMF2.step_1_1_1.run :: [h] epoch=19 step=250 total=0.26762 batch=0.17053
2026-05-16 17:46:46,284 INFO CSMF2.step_1_1_1.run :: [lat] epoch=19 step=250 mean_l2=0.02028 std_l2=0.02198
2026-05-16 17:46:46,324 INFO CSMF2.step_1_1_1.run :: epoch=19 step=250/429 train_nll=-3693.682
2026-05-16 17:46:50,532 INFO CSMF2.step_1_1_1.run :: [h] epoch=19 step=300 total=0.26130 batch=0.16944
2026-05-16 17:46:50,532 INFO CSMF2.step_1_1_1.run :: [lat] epoch=19 step=300 mean_l2=0.02084 std_l2=0.02019
2026-05-16 17:46:50,571 INFO CSMF2.step_1_1_1.run :: epoch=19 step=300/429 train_nll=-3690.058
2026-05-16 17:46:54,781 INFO CSMF2.step_1_1_1.run :: [h] epoch=19 step=350 total=0.26843 batch=0.17354
2026-05-16 17:46:54,781 INFO CSMF2.step_1_1_1.run :: [lat] epoch=19 step=350 mean_l2=0.01411 std_l2=0.02302
2026-05-16 17:46:54,820 INFO CSMF2.step_1_1_1.run :: epoch=19 step=350/429 train_nll=-3691.468
2026-05-16 17:46:59,029 INFO CSMF2.step_1_1_1.run :: [h] epoch=19 step=400 total=0.26844 batch=0.17099
2026-05-16 17:46:59,029 INFO CSMF2.step_1_1_1.run :: [lat] epoch=19 step=400 mean_l2=0.01387 std_l2=0.01892
2026-05-16 17:46:59,069 INFO CSMF2.step_1_1_1.run :: epoch=19 step=400/429 train_nll=-3693.541
2026-05-16 17:47:03,301 INFO CSMF2.step_1_1_1.run :: epoch=19  train_nll=-3694.894  val_nll=-3704.694  t=38.2s
2026-05-16 17:47:03,301 INFO CSMF2.step_1_1_1.run :: [h_std] total=0.26779 batch=0.17057 (no penalty)
2026-05-16 17:47:03,301 INFO CSMF2.step_1_1_1.run :: [lat_epoch] mean_l2=0.01889 std_l2=0.02111 lambda=1.000
2026-05-16 17:47:03,301 INFO CSMF2.step_1_1_1.run :: [grad] cond=245.7435 film_gain=0.0000
2026-05-16 17:47:10,203 INFO CSMF2.step_1_1_1.run :: [h] epoch=20 step=50 total=0.27271 batch=0.17203
2026-05-16 17:47:10,203 INFO CSMF2.step_1_1_1.run :: [lat] epoch=20 step=50 mean_l2=0.01456 std_l2=0.01870
2026-05-16 17:47:10,243 INFO CSMF2.step_1_1_1.run :: epoch=20 step=50/429 train_nll=-3710.381
2026-05-16 17:47:14,451 INFO CSMF2.step_1_1_1.run :: [h] epoch=20 step=100 total=0.27218 batch=0.17328
2026-05-16 17:47:14,451 INFO CSMF2.step_1_1_1.run :: [lat] epoch=20 step=100 mean_l2=0.01510 std_l2=0.01958
2026-05-16 17:47:14,491 INFO CSMF2.step_1_1_1.run :: epoch=20 step=100/429 train_nll=-3710.068
2026-05-16 17:47:18,699 INFO CSMF2.step_1_1_1.run :: [h] epoch=20 step=150 total=0.27075 batch=0.17132
2026-05-16 17:47:18,699 INFO CSMF2.step_1_1_1.run :: [lat] epoch=20 step=150 mean_l2=0.01686 std_l2=0.01920
2026-05-16 17:47:18,738 INFO CSMF2.step_1_1_1.run :: epoch=20 step=150/429 train_nll=-3708.987
2026-05-16 17:47:22,944 INFO CSMF2.step_1_1_1.run :: [h] epoch=20 step=200 total=0.25713 batch=0.16794
2026-05-16 17:47:22,944 INFO CSMF2.step_1_1_1.run :: [lat] epoch=20 step=200 mean_l2=0.03447 std_l2=0.02154
2026-05-16 17:47:22,983 INFO CSMF2.step_1_1_1.run :: epoch=20 step=200/429 train_nll=-3701.585
2026-05-16 17:47:27,191 INFO CSMF2.step_1_1_1.run :: [h] epoch=20 step=250 total=0.25780 batch=0.16718
2026-05-16 17:47:27,191 INFO CSMF2.step_1_1_1.run :: [lat] epoch=20 step=250 mean_l2=0.01618 std_l2=0.02208
2026-05-16 17:47:27,231 INFO CSMF2.step_1_1_1.run :: epoch=20 step=250/429 train_nll=-3697.644
2026-05-16 17:47:31,437 INFO CSMF2.step_1_1_1.run :: [h] epoch=20 step=300 total=0.26373 batch=0.17084
2026-05-16 17:47:31,438 INFO CSMF2.step_1_1_1.run :: [lat] epoch=20 step=300 mean_l2=0.01439 std_l2=0.02152
2026-05-16 17:47:31,477 INFO CSMF2.step_1_1_1.run :: epoch=20 step=300/429 train_nll=-3698.662
2026-05-16 17:47:35,683 INFO CSMF2.step_1_1_1.run :: [h] epoch=20 step=350 total=0.26862 batch=0.17331
2026-05-16 17:47:35,683 INFO CSMF2.step_1_1_1.run :: [lat] epoch=20 step=350 mean_l2=0.01459 std_l2=0.02047
2026-05-16 17:47:35,723 INFO CSMF2.step_1_1_1.run :: epoch=20 step=350/429 train_nll=-3700.404
2026-05-16 17:47:39,929 INFO CSMF2.step_1_1_1.run :: [h] epoch=20 step=400 total=0.26499 batch=0.16797
2026-05-16 17:47:39,929 INFO CSMF2.step_1_1_1.run :: [lat] epoch=20 step=400 mean_l2=0.01755 std_l2=0.01947
2026-05-16 17:47:39,968 INFO CSMF2.step_1_1_1.run :: epoch=20 step=400/429 train_nll=-3701.376
2026-05-16 17:47:44,200 INFO CSMF2.step_1_1_1.run :: epoch=20  train_nll=-3700.888  val_nll=-3687.081  t=38.2s
2026-05-16 17:47:44,200 INFO CSMF2.step_1_1_1.run :: [h_std] total=0.26654 batch=0.16980 (no penalty)
2026-05-16 17:47:44,200 INFO CSMF2.step_1_1_1.run :: [lat_epoch] mean_l2=0.01799 std_l2=0.02074 lambda=1.000
2026-05-16 17:47:44,200 INFO CSMF2.step_1_1_1.run :: [grad] cond=446.0998 film_gain=0.0000
2026-05-16 17:47:51,091 INFO CSMF2.step_1_1_1.run :: [h] epoch=21 step=50 total=0.26300 batch=0.16803
2026-05-16 17:47:51,091 INFO CSMF2.step_1_1_1.run :: [lat] epoch=21 step=50 mean_l2=0.01569 std_l2=0.01871
2026-05-16 17:47:51,130 INFO CSMF2.step_1_1_1.run :: epoch=21 step=50/429 train_nll=-3688.785
2026-05-16 17:47:55,333 INFO CSMF2.step_1_1_1.run :: [h] epoch=21 step=100 total=0.26455 batch=0.17042
2026-05-16 17:47:55,333 INFO CSMF2.step_1_1_1.run :: [lat] epoch=21 step=100 mean_l2=0.01485 std_l2=0.01978
2026-05-16 17:47:55,372 INFO CSMF2.step_1_1_1.run :: epoch=21 step=100/429 train_nll=-3698.209
2026-05-16 17:47:59,574 INFO CSMF2.step_1_1_1.run :: [h] epoch=21 step=150 total=0.26448 batch=0.16835
2026-05-16 17:47:59,574 INFO CSMF2.step_1_1_1.run :: [lat] epoch=21 step=150 mean_l2=0.01535 std_l2=0.01715
2026-05-16 17:47:59,614 INFO CSMF2.step_1_1_1.run :: epoch=21 step=150/429 train_nll=-3702.114
2026-05-16 17:48:03,815 INFO CSMF2.step_1_1_1.run :: [h] epoch=21 step=200 total=0.26575 batch=0.16983
2026-05-16 17:48:03,816 INFO CSMF2.step_1_1_1.run :: [lat] epoch=21 step=200 mean_l2=0.01462 std_l2=0.02007
2026-05-16 17:48:03,855 INFO CSMF2.step_1_1_1.run :: epoch=21 step=200/429 train_nll=-3705.103
2026-05-16 17:48:08,057 INFO CSMF2.step_1_1_1.run :: [h] epoch=21 step=250 total=0.26524 batch=0.16873
2026-05-16 17:48:08,057 INFO CSMF2.step_1_1_1.run :: [lat] epoch=21 step=250 mean_l2=0.01551 std_l2=0.01863
2026-05-16 17:48:08,097 INFO CSMF2.step_1_1_1.run :: epoch=21 step=250/429 train_nll=-3707.153
2026-05-16 17:48:12,298 INFO CSMF2.step_1_1_1.run :: [h] epoch=21 step=300 total=0.26049 batch=0.16689
2026-05-16 17:48:12,299 INFO CSMF2.step_1_1_1.run :: [lat] epoch=21 step=300 mean_l2=0.02645 std_l2=0.02525
2026-05-16 17:48:12,338 INFO CSMF2.step_1_1_1.run :: epoch=21 step=300/429 train_nll=-3704.686
2026-05-16 17:48:16,539 INFO CSMF2.step_1_1_1.run :: [h] epoch=21 step=350 total=0.25219 batch=0.16407
2026-05-16 17:48:16,540 INFO CSMF2.step_1_1_1.run :: [lat] epoch=21 step=350 mean_l2=0.02841 std_l2=0.02176
2026-05-16 17:48:16,579 INFO CSMF2.step_1_1_1.run :: epoch=21 step=350/429 train_nll=-3700.526
2026-05-16 17:48:20,781 INFO CSMF2.step_1_1_1.run :: [h] epoch=21 step=400 total=0.25555 batch=0.16574
2026-05-16 17:48:20,781 INFO CSMF2.step_1_1_1.run :: [lat] epoch=21 step=400 mean_l2=0.01441 std_l2=0.02089
2026-05-16 17:48:20,821 INFO CSMF2.step_1_1_1.run :: epoch=21 step=400/429 train_nll=-3699.110
2026-05-16 17:48:25,042 INFO CSMF2.step_1_1_1.run :: epoch=21  train_nll=-3700.285  val_nll=-3708.726  t=38.1s
2026-05-16 17:48:25,043 INFO CSMF2.step_1_1_1.run :: [h_std] total=0.26108 batch=0.16717 (no penalty)
2026-05-16 17:48:25,043 INFO CSMF2.step_1_1_1.run :: [lat_epoch] mean_l2=0.01907 std_l2=0.02101 lambda=1.000
2026-05-16 17:48:25,043 INFO CSMF2.step_1_1_1.run :: [grad] cond=207.3818 film_gain=0.0000
2026-05-16 17:48:31,930 INFO CSMF2.step_1_1_1.run :: [h] epoch=22 step=50 total=0.26162 batch=0.16729
2026-05-16 17:48:31,931 INFO CSMF2.step_1_1_1.run :: [lat] epoch=22 step=50 mean_l2=0.01429 std_l2=0.01927
2026-05-16 17:48:31,970 INFO CSMF2.step_1_1_1.run :: epoch=22 step=50/429 train_nll=-3714.388
2026-05-16 17:48:36,173 INFO CSMF2.step_1_1_1.run :: [h] epoch=22 step=100 total=0.26174 batch=0.16893
2026-05-16 17:48:36,173 INFO CSMF2.step_1_1_1.run :: [lat] epoch=22 step=100 mean_l2=0.01311 std_l2=0.01921
2026-05-16 17:48:36,213 INFO CSMF2.step_1_1_1.run :: epoch=22 step=100/429 train_nll=-3713.130
2026-05-16 17:48:40,415 INFO CSMF2.step_1_1_1.run :: [h] epoch=22 step=150 total=0.26164 batch=0.16724
2026-05-16 17:48:40,416 INFO CSMF2.step_1_1_1.run :: [lat] epoch=22 step=150 mean_l2=0.01462 std_l2=0.01769
2026-05-16 17:48:40,455 INFO CSMF2.step_1_1_1.run :: epoch=22 step=150/429 train_nll=-3712.925
2026-05-16 17:48:44,658 INFO CSMF2.step_1_1_1.run :: [h] epoch=22 step=200 total=0.26330 batch=0.16855
2026-05-16 17:48:44,659 INFO CSMF2.step_1_1_1.run :: [lat] epoch=22 step=200 mean_l2=0.01530 std_l2=0.01903
2026-05-16 17:48:44,698 INFO CSMF2.step_1_1_1.run :: epoch=22 step=200/429 train_nll=-3713.791
2026-05-16 17:48:48,899 INFO CSMF2.step_1_1_1.run :: [h] epoch=22 step=250 total=0.24964 batch=0.16162
2026-05-16 17:48:48,900 INFO CSMF2.step_1_1_1.run :: [lat] epoch=22 step=250 mean_l2=0.03401 std_l2=0.03061
2026-05-16 17:48:48,939 INFO CSMF2.step_1_1_1.run :: epoch=22 step=250/429 train_nll=-3708.637
2026-05-16 17:48:53,140 INFO CSMF2.step_1_1_1.run :: [h] epoch=22 step=300 total=0.24785 batch=0.15932
2026-05-16 17:48:53,140 INFO CSMF2.step_1_1_1.run :: [lat] epoch=22 step=300 mean_l2=0.04251 std_l2=0.02221
2026-05-16 17:48:53,179 INFO CSMF2.step_1_1_1.run :: epoch=22 step=300/429 train_nll=-3703.594
2026-05-16 17:48:57,382 INFO CSMF2.step_1_1_1.run :: [h] epoch=22 step=350 total=0.24917 batch=0.16275
2026-05-16 17:48:57,383 INFO CSMF2.step_1_1_1.run :: [lat] epoch=22 step=350 mean_l2=0.01501 std_l2=0.02016
2026-05-16 17:48:57,422 INFO CSMF2.step_1_1_1.run :: epoch=22 step=350/429 train_nll=-3700.426
2026-05-16 17:49:01,624 INFO CSMF2.step_1_1_1.run :: [h] epoch=22 step=400 total=0.25318 batch=0.16305
2026-05-16 17:49:01,625 INFO CSMF2.step_1_1_1.run :: [lat] epoch=22 step=400 mean_l2=0.01365 std_l2=0.02040
2026-05-16 17:49:01,664 INFO CSMF2.step_1_1_1.run :: epoch=22 step=400/429 train_nll=-3701.869
2026-05-16 17:49:05,888 INFO CSMF2.step_1_1_1.run :: epoch=22  train_nll=-3703.208  val_nll=-3713.830  t=38.2s
2026-05-16 17:49:05,888 INFO CSMF2.step_1_1_1.run :: [h_std] total=0.25615 batch=0.16453 (no penalty)
2026-05-16 17:49:05,888 INFO CSMF2.step_1_1_1.run :: [lat_epoch] mean_l2=0.01874 std_l2=0.02097 lambda=1.000
2026-05-16 17:49:05,888 INFO CSMF2.step_1_1_1.run :: [grad] cond=439.7037 film_gain=0.0000
2026-05-16 17:49:12,783 INFO CSMF2.step_1_1_1.run :: [h] epoch=23 step=50 total=0.25745 batch=0.16439
2026-05-16 17:49:12,783 INFO CSMF2.step_1_1_1.run :: [lat] epoch=23 step=50 mean_l2=0.01414 std_l2=0.02038
2026-05-16 17:49:12,822 INFO CSMF2.step_1_1_1.run :: epoch=23 step=50/429 train_nll=-3718.679
2026-05-16 17:49:17,026 INFO CSMF2.step_1_1_1.run :: [h] epoch=23 step=100 total=0.25631 batch=0.16492
2026-05-16 17:49:17,026 INFO CSMF2.step_1_1_1.run :: [lat] epoch=23 step=100 mean_l2=0.01481 std_l2=0.01794
2026-05-16 17:49:17,065 INFO CSMF2.step_1_1_1.run :: epoch=23 step=100/429 train_nll=-3718.214
2026-05-16 17:49:21,269 INFO CSMF2.step_1_1_1.run :: [h] epoch=23 step=150 total=0.25616 batch=0.16369
2026-05-16 17:49:21,269 INFO CSMF2.step_1_1_1.run :: [lat] epoch=23 step=150 mean_l2=0.01489 std_l2=0.02024
2026-05-16 17:49:21,309 INFO CSMF2.step_1_1_1.run :: epoch=23 step=150/429 train_nll=-3717.733
2026-05-16 17:49:25,512 INFO CSMF2.step_1_1_1.run :: [h] epoch=23 step=200 total=0.25071 batch=0.16085
2026-05-16 17:49:25,512 INFO CSMF2.step_1_1_1.run :: [lat] epoch=23 step=200 mean_l2=0.02767 std_l2=0.02732
2026-05-16 17:49:25,552 INFO CSMF2.step_1_1_1.run :: epoch=23 step=200/429 train_nll=-3714.351
2026-05-16 17:49:29,755 INFO CSMF2.step_1_1_1.run :: [h] epoch=23 step=250 total=0.25037 batch=0.16157
2026-05-16 17:49:29,755 INFO CSMF2.step_1_1_1.run :: [lat] epoch=23 step=250 mean_l2=0.01419 std_l2=0.01875
2026-05-16 17:49:29,795 INFO CSMF2.step_1_1_1.run :: epoch=23 step=250/429 train_nll=-3712.693
2026-05-16 17:49:33,999 INFO CSMF2.step_1_1_1.run :: [h] epoch=23 step=300 total=0.25400 batch=0.16456
2026-05-16 17:49:34,000 INFO CSMF2.step_1_1_1.run :: [lat] epoch=23 step=300 mean_l2=0.01422 std_l2=0.01982
2026-05-16 17:49:34,039 INFO CSMF2.step_1_1_1.run :: epoch=23 step=300/429 train_nll=-3713.300
2026-05-16 17:49:38,243 INFO CSMF2.step_1_1_1.run :: [h] epoch=23 step=350 total=0.25721 batch=0.16571
2026-05-16 17:49:38,243 INFO CSMF2.step_1_1_1.run :: [lat] epoch=23 step=350 mean_l2=0.01501 std_l2=0.02155
2026-05-16 17:49:38,282 INFO CSMF2.step_1_1_1.run :: epoch=23 step=350/429 train_nll=-3713.836
2026-05-16 17:49:42,486 INFO CSMF2.step_1_1_1.run :: [h] epoch=23 step=400 total=0.25678 batch=0.16348
2026-05-16 17:49:42,486 INFO CSMF2.step_1_1_1.run :: [lat] epoch=23 step=400 mean_l2=0.01398 std_l2=0.01713
2026-05-16 17:49:42,526 INFO CSMF2.step_1_1_1.run :: epoch=23 step=400/429 train_nll=-3714.342
2026-05-16 17:49:46,749 INFO CSMF2.step_1_1_1.run :: epoch=23  train_nll=-3714.954  val_nll=-3715.123  t=38.2s
2026-05-16 17:49:46,749 INFO CSMF2.step_1_1_1.run :: [h_std] total=0.25511 batch=0.16333 (no penalty)
2026-05-16 17:49:46,749 INFO CSMF2.step_1_1_1.run :: [lat_epoch] mean_l2=0.01563 std_l2=0.01991 lambda=1.000
2026-05-16 17:49:46,749 INFO CSMF2.step_1_1_1.run :: [grad] cond=458.5773 film_gain=0.0000
2026-05-16 17:49:53,614 INFO CSMF2.step_1_1_1.run :: [h] epoch=24 step=50 total=0.25870 batch=0.16407
2026-05-16 17:49:53,615 INFO CSMF2.step_1_1_1.run :: [lat] epoch=24 step=50 mean_l2=0.01588 std_l2=0.01895
2026-05-16 17:49:53,654 INFO CSMF2.step_1_1_1.run :: epoch=24 step=50/429 train_nll=-3720.775
2026-05-16 17:49:57,858 INFO CSMF2.step_1_1_1.run :: [h] epoch=24 step=100 total=0.25714 batch=0.16451
2026-05-16 17:49:57,858 INFO CSMF2.step_1_1_1.run :: [lat] epoch=24 step=100 mean_l2=0.02251 std_l2=0.02179
2026-05-16 17:49:57,897 INFO CSMF2.step_1_1_1.run :: epoch=24 step=100/429 train_nll=-3720.124
2026-05-16 17:50:02,102 INFO CSMF2.step_1_1_1.run :: [h] epoch=24 step=150 total=0.25546 batch=0.16273
2026-05-16 17:50:02,102 INFO CSMF2.step_1_1_1.run :: [lat] epoch=24 step=150 mean_l2=0.01438 std_l2=0.01876
2026-05-16 17:50:02,142 INFO CSMF2.step_1_1_1.run :: epoch=24 step=150/429 train_nll=-3717.118
2026-05-16 17:50:06,345 INFO CSMF2.step_1_1_1.run :: [h] epoch=24 step=200 total=0.25557 batch=0.16294
2026-05-16 17:50:06,345 INFO CSMF2.step_1_1_1.run :: [lat] epoch=24 step=200 mean_l2=0.01412 std_l2=0.01806
2026-05-16 17:50:06,385 INFO CSMF2.step_1_1_1.run :: epoch=24 step=200/429 train_nll=-3718.237
2026-05-16 17:50:10,588 INFO CSMF2.step_1_1_1.run :: [h] epoch=24 step=250 total=0.24529 batch=0.15716
2026-05-16 17:50:10,588 INFO CSMF2.step_1_1_1.run :: [lat] epoch=24 step=250 mean_l2=0.02390 std_l2=0.02515
2026-05-16 17:50:10,628 INFO CSMF2.step_1_1_1.run :: epoch=24 step=250/429 train_nll=-3715.904
2026-05-16 17:50:14,831 INFO CSMF2.step_1_1_1.run :: [h] epoch=24 step=300 total=0.24926 batch=0.16290
2026-05-16 17:50:14,832 INFO CSMF2.step_1_1_1.run :: [lat] epoch=24 step=300 mean_l2=0.01562 std_l2=0.01753
2026-05-16 17:50:14,871 INFO CSMF2.step_1_1_1.run :: epoch=24 step=300/429 train_nll=-3713.264
2026-05-16 17:50:19,073 INFO CSMF2.step_1_1_1.run :: [h] epoch=24 step=350 total=0.25278 batch=0.16377
2026-05-16 17:50:19,074 INFO CSMF2.step_1_1_1.run :: [lat] epoch=24 step=350 mean_l2=0.01499 std_l2=0.02176
2026-05-16 17:50:19,113 INFO CSMF2.step_1_1_1.run :: epoch=24 step=350/429 train_nll=-3713.741
2026-05-16 17:50:23,317 INFO CSMF2.step_1_1_1.run :: [h] epoch=24 step=400 total=0.25232 batch=0.16097
2026-05-16 17:50:23,318 INFO CSMF2.step_1_1_1.run :: [lat] epoch=24 step=400 mean_l2=0.01447 std_l2=0.01821
2026-05-16 17:50:23,357 INFO CSMF2.step_1_1_1.run :: epoch=24 step=400/429 train_nll=-3714.676
2026-05-16 17:50:27,582 INFO CSMF2.step_1_1_1.run :: epoch=24  train_nll=-3715.438  val_nll=-3716.367  t=38.2s
2026-05-16 17:50:27,582 INFO CSMF2.step_1_1_1.run :: [h_std] total=0.25377 batch=0.16192 (no penalty)
2026-05-16 17:50:27,582 INFO CSMF2.step_1_1_1.run :: [lat_epoch] mean_l2=0.01655 std_l2=0.01996 lambda=1.000
2026-05-16 17:50:27,582 INFO CSMF2.step_1_1_1.run :: [grad] cond=326.6365 film_gain=0.0000
2026-05-16 17:50:34,486 INFO CSMF2.step_1_1_1.run :: [h] epoch=25 step=50 total=0.25456 batch=0.16148
2026-05-16 17:50:34,486 INFO CSMF2.step_1_1_1.run :: [lat] epoch=25 step=50 mean_l2=0.01342 std_l2=0.01812
2026-05-16 17:50:34,526 INFO CSMF2.step_1_1_1.run :: epoch=25 step=50/429 train_nll=-3722.609
2026-05-16 17:50:38,731 INFO CSMF2.step_1_1_1.run :: [h] epoch=25 step=100 total=0.25517 batch=0.16389
2026-05-16 17:50:38,732 INFO CSMF2.step_1_1_1.run :: [lat] epoch=25 step=100 mean_l2=0.01550 std_l2=0.01934
2026-05-16 17:50:38,771 INFO CSMF2.step_1_1_1.run :: epoch=25 step=100/429 train_nll=-3722.757
2026-05-16 17:50:42,975 INFO CSMF2.step_1_1_1.run :: [h] epoch=25 step=150 total=0.24740 batch=0.15903
2026-05-16 17:50:42,975 INFO CSMF2.step_1_1_1.run :: [lat] epoch=25 step=150 mean_l2=0.02296 std_l2=0.01894
2026-05-16 17:50:43,015 INFO CSMF2.step_1_1_1.run :: epoch=25 step=150/429 train_nll=-3716.040
2026-05-16 17:50:47,219 INFO CSMF2.step_1_1_1.run :: [h] epoch=25 step=200 total=0.24872 batch=0.16161
2026-05-16 17:50:47,219 INFO CSMF2.step_1_1_1.run :: [lat] epoch=25 step=200 mean_l2=0.01538 std_l2=0.02062
2026-05-16 17:50:47,259 INFO CSMF2.step_1_1_1.run :: epoch=25 step=200/429 train_nll=-3715.076
2026-05-16 17:50:51,463 INFO CSMF2.step_1_1_1.run :: [h] epoch=25 step=250 total=0.24984 batch=0.16116
2026-05-16 17:50:51,463 INFO CSMF2.step_1_1_1.run :: [lat] epoch=25 step=250 mean_l2=0.01481 std_l2=0.01753
2026-05-16 17:50:51,503 INFO CSMF2.step_1_1_1.run :: epoch=25 step=250/429 train_nll=-3717.396
2026-05-16 17:50:55,709 INFO CSMF2.step_1_1_1.run :: [h] epoch=25 step=300 total=0.25337 batch=0.16380
2026-05-16 17:50:55,709 INFO CSMF2.step_1_1_1.run :: [lat] epoch=25 step=300 mean_l2=0.01440 std_l2=0.01815
2026-05-16 17:50:55,748 INFO CSMF2.step_1_1_1.run :: epoch=25 step=300/429 train_nll=-3718.201
2026-05-16 17:50:59,953 INFO CSMF2.step_1_1_1.run :: [h] epoch=25 step=350 total=0.25569 batch=0.16426
2026-05-16 17:50:59,954 INFO CSMF2.step_1_1_1.run :: [lat] epoch=25 step=350 mean_l2=0.01415 std_l2=0.02171
2026-05-16 17:50:59,993 INFO CSMF2.step_1_1_1.run :: epoch=25 step=350/429 train_nll=-3719.311
2026-05-16 17:51:04,495 INFO CSMF2.step_1_1_1.run :: [h] epoch=25 step=400 total=0.25293 batch=0.15997
2026-05-16 17:51:04,495 INFO CSMF2.step_1_1_1.run :: [lat] epoch=25 step=400 mean_l2=0.01526 std_l2=0.01900
2026-05-16 17:51:04,534 INFO CSMF2.step_1_1_1.run :: epoch=25 step=400/429 train_nll=-3719.887
2026-05-16 17:51:08,761 INFO CSMF2.step_1_1_1.run :: epoch=25  train_nll=-3720.140  val_nll=-3702.533  t=38.5s
2026-05-16 17:51:08,761 INFO CSMF2.step_1_1_1.run :: [h_std] total=0.25204 batch=0.16103 (no penalty)
2026-05-16 17:51:08,762 INFO CSMF2.step_1_1_1.run :: [lat_epoch] mean_l2=0.01570 std_l2=0.01980 lambda=1.000
2026-05-16 17:51:08,762 INFO CSMF2.step_1_1_1.run :: [grad] cond=1852.3436 film_gain=0.0000
2026-05-16 17:51:15,642 INFO CSMF2.step_1_1_1.run :: [h] epoch=26 step=50 total=0.24695 batch=0.15891
2026-05-16 17:51:15,643 INFO CSMF2.step_1_1_1.run :: [lat] epoch=26 step=50 mean_l2=0.01621 std_l2=0.01890
2026-05-16 17:51:15,682 INFO CSMF2.step_1_1_1.run :: epoch=26 step=50/429 train_nll=-3692.244
2026-05-16 17:51:19,885 INFO CSMF2.step_1_1_1.run :: [h] epoch=26 step=100 total=0.25058 batch=0.16189
2026-05-16 17:51:19,886 INFO CSMF2.step_1_1_1.run :: [lat] epoch=26 step=100 mean_l2=0.01429 std_l2=0.01787
2026-05-16 17:51:19,925 INFO CSMF2.step_1_1_1.run :: epoch=26 step=100/429 train_nll=-3706.918
2026-05-16 17:51:24,128 INFO CSMF2.step_1_1_1.run :: [h] epoch=26 step=150 total=0.24774 batch=0.15889
2026-05-16 17:51:24,129 INFO CSMF2.step_1_1_1.run :: [lat] epoch=26 step=150 mean_l2=0.01489 std_l2=0.02121
2026-05-16 17:51:24,168 INFO CSMF2.step_1_1_1.run :: epoch=26 step=150/429 train_nll=-3712.161
2026-05-16 17:51:28,372 INFO CSMF2.step_1_1_1.run :: [h] epoch=26 step=200 total=0.24401 batch=0.15723
2026-05-16 17:51:28,373 INFO CSMF2.step_1_1_1.run :: [lat] epoch=26 step=200 mean_l2=0.02874 std_l2=0.01992
2026-05-16 17:51:28,412 INFO CSMF2.step_1_1_1.run :: epoch=26 step=200/429 train_nll=-3712.985
2026-05-16 17:51:32,615 INFO CSMF2.step_1_1_1.run :: [h] epoch=26 step=250 total=0.24633 batch=0.15895
2026-05-16 17:51:32,615 INFO CSMF2.step_1_1_1.run :: [lat] epoch=26 step=250 mean_l2=0.01709 std_l2=0.02022
2026-05-16 17:51:32,654 INFO CSMF2.step_1_1_1.run :: epoch=26 step=250/429 train_nll=-3714.528
2026-05-16 17:51:36,857 INFO CSMF2.step_1_1_1.run :: [h] epoch=26 step=300 total=0.24842 batch=0.16066
2026-05-16 17:51:36,858 INFO CSMF2.step_1_1_1.run :: [lat] epoch=26 step=300 mean_l2=0.01453 std_l2=0.02090
2026-05-16 17:51:36,897 INFO CSMF2.step_1_1_1.run :: epoch=26 step=300/429 train_nll=-3716.034
2026-05-16 17:51:41,101 INFO CSMF2.step_1_1_1.run :: [h] epoch=26 step=350 total=0.25143 batch=0.16156
2026-05-16 17:51:41,101 INFO CSMF2.step_1_1_1.run :: [lat] epoch=26 step=350 mean_l2=0.01462 std_l2=0.01761
2026-05-16 17:51:41,141 INFO CSMF2.step_1_1_1.run :: epoch=26 step=350/429 train_nll=-3717.732
2026-05-16 17:51:45,435 INFO CSMF2.step_1_1_1.run :: [h] epoch=26 step=400 total=0.24842 batch=0.15765
2026-05-16 17:51:45,435 INFO CSMF2.step_1_1_1.run :: [lat] epoch=26 step=400 mean_l2=0.01618 std_l2=0.02094
2026-05-16 17:51:45,474 INFO CSMF2.step_1_1_1.run :: epoch=26 step=400/429 train_nll=-3718.731
2026-05-16 17:51:49,701 INFO CSMF2.step_1_1_1.run :: epoch=26  train_nll=-3719.591  val_nll=-3723.853  t=38.3s
2026-05-16 17:51:49,701 INFO CSMF2.step_1_1_1.run :: [h_std] total=0.24795 batch=0.15883 (no penalty)
2026-05-16 17:51:49,701 INFO CSMF2.step_1_1_1.run :: [lat_epoch] mean_l2=0.01687 std_l2=0.01995 lambda=1.000
2026-05-16 17:51:49,701 INFO CSMF2.step_1_1_1.run :: [grad] cond=300.5744 film_gain=0.0000
2026-05-16 17:51:56,497 INFO CSMF2.step_1_1_1.run :: [h] epoch=27 step=50 total=0.25019 batch=0.15826
2026-05-16 17:51:56,498 INFO CSMF2.step_1_1_1.run :: [lat] epoch=27 step=50 mean_l2=0.01540 std_l2=0.02095
2026-05-16 17:51:56,537 INFO CSMF2.step_1_1_1.run :: epoch=27 step=50/429 train_nll=-3726.827
2026-05-16 17:52:00,741 INFO CSMF2.step_1_1_1.run :: [h] epoch=27 step=100 total=0.25136 batch=0.16066
2026-05-16 17:52:00,741 INFO CSMF2.step_1_1_1.run :: [lat] epoch=27 step=100 mean_l2=0.01568 std_l2=0.02115
2026-05-16 17:52:00,781 INFO CSMF2.step_1_1_1.run :: epoch=27 step=100/429 train_nll=-3726.166
2026-05-16 17:52:04,986 INFO CSMF2.step_1_1_1.run :: [h] epoch=27 step=150 total=0.24168 batch=0.15501
2026-05-16 17:52:04,986 INFO CSMF2.step_1_1_1.run :: [lat] epoch=27 step=150 mean_l2=0.02220 std_l2=0.02198
2026-05-16 17:52:05,025 INFO CSMF2.step_1_1_1.run :: epoch=27 step=150/429 train_nll=-3722.028
2026-05-16 17:52:09,316 INFO CSMF2.step_1_1_1.run :: [h] epoch=27 step=200 total=0.24120 batch=0.15555
2026-05-16 17:52:09,317 INFO CSMF2.step_1_1_1.run :: [lat] epoch=27 step=200 mean_l2=0.05114 std_l2=0.03242
2026-05-16 17:52:09,356 INFO CSMF2.step_1_1_1.run :: epoch=27 step=200/429 train_nll=-3715.903
2026-05-16 17:52:13,563 INFO CSMF2.step_1_1_1.run :: [h] epoch=27 step=250 total=0.23374 batch=0.15285
2026-05-16 17:52:13,563 INFO CSMF2.step_1_1_1.run :: [lat] epoch=27 step=250 mean_l2=0.03284 std_l2=0.02704
2026-05-16 17:52:13,603 INFO CSMF2.step_1_1_1.run :: epoch=27 step=250/429 train_nll=-3713.384
2026-05-16 17:52:17,810 INFO CSMF2.step_1_1_1.run :: [h] epoch=27 step=300 total=0.23694 batch=0.15640
2026-05-16 17:52:17,810 INFO CSMF2.step_1_1_1.run :: [lat] epoch=27 step=300 mean_l2=0.01771 std_l2=0.02480
2026-05-16 17:52:17,850 INFO CSMF2.step_1_1_1.run :: epoch=27 step=300/429 train_nll=-3711.073
2026-05-16 17:52:22,055 INFO CSMF2.step_1_1_1.run :: [h] epoch=27 step=350 total=0.24212 batch=0.15849
2026-05-16 17:52:22,055 INFO CSMF2.step_1_1_1.run :: [lat] epoch=27 step=350 mean_l2=0.01509 std_l2=0.02095
2026-05-16 17:52:22,095 INFO CSMF2.step_1_1_1.run :: epoch=27 step=350/429 train_nll=-3712.818
2026-05-16 17:52:26,301 INFO CSMF2.step_1_1_1.run :: [h] epoch=27 step=400 total=0.24165 batch=0.15589
2026-05-16 17:52:26,301 INFO CSMF2.step_1_1_1.run :: [lat] epoch=27 step=400 mean_l2=0.01469 std_l2=0.01832
2026-05-16 17:52:26,341 INFO CSMF2.step_1_1_1.run :: epoch=27 step=400/429 train_nll=-3714.686
2026-05-16 17:52:30,568 INFO CSMF2.step_1_1_1.run :: epoch=27  train_nll=-3716.011  val_nll=-3724.593  t=38.3s
2026-05-16 17:52:30,568 INFO CSMF2.step_1_1_1.run :: [h_std] total=0.24261 batch=0.15613 (no penalty)
2026-05-16 17:52:30,568 INFO CSMF2.step_1_1_1.run :: [lat_epoch] mean_l2=0.01856 std_l2=0.02053 lambda=1.000
2026-05-16 17:52:30,568 INFO CSMF2.step_1_1_1.run :: [grad] cond=486.8098 film_gain=0.0000
2026-05-16 17:52:37,847 INFO CSMF2.step_1_1_1.run :: [h] epoch=28 step=50 total=0.24431 batch=0.15687
2026-05-16 17:52:37,848 INFO CSMF2.step_1_1_1.run :: [lat] epoch=28 step=50 mean_l2=0.01554 std_l2=0.01881
2026-05-16 17:52:37,887 INFO CSMF2.step_1_1_1.run :: epoch=28 step=50/429 train_nll=-3728.600
2026-05-16 17:52:42,164 INFO CSMF2.step_1_1_1.run :: [h] epoch=28 step=100 total=0.24617 batch=0.15898
2026-05-16 17:52:42,164 INFO CSMF2.step_1_1_1.run :: [lat] epoch=28 step=100 mean_l2=0.01312 std_l2=0.02099
2026-05-16 17:52:42,203 INFO CSMF2.step_1_1_1.run :: epoch=28 step=100/429 train_nll=-3728.467
2026-05-16 17:52:46,408 INFO CSMF2.step_1_1_1.run :: [h] epoch=28 step=150 total=0.24311 batch=0.15591
2026-05-16 17:52:46,409 INFO CSMF2.step_1_1_1.run :: [lat] epoch=28 step=150 mean_l2=0.01470 std_l2=0.01973
2026-05-16 17:52:46,448 INFO CSMF2.step_1_1_1.run :: epoch=28 step=150/429 train_nll=-3727.394
2026-05-16 17:52:50,954 INFO CSMF2.step_1_1_1.run :: [h] epoch=28 step=200 total=0.24444 batch=0.15708
2026-05-16 17:52:50,955 INFO CSMF2.step_1_1_1.run :: [lat] epoch=28 step=200 mean_l2=0.01691 std_l2=0.01923
2026-05-16 17:52:50,994 INFO CSMF2.step_1_1_1.run :: epoch=28 step=200/429 train_nll=-3728.465
2026-05-16 17:52:55,645 INFO CSMF2.step_1_1_1.run :: [h] epoch=28 step=250 total=0.23382 batch=0.14976
2026-05-16 17:52:55,645 INFO CSMF2.step_1_1_1.run :: [lat] epoch=28 step=250 mean_l2=0.02578 std_l2=0.01986
2026-05-16 17:52:55,684 INFO CSMF2.step_1_1_1.run :: epoch=28 step=250/429 train_nll=-3726.497
2026-05-16 17:53:00,299 INFO CSMF2.step_1_1_1.run :: [h] epoch=28 step=300 total=0.23362 batch=0.15240
2026-05-16 17:53:00,299 INFO CSMF2.step_1_1_1.run :: [lat] epoch=28 step=300 mean_l2=0.01853 std_l2=0.02330
2026-05-16 17:53:00,339 INFO CSMF2.step_1_1_1.run :: epoch=28 step=300/429 train_nll=-3722.579
2026-05-16 17:53:04,975 INFO CSMF2.step_1_1_1.run :: [h] epoch=28 step=350 total=0.24108 batch=0.15682
2026-05-16 17:53:04,975 INFO CSMF2.step_1_1_1.run :: [lat] epoch=28 step=350 mean_l2=0.01448 std_l2=0.02051
2026-05-16 17:53:05,015 INFO CSMF2.step_1_1_1.run :: epoch=28 step=350/429 train_nll=-3723.204
2026-05-16 17:53:09,637 INFO CSMF2.step_1_1_1.run :: [h] epoch=28 step=400 total=0.23935 batch=0.15337
2026-05-16 17:53:09,637 INFO CSMF2.step_1_1_1.run :: [lat] epoch=28 step=400 mean_l2=0.01359 std_l2=0.01862
2026-05-16 17:53:09,676 INFO CSMF2.step_1_1_1.run :: epoch=28 step=400/429 train_nll=-3724.165
2026-05-16 17:53:14,162 INFO CSMF2.step_1_1_1.run :: epoch=28  train_nll=-3724.971  val_nll=-3725.614  t=41.0s
2026-05-16 17:53:14,162 INFO CSMF2.step_1_1_1.run :: [h_std] total=0.24082 batch=0.15488 (no penalty)
2026-05-16 17:53:14,162 INFO CSMF2.step_1_1_1.run :: [lat_epoch] mean_l2=0.01623 std_l2=0.01979 lambda=1.000
2026-05-16 17:53:14,162 INFO CSMF2.step_1_1_1.run :: [grad] cond=829.2557 film_gain=0.0000
2026-05-16 17:53:21,419 INFO CSMF2.step_1_1_1.run :: [h] epoch=29 step=50 total=0.22890 batch=0.14895
2026-05-16 17:53:21,420 INFO CSMF2.step_1_1_1.run :: [lat] epoch=29 step=50 mean_l2=0.02475 std_l2=0.02566
2026-05-16 17:53:21,459 INFO CSMF2.step_1_1_1.run :: epoch=29 step=50/429 train_nll=-3711.337
2026-05-16 17:53:26,068 INFO CSMF2.step_1_1_1.run :: [h] epoch=29 step=100 total=0.22568 batch=0.14738
2026-05-16 17:53:26,068 INFO CSMF2.step_1_1_1.run :: [lat] epoch=29 step=100 mean_l2=0.01852 std_l2=0.02440
2026-05-16 17:53:26,108 INFO CSMF2.step_1_1_1.run :: epoch=29 step=100/429 train_nll=-3698.684
2026-05-16 17:53:31,070 INFO CSMF2.step_1_1_1.run :: [h] epoch=29 step=150 total=0.22841 batch=0.14902
2026-05-16 17:53:31,070 INFO CSMF2.step_1_1_1.run :: [lat] epoch=29 step=150 mean_l2=0.01265 std_l2=0.01809
2026-05-16 17:53:31,110 INFO CSMF2.step_1_1_1.run :: epoch=29 step=150/429 train_nll=-3702.738
2026-05-16 17:53:35,727 INFO CSMF2.step_1_1_1.run :: [h] epoch=29 step=200 total=0.23371 batch=0.15191
2026-05-16 17:53:35,727 INFO CSMF2.step_1_1_1.run :: [lat] epoch=29 step=200 mean_l2=0.01331 std_l2=0.01832
2026-05-16 17:53:35,767 INFO CSMF2.step_1_1_1.run :: epoch=29 step=200/429 train_nll=-3710.115
2026-05-16 17:53:40,411 INFO CSMF2.step_1_1_1.run :: [h] epoch=29 step=250 total=0.23250 batch=0.15051
2026-05-16 17:53:40,411 INFO CSMF2.step_1_1_1.run :: [lat] epoch=29 step=250 mean_l2=0.01293 std_l2=0.01627
2026-05-16 17:53:40,451 INFO CSMF2.step_1_1_1.run :: epoch=29 step=250/429 train_nll=-3715.352
2026-05-16 17:53:45,047 INFO CSMF2.step_1_1_1.run :: [h] epoch=29 step=300 total=0.23479 batch=0.15271
2026-05-16 17:53:45,047 INFO CSMF2.step_1_1_1.run :: [lat] epoch=29 step=300 mean_l2=0.01279 std_l2=0.01880
2026-05-16 17:53:45,087 INFO CSMF2.step_1_1_1.run :: epoch=29 step=300/429 train_nll=-3718.087
2026-05-16 17:53:49,735 INFO CSMF2.step_1_1_1.run :: [h] epoch=29 step=350 total=0.23805 batch=0.15424
2026-05-16 17:53:49,735 INFO CSMF2.step_1_1_1.run :: [lat] epoch=29 step=350 mean_l2=0.01328 std_l2=0.01791
2026-05-16 17:53:49,775 INFO CSMF2.step_1_1_1.run :: epoch=29 step=350/429 train_nll=-3720.581
2026-05-16 17:53:54,425 INFO CSMF2.step_1_1_1.run :: [h] epoch=29 step=400 total=0.23570 batch=0.15035
2026-05-16 17:53:54,425 INFO CSMF2.step_1_1_1.run :: [lat] epoch=29 step=400 mean_l2=0.01292 std_l2=0.01903
2026-05-16 17:53:54,465 INFO CSMF2.step_1_1_1.run :: epoch=29 step=400/429 train_nll=-3722.285
2026-05-16 17:53:58,735 INFO CSMF2.step_1_1_1.run :: epoch=29  train_nll=-3723.466  val_nll=-3728.961  t=41.9s
2026-05-16 17:53:58,735 INFO CSMF2.step_1_1_1.run :: [h_std] total=0.23313 batch=0.15041 (no penalty)
2026-05-16 17:53:58,735 INFO CSMF2.step_1_1_1.run :: [lat_epoch] mean_l2=0.01705 std_l2=0.02004 lambda=1.000
2026-05-16 17:53:58,735 INFO CSMF2.step_1_1_1.run :: [grad] cond=494.3599 film_gain=0.0000
2026-05-16 17:54:06,027 INFO CSMF2.step_1_1_1.run :: [h] epoch=30 step=50 total=0.23843 batch=0.15156
2026-05-16 17:54:06,028 INFO CSMF2.step_1_1_1.run :: [lat] epoch=30 step=50 mean_l2=0.01458 std_l2=0.02057
2026-05-16 17:54:06,067 INFO CSMF2.step_1_1_1.run :: epoch=30 step=50/429 train_nll=-3736.701
2026-05-16 17:54:10,700 INFO CSMF2.step_1_1_1.run :: [h] epoch=30 step=100 total=0.23769 batch=0.15222
2026-05-16 17:54:10,701 INFO CSMF2.step_1_1_1.run :: [lat] epoch=30 step=100 mean_l2=0.01546 std_l2=0.01726
2026-05-16 17:54:10,740 INFO CSMF2.step_1_1_1.run :: epoch=30 step=100/429 train_nll=-3734.501
2026-05-16 17:54:15,366 INFO CSMF2.step_1_1_1.run :: [h] epoch=30 step=150 total=0.22808 batch=0.14917
2026-05-16 17:54:15,367 INFO CSMF2.step_1_1_1.run :: [lat] epoch=30 step=150 mean_l2=0.03179 std_l2=0.02057
2026-05-16 17:54:15,406 INFO CSMF2.step_1_1_1.run :: epoch=30 step=150/429 train_nll=-3727.317
2026-05-16 17:54:20,030 INFO CSMF2.step_1_1_1.run :: [h] epoch=30 step=200 total=0.22623 batch=0.14866
2026-05-16 17:54:20,031 INFO CSMF2.step_1_1_1.run :: [lat] epoch=30 step=200 mean_l2=0.01819 std_l2=0.02401
2026-05-16 17:54:20,070 INFO CSMF2.step_1_1_1.run :: epoch=30 step=200/429 train_nll=-3722.235
2026-05-16 17:54:24,284 INFO CSMF2.step_1_1_1.run :: [h] epoch=30 step=250 total=0.22908 batch=0.14928
2026-05-16 17:54:24,285 INFO CSMF2.step_1_1_1.run :: [lat] epoch=30 step=250 mean_l2=0.01279 std_l2=0.01930
2026-05-16 17:54:24,324 INFO CSMF2.step_1_1_1.run :: epoch=30 step=250/429 train_nll=-3724.323
2026-05-16 17:54:28,620 INFO CSMF2.step_1_1_1.run :: [h] epoch=30 step=300 total=0.23278 batch=0.15210
2026-05-16 17:54:28,621 INFO CSMF2.step_1_1_1.run :: [lat] epoch=30 step=300 mean_l2=0.01500 std_l2=0.01883
2026-05-16 17:54:28,660 INFO CSMF2.step_1_1_1.run :: epoch=30 step=300/429 train_nll=-3725.852
2026-05-16 17:54:33,283 INFO CSMF2.step_1_1_1.run :: [h] epoch=30 step=350 total=0.23503 batch=0.15272
2026-05-16 17:54:33,284 INFO CSMF2.step_1_1_1.run :: [lat] epoch=30 step=350 mean_l2=0.01407 std_l2=0.01954
2026-05-16 17:54:33,323 INFO CSMF2.step_1_1_1.run :: epoch=30 step=350/429 train_nll=-3727.509
2026-05-16 17:54:37,942 INFO CSMF2.step_1_1_1.run :: [h] epoch=30 step=400 total=0.23333 batch=0.14916
2026-05-16 17:54:37,942 INFO CSMF2.step_1_1_1.run :: [lat] epoch=30 step=400 mean_l2=0.01340 std_l2=0.01835
2026-05-16 17:54:37,981 INFO CSMF2.step_1_1_1.run :: epoch=30 step=400/429 train_nll=-3728.520
2026-05-16 17:54:42,457 INFO CSMF2.step_1_1_1.run :: epoch=30  train_nll=-3729.410  val_nll=-3729.064  t=41.0s
2026-05-16 17:54:42,457 INFO CSMF2.step_1_1_1.run :: [h_std] total=0.23274 batch=0.14995 (no penalty)
2026-05-16 17:54:42,457 INFO CSMF2.step_1_1_1.run :: [lat_epoch] mean_l2=0.01602 std_l2=0.01962 lambda=1.000
2026-05-16 17:54:42,457 INFO CSMF2.step_1_1_1.run :: [grad] cond=430.1806 film_gain=0.0000
2026-05-16 17:54:49,745 INFO CSMF2.step_1_1_1.run :: [h] epoch=31 step=50 total=0.23680 batch=0.15079
2026-05-16 17:54:49,745 INFO CSMF2.step_1_1_1.run :: [lat] epoch=31 step=50 mean_l2=0.01444 std_l2=0.01971
2026-05-16 17:54:49,785 INFO CSMF2.step_1_1_1.run :: epoch=31 step=50/429 train_nll=-3738.267
2026-05-16 17:54:53,993 INFO CSMF2.step_1_1_1.run :: [h] epoch=31 step=100 total=0.23516 batch=0.15086
2026-05-16 17:54:53,993 INFO CSMF2.step_1_1_1.run :: [lat] epoch=31 step=100 mean_l2=0.01496 std_l2=0.01867
2026-05-16 17:54:54,032 INFO CSMF2.step_1_1_1.run :: epoch=31 step=100/429 train_nll=-3737.516
2026-05-16 17:54:58,378 INFO CSMF2.step_1_1_1.run :: [h] epoch=31 step=150 total=0.23187 batch=0.14886
2026-05-16 17:54:58,378 INFO CSMF2.step_1_1_1.run :: [lat] epoch=31 step=150 mean_l2=0.01253 std_l2=0.01931
2026-05-16 17:54:58,418 INFO CSMF2.step_1_1_1.run :: epoch=31 step=150/429 train_nll=-3735.721
2026-05-16 17:55:02,627 INFO CSMF2.step_1_1_1.run :: [h] epoch=31 step=200 total=0.23397 batch=0.15004
2026-05-16 17:55:02,627 INFO CSMF2.step_1_1_1.run :: [lat] epoch=31 step=200 mean_l2=0.01634 std_l2=0.01809
2026-05-16 17:55:02,667 INFO CSMF2.step_1_1_1.run :: epoch=31 step=200/429 train_nll=-3736.148
2026-05-16 17:55:06,879 INFO CSMF2.step_1_1_1.run :: [h] epoch=31 step=250 total=0.23030 batch=0.14839
2026-05-16 17:55:06,880 INFO CSMF2.step_1_1_1.run :: [lat] epoch=31 step=250 mean_l2=0.01355 std_l2=0.01908
2026-05-16 17:55:06,919 INFO CSMF2.step_1_1_1.run :: epoch=31 step=250/429 train_nll=-3736.718
2026-05-16 17:55:11,129 INFO CSMF2.step_1_1_1.run :: [h] epoch=31 step=300 total=0.23416 batch=0.15154
2026-05-16 17:55:11,129 INFO CSMF2.step_1_1_1.run :: [lat] epoch=31 step=300 mean_l2=0.01468 std_l2=0.02165
2026-05-16 17:55:11,169 INFO CSMF2.step_1_1_1.run :: epoch=31 step=300/429 train_nll=-3736.473
2026-05-16 17:55:15,533 INFO CSMF2.step_1_1_1.run :: [h] epoch=31 step=350 total=0.23519 batch=0.15067
2026-05-16 17:55:15,533 INFO CSMF2.step_1_1_1.run :: [lat] epoch=31 step=350 mean_l2=0.01485 std_l2=0.01992
2026-05-16 17:55:15,572 INFO CSMF2.step_1_1_1.run :: epoch=31 step=350/429 train_nll=-3736.692
2026-05-16 17:55:20,204 INFO CSMF2.step_1_1_1.run :: [h] epoch=31 step=400 total=0.23139 batch=0.14695
2026-05-16 17:55:20,204 INFO CSMF2.step_1_1_1.run :: [lat] epoch=31 step=400 mean_l2=0.01591 std_l2=0.01891
2026-05-16 17:55:20,243 INFO CSMF2.step_1_1_1.run :: epoch=31 step=400/429 train_nll=-3736.589
2026-05-16 17:55:24,691 INFO CSMF2.step_1_1_1.run :: epoch=31  train_nll=-3736.500  val_nll=-3728.105  t=39.6s
2026-05-16 17:55:24,691 INFO CSMF2.step_1_1_1.run :: [h_std] total=0.23349 batch=0.14926 (no penalty)
2026-05-16 17:55:24,691 INFO CSMF2.step_1_1_1.run :: [lat_epoch] mean_l2=0.01466 std_l2=0.01914 lambda=1.000
2026-05-16 17:55:24,691 INFO CSMF2.step_1_1_1.run :: [grad] cond=345.5600 film_gain=0.0000
2026-05-16 17:55:32,061 INFO CSMF2.step_1_1_1.run :: [h] epoch=32 step=50 total=0.23370 batch=0.14733
2026-05-16 17:55:32,061 INFO CSMF2.step_1_1_1.run :: [lat] epoch=32 step=50 mean_l2=0.02584 std_l2=0.02277
2026-05-16 17:55:32,100 INFO CSMF2.step_1_1_1.run :: epoch=32 step=50/429 train_nll=-3731.123
2026-05-16 17:55:36,730 INFO CSMF2.step_1_1_1.run :: [h] epoch=32 step=100 total=0.22356 batch=0.14517
2026-05-16 17:55:36,730 INFO CSMF2.step_1_1_1.run :: [lat] epoch=32 step=100 mean_l2=0.03182 std_l2=0.02179
2026-05-16 17:55:36,769 INFO CSMF2.step_1_1_1.run :: epoch=32 step=100/429 train_nll=-3718.247
2026-05-16 17:55:41,394 INFO CSMF2.step_1_1_1.run :: [h] epoch=32 step=150 total=0.21960 batch=0.14393
2026-05-16 17:55:41,395 INFO CSMF2.step_1_1_1.run :: [lat] epoch=32 step=150 mean_l2=0.01504 std_l2=0.01818
2026-05-16 17:55:41,434 INFO CSMF2.step_1_1_1.run :: epoch=32 step=150/429 train_nll=-3712.129
2026-05-16 17:55:46,070 INFO CSMF2.step_1_1_1.run :: [h] epoch=32 step=200 total=0.22426 batch=0.14623
2026-05-16 17:55:46,070 INFO CSMF2.step_1_1_1.run :: [lat] epoch=32 step=200 mean_l2=0.01448 std_l2=0.01846
2026-05-16 17:55:46,109 INFO CSMF2.step_1_1_1.run :: epoch=32 step=200/429 train_nll=-3717.914
2026-05-16 17:55:50,746 INFO CSMF2.step_1_1_1.run :: [h] epoch=32 step=250 total=0.22484 batch=0.14568
2026-05-16 17:55:50,746 INFO CSMF2.step_1_1_1.run :: [lat] epoch=32 step=250 mean_l2=0.01578 std_l2=0.01834
2026-05-16 17:55:50,786 INFO CSMF2.step_1_1_1.run :: epoch=32 step=250/429 train_nll=-3722.581
2026-05-16 17:55:55,411 INFO CSMF2.step_1_1_1.run :: [h] epoch=32 step=300 total=0.22728 batch=0.14784
2026-05-16 17:55:55,411 INFO CSMF2.step_1_1_1.run :: [lat] epoch=32 step=300 mean_l2=0.01260 std_l2=0.01950
2026-05-16 17:55:55,451 INFO CSMF2.step_1_1_1.run :: epoch=32 step=300/429 train_nll=-3725.121
2026-05-16 17:56:00,077 INFO CSMF2.step_1_1_1.run :: [h] epoch=32 step=350 total=0.22959 batch=0.14892
2026-05-16 17:56:00,078 INFO CSMF2.step_1_1_1.run :: [lat] epoch=32 step=350 mean_l2=0.01446 std_l2=0.01794
2026-05-16 17:56:00,117 INFO CSMF2.step_1_1_1.run :: epoch=32 step=350/429 train_nll=-3727.402
2026-05-16 17:56:04,323 INFO CSMF2.step_1_1_1.run :: [h] epoch=32 step=400 total=0.22750 batch=0.14529
2026-05-16 17:56:04,324 INFO CSMF2.step_1_1_1.run :: [lat] epoch=32 step=400 mean_l2=0.01415 std_l2=0.01890
2026-05-16 17:56:04,363 INFO CSMF2.step_1_1_1.run :: epoch=32 step=400/429 train_nll=-3728.854
2026-05-16 17:56:08,593 INFO CSMF2.step_1_1_1.run :: epoch=32  train_nll=-3729.896  val_nll=-3735.254  t=41.2s
2026-05-16 17:56:08,593 INFO CSMF2.step_1_1_1.run :: [h_std] total=0.22589 batch=0.14538 (no penalty)
2026-05-16 17:56:08,593 INFO CSMF2.step_1_1_1.run :: [lat_epoch] mean_l2=0.01699 std_l2=0.01982 lambda=1.000
2026-05-16 17:56:08,593 INFO CSMF2.step_1_1_1.run :: [grad] cond=354.5817 film_gain=0.0000
2026-05-16 17:56:15,467 INFO CSMF2.step_1_1_1.run :: [h] epoch=33 step=50 total=0.22979 batch=0.14610
2026-05-16 17:56:15,467 INFO CSMF2.step_1_1_1.run :: [lat] epoch=33 step=50 mean_l2=0.01360 std_l2=0.02003
2026-05-16 17:56:15,507 INFO CSMF2.step_1_1_1.run :: epoch=33 step=50/429 train_nll=-3740.991
2026-05-16 17:56:19,715 INFO CSMF2.step_1_1_1.run :: [h] epoch=33 step=100 total=0.22826 batch=0.14632
2026-05-16 17:56:19,715 INFO CSMF2.step_1_1_1.run :: [lat] epoch=33 step=100 mean_l2=0.01596 std_l2=0.01961
2026-05-16 17:56:19,755 INFO CSMF2.step_1_1_1.run :: epoch=33 step=100/429 train_nll=-3740.465
2026-05-16 17:56:23,963 INFO CSMF2.step_1_1_1.run :: [h] epoch=33 step=150 total=0.22611 batch=0.14468
2026-05-16 17:56:23,963 INFO CSMF2.step_1_1_1.run :: [lat] epoch=33 step=150 mean_l2=0.01422 std_l2=0.01898
2026-05-16 17:56:24,003 INFO CSMF2.step_1_1_1.run :: epoch=33 step=150/429 train_nll=-3739.011
2026-05-16 17:56:28,210 INFO CSMF2.step_1_1_1.run :: [h] epoch=33 step=200 total=0.22106 batch=0.14396
2026-05-16 17:56:28,210 INFO CSMF2.step_1_1_1.run :: [lat] epoch=33 step=200 mean_l2=0.01797 std_l2=0.01846
2026-05-16 17:56:28,250 INFO CSMF2.step_1_1_1.run :: epoch=33 step=200/429 train_nll=-3733.186
2026-05-16 17:56:32,457 INFO CSMF2.step_1_1_1.run :: [h] epoch=33 step=250 total=0.21738 batch=0.14134
2026-05-16 17:56:32,458 INFO CSMF2.step_1_1_1.run :: [lat] epoch=33 step=250 mean_l2=0.01776 std_l2=0.02185
2026-05-16 17:56:32,497 INFO CSMF2.step_1_1_1.run :: epoch=33 step=250/429 train_nll=-3729.838
2026-05-16 17:56:36,705 INFO CSMF2.step_1_1_1.run :: [h] epoch=33 step=300 total=0.22201 batch=0.14573
2026-05-16 17:56:36,705 INFO CSMF2.step_1_1_1.run :: [lat] epoch=33 step=300 mean_l2=0.01412 std_l2=0.01823
2026-05-16 17:56:36,745 INFO CSMF2.step_1_1_1.run :: epoch=33 step=300/429 train_nll=-3729.829
2026-05-16 17:56:40,952 INFO CSMF2.step_1_1_1.run :: [h] epoch=33 step=350 total=0.22601 batch=0.14701
2026-05-16 17:56:40,952 INFO CSMF2.step_1_1_1.run :: [lat] epoch=33 step=350 mean_l2=0.01272 std_l2=0.01858
2026-05-16 17:56:40,991 INFO CSMF2.step_1_1_1.run :: epoch=33 step=350/429 train_nll=-3731.461
2026-05-16 17:56:45,488 INFO CSMF2.step_1_1_1.run :: [h] epoch=33 step=400 total=0.22430 batch=0.14320
2026-05-16 17:56:45,488 INFO CSMF2.step_1_1_1.run :: [lat] epoch=33 step=400 mean_l2=0.01448 std_l2=0.01873
2026-05-16 17:56:45,527 INFO CSMF2.step_1_1_1.run :: epoch=33 step=400/429 train_nll=-3732.659
2026-05-16 17:56:50,010 INFO CSMF2.step_1_1_1.run :: epoch=33  train_nll=-3733.472  val_nll=-3732.148  t=38.7s
2026-05-16 17:56:50,010 INFO CSMF2.step_1_1_1.run :: [h_std] total=0.22414 batch=0.14414 (no penalty)
2026-05-16 17:56:50,010 INFO CSMF2.step_1_1_1.run :: [lat_epoch] mean_l2=0.01634 std_l2=0.01968 lambda=1.000
2026-05-16 17:56:50,010 INFO CSMF2.step_1_1_1.run :: [grad] cond=837.7304 film_gain=0.0000
2026-05-16 17:56:57,284 INFO CSMF2.step_1_1_1.run :: [h] epoch=34 step=50 total=0.22580 batch=0.14391
2026-05-16 17:56:57,284 INFO CSMF2.step_1_1_1.run :: [lat] epoch=34 step=50 mean_l2=0.01260 std_l2=0.01924
2026-05-16 17:56:57,323 INFO CSMF2.step_1_1_1.run :: epoch=34 step=50/429 train_nll=-3740.978
2026-05-16 17:57:01,790 INFO CSMF2.step_1_1_1.run :: [h] epoch=34 step=100 total=0.22578 batch=0.14526
2026-05-16 17:57:01,791 INFO CSMF2.step_1_1_1.run :: [lat] epoch=34 step=100 mean_l2=0.01564 std_l2=0.01866
2026-05-16 17:57:01,830 INFO CSMF2.step_1_1_1.run :: epoch=34 step=100/429 train_nll=-3740.786
2026-05-16 17:57:06,033 INFO CSMF2.step_1_1_1.run :: [h] epoch=34 step=150 total=0.22280 batch=0.14292
2026-05-16 17:57:06,034 INFO CSMF2.step_1_1_1.run :: [lat] epoch=34 step=150 mean_l2=0.01519 std_l2=0.01900
2026-05-16 17:57:06,073 INFO CSMF2.step_1_1_1.run :: epoch=34 step=150/429 train_nll=-3739.976
2026-05-16 17:57:10,276 INFO CSMF2.step_1_1_1.run :: [h] epoch=34 step=200 total=0.22355 batch=0.14391
2026-05-16 17:57:10,276 INFO CSMF2.step_1_1_1.run :: [lat] epoch=34 step=200 mean_l2=0.01554 std_l2=0.01881
2026-05-16 17:57:10,315 INFO CSMF2.step_1_1_1.run :: epoch=34 step=200/429 train_nll=-3740.596
2026-05-16 17:57:14,519 INFO CSMF2.step_1_1_1.run :: [h] epoch=34 step=250 total=0.22252 batch=0.14270
2026-05-16 17:57:14,519 INFO CSMF2.step_1_1_1.run :: [lat] epoch=34 step=250 mean_l2=0.01599 std_l2=0.01657
2026-05-16 17:57:14,558 INFO CSMF2.step_1_1_1.run :: epoch=34 step=250/429 train_nll=-3741.390
2026-05-16 17:57:19,010 INFO CSMF2.step_1_1_1.run :: [h] epoch=34 step=300 total=0.22289 batch=0.14474
2026-05-16 17:57:19,010 INFO CSMF2.step_1_1_1.run :: [lat] epoch=34 step=300 mean_l2=0.01456 std_l2=0.01735
2026-05-16 17:57:19,049 INFO CSMF2.step_1_1_1.run :: epoch=34 step=300/429 train_nll=-3740.974
2026-05-16 17:57:23,666 INFO CSMF2.step_1_1_1.run :: [h] epoch=34 step=350 total=0.22538 batch=0.14548
2026-05-16 17:57:23,666 INFO CSMF2.step_1_1_1.run :: [lat] epoch=34 step=350 mean_l2=0.01344 std_l2=0.02069
2026-05-16 17:57:23,705 INFO CSMF2.step_1_1_1.run :: epoch=34 step=350/429 train_nll=-3741.209
2026-05-16 17:57:28,334 INFO CSMF2.step_1_1_1.run :: [h] epoch=34 step=400 total=0.22269 batch=0.14165
2026-05-16 17:57:28,334 INFO CSMF2.step_1_1_1.run :: [lat] epoch=34 step=400 mean_l2=0.01569 std_l2=0.01829
2026-05-16 17:57:28,373 INFO CSMF2.step_1_1_1.run :: epoch=34 step=400/429 train_nll=-3741.391
2026-05-16 17:57:32,858 INFO CSMF2.step_1_1_1.run :: epoch=34  train_nll=-3741.573  val_nll=-3732.023  t=40.2s
2026-05-16 17:57:32,858 INFO CSMF2.step_1_1_1.run :: [h_std] total=0.22400 batch=0.14324 (no penalty)
2026-05-16 17:57:32,858 INFO CSMF2.step_1_1_1.run :: [lat_epoch] mean_l2=0.01464 std_l2=0.01899 lambda=1.000
2026-05-16 17:57:32,858 INFO CSMF2.step_1_1_1.run :: [grad] cond=814.6087 film_gain=0.0000
2026-05-16 17:57:40,167 INFO CSMF2.step_1_1_1.run :: [h] epoch=35 step=50 total=0.21837 batch=0.14055
2026-05-16 17:57:40,167 INFO CSMF2.step_1_1_1.run :: [lat] epoch=35 step=50 mean_l2=0.01359 std_l2=0.01871
2026-05-16 17:57:40,206 INFO CSMF2.step_1_1_1.run :: epoch=35 step=50/429 train_nll=-3715.660
2026-05-16 17:57:44,771 INFO CSMF2.step_1_1_1.run :: [h] epoch=35 step=100 total=0.21999 batch=0.14276
2026-05-16 17:57:44,772 INFO CSMF2.step_1_1_1.run :: [lat] epoch=35 step=100 mean_l2=0.01479 std_l2=0.01946
2026-05-16 17:57:44,811 INFO CSMF2.step_1_1_1.run :: epoch=35 step=100/429 train_nll=-3725.922
2026-05-16 17:57:49,425 INFO CSMF2.step_1_1_1.run :: [h] epoch=35 step=150 total=0.21824 batch=0.14060
2026-05-16 17:57:49,425 INFO CSMF2.step_1_1_1.run :: [lat] epoch=35 step=150 mean_l2=0.01554 std_l2=0.01967
2026-05-16 17:57:49,464 INFO CSMF2.step_1_1_1.run :: epoch=35 step=150/429 train_nll=-3730.385
2026-05-16 17:57:54,128 INFO CSMF2.step_1_1_1.run :: [h] epoch=35 step=200 total=0.21550 batch=0.14086
2026-05-16 17:57:54,128 INFO CSMF2.step_1_1_1.run :: [lat] epoch=35 step=200 mean_l2=0.01499 std_l2=0.02079
2026-05-16 17:57:54,167 INFO CSMF2.step_1_1_1.run :: epoch=35 step=200/429 train_nll=-3730.092
2026-05-16 17:57:58,997 INFO CSMF2.step_1_1_1.run :: [h] epoch=35 step=250 total=0.21268 batch=0.13789
2026-05-16 17:57:58,997 INFO CSMF2.step_1_1_1.run :: [lat] epoch=35 step=250 mean_l2=0.02771 std_l2=0.01962
2026-05-16 17:57:59,037 INFO CSMF2.step_1_1_1.run :: epoch=35 step=250/429 train_nll=-3728.596
2026-05-16 17:58:03,632 INFO CSMF2.step_1_1_1.run :: [h] epoch=35 step=300 total=0.20639 batch=0.13665
2026-05-16 17:58:03,632 INFO CSMF2.step_1_1_1.run :: [lat] epoch=35 step=300 mean_l2=0.02993 std_l2=0.02291
2026-05-16 17:58:03,672 INFO CSMF2.step_1_1_1.run :: epoch=35 step=300/429 train_nll=-3724.439
2026-05-16 17:58:08,307 INFO CSMF2.step_1_1_1.run :: [h] epoch=35 step=350 total=0.21085 batch=0.13931
2026-05-16 17:58:08,308 INFO CSMF2.step_1_1_1.run :: [lat] epoch=35 step=350 mean_l2=0.02269 std_l2=0.02055
2026-05-16 17:58:08,347 INFO CSMF2.step_1_1_1.run :: epoch=35 step=350/429 train_nll=-3721.829
2026-05-16 17:58:12,975 INFO CSMF2.step_1_1_1.run :: [h] epoch=35 step=400 total=0.20721 batch=0.13438
2026-05-16 17:58:12,975 INFO CSMF2.step_1_1_1.run :: [lat] epoch=35 step=400 mean_l2=0.01855 std_l2=0.01923
2026-05-16 17:58:13,015 INFO CSMF2.step_1_1_1.run :: epoch=35 step=400/429 train_nll=-3720.216
2026-05-16 17:58:17,234 INFO CSMF2.step_1_1_1.run :: epoch=35  train_nll=-3720.785  val_nll=-3729.349  t=41.7s
2026-05-16 17:58:17,235 INFO CSMF2.step_1_1_1.run :: [h_std] total=0.21285 batch=0.13815 (no penalty)
2026-05-16 17:58:17,235 INFO CSMF2.step_1_1_1.run :: [lat_epoch] mean_l2=0.02152 std_l2=0.02097 lambda=1.000
2026-05-16 17:58:17,235 INFO CSMF2.step_1_1_1.run :: [grad] cond=358.5564 film_gain=0.0000
2026-05-16 17:58:24,134 INFO CSMF2.step_1_1_1.run :: [h] epoch=36 step=50 total=0.21168 batch=0.13733
2026-05-16 17:58:24,135 INFO CSMF2.step_1_1_1.run :: [lat] epoch=36 step=50 mean_l2=0.01330 std_l2=0.01735
2026-05-16 17:58:24,174 INFO CSMF2.step_1_1_1.run :: epoch=36 step=50/429 train_nll=-3742.939
2026-05-16 17:58:28,381 INFO CSMF2.step_1_1_1.run :: [h] epoch=36 step=100 total=0.21321 batch=0.13920
2026-05-16 17:58:28,381 INFO CSMF2.step_1_1_1.run :: [lat] epoch=36 step=100 mean_l2=0.01409 std_l2=0.01816
2026-05-16 17:58:28,420 INFO CSMF2.step_1_1_1.run :: epoch=36 step=100/429 train_nll=-3743.759
2026-05-16 17:58:32,754 INFO CSMF2.step_1_1_1.run :: [h] epoch=36 step=150 total=0.21152 batch=0.13781
2026-05-16 17:58:32,754 INFO CSMF2.step_1_1_1.run :: [lat] epoch=36 step=150 mean_l2=0.01171 std_l2=0.01776
2026-05-16 17:58:32,794 INFO CSMF2.step_1_1_1.run :: epoch=36 step=150/429 train_nll=-3744.022
2026-05-16 17:58:37,405 INFO CSMF2.step_1_1_1.run :: [h] epoch=36 step=200 total=0.21334 batch=0.13924
2026-05-16 17:58:37,406 INFO CSMF2.step_1_1_1.run :: [lat] epoch=36 step=200 mean_l2=0.01316 std_l2=0.01818
2026-05-16 17:58:37,445 INFO CSMF2.step_1_1_1.run :: epoch=36 step=200/429 train_nll=-3745.101
2026-05-16 17:58:42,053 INFO CSMF2.step_1_1_1.run :: [h] epoch=36 step=250 total=0.21145 batch=0.13760
2026-05-16 17:58:42,053 INFO CSMF2.step_1_1_1.run :: [lat] epoch=36 step=250 mean_l2=0.01855 std_l2=0.02143
2026-05-16 17:58:42,092 INFO CSMF2.step_1_1_1.run :: epoch=36 step=250/429 train_nll=-3745.531
2026-05-16 17:58:46,807 INFO CSMF2.step_1_1_1.run :: [h] epoch=36 step=300 total=0.21085 batch=0.13936
2026-05-16 17:58:46,807 INFO CSMF2.step_1_1_1.run :: [lat] epoch=36 step=300 mean_l2=0.01357 std_l2=0.01766
2026-05-16 17:58:46,846 INFO CSMF2.step_1_1_1.run :: epoch=36 step=300/429 train_nll=-3742.679
2026-05-16 17:58:51,448 INFO CSMF2.step_1_1_1.run :: [h] epoch=36 step=350 total=0.21369 batch=0.14037
2026-05-16 17:58:51,448 INFO CSMF2.step_1_1_1.run :: [lat] epoch=36 step=350 mean_l2=0.01374 std_l2=0.01922
2026-05-16 17:58:51,487 INFO CSMF2.step_1_1_1.run :: epoch=36 step=350/429 train_nll=-3743.316
2026-05-16 17:58:56,096 INFO CSMF2.step_1_1_1.run :: [h] epoch=36 step=400 total=0.21339 batch=0.13698
2026-05-16 17:58:56,096 INFO CSMF2.step_1_1_1.run :: [lat] epoch=36 step=400 mean_l2=0.01418 std_l2=0.01740
2026-05-16 17:58:56,135 INFO CSMF2.step_1_1_1.run :: epoch=36 step=400/429 train_nll=-3743.680
2026-05-16 17:59:00,601 INFO CSMF2.step_1_1_1.run :: epoch=36  train_nll=-3744.185  val_nll=-3741.218  t=40.7s
2026-05-16 17:59:00,601 INFO CSMF2.step_1_1_1.run :: [h_std] total=0.21191 batch=0.13775 (no penalty)
2026-05-16 17:59:00,601 INFO CSMF2.step_1_1_1.run :: [lat_epoch] mean_l2=0.01409 std_l2=0.01880 lambda=1.000
2026-05-16 17:59:00,601 INFO CSMF2.step_1_1_1.run :: [grad] cond=506.2631 film_gain=0.0000
2026-05-16 17:59:07,907 INFO CSMF2.step_1_1_1.run :: [h] epoch=37 step=50 total=0.21444 batch=0.13764
2026-05-16 17:59:07,907 INFO CSMF2.step_1_1_1.run :: [lat] epoch=37 step=50 mean_l2=0.01447 std_l2=0.01900
2026-05-16 17:59:07,946 INFO CSMF2.step_1_1_1.run :: epoch=37 step=50/429 train_nll=-3749.333
2026-05-16 17:59:12,589 INFO CSMF2.step_1_1_1.run :: [h] epoch=37 step=100 total=0.21448 batch=0.13869
2026-05-16 17:59:12,590 INFO CSMF2.step_1_1_1.run :: [lat] epoch=37 step=100 mean_l2=0.01423 std_l2=0.01955
2026-05-16 17:59:12,629 INFO CSMF2.step_1_1_1.run :: epoch=37 step=100/429 train_nll=-3747.992
2026-05-16 17:59:17,226 INFO CSMF2.step_1_1_1.run :: [h] epoch=37 step=150 total=0.21265 batch=0.13763
2026-05-16 17:59:17,227 INFO CSMF2.step_1_1_1.run :: [lat] epoch=37 step=150 mean_l2=0.01404 std_l2=0.02010
2026-05-16 17:59:17,266 INFO CSMF2.step_1_1_1.run :: epoch=37 step=150/429 train_nll=-3747.175
2026-05-16 17:59:21,920 INFO CSMF2.step_1_1_1.run :: [h] epoch=37 step=200 total=0.21382 batch=0.13848
2026-05-16 17:59:21,920 INFO CSMF2.step_1_1_1.run :: [lat] epoch=37 step=200 mean_l2=0.01406 std_l2=0.02034
2026-05-16 17:59:21,959 INFO CSMF2.step_1_1_1.run :: epoch=37 step=200/429 train_nll=-3747.709
2026-05-16 17:59:26,595 INFO CSMF2.step_1_1_1.run :: [h] epoch=37 step=250 total=0.20729 batch=0.13497
2026-05-16 17:59:26,595 INFO CSMF2.step_1_1_1.run :: [lat] epoch=37 step=250 mean_l2=0.01540 std_l2=0.01827
2026-05-16 17:59:26,635 INFO CSMF2.step_1_1_1.run :: epoch=37 step=250/429 train_nll=-3746.046
2026-05-16 17:59:31,242 INFO CSMF2.step_1_1_1.run :: [h] epoch=37 step=300 total=0.21158 batch=0.13820
2026-05-16 17:59:31,243 INFO CSMF2.step_1_1_1.run :: [lat] epoch=37 step=300 mean_l2=0.01474 std_l2=0.01860
2026-05-16 17:59:31,282 INFO CSMF2.step_1_1_1.run :: epoch=37 step=300/429 train_nll=-3745.473
2026-05-16 17:59:35,897 INFO CSMF2.step_1_1_1.run :: [h] epoch=37 step=350 total=0.21358 batch=0.13894
2026-05-16 17:59:35,897 INFO CSMF2.step_1_1_1.run :: [lat] epoch=37 step=350 mean_l2=0.01272 std_l2=0.01794
2026-05-16 17:59:35,936 INFO CSMF2.step_1_1_1.run :: epoch=37 step=350/429 train_nll=-3746.028
2026-05-16 17:59:40,568 INFO CSMF2.step_1_1_1.run :: [h] epoch=37 step=400 total=0.21259 batch=0.13581
2026-05-16 17:59:40,568 INFO CSMF2.step_1_1_1.run :: [lat] epoch=37 step=400 mean_l2=0.01560 std_l2=0.01902
2026-05-16 17:59:40,607 INFO CSMF2.step_1_1_1.run :: epoch=37 step=400/429 train_nll=-3746.293
2026-05-16 17:59:45,105 INFO CSMF2.step_1_1_1.run :: epoch=37  train_nll=-3746.577  val_nll=-3738.565  t=41.9s
2026-05-16 17:59:45,105 INFO CSMF2.step_1_1_1.run :: [h_std] total=0.21259 batch=0.13715 (no penalty)
2026-05-16 17:59:45,105 INFO CSMF2.step_1_1_1.run :: [lat_epoch] mean_l2=0.01449 std_l2=0.01879 lambda=1.000
2026-05-16 17:59:45,105 INFO CSMF2.step_1_1_1.run :: [grad] cond=657.6041 film_gain=0.0000
2026-05-16 17:59:52,390 INFO CSMF2.step_1_1_1.run :: [h] epoch=38 step=50 total=0.20945 batch=0.13376
2026-05-16 17:59:52,390 INFO CSMF2.step_1_1_1.run :: [lat] epoch=38 step=50 mean_l2=0.02281 std_l2=0.01908
2026-05-16 17:59:52,430 INFO CSMF2.step_1_1_1.run :: epoch=38 step=50/429 train_nll=-3734.949
2026-05-16 17:59:56,635 INFO CSMF2.step_1_1_1.run :: [h] epoch=38 step=100 total=0.21015 batch=0.13684
2026-05-16 17:59:56,635 INFO CSMF2.step_1_1_1.run :: [lat] epoch=38 step=100 mean_l2=0.01314 std_l2=0.01798
2026-05-16 17:59:56,675 INFO CSMF2.step_1_1_1.run :: epoch=38 step=100/429 train_nll=-3736.892
2026-05-16 18:00:00,888 INFO CSMF2.step_1_1_1.run :: [h] epoch=38 step=150 total=0.20940 batch=0.13611
2026-05-16 18:00:00,888 INFO CSMF2.step_1_1_1.run :: [lat] epoch=38 step=150 mean_l2=0.01408 std_l2=0.01736
2026-05-16 18:00:00,927 INFO CSMF2.step_1_1_1.run :: epoch=38 step=150/429 train_nll=-3740.128
2026-05-16 18:00:05,135 INFO CSMF2.step_1_1_1.run :: [h] epoch=38 step=200 total=0.21082 batch=0.13740
2026-05-16 18:00:05,135 INFO CSMF2.step_1_1_1.run :: [lat] epoch=38 step=200 mean_l2=0.01495 std_l2=0.01732
2026-05-16 18:00:05,175 INFO CSMF2.step_1_1_1.run :: epoch=38 step=200/429 train_nll=-3742.587
2026-05-16 18:00:09,403 INFO CSMF2.step_1_1_1.run :: [h] epoch=38 step=250 total=0.20893 batch=0.13516
2026-05-16 18:00:09,403 INFO CSMF2.step_1_1_1.run :: [lat] epoch=38 step=250 mean_l2=0.01409 std_l2=0.01838
2026-05-16 18:00:09,442 INFO CSMF2.step_1_1_1.run :: epoch=38 step=250/429 train_nll=-3744.010
2026-05-16 18:00:13,655 INFO CSMF2.step_1_1_1.run :: [h] epoch=38 step=300 total=0.21157 batch=0.13771
2026-05-16 18:00:13,655 INFO CSMF2.step_1_1_1.run :: [lat] epoch=38 step=300 mean_l2=0.01354 std_l2=0.01922
2026-05-16 18:00:13,703 INFO CSMF2.step_1_1_1.run :: epoch=38 step=300/429 train_nll=-3744.107
2026-05-16 18:00:17,912 INFO CSMF2.step_1_1_1.run :: [h] epoch=38 step=350 total=0.21215 batch=0.13771
2026-05-16 18:00:17,913 INFO CSMF2.step_1_1_1.run :: [lat] epoch=38 step=350 mean_l2=0.01498 std_l2=0.02101
2026-05-16 18:00:17,952 INFO CSMF2.step_1_1_1.run :: epoch=38 step=350/429 train_nll=-3745.087
2026-05-16 18:00:22,160 INFO CSMF2.step_1_1_1.run :: [h] epoch=38 step=400 total=0.20433 batch=0.13160
2026-05-16 18:00:22,160 INFO CSMF2.step_1_1_1.run :: [lat] epoch=38 step=400 mean_l2=0.01953 std_l2=0.02127
2026-05-16 18:00:22,200 INFO CSMF2.step_1_1_1.run :: epoch=38 step=400/429 train_nll=-3744.325
2026-05-16 18:00:26,597 INFO CSMF2.step_1_1_1.run :: epoch=38  train_nll=-3744.630  val_nll=-3739.841  t=38.8s
2026-05-16 18:00:26,597 INFO CSMF2.step_1_1_1.run :: [h_std] total=0.20974 batch=0.13537 (no penalty)
2026-05-16 18:00:26,597 INFO CSMF2.step_1_1_1.run :: [lat_epoch] mean_l2=0.01537 std_l2=0.01899 lambda=1.000
2026-05-16 18:00:26,597 INFO CSMF2.step_1_1_1.run :: [grad] cond=513.2758 film_gain=0.0000
2026-05-16 18:00:33,891 INFO CSMF2.step_1_1_1.run :: [h] epoch=39 step=50 total=0.19956 batch=0.12904
2026-05-16 18:00:33,891 INFO CSMF2.step_1_1_1.run :: [lat] epoch=39 step=50 mean_l2=0.02469 std_l2=0.02610
2026-05-16 18:00:33,931 INFO CSMF2.step_1_1_1.run :: epoch=39 step=50/429 train_nll=-3730.385
2026-05-16 18:00:38,545 INFO CSMF2.step_1_1_1.run :: [h] epoch=39 step=100 total=0.20424 batch=0.13395
2026-05-16 18:00:38,546 INFO CSMF2.step_1_1_1.run :: [lat] epoch=39 step=100 mean_l2=0.01412 std_l2=0.01718
2026-05-16 18:00:38,585 INFO CSMF2.step_1_1_1.run :: epoch=39 step=100/429 train_nll=-3729.264
2026-05-16 18:00:43,225 INFO CSMF2.step_1_1_1.run :: [h] epoch=39 step=150 total=0.20485 batch=0.13361
2026-05-16 18:00:43,225 INFO CSMF2.step_1_1_1.run :: [lat] epoch=39 step=150 mean_l2=0.01281 std_l2=0.01723
2026-05-16 18:00:43,265 INFO CSMF2.step_1_1_1.run :: epoch=39 step=150/429 train_nll=-3735.037
2026-05-16 18:00:47,870 INFO CSMF2.step_1_1_1.run :: [h] epoch=39 step=200 total=0.20746 batch=0.13530
2026-05-16 18:00:47,870 INFO CSMF2.step_1_1_1.run :: [lat] epoch=39 step=200 mean_l2=0.01326 std_l2=0.02133
2026-05-16 18:00:47,910 INFO CSMF2.step_1_1_1.run :: epoch=39 step=200/429 train_nll=-3739.259
2026-05-16 18:00:52,545 INFO CSMF2.step_1_1_1.run :: [h] epoch=39 step=250 total=0.20571 batch=0.13332
2026-05-16 18:00:52,546 INFO CSMF2.step_1_1_1.run :: [lat] epoch=39 step=250 mean_l2=0.01403 std_l2=0.01738
2026-05-16 18:00:52,585 INFO CSMF2.step_1_1_1.run :: epoch=39 step=250/429 train_nll=-3742.115
2026-05-16 18:00:57,222 INFO CSMF2.step_1_1_1.run :: [h] epoch=39 step=300 total=0.20843 batch=0.13637
2026-05-16 18:00:57,223 INFO CSMF2.step_1_1_1.run :: [lat] epoch=39 step=300 mean_l2=0.01286 std_l2=0.01930
2026-05-16 18:00:57,262 INFO CSMF2.step_1_1_1.run :: epoch=39 step=300/429 train_nll=-3743.171
2026-05-16 18:01:01,888 INFO CSMF2.step_1_1_1.run :: [h] epoch=39 step=350 total=0.20852 batch=0.13571
2026-05-16 18:01:01,888 INFO CSMF2.step_1_1_1.run :: [lat] epoch=39 step=350 mean_l2=0.01832 std_l2=0.02093
2026-05-16 18:01:01,928 INFO CSMF2.step_1_1_1.run :: epoch=39 step=350/429 train_nll=-3743.956
2026-05-16 18:01:06,544 INFO CSMF2.step_1_1_1.run :: [h] epoch=39 step=400 total=0.20658 batch=0.13247
2026-05-16 18:01:06,545 INFO CSMF2.step_1_1_1.run :: [lat] epoch=39 step=400 mean_l2=0.01485 std_l2=0.01788
2026-05-16 18:01:06,584 INFO CSMF2.step_1_1_1.run :: epoch=39 step=400/429 train_nll=-3744.713
2026-05-16 18:01:11,070 INFO CSMF2.step_1_1_1.run :: epoch=39  train_nll=-3745.053  val_nll=-3736.907  t=41.8s
2026-05-16 18:01:11,070 INFO CSMF2.step_1_1_1.run :: [h_std] total=0.20630 batch=0.13368 (no penalty)
2026-05-16 18:01:11,070 INFO CSMF2.step_1_1_1.run :: [lat_epoch] mean_l2=0.01564 std_l2=0.01912 lambda=1.000
2026-05-16 18:01:11,070 INFO CSMF2.step_1_1_1.run :: [grad] cond=1755.0190 film_gain=0.0000
2026-05-16 18:01:18,390 INFO CSMF2.step_1_1_1.run :: [h] epoch=40 step=50 total=0.20377 batch=0.13156
2026-05-16 18:01:18,391 INFO CSMF2.step_1_1_1.run :: [lat] epoch=40 step=50 mean_l2=0.01419 std_l2=0.01957
2026-05-16 18:01:18,430 INFO CSMF2.step_1_1_1.run :: epoch=40 step=50/429 train_nll=-3729.251
2026-05-16 18:01:23,042 INFO CSMF2.step_1_1_1.run :: [h] epoch=40 step=100 total=0.20593 batch=0.13363
2026-05-16 18:01:23,042 INFO CSMF2.step_1_1_1.run :: [lat] epoch=40 step=100 mean_l2=0.01278 std_l2=0.01721
2026-05-16 18:01:23,081 INFO CSMF2.step_1_1_1.run :: epoch=40 step=100/429 train_nll=-3738.359
2026-05-16 18:01:27,674 INFO CSMF2.step_1_1_1.run :: [h] epoch=40 step=150 total=0.20457 batch=0.13233
2026-05-16 18:01:27,675 INFO CSMF2.step_1_1_1.run :: [lat] epoch=40 step=150 mean_l2=0.01273 std_l2=0.01939
2026-05-16 18:01:27,714 INFO CSMF2.step_1_1_1.run :: epoch=40 step=150/429 train_nll=-3742.127
2026-05-16 18:01:32,333 INFO CSMF2.step_1_1_1.run :: [h] epoch=40 step=200 total=0.20534 batch=0.13313
2026-05-16 18:01:32,333 INFO CSMF2.step_1_1_1.run :: [lat] epoch=40 step=200 mean_l2=0.01501 std_l2=0.01988
2026-05-16 18:01:32,372 INFO CSMF2.step_1_1_1.run :: epoch=40 step=200/429 train_nll=-3744.260
2026-05-16 18:01:37,023 INFO CSMF2.step_1_1_1.run :: [h] epoch=40 step=250 total=0.20439 batch=0.13144
2026-05-16 18:01:37,023 INFO CSMF2.step_1_1_1.run :: [lat] epoch=40 step=250 mean_l2=0.01292 std_l2=0.01924
2026-05-16 18:01:37,062 INFO CSMF2.step_1_1_1.run :: epoch=40 step=250/429 train_nll=-3746.072
2026-05-16 18:01:41,675 INFO CSMF2.step_1_1_1.run :: [h] epoch=40 step=300 total=0.20658 batch=0.13413
2026-05-16 18:01:41,676 INFO CSMF2.step_1_1_1.run :: [lat] epoch=40 step=300 mean_l2=0.01581 std_l2=0.01888
2026-05-16 18:01:41,715 INFO CSMF2.step_1_1_1.run :: epoch=40 step=300/429 train_nll=-3746.427
2026-05-16 18:01:46,363 INFO CSMF2.step_1_1_1.run :: [h] epoch=40 step=350 total=0.20728 batch=0.13410
2026-05-16 18:01:46,364 INFO CSMF2.step_1_1_1.run :: [lat] epoch=40 step=350 mean_l2=0.01411 std_l2=0.01932
2026-05-16 18:01:46,403 INFO CSMF2.step_1_1_1.run :: epoch=40 step=350/429 train_nll=-3747.451
2026-05-16 18:01:51,011 INFO CSMF2.step_1_1_1.run :: [h] epoch=40 step=400 total=0.20496 batch=0.13076
2026-05-16 18:01:51,011 INFO CSMF2.step_1_1_1.run :: [lat] epoch=40 step=400 mean_l2=0.01480 std_l2=0.01849
2026-05-16 18:01:51,051 INFO CSMF2.step_1_1_1.run :: epoch=40 step=400/429 train_nll=-3748.122
2026-05-16 18:01:55,509 INFO CSMF2.step_1_1_1.run :: epoch=40  train_nll=-3748.637  val_nll=-3745.078  t=41.7s
2026-05-16 18:01:55,509 INFO CSMF2.step_1_1_1.run :: [h_std] total=0.20499 batch=0.13196 (no penalty)
2026-05-16 18:01:55,510 INFO CSMF2.step_1_1_1.run :: [lat_epoch] mean_l2=0.01502 std_l2=0.01900 lambda=1.000
2026-05-16 18:01:55,510 INFO CSMF2.step_1_1_1.run :: [grad] cond=379.7371 film_gain=0.0000
2026-05-16 18:02:02,835 INFO CSMF2.step_1_1_1.run :: [h] epoch=41 step=50 total=0.19802 batch=0.12778
2026-05-16 18:02:02,835 INFO CSMF2.step_1_1_1.run :: [lat] epoch=41 step=50 mean_l2=0.01730 std_l2=0.01995
2026-05-16 18:02:02,874 INFO CSMF2.step_1_1_1.run :: epoch=41 step=50/429 train_nll=-3735.498
2026-05-16 18:02:07,479 INFO CSMF2.step_1_1_1.run :: [h] epoch=41 step=100 total=0.20077 batch=0.13011
2026-05-16 18:02:07,479 INFO CSMF2.step_1_1_1.run :: [lat] epoch=41 step=100 mean_l2=0.01979 std_l2=0.01697
2026-05-16 18:02:07,519 INFO CSMF2.step_1_1_1.run :: epoch=41 step=100/429 train_nll=-3738.405
2026-05-16 18:02:11,731 INFO CSMF2.step_1_1_1.run :: [h] epoch=41 step=150 total=0.19597 batch=0.12874
2026-05-16 18:02:11,731 INFO CSMF2.step_1_1_1.run :: [lat] epoch=41 step=150 mean_l2=0.02448 std_l2=0.02385
2026-05-16 18:02:11,770 INFO CSMF2.step_1_1_1.run :: epoch=41 step=150/429 train_nll=-3735.857
2026-05-16 18:02:15,978 INFO CSMF2.step_1_1_1.run :: [h] epoch=41 step=200 total=0.19769 batch=0.13022
2026-05-16 18:02:15,978 INFO CSMF2.step_1_1_1.run :: [lat] epoch=41 step=200 mean_l2=0.01446 std_l2=0.01981
2026-05-16 18:02:16,017 INFO CSMF2.step_1_1_1.run :: epoch=41 step=200/429 train_nll=-3736.138
2026-05-16 18:02:20,223 INFO CSMF2.step_1_1_1.run :: [h] epoch=41 step=250 total=0.19781 batch=0.12861
2026-05-16 18:02:20,223 INFO CSMF2.step_1_1_1.run :: [lat] epoch=41 step=250 mean_l2=0.01713 std_l2=0.02026
2026-05-16 18:02:20,262 INFO CSMF2.step_1_1_1.run :: epoch=41 step=250/429 train_nll=-3737.954
2026-05-16 18:02:24,925 INFO CSMF2.step_1_1_1.run :: [h] epoch=41 step=300 total=0.19412 batch=0.12635
2026-05-16 18:02:24,925 INFO CSMF2.step_1_1_1.run :: [lat] epoch=41 step=300 mean_l2=0.02766 std_l2=0.02403
2026-05-16 18:02:24,964 INFO CSMF2.step_1_1_1.run :: epoch=41 step=300/429 train_nll=-3738.204
2026-05-16 18:02:29,557 INFO CSMF2.step_1_1_1.run :: [h] epoch=41 step=350 total=0.20020 batch=0.13127
2026-05-16 18:02:29,557 INFO CSMF2.step_1_1_1.run :: [lat] epoch=41 step=350 mean_l2=0.01315 std_l2=0.01952
2026-05-16 18:02:29,597 INFO CSMF2.step_1_1_1.run :: epoch=41 step=350/429 train_nll=-3739.127
2026-05-16 18:02:33,801 INFO CSMF2.step_1_1_1.run :: [h] epoch=41 step=400 total=0.20085 batch=0.12904
2026-05-16 18:02:33,802 INFO CSMF2.step_1_1_1.run :: [lat] epoch=41 step=400 mean_l2=0.01425 std_l2=0.01747
2026-05-16 18:02:33,841 INFO CSMF2.step_1_1_1.run :: epoch=41 step=400/429 train_nll=-3741.101
2026-05-16 18:02:38,067 INFO CSMF2.step_1_1_1.run :: epoch=41  train_nll=-3742.275  val_nll=-3746.825  t=39.9s
2026-05-16 18:02:38,067 INFO CSMF2.step_1_1_1.run :: [h_std] total=0.19873 batch=0.12908 (no penalty)
2026-05-16 18:02:38,068 INFO CSMF2.step_1_1_1.run :: [lat_epoch] mean_l2=0.01730 std_l2=0.01937 lambda=1.000
2026-05-16 18:02:38,068 INFO CSMF2.step_1_1_1.run :: [grad] cond=603.6386 film_gain=0.0000
2026-05-16 18:02:44,948 INFO CSMF2.step_1_1_1.run :: [h] epoch=42 step=50 total=0.20051 batch=0.12942
2026-05-16 18:02:44,948 INFO CSMF2.step_1_1_1.run :: [lat] epoch=42 step=50 mean_l2=0.01420 std_l2=0.01784
2026-05-16 18:02:44,988 INFO CSMF2.step_1_1_1.run :: epoch=42 step=50/429 train_nll=-3755.879
2026-05-16 18:02:49,192 INFO CSMF2.step_1_1_1.run :: [h] epoch=42 step=100 total=0.20087 batch=0.13004
2026-05-16 18:02:49,193 INFO CSMF2.step_1_1_1.run :: [lat] epoch=42 step=100 mean_l2=0.01346 std_l2=0.01949
2026-05-16 18:02:49,232 INFO CSMF2.step_1_1_1.run :: epoch=42 step=100/429 train_nll=-3754.624
2026-05-16 18:02:53,664 INFO CSMF2.step_1_1_1.run :: [h] epoch=42 step=150 total=0.19999 batch=0.12917
2026-05-16 18:02:53,665 INFO CSMF2.step_1_1_1.run :: [lat] epoch=42 step=150 mean_l2=0.01381 std_l2=0.01632
2026-05-16 18:02:53,704 INFO CSMF2.step_1_1_1.run :: epoch=42 step=150/429 train_nll=-3753.544
2026-05-16 18:02:58,346 INFO CSMF2.step_1_1_1.run :: [h] epoch=42 step=200 total=0.20055 batch=0.13026
2026-05-16 18:02:58,346 INFO CSMF2.step_1_1_1.run :: [lat] epoch=42 step=200 mean_l2=0.01356 std_l2=0.01905
2026-05-16 18:02:58,386 INFO CSMF2.step_1_1_1.run :: epoch=42 step=200/429 train_nll=-3754.003
2026-05-16 18:03:02,996 INFO CSMF2.step_1_1_1.run :: [h] epoch=42 step=250 total=0.19926 batch=0.12881
2026-05-16 18:03:02,996 INFO CSMF2.step_1_1_1.run :: [lat] epoch=42 step=250 mean_l2=0.01192 std_l2=0.01717
2026-05-16 18:03:03,036 INFO CSMF2.step_1_1_1.run :: epoch=42 step=250/429 train_nll=-3754.891
2026-05-16 18:03:07,643 INFO CSMF2.step_1_1_1.run :: [h] epoch=42 step=300 total=0.20203 batch=0.13122
2026-05-16 18:03:07,643 INFO CSMF2.step_1_1_1.run :: [lat] epoch=42 step=300 mean_l2=0.01476 std_l2=0.01812
2026-05-16 18:03:07,683 INFO CSMF2.step_1_1_1.run :: epoch=42 step=300/429 train_nll=-3754.577
2026-05-16 18:03:12,312 INFO CSMF2.step_1_1_1.run :: [h] epoch=42 step=350 total=0.20271 batch=0.13081
2026-05-16 18:03:12,312 INFO CSMF2.step_1_1_1.run :: [lat] epoch=42 step=350 mean_l2=0.01352 std_l2=0.01943
2026-05-16 18:03:12,352 INFO CSMF2.step_1_1_1.run :: epoch=42 step=350/429 train_nll=-3754.625
2026-05-16 18:03:16,555 INFO CSMF2.step_1_1_1.run :: [h] epoch=42 step=400 total=0.19899 batch=0.12686
2026-05-16 18:03:16,555 INFO CSMF2.step_1_1_1.run :: [lat] epoch=42 step=400 mean_l2=0.01433 std_l2=0.01982
2026-05-16 18:03:16,595 INFO CSMF2.step_1_1_1.run :: epoch=42 step=400/429 train_nll=-3754.406
2026-05-16 18:03:20,818 INFO CSMF2.step_1_1_1.run :: epoch=42  train_nll=-3753.201  val_nll=-3725.406  t=40.1s
2026-05-16 18:03:20,818 INFO CSMF2.step_1_1_1.run :: [h_std] total=0.20002 batch=0.12892 (no penalty)
2026-05-16 18:03:20,818 INFO CSMF2.step_1_1_1.run :: [lat_epoch] mean_l2=0.01431 std_l2=0.01865 lambda=1.000
2026-05-16 18:03:20,818 INFO CSMF2.step_1_1_1.run :: [grad] cond=799.5496 film_gain=0.0000
2026-05-16 18:03:27,689 INFO CSMF2.step_1_1_1.run :: [h] epoch=43 step=50 total=0.19395 batch=0.12629
2026-05-16 18:03:27,690 INFO CSMF2.step_1_1_1.run :: [lat] epoch=43 step=50 mean_l2=0.01762 std_l2=0.01874
2026-05-16 18:03:27,729 INFO CSMF2.step_1_1_1.run :: epoch=43 step=50/429 train_nll=-3733.899
2026-05-16 18:03:31,933 INFO CSMF2.step_1_1_1.run :: [h] epoch=43 step=100 total=0.19841 batch=0.12939
2026-05-16 18:03:31,933 INFO CSMF2.step_1_1_1.run :: [lat] epoch=43 step=100 mean_l2=0.01263 std_l2=0.01775
2026-05-16 18:03:31,972 INFO CSMF2.step_1_1_1.run :: epoch=43 step=100/429 train_nll=-3743.268
2026-05-16 18:03:36,178 INFO CSMF2.step_1_1_1.run :: [h] epoch=43 step=150 total=0.19638 batch=0.12759
2026-05-16 18:03:36,178 INFO CSMF2.step_1_1_1.run :: [lat] epoch=43 step=150 mean_l2=0.01326 std_l2=0.01926
2026-05-16 18:03:36,218 INFO CSMF2.step_1_1_1.run :: epoch=43 step=150/429 train_nll=-3746.816
2026-05-16 18:03:40,426 INFO CSMF2.step_1_1_1.run :: [h] epoch=43 step=200 total=0.19727 batch=0.12860
2026-05-16 18:03:40,426 INFO CSMF2.step_1_1_1.run :: [lat] epoch=43 step=200 mean_l2=0.01549 std_l2=0.01918
2026-05-16 18:03:40,465 INFO CSMF2.step_1_1_1.run :: epoch=43 step=200/429 train_nll=-3748.745
2026-05-16 18:03:44,672 INFO CSMF2.step_1_1_1.run :: [h] epoch=43 step=250 total=0.19723 batch=0.12780
2026-05-16 18:03:44,672 INFO CSMF2.step_1_1_1.run :: [lat] epoch=43 step=250 mean_l2=0.01369 std_l2=0.01734
2026-05-16 18:03:44,711 INFO CSMF2.step_1_1_1.run :: epoch=43 step=250/429 train_nll=-3750.672
2026-05-16 18:03:48,922 INFO CSMF2.step_1_1_1.run :: [h] epoch=43 step=300 total=0.19855 batch=0.12909
2026-05-16 18:03:48,922 INFO CSMF2.step_1_1_1.run :: [lat] epoch=43 step=300 mean_l2=0.01469 std_l2=0.01772
2026-05-16 18:03:48,962 INFO CSMF2.step_1_1_1.run :: epoch=43 step=300/429 train_nll=-3751.373
2026-05-16 18:03:53,168 INFO CSMF2.step_1_1_1.run :: [h] epoch=43 step=350 total=0.19787 batch=0.12785
2026-05-16 18:03:53,168 INFO CSMF2.step_1_1_1.run :: [lat] epoch=43 step=350 mean_l2=0.02948 std_l2=0.02117
2026-05-16 18:03:53,207 INFO CSMF2.step_1_1_1.run :: epoch=43 step=350/429 train_nll=-3751.103
2026-05-16 18:03:57,414 INFO CSMF2.step_1_1_1.run :: [h] epoch=43 step=400 total=0.19255 batch=0.12395
2026-05-16 18:03:57,414 INFO CSMF2.step_1_1_1.run :: [lat] epoch=43 step=400 mean_l2=0.01623 std_l2=0.01831
2026-05-16 18:03:57,453 INFO CSMF2.step_1_1_1.run :: epoch=43 step=400/429 train_nll=-3748.698
2026-05-16 18:04:01,683 INFO CSMF2.step_1_1_1.run :: epoch=43  train_nll=-3748.219  val_nll=-3725.232  t=38.2s
2026-05-16 18:04:01,683 INFO CSMF2.step_1_1_1.run :: [h_std] total=0.19576 batch=0.12675 (no penalty)
2026-05-16 18:04:01,683 INFO CSMF2.step_1_1_1.run :: [lat_epoch] mean_l2=0.01648 std_l2=0.01911 lambda=1.000
2026-05-16 18:04:01,683 INFO CSMF2.step_1_1_1.run :: [grad] cond=1161.2457 film_gain=0.0000
2026-05-16 18:04:09,017 INFO CSMF2.step_1_1_1.run :: [h] epoch=44 step=50 total=0.18817 batch=0.12329
2026-05-16 18:04:09,017 INFO CSMF2.step_1_1_1.run :: [lat] epoch=44 step=50 mean_l2=0.02162 std_l2=0.02031
2026-05-16 18:04:09,056 INFO CSMF2.step_1_1_1.run :: epoch=44 step=50/429 train_nll=-3730.646
2026-05-16 18:04:13,669 INFO CSMF2.step_1_1_1.run :: [h] epoch=44 step=100 total=0.19195 batch=0.12605
2026-05-16 18:04:13,669 INFO CSMF2.step_1_1_1.run :: [lat] epoch=44 step=100 mean_l2=0.01394 std_l2=0.01794
2026-05-16 18:04:13,708 INFO CSMF2.step_1_1_1.run :: epoch=44 step=100/429 train_nll=-3737.506
2026-05-16 18:04:18,312 INFO CSMF2.step_1_1_1.run :: [h] epoch=44 step=150 total=0.19257 batch=0.12580
2026-05-16 18:04:18,312 INFO CSMF2.step_1_1_1.run :: [lat] epoch=44 step=150 mean_l2=0.01287 std_l2=0.01849
2026-05-16 18:04:18,352 INFO CSMF2.step_1_1_1.run :: epoch=44 step=150/429 train_nll=-3743.144
2026-05-16 18:04:22,939 INFO CSMF2.step_1_1_1.run :: [h] epoch=44 step=200 total=0.19454 batch=0.12724
2026-05-16 18:04:22,939 INFO CSMF2.step_1_1_1.run :: [lat] epoch=44 step=200 mean_l2=0.01380 std_l2=0.01700
2026-05-16 18:04:22,979 INFO CSMF2.step_1_1_1.run :: epoch=44 step=200/429 train_nll=-3746.905
2026-05-16 18:04:27,592 INFO CSMF2.step_1_1_1.run :: [h] epoch=44 step=250 total=0.19018 batch=0.12478
2026-05-16 18:04:27,592 INFO CSMF2.step_1_1_1.run :: [lat] epoch=44 step=250 mean_l2=0.01787 std_l2=0.02091
2026-05-16 18:04:27,632 INFO CSMF2.step_1_1_1.run :: epoch=44 step=250/429 train_nll=-3747.673
2026-05-16 18:04:32,286 INFO CSMF2.step_1_1_1.run :: [h] epoch=44 step=300 total=0.19226 batch=0.12608
2026-05-16 18:04:32,286 INFO CSMF2.step_1_1_1.run :: [lat] epoch=44 step=300 mean_l2=0.03054 std_l2=0.02147
2026-05-16 18:04:32,326 INFO CSMF2.step_1_1_1.run :: epoch=44 step=300/429 train_nll=-3747.560
2026-05-16 18:04:36,948 INFO CSMF2.step_1_1_1.run :: [h] epoch=44 step=350 total=0.19084 batch=0.12514
2026-05-16 18:04:36,948 INFO CSMF2.step_1_1_1.run :: [lat] epoch=44 step=350 mean_l2=0.01777 std_l2=0.02411
2026-05-16 18:04:36,988 INFO CSMF2.step_1_1_1.run :: epoch=44 step=350/429 train_nll=-3746.271
2026-05-16 18:04:41,611 INFO CSMF2.step_1_1_1.run :: [h] epoch=44 step=400 total=0.19230 batch=0.12375
2026-05-16 18:04:41,611 INFO CSMF2.step_1_1_1.run :: [lat] epoch=44 step=400 mean_l2=0.01381 std_l2=0.01791
2026-05-16 18:04:41,651 INFO CSMF2.step_1_1_1.run :: epoch=44 step=400/429 train_nll=-3747.305
2026-05-16 18:04:46,132 INFO CSMF2.step_1_1_1.run :: epoch=44  train_nll=-3748.258  val_nll=-3748.392  t=41.7s
2026-05-16 18:04:46,132 INFO CSMF2.step_1_1_1.run :: [h_std] total=0.19141 batch=0.12477 (no penalty)
2026-05-16 18:04:46,132 INFO CSMF2.step_1_1_1.run :: [lat_epoch] mean_l2=0.01628 std_l2=0.01923 lambda=1.000
2026-05-16 18:04:46,132 INFO CSMF2.step_1_1_1.run :: [grad] cond=792.5935 film_gain=0.0000
2026-05-16 18:04:53,399 INFO CSMF2.step_1_1_1.run :: [h] epoch=45 step=50 total=0.19468 batch=0.12565
2026-05-16 18:04:53,399 INFO CSMF2.step_1_1_1.run :: [lat] epoch=45 step=50 mean_l2=0.01660 std_l2=0.01970
2026-05-16 18:04:53,439 INFO CSMF2.step_1_1_1.run :: epoch=45 step=50/429 train_nll=-3759.804
2026-05-16 18:04:58,044 INFO CSMF2.step_1_1_1.run :: [h] epoch=45 step=100 total=0.18692 batch=0.12324
2026-05-16 18:04:58,044 INFO CSMF2.step_1_1_1.run :: [lat] epoch=45 step=100 mean_l2=0.01933 std_l2=0.02076
2026-05-16 18:04:58,084 INFO CSMF2.step_1_1_1.run :: epoch=45 step=100/429 train_nll=-3748.921
2026-05-16 18:05:02,712 INFO CSMF2.step_1_1_1.run :: [h] epoch=45 step=150 total=0.18602 batch=0.12128
2026-05-16 18:05:02,712 INFO CSMF2.step_1_1_1.run :: [lat] epoch=45 step=150 mean_l2=0.01741 std_l2=0.01882
2026-05-16 18:05:02,752 INFO CSMF2.step_1_1_1.run :: epoch=45 step=150/429 train_nll=-3743.930
2026-05-16 18:05:07,380 INFO CSMF2.step_1_1_1.run :: [h] epoch=45 step=200 total=0.18902 batch=0.12440
2026-05-16 18:05:07,380 INFO CSMF2.step_1_1_1.run :: [lat] epoch=45 step=200 mean_l2=0.01214 std_l2=0.01747
2026-05-16 18:05:07,419 INFO CSMF2.step_1_1_1.run :: epoch=45 step=200/429 train_nll=-3744.544
2026-05-16 18:05:12,032 INFO CSMF2.step_1_1_1.run :: [h] epoch=45 step=250 total=0.18954 batch=0.12356
2026-05-16 18:05:12,032 INFO CSMF2.step_1_1_1.run :: [lat] epoch=45 step=250 mean_l2=0.01213 std_l2=0.01724
2026-05-16 18:05:12,071 INFO CSMF2.step_1_1_1.run :: epoch=45 step=250/429 train_nll=-3747.898
2026-05-16 18:05:16,686 INFO CSMF2.step_1_1_1.run :: [h] epoch=45 step=300 total=0.19093 batch=0.12583
2026-05-16 18:05:16,686 INFO CSMF2.step_1_1_1.run :: [lat] epoch=45 step=300 mean_l2=0.01333 std_l2=0.01843
2026-05-16 18:05:16,725 INFO CSMF2.step_1_1_1.run :: epoch=45 step=300/429 train_nll=-3748.953
2026-05-16 18:05:21,351 INFO CSMF2.step_1_1_1.run :: [h] epoch=45 step=350 total=0.19232 batch=0.12583
2026-05-16 18:05:21,351 INFO CSMF2.step_1_1_1.run :: [lat] epoch=45 step=350 mean_l2=0.01334 std_l2=0.01980
2026-05-16 18:05:21,391 INFO CSMF2.step_1_1_1.run :: epoch=45 step=350/429 train_nll=-3750.623
2026-05-16 18:05:25,975 INFO CSMF2.step_1_1_1.run :: [h] epoch=45 step=400 total=0.19135 batch=0.12294
2026-05-16 18:05:25,976 INFO CSMF2.step_1_1_1.run :: [lat] epoch=45 step=400 mean_l2=0.01418 std_l2=0.02003
2026-05-16 18:05:26,015 INFO CSMF2.step_1_1_1.run :: epoch=45 step=400/429 train_nll=-3751.874
2026-05-16 18:05:30,638 INFO CSMF2.step_1_1_1.run :: epoch=45  train_nll=-3752.647  val_nll=-3741.242  t=41.8s
2026-05-16 18:05:30,638 INFO CSMF2.step_1_1_1.run :: [h_std] total=0.18940 batch=0.12334 (no penalty)
2026-05-16 18:05:30,638 INFO CSMF2.step_1_1_1.run :: [lat_epoch] mean_l2=0.01545 std_l2=0.01886 lambda=1.000
2026-05-16 18:05:30,638 INFO CSMF2.step_1_1_1.run :: [grad] cond=320.8018 film_gain=0.0000
2026-05-16 18:05:37,917 INFO CSMF2.step_1_1_1.run :: [h] epoch=46 step=50 total=0.18922 batch=0.12284
2026-05-16 18:05:37,917 INFO CSMF2.step_1_1_1.run :: [lat] epoch=46 step=50 mean_l2=0.01374 std_l2=0.01849
2026-05-16 18:05:37,956 INFO CSMF2.step_1_1_1.run :: epoch=46 step=50/429 train_nll=-3750.064
2026-05-16 18:05:42,571 INFO CSMF2.step_1_1_1.run :: [h] epoch=46 step=100 total=0.19131 batch=0.12415
2026-05-16 18:05:42,572 INFO CSMF2.step_1_1_1.run :: [lat] epoch=46 step=100 mean_l2=0.01310 std_l2=0.01935
2026-05-16 18:05:42,611 INFO CSMF2.step_1_1_1.run :: epoch=46 step=100/429 train_nll=-3753.484
2026-05-16 18:05:47,248 INFO CSMF2.step_1_1_1.run :: [h] epoch=46 step=150 total=0.18410 batch=0.12059
2026-05-16 18:05:47,248 INFO CSMF2.step_1_1_1.run :: [lat] epoch=46 step=150 mean_l2=0.01708 std_l2=0.02151
2026-05-16 18:05:47,288 INFO CSMF2.step_1_1_1.run :: epoch=46 step=150/429 train_nll=-3748.929
2026-05-16 18:05:51,946 INFO CSMF2.step_1_1_1.run :: [h] epoch=46 step=200 total=0.18835 batch=0.12360
2026-05-16 18:05:51,946 INFO CSMF2.step_1_1_1.run :: [lat] epoch=46 step=200 mean_l2=0.01479 std_l2=0.01743
2026-05-16 18:05:51,985 INFO CSMF2.step_1_1_1.run :: epoch=46 step=200/429 train_nll=-3750.128
2026-05-16 18:05:56,606 INFO CSMF2.step_1_1_1.run :: [h] epoch=46 step=250 total=0.18523 batch=0.12132
2026-05-16 18:05:56,606 INFO CSMF2.step_1_1_1.run :: [lat] epoch=46 step=250 mean_l2=0.02646 std_l2=0.01795
2026-05-16 18:05:56,645 INFO CSMF2.step_1_1_1.run :: epoch=46 step=250/429 train_nll=-3751.061
2026-05-16 18:06:00,953 INFO CSMF2.step_1_1_1.run :: [h] epoch=46 step=300 total=0.18807 batch=0.12346
2026-05-16 18:06:00,953 INFO CSMF2.step_1_1_1.run :: [lat] epoch=46 step=300 mean_l2=0.01139 std_l2=0.01917
2026-05-16 18:06:00,992 INFO CSMF2.step_1_1_1.run :: epoch=46 step=300/429 train_nll=-3750.917
2026-05-16 18:06:05,208 INFO CSMF2.step_1_1_1.run :: [h] epoch=46 step=350 total=0.19097 batch=0.12448
2026-05-16 18:06:05,209 INFO CSMF2.step_1_1_1.run :: [lat] epoch=46 step=350 mean_l2=0.01380 std_l2=0.01926
2026-05-16 18:06:05,248 INFO CSMF2.step_1_1_1.run :: epoch=46 step=350/429 train_nll=-3752.379
2026-05-16 18:06:09,518 INFO CSMF2.step_1_1_1.run :: [h] epoch=46 step=400 total=0.18942 batch=0.12111
2026-05-16 18:06:09,518 INFO CSMF2.step_1_1_1.run :: [lat] epoch=46 step=400 mean_l2=0.01374 std_l2=0.01931
2026-05-16 18:06:09,558 INFO CSMF2.step_1_1_1.run :: epoch=46 step=400/429 train_nll=-3753.181
2026-05-16 18:06:13,784 INFO CSMF2.step_1_1_1.run :: epoch=46  train_nll=-3752.801  val_nll=-3728.146  t=40.5s
2026-05-16 18:06:13,785 INFO CSMF2.step_1_1_1.run :: [h_std] total=0.18805 batch=0.12211 (no penalty)
2026-05-16 18:06:13,785 INFO CSMF2.step_1_1_1.run :: [lat_epoch] mean_l2=0.01584 std_l2=0.01896 lambda=1.000
2026-05-16 18:06:13,785 INFO CSMF2.step_1_1_1.run :: [grad] cond=1149.1160 film_gain=0.0000
2026-05-16 18:06:20,661 INFO CSMF2.step_1_1_1.run :: [h] epoch=47 step=50 total=0.18390 batch=0.11938
2026-05-16 18:06:20,661 INFO CSMF2.step_1_1_1.run :: [lat] epoch=47 step=50 mean_l2=0.01874 std_l2=0.01844
2026-05-16 18:06:20,700 INFO CSMF2.step_1_1_1.run :: epoch=47 step=50/429 train_nll=-3736.503
2026-05-16 18:06:24,905 INFO CSMF2.step_1_1_1.run :: [h] epoch=47 step=100 total=0.18813 batch=0.12302
2026-05-16 18:06:24,905 INFO CSMF2.step_1_1_1.run :: [lat] epoch=47 step=100 mean_l2=0.01330 std_l2=0.01720
2026-05-16 18:06:24,944 INFO CSMF2.step_1_1_1.run :: epoch=47 step=100/429 train_nll=-3745.826
2026-05-16 18:06:29,149 INFO CSMF2.step_1_1_1.run :: [h] epoch=47 step=150 total=0.18520 batch=0.12166
2026-05-16 18:06:29,149 INFO CSMF2.step_1_1_1.run :: [lat] epoch=47 step=150 mean_l2=0.01401 std_l2=0.01823
2026-05-16 18:06:29,188 INFO CSMF2.step_1_1_1.run :: epoch=47 step=150/429 train_nll=-3748.567
2026-05-16 18:06:33,393 INFO CSMF2.step_1_1_1.run :: [h] epoch=47 step=200 total=0.18736 batch=0.12348
2026-05-16 18:06:33,393 INFO CSMF2.step_1_1_1.run :: [lat] epoch=47 step=200 mean_l2=0.01467 std_l2=0.01838
2026-05-16 18:06:33,433 INFO CSMF2.step_1_1_1.run :: epoch=47 step=200/429 train_nll=-3750.892
2026-05-16 18:06:37,637 INFO CSMF2.step_1_1_1.run :: [h] epoch=47 step=250 total=0.18310 batch=0.12071
2026-05-16 18:06:37,637 INFO CSMF2.step_1_1_1.run :: [lat] epoch=47 step=250 mean_l2=0.02122 std_l2=0.01871
2026-05-16 18:06:37,676 INFO CSMF2.step_1_1_1.run :: epoch=47 step=250/429 train_nll=-3752.870
2026-05-16 18:06:41,880 INFO CSMF2.step_1_1_1.run :: [h] epoch=47 step=300 total=0.18287 batch=0.12112
2026-05-16 18:06:41,880 INFO CSMF2.step_1_1_1.run :: [lat] epoch=47 step=300 mean_l2=0.01673 std_l2=0.01994
2026-05-16 18:06:41,919 INFO CSMF2.step_1_1_1.run :: epoch=47 step=300/429 train_nll=-3750.775
2026-05-16 18:06:46,123 INFO CSMF2.step_1_1_1.run :: [h] epoch=47 step=350 total=0.18304 batch=0.11942
2026-05-16 18:06:46,123 INFO CSMF2.step_1_1_1.run :: [lat] epoch=47 step=350 mean_l2=0.02418 std_l2=0.01986
2026-05-16 18:06:46,163 INFO CSMF2.step_1_1_1.run :: epoch=47 step=350/429 train_nll=-3750.304
2026-05-16 18:06:50,367 INFO CSMF2.step_1_1_1.run :: [h] epoch=47 step=400 total=0.18098 batch=0.11716
2026-05-16 18:06:50,367 INFO CSMF2.step_1_1_1.run :: [lat] epoch=47 step=400 mean_l2=0.02033 std_l2=0.01835
2026-05-16 18:06:50,406 INFO CSMF2.step_1_1_1.run :: epoch=47 step=400/429 train_nll=-3749.538
2026-05-16 18:06:54,722 INFO CSMF2.step_1_1_1.run :: epoch=47  train_nll=-3749.379  val_nll=-3740.440  t=38.3s
2026-05-16 18:06:54,722 INFO CSMF2.step_1_1_1.run :: [h_std] total=0.18437 batch=0.12043 (no penalty)
2026-05-16 18:06:54,722 INFO CSMF2.step_1_1_1.run :: [lat_epoch] mean_l2=0.01715 std_l2=0.01911 lambda=1.000
2026-05-16 18:06:54,722 INFO CSMF2.step_1_1_1.run :: [grad] cond=628.6873 film_gain=0.0000
2026-05-16 18:07:01,513 INFO CSMF2.step_1_1_1.run :: [h] epoch=48 step=50 total=0.18145 batch=0.11788
2026-05-16 18:07:01,513 INFO CSMF2.step_1_1_1.run :: [lat] epoch=48 step=50 mean_l2=0.01568 std_l2=0.01579
2026-05-16 18:07:01,553 INFO CSMF2.step_1_1_1.run :: epoch=48 step=50/429 train_nll=-3745.745
2026-05-16 18:07:05,759 INFO CSMF2.step_1_1_1.run :: [h] epoch=48 step=100 total=0.18429 batch=0.12012
2026-05-16 18:07:05,759 INFO CSMF2.step_1_1_1.run :: [lat] epoch=48 step=100 mean_l2=0.01175 std_l2=0.01853
2026-05-16 18:07:05,798 INFO CSMF2.step_1_1_1.run :: epoch=48 step=100/429 train_nll=-3750.590
2026-05-16 18:07:10,004 INFO CSMF2.step_1_1_1.run :: [h] epoch=48 step=150 total=0.18385 batch=0.11953
2026-05-16 18:07:10,004 INFO CSMF2.step_1_1_1.run :: [lat] epoch=48 step=150 mean_l2=0.01413 std_l2=0.01820
2026-05-16 18:07:10,044 INFO CSMF2.step_1_1_1.run :: epoch=48 step=150/429 train_nll=-3753.838
2026-05-16 18:07:14,249 INFO CSMF2.step_1_1_1.run :: [h] epoch=48 step=200 total=0.18467 batch=0.12106
2026-05-16 18:07:14,249 INFO CSMF2.step_1_1_1.run :: [lat] epoch=48 step=200 mean_l2=0.01261 std_l2=0.01913
2026-05-16 18:07:14,289 INFO CSMF2.step_1_1_1.run :: epoch=48 step=200/429 train_nll=-3756.527
2026-05-16 18:07:18,494 INFO CSMF2.step_1_1_1.run :: [h] epoch=48 step=250 total=0.18279 batch=0.11894
2026-05-16 18:07:18,495 INFO CSMF2.step_1_1_1.run :: [lat] epoch=48 step=250 mean_l2=0.01993 std_l2=0.01946
2026-05-16 18:07:18,534 INFO CSMF2.step_1_1_1.run :: epoch=48 step=250/429 train_nll=-3758.417
2026-05-16 18:07:22,832 INFO CSMF2.step_1_1_1.run :: [h] epoch=48 step=300 total=0.18365 batch=0.12006
2026-05-16 18:07:22,832 INFO CSMF2.step_1_1_1.run :: [lat] epoch=48 step=300 mean_l2=0.01925 std_l2=0.02131
2026-05-16 18:07:22,871 INFO CSMF2.step_1_1_1.run :: epoch=48 step=300/429 train_nll=-3757.785
2026-05-16 18:07:27,080 INFO CSMF2.step_1_1_1.run :: [h] epoch=48 step=350 total=0.18490 batch=0.12082
2026-05-16 18:07:27,080 INFO CSMF2.step_1_1_1.run :: [lat] epoch=48 step=350 mean_l2=0.02066 std_l2=0.01735
2026-05-16 18:07:27,120 INFO CSMF2.step_1_1_1.run :: epoch=48 step=350/429 train_nll=-3757.170
2026-05-16 18:07:31,330 INFO CSMF2.step_1_1_1.run :: [h] epoch=48 step=400 total=0.18301 batch=0.11779
2026-05-16 18:07:31,330 INFO CSMF2.step_1_1_1.run :: [lat] epoch=48 step=400 mean_l2=0.01283 std_l2=0.01872
2026-05-16 18:07:31,370 INFO CSMF2.step_1_1_1.run :: epoch=48 step=400/429 train_nll=-3757.704
2026-05-16 18:07:35,603 INFO CSMF2.step_1_1_1.run :: epoch=48  train_nll=-3758.446  val_nll=-3752.732  t=38.3s
2026-05-16 18:07:35,603 INFO CSMF2.step_1_1_1.run :: [h_std] total=0.18281 batch=0.11899 (no penalty)
2026-05-16 18:07:35,603 INFO CSMF2.step_1_1_1.run :: [lat_epoch] mean_l2=0.01451 std_l2=0.01855 lambda=1.000
2026-05-16 18:07:35,603 INFO CSMF2.step_1_1_1.run :: [grad] cond=333.8958 film_gain=0.0000
2026-05-16 18:07:42,389 INFO CSMF2.step_1_1_1.run :: [h] epoch=49 step=50 total=0.18042 batch=0.11698
2026-05-16 18:07:42,389 INFO CSMF2.step_1_1_1.run :: [lat] epoch=49 step=50 mean_l2=0.01593 std_l2=0.02051
2026-05-16 18:07:42,428 INFO CSMF2.step_1_1_1.run :: epoch=49 step=50/429 train_nll=-3758.440
2026-05-16 18:07:46,633 INFO CSMF2.step_1_1_1.run :: [h] epoch=49 step=100 total=0.18294 batch=0.11852
2026-05-16 18:07:46,633 INFO CSMF2.step_1_1_1.run :: [lat] epoch=49 step=100 mean_l2=0.01374 std_l2=0.01735
2026-05-16 18:07:46,672 INFO CSMF2.step_1_1_1.run :: epoch=49 step=100/429 train_nll=-3758.487
2026-05-16 18:07:50,875 INFO CSMF2.step_1_1_1.run :: [h] epoch=49 step=150 total=0.17922 batch=0.11747
2026-05-16 18:07:50,875 INFO CSMF2.step_1_1_1.run :: [lat] epoch=49 step=150 mean_l2=0.02629 std_l2=0.01954
2026-05-16 18:07:50,915 INFO CSMF2.step_1_1_1.run :: epoch=49 step=150/429 train_nll=-3756.962
2026-05-16 18:07:55,204 INFO CSMF2.step_1_1_1.run :: [h] epoch=49 step=200 total=0.18369 batch=0.11993
2026-05-16 18:07:55,204 INFO CSMF2.step_1_1_1.run :: [lat] epoch=49 step=200 mean_l2=0.01200 std_l2=0.01674
2026-05-16 18:07:55,244 INFO CSMF2.step_1_1_1.run :: epoch=49 step=200/429 train_nll=-3757.470
2026-05-16 18:07:59,452 INFO CSMF2.step_1_1_1.run :: [h] epoch=49 step=250 total=0.18076 batch=0.11724
2026-05-16 18:07:59,453 INFO CSMF2.step_1_1_1.run :: [lat] epoch=49 step=250 mean_l2=0.02311 std_l2=0.01839
2026-05-16 18:07:59,492 INFO CSMF2.step_1_1_1.run :: epoch=49 step=250/429 train_nll=-3757.532
2026-05-16 18:08:03,701 INFO CSMF2.step_1_1_1.run :: [h] epoch=49 step=300 total=0.18051 batch=0.11911
2026-05-16 18:08:03,701 INFO CSMF2.step_1_1_1.run :: [lat] epoch=49 step=300 mean_l2=0.01351 std_l2=0.02096
2026-05-16 18:08:03,740 INFO CSMF2.step_1_1_1.run :: epoch=49 step=300/429 train_nll=-3756.148
2026-05-16 18:08:07,948 INFO CSMF2.step_1_1_1.run :: [h] epoch=49 step=350 total=0.18329 batch=0.11989
2026-05-16 18:08:07,949 INFO CSMF2.step_1_1_1.run :: [lat] epoch=49 step=350 mean_l2=0.01206 std_l2=0.01846
2026-05-16 18:08:07,988 INFO CSMF2.step_1_1_1.run :: epoch=49 step=350/429 train_nll=-3757.349
2026-05-16 18:08:12,196 INFO CSMF2.step_1_1_1.run :: [h] epoch=49 step=400 total=0.18238 batch=0.11715
2026-05-16 18:08:12,196 INFO CSMF2.step_1_1_1.run :: [lat] epoch=49 step=400 mean_l2=0.01424 std_l2=0.01821
2026-05-16 18:08:12,236 INFO CSMF2.step_1_1_1.run :: epoch=49 step=400/429 train_nll=-3758.065
2026-05-16 18:08:16,466 INFO CSMF2.step_1_1_1.run :: epoch=49  train_nll=-3758.675  val_nll=-3752.711  t=38.3s
2026-05-16 18:08:16,466 INFO CSMF2.step_1_1_1.run :: [h_std] total=0.18173 batch=0.11811 (no penalty)
2026-05-16 18:08:16,466 INFO CSMF2.step_1_1_1.run :: [lat_epoch] mean_l2=0.01476 std_l2=0.01867 lambda=1.000
2026-05-16 18:08:16,466 INFO CSMF2.step_1_1_1.run :: [grad] cond=467.3825 film_gain=0.0000
2026-05-16 18:08:22,708 INFO CSMF2.step_1_1_1.run :: [run] FINAL test_nll (sealed 10k) = -3754.961
2026-05-16 18:08:24,007 INFO CSMF2.experiments.step_1_1_1.density_plots :: [plot_latent_density] saved -> CSMF2/experiments/step_1_1_1/results/nsf_s2_n0.00_seed0_25c8cd097d5c/plots/latent_density.png  (ks=0.0078, mean=0.013, std=0.987)
2026-05-16 18:08:24,212 INFO CSMF2.experiments.step_1_1_1.density_plots :: [plot_cycle_density] saved -> CSMF2/experiments/step_1_1_1/results/nsf_s2_n0.00_seed0_25c8cd097d5c/plots/cycle_density.png  (max|err|=2.728e-04 rms=1.832e-06)
2026-05-16 18:08:24,563 INFO CSMF2.experiments.step_1_1_1.density_plots :: [plot_reconstruction_panel] saved -> CSMF2/experiments/step_1_1_1/results/nsf_s2_n0.00_seed0_25c8cd097d5c/plots/reconstruction_panel.png  rms(enc-prior)=0.550
==============================================================
[1mSTEP-1_1_1 RUN SUMMARY[0m
==============================================================
expert: nsf   scale: 2   noise: 0.0   seed: 0   epochs: 50
train NLL:    -3200.45  ->    -3758.68  (Δ = -558.22)
test  NLL:    -3461.84  ->    -3752.71

[1mHARD GATES (halt on fail)[0m
  [32m 50/50  ✓[0m  invertibility FP64 <1e-5
  [32m 50/50  ✓[0m  latent KS vs N(0,1) <0.05
  [33m 48/50  ✗[0m  cycle_max < 1e-12
  [32m 50/50  ✓[0m  h std > 1e-3
  [32m 50/50  ✓[0m  FiLM γ,β std > 1e-3 aggregate
  [32m 50/50  ✓[0m  (y,seed) max|Δh| < 1e-6
  [32m 50/50  ✓[0m  no NaN/Inf this epoch
  [32m  1/1   ✓[0m  numeric log-det (FP64, once)

[1mINFORMATIONAL (logged, non-blocking)[0m
  [33m 49/50  ✗[0m  null-control gap ≥ 0.10
  [32m 50/50  ✓[0m  h_st Δlogp slope > 1e-3
  [32m 50/50  ✓[0m  grad norm > 1e-6
  [32m 50/50  ✓[0m  fwd residual reported
--------------------------------------------------------------
[1mHARD TOTAL: 349/351[0m  (99.4%)
[1mEXIT_CRITERIA_MET:[0m [31mNO[0m
[1mREMEDY HINTS:[0m
  - hard gate failed: cycle_max (cycle_max < 1e-12) -- check epochs [33, 43]
==============================================================
2026-05-16 18:08:24,629 INFO CSMF2.step_1_1_1.run :: STEP-1_1 run DONE  exit_ok=False  out=CSMF2/experiments/step_1_1_1/results/nsf_s2_n0.00_seed0_25c8cd097d5c
>>> 18:08:25 === TRAIN realnvp  lam=0.0 noise=0.0 ===
2026-05-16 18:08:26,497 INFO CSMF2.step_1_1_1.run :: STEP-1_1 run | tag=realnvp_s2_n0.00_seed0_93ed0b97ef88 | cfg=StepCfg(data_root='./mnist_data', scale=2, blur_sigma=1.0, noise_sigma=0.0, batch_size=128, expert='realnvp', dim=784, cond_width=128, h_dim=256, flow_hidden=256, use_film=True, cache_h=True, use_v2_conditioner=True, film_depth=2, film_hidden=128, film_use_gelu=True, realnvp_n_couplings=6, realnvp_s_max=2.0, glow_n_steps=8, glow_coupling_hidden=256, glow_s_max=2.0, glow_squeeze=True, glow_n_levels=1, glow_image_c=1, glow_image_h=28, glow_image_w=28, glow_film_gain_init=0.3, lr=0.001, epochs=50, weight_decay=0.0, grad_clip=5.0, shuffle_loss_lambda=0.0, shuffle_loss_margin=0.5, h_std_penalty_mu=0.0, h_std_target=0.05, cond_y_residual_alpha_init=0.0, latent_moment_lambda=0.0, latent_ks_target=0.1, fwd_rel_target=0.5, resume_from=None, seed=0, out_root='./CSMF2/experiments/step_1_1_1/results', log_every=50, sanity_every_epoch=True)
2026-05-16 18:08:26,603 INFO CSMF2.step_1_1_1.run :: [run] data sizes: train=55000  val=5000 (per-epoch)  test=10000 (final-only)
2026-05-16 18:08:26,741 INFO CSMF2.step_1_1_1.run :: [y_sanity] y.std(dim=0).mean() = 0.1294  shape=(128, 1, 14, 14)
2026-05-16 18:08:30,949 INFO CSMF2.step_1_1_1.run :: [h] epoch=0 step=50 total=0.26842 batch=0.00174
2026-05-16 18:08:30,949 INFO CSMF2.step_1_1_1.run :: [lat] epoch=0 step=50 mean_l2=0.29522 std_l2=0.46131
2026-05-16 18:08:30,960 INFO CSMF2.step_1_1_1.run :: epoch=0 step=50/429 train_nll=-775.965
2026-05-16 18:08:34,799 INFO CSMF2.step_1_1_1.run :: [h] epoch=0 step=100 total=0.35264 batch=0.00156
2026-05-16 18:08:34,800 INFO CSMF2.step_1_1_1.run :: [lat] epoch=0 step=100 mean_l2=0.21592 std_l2=0.54506
2026-05-16 18:08:34,811 INFO CSMF2.step_1_1_1.run :: epoch=0 step=100/429 train_nll=-1148.318
2026-05-16 18:08:38,342 INFO CSMF2.step_1_1_1.run :: [h] epoch=0 step=150 total=0.38960 batch=0.00142
2026-05-16 18:08:38,342 INFO CSMF2.step_1_1_1.run :: [lat] epoch=0 step=150 mean_l2=0.25342 std_l2=0.43756
2026-05-16 18:08:38,354 INFO CSMF2.step_1_1_1.run :: epoch=0 step=150/429 train_nll=-1334.807
2026-05-16 18:08:41,898 INFO CSMF2.step_1_1_1.run :: [h] epoch=0 step=200 total=0.44015 batch=0.00171
2026-05-16 18:08:41,899 INFO CSMF2.step_1_1_1.run :: [lat] epoch=0 step=200 mean_l2=0.29148 std_l2=0.48757
2026-05-16 18:08:41,911 INFO CSMF2.step_1_1_1.run :: epoch=0 step=200/429 train_nll=-1482.767
2026-05-16 18:08:45,293 INFO CSMF2.step_1_1_1.run :: [h] epoch=0 step=250 total=0.43398 batch=0.00191
2026-05-16 18:08:45,294 INFO CSMF2.step_1_1_1.run :: [lat] epoch=0 step=250 mean_l2=0.23272 std_l2=0.40413
2026-05-16 18:08:45,306 INFO CSMF2.step_1_1_1.run :: epoch=0 step=250/429 train_nll=-1581.085
2026-05-16 18:08:48,771 INFO CSMF2.step_1_1_1.run :: [h] epoch=0 step=300 total=0.44245 batch=0.00205
2026-05-16 18:08:48,771 INFO CSMF2.step_1_1_1.run :: [lat] epoch=0 step=300 mean_l2=0.38264 std_l2=2.34766
2026-05-16 18:08:48,781 INFO CSMF2.step_1_1_1.run :: epoch=0 step=300/429 train_nll=-1661.170
2026-05-16 18:08:52,322 INFO CSMF2.step_1_1_1.run :: [h] epoch=0 step=350 total=0.43562 batch=0.00208
2026-05-16 18:08:52,322 INFO CSMF2.step_1_1_1.run :: [lat] epoch=0 step=350 mean_l2=0.45315 std_l2=0.42280
2026-05-16 18:08:52,334 INFO CSMF2.step_1_1_1.run :: epoch=0 step=350/429 train_nll=-1729.935
2026-05-16 18:08:55,820 INFO CSMF2.step_1_1_1.run :: [h] epoch=0 step=400 total=0.43568 batch=0.00196
2026-05-16 18:08:55,820 INFO CSMF2.step_1_1_1.run :: [lat] epoch=0 step=400 mean_l2=0.23060 std_l2=0.42094
2026-05-16 18:08:55,833 INFO CSMF2.step_1_1_1.run :: epoch=0 step=400/429 train_nll=-1779.767
2026-05-16 18:09:00,410 INFO CSMF2.step_1_1_1.run :: epoch=0  train_nll=-1809.704  val_nll=-2175.521  t=33.5s
2026-05-16 18:09:00,411 INFO CSMF2.step_1_1_1.run :: [h_std] total=0.42576 batch=0.00414 (no penalty)
2026-05-16 18:09:00,411 INFO CSMF2.step_1_1_1.run :: [lat_epoch] mean_l2=0.35269 std_l2=0.69118 (no penalty)
2026-05-16 18:09:00,411 INFO CSMF2.step_1_1_1.run :: [grad] cond=104.7844 film_gain=0.0000
2026-05-16 18:09:07,991 INFO CSMF2.step_1_1_1.run :: [h] epoch=1 step=50 total=0.42421 batch=0.00190
2026-05-16 18:09:07,991 INFO CSMF2.step_1_1_1.run :: [lat] epoch=1 step=50 mean_l2=0.39333 std_l2=0.42441
2026-05-16 18:09:08,004 INFO CSMF2.step_1_1_1.run :: epoch=1 step=50/429 train_nll=-2247.498
2026-05-16 18:09:11,556 INFO CSMF2.step_1_1_1.run :: [h] epoch=1 step=100 total=0.43075 batch=0.00251
2026-05-16 18:09:11,556 INFO CSMF2.step_1_1_1.run :: [lat] epoch=1 step=100 mean_l2=0.31813 std_l2=0.63771
2026-05-16 18:09:11,568 INFO CSMF2.step_1_1_1.run :: epoch=1 step=100/429 train_nll=-2277.351
2026-05-16 18:09:15,108 INFO CSMF2.step_1_1_1.run :: [h] epoch=1 step=150 total=0.42089 batch=0.00206
2026-05-16 18:09:15,109 INFO CSMF2.step_1_1_1.run :: [lat] epoch=1 step=150 mean_l2=0.29783 std_l2=0.58467
2026-05-16 18:09:15,121 INFO CSMF2.step_1_1_1.run :: epoch=1 step=150/429 train_nll=-2291.796
2026-05-16 18:09:18,544 INFO CSMF2.step_1_1_1.run :: [h] epoch=1 step=200 total=0.41993 batch=0.00248
2026-05-16 18:09:18,545 INFO CSMF2.step_1_1_1.run :: [lat] epoch=1 step=200 mean_l2=0.20885 std_l2=0.89874
2026-05-16 18:09:18,553 INFO CSMF2.step_1_1_1.run :: epoch=1 step=200/429 train_nll=-2304.587
2026-05-16 18:09:21,860 INFO CSMF2.step_1_1_1.run :: [h] epoch=1 step=250 total=0.41387 batch=0.00215
2026-05-16 18:09:21,861 INFO CSMF2.step_1_1_1.run :: [lat] epoch=1 step=250 mean_l2=0.18086 std_l2=0.50601
2026-05-16 18:09:21,871 INFO CSMF2.step_1_1_1.run :: epoch=1 step=250/429 train_nll=-2321.086
2026-05-16 18:09:25,507 INFO CSMF2.step_1_1_1.run :: [h] epoch=1 step=300 total=0.40581 batch=0.00214
2026-05-16 18:09:25,507 INFO CSMF2.step_1_1_1.run :: [lat] epoch=1 step=300 mean_l2=0.60530 std_l2=0.99757
2026-05-16 18:09:25,515 INFO CSMF2.step_1_1_1.run :: epoch=1 step=300/429 train_nll=-2332.407
2026-05-16 18:09:29,026 INFO CSMF2.step_1_1_1.run :: [h] epoch=1 step=350 total=0.38755 batch=0.00238
2026-05-16 18:09:29,027 INFO CSMF2.step_1_1_1.run :: [lat] epoch=1 step=350 mean_l2=0.20799 std_l2=0.38393
2026-05-16 18:09:29,039 INFO CSMF2.step_1_1_1.run :: epoch=1 step=350/429 train_nll=-2339.488
2026-05-16 18:09:32,497 INFO CSMF2.step_1_1_1.run :: [h] epoch=1 step=400 total=0.39443 batch=0.00214
2026-05-16 18:09:32,498 INFO CSMF2.step_1_1_1.run :: [lat] epoch=1 step=400 mean_l2=0.27319 std_l2=0.42035
2026-05-16 18:09:32,510 INFO CSMF2.step_1_1_1.run :: epoch=1 step=400/429 train_nll=-2351.629
2026-05-16 18:09:37,085 INFO CSMF2.step_1_1_1.run :: epoch=1  train_nll=-2354.562  val_nll=-2324.774  t=33.1s
2026-05-16 18:09:37,085 INFO CSMF2.step_1_1_1.run :: [h_std] total=0.41503 batch=0.00219 (no penalty)
2026-05-16 18:09:37,085 INFO CSMF2.step_1_1_1.run :: [lat_epoch] mean_l2=0.30322 std_l2=0.85525 (no penalty)
2026-05-16 18:09:37,085 INFO CSMF2.step_1_1_1.run :: [grad] cond=6.6604 film_gain=0.0000
2026-05-16 18:09:43,962 INFO CSMF2.step_1_1_1.run :: [h] epoch=2 step=50 total=0.36378 batch=0.00171
2026-05-16 18:09:43,962 INFO CSMF2.step_1_1_1.run :: [lat] epoch=2 step=50 mean_l2=0.41414 std_l2=1.13107
2026-05-16 18:09:43,973 INFO CSMF2.step_1_1_1.run :: epoch=2 step=50/429 train_nll=-2350.090
2026-05-16 18:09:47,546 INFO CSMF2.step_1_1_1.run :: [h] epoch=2 step=100 total=0.36827 batch=0.00215
2026-05-16 18:09:47,547 INFO CSMF2.step_1_1_1.run :: [lat] epoch=2 step=100 mean_l2=0.45413 std_l2=0.83817
2026-05-16 18:09:47,555 INFO CSMF2.step_1_1_1.run :: epoch=2 step=100/429 train_nll=-2361.438
2026-05-16 18:09:51,090 INFO CSMF2.step_1_1_1.run :: [h] epoch=2 step=150 total=0.36339 batch=0.00171
2026-05-16 18:09:51,090 INFO CSMF2.step_1_1_1.run :: [lat] epoch=2 step=150 mean_l2=0.21073 std_l2=0.41098
2026-05-16 18:09:51,100 INFO CSMF2.step_1_1_1.run :: epoch=2 step=150/429 train_nll=-2380.600
2026-05-16 18:09:54,758 INFO CSMF2.step_1_1_1.run :: [h] epoch=2 step=200 total=0.36640 batch=0.00210
2026-05-16 18:09:54,759 INFO CSMF2.step_1_1_1.run :: [lat] epoch=2 step=200 mean_l2=0.30529 std_l2=0.68009
2026-05-16 18:09:54,767 INFO CSMF2.step_1_1_1.run :: epoch=2 step=200/429 train_nll=-2404.412
2026-05-16 18:09:58,260 INFO CSMF2.step_1_1_1.run :: [h] epoch=2 step=250 total=0.37328 batch=0.00171
2026-05-16 18:09:58,261 INFO CSMF2.step_1_1_1.run :: [lat] epoch=2 step=250 mean_l2=0.35125 std_l2=0.42803
2026-05-16 18:09:58,269 INFO CSMF2.step_1_1_1.run :: epoch=2 step=250/429 train_nll=-2423.793
2026-05-16 18:10:01,932 INFO CSMF2.step_1_1_1.run :: [h] epoch=2 step=300 total=0.36312 batch=0.00179
2026-05-16 18:10:01,932 INFO CSMF2.step_1_1_1.run :: [lat] epoch=2 step=300 mean_l2=0.33296 std_l2=0.61429
2026-05-16 18:10:01,944 INFO CSMF2.step_1_1_1.run :: epoch=2 step=300/429 train_nll=-2432.274
2026-05-16 18:10:05,396 INFO CSMF2.step_1_1_1.run :: [h] epoch=2 step=350 total=0.35291 batch=0.00182
2026-05-16 18:10:05,396 INFO CSMF2.step_1_1_1.run :: [lat] epoch=2 step=350 mean_l2=0.28870 std_l2=0.29633
2026-05-16 18:10:05,408 INFO CSMF2.step_1_1_1.run :: epoch=2 step=350/429 train_nll=-2433.063
2026-05-16 18:10:08,877 INFO CSMF2.step_1_1_1.run :: [h] epoch=2 step=400 total=0.34800 batch=0.00156
2026-05-16 18:10:08,878 INFO CSMF2.step_1_1_1.run :: [lat] epoch=2 step=400 mean_l2=0.28983 std_l2=0.31933
2026-05-16 18:10:08,887 INFO CSMF2.step_1_1_1.run :: epoch=2 step=400/429 train_nll=-2439.060
2026-05-16 18:10:13,340 INFO CSMF2.step_1_1_1.run :: epoch=2  train_nll=-2442.261  val_nll=-2459.979  t=32.9s
2026-05-16 18:10:13,341 INFO CSMF2.step_1_1_1.run :: [h_std] total=0.36139 batch=0.00178 (no penalty)
2026-05-16 18:10:13,341 INFO CSMF2.step_1_1_1.run :: [lat_epoch] mean_l2=0.32406 std_l2=0.73279 (no penalty)
2026-05-16 18:10:13,341 INFO CSMF2.step_1_1_1.run :: [grad] cond=9.0275 film_gain=0.0000
2026-05-16 18:10:20,173 INFO CSMF2.step_1_1_1.run :: [h] epoch=3 step=50 total=0.33198 batch=0.00140
2026-05-16 18:10:20,173 INFO CSMF2.step_1_1_1.run :: [lat] epoch=3 step=50 mean_l2=0.25736 std_l2=2.47060
2026-05-16 18:10:20,182 INFO CSMF2.step_1_1_1.run :: epoch=3 step=50/429 train_nll=-2489.710
2026-05-16 18:10:23,584 INFO CSMF2.step_1_1_1.run :: [h] epoch=3 step=100 total=0.34757 batch=0.00190
2026-05-16 18:10:23,584 INFO CSMF2.step_1_1_1.run :: [lat] epoch=3 step=100 mean_l2=0.28960 std_l2=1.18371
2026-05-16 18:10:23,596 INFO CSMF2.step_1_1_1.run :: epoch=3 step=100/429 train_nll=-2517.616
2026-05-16 18:10:27,024 INFO CSMF2.step_1_1_1.run :: [h] epoch=3 step=150 total=0.33261 batch=0.00140
2026-05-16 18:10:27,024 INFO CSMF2.step_1_1_1.run :: [lat] epoch=3 step=150 mean_l2=0.23035 std_l2=1.09781
2026-05-16 18:10:27,032 INFO CSMF2.step_1_1_1.run :: epoch=3 step=150/429 train_nll=-2524.606
2026-05-16 18:10:30,761 INFO CSMF2.step_1_1_1.run :: [h] epoch=3 step=200 total=0.32445 batch=0.00162
2026-05-16 18:10:30,761 INFO CSMF2.step_1_1_1.run :: [lat] epoch=3 step=200 mean_l2=0.50994 std_l2=0.70611
2026-05-16 18:10:30,772 INFO CSMF2.step_1_1_1.run :: epoch=3 step=200/429 train_nll=-2527.645
2026-05-16 18:10:34,391 INFO CSMF2.step_1_1_1.run :: [h] epoch=3 step=250 total=0.31721 batch=0.00146
2026-05-16 18:10:34,391 INFO CSMF2.step_1_1_1.run :: [lat] epoch=3 step=250 mean_l2=0.60960 std_l2=0.42901
2026-05-16 18:10:34,403 INFO CSMF2.step_1_1_1.run :: epoch=3 step=250/429 train_nll=-2527.652
2026-05-16 18:10:38,140 INFO CSMF2.step_1_1_1.run :: [h] epoch=3 step=300 total=0.28696 batch=0.00151
2026-05-16 18:10:38,141 INFO CSMF2.step_1_1_1.run :: [lat] epoch=3 step=300 mean_l2=0.46944 std_l2=0.56063
2026-05-16 18:10:38,152 INFO CSMF2.step_1_1_1.run :: epoch=3 step=300/429 train_nll=-2520.038
2026-05-16 18:10:41,608 INFO CSMF2.step_1_1_1.run :: [h] epoch=3 step=350 total=0.29663 batch=0.00144
2026-05-16 18:10:41,608 INFO CSMF2.step_1_1_1.run :: [lat] epoch=3 step=350 mean_l2=0.19517 std_l2=1.56002
2026-05-16 18:10:41,616 INFO CSMF2.step_1_1_1.run :: epoch=3 step=350/429 train_nll=-2526.556
2026-05-16 18:10:45,110 INFO CSMF2.step_1_1_1.run :: [h] epoch=3 step=400 total=0.29815 batch=0.00130
2026-05-16 18:10:45,110 INFO CSMF2.step_1_1_1.run :: [lat] epoch=3 step=400 mean_l2=0.24439 std_l2=0.42096
2026-05-16 18:10:45,122 INFO CSMF2.step_1_1_1.run :: epoch=3 step=400/429 train_nll=-2532.989
2026-05-16 18:10:49,413 INFO CSMF2.step_1_1_1.run :: epoch=3  train_nll=-2535.462  val_nll=-2599.708  t=32.9s
2026-05-16 18:10:49,413 INFO CSMF2.step_1_1_1.run :: [h_std] total=0.31901 batch=0.00147 (no penalty)
2026-05-16 18:10:49,413 INFO CSMF2.step_1_1_1.run :: [lat_epoch] mean_l2=0.29740 std_l2=0.76129 (no penalty)
2026-05-16 18:10:49,413 INFO CSMF2.step_1_1_1.run :: [grad] cond=6.1300 film_gain=0.0000
2026-05-16 18:10:56,770 INFO CSMF2.step_1_1_1.run :: [h] epoch=4 step=50 total=0.27566 batch=0.00117
2026-05-16 18:10:56,770 INFO CSMF2.step_1_1_1.run :: [lat] epoch=4 step=50 mean_l2=0.21095 std_l2=0.50763
2026-05-16 18:10:56,779 INFO CSMF2.step_1_1_1.run :: epoch=4 step=50/429 train_nll=-2487.316
2026-05-16 18:11:00,403 INFO CSMF2.step_1_1_1.run :: [h] epoch=4 step=100 total=0.26673 batch=0.00140
2026-05-16 18:11:00,403 INFO CSMF2.step_1_1_1.run :: [lat] epoch=4 step=100 mean_l2=0.31871 std_l2=0.68479
2026-05-16 18:11:00,411 INFO CSMF2.step_1_1_1.run :: epoch=4 step=100/429 train_nll=-2517.702
2026-05-16 18:11:03,945 INFO CSMF2.step_1_1_1.run :: [h] epoch=4 step=150 total=0.25572 batch=0.00110
2026-05-16 18:11:03,945 INFO CSMF2.step_1_1_1.run :: [lat] epoch=4 step=150 mean_l2=0.61997 std_l2=0.90543
2026-05-16 18:11:03,954 INFO CSMF2.step_1_1_1.run :: epoch=4 step=150/429 train_nll=-2531.427
2026-05-16 18:11:07,144 INFO CSMF2.step_1_1_1.run :: [h] epoch=4 step=200 total=0.25695 batch=0.00137
2026-05-16 18:11:07,144 INFO CSMF2.step_1_1_1.run :: [lat] epoch=4 step=200 mean_l2=0.31146 std_l2=0.38978
2026-05-16 18:11:07,152 INFO CSMF2.step_1_1_1.run :: epoch=4 step=200/429 train_nll=-2546.206
2026-05-16 18:11:10,625 INFO CSMF2.step_1_1_1.run :: [h] epoch=4 step=250 total=0.25805 batch=0.00107
2026-05-16 18:11:10,625 INFO CSMF2.step_1_1_1.run :: [lat] epoch=4 step=250 mean_l2=0.36120 std_l2=0.65408
2026-05-16 18:11:10,637 INFO CSMF2.step_1_1_1.run :: epoch=4 step=250/429 train_nll=-2556.212
2026-05-16 18:11:14,004 INFO CSMF2.step_1_1_1.run :: [h] epoch=4 step=300 total=0.24528 batch=0.00113
2026-05-16 18:11:14,004 INFO CSMF2.step_1_1_1.run :: [lat] epoch=4 step=300 mean_l2=0.31150 std_l2=0.93551
2026-05-16 18:11:14,016 INFO CSMF2.step_1_1_1.run :: epoch=4 step=300/429 train_nll=-2565.565
2026-05-16 18:11:17,618 INFO CSMF2.step_1_1_1.run :: [h] epoch=4 step=350 total=0.24712 batch=0.00123
2026-05-16 18:11:17,618 INFO CSMF2.step_1_1_1.run :: [lat] epoch=4 step=350 mean_l2=0.29614 std_l2=0.30163
2026-05-16 18:11:17,628 INFO CSMF2.step_1_1_1.run :: epoch=4 step=350/429 train_nll=-2570.856
2026-05-16 18:11:20,939 INFO CSMF2.step_1_1_1.run :: [h] epoch=4 step=400 total=0.24586 batch=0.00112
2026-05-16 18:11:20,939 INFO CSMF2.step_1_1_1.run :: [lat] epoch=4 step=400 mean_l2=0.26973 std_l2=0.34796
2026-05-16 18:11:20,948 INFO CSMF2.step_1_1_1.run :: epoch=4 step=400/429 train_nll=-2580.012
2026-05-16 18:11:25,455 INFO CSMF2.step_1_1_1.run :: epoch=4  train_nll=-2582.476  val_nll=-2572.435  t=32.9s
2026-05-16 18:11:25,455 INFO CSMF2.step_1_1_1.run :: [h_std] total=0.25891 batch=0.00119 (no penalty)
2026-05-16 18:11:25,455 INFO CSMF2.step_1_1_1.run :: [lat_epoch] mean_l2=0.30239 std_l2=0.73320 (no penalty)
2026-05-16 18:11:25,455 INFO CSMF2.step_1_1_1.run :: [grad] cond=4.1866 film_gain=0.0000
2026-05-16 18:11:32,334 INFO CSMF2.step_1_1_1.run :: [h] epoch=5 step=50 total=0.22324 batch=0.00108
2026-05-16 18:11:32,334 INFO CSMF2.step_1_1_1.run :: [lat] epoch=5 step=50 mean_l2=0.21378 std_l2=0.93882
2026-05-16 18:11:32,346 INFO CSMF2.step_1_1_1.run :: epoch=5 step=50/429 train_nll=-2623.630
2026-05-16 18:11:35,712 INFO CSMF2.step_1_1_1.run :: [h] epoch=5 step=100 total=0.23687 batch=0.00133
2026-05-16 18:11:35,712 INFO CSMF2.step_1_1_1.run :: [lat] epoch=5 step=100 mean_l2=0.24261 std_l2=1.18519
2026-05-16 18:11:35,724 INFO CSMF2.step_1_1_1.run :: epoch=5 step=100/429 train_nll=-2628.698
2026-05-16 18:11:39,115 INFO CSMF2.step_1_1_1.run :: [h] epoch=5 step=150 total=0.22882 batch=0.00103
2026-05-16 18:11:39,115 INFO CSMF2.step_1_1_1.run :: [lat] epoch=5 step=150 mean_l2=0.28610 std_l2=0.46469
2026-05-16 18:11:39,123 INFO CSMF2.step_1_1_1.run :: epoch=5 step=150/429 train_nll=-2634.945
2026-05-16 18:11:42,511 INFO CSMF2.step_1_1_1.run :: [h] epoch=5 step=200 total=0.23579 batch=0.00123
2026-05-16 18:11:42,511 INFO CSMF2.step_1_1_1.run :: [lat] epoch=5 step=200 mean_l2=0.16173 std_l2=0.37705
2026-05-16 18:11:42,524 INFO CSMF2.step_1_1_1.run :: epoch=5 step=200/429 train_nll=-2636.068
2026-05-16 18:11:46,133 INFO CSMF2.step_1_1_1.run :: [h] epoch=5 step=250 total=0.21105 batch=0.00096
2026-05-16 18:11:46,134 INFO CSMF2.step_1_1_1.run :: [lat] epoch=5 step=250 mean_l2=0.59121 std_l2=0.91918
2026-05-16 18:11:46,146 INFO CSMF2.step_1_1_1.run :: epoch=5 step=250/429 train_nll=-2632.273
2026-05-16 18:11:49,750 INFO CSMF2.step_1_1_1.run :: [h] epoch=5 step=300 total=0.20774 batch=0.00109
2026-05-16 18:11:49,750 INFO CSMF2.step_1_1_1.run :: [lat] epoch=5 step=300 mean_l2=0.30169 std_l2=0.64782
2026-05-16 18:11:49,762 INFO CSMF2.step_1_1_1.run :: epoch=5 step=300/429 train_nll=-2623.755
2026-05-16 18:11:53,255 INFO CSMF2.step_1_1_1.run :: [h] epoch=5 step=350 total=0.21359 batch=0.00115
2026-05-16 18:11:53,255 INFO CSMF2.step_1_1_1.run :: [lat] epoch=5 step=350 mean_l2=0.22761 std_l2=0.66079
2026-05-16 18:11:53,263 INFO CSMF2.step_1_1_1.run :: epoch=5 step=350/429 train_nll=-2628.440
2026-05-16 18:11:56,768 INFO CSMF2.step_1_1_1.run :: [h] epoch=5 step=400 total=0.20808 batch=0.00113
2026-05-16 18:11:56,768 INFO CSMF2.step_1_1_1.run :: [lat] epoch=5 step=400 mean_l2=0.25480 std_l2=0.26716
2026-05-16 18:11:56,778 INFO CSMF2.step_1_1_1.run :: epoch=5 step=400/429 train_nll=-2636.736
2026-05-16 18:12:01,285 INFO CSMF2.step_1_1_1.run :: epoch=5  train_nll=-2638.357  val_nll=-2627.201  t=32.5s
2026-05-16 18:12:01,285 INFO CSMF2.step_1_1_1.run :: [h_std] total=0.22362 batch=0.00111 (no penalty)
2026-05-16 18:12:01,285 INFO CSMF2.step_1_1_1.run :: [lat_epoch] mean_l2=0.27727 std_l2=0.74108 (no penalty)
2026-05-16 18:12:01,285 INFO CSMF2.step_1_1_1.run :: [grad] cond=2.7728 film_gain=0.0000
2026-05-16 18:12:08,089 INFO CSMF2.step_1_1_1.run :: [h] epoch=6 step=50 total=0.14173 batch=0.00432
2026-05-16 18:12:08,090 INFO CSMF2.step_1_1_1.run :: [lat] epoch=6 step=50 mean_l2=0.16030 std_l2=0.76382
2026-05-16 18:12:08,098 INFO CSMF2.step_1_1_1.run :: epoch=6 step=50/429 train_nll=-2632.852
2026-05-16 18:12:11,409 INFO CSMF2.step_1_1_1.run :: [h] epoch=6 step=100 total=0.14520 batch=0.00007
2026-05-16 18:12:11,410 INFO CSMF2.step_1_1_1.run :: [lat] epoch=6 step=100 mean_l2=0.26357 std_l2=2.74364
2026-05-16 18:12:11,420 INFO CSMF2.step_1_1_1.run :: epoch=6 step=100/429 train_nll=-2624.679
2026-05-16 18:12:14,791 INFO CSMF2.step_1_1_1.run :: [h] epoch=6 step=150 total=0.15780 batch=0.00008
2026-05-16 18:12:14,792 INFO CSMF2.step_1_1_1.run :: [lat] epoch=6 step=150 mean_l2=0.30902 std_l2=0.28297
2026-05-16 18:12:14,801 INFO CSMF2.step_1_1_1.run :: epoch=6 step=150/429 train_nll=-2640.923
2026-05-16 18:12:18,346 INFO CSMF2.step_1_1_1.run :: [h] epoch=6 step=200 total=0.14315 batch=0.00006
2026-05-16 18:12:18,346 INFO CSMF2.step_1_1_1.run :: [lat] epoch=6 step=200 mean_l2=0.21727 std_l2=0.24362
2026-05-16 18:12:18,355 INFO CSMF2.step_1_1_1.run :: epoch=6 step=200/429 train_nll=-2653.949
2026-05-16 18:12:22,085 INFO CSMF2.step_1_1_1.run :: [h] epoch=6 step=250 total=0.14356 batch=0.00005
2026-05-16 18:12:22,085 INFO CSMF2.step_1_1_1.run :: [lat] epoch=6 step=250 mean_l2=0.18127 std_l2=0.53065
2026-05-16 18:12:22,097 INFO CSMF2.step_1_1_1.run :: epoch=6 step=250/429 train_nll=-2664.115
2026-05-16 18:12:25,618 INFO CSMF2.step_1_1_1.run :: [h] epoch=6 step=300 total=0.14588 batch=0.00006
2026-05-16 18:12:25,618 INFO CSMF2.step_1_1_1.run :: [lat] epoch=6 step=300 mean_l2=0.37451 std_l2=0.75030
2026-05-16 18:12:25,627 INFO CSMF2.step_1_1_1.run :: epoch=6 step=300/429 train_nll=-2667.227
2026-05-16 18:12:29,083 INFO CSMF2.step_1_1_1.run :: [h] epoch=6 step=350 total=0.14673 batch=0.00006
2026-05-16 18:12:29,083 INFO CSMF2.step_1_1_1.run :: [lat] epoch=6 step=350 mean_l2=0.21985 std_l2=0.29911
2026-05-16 18:12:29,096 INFO CSMF2.step_1_1_1.run :: epoch=6 step=350/429 train_nll=-2675.111
2026-05-16 18:12:32,355 INFO CSMF2.step_1_1_1.run :: [h] epoch=6 step=400 total=0.14875 batch=0.00005
2026-05-16 18:12:32,356 INFO CSMF2.step_1_1_1.run :: [lat] epoch=6 step=400 mean_l2=0.24308 std_l2=0.54498
2026-05-16 18:12:32,364 INFO CSMF2.step_1_1_1.run :: epoch=6 step=400/429 train_nll=-2684.157
2026-05-16 18:12:36,587 INFO CSMF2.step_1_1_1.run :: epoch=6  train_nll=-2684.502  val_nll=-2675.031  t=32.1s
2026-05-16 18:12:36,587 INFO CSMF2.step_1_1_1.run :: [h_std] total=0.15485 batch=0.00059 (no penalty)
2026-05-16 18:12:36,587 INFO CSMF2.step_1_1_1.run :: [lat_epoch] mean_l2=0.25142 std_l2=0.74465 (no penalty)
2026-05-16 18:12:36,587 INFO CSMF2.step_1_1_1.run :: [grad] cond=12.8786 film_gain=0.0000
2026-05-16 18:12:43,399 INFO CSMF2.step_1_1_1.run :: [h] epoch=7 step=50 total=0.14747 batch=0.00005
2026-05-16 18:12:43,399 INFO CSMF2.step_1_1_1.run :: [lat] epoch=7 step=50 mean_l2=0.24362 std_l2=0.30922
2026-05-16 18:12:43,407 INFO CSMF2.step_1_1_1.run :: epoch=7 step=50/429 train_nll=-2724.029
2026-05-16 18:12:46,939 INFO CSMF2.step_1_1_1.run :: [h] epoch=7 step=100 total=0.13875 batch=0.00003
2026-05-16 18:12:46,939 INFO CSMF2.step_1_1_1.run :: [lat] epoch=7 step=100 mean_l2=0.39560 std_l2=1.40360
2026-05-16 18:12:46,949 INFO CSMF2.step_1_1_1.run :: epoch=7 step=100/429 train_nll=-2721.166
2026-05-16 18:12:50,663 INFO CSMF2.step_1_1_1.run :: [h] epoch=7 step=150 total=0.14993 batch=0.00003
2026-05-16 18:12:50,663 INFO CSMF2.step_1_1_1.run :: [lat] epoch=7 step=150 mean_l2=0.22424 std_l2=0.45033
2026-05-16 18:12:50,675 INFO CSMF2.step_1_1_1.run :: epoch=7 step=150/429 train_nll=-2725.967
2026-05-16 18:12:54,222 INFO CSMF2.step_1_1_1.run :: [h] epoch=7 step=200 total=0.14090 batch=0.00002
2026-05-16 18:12:54,223 INFO CSMF2.step_1_1_1.run :: [lat] epoch=7 step=200 mean_l2=0.19848 std_l2=0.26094
2026-05-16 18:12:54,232 INFO CSMF2.step_1_1_1.run :: epoch=7 step=200/429 train_nll=-2722.300
2026-05-16 18:12:57,765 INFO CSMF2.step_1_1_1.run :: [h] epoch=7 step=250 total=0.13730 batch=0.00002
2026-05-16 18:12:57,766 INFO CSMF2.step_1_1_1.run :: [lat] epoch=7 step=250 mean_l2=0.42010 std_l2=0.59077
2026-05-16 18:12:57,778 INFO CSMF2.step_1_1_1.run :: epoch=7 step=250/429 train_nll=-2725.695
2026-05-16 18:13:01,226 INFO CSMF2.step_1_1_1.run :: [h] epoch=7 step=300 total=0.12639 batch=0.00002
2026-05-16 18:13:01,227 INFO CSMF2.step_1_1_1.run :: [lat] epoch=7 step=300 mean_l2=0.35440 std_l2=0.82163
2026-05-16 18:13:01,235 INFO CSMF2.step_1_1_1.run :: epoch=7 step=300/429 train_nll=-2712.937
2026-05-16 18:13:04,805 INFO CSMF2.step_1_1_1.run :: [h] epoch=7 step=350 total=0.12856 batch=0.00002
2026-05-16 18:13:04,805 INFO CSMF2.step_1_1_1.run :: [lat] epoch=7 step=350 mean_l2=0.16227 std_l2=0.27498
2026-05-16 18:13:04,814 INFO CSMF2.step_1_1_1.run :: epoch=7 step=350/429 train_nll=-2716.163
2026-05-16 18:13:08,280 INFO CSMF2.step_1_1_1.run :: [h] epoch=7 step=400 total=0.13202 batch=0.00002
2026-05-16 18:13:08,280 INFO CSMF2.step_1_1_1.run :: [lat] epoch=7 step=400 mean_l2=0.27948 std_l2=0.34529
2026-05-16 18:13:08,292 INFO CSMF2.step_1_1_1.run :: epoch=7 step=400/429 train_nll=-2718.028
2026-05-16 18:13:13,142 INFO CSMF2.step_1_1_1.run :: epoch=7  train_nll=-2721.084  val_nll=-2773.189  t=33.3s
2026-05-16 18:13:13,142 INFO CSMF2.step_1_1_1.run :: [h_std] total=0.13396 batch=0.00003 (no penalty)
2026-05-16 18:13:13,142 INFO CSMF2.step_1_1_1.run :: [lat_epoch] mean_l2=0.24099 std_l2=0.74250 (no penalty)
2026-05-16 18:13:13,142 INFO CSMF2.step_1_1_1.run :: [grad] cond=8.9026 film_gain=0.0000
2026-05-16 18:13:19,816 INFO CSMF2.step_1_1_1.run :: [h] epoch=8 step=50 total=0.12539 batch=0.00002
2026-05-16 18:13:19,817 INFO CSMF2.step_1_1_1.run :: [lat] epoch=8 step=50 mean_l2=0.21217 std_l2=0.30235
2026-05-16 18:13:19,825 INFO CSMF2.step_1_1_1.run :: epoch=8 step=50/429 train_nll=-2724.893
2026-05-16 18:13:23,209 INFO CSMF2.step_1_1_1.run :: [h] epoch=8 step=100 total=0.12075 batch=0.00002
2026-05-16 18:13:23,209 INFO CSMF2.step_1_1_1.run :: [lat] epoch=8 step=100 mean_l2=0.16792 std_l2=0.63010
2026-05-16 18:13:23,218 INFO CSMF2.step_1_1_1.run :: epoch=8 step=100/429 train_nll=-2749.731
2026-05-16 18:13:26,669 INFO CSMF2.step_1_1_1.run :: [h] epoch=8 step=150 total=0.12285 batch=0.00002
2026-05-16 18:13:26,669 INFO CSMF2.step_1_1_1.run :: [lat] epoch=8 step=150 mean_l2=0.20494 std_l2=0.40383
2026-05-16 18:13:26,681 INFO CSMF2.step_1_1_1.run :: epoch=8 step=150/429 train_nll=-2741.674
2026-05-16 18:13:30,205 INFO CSMF2.step_1_1_1.run :: [h] epoch=8 step=200 total=0.12070 batch=0.00002
2026-05-16 18:13:30,205 INFO CSMF2.step_1_1_1.run :: [lat] epoch=8 step=200 mean_l2=0.23317 std_l2=1.34276
2026-05-16 18:13:30,213 INFO CSMF2.step_1_1_1.run :: epoch=8 step=200/429 train_nll=-2743.381
2026-05-16 18:13:33,746 INFO CSMF2.step_1_1_1.run :: [h] epoch=8 step=250 total=0.11654 batch=0.00002
2026-05-16 18:13:33,747 INFO CSMF2.step_1_1_1.run :: [lat] epoch=8 step=250 mean_l2=0.22381 std_l2=0.37710
2026-05-16 18:13:33,759 INFO CSMF2.step_1_1_1.run :: epoch=8 step=250/429 train_nll=-2753.582
2026-05-16 18:13:37,245 INFO CSMF2.step_1_1_1.run :: [h] epoch=8 step=300 total=0.11630 batch=0.00002
2026-05-16 18:13:37,245 INFO CSMF2.step_1_1_1.run :: [lat] epoch=8 step=300 mean_l2=0.31773 std_l2=0.78748
2026-05-16 18:13:37,254 INFO CSMF2.step_1_1_1.run :: epoch=8 step=300/429 train_nll=-2743.923
2026-05-16 18:13:40,855 INFO CSMF2.step_1_1_1.run :: [h] epoch=8 step=350 total=0.11466 batch=0.00003
2026-05-16 18:13:40,855 INFO CSMF2.step_1_1_1.run :: [lat] epoch=8 step=350 mean_l2=0.15268 std_l2=0.29977
2026-05-16 18:13:40,863 INFO CSMF2.step_1_1_1.run :: epoch=8 step=350/429 train_nll=-2738.810
2026-05-16 18:13:44,410 INFO CSMF2.step_1_1_1.run :: [h] epoch=8 step=400 total=0.11739 batch=0.00002
2026-05-16 18:13:44,411 INFO CSMF2.step_1_1_1.run :: [lat] epoch=8 step=400 mean_l2=0.24734 std_l2=0.39718
2026-05-16 18:13:44,423 INFO CSMF2.step_1_1_1.run :: epoch=8 step=400/429 train_nll=-2743.758
2026-05-16 18:13:49,048 INFO CSMF2.step_1_1_1.run :: epoch=8  train_nll=-2747.389  val_nll=-2788.023  t=32.7s
2026-05-16 18:13:49,049 INFO CSMF2.step_1_1_1.run :: [h_std] total=0.12111 batch=0.00002 (no penalty)
2026-05-16 18:13:49,049 INFO CSMF2.step_1_1_1.run :: [lat_epoch] mean_l2=0.23365 std_l2=0.74605 (no penalty)
2026-05-16 18:13:49,049 INFO CSMF2.step_1_1_1.run :: [grad] cond=10.7022 film_gain=0.0000
2026-05-16 18:13:55,700 INFO CSMF2.step_1_1_1.run :: [h] epoch=9 step=50 total=0.11246 batch=0.00002
2026-05-16 18:13:55,700 INFO CSMF2.step_1_1_1.run :: [lat] epoch=9 step=50 mean_l2=0.25350 std_l2=0.28318
2026-05-16 18:13:55,709 INFO CSMF2.step_1_1_1.run :: epoch=9 step=50/429 train_nll=-2782.698
2026-05-16 18:13:59,116 INFO CSMF2.step_1_1_1.run :: [h] epoch=9 step=100 total=0.11285 batch=0.00003
2026-05-16 18:13:59,116 INFO CSMF2.step_1_1_1.run :: [lat] epoch=9 step=100 mean_l2=0.19122 std_l2=0.60484
2026-05-16 18:13:59,124 INFO CSMF2.step_1_1_1.run :: epoch=9 step=100/429 train_nll=-2786.315
2026-05-16 18:14:02,489 INFO CSMF2.step_1_1_1.run :: [h] epoch=9 step=150 total=0.11439 batch=0.00002
2026-05-16 18:14:02,490 INFO CSMF2.step_1_1_1.run :: [lat] epoch=9 step=150 mean_l2=0.18128 std_l2=0.28248
2026-05-16 18:14:02,500 INFO CSMF2.step_1_1_1.run :: epoch=9 step=150/429 train_nll=-2789.449
2026-05-16 18:14:06,320 INFO CSMF2.step_1_1_1.run :: [h] epoch=9 step=200 total=0.10780 batch=0.00002
2026-05-16 18:14:06,320 INFO CSMF2.step_1_1_1.run :: [lat] epoch=9 step=200 mean_l2=0.19238 std_l2=0.22401
2026-05-16 18:14:06,333 INFO CSMF2.step_1_1_1.run :: epoch=9 step=200/429 train_nll=-2779.880
2026-05-16 18:14:09,844 INFO CSMF2.step_1_1_1.run :: [h] epoch=9 step=250 total=0.10932 batch=0.00002
2026-05-16 18:14:09,844 INFO CSMF2.step_1_1_1.run :: [lat] epoch=9 step=250 mean_l2=0.30121 std_l2=0.41213
2026-05-16 18:14:09,852 INFO CSMF2.step_1_1_1.run :: epoch=9 step=250/429 train_nll=-2783.924
2026-05-16 18:14:13,092 INFO CSMF2.step_1_1_1.run :: [h] epoch=9 step=300 total=0.11261 batch=0.00003
2026-05-16 18:14:13,092 INFO CSMF2.step_1_1_1.run :: [lat] epoch=9 step=300 mean_l2=0.22726 std_l2=0.37444
2026-05-16 18:14:13,104 INFO CSMF2.step_1_1_1.run :: epoch=9 step=300/429 train_nll=-2784.682
2026-05-16 18:14:16,681 INFO CSMF2.step_1_1_1.run :: [h] epoch=9 step=350 total=0.10899 batch=0.00003
2026-05-16 18:14:16,681 INFO CSMF2.step_1_1_1.run :: [lat] epoch=9 step=350 mean_l2=0.22632 std_l2=1.44537
2026-05-16 18:14:16,690 INFO CSMF2.step_1_1_1.run :: epoch=9 step=350/429 train_nll=-2782.810
2026-05-16 18:14:20,040 INFO CSMF2.step_1_1_1.run :: [h] epoch=9 step=400 total=0.10502 batch=0.00003
2026-05-16 18:14:20,041 INFO CSMF2.step_1_1_1.run :: [lat] epoch=9 step=400 mean_l2=0.13928 std_l2=0.36922
2026-05-16 18:14:20,053 INFO CSMF2.step_1_1_1.run :: epoch=9 step=400/429 train_nll=-2787.795
2026-05-16 18:14:24,391 INFO CSMF2.step_1_1_1.run :: epoch=9  train_nll=-2792.585  val_nll=-2814.267  t=32.1s
2026-05-16 18:14:24,391 INFO CSMF2.step_1_1_1.run :: [h_std] total=0.11116 batch=0.00003 (no penalty)
2026-05-16 18:14:24,391 INFO CSMF2.step_1_1_1.run :: [lat_epoch] mean_l2=0.21146 std_l2=0.76730 (no penalty)
2026-05-16 18:14:24,391 INFO CSMF2.step_1_1_1.run :: [grad] cond=14.4346 film_gain=0.0000
2026-05-16 18:14:31,597 INFO CSMF2.step_1_1_1.run :: [h] epoch=10 step=50 total=0.10470 batch=0.00003
2026-05-16 18:14:31,598 INFO CSMF2.step_1_1_1.run :: [lat] epoch=10 step=50 mean_l2=0.19672 std_l2=0.40603
2026-05-16 18:14:31,606 INFO CSMF2.step_1_1_1.run :: epoch=10 step=50/429 train_nll=-2774.326
2026-05-16 18:14:35,242 INFO CSMF2.step_1_1_1.run :: [h] epoch=10 step=100 total=0.10546 batch=0.00003
2026-05-16 18:14:35,242 INFO CSMF2.step_1_1_1.run :: [lat] epoch=10 step=100 mean_l2=0.11751 std_l2=0.58143
2026-05-16 18:14:35,251 INFO CSMF2.step_1_1_1.run :: epoch=10 step=100/429 train_nll=-2795.955
2026-05-16 18:14:38,765 INFO CSMF2.step_1_1_1.run :: [h] epoch=10 step=150 total=0.10816 batch=0.00003
2026-05-16 18:14:38,765 INFO CSMF2.step_1_1_1.run :: [lat] epoch=10 step=150 mean_l2=0.40666 std_l2=0.95942
2026-05-16 18:14:38,777 INFO CSMF2.step_1_1_1.run :: epoch=10 step=150/429 train_nll=-2787.118
2026-05-16 18:14:42,375 INFO CSMF2.step_1_1_1.run :: [h] epoch=10 step=200 total=0.10270 batch=0.00003
2026-05-16 18:14:42,376 INFO CSMF2.step_1_1_1.run :: [lat] epoch=10 step=200 mean_l2=0.17526 std_l2=0.29063
2026-05-16 18:14:42,389 INFO CSMF2.step_1_1_1.run :: epoch=10 step=200/429 train_nll=-2789.716
2026-05-16 18:14:46,168 INFO CSMF2.step_1_1_1.run :: [h] epoch=10 step=250 total=0.10313 batch=0.00003
2026-05-16 18:14:46,168 INFO CSMF2.step_1_1_1.run :: [lat] epoch=10 step=250 mean_l2=0.21236 std_l2=0.32366
2026-05-16 18:14:46,180 INFO CSMF2.step_1_1_1.run :: epoch=10 step=250/429 train_nll=-2798.360
2026-05-16 18:14:49,777 INFO CSMF2.step_1_1_1.run :: [h] epoch=10 step=300 total=0.10188 batch=0.00003
2026-05-16 18:14:49,777 INFO CSMF2.step_1_1_1.run :: [lat] epoch=10 step=300 mean_l2=0.29879 std_l2=2.92613
2026-05-16 18:14:49,785 INFO CSMF2.step_1_1_1.run :: epoch=10 step=300/429 train_nll=-2798.021
2026-05-16 18:14:53,099 INFO CSMF2.step_1_1_1.run :: [h] epoch=10 step=350 total=0.10124 batch=0.00003
2026-05-16 18:14:53,099 INFO CSMF2.step_1_1_1.run :: [lat] epoch=10 step=350 mean_l2=0.20884 std_l2=0.37078
2026-05-16 18:14:53,110 INFO CSMF2.step_1_1_1.run :: epoch=10 step=350/429 train_nll=-2797.185
2026-05-16 18:14:57,076 INFO CSMF2.step_1_1_1.run :: [h] epoch=10 step=400 total=0.10178 batch=0.00003
2026-05-16 18:14:57,077 INFO CSMF2.step_1_1_1.run :: [lat] epoch=10 step=400 mean_l2=0.18117 std_l2=0.54080
2026-05-16 18:14:57,086 INFO CSMF2.step_1_1_1.run :: epoch=10 step=400/429 train_nll=-2804.292
2026-05-16 18:15:01,970 INFO CSMF2.step_1_1_1.run :: epoch=10  train_nll=-2806.438  val_nll=-2775.601  t=34.3s
2026-05-16 18:15:01,970 INFO CSMF2.step_1_1_1.run :: [h_std] total=0.10447 batch=0.00003 (no penalty)
2026-05-16 18:15:01,970 INFO CSMF2.step_1_1_1.run :: [lat_epoch] mean_l2=0.21012 std_l2=0.87205 (no penalty)
2026-05-16 18:15:01,970 INFO CSMF2.step_1_1_1.run :: [grad] cond=14.1454 film_gain=0.0000
2026-05-16 18:15:09,050 INFO CSMF2.step_1_1_1.run :: [h] epoch=11 step=50 total=0.10124 batch=0.00003
2026-05-16 18:15:09,051 INFO CSMF2.step_1_1_1.run :: [lat] epoch=11 step=50 mean_l2=0.20904 std_l2=0.49629
2026-05-16 18:15:09,062 INFO CSMF2.step_1_1_1.run :: epoch=11 step=50/429 train_nll=-2843.976
2026-05-16 18:15:12,643 INFO CSMF2.step_1_1_1.run :: [h] epoch=11 step=100 total=0.09941 batch=0.00003
2026-05-16 18:15:12,644 INFO CSMF2.step_1_1_1.run :: [lat] epoch=11 step=100 mean_l2=0.16400 std_l2=0.25694
2026-05-16 18:15:12,652 INFO CSMF2.step_1_1_1.run :: epoch=11 step=100/429 train_nll=-2837.526
2026-05-16 18:15:16,232 INFO CSMF2.step_1_1_1.run :: [h] epoch=11 step=150 total=0.08997 batch=0.00001
2026-05-16 18:15:16,233 INFO CSMF2.step_1_1_1.run :: [lat] epoch=11 step=150 mean_l2=0.48783 std_l2=0.76301
2026-05-16 18:15:16,241 INFO CSMF2.step_1_1_1.run :: epoch=11 step=150/429 train_nll=-2801.821
2026-05-16 18:15:19,786 INFO CSMF2.step_1_1_1.run :: [h] epoch=11 step=200 total=0.09052 batch=0.00001
2026-05-16 18:15:19,786 INFO CSMF2.step_1_1_1.run :: [lat] epoch=11 step=200 mean_l2=0.22396 std_l2=0.20704
2026-05-16 18:15:19,798 INFO CSMF2.step_1_1_1.run :: epoch=11 step=200/429 train_nll=-2807.200
2026-05-16 18:15:23,258 INFO CSMF2.step_1_1_1.run :: [h] epoch=11 step=250 total=0.08928 batch=0.00001
2026-05-16 18:15:23,259 INFO CSMF2.step_1_1_1.run :: [lat] epoch=11 step=250 mean_l2=0.28749 std_l2=0.20503
2026-05-16 18:15:23,271 INFO CSMF2.step_1_1_1.run :: epoch=11 step=250/429 train_nll=-2820.874
2026-05-16 18:15:26,878 INFO CSMF2.step_1_1_1.run :: [h] epoch=11 step=300 total=0.08842 batch=0.00001
2026-05-16 18:15:26,879 INFO CSMF2.step_1_1_1.run :: [lat] epoch=11 step=300 mean_l2=0.17592 std_l2=0.80366
2026-05-16 18:15:26,891 INFO CSMF2.step_1_1_1.run :: epoch=11 step=300/429 train_nll=-2827.840
2026-05-16 18:15:30,335 INFO CSMF2.step_1_1_1.run :: [h] epoch=11 step=350 total=0.08877 batch=0.00001
2026-05-16 18:15:30,336 INFO CSMF2.step_1_1_1.run :: [lat] epoch=11 step=350 mean_l2=0.20499 std_l2=0.37219
2026-05-16 18:15:30,345 INFO CSMF2.step_1_1_1.run :: epoch=11 step=350/429 train_nll=-2832.279
2026-05-16 18:15:33,843 INFO CSMF2.step_1_1_1.run :: [h] epoch=11 step=400 total=0.08716 batch=0.00001
2026-05-16 18:15:33,844 INFO CSMF2.step_1_1_1.run :: [lat] epoch=11 step=400 mean_l2=0.19133 std_l2=0.39863
2026-05-16 18:15:33,852 INFO CSMF2.step_1_1_1.run :: epoch=11 step=400/429 train_nll=-2839.235
2026-05-16 18:15:38,150 INFO CSMF2.step_1_1_1.run :: epoch=11  train_nll=-2839.097  val_nll=-2719.722  t=32.9s
2026-05-16 18:15:38,150 INFO CSMF2.step_1_1_1.run :: [h_std] total=0.09251 batch=0.00001 (no penalty)
2026-05-16 18:15:38,150 INFO CSMF2.step_1_1_1.run :: [lat_epoch] mean_l2=0.20104 std_l2=0.87320 (no penalty)
2026-05-16 18:15:38,150 INFO CSMF2.step_1_1_1.run :: [grad] cond=17.8322 film_gain=0.0000
2026-05-16 18:15:44,912 INFO CSMF2.step_1_1_1.run :: [h] epoch=12 step=50 total=0.08764 batch=0.00001
2026-05-16 18:15:44,912 INFO CSMF2.step_1_1_1.run :: [lat] epoch=12 step=50 mean_l2=0.29477 std_l2=0.42781
2026-05-16 18:15:44,924 INFO CSMF2.step_1_1_1.run :: epoch=12 step=50/429 train_nll=-2846.975
2026-05-16 18:15:48,544 INFO CSMF2.step_1_1_1.run :: [h] epoch=12 step=100 total=0.08823 batch=0.00001
2026-05-16 18:15:48,545 INFO CSMF2.step_1_1_1.run :: [lat] epoch=12 step=100 mean_l2=0.13253 std_l2=0.42489
2026-05-16 18:15:48,553 INFO CSMF2.step_1_1_1.run :: epoch=12 step=100/429 train_nll=-2864.516
2026-05-16 18:15:52,063 INFO CSMF2.step_1_1_1.run :: [h] epoch=12 step=150 total=0.08809 batch=0.00001
2026-05-16 18:15:52,063 INFO CSMF2.step_1_1_1.run :: [lat] epoch=12 step=150 mean_l2=0.12557 std_l2=0.16193
2026-05-16 18:15:52,075 INFO CSMF2.step_1_1_1.run :: epoch=12 step=150/429 train_nll=-2871.500
2026-05-16 18:15:55,503 INFO CSMF2.step_1_1_1.run :: [h] epoch=12 step=200 total=0.08571 batch=0.00001
2026-05-16 18:15:55,503 INFO CSMF2.step_1_1_1.run :: [lat] epoch=12 step=200 mean_l2=0.26116 std_l2=0.42987
2026-05-16 18:15:55,511 INFO CSMF2.step_1_1_1.run :: epoch=12 step=200/429 train_nll=-2871.902
2026-05-16 18:15:59,034 INFO CSMF2.step_1_1_1.run :: [h] epoch=12 step=250 total=0.08605 batch=0.00001
2026-05-16 18:15:59,035 INFO CSMF2.step_1_1_1.run :: [lat] epoch=12 step=250 mean_l2=0.19498 std_l2=0.41748
2026-05-16 18:15:59,043 INFO CSMF2.step_1_1_1.run :: epoch=12 step=250/429 train_nll=-2873.059
2026-05-16 18:16:02,401 INFO CSMF2.step_1_1_1.run :: [h] epoch=12 step=300 total=0.08457 batch=0.00001
2026-05-16 18:16:02,401 INFO CSMF2.step_1_1_1.run :: [lat] epoch=12 step=300 mean_l2=0.12173 std_l2=0.98492
2026-05-16 18:16:02,413 INFO CSMF2.step_1_1_1.run :: epoch=12 step=300/429 train_nll=-2875.949
2026-05-16 18:16:05,849 INFO CSMF2.step_1_1_1.run :: [h] epoch=12 step=350 total=0.08350 batch=0.00001
2026-05-16 18:16:05,850 INFO CSMF2.step_1_1_1.run :: [lat] epoch=12 step=350 mean_l2=0.19112 std_l2=0.82804
2026-05-16 18:16:05,862 INFO CSMF2.step_1_1_1.run :: epoch=12 step=350/429 train_nll=-2877.898
2026-05-16 18:16:09,388 INFO CSMF2.step_1_1_1.run :: [h] epoch=12 step=400 total=0.08256 batch=0.00001
2026-05-16 18:16:09,388 INFO CSMF2.step_1_1_1.run :: [lat] epoch=12 step=400 mean_l2=0.21324 std_l2=0.28684
2026-05-16 18:16:09,400 INFO CSMF2.step_1_1_1.run :: epoch=12 step=400/429 train_nll=-2874.962
2026-05-16 18:16:13,582 INFO CSMF2.step_1_1_1.run :: epoch=12  train_nll=-2874.899  val_nll=-2817.968  t=32.2s
2026-05-16 18:16:13,582 INFO CSMF2.step_1_1_1.run :: [h_std] total=0.08616 batch=0.00001 (no penalty)
2026-05-16 18:16:13,582 INFO CSMF2.step_1_1_1.run :: [lat_epoch] mean_l2=0.18333 std_l2=0.60289 (no penalty)
2026-05-16 18:16:13,582 INFO CSMF2.step_1_1_1.run :: [grad] cond=25.7487 film_gain=0.0000
2026-05-16 18:16:20,572 INFO CSMF2.step_1_1_1.run :: [h] epoch=13 step=50 total=0.08117 batch=0.00001
2026-05-16 18:16:20,573 INFO CSMF2.step_1_1_1.run :: [lat] epoch=13 step=50 mean_l2=0.12663 std_l2=0.18423
2026-05-16 18:16:20,581 INFO CSMF2.step_1_1_1.run :: epoch=13 step=50/429 train_nll=-2895.618
2026-05-16 18:16:24,115 INFO CSMF2.step_1_1_1.run :: [h] epoch=13 step=100 total=0.08172 batch=0.00001
2026-05-16 18:16:24,116 INFO CSMF2.step_1_1_1.run :: [lat] epoch=13 step=100 mean_l2=0.13349 std_l2=0.38354
2026-05-16 18:16:24,126 INFO CSMF2.step_1_1_1.run :: epoch=13 step=100/429 train_nll=-2896.632
2026-05-16 18:16:27,637 INFO CSMF2.step_1_1_1.run :: [h] epoch=13 step=150 total=0.08092 batch=0.00001
2026-05-16 18:16:27,637 INFO CSMF2.step_1_1_1.run :: [lat] epoch=13 step=150 mean_l2=0.19465 std_l2=0.27299
2026-05-16 18:16:27,646 INFO CSMF2.step_1_1_1.run :: epoch=13 step=150/429 train_nll=-2891.102
2026-05-16 18:16:31,182 INFO CSMF2.step_1_1_1.run :: [h] epoch=13 step=200 total=0.08002 batch=0.00001
2026-05-16 18:16:31,182 INFO CSMF2.step_1_1_1.run :: [lat] epoch=13 step=200 mean_l2=0.26422 std_l2=0.25588
2026-05-16 18:16:31,191 INFO CSMF2.step_1_1_1.run :: epoch=13 step=200/429 train_nll=-2889.637
2026-05-16 18:16:34,652 INFO CSMF2.step_1_1_1.run :: [h] epoch=13 step=250 total=0.07817 batch=0.00000
2026-05-16 18:16:34,652 INFO CSMF2.step_1_1_1.run :: [lat] epoch=13 step=250 mean_l2=0.24672 std_l2=0.28710
2026-05-16 18:16:34,664 INFO CSMF2.step_1_1_1.run :: epoch=13 step=250/429 train_nll=-2894.024
2026-05-16 18:16:38,299 INFO CSMF2.step_1_1_1.run :: [h] epoch=13 step=300 total=0.07332 batch=0.00000
2026-05-16 18:16:38,300 INFO CSMF2.step_1_1_1.run :: [lat] epoch=13 step=300 mean_l2=0.11963 std_l2=0.93879
2026-05-16 18:16:38,309 INFO CSMF2.step_1_1_1.run :: epoch=13 step=300/429 train_nll=-2888.212
2026-05-16 18:16:41,836 INFO CSMF2.step_1_1_1.run :: [h] epoch=13 step=350 total=0.07664 batch=0.00000
2026-05-16 18:16:41,837 INFO CSMF2.step_1_1_1.run :: [lat] epoch=13 step=350 mean_l2=0.20206 std_l2=0.36347
2026-05-16 18:16:41,847 INFO CSMF2.step_1_1_1.run :: epoch=13 step=350/429 train_nll=-2889.523
2026-05-16 18:16:45,362 INFO CSMF2.step_1_1_1.run :: [h] epoch=13 step=400 total=0.07439 batch=0.00000
2026-05-16 18:16:45,362 INFO CSMF2.step_1_1_1.run :: [lat] epoch=13 step=400 mean_l2=0.22934 std_l2=0.73232
2026-05-16 18:16:45,370 INFO CSMF2.step_1_1_1.run :: epoch=13 step=400/429 train_nll=-2888.187
2026-05-16 18:16:49,895 INFO CSMF2.step_1_1_1.run :: epoch=13  train_nll=-2889.655  val_nll=-2883.080  t=33.0s
2026-05-16 18:16:49,895 INFO CSMF2.step_1_1_1.run :: [h_std] total=0.07881 batch=0.00000 (no penalty)
2026-05-16 18:16:49,895 INFO CSMF2.step_1_1_1.run :: [lat_epoch] mean_l2=0.17845 std_l2=0.60365 (no penalty)
2026-05-16 18:16:49,895 INFO CSMF2.step_1_1_1.run :: [grad] cond=2.8671 film_gain=0.0000
2026-05-16 18:16:56,686 INFO CSMF2.step_1_1_1.run :: [h] epoch=14 step=50 total=0.07356 batch=0.00000
2026-05-16 18:16:56,687 INFO CSMF2.step_1_1_1.run :: [lat] epoch=14 step=50 mean_l2=0.24589 std_l2=0.20660
2026-05-16 18:16:56,698 INFO CSMF2.step_1_1_1.run :: epoch=14 step=50/429 train_nll=-2935.198
2026-05-16 18:17:00,130 INFO CSMF2.step_1_1_1.run :: [h] epoch=14 step=100 total=0.07403 batch=0.00000
2026-05-16 18:17:00,130 INFO CSMF2.step_1_1_1.run :: [lat] epoch=14 step=100 mean_l2=0.15025 std_l2=0.14790
2026-05-16 18:17:00,142 INFO CSMF2.step_1_1_1.run :: epoch=14 step=100/429 train_nll=-2933.916
2026-05-16 18:17:03,452 INFO CSMF2.step_1_1_1.run :: [h] epoch=14 step=150 total=0.07330 batch=0.00000
2026-05-16 18:17:03,452 INFO CSMF2.step_1_1_1.run :: [lat] epoch=14 step=150 mean_l2=0.19371 std_l2=0.17743
2026-05-16 18:17:03,461 INFO CSMF2.step_1_1_1.run :: epoch=14 step=150/429 train_nll=-2927.024
2026-05-16 18:17:07,090 INFO CSMF2.step_1_1_1.run :: [h] epoch=14 step=200 total=0.07172 batch=0.00000
2026-05-16 18:17:07,091 INFO CSMF2.step_1_1_1.run :: [lat] epoch=14 step=200 mean_l2=0.14301 std_l2=0.22637
2026-05-16 18:17:07,103 INFO CSMF2.step_1_1_1.run :: epoch=14 step=200/429 train_nll=-2928.054
2026-05-16 18:17:10,809 INFO CSMF2.step_1_1_1.run :: [h] epoch=14 step=250 total=0.07135 batch=0.00000
2026-05-16 18:17:10,809 INFO CSMF2.step_1_1_1.run :: [lat] epoch=14 step=250 mean_l2=0.26906 std_l2=0.19997
2026-05-16 18:17:10,820 INFO CSMF2.step_1_1_1.run :: epoch=14 step=250/429 train_nll=-2930.511
2026-05-16 18:17:14,673 INFO CSMF2.step_1_1_1.run :: [h] epoch=14 step=300 total=0.07047 batch=0.00000
2026-05-16 18:17:14,673 INFO CSMF2.step_1_1_1.run :: [lat] epoch=14 step=300 mean_l2=0.22726 std_l2=0.74667
2026-05-16 18:17:14,683 INFO CSMF2.step_1_1_1.run :: epoch=14 step=300/429 train_nll=-2927.816
2026-05-16 18:17:18,391 INFO CSMF2.step_1_1_1.run :: [h] epoch=14 step=350 total=0.07026 batch=0.00000
2026-05-16 18:17:18,391 INFO CSMF2.step_1_1_1.run :: [lat] epoch=14 step=350 mean_l2=0.30109 std_l2=0.80895
2026-05-16 18:17:18,400 INFO CSMF2.step_1_1_1.run :: epoch=14 step=350/429 train_nll=-2926.068
2026-05-16 18:17:22,067 INFO CSMF2.step_1_1_1.run :: [h] epoch=14 step=400 total=0.06887 batch=0.00000
2026-05-16 18:17:22,068 INFO CSMF2.step_1_1_1.run :: [lat] epoch=14 step=400 mean_l2=0.12430 std_l2=0.38265
2026-05-16 18:17:22,077 INFO CSMF2.step_1_1_1.run :: epoch=14 step=400/429 train_nll=-2921.813
2026-05-16 18:17:26,581 INFO CSMF2.step_1_1_1.run :: epoch=14  train_nll=-2921.937  val_nll=-2856.596  t=33.5s
2026-05-16 18:17:26,581 INFO CSMF2.step_1_1_1.run :: [h_std] total=0.07183 batch=0.00000 (no penalty)
2026-05-16 18:17:26,581 INFO CSMF2.step_1_1_1.run :: [lat_epoch] mean_l2=0.16879 std_l2=0.58381 (no penalty)
2026-05-16 18:17:26,581 INFO CSMF2.step_1_1_1.run :: [grad] cond=10.3701 film_gain=0.0000
2026-05-16 18:17:33,282 INFO CSMF2.step_1_1_1.run :: [h] epoch=15 step=50 total=0.06880 batch=0.00000
2026-05-16 18:17:33,283 INFO CSMF2.step_1_1_1.run :: [lat] epoch=15 step=50 mean_l2=0.10682 std_l2=0.14927
2026-05-16 18:17:33,295 INFO CSMF2.step_1_1_1.run :: epoch=15 step=50/429 train_nll=-2910.727
2026-05-16 18:17:36,771 INFO CSMF2.step_1_1_1.run :: [h] epoch=15 step=100 total=0.06816 batch=0.00000
2026-05-16 18:17:36,772 INFO CSMF2.step_1_1_1.run :: [lat] epoch=15 step=100 mean_l2=0.17827 std_l2=0.29735
2026-05-16 18:17:36,780 INFO CSMF2.step_1_1_1.run :: epoch=15 step=100/429 train_nll=-2919.626
2026-05-16 18:17:40,408 INFO CSMF2.step_1_1_1.run :: [h] epoch=15 step=150 total=0.06673 batch=0.00000
2026-05-16 18:17:40,409 INFO CSMF2.step_1_1_1.run :: [lat] epoch=15 step=150 mean_l2=0.18615 std_l2=0.13476
2026-05-16 18:17:40,420 INFO CSMF2.step_1_1_1.run :: epoch=15 step=150/429 train_nll=-2923.381
2026-05-16 18:17:44,075 INFO CSMF2.step_1_1_1.run :: [h] epoch=15 step=200 total=0.06625 batch=0.00000
2026-05-16 18:17:44,076 INFO CSMF2.step_1_1_1.run :: [lat] epoch=15 step=200 mean_l2=0.17878 std_l2=0.31735
2026-05-16 18:17:44,084 INFO CSMF2.step_1_1_1.run :: epoch=15 step=200/429 train_nll=-2928.400
2026-05-16 18:17:47,611 INFO CSMF2.step_1_1_1.run :: [h] epoch=15 step=250 total=0.06630 batch=0.00000
2026-05-16 18:17:47,611 INFO CSMF2.step_1_1_1.run :: [lat] epoch=15 step=250 mean_l2=0.27545 std_l2=0.38684
2026-05-16 18:17:47,623 INFO CSMF2.step_1_1_1.run :: epoch=15 step=250/429 train_nll=-2928.440
2026-05-16 18:17:51,087 INFO CSMF2.step_1_1_1.run :: [h] epoch=15 step=300 total=0.06546 batch=0.00000
2026-05-16 18:17:51,087 INFO CSMF2.step_1_1_1.run :: [lat] epoch=15 step=300 mean_l2=0.20874 std_l2=0.68944
2026-05-16 18:17:51,096 INFO CSMF2.step_1_1_1.run :: epoch=15 step=300/429 train_nll=-2923.727
2026-05-16 18:17:54,527 INFO CSMF2.step_1_1_1.run :: [h] epoch=15 step=350 total=0.06454 batch=0.00000
2026-05-16 18:17:54,527 INFO CSMF2.step_1_1_1.run :: [lat] epoch=15 step=350 mean_l2=0.14868 std_l2=0.53304
2026-05-16 18:17:54,536 INFO CSMF2.step_1_1_1.run :: epoch=15 step=350/429 train_nll=-2921.488
2026-05-16 18:17:58,166 INFO CSMF2.step_1_1_1.run :: [h] epoch=15 step=400 total=0.06494 batch=0.00000
2026-05-16 18:17:58,166 INFO CSMF2.step_1_1_1.run :: [lat] epoch=15 step=400 mean_l2=0.13746 std_l2=0.97909
2026-05-16 18:17:58,175 INFO CSMF2.step_1_1_1.run :: epoch=15 step=400/429 train_nll=-2923.216
2026-05-16 18:18:02,729 INFO CSMF2.step_1_1_1.run :: epoch=15  train_nll=-2925.827  val_nll=-2860.874  t=32.9s
2026-05-16 18:18:02,729 INFO CSMF2.step_1_1_1.run :: [h_std] total=0.06647 batch=0.00000 (no penalty)
2026-05-16 18:18:02,729 INFO CSMF2.step_1_1_1.run :: [lat_epoch] mean_l2=0.16263 std_l2=0.59749 (no penalty)
2026-05-16 18:18:02,729 INFO CSMF2.step_1_1_1.run :: [grad] cond=5.7180 film_gain=0.0000
2026-05-16 18:18:09,331 INFO CSMF2.step_1_1_1.run :: [h] epoch=16 step=50 total=0.06386 batch=0.00000
2026-05-16 18:18:09,332 INFO CSMF2.step_1_1_1.run :: [lat] epoch=16 step=50 mean_l2=0.13964 std_l2=0.21891
2026-05-16 18:18:09,344 INFO CSMF2.step_1_1_1.run :: epoch=16 step=50/429 train_nll=-2931.948
2026-05-16 18:18:12,934 INFO CSMF2.step_1_1_1.run :: [h] epoch=16 step=100 total=0.06256 batch=0.00000
2026-05-16 18:18:12,934 INFO CSMF2.step_1_1_1.run :: [lat] epoch=16 step=100 mean_l2=0.15685 std_l2=0.24850
2026-05-16 18:18:12,946 INFO CSMF2.step_1_1_1.run :: epoch=16 step=100/429 train_nll=-2932.207
2026-05-16 18:18:16,955 INFO CSMF2.step_1_1_1.run :: [h] epoch=16 step=150 total=0.06223 batch=0.00000
2026-05-16 18:18:16,956 INFO CSMF2.step_1_1_1.run :: [lat] epoch=16 step=150 mean_l2=0.14470 std_l2=0.18701
2026-05-16 18:18:16,966 INFO CSMF2.step_1_1_1.run :: epoch=16 step=150/429 train_nll=-2938.582
2026-05-16 18:18:20,625 INFO CSMF2.step_1_1_1.run :: [h] epoch=16 step=200 total=0.06213 batch=0.00000
2026-05-16 18:18:20,626 INFO CSMF2.step_1_1_1.run :: [lat] epoch=16 step=200 mean_l2=0.13794 std_l2=0.28818
2026-05-16 18:18:20,635 INFO CSMF2.step_1_1_1.run :: epoch=16 step=200/429 train_nll=-2939.741
2026-05-16 18:18:24,163 INFO CSMF2.step_1_1_1.run :: [h] epoch=16 step=250 total=0.06182 batch=0.00000
2026-05-16 18:18:24,164 INFO CSMF2.step_1_1_1.run :: [lat] epoch=16 step=250 mean_l2=0.22809 std_l2=0.42770
2026-05-16 18:18:24,176 INFO CSMF2.step_1_1_1.run :: epoch=16 step=250/429 train_nll=-2931.699
2026-05-16 18:18:27,460 INFO CSMF2.step_1_1_1.run :: [h] epoch=16 step=300 total=0.05976 batch=0.00000
2026-05-16 18:18:27,460 INFO CSMF2.step_1_1_1.run :: [lat] epoch=16 step=300 mean_l2=0.16009 std_l2=0.77992
2026-05-16 18:18:27,468 INFO CSMF2.step_1_1_1.run :: epoch=16 step=300/429 train_nll=-2930.560
2026-05-16 18:18:30,905 INFO CSMF2.step_1_1_1.run :: [h] epoch=16 step=350 total=0.05987 batch=0.00000
2026-05-16 18:18:30,906 INFO CSMF2.step_1_1_1.run :: [lat] epoch=16 step=350 mean_l2=0.23132 std_l2=1.20590
2026-05-16 18:18:30,915 INFO CSMF2.step_1_1_1.run :: epoch=16 step=350/429 train_nll=-2930.793
2026-05-16 18:18:34,510 INFO CSMF2.step_1_1_1.run :: [h] epoch=16 step=400 total=0.05909 batch=0.00000
2026-05-16 18:18:34,510 INFO CSMF2.step_1_1_1.run :: [lat] epoch=16 step=400 mean_l2=0.19555 std_l2=0.34301
2026-05-16 18:18:34,521 INFO CSMF2.step_1_1_1.run :: epoch=16 step=400/429 train_nll=-2930.978
2026-05-16 18:18:39,062 INFO CSMF2.step_1_1_1.run :: epoch=16  train_nll=-2931.939  val_nll=-2893.910  t=33.1s
2026-05-16 18:18:39,062 INFO CSMF2.step_1_1_1.run :: [h_std] total=0.06145 batch=0.00000 (no penalty)
2026-05-16 18:18:39,062 INFO CSMF2.step_1_1_1.run :: [lat_epoch] mean_l2=0.16346 std_l2=0.72519 (no penalty)
2026-05-16 18:18:39,062 INFO CSMF2.step_1_1_1.run :: [grad] cond=2.5900 film_gain=0.0000
2026-05-16 18:18:45,780 INFO CSMF2.step_1_1_1.run :: [h] epoch=17 step=50 total=0.05841 batch=0.00000
2026-05-16 18:18:45,780 INFO CSMF2.step_1_1_1.run :: [lat] epoch=17 step=50 mean_l2=0.13393 std_l2=0.30342
2026-05-16 18:18:45,789 INFO CSMF2.step_1_1_1.run :: epoch=17 step=50/429 train_nll=-2958.824
2026-05-16 18:18:49,216 INFO CSMF2.step_1_1_1.run :: [h] epoch=17 step=100 total=0.05814 batch=0.00000
2026-05-16 18:18:49,216 INFO CSMF2.step_1_1_1.run :: [lat] epoch=17 step=100 mean_l2=0.12936 std_l2=0.18170
2026-05-16 18:18:49,228 INFO CSMF2.step_1_1_1.run :: epoch=17 step=100/429 train_nll=-2965.369
2026-05-16 18:18:52,768 INFO CSMF2.step_1_1_1.run :: [h] epoch=17 step=150 total=0.05697 batch=0.00000
2026-05-16 18:18:52,769 INFO CSMF2.step_1_1_1.run :: [lat] epoch=17 step=150 mean_l2=0.13071 std_l2=0.13126
2026-05-16 18:18:52,781 INFO CSMF2.step_1_1_1.run :: epoch=17 step=150/429 train_nll=-2963.607
2026-05-16 18:18:56,422 INFO CSMF2.step_1_1_1.run :: [h] epoch=17 step=200 total=0.05692 batch=0.00000
2026-05-16 18:18:56,423 INFO CSMF2.step_1_1_1.run :: [lat] epoch=17 step=200 mean_l2=0.20461 std_l2=0.21698
2026-05-16 18:18:56,432 INFO CSMF2.step_1_1_1.run :: epoch=17 step=200/429 train_nll=-2966.503
2026-05-16 18:19:00,112 INFO CSMF2.step_1_1_1.run :: [h] epoch=17 step=250 total=0.05508 batch=0.00000
2026-05-16 18:19:00,113 INFO CSMF2.step_1_1_1.run :: [lat] epoch=17 step=250 mean_l2=0.18208 std_l2=0.15802
2026-05-16 18:19:00,121 INFO CSMF2.step_1_1_1.run :: epoch=17 step=250/429 train_nll=-2960.868
2026-05-16 18:19:03,560 INFO CSMF2.step_1_1_1.run :: [h] epoch=17 step=300 total=0.05561 batch=0.00000
2026-05-16 18:19:03,560 INFO CSMF2.step_1_1_1.run :: [lat] epoch=17 step=300 mean_l2=0.12882 std_l2=0.27828
2026-05-16 18:19:03,572 INFO CSMF2.step_1_1_1.run :: epoch=17 step=300/429 train_nll=-2961.738
2026-05-16 18:19:07,103 INFO CSMF2.step_1_1_1.run :: [h] epoch=17 step=350 total=0.05522 batch=0.00000
2026-05-16 18:19:07,103 INFO CSMF2.step_1_1_1.run :: [lat] epoch=17 step=350 mean_l2=0.15662 std_l2=0.38444
2026-05-16 18:19:07,116 INFO CSMF2.step_1_1_1.run :: epoch=17 step=350/429 train_nll=-2961.234
2026-05-16 18:19:10,586 INFO CSMF2.step_1_1_1.run :: [h] epoch=17 step=400 total=0.05481 batch=0.00000
2026-05-16 18:19:10,587 INFO CSMF2.step_1_1_1.run :: [lat] epoch=17 step=400 mean_l2=0.11972 std_l2=0.28500
2026-05-16 18:19:10,595 INFO CSMF2.step_1_1_1.run :: epoch=17 step=400/429 train_nll=-2962.793
2026-05-16 18:19:14,991 INFO CSMF2.step_1_1_1.run :: epoch=17  train_nll=-2961.534  val_nll=-2867.022  t=32.7s
2026-05-16 18:19:14,991 INFO CSMF2.step_1_1_1.run :: [h_std] total=0.05651 batch=0.00000 (no penalty)
2026-05-16 18:19:14,991 INFO CSMF2.step_1_1_1.run :: [lat_epoch] mean_l2=0.15228 std_l2=0.52557 (no penalty)
2026-05-16 18:19:14,992 INFO CSMF2.step_1_1_1.run :: [grad] cond=7.2068 film_gain=0.0000
2026-05-16 18:19:21,859 INFO CSMF2.step_1_1_1.run :: [h] epoch=18 step=50 total=0.05377 batch=0.00000
2026-05-16 18:19:21,859 INFO CSMF2.step_1_1_1.run :: [lat] epoch=18 step=50 mean_l2=0.12327 std_l2=0.45151
2026-05-16 18:19:21,871 INFO CSMF2.step_1_1_1.run :: epoch=18 step=50/429 train_nll=-2945.731
2026-05-16 18:19:25,427 INFO CSMF2.step_1_1_1.run :: [h] epoch=18 step=100 total=0.05371 batch=0.00000
2026-05-16 18:19:25,428 INFO CSMF2.step_1_1_1.run :: [lat] epoch=18 step=100 mean_l2=0.18930 std_l2=0.12661
2026-05-16 18:19:25,437 INFO CSMF2.step_1_1_1.run :: epoch=18 step=100/429 train_nll=-2953.489
2026-05-16 18:19:29,015 INFO CSMF2.step_1_1_1.run :: [h] epoch=18 step=150 total=0.05289 batch=0.00000
2026-05-16 18:19:29,015 INFO CSMF2.step_1_1_1.run :: [lat] epoch=18 step=150 mean_l2=0.10061 std_l2=0.49957
2026-05-16 18:19:29,027 INFO CSMF2.step_1_1_1.run :: epoch=18 step=150/429 train_nll=-2950.712
2026-05-16 18:19:32,566 INFO CSMF2.step_1_1_1.run :: [h] epoch=18 step=200 total=0.05301 batch=0.00000
2026-05-16 18:19:32,566 INFO CSMF2.step_1_1_1.run :: [lat] epoch=18 step=200 mean_l2=0.10577 std_l2=0.14228
2026-05-16 18:19:32,574 INFO CSMF2.step_1_1_1.run :: epoch=18 step=200/429 train_nll=-2952.333
2026-05-16 18:19:35,988 INFO CSMF2.step_1_1_1.run :: [h] epoch=18 step=250 total=0.05243 batch=0.00000
2026-05-16 18:19:35,988 INFO CSMF2.step_1_1_1.run :: [lat] epoch=18 step=250 mean_l2=0.15437 std_l2=0.48637
2026-05-16 18:19:35,996 INFO CSMF2.step_1_1_1.run :: epoch=18 step=250/429 train_nll=-2958.250
2026-05-16 18:19:39,585 INFO CSMF2.step_1_1_1.run :: [h] epoch=18 step=300 total=0.05194 batch=0.00000
2026-05-16 18:19:39,585 INFO CSMF2.step_1_1_1.run :: [lat] epoch=18 step=300 mean_l2=0.14515 std_l2=0.40512
2026-05-16 18:19:39,593 INFO CSMF2.step_1_1_1.run :: epoch=18 step=300/429 train_nll=-2957.402
2026-05-16 18:19:43,117 INFO CSMF2.step_1_1_1.run :: [h] epoch=18 step=350 total=0.05197 batch=0.00000
2026-05-16 18:19:43,117 INFO CSMF2.step_1_1_1.run :: [lat] epoch=18 step=350 mean_l2=0.11665 std_l2=0.43807
2026-05-16 18:19:43,125 INFO CSMF2.step_1_1_1.run :: epoch=18 step=350/429 train_nll=-2958.392
2026-05-16 18:19:46,722 INFO CSMF2.step_1_1_1.run :: [h] epoch=18 step=400 total=0.05146 batch=0.00000
2026-05-16 18:19:46,723 INFO CSMF2.step_1_1_1.run :: [lat] epoch=18 step=400 mean_l2=0.10172 std_l2=0.54395
2026-05-16 18:19:46,735 INFO CSMF2.step_1_1_1.run :: epoch=18 step=400/429 train_nll=-2961.095
2026-05-16 18:19:51,002 INFO CSMF2.step_1_1_1.run :: epoch=18  train_nll=-2962.677  val_nll=-2848.646  t=32.7s
2026-05-16 18:19:51,002 INFO CSMF2.step_1_1_1.run :: [h_std] total=0.05272 batch=0.00000 (no penalty)
2026-05-16 18:19:51,002 INFO CSMF2.step_1_1_1.run :: [lat_epoch] mean_l2=0.15347 std_l2=0.56922 (no penalty)
2026-05-16 18:19:51,002 INFO CSMF2.step_1_1_1.run :: [grad] cond=9.5325 film_gain=0.0000
2026-05-16 18:19:57,804 INFO CSMF2.step_1_1_1.run :: [h] epoch=19 step=50 total=0.05107 batch=0.00000
2026-05-16 18:19:57,804 INFO CSMF2.step_1_1_1.run :: [lat] epoch=19 step=50 mean_l2=0.12143 std_l2=0.10383
2026-05-16 18:19:57,815 INFO CSMF2.step_1_1_1.run :: epoch=19 step=50/429 train_nll=-2955.747
2026-05-16 18:20:01,306 INFO CSMF2.step_1_1_1.run :: [h] epoch=19 step=100 total=0.05038 batch=0.00000
2026-05-16 18:20:01,306 INFO CSMF2.step_1_1_1.run :: [lat] epoch=19 step=100 mean_l2=0.16933 std_l2=0.59482
2026-05-16 18:20:01,315 INFO CSMF2.step_1_1_1.run :: epoch=19 step=100/429 train_nll=-2978.784
2026-05-16 18:20:04,881 INFO CSMF2.step_1_1_1.run :: [h] epoch=19 step=150 total=0.05011 batch=0.00000
2026-05-16 18:20:04,882 INFO CSMF2.step_1_1_1.run :: [lat] epoch=19 step=150 mean_l2=0.10085 std_l2=0.12961
2026-05-16 18:20:04,894 INFO CSMF2.step_1_1_1.run :: epoch=19 step=150/429 train_nll=-2969.758
2026-05-16 18:20:08,640 INFO CSMF2.step_1_1_1.run :: [h] epoch=19 step=200 total=0.04958 batch=0.00000
2026-05-16 18:20:08,641 INFO CSMF2.step_1_1_1.run :: [lat] epoch=19 step=200 mean_l2=0.14586 std_l2=0.16439
2026-05-16 18:20:08,653 INFO CSMF2.step_1_1_1.run :: epoch=19 step=200/429 train_nll=-2971.040
2026-05-16 18:20:12,127 INFO CSMF2.step_1_1_1.run :: [h] epoch=19 step=250 total=0.04964 batch=0.00000
2026-05-16 18:20:12,127 INFO CSMF2.step_1_1_1.run :: [lat] epoch=19 step=250 mean_l2=0.10897 std_l2=0.69212
2026-05-16 18:20:12,137 INFO CSMF2.step_1_1_1.run :: epoch=19 step=250/429 train_nll=-2977.119
2026-05-16 18:20:15,747 INFO CSMF2.step_1_1_1.run :: [h] epoch=19 step=300 total=0.04930 batch=0.00000
2026-05-16 18:20:15,747 INFO CSMF2.step_1_1_1.run :: [lat] epoch=19 step=300 mean_l2=0.14439 std_l2=0.46135
2026-05-16 18:20:15,757 INFO CSMF2.step_1_1_1.run :: epoch=19 step=300/429 train_nll=-2979.568
2026-05-16 18:20:19,492 INFO CSMF2.step_1_1_1.run :: [h] epoch=19 step=350 total=0.04905 batch=0.00000
2026-05-16 18:20:19,492 INFO CSMF2.step_1_1_1.run :: [lat] epoch=19 step=350 mean_l2=0.13115 std_l2=0.53703
2026-05-16 18:20:19,501 INFO CSMF2.step_1_1_1.run :: epoch=19 step=350/429 train_nll=-2982.596
2026-05-16 18:20:23,114 INFO CSMF2.step_1_1_1.run :: [h] epoch=19 step=400 total=0.04828 batch=0.00000
2026-05-16 18:20:23,114 INFO CSMF2.step_1_1_1.run :: [lat] epoch=19 step=400 mean_l2=0.09118 std_l2=0.30811
2026-05-16 18:20:23,126 INFO CSMF2.step_1_1_1.run :: epoch=19 step=400/429 train_nll=-2984.133
2026-05-16 18:20:27,426 INFO CSMF2.step_1_1_1.run :: epoch=19  train_nll=-2984.048  val_nll=-2907.566  t=33.2s
2026-05-16 18:20:27,426 INFO CSMF2.step_1_1_1.run :: [h_std] total=0.04987 batch=0.00000 (no penalty)
2026-05-16 18:20:27,426 INFO CSMF2.step_1_1_1.run :: [lat_epoch] mean_l2=0.14221 std_l2=0.71019 (no penalty)
2026-05-16 18:20:27,427 INFO CSMF2.step_1_1_1.run :: [grad] cond=5.3327 film_gain=0.0000
2026-05-16 18:20:34,230 INFO CSMF2.step_1_1_1.run :: [h] epoch=20 step=50 total=0.04831 batch=0.00000
2026-05-16 18:20:34,230 INFO CSMF2.step_1_1_1.run :: [lat] epoch=20 step=50 mean_l2=0.16178 std_l2=0.13597
2026-05-16 18:20:34,238 INFO CSMF2.step_1_1_1.run :: epoch=20 step=50/429 train_nll=-2954.233
2026-05-16 18:20:37,692 INFO CSMF2.step_1_1_1.run :: [h] epoch=20 step=100 total=0.04807 batch=0.00000
2026-05-16 18:20:37,693 INFO CSMF2.step_1_1_1.run :: [lat] epoch=20 step=100 mean_l2=0.15004 std_l2=1.42706
2026-05-16 18:20:37,701 INFO CSMF2.step_1_1_1.run :: epoch=20 step=100/429 train_nll=-2975.888
2026-05-16 18:20:41,012 INFO CSMF2.step_1_1_1.run :: [h] epoch=20 step=150 total=0.04761 batch=0.00000
2026-05-16 18:20:41,013 INFO CSMF2.step_1_1_1.run :: [lat] epoch=20 step=150 mean_l2=0.10209 std_l2=0.39307
2026-05-16 18:20:41,024 INFO CSMF2.step_1_1_1.run :: epoch=20 step=150/429 train_nll=-2972.137
2026-05-16 18:20:44,492 INFO CSMF2.step_1_1_1.run :: [h] epoch=20 step=200 total=0.04741 batch=0.00000
2026-05-16 18:20:44,493 INFO CSMF2.step_1_1_1.run :: [lat] epoch=20 step=200 mean_l2=0.16094 std_l2=0.36567
2026-05-16 18:20:44,502 INFO CSMF2.step_1_1_1.run :: epoch=20 step=200/429 train_nll=-2979.877
2026-05-16 18:20:48,106 INFO CSMF2.step_1_1_1.run :: [h] epoch=20 step=250 total=0.04755 batch=0.00000
2026-05-16 18:20:48,106 INFO CSMF2.step_1_1_1.run :: [lat] epoch=20 step=250 mean_l2=0.26456 std_l2=0.13172
2026-05-16 18:20:48,119 INFO CSMF2.step_1_1_1.run :: epoch=20 step=250/429 train_nll=-2985.252
2026-05-16 18:20:51,633 INFO CSMF2.step_1_1_1.run :: [h] epoch=20 step=300 total=0.04713 batch=0.00000
2026-05-16 18:20:51,634 INFO CSMF2.step_1_1_1.run :: [lat] epoch=20 step=300 mean_l2=0.16309 std_l2=0.12122
2026-05-16 18:20:51,642 INFO CSMF2.step_1_1_1.run :: epoch=20 step=300/429 train_nll=-2987.062
2026-05-16 18:20:54,934 INFO CSMF2.step_1_1_1.run :: [h] epoch=20 step=350 total=0.04691 batch=0.00000
2026-05-16 18:20:54,935 INFO CSMF2.step_1_1_1.run :: [lat] epoch=20 step=350 mean_l2=0.15564 std_l2=0.20285
2026-05-16 18:20:54,943 INFO CSMF2.step_1_1_1.run :: epoch=20 step=350/429 train_nll=-2989.535
2026-05-16 18:20:58,516 INFO CSMF2.step_1_1_1.run :: [h] epoch=20 step=400 total=0.04646 batch=0.00000
2026-05-16 18:20:58,516 INFO CSMF2.step_1_1_1.run :: [lat] epoch=20 step=400 mean_l2=0.17330 std_l2=0.26751
2026-05-16 18:20:58,524 INFO CSMF2.step_1_1_1.run :: epoch=20 step=400/429 train_nll=-2990.446
2026-05-16 18:21:02,498 INFO CSMF2.step_1_1_1.run :: epoch=20  train_nll=-2993.052  val_nll=-2942.689  t=31.9s
2026-05-16 18:21:02,498 INFO CSMF2.step_1_1_1.run :: [h_std] total=0.04747 batch=0.00000 (no penalty)
2026-05-16 18:21:02,498 INFO CSMF2.step_1_1_1.run :: [lat_epoch] mean_l2=0.14480 std_l2=0.60910 (no penalty)
2026-05-16 18:21:02,498 INFO CSMF2.step_1_1_1.run :: [grad] cond=7.0251 film_gain=0.0000
2026-05-16 18:21:09,485 INFO CSMF2.step_1_1_1.run :: [h] epoch=21 step=50 total=0.04611 batch=0.00000
2026-05-16 18:21:09,485 INFO CSMF2.step_1_1_1.run :: [lat] epoch=21 step=50 mean_l2=0.14750 std_l2=0.19712
2026-05-16 18:21:09,494 INFO CSMF2.step_1_1_1.run :: epoch=21 step=50/429 train_nll=-2958.991
2026-05-16 18:21:13,309 INFO CSMF2.step_1_1_1.run :: [h] epoch=21 step=100 total=0.04522 batch=0.00000
2026-05-16 18:21:13,310 INFO CSMF2.step_1_1_1.run :: [lat] epoch=21 step=100 mean_l2=0.15421 std_l2=0.33616
2026-05-16 18:21:13,320 INFO CSMF2.step_1_1_1.run :: epoch=21 step=100/429 train_nll=-2978.389
2026-05-16 18:21:17,035 INFO CSMF2.step_1_1_1.run :: [h] epoch=21 step=150 total=0.04521 batch=0.00000
2026-05-16 18:21:17,035 INFO CSMF2.step_1_1_1.run :: [lat] epoch=21 step=150 mean_l2=0.18401 std_l2=0.11416
2026-05-16 18:21:17,047 INFO CSMF2.step_1_1_1.run :: epoch=21 step=150/429 train_nll=-2966.884
2026-05-16 18:21:20,587 INFO CSMF2.step_1_1_1.run :: [h] epoch=21 step=200 total=0.04494 batch=0.00000
2026-05-16 18:21:20,587 INFO CSMF2.step_1_1_1.run :: [lat] epoch=21 step=200 mean_l2=0.18227 std_l2=0.51859
2026-05-16 18:21:20,596 INFO CSMF2.step_1_1_1.run :: epoch=21 step=200/429 train_nll=-2972.256
2026-05-16 18:21:24,235 INFO CSMF2.step_1_1_1.run :: [h] epoch=21 step=250 total=0.04383 batch=0.00000
2026-05-16 18:21:24,236 INFO CSMF2.step_1_1_1.run :: [lat] epoch=21 step=250 mean_l2=0.21921 std_l2=0.26223
2026-05-16 18:21:24,248 INFO CSMF2.step_1_1_1.run :: epoch=21 step=250/429 train_nll=-2978.143
2026-05-16 18:21:27,895 INFO CSMF2.step_1_1_1.run :: [h] epoch=21 step=300 total=0.04330 batch=0.00000
2026-05-16 18:21:27,895 INFO CSMF2.step_1_1_1.run :: [lat] epoch=21 step=300 mean_l2=0.10675 std_l2=1.03773
2026-05-16 18:21:27,907 INFO CSMF2.step_1_1_1.run :: epoch=21 step=300/429 train_nll=-2977.151
2026-05-16 18:21:31,602 INFO CSMF2.step_1_1_1.run :: [h] epoch=21 step=350 total=0.04350 batch=0.00000
2026-05-16 18:21:31,602 INFO CSMF2.step_1_1_1.run :: [lat] epoch=21 step=350 mean_l2=0.13241 std_l2=1.10322
2026-05-16 18:21:31,610 INFO CSMF2.step_1_1_1.run :: epoch=21 step=350/429 train_nll=-2982.409
2026-05-16 18:21:35,129 INFO CSMF2.step_1_1_1.run :: [h] epoch=21 step=400 total=0.04326 batch=0.00000
2026-05-16 18:21:35,130 INFO CSMF2.step_1_1_1.run :: [lat] epoch=21 step=400 mean_l2=0.13020 std_l2=0.27948
2026-05-16 18:21:35,138 INFO CSMF2.step_1_1_1.run :: epoch=21 step=400/429 train_nll=-2983.963
2026-05-16 18:21:39,487 INFO CSMF2.step_1_1_1.run :: epoch=21  train_nll=-2984.935  val_nll=-2924.939  t=33.7s
2026-05-16 18:21:39,488 INFO CSMF2.step_1_1_1.run :: [h_std] total=0.04440 batch=0.00000 (no penalty)
2026-05-16 18:21:39,488 INFO CSMF2.step_1_1_1.run :: [lat_epoch] mean_l2=0.14810 std_l2=0.95326 (no penalty)
2026-05-16 18:21:39,488 INFO CSMF2.step_1_1_1.run :: [grad] cond=6.9916 film_gain=0.0000
2026-05-16 18:21:46,265 INFO CSMF2.step_1_1_1.run :: [h] epoch=22 step=50 total=0.04311 batch=0.00000
2026-05-16 18:21:46,266 INFO CSMF2.step_1_1_1.run :: [lat] epoch=22 step=50 mean_l2=0.19475 std_l2=0.32915
2026-05-16 18:21:46,275 INFO CSMF2.step_1_1_1.run :: epoch=22 step=50/429 train_nll=-3006.967
2026-05-16 18:21:49,544 INFO CSMF2.step_1_1_1.run :: [h] epoch=22 step=100 total=0.04278 batch=0.00000
2026-05-16 18:21:49,544 INFO CSMF2.step_1_1_1.run :: [lat] epoch=22 step=100 mean_l2=0.16822 std_l2=0.14237
2026-05-16 18:21:49,552 INFO CSMF2.step_1_1_1.run :: epoch=22 step=100/429 train_nll=-3002.834
2026-05-16 18:21:53,007 INFO CSMF2.step_1_1_1.run :: [h] epoch=22 step=150 total=0.04308 batch=0.00000
2026-05-16 18:21:53,007 INFO CSMF2.step_1_1_1.run :: [lat] epoch=22 step=150 mean_l2=0.12367 std_l2=0.07213
2026-05-16 18:21:53,015 INFO CSMF2.step_1_1_1.run :: epoch=22 step=150/429 train_nll=-3006.153
2026-05-16 18:21:56,609 INFO CSMF2.step_1_1_1.run :: [h] epoch=22 step=200 total=0.04221 batch=0.00000
2026-05-16 18:21:56,609 INFO CSMF2.step_1_1_1.run :: [lat] epoch=22 step=200 mean_l2=0.08754 std_l2=0.21024
2026-05-16 18:21:56,617 INFO CSMF2.step_1_1_1.run :: epoch=22 step=200/429 train_nll=-3011.115
2026-05-16 18:22:00,211 INFO CSMF2.step_1_1_1.run :: [h] epoch=22 step=250 total=0.04352 batch=0.00000
2026-05-16 18:22:00,212 INFO CSMF2.step_1_1_1.run :: [lat] epoch=22 step=250 mean_l2=0.33389 std_l2=2.76540
2026-05-16 18:22:00,224 INFO CSMF2.step_1_1_1.run :: epoch=22 step=250/429 train_nll=-3001.358
2026-05-16 18:22:03,664 INFO CSMF2.step_1_1_1.run :: [h] epoch=22 step=300 total=0.04234 batch=0.00000
2026-05-16 18:22:03,664 INFO CSMF2.step_1_1_1.run :: [lat] epoch=22 step=300 mean_l2=0.15567 std_l2=0.42512
2026-05-16 18:22:03,676 INFO CSMF2.step_1_1_1.run :: epoch=22 step=300/429 train_nll=-2997.346
2026-05-16 18:22:07,264 INFO CSMF2.step_1_1_1.run :: [h] epoch=22 step=350 total=0.04253 batch=0.00000
2026-05-16 18:22:07,264 INFO CSMF2.step_1_1_1.run :: [lat] epoch=22 step=350 mean_l2=0.11980 std_l2=0.86571
2026-05-16 18:22:07,273 INFO CSMF2.step_1_1_1.run :: epoch=22 step=350/429 train_nll=-2999.877
2026-05-16 18:22:10,848 INFO CSMF2.step_1_1_1.run :: [h] epoch=22 step=400 total=0.04138 batch=0.00000
2026-05-16 18:22:10,848 INFO CSMF2.step_1_1_1.run :: [lat] epoch=22 step=400 mean_l2=0.10129 std_l2=1.33626
2026-05-16 18:22:10,860 INFO CSMF2.step_1_1_1.run :: epoch=22 step=400/429 train_nll=-3001.495
2026-05-16 18:22:15,565 INFO CSMF2.step_1_1_1.run :: epoch=22  train_nll=-3003.368  val_nll=-2956.200  t=32.9s
2026-05-16 18:22:15,565 INFO CSMF2.step_1_1_1.run :: [h_std] total=0.04246 batch=0.00000 (no penalty)
2026-05-16 18:22:15,565 INFO CSMF2.step_1_1_1.run :: [lat_epoch] mean_l2=0.13533 std_l2=0.58501 (no penalty)
2026-05-16 18:22:15,566 INFO CSMF2.step_1_1_1.run :: [grad] cond=5.5197 film_gain=0.0000
2026-05-16 18:22:22,399 INFO CSMF2.step_1_1_1.run :: [h] epoch=23 step=50 total=0.04128 batch=0.00000
2026-05-16 18:22:22,399 INFO CSMF2.step_1_1_1.run :: [lat] epoch=23 step=50 mean_l2=0.12278 std_l2=0.10896
2026-05-16 18:22:22,411 INFO CSMF2.step_1_1_1.run :: epoch=23 step=50/429 train_nll=-3023.417
2026-05-16 18:22:26,176 INFO CSMF2.step_1_1_1.run :: [h] epoch=23 step=100 total=0.04120 batch=0.00000
2026-05-16 18:22:26,176 INFO CSMF2.step_1_1_1.run :: [lat] epoch=23 step=100 mean_l2=0.07700 std_l2=0.11986
2026-05-16 18:22:26,188 INFO CSMF2.step_1_1_1.run :: epoch=23 step=100/429 train_nll=-3030.875
2026-05-16 18:22:29,667 INFO CSMF2.step_1_1_1.run :: [h] epoch=23 step=150 total=0.04144 batch=0.00000
2026-05-16 18:22:29,667 INFO CSMF2.step_1_1_1.run :: [lat] epoch=23 step=150 mean_l2=0.11646 std_l2=0.12398
2026-05-16 18:22:29,676 INFO CSMF2.step_1_1_1.run :: epoch=23 step=150/429 train_nll=-3028.168
2026-05-16 18:22:33,258 INFO CSMF2.step_1_1_1.run :: [h] epoch=23 step=200 total=0.04146 batch=0.00000
2026-05-16 18:22:33,258 INFO CSMF2.step_1_1_1.run :: [lat] epoch=23 step=200 mean_l2=0.12860 std_l2=0.15550
2026-05-16 18:22:33,268 INFO CSMF2.step_1_1_1.run :: epoch=23 step=200/429 train_nll=-3027.859
2026-05-16 18:22:36,684 INFO CSMF2.step_1_1_1.run :: [h] epoch=23 step=250 total=0.04137 batch=0.00000
2026-05-16 18:22:36,685 INFO CSMF2.step_1_1_1.run :: [lat] epoch=23 step=250 mean_l2=0.14233 std_l2=0.11708
2026-05-16 18:22:36,693 INFO CSMF2.step_1_1_1.run :: epoch=23 step=250/429 train_nll=-3027.612
2026-05-16 18:22:40,387 INFO CSMF2.step_1_1_1.run :: [h] epoch=23 step=300 total=0.04103 batch=0.00000
2026-05-16 18:22:40,387 INFO CSMF2.step_1_1_1.run :: [lat] epoch=23 step=300 mean_l2=0.07844 std_l2=0.28579
2026-05-16 18:22:40,399 INFO CSMF2.step_1_1_1.run :: epoch=23 step=300/429 train_nll=-3027.210
2026-05-16 18:22:43,852 INFO CSMF2.step_1_1_1.run :: [h] epoch=23 step=350 total=0.04103 batch=0.00000
2026-05-16 18:22:43,852 INFO CSMF2.step_1_1_1.run :: [lat] epoch=23 step=350 mean_l2=0.11706 std_l2=0.81339
2026-05-16 18:22:43,864 INFO CSMF2.step_1_1_1.run :: epoch=23 step=350/429 train_nll=-3023.126
2026-05-16 18:22:47,509 INFO CSMF2.step_1_1_1.run :: [h] epoch=23 step=400 total=0.04111 batch=0.00000
2026-05-16 18:22:47,509 INFO CSMF2.step_1_1_1.run :: [lat] epoch=23 step=400 mean_l2=0.10870 std_l2=0.73884
2026-05-16 18:22:47,520 INFO CSMF2.step_1_1_1.run :: epoch=23 step=400/429 train_nll=-3023.032
2026-05-16 18:22:51,895 INFO CSMF2.step_1_1_1.run :: epoch=23  train_nll=-3024.105  val_nll=-2964.324  t=33.1s
2026-05-16 18:22:51,895 INFO CSMF2.step_1_1_1.run :: [h_std] total=0.04112 batch=0.00000 (no penalty)
2026-05-16 18:22:51,895 INFO CSMF2.step_1_1_1.run :: [lat_epoch] mean_l2=0.12359 std_l2=0.96167 (no penalty)
2026-05-16 18:22:51,895 INFO CSMF2.step_1_1_1.run :: [grad] cond=5.6646 film_gain=0.0000
2026-05-16 18:22:58,829 INFO CSMF2.step_1_1_1.run :: [h] epoch=24 step=50 total=0.04046 batch=0.00000
2026-05-16 18:22:58,830 INFO CSMF2.step_1_1_1.run :: [lat] epoch=24 step=50 mean_l2=0.13160 std_l2=0.32923
2026-05-16 18:22:58,841 INFO CSMF2.step_1_1_1.run :: epoch=24 step=50/429 train_nll=-3026.686
2026-05-16 18:23:02,391 INFO CSMF2.step_1_1_1.run :: [h] epoch=24 step=100 total=0.04059 batch=0.00000
2026-05-16 18:23:02,391 INFO CSMF2.step_1_1_1.run :: [lat] epoch=24 step=100 mean_l2=0.16013 std_l2=0.09517
2026-05-16 18:23:02,403 INFO CSMF2.step_1_1_1.run :: epoch=24 step=100/429 train_nll=-3021.557
2026-05-16 18:23:05,969 INFO CSMF2.step_1_1_1.run :: [h] epoch=24 step=150 total=0.04020 batch=0.00000
2026-05-16 18:23:05,969 INFO CSMF2.step_1_1_1.run :: [lat] epoch=24 step=150 mean_l2=0.16994 std_l2=0.22700
2026-05-16 18:23:05,981 INFO CSMF2.step_1_1_1.run :: epoch=24 step=150/429 train_nll=-3022.685
2026-05-16 18:23:09,572 INFO CSMF2.step_1_1_1.run :: [h] epoch=24 step=200 total=0.04040 batch=0.00000
2026-05-16 18:23:09,572 INFO CSMF2.step_1_1_1.run :: [lat] epoch=24 step=200 mean_l2=0.12999 std_l2=0.18459
2026-05-16 18:23:09,584 INFO CSMF2.step_1_1_1.run :: epoch=24 step=200/429 train_nll=-3026.004
2026-05-16 18:23:13,050 INFO CSMF2.step_1_1_1.run :: [h] epoch=24 step=250 total=0.04063 batch=0.00000
2026-05-16 18:23:13,050 INFO CSMF2.step_1_1_1.run :: [lat] epoch=24 step=250 mean_l2=0.09814 std_l2=0.23906
2026-05-16 18:23:13,057 INFO CSMF2.step_1_1_1.run :: epoch=24 step=250/429 train_nll=-3032.115
2026-05-16 18:23:16,472 INFO CSMF2.step_1_1_1.run :: [h] epoch=24 step=300 total=0.04008 batch=0.00000
2026-05-16 18:23:16,472 INFO CSMF2.step_1_1_1.run :: [lat] epoch=24 step=300 mean_l2=0.14091 std_l2=0.70696
2026-05-16 18:23:16,484 INFO CSMF2.step_1_1_1.run :: epoch=24 step=300/429 train_nll=-3033.305
2026-05-16 18:23:20,072 INFO CSMF2.step_1_1_1.run :: [h] epoch=24 step=350 total=0.04001 batch=0.00000
2026-05-16 18:23:20,072 INFO CSMF2.step_1_1_1.run :: [lat] epoch=24 step=350 mean_l2=0.09525 std_l2=0.22066
2026-05-16 18:23:20,082 INFO CSMF2.step_1_1_1.run :: epoch=24 step=350/429 train_nll=-3032.418
2026-05-16 18:23:23,557 INFO CSMF2.step_1_1_1.run :: [h] epoch=24 step=400 total=0.03997 batch=0.00000
2026-05-16 18:23:23,558 INFO CSMF2.step_1_1_1.run :: [lat] epoch=24 step=400 mean_l2=0.12345 std_l2=0.54516
2026-05-16 18:23:23,568 INFO CSMF2.step_1_1_1.run :: epoch=24 step=400/429 train_nll=-3032.817
2026-05-16 18:23:28,061 INFO CSMF2.step_1_1_1.run :: epoch=24  train_nll=-3033.576  val_nll=-2946.638  t=32.8s
2026-05-16 18:23:28,061 INFO CSMF2.step_1_1_1.run :: [h_std] total=0.04036 batch=0.00000 (no penalty)
2026-05-16 18:23:28,061 INFO CSMF2.step_1_1_1.run :: [lat_epoch] mean_l2=0.12104 std_l2=0.46848 (no penalty)
2026-05-16 18:23:28,061 INFO CSMF2.step_1_1_1.run :: [grad] cond=1.5460 film_gain=0.0000
2026-05-16 18:23:34,685 INFO CSMF2.step_1_1_1.run :: [h] epoch=25 step=50 total=0.03999 batch=0.00000
2026-05-16 18:23:34,685 INFO CSMF2.step_1_1_1.run :: [lat] epoch=25 step=50 mean_l2=0.11443 std_l2=0.06727
2026-05-16 18:23:34,693 INFO CSMF2.step_1_1_1.run :: epoch=25 step=50/429 train_nll=-3054.150
2026-05-16 18:23:38,390 INFO CSMF2.step_1_1_1.run :: [h] epoch=25 step=100 total=0.03987 batch=0.00000
2026-05-16 18:23:38,390 INFO CSMF2.step_1_1_1.run :: [lat] epoch=25 step=100 mean_l2=0.09967 std_l2=0.19930
2026-05-16 18:23:38,398 INFO CSMF2.step_1_1_1.run :: epoch=25 step=100/429 train_nll=-3054.113
2026-05-16 18:23:41,854 INFO CSMF2.step_1_1_1.run :: [h] epoch=25 step=150 total=0.03980 batch=0.00000
2026-05-16 18:23:41,854 INFO CSMF2.step_1_1_1.run :: [lat] epoch=25 step=150 mean_l2=0.11998 std_l2=0.09140
2026-05-16 18:23:41,866 INFO CSMF2.step_1_1_1.run :: epoch=25 step=150/429 train_nll=-3048.773
2026-05-16 18:23:45,475 INFO CSMF2.step_1_1_1.run :: [h] epoch=25 step=200 total=0.03971 batch=0.00000
2026-05-16 18:23:45,475 INFO CSMF2.step_1_1_1.run :: [lat] epoch=25 step=200 mean_l2=0.14864 std_l2=0.38831
2026-05-16 18:23:45,487 INFO CSMF2.step_1_1_1.run :: epoch=25 step=200/429 train_nll=-3051.549
2026-05-16 18:23:49,096 INFO CSMF2.step_1_1_1.run :: [h] epoch=25 step=250 total=0.03976 batch=0.00000
2026-05-16 18:23:49,096 INFO CSMF2.step_1_1_1.run :: [lat] epoch=25 step=250 mean_l2=0.10995 std_l2=0.11512
2026-05-16 18:23:49,106 INFO CSMF2.step_1_1_1.run :: epoch=25 step=250/429 train_nll=-3050.532
2026-05-16 18:23:52,568 INFO CSMF2.step_1_1_1.run :: [h] epoch=25 step=300 total=0.04000 batch=0.00000
2026-05-16 18:23:52,568 INFO CSMF2.step_1_1_1.run :: [lat] epoch=25 step=300 mean_l2=0.09841 std_l2=0.12359
2026-05-16 18:23:52,580 INFO CSMF2.step_1_1_1.run :: epoch=25 step=300/429 train_nll=-3049.459
2026-05-16 18:23:56,108 INFO CSMF2.step_1_1_1.run :: [h] epoch=25 step=350 total=0.03923 batch=0.00000
2026-05-16 18:23:56,109 INFO CSMF2.step_1_1_1.run :: [lat] epoch=25 step=350 mean_l2=0.10231 std_l2=0.25751
2026-05-16 18:23:56,120 INFO CSMF2.step_1_1_1.run :: epoch=25 step=350/429 train_nll=-3048.204
2026-05-16 18:23:59,971 INFO CSMF2.step_1_1_1.run :: [h] epoch=25 step=400 total=0.04041 batch=0.00000
2026-05-16 18:23:59,971 INFO CSMF2.step_1_1_1.run :: [lat] epoch=25 step=400 mean_l2=0.11870 std_l2=0.23494
2026-05-16 18:23:59,980 INFO CSMF2.step_1_1_1.run :: epoch=25 step=400/429 train_nll=-3048.420
2026-05-16 18:24:04,146 INFO CSMF2.step_1_1_1.run :: epoch=25  train_nll=-3048.508  val_nll=-2907.556  t=32.9s
2026-05-16 18:24:04,146 INFO CSMF2.step_1_1_1.run :: [h_std] total=0.03993 batch=0.00000 (no penalty)
2026-05-16 18:24:04,146 INFO CSMF2.step_1_1_1.run :: [lat_epoch] mean_l2=0.11229 std_l2=0.43664 (no penalty)
2026-05-16 18:24:04,146 INFO CSMF2.step_1_1_1.run :: [grad] cond=1.8093 film_gain=0.0000
2026-05-16 18:24:10,782 INFO CSMF2.step_1_1_1.run :: [h] epoch=26 step=50 total=0.03958 batch=0.00000
2026-05-16 18:24:10,782 INFO CSMF2.step_1_1_1.run :: [lat] epoch=26 step=50 mean_l2=0.12306 std_l2=0.95584
2026-05-16 18:24:10,794 INFO CSMF2.step_1_1_1.run :: epoch=26 step=50/429 train_nll=-3043.105
2026-05-16 18:24:14,354 INFO CSMF2.step_1_1_1.run :: [h] epoch=26 step=100 total=0.04019 batch=0.00000
2026-05-16 18:24:14,354 INFO CSMF2.step_1_1_1.run :: [lat] epoch=26 step=100 mean_l2=0.11538 std_l2=1.23272
2026-05-16 18:24:14,364 INFO CSMF2.step_1_1_1.run :: epoch=26 step=100/429 train_nll=-3041.117
2026-05-16 18:24:18,133 INFO CSMF2.step_1_1_1.run :: [h] epoch=26 step=150 total=0.03974 batch=0.00000
2026-05-16 18:24:18,133 INFO CSMF2.step_1_1_1.run :: [lat] epoch=26 step=150 mean_l2=0.08939 std_l2=0.07854
2026-05-16 18:24:18,143 INFO CSMF2.step_1_1_1.run :: epoch=26 step=150/429 train_nll=-3015.152
2026-05-16 18:24:22,179 INFO CSMF2.step_1_1_1.run :: [h] epoch=26 step=200 total=0.03809 batch=0.00000
2026-05-16 18:24:22,179 INFO CSMF2.step_1_1_1.run :: [lat] epoch=26 step=200 mean_l2=0.25954 std_l2=0.29146
2026-05-16 18:24:22,191 INFO CSMF2.step_1_1_1.run :: epoch=26 step=200/429 train_nll=-3012.463
2026-05-16 18:24:25,713 INFO CSMF2.step_1_1_1.run :: [h] epoch=26 step=250 total=0.03827 batch=0.00000
2026-05-16 18:24:25,714 INFO CSMF2.step_1_1_1.run :: [lat] epoch=26 step=250 mean_l2=0.10881 std_l2=0.17646
2026-05-16 18:24:25,722 INFO CSMF2.step_1_1_1.run :: epoch=26 step=250/429 train_nll=-3010.881
2026-05-16 18:24:29,200 INFO CSMF2.step_1_1_1.run :: [h] epoch=26 step=300 total=0.03834 batch=0.00000
2026-05-16 18:24:29,201 INFO CSMF2.step_1_1_1.run :: [lat] epoch=26 step=300 mean_l2=0.07554 std_l2=0.09168
2026-05-16 18:24:29,213 INFO CSMF2.step_1_1_1.run :: epoch=26 step=300/429 train_nll=-3017.989
2026-05-16 18:24:32,728 INFO CSMF2.step_1_1_1.run :: [h] epoch=26 step=350 total=0.03813 batch=0.00000
2026-05-16 18:24:32,728 INFO CSMF2.step_1_1_1.run :: [lat] epoch=26 step=350 mean_l2=0.10483 std_l2=0.33015
2026-05-16 18:24:32,737 INFO CSMF2.step_1_1_1.run :: epoch=26 step=350/429 train_nll=-3022.561
2026-05-16 18:24:36,314 INFO CSMF2.step_1_1_1.run :: [h] epoch=26 step=400 total=0.03814 batch=0.00000
2026-05-16 18:24:36,315 INFO CSMF2.step_1_1_1.run :: [lat] epoch=26 step=400 mean_l2=0.08557 std_l2=0.25123
2026-05-16 18:24:36,327 INFO CSMF2.step_1_1_1.run :: epoch=26 step=400/429 train_nll=-3027.490
2026-05-16 18:24:40,720 INFO CSMF2.step_1_1_1.run :: epoch=26  train_nll=-3030.386  val_nll=-2965.514  t=33.3s
2026-05-16 18:24:40,720 INFO CSMF2.step_1_1_1.run :: [h_std] total=0.03890 batch=0.00000 (no penalty)
2026-05-16 18:24:40,720 INFO CSMF2.step_1_1_1.run :: [lat_epoch] mean_l2=0.12824 std_l2=0.76074 (no penalty)
2026-05-16 18:24:40,720 INFO CSMF2.step_1_1_1.run :: [grad] cond=3.5190 film_gain=0.0000
2026-05-16 18:24:47,673 INFO CSMF2.step_1_1_1.run :: [h] epoch=27 step=50 total=0.03844 batch=0.00000
2026-05-16 18:24:47,673 INFO CSMF2.step_1_1_1.run :: [lat] epoch=27 step=50 mean_l2=0.10543 std_l2=2.37021
2026-05-16 18:24:47,682 INFO CSMF2.step_1_1_1.run :: epoch=27 step=50/429 train_nll=-3056.717
2026-05-16 18:24:51,114 INFO CSMF2.step_1_1_1.run :: [h] epoch=27 step=100 total=0.03830 batch=0.00000
2026-05-16 18:24:51,114 INFO CSMF2.step_1_1_1.run :: [lat] epoch=27 step=100 mean_l2=0.10496 std_l2=0.18986
2026-05-16 18:24:51,126 INFO CSMF2.step_1_1_1.run :: epoch=27 step=100/429 train_nll=-3053.565
2026-05-16 18:24:54,468 INFO CSMF2.step_1_1_1.run :: [h] epoch=27 step=150 total=0.03822 batch=0.00000
2026-05-16 18:24:54,469 INFO CSMF2.step_1_1_1.run :: [lat] epoch=27 step=150 mean_l2=0.08826 std_l2=0.14359
2026-05-16 18:24:54,477 INFO CSMF2.step_1_1_1.run :: epoch=27 step=150/429 train_nll=-3054.450
2026-05-16 18:24:57,972 INFO CSMF2.step_1_1_1.run :: [h] epoch=27 step=200 total=0.03845 batch=0.00000
2026-05-16 18:24:57,972 INFO CSMF2.step_1_1_1.run :: [lat] epoch=27 step=200 mean_l2=0.13871 std_l2=0.21782
2026-05-16 18:24:57,980 INFO CSMF2.step_1_1_1.run :: epoch=27 step=200/429 train_nll=-3055.302
2026-05-16 18:25:01,598 INFO CSMF2.step_1_1_1.run :: [h] epoch=27 step=250 total=0.03837 batch=0.00000
2026-05-16 18:25:01,598 INFO CSMF2.step_1_1_1.run :: [lat] epoch=27 step=250 mean_l2=0.11332 std_l2=0.12351
2026-05-16 18:25:01,608 INFO CSMF2.step_1_1_1.run :: epoch=27 step=250/429 train_nll=-3053.118
2026-05-16 18:25:05,174 INFO CSMF2.step_1_1_1.run :: [h] epoch=27 step=300 total=0.03862 batch=0.00000
2026-05-16 18:25:05,174 INFO CSMF2.step_1_1_1.run :: [lat] epoch=27 step=300 mean_l2=0.09306 std_l2=0.46759
2026-05-16 18:25:05,182 INFO CSMF2.step_1_1_1.run :: epoch=27 step=300/429 train_nll=-3052.150
2026-05-16 18:25:08,666 INFO CSMF2.step_1_1_1.run :: [h] epoch=27 step=350 total=0.03815 batch=0.00000
2026-05-16 18:25:08,666 INFO CSMF2.step_1_1_1.run :: [lat] epoch=27 step=350 mean_l2=0.08767 std_l2=0.36016
2026-05-16 18:25:08,675 INFO CSMF2.step_1_1_1.run :: epoch=27 step=350/429 train_nll=-3054.265
2026-05-16 18:25:12,494 INFO CSMF2.step_1_1_1.run :: [h] epoch=27 step=400 total=0.03815 batch=0.00000
2026-05-16 18:25:12,495 INFO CSMF2.step_1_1_1.run :: [lat] epoch=27 step=400 mean_l2=0.09454 std_l2=0.21013
2026-05-16 18:25:12,503 INFO CSMF2.step_1_1_1.run :: epoch=27 step=400/429 train_nll=-3056.664
2026-05-16 18:25:17,688 INFO CSMF2.step_1_1_1.run :: epoch=27  train_nll=-3057.683  val_nll=-2963.775  t=33.7s
2026-05-16 18:25:17,688 INFO CSMF2.step_1_1_1.run :: [h_std] total=0.03816 batch=0.00000 (no penalty)
2026-05-16 18:25:17,688 INFO CSMF2.step_1_1_1.run :: [lat_epoch] mean_l2=0.10930 std_l2=0.40267 (no penalty)
2026-05-16 18:25:17,688 INFO CSMF2.step_1_1_1.run :: [grad] cond=0.9884 film_gain=0.0000
2026-05-16 18:25:24,506 INFO CSMF2.step_1_1_1.run :: [h] epoch=28 step=50 total=0.03753 batch=0.00000
2026-05-16 18:25:24,507 INFO CSMF2.step_1_1_1.run :: [lat] epoch=28 step=50 mean_l2=0.10565 std_l2=0.09292
2026-05-16 18:25:24,519 INFO CSMF2.step_1_1_1.run :: epoch=28 step=50/429 train_nll=-3055.050
2026-05-16 18:25:28,019 INFO CSMF2.step_1_1_1.run :: [h] epoch=28 step=100 total=0.03803 batch=0.00000
2026-05-16 18:25:28,019 INFO CSMF2.step_1_1_1.run :: [lat] epoch=28 step=100 mean_l2=0.08297 std_l2=0.40352
2026-05-16 18:25:28,029 INFO CSMF2.step_1_1_1.run :: epoch=28 step=100/429 train_nll=-3055.895
2026-05-16 18:25:31,496 INFO CSMF2.step_1_1_1.run :: [h] epoch=28 step=150 total=0.03804 batch=0.00000
2026-05-16 18:25:31,497 INFO CSMF2.step_1_1_1.run :: [lat] epoch=28 step=150 mean_l2=0.10220 std_l2=0.08365
2026-05-16 18:25:31,505 INFO CSMF2.step_1_1_1.run :: epoch=28 step=150/429 train_nll=-3053.614
2026-05-16 18:25:35,166 INFO CSMF2.step_1_1_1.run :: [h] epoch=28 step=200 total=0.03809 batch=0.00000
2026-05-16 18:25:35,166 INFO CSMF2.step_1_1_1.run :: [lat] epoch=28 step=200 mean_l2=0.11141 std_l2=0.18306
2026-05-16 18:25:35,178 INFO CSMF2.step_1_1_1.run :: epoch=28 step=200/429 train_nll=-3057.833
2026-05-16 18:25:38,740 INFO CSMF2.step_1_1_1.run :: [h] epoch=28 step=250 total=0.03923 batch=0.00000
2026-05-16 18:25:38,740 INFO CSMF2.step_1_1_1.run :: [lat] epoch=28 step=250 mean_l2=0.10779 std_l2=0.06004
2026-05-16 18:25:38,750 INFO CSMF2.step_1_1_1.run :: epoch=28 step=250/429 train_nll=-3058.572
2026-05-16 18:25:42,422 INFO CSMF2.step_1_1_1.run :: [h] epoch=28 step=300 total=0.04001 batch=0.00000
2026-05-16 18:25:42,422 INFO CSMF2.step_1_1_1.run :: [lat] epoch=28 step=300 mean_l2=0.12607 std_l2=0.53488
2026-05-16 18:25:42,431 INFO CSMF2.step_1_1_1.run :: epoch=28 step=300/429 train_nll=-3062.317
2026-05-16 18:25:46,167 INFO CSMF2.step_1_1_1.run :: [h] epoch=28 step=350 total=0.04074 batch=0.00000
2026-05-16 18:25:46,167 INFO CSMF2.step_1_1_1.run :: [lat] epoch=28 step=350 mean_l2=0.10361 std_l2=0.19539
2026-05-16 18:25:46,176 INFO CSMF2.step_1_1_1.run :: epoch=28 step=350/429 train_nll=-3061.102
2026-05-16 18:25:49,894 INFO CSMF2.step_1_1_1.run :: [h] epoch=28 step=400 total=0.04037 batch=0.00000
2026-05-16 18:25:49,894 INFO CSMF2.step_1_1_1.run :: [lat] epoch=28 step=400 mean_l2=0.12190 std_l2=0.31876
2026-05-16 18:25:49,902 INFO CSMF2.step_1_1_1.run :: epoch=28 step=400/429 train_nll=-3060.917
2026-05-16 18:25:54,175 INFO CSMF2.step_1_1_1.run :: epoch=28  train_nll=-3061.608  val_nll=-2962.442  t=33.3s
2026-05-16 18:25:54,175 INFO CSMF2.step_1_1_1.run :: [h_std] total=0.03905 batch=0.00000 (no penalty)
2026-05-16 18:25:54,175 INFO CSMF2.step_1_1_1.run :: [lat_epoch] mean_l2=0.10941 std_l2=0.46503 (no penalty)
2026-05-16 18:25:54,175 INFO CSMF2.step_1_1_1.run :: [grad] cond=4.0207 film_gain=0.0000
2026-05-16 18:26:00,968 INFO CSMF2.step_1_1_1.run :: [h] epoch=29 step=50 total=0.03983 batch=0.00000
2026-05-16 18:26:00,968 INFO CSMF2.step_1_1_1.run :: [lat] epoch=29 step=50 mean_l2=0.08610 std_l2=0.09117
2026-05-16 18:26:00,976 INFO CSMF2.step_1_1_1.run :: epoch=29 step=50/429 train_nll=-3054.863
2026-05-16 18:26:04,490 INFO CSMF2.step_1_1_1.run :: [h] epoch=29 step=100 total=0.04016 batch=0.00000
2026-05-16 18:26:04,490 INFO CSMF2.step_1_1_1.run :: [lat] epoch=29 step=100 mean_l2=0.09428 std_l2=0.22384
2026-05-16 18:26:04,503 INFO CSMF2.step_1_1_1.run :: epoch=29 step=100/429 train_nll=-3060.537
2026-05-16 18:26:08,199 INFO CSMF2.step_1_1_1.run :: [h] epoch=29 step=150 total=0.04002 batch=0.00000
2026-05-16 18:26:08,199 INFO CSMF2.step_1_1_1.run :: [lat] epoch=29 step=150 mean_l2=0.12052 std_l2=0.05912
2026-05-16 18:26:08,211 INFO CSMF2.step_1_1_1.run :: epoch=29 step=150/429 train_nll=-3058.444
2026-05-16 18:26:11,882 INFO CSMF2.step_1_1_1.run :: [h] epoch=29 step=200 total=0.03993 batch=0.00000
2026-05-16 18:26:11,882 INFO CSMF2.step_1_1_1.run :: [lat] epoch=29 step=200 mean_l2=0.13993 std_l2=0.28275
2026-05-16 18:26:11,891 INFO CSMF2.step_1_1_1.run :: epoch=29 step=200/429 train_nll=-3062.709
2026-05-16 18:26:15,474 INFO CSMF2.step_1_1_1.run :: [h] epoch=29 step=250 total=0.03940 batch=0.00000
2026-05-16 18:26:15,474 INFO CSMF2.step_1_1_1.run :: [lat] epoch=29 step=250 mean_l2=0.12939 std_l2=0.16593
2026-05-16 18:26:15,483 INFO CSMF2.step_1_1_1.run :: epoch=29 step=250/429 train_nll=-3065.234
2026-05-16 18:26:19,102 INFO CSMF2.step_1_1_1.run :: [h] epoch=29 step=300 total=0.03977 batch=0.00000
2026-05-16 18:26:19,103 INFO CSMF2.step_1_1_1.run :: [lat] epoch=29 step=300 mean_l2=0.13408 std_l2=0.12474
2026-05-16 18:26:19,114 INFO CSMF2.step_1_1_1.run :: epoch=29 step=300/429 train_nll=-3067.440
2026-05-16 18:26:22,726 INFO CSMF2.step_1_1_1.run :: [h] epoch=29 step=350 total=0.03983 batch=0.00000
2026-05-16 18:26:22,727 INFO CSMF2.step_1_1_1.run :: [lat] epoch=29 step=350 mean_l2=0.09994 std_l2=0.60414
2026-05-16 18:26:22,735 INFO CSMF2.step_1_1_1.run :: epoch=29 step=350/429 train_nll=-3067.981
2026-05-16 18:26:26,309 INFO CSMF2.step_1_1_1.run :: [h] epoch=29 step=400 total=0.04023 batch=0.00000
2026-05-16 18:26:26,310 INFO CSMF2.step_1_1_1.run :: [lat] epoch=29 step=400 mean_l2=0.08702 std_l2=0.63876
2026-05-16 18:26:26,318 INFO CSMF2.step_1_1_1.run :: epoch=29 step=400/429 train_nll=-3068.764
2026-05-16 18:26:30,822 INFO CSMF2.step_1_1_1.run :: epoch=29  train_nll=-3067.958  val_nll=-2975.624  t=33.4s
2026-05-16 18:26:30,822 INFO CSMF2.step_1_1_1.run :: [h_std] total=0.03993 batch=0.00000 (no penalty)
2026-05-16 18:26:30,822 INFO CSMF2.step_1_1_1.run :: [lat_epoch] mean_l2=0.10855 std_l2=0.42193 (no penalty)
2026-05-16 18:26:30,822 INFO CSMF2.step_1_1_1.run :: [grad] cond=2.8604 film_gain=0.0000
2026-05-16 18:26:38,112 INFO CSMF2.step_1_1_1.run :: [h] epoch=30 step=50 total=0.03962 batch=0.00000
2026-05-16 18:26:38,112 INFO CSMF2.step_1_1_1.run :: [lat] epoch=30 step=50 mean_l2=0.11314 std_l2=0.21635
2026-05-16 18:26:38,125 INFO CSMF2.step_1_1_1.run :: epoch=30 step=50/429 train_nll=-3052.757
2026-05-16 18:26:41,827 INFO CSMF2.step_1_1_1.run :: [h] epoch=30 step=100 total=0.04000 batch=0.00000
2026-05-16 18:26:41,828 INFO CSMF2.step_1_1_1.run :: [lat] epoch=30 step=100 mean_l2=0.08659 std_l2=3.51030
2026-05-16 18:26:41,836 INFO CSMF2.step_1_1_1.run :: epoch=30 step=100/429 train_nll=-3065.844
2026-05-16 18:26:45,717 INFO CSMF2.step_1_1_1.run :: [h] epoch=30 step=150 total=0.03966 batch=0.00000
2026-05-16 18:26:45,718 INFO CSMF2.step_1_1_1.run :: [lat] epoch=30 step=150 mean_l2=0.11934 std_l2=2.03859
2026-05-16 18:26:45,728 INFO CSMF2.step_1_1_1.run :: epoch=30 step=150/429 train_nll=-3067.601
2026-05-16 18:26:49,255 INFO CSMF2.step_1_1_1.run :: [h] epoch=30 step=200 total=0.03974 batch=0.00000
2026-05-16 18:26:49,255 INFO CSMF2.step_1_1_1.run :: [lat] epoch=30 step=200 mean_l2=0.08555 std_l2=0.13251
2026-05-16 18:26:49,267 INFO CSMF2.step_1_1_1.run :: epoch=30 step=200/429 train_nll=-3069.042
2026-05-16 18:26:53,297 INFO CSMF2.step_1_1_1.run :: [h] epoch=30 step=250 total=0.03949 batch=0.00000
2026-05-16 18:26:53,297 INFO CSMF2.step_1_1_1.run :: [lat] epoch=30 step=250 mean_l2=0.09035 std_l2=0.07202
2026-05-16 18:26:53,309 INFO CSMF2.step_1_1_1.run :: epoch=30 step=250/429 train_nll=-3075.475
2026-05-16 18:26:56,920 INFO CSMF2.step_1_1_1.run :: [h] epoch=30 step=300 total=0.03936 batch=0.00000
2026-05-16 18:26:56,921 INFO CSMF2.step_1_1_1.run :: [lat] epoch=30 step=300 mean_l2=0.08553 std_l2=0.16495
2026-05-16 18:26:56,932 INFO CSMF2.step_1_1_1.run :: epoch=30 step=300/429 train_nll=-3074.938
2026-05-16 18:27:00,537 INFO CSMF2.step_1_1_1.run :: [h] epoch=30 step=350 total=0.03972 batch=0.00000
2026-05-16 18:27:00,537 INFO CSMF2.step_1_1_1.run :: [lat] epoch=30 step=350 mean_l2=0.10863 std_l2=0.33843
2026-05-16 18:27:00,547 INFO CSMF2.step_1_1_1.run :: epoch=30 step=350/429 train_nll=-3071.300
2026-05-16 18:27:04,172 INFO CSMF2.step_1_1_1.run :: [h] epoch=30 step=400 total=0.03917 batch=0.00000
2026-05-16 18:27:04,172 INFO CSMF2.step_1_1_1.run :: [lat] epoch=30 step=400 mean_l2=0.11482 std_l2=0.19067
2026-05-16 18:27:04,180 INFO CSMF2.step_1_1_1.run :: epoch=30 step=400/429 train_nll=-3071.981
2026-05-16 18:27:08,369 INFO CSMF2.step_1_1_1.run :: epoch=30  train_nll=-3072.509  val_nll=-2980.062  t=34.3s
2026-05-16 18:27:08,369 INFO CSMF2.step_1_1_1.run :: [h_std] total=0.03959 batch=0.00000 (no penalty)
2026-05-16 18:27:08,369 INFO CSMF2.step_1_1_1.run :: [lat_epoch] mean_l2=0.10487 std_l2=0.55415 (no penalty)
2026-05-16 18:27:08,369 INFO CSMF2.step_1_1_1.run :: [grad] cond=6.4440 film_gain=0.0000
2026-05-16 18:27:15,059 INFO CSMF2.step_1_1_1.run :: [h] epoch=31 step=50 total=0.03888 batch=0.00000
2026-05-16 18:27:15,059 INFO CSMF2.step_1_1_1.run :: [lat] epoch=31 step=50 mean_l2=0.09092 std_l2=1.47190
2026-05-16 18:27:15,071 INFO CSMF2.step_1_1_1.run :: epoch=31 step=50/429 train_nll=-3089.429
2026-05-16 18:27:18,432 INFO CSMF2.step_1_1_1.run :: [h] epoch=31 step=100 total=0.04055 batch=0.00000
2026-05-16 18:27:18,433 INFO CSMF2.step_1_1_1.run :: [lat] epoch=31 step=100 mean_l2=0.07608 std_l2=0.11167
2026-05-16 18:27:18,442 INFO CSMF2.step_1_1_1.run :: epoch=31 step=100/429 train_nll=-3084.753
2026-05-16 18:27:21,815 INFO CSMF2.step_1_1_1.run :: [h] epoch=31 step=150 total=0.03976 batch=0.00000
2026-05-16 18:27:21,815 INFO CSMF2.step_1_1_1.run :: [lat] epoch=31 step=150 mean_l2=0.13912 std_l2=0.18384
2026-05-16 18:27:21,827 INFO CSMF2.step_1_1_1.run :: epoch=31 step=150/429 train_nll=-3079.903
2026-05-16 18:27:25,498 INFO CSMF2.step_1_1_1.run :: [h] epoch=31 step=200 total=0.03937 batch=0.00000
2026-05-16 18:27:25,498 INFO CSMF2.step_1_1_1.run :: [lat] epoch=31 step=200 mean_l2=0.08079 std_l2=0.08668
2026-05-16 18:27:25,506 INFO CSMF2.step_1_1_1.run :: epoch=31 step=200/429 train_nll=-3084.956
2026-05-16 18:27:28,934 INFO CSMF2.step_1_1_1.run :: [h] epoch=31 step=250 total=0.03919 batch=0.00000
2026-05-16 18:27:28,934 INFO CSMF2.step_1_1_1.run :: [lat] epoch=31 step=250 mean_l2=0.06834 std_l2=0.09363
2026-05-16 18:27:28,943 INFO CSMF2.step_1_1_1.run :: epoch=31 step=250/429 train_nll=-3086.647
2026-05-16 18:27:32,422 INFO CSMF2.step_1_1_1.run :: [h] epoch=31 step=300 total=0.03934 batch=0.00000
2026-05-16 18:27:32,423 INFO CSMF2.step_1_1_1.run :: [lat] epoch=31 step=300 mean_l2=0.08795 std_l2=0.07383
2026-05-16 18:27:32,431 INFO CSMF2.step_1_1_1.run :: epoch=31 step=300/429 train_nll=-3086.588
2026-05-16 18:27:35,941 INFO CSMF2.step_1_1_1.run :: [h] epoch=31 step=350 total=0.03997 batch=0.00000
2026-05-16 18:27:35,941 INFO CSMF2.step_1_1_1.run :: [lat] epoch=31 step=350 mean_l2=0.11543 std_l2=0.19278
2026-05-16 18:27:35,949 INFO CSMF2.step_1_1_1.run :: epoch=31 step=350/429 train_nll=-3088.787
2026-05-16 18:27:39,520 INFO CSMF2.step_1_1_1.run :: [h] epoch=31 step=400 total=0.03944 batch=0.00000
2026-05-16 18:27:39,520 INFO CSMF2.step_1_1_1.run :: [lat] epoch=31 step=400 mean_l2=0.08315 std_l2=0.31578
2026-05-16 18:27:39,530 INFO CSMF2.step_1_1_1.run :: epoch=31 step=400/429 train_nll=-3089.312
2026-05-16 18:27:43,695 INFO CSMF2.step_1_1_1.run :: epoch=31  train_nll=-3088.224  val_nll=-2951.255  t=32.1s
2026-05-16 18:27:43,695 INFO CSMF2.step_1_1_1.run :: [h_std] total=0.03947 batch=0.00000 (no penalty)
2026-05-16 18:27:43,695 INFO CSMF2.step_1_1_1.run :: [lat_epoch] mean_l2=0.09599 std_l2=0.40500 (no penalty)
2026-05-16 18:27:43,695 INFO CSMF2.step_1_1_1.run :: [grad] cond=4.5783 film_gain=0.0000
2026-05-16 18:27:50,707 INFO CSMF2.step_1_1_1.run :: [h] epoch=32 step=50 total=0.04055 batch=0.00000
2026-05-16 18:27:50,707 INFO CSMF2.step_1_1_1.run :: [lat] epoch=32 step=50 mean_l2=0.12972 std_l2=0.29751
2026-05-16 18:27:50,719 INFO CSMF2.step_1_1_1.run :: epoch=32 step=50/429 train_nll=-3058.300
2026-05-16 18:27:54,353 INFO CSMF2.step_1_1_1.run :: [h] epoch=32 step=100 total=0.04040 batch=0.00000
2026-05-16 18:27:54,353 INFO CSMF2.step_1_1_1.run :: [lat] epoch=32 step=100 mean_l2=0.09825 std_l2=0.21036
2026-05-16 18:27:54,365 INFO CSMF2.step_1_1_1.run :: epoch=32 step=100/429 train_nll=-3073.100
2026-05-16 18:27:58,485 INFO CSMF2.step_1_1_1.run :: [h] epoch=32 step=150 total=0.04036 batch=0.00000
2026-05-16 18:27:58,485 INFO CSMF2.step_1_1_1.run :: [lat] epoch=32 step=150 mean_l2=0.08800 std_l2=0.20366
2026-05-16 18:27:58,494 INFO CSMF2.step_1_1_1.run :: epoch=32 step=150/429 train_nll=-3075.912
2026-05-16 18:28:02,229 INFO CSMF2.step_1_1_1.run :: [h] epoch=32 step=200 total=0.04023 batch=0.00000
2026-05-16 18:28:02,230 INFO CSMF2.step_1_1_1.run :: [lat] epoch=32 step=200 mean_l2=0.09689 std_l2=0.17667
2026-05-16 18:28:02,237 INFO CSMF2.step_1_1_1.run :: epoch=32 step=200/429 train_nll=-3080.032
2026-05-16 18:28:05,640 INFO CSMF2.step_1_1_1.run :: [h] epoch=32 step=250 total=0.04032 batch=0.00000
2026-05-16 18:28:05,640 INFO CSMF2.step_1_1_1.run :: [lat] epoch=32 step=250 mean_l2=0.12615 std_l2=0.30154
2026-05-16 18:28:05,652 INFO CSMF2.step_1_1_1.run :: epoch=32 step=250/429 train_nll=-3084.885
2026-05-16 18:28:09,394 INFO CSMF2.step_1_1_1.run :: [h] epoch=32 step=300 total=0.04009 batch=0.00000
2026-05-16 18:28:09,394 INFO CSMF2.step_1_1_1.run :: [lat] epoch=32 step=300 mean_l2=0.12371 std_l2=0.99525
2026-05-16 18:28:09,402 INFO CSMF2.step_1_1_1.run :: epoch=32 step=300/429 train_nll=-3085.204
2026-05-16 18:28:12,761 INFO CSMF2.step_1_1_1.run :: [h] epoch=32 step=350 total=0.04247 batch=0.00000
2026-05-16 18:28:12,761 INFO CSMF2.step_1_1_1.run :: [lat] epoch=32 step=350 mean_l2=0.09923 std_l2=0.30790
2026-05-16 18:28:12,770 INFO CSMF2.step_1_1_1.run :: epoch=32 step=350/429 train_nll=-3082.635
2026-05-16 18:28:16,040 INFO CSMF2.step_1_1_1.run :: [h] epoch=32 step=400 total=0.04119 batch=0.00000
2026-05-16 18:28:16,041 INFO CSMF2.step_1_1_1.run :: [lat] epoch=32 step=400 mean_l2=0.08685 std_l2=0.31645
2026-05-16 18:28:16,049 INFO CSMF2.step_1_1_1.run :: epoch=32 step=400/429 train_nll=-3083.458
2026-05-16 18:28:20,388 INFO CSMF2.step_1_1_1.run :: epoch=32  train_nll=-3084.490  val_nll=-2977.814  t=33.4s
2026-05-16 18:28:20,388 INFO CSMF2.step_1_1_1.run :: [h_std] total=0.04074 batch=0.00000 (no penalty)
2026-05-16 18:28:20,388 INFO CSMF2.step_1_1_1.run :: [lat_epoch] mean_l2=0.09860 std_l2=1.02422 (no penalty)
2026-05-16 18:28:20,388 INFO CSMF2.step_1_1_1.run :: [grad] cond=1.7055 film_gain=0.0000
2026-05-16 18:28:27,193 INFO CSMF2.step_1_1_1.run :: [h] epoch=33 step=50 total=0.04189 batch=0.00000
2026-05-16 18:28:27,193 INFO CSMF2.step_1_1_1.run :: [lat] epoch=33 step=50 mean_l2=0.09449 std_l2=0.06128
2026-05-16 18:28:27,205 INFO CSMF2.step_1_1_1.run :: epoch=33 step=50/429 train_nll=-3080.243
2026-05-16 18:28:30,745 INFO CSMF2.step_1_1_1.run :: [h] epoch=33 step=100 total=0.04175 batch=0.00000
2026-05-16 18:28:30,745 INFO CSMF2.step_1_1_1.run :: [lat] epoch=33 step=100 mean_l2=0.08269 std_l2=1.35633
2026-05-16 18:28:30,753 INFO CSMF2.step_1_1_1.run :: epoch=33 step=100/429 train_nll=-3077.601
2026-05-16 18:28:34,315 INFO CSMF2.step_1_1_1.run :: [h] epoch=33 step=150 total=0.04159 batch=0.00000
2026-05-16 18:28:34,315 INFO CSMF2.step_1_1_1.run :: [lat] epoch=33 step=150 mean_l2=0.10412 std_l2=0.21533
2026-05-16 18:28:34,324 INFO CSMF2.step_1_1_1.run :: epoch=33 step=150/429 train_nll=-3073.991
2026-05-16 18:28:37,949 INFO CSMF2.step_1_1_1.run :: [h] epoch=33 step=200 total=0.04160 batch=0.00000
2026-05-16 18:28:37,949 INFO CSMF2.step_1_1_1.run :: [lat] epoch=33 step=200 mean_l2=0.11485 std_l2=0.06630
2026-05-16 18:28:37,959 INFO CSMF2.step_1_1_1.run :: epoch=33 step=200/429 train_nll=-3079.495
2026-05-16 18:28:41,633 INFO CSMF2.step_1_1_1.run :: [h] epoch=33 step=250 total=0.04173 batch=0.00000
2026-05-16 18:28:41,633 INFO CSMF2.step_1_1_1.run :: [lat] epoch=33 step=250 mean_l2=0.08215 std_l2=0.09553
2026-05-16 18:28:41,645 INFO CSMF2.step_1_1_1.run :: epoch=33 step=250/429 train_nll=-3083.177
2026-05-16 18:28:45,408 INFO CSMF2.step_1_1_1.run :: [h] epoch=33 step=300 total=0.04166 batch=0.00000
2026-05-16 18:28:45,408 INFO CSMF2.step_1_1_1.run :: [lat] epoch=33 step=300 mean_l2=0.07419 std_l2=0.14085
2026-05-16 18:28:45,416 INFO CSMF2.step_1_1_1.run :: epoch=33 step=300/429 train_nll=-3084.437
2026-05-16 18:28:48,967 INFO CSMF2.step_1_1_1.run :: [h] epoch=33 step=350 total=0.04165 batch=0.00000
2026-05-16 18:28:48,967 INFO CSMF2.step_1_1_1.run :: [lat] epoch=33 step=350 mean_l2=0.06843 std_l2=0.25690
2026-05-16 18:28:48,979 INFO CSMF2.step_1_1_1.run :: epoch=33 step=350/429 train_nll=-3085.659
2026-05-16 18:28:52,588 INFO CSMF2.step_1_1_1.run :: [h] epoch=33 step=400 total=0.04114 batch=0.00000
2026-05-16 18:28:52,589 INFO CSMF2.step_1_1_1.run :: [lat] epoch=33 step=400 mean_l2=0.07390 std_l2=0.56914
2026-05-16 18:28:52,600 INFO CSMF2.step_1_1_1.run :: epoch=33 step=400/429 train_nll=-3085.972
2026-05-16 18:28:56,844 INFO CSMF2.step_1_1_1.run :: epoch=33  train_nll=-3087.398  val_nll=-3002.198  t=33.2s
2026-05-16 18:28:56,844 INFO CSMF2.step_1_1_1.run :: [h_std] total=0.04169 batch=0.00000 (no penalty)
2026-05-16 18:28:56,844 INFO CSMF2.step_1_1_1.run :: [lat_epoch] mean_l2=0.09878 std_l2=0.39854 (no penalty)
2026-05-16 18:28:56,844 INFO CSMF2.step_1_1_1.run :: [grad] cond=10.0565 film_gain=0.0000
2026-05-16 18:29:03,650 INFO CSMF2.step_1_1_1.run :: [h] epoch=34 step=50 total=0.04172 batch=0.00000
2026-05-16 18:29:03,650 INFO CSMF2.step_1_1_1.run :: [lat] epoch=34 step=50 mean_l2=0.12328 std_l2=0.08741
2026-05-16 18:29:03,660 INFO CSMF2.step_1_1_1.run :: epoch=34 step=50/429 train_nll=-3070.485
2026-05-16 18:29:07,266 INFO CSMF2.step_1_1_1.run :: [h] epoch=34 step=100 total=0.04133 batch=0.00000
2026-05-16 18:29:07,267 INFO CSMF2.step_1_1_1.run :: [lat] epoch=34 step=100 mean_l2=0.07622 std_l2=0.35983
2026-05-16 18:29:07,275 INFO CSMF2.step_1_1_1.run :: epoch=34 step=100/429 train_nll=-3081.256
2026-05-16 18:29:11,189 INFO CSMF2.step_1_1_1.run :: [h] epoch=34 step=150 total=0.04116 batch=0.00000
2026-05-16 18:29:11,189 INFO CSMF2.step_1_1_1.run :: [lat] epoch=34 step=150 mean_l2=0.12258 std_l2=0.16766
2026-05-16 18:29:11,201 INFO CSMF2.step_1_1_1.run :: epoch=34 step=150/429 train_nll=-3082.233
2026-05-16 18:29:14,854 INFO CSMF2.step_1_1_1.run :: [h] epoch=34 step=200 total=0.04120 batch=0.00000
2026-05-16 18:29:14,854 INFO CSMF2.step_1_1_1.run :: [lat] epoch=34 step=200 mean_l2=0.08064 std_l2=0.13313
2026-05-16 18:29:14,862 INFO CSMF2.step_1_1_1.run :: epoch=34 step=200/429 train_nll=-3083.544
2026-05-16 18:29:18,418 INFO CSMF2.step_1_1_1.run :: [h] epoch=34 step=250 total=0.04118 batch=0.00000
2026-05-16 18:29:18,418 INFO CSMF2.step_1_1_1.run :: [lat] epoch=34 step=250 mean_l2=0.08375 std_l2=0.14251
2026-05-16 18:29:18,427 INFO CSMF2.step_1_1_1.run :: epoch=34 step=250/429 train_nll=-3084.666
2026-05-16 18:29:21,937 INFO CSMF2.step_1_1_1.run :: [h] epoch=34 step=300 total=0.04118 batch=0.00000
2026-05-16 18:29:21,937 INFO CSMF2.step_1_1_1.run :: [lat] epoch=34 step=300 mean_l2=0.07657 std_l2=0.07984
2026-05-16 18:29:21,949 INFO CSMF2.step_1_1_1.run :: epoch=34 step=300/429 train_nll=-3083.723
2026-05-16 18:29:25,273 INFO CSMF2.step_1_1_1.run :: [h] epoch=34 step=350 total=0.04104 batch=0.00000
2026-05-16 18:29:25,273 INFO CSMF2.step_1_1_1.run :: [lat] epoch=34 step=350 mean_l2=0.10799 std_l2=0.25914
2026-05-16 18:29:25,282 INFO CSMF2.step_1_1_1.run :: epoch=34 step=350/429 train_nll=-3085.782
2026-05-16 18:29:28,914 INFO CSMF2.step_1_1_1.run :: [h] epoch=34 step=400 total=0.04122 batch=0.00000
2026-05-16 18:29:28,914 INFO CSMF2.step_1_1_1.run :: [lat] epoch=34 step=400 mean_l2=0.07323 std_l2=0.30709
2026-05-16 18:29:28,922 INFO CSMF2.step_1_1_1.run :: epoch=34 step=400/429 train_nll=-3084.722
2026-05-16 18:29:33,319 INFO CSMF2.step_1_1_1.run :: epoch=34  train_nll=-3086.276  val_nll=-2989.467  t=33.3s
2026-05-16 18:29:33,319 INFO CSMF2.step_1_1_1.run :: [h_std] total=0.04130 batch=0.00000 (no penalty)
2026-05-16 18:29:33,319 INFO CSMF2.step_1_1_1.run :: [lat_epoch] mean_l2=0.10282 std_l2=0.42448 (no penalty)
2026-05-16 18:29:33,319 INFO CSMF2.step_1_1_1.run :: [grad] cond=6.5244 film_gain=0.0000
2026-05-16 18:29:40,119 INFO CSMF2.step_1_1_1.run :: [h] epoch=35 step=50 total=0.04131 batch=0.00000
2026-05-16 18:29:40,119 INFO CSMF2.step_1_1_1.run :: [lat] epoch=35 step=50 mean_l2=0.08479 std_l2=0.06331
2026-05-16 18:29:40,128 INFO CSMF2.step_1_1_1.run :: epoch=35 step=50/429 train_nll=-3099.764
2026-05-16 18:29:43,772 INFO CSMF2.step_1_1_1.run :: [h] epoch=35 step=100 total=0.04112 batch=0.00000
2026-05-16 18:29:43,772 INFO CSMF2.step_1_1_1.run :: [lat] epoch=35 step=100 mean_l2=0.10817 std_l2=0.16658
2026-05-16 18:29:43,784 INFO CSMF2.step_1_1_1.run :: epoch=35 step=100/429 train_nll=-3099.611
2026-05-16 18:29:47,219 INFO CSMF2.step_1_1_1.run :: [h] epoch=35 step=150 total=0.04207 batch=0.00000
2026-05-16 18:29:47,220 INFO CSMF2.step_1_1_1.run :: [lat] epoch=35 step=150 mean_l2=0.08025 std_l2=0.06828
2026-05-16 18:29:47,228 INFO CSMF2.step_1_1_1.run :: epoch=35 step=150/429 train_nll=-3099.801
2026-05-16 18:29:50,892 INFO CSMF2.step_1_1_1.run :: [h] epoch=35 step=200 total=0.04188 batch=0.00000
2026-05-16 18:29:50,892 INFO CSMF2.step_1_1_1.run :: [lat] epoch=35 step=200 mean_l2=0.10866 std_l2=0.22608
2026-05-16 18:29:50,900 INFO CSMF2.step_1_1_1.run :: epoch=35 step=200/429 train_nll=-3099.621
2026-05-16 18:29:54,573 INFO CSMF2.step_1_1_1.run :: [h] epoch=35 step=250 total=0.04165 batch=0.00000
2026-05-16 18:29:54,573 INFO CSMF2.step_1_1_1.run :: [lat] epoch=35 step=250 mean_l2=0.09959 std_l2=0.10451
2026-05-16 18:29:54,582 INFO CSMF2.step_1_1_1.run :: epoch=35 step=250/429 train_nll=-3097.744
2026-05-16 18:29:58,167 INFO CSMF2.step_1_1_1.run :: [h] epoch=35 step=300 total=0.04170 batch=0.00000
2026-05-16 18:29:58,167 INFO CSMF2.step_1_1_1.run :: [lat] epoch=35 step=300 mean_l2=0.07685 std_l2=0.09517
2026-05-16 18:29:58,179 INFO CSMF2.step_1_1_1.run :: epoch=35 step=300/429 train_nll=-3095.383
2026-05-16 18:30:02,152 INFO CSMF2.step_1_1_1.run :: [h] epoch=35 step=350 total=0.04172 batch=0.00000
2026-05-16 18:30:02,153 INFO CSMF2.step_1_1_1.run :: [lat] epoch=35 step=350 mean_l2=0.20436 std_l2=0.38543
2026-05-16 18:30:02,162 INFO CSMF2.step_1_1_1.run :: epoch=35 step=350/429 train_nll=-3096.209
2026-05-16 18:30:05,880 INFO CSMF2.step_1_1_1.run :: [h] epoch=35 step=400 total=0.04148 batch=0.00000
2026-05-16 18:30:05,880 INFO CSMF2.step_1_1_1.run :: [lat] epoch=35 step=400 mean_l2=0.12377 std_l2=0.36142
2026-05-16 18:30:05,893 INFO CSMF2.step_1_1_1.run :: epoch=35 step=400/429 train_nll=-3092.171
2026-05-16 18:30:10,373 INFO CSMF2.step_1_1_1.run :: epoch=35  train_nll=-3092.673  val_nll=-2915.847  t=33.7s
2026-05-16 18:30:10,373 INFO CSMF2.step_1_1_1.run :: [h_std] total=0.04155 batch=0.00000 (no penalty)
2026-05-16 18:30:10,373 INFO CSMF2.step_1_1_1.run :: [lat_epoch] mean_l2=0.09937 std_l2=0.47313 (no penalty)
2026-05-16 18:30:10,373 INFO CSMF2.step_1_1_1.run :: [grad] cond=7.5743 film_gain=0.0000
2026-05-16 18:30:17,114 INFO CSMF2.step_1_1_1.run :: [h] epoch=36 step=50 total=0.04002 batch=0.00000
2026-05-16 18:30:17,114 INFO CSMF2.step_1_1_1.run :: [lat] epoch=36 step=50 mean_l2=0.11233 std_l2=0.08975
2026-05-16 18:30:17,126 INFO CSMF2.step_1_1_1.run :: epoch=36 step=50/429 train_nll=-3086.387
2026-05-16 18:30:20,820 INFO CSMF2.step_1_1_1.run :: [h] epoch=36 step=100 total=0.04247 batch=0.00000
2026-05-16 18:30:20,820 INFO CSMF2.step_1_1_1.run :: [lat] epoch=36 step=100 mean_l2=0.08660 std_l2=0.11700
2026-05-16 18:30:20,832 INFO CSMF2.step_1_1_1.run :: epoch=36 step=100/429 train_nll=-3084.913
2026-05-16 18:30:24,525 INFO CSMF2.step_1_1_1.run :: [h] epoch=36 step=150 total=0.04261 batch=0.00000
2026-05-16 18:30:24,525 INFO CSMF2.step_1_1_1.run :: [lat] epoch=36 step=150 mean_l2=0.07063 std_l2=0.04859
2026-05-16 18:30:24,534 INFO CSMF2.step_1_1_1.run :: epoch=36 step=150/429 train_nll=-3088.653
2026-05-16 18:30:27,940 INFO CSMF2.step_1_1_1.run :: [h] epoch=36 step=200 total=0.04314 batch=0.00000
2026-05-16 18:30:27,940 INFO CSMF2.step_1_1_1.run :: [lat] epoch=36 step=200 mean_l2=0.08044 std_l2=0.15045
2026-05-16 18:30:27,952 INFO CSMF2.step_1_1_1.run :: epoch=36 step=200/429 train_nll=-3092.137
2026-05-16 18:30:31,496 INFO CSMF2.step_1_1_1.run :: [h] epoch=36 step=250 total=0.04270 batch=0.00000
2026-05-16 18:30:31,496 INFO CSMF2.step_1_1_1.run :: [lat] epoch=36 step=250 mean_l2=0.07749 std_l2=0.08177
2026-05-16 18:30:31,505 INFO CSMF2.step_1_1_1.run :: epoch=36 step=250/429 train_nll=-3093.246
2026-05-16 18:30:34,992 INFO CSMF2.step_1_1_1.run :: [h] epoch=36 step=300 total=0.04264 batch=0.00000
2026-05-16 18:30:34,992 INFO CSMF2.step_1_1_1.run :: [lat] epoch=36 step=300 mean_l2=0.09181 std_l2=0.18018
2026-05-16 18:30:35,002 INFO CSMF2.step_1_1_1.run :: epoch=36 step=300/429 train_nll=-3094.805
2026-05-16 18:30:38,534 INFO CSMF2.step_1_1_1.run :: [h] epoch=36 step=350 total=0.04126 batch=0.00000
2026-05-16 18:30:38,535 INFO CSMF2.step_1_1_1.run :: [lat] epoch=36 step=350 mean_l2=0.37817 std_l2=0.74120
2026-05-16 18:30:38,543 INFO CSMF2.step_1_1_1.run :: epoch=36 step=350/429 train_nll=-3075.499
2026-05-16 18:30:42,183 INFO CSMF2.step_1_1_1.run :: [h] epoch=36 step=400 total=0.04596 batch=0.00000
2026-05-16 18:30:42,183 INFO CSMF2.step_1_1_1.run :: [lat] epoch=36 step=400 mean_l2=0.14906 std_l2=0.22549
2026-05-16 18:30:42,191 INFO CSMF2.step_1_1_1.run :: epoch=36 step=400/429 train_nll=-3075.783
2026-05-16 18:30:46,522 INFO CSMF2.step_1_1_1.run :: epoch=36  train_nll=-3077.380  val_nll=-2969.958  t=32.9s
2026-05-16 18:30:46,522 INFO CSMF2.step_1_1_1.run :: [h_std] total=0.04374 batch=0.00000 (no penalty)
2026-05-16 18:30:46,522 INFO CSMF2.step_1_1_1.run :: [lat_epoch] mean_l2=0.11719 std_l2=0.73113 (no penalty)
2026-05-16 18:30:46,522 INFO CSMF2.step_1_1_1.run :: [grad] cond=9.2193 film_gain=0.0000
2026-05-16 18:30:53,335 INFO CSMF2.step_1_1_1.run :: [h] epoch=37 step=50 total=0.04570 batch=0.00000
2026-05-16 18:30:53,335 INFO CSMF2.step_1_1_1.run :: [lat] epoch=37 step=50 mean_l2=0.09702 std_l2=0.07535
2026-05-16 18:30:53,347 INFO CSMF2.step_1_1_1.run :: epoch=37 step=50/429 train_nll=-3099.679
2026-05-16 18:30:56,817 INFO CSMF2.step_1_1_1.run :: [h] epoch=37 step=100 total=0.04521 batch=0.00000
2026-05-16 18:30:56,818 INFO CSMF2.step_1_1_1.run :: [lat] epoch=37 step=100 mean_l2=0.08986 std_l2=0.18673
2026-05-16 18:30:56,827 INFO CSMF2.step_1_1_1.run :: epoch=37 step=100/429 train_nll=-3107.685
2026-05-16 18:31:00,376 INFO CSMF2.step_1_1_1.run :: [h] epoch=37 step=150 total=0.04525 batch=0.00000
2026-05-16 18:31:00,377 INFO CSMF2.step_1_1_1.run :: [lat] epoch=37 step=150 mean_l2=0.12059 std_l2=0.06076
2026-05-16 18:31:00,389 INFO CSMF2.step_1_1_1.run :: epoch=37 step=150/429 train_nll=-3109.081
2026-05-16 18:31:04,013 INFO CSMF2.step_1_1_1.run :: [h] epoch=37 step=200 total=0.04494 batch=0.00000
2026-05-16 18:31:04,013 INFO CSMF2.step_1_1_1.run :: [lat] epoch=37 step=200 mean_l2=0.10322 std_l2=0.08057
2026-05-16 18:31:04,021 INFO CSMF2.step_1_1_1.run :: epoch=37 step=200/429 train_nll=-3109.365
2026-05-16 18:31:07,738 INFO CSMF2.step_1_1_1.run :: [h] epoch=37 step=250 total=0.04502 batch=0.00000
2026-05-16 18:31:07,738 INFO CSMF2.step_1_1_1.run :: [lat] epoch=37 step=250 mean_l2=0.07873 std_l2=0.06467
2026-05-16 18:31:07,750 INFO CSMF2.step_1_1_1.run :: epoch=37 step=250/429 train_nll=-3109.461
2026-05-16 18:31:11,385 INFO CSMF2.step_1_1_1.run :: [h] epoch=37 step=300 total=0.04511 batch=0.00000
2026-05-16 18:31:11,385 INFO CSMF2.step_1_1_1.run :: [lat] epoch=37 step=300 mean_l2=0.09232 std_l2=0.26656
2026-05-16 18:31:11,394 INFO CSMF2.step_1_1_1.run :: epoch=37 step=300/429 train_nll=-3110.023
2026-05-16 18:31:15,047 INFO CSMF2.step_1_1_1.run :: [h] epoch=37 step=350 total=0.04471 batch=0.00000
2026-05-16 18:31:15,048 INFO CSMF2.step_1_1_1.run :: [lat] epoch=37 step=350 mean_l2=0.12479 std_l2=4.28905
2026-05-16 18:31:15,056 INFO CSMF2.step_1_1_1.run :: epoch=37 step=350/429 train_nll=-3109.269
2026-05-16 18:31:18,496 INFO CSMF2.step_1_1_1.run :: [h] epoch=37 step=400 total=0.04470 batch=0.00000
2026-05-16 18:31:18,496 INFO CSMF2.step_1_1_1.run :: [lat] epoch=37 step=400 mean_l2=0.07130 std_l2=0.20961
2026-05-16 18:31:18,505 INFO CSMF2.step_1_1_1.run :: epoch=37 step=400/429 train_nll=-3109.520
2026-05-16 18:31:23,047 INFO CSMF2.step_1_1_1.run :: epoch=37  train_nll=-3110.301  val_nll=-3009.182  t=33.3s
2026-05-16 18:31:23,048 INFO CSMF2.step_1_1_1.run :: [h_std] total=0.04508 batch=0.00000 (no penalty)
2026-05-16 18:31:23,048 INFO CSMF2.step_1_1_1.run :: [lat_epoch] mean_l2=0.09014 std_l2=0.40161 (no penalty)
2026-05-16 18:31:23,048 INFO CSMF2.step_1_1_1.run :: [grad] cond=2.0206 film_gain=0.0000
2026-05-16 18:31:29,776 INFO CSMF2.step_1_1_1.run :: [h] epoch=38 step=50 total=0.04465 batch=0.00000
2026-05-16 18:31:29,776 INFO CSMF2.step_1_1_1.run :: [lat] epoch=38 step=50 mean_l2=0.09407 std_l2=0.28601
2026-05-16 18:31:29,789 INFO CSMF2.step_1_1_1.run :: epoch=38 step=50/429 train_nll=-3121.631
2026-05-16 18:31:33,307 INFO CSMF2.step_1_1_1.run :: [h] epoch=38 step=100 total=0.04451 batch=0.00000
2026-05-16 18:31:33,307 INFO CSMF2.step_1_1_1.run :: [lat] epoch=38 step=100 mean_l2=0.07559 std_l2=0.08754
2026-05-16 18:31:33,317 INFO CSMF2.step_1_1_1.run :: epoch=38 step=100/429 train_nll=-3114.065
2026-05-16 18:31:36,873 INFO CSMF2.step_1_1_1.run :: [h] epoch=38 step=150 total=0.04456 batch=0.00000
2026-05-16 18:31:36,873 INFO CSMF2.step_1_1_1.run :: [lat] epoch=38 step=150 mean_l2=0.06800 std_l2=0.13800
2026-05-16 18:31:36,883 INFO CSMF2.step_1_1_1.run :: epoch=38 step=150/429 train_nll=-3111.934
2026-05-16 18:31:40,533 INFO CSMF2.step_1_1_1.run :: [h] epoch=38 step=200 total=0.04446 batch=0.00000
2026-05-16 18:31:40,533 INFO CSMF2.step_1_1_1.run :: [lat] epoch=38 step=200 mean_l2=0.10201 std_l2=0.07304
2026-05-16 18:31:40,545 INFO CSMF2.step_1_1_1.run :: epoch=38 step=200/429 train_nll=-3112.162
2026-05-16 18:31:44,176 INFO CSMF2.step_1_1_1.run :: [h] epoch=38 step=250 total=0.04452 batch=0.00000
2026-05-16 18:31:44,176 INFO CSMF2.step_1_1_1.run :: [lat] epoch=38 step=250 mean_l2=0.10124 std_l2=0.12797
2026-05-16 18:31:44,188 INFO CSMF2.step_1_1_1.run :: epoch=38 step=250/429 train_nll=-3106.060
2026-05-16 18:31:48,068 INFO CSMF2.step_1_1_1.run :: [h] epoch=38 step=300 total=0.04413 batch=0.00000
2026-05-16 18:31:48,068 INFO CSMF2.step_1_1_1.run :: [lat] epoch=38 step=300 mean_l2=0.06657 std_l2=0.05470
2026-05-16 18:31:48,077 INFO CSMF2.step_1_1_1.run :: epoch=38 step=300/429 train_nll=-3108.428
2026-05-16 18:31:51,728 INFO CSMF2.step_1_1_1.run :: [h] epoch=38 step=350 total=0.04420 batch=0.00000
2026-05-16 18:31:51,728 INFO CSMF2.step_1_1_1.run :: [lat] epoch=38 step=350 mean_l2=0.13698 std_l2=0.55273
2026-05-16 18:31:51,740 INFO CSMF2.step_1_1_1.run :: epoch=38 step=350/429 train_nll=-3108.205
2026-05-16 18:31:55,380 INFO CSMF2.step_1_1_1.run :: [h] epoch=38 step=400 total=0.04484 batch=0.00000
2026-05-16 18:31:55,380 INFO CSMF2.step_1_1_1.run :: [lat] epoch=38 step=400 mean_l2=0.11692 std_l2=0.33952
2026-05-16 18:31:55,392 INFO CSMF2.step_1_1_1.run :: epoch=38 step=400/429 train_nll=-3108.133
2026-05-16 18:31:59,684 INFO CSMF2.step_1_1_1.run :: epoch=38  train_nll=-3106.423  val_nll=-2966.134  t=33.3s
2026-05-16 18:31:59,684 INFO CSMF2.step_1_1_1.run :: [h_std] total=0.04438 batch=0.00000 (no penalty)
2026-05-16 18:31:59,684 INFO CSMF2.step_1_1_1.run :: [lat_epoch] mean_l2=0.09410 std_l2=0.74623 (no penalty)
2026-05-16 18:31:59,684 INFO CSMF2.step_1_1_1.run :: [grad] cond=14.0124 film_gain=0.0000
2026-05-16 18:32:06,372 INFO CSMF2.step_1_1_1.run :: [h] epoch=39 step=50 total=0.04396 batch=0.00000
2026-05-16 18:32:06,373 INFO CSMF2.step_1_1_1.run :: [lat] epoch=39 step=50 mean_l2=0.08977 std_l2=0.10165
2026-05-16 18:32:06,381 INFO CSMF2.step_1_1_1.run :: epoch=39 step=50/429 train_nll=-3107.134
2026-05-16 18:32:10,049 INFO CSMF2.step_1_1_1.run :: [h] epoch=39 step=100 total=0.04391 batch=0.00000
2026-05-16 18:32:10,049 INFO CSMF2.step_1_1_1.run :: [lat] epoch=39 step=100 mean_l2=0.08156 std_l2=0.05270
2026-05-16 18:32:10,061 INFO CSMF2.step_1_1_1.run :: epoch=39 step=100/429 train_nll=-3108.093
2026-05-16 18:32:13,647 INFO CSMF2.step_1_1_1.run :: [h] epoch=39 step=150 total=0.04387 batch=0.00000
2026-05-16 18:32:13,647 INFO CSMF2.step_1_1_1.run :: [lat] epoch=39 step=150 mean_l2=0.06597 std_l2=0.15249
2026-05-16 18:32:13,660 INFO CSMF2.step_1_1_1.run :: epoch=39 step=150/429 train_nll=-3111.609
2026-05-16 18:32:17,347 INFO CSMF2.step_1_1_1.run :: [h] epoch=39 step=200 total=0.04300 batch=0.00000
2026-05-16 18:32:17,348 INFO CSMF2.step_1_1_1.run :: [lat] epoch=39 step=200 mean_l2=0.10290 std_l2=0.05332
2026-05-16 18:32:17,360 INFO CSMF2.step_1_1_1.run :: epoch=39 step=200/429 train_nll=-3110.689
2026-05-16 18:32:21,003 INFO CSMF2.step_1_1_1.run :: [h] epoch=39 step=250 total=0.04366 batch=0.00000
2026-05-16 18:32:21,003 INFO CSMF2.step_1_1_1.run :: [lat] epoch=39 step=250 mean_l2=0.15223 std_l2=0.08488
2026-05-16 18:32:21,013 INFO CSMF2.step_1_1_1.run :: epoch=39 step=250/429 train_nll=-3110.998
2026-05-16 18:32:24,634 INFO CSMF2.step_1_1_1.run :: [h] epoch=39 step=300 total=0.04391 batch=0.00000
2026-05-16 18:32:24,635 INFO CSMF2.step_1_1_1.run :: [lat] epoch=39 step=300 mean_l2=0.08008 std_l2=0.15726
2026-05-16 18:32:24,643 INFO CSMF2.step_1_1_1.run :: epoch=39 step=300/429 train_nll=-3109.524
2026-05-16 18:32:28,088 INFO CSMF2.step_1_1_1.run :: [h] epoch=39 step=350 total=0.04364 batch=0.00000
2026-05-16 18:32:28,089 INFO CSMF2.step_1_1_1.run :: [lat] epoch=39 step=350 mean_l2=0.13381 std_l2=0.21872
2026-05-16 18:32:28,097 INFO CSMF2.step_1_1_1.run :: epoch=39 step=350/429 train_nll=-3109.410
2026-05-16 18:32:31,482 INFO CSMF2.step_1_1_1.run :: [h] epoch=39 step=400 total=0.04318 batch=0.00000
2026-05-16 18:32:31,482 INFO CSMF2.step_1_1_1.run :: [lat] epoch=39 step=400 mean_l2=0.11504 std_l2=0.76280
2026-05-16 18:32:31,494 INFO CSMF2.step_1_1_1.run :: epoch=39 step=400/429 train_nll=-3108.311
2026-05-16 18:32:36,132 INFO CSMF2.step_1_1_1.run :: epoch=39  train_nll=-3108.386  val_nll=-2997.846  t=33.2s
2026-05-16 18:32:36,132 INFO CSMF2.step_1_1_1.run :: [h_std] total=0.04379 batch=0.00000 (no penalty)
2026-05-16 18:32:36,133 INFO CSMF2.step_1_1_1.run :: [lat_epoch] mean_l2=0.09145 std_l2=0.62807 (no penalty)
2026-05-16 18:32:36,133 INFO CSMF2.step_1_1_1.run :: [grad] cond=1.8349 film_gain=0.0000
2026-05-16 18:32:43,194 INFO CSMF2.step_1_1_1.run :: [h] epoch=40 step=50 total=0.04331 batch=0.00000
2026-05-16 18:32:43,194 INFO CSMF2.step_1_1_1.run :: [lat] epoch=40 step=50 mean_l2=0.07394 std_l2=0.08857
2026-05-16 18:32:43,203 INFO CSMF2.step_1_1_1.run :: epoch=40 step=50/429 train_nll=-3124.537
2026-05-16 18:32:46,956 INFO CSMF2.step_1_1_1.run :: [h] epoch=40 step=100 total=0.04339 batch=0.00000
2026-05-16 18:32:46,956 INFO CSMF2.step_1_1_1.run :: [lat] epoch=40 step=100 mean_l2=0.08313 std_l2=0.17027
2026-05-16 18:32:46,964 INFO CSMF2.step_1_1_1.run :: epoch=40 step=100/429 train_nll=-3121.821
2026-05-16 18:32:50,483 INFO CSMF2.step_1_1_1.run :: [h] epoch=40 step=150 total=0.04325 batch=0.00000
2026-05-16 18:32:50,484 INFO CSMF2.step_1_1_1.run :: [lat] epoch=40 step=150 mean_l2=0.11773 std_l2=0.07851
2026-05-16 18:32:50,493 INFO CSMF2.step_1_1_1.run :: epoch=40 step=150/429 train_nll=-3114.263
2026-05-16 18:32:54,093 INFO CSMF2.step_1_1_1.run :: [h] epoch=40 step=200 total=0.04324 batch=0.00000
2026-05-16 18:32:54,093 INFO CSMF2.step_1_1_1.run :: [lat] epoch=40 step=200 mean_l2=0.08410 std_l2=0.07124
2026-05-16 18:32:54,105 INFO CSMF2.step_1_1_1.run :: epoch=40 step=200/429 train_nll=-3112.115
2026-05-16 18:32:57,641 INFO CSMF2.step_1_1_1.run :: [h] epoch=40 step=250 total=0.04297 batch=0.00000
2026-05-16 18:32:57,642 INFO CSMF2.step_1_1_1.run :: [lat] epoch=40 step=250 mean_l2=0.07125 std_l2=0.06753
2026-05-16 18:32:57,651 INFO CSMF2.step_1_1_1.run :: epoch=40 step=250/429 train_nll=-3116.154
2026-05-16 18:33:01,662 INFO CSMF2.step_1_1_1.run :: [h] epoch=40 step=300 total=0.04297 batch=0.00000
2026-05-16 18:33:01,663 INFO CSMF2.step_1_1_1.run :: [lat] epoch=40 step=300 mean_l2=0.09424 std_l2=0.19817
2026-05-16 18:33:01,672 INFO CSMF2.step_1_1_1.run :: epoch=40 step=300/429 train_nll=-3118.973
2026-05-16 18:33:05,328 INFO CSMF2.step_1_1_1.run :: [h] epoch=40 step=350 total=0.04290 batch=0.00000
2026-05-16 18:33:05,329 INFO CSMF2.step_1_1_1.run :: [lat] epoch=40 step=350 mean_l2=0.08255 std_l2=0.20490
2026-05-16 18:33:05,337 INFO CSMF2.step_1_1_1.run :: epoch=40 step=350/429 train_nll=-3117.843
2026-05-16 18:33:08,690 INFO CSMF2.step_1_1_1.run :: [h] epoch=40 step=400 total=0.04295 batch=0.00000
2026-05-16 18:33:08,690 INFO CSMF2.step_1_1_1.run :: [lat] epoch=40 step=400 mean_l2=0.06984 std_l2=0.23375
2026-05-16 18:33:08,702 INFO CSMF2.step_1_1_1.run :: epoch=40 step=400/429 train_nll=-3118.429
2026-05-16 18:33:13,191 INFO CSMF2.step_1_1_1.run :: epoch=40  train_nll=-3118.698  val_nll=-3023.329  t=33.8s
2026-05-16 18:33:13,191 INFO CSMF2.step_1_1_1.run :: [h_std] total=0.04311 batch=0.00000 (no penalty)
2026-05-16 18:33:13,191 INFO CSMF2.step_1_1_1.run :: [lat_epoch] mean_l2=0.08840 std_l2=0.36057 (no penalty)
2026-05-16 18:33:13,191 INFO CSMF2.step_1_1_1.run :: [grad] cond=17.6150 film_gain=0.0000
2026-05-16 18:33:20,054 INFO CSMF2.step_1_1_1.run :: [h] epoch=41 step=50 total=0.04273 batch=0.00000
2026-05-16 18:33:20,054 INFO CSMF2.step_1_1_1.run :: [lat] epoch=41 step=50 mean_l2=0.09025 std_l2=0.14885
2026-05-16 18:33:20,066 INFO CSMF2.step_1_1_1.run :: epoch=41 step=50/429 train_nll=-3130.759
2026-05-16 18:33:23,521 INFO CSMF2.step_1_1_1.run :: [h] epoch=41 step=100 total=0.04191 batch=0.00000
2026-05-16 18:33:23,521 INFO CSMF2.step_1_1_1.run :: [lat] epoch=41 step=100 mean_l2=0.07978 std_l2=0.08407
2026-05-16 18:33:23,531 INFO CSMF2.step_1_1_1.run :: epoch=41 step=100/429 train_nll=-3126.648
2026-05-16 18:33:27,439 INFO CSMF2.step_1_1_1.run :: [h] epoch=41 step=150 total=0.04163 batch=0.00000
2026-05-16 18:33:27,439 INFO CSMF2.step_1_1_1.run :: [lat] epoch=41 step=150 mean_l2=0.14333 std_l2=0.06069
2026-05-16 18:33:27,449 INFO CSMF2.step_1_1_1.run :: epoch=41 step=150/429 train_nll=-3122.772
2026-05-16 18:33:31,264 INFO CSMF2.step_1_1_1.run :: [h] epoch=41 step=200 total=0.04107 batch=0.00000
2026-05-16 18:33:31,264 INFO CSMF2.step_1_1_1.run :: [lat] epoch=41 step=200 mean_l2=0.06435 std_l2=0.09828
2026-05-16 18:33:31,273 INFO CSMF2.step_1_1_1.run :: epoch=41 step=200/429 train_nll=-3122.154
2026-05-16 18:33:35,003 INFO CSMF2.step_1_1_1.run :: [h] epoch=41 step=250 total=0.04126 batch=0.00000
2026-05-16 18:33:35,003 INFO CSMF2.step_1_1_1.run :: [lat] epoch=41 step=250 mean_l2=0.05797 std_l2=0.09390
2026-05-16 18:33:35,012 INFO CSMF2.step_1_1_1.run :: epoch=41 step=250/429 train_nll=-3121.861
2026-05-16 18:33:38,638 INFO CSMF2.step_1_1_1.run :: [h] epoch=41 step=300 total=0.04125 batch=0.00000
2026-05-16 18:33:38,638 INFO CSMF2.step_1_1_1.run :: [lat] epoch=41 step=300 mean_l2=0.09918 std_l2=0.61466
2026-05-16 18:33:38,646 INFO CSMF2.step_1_1_1.run :: epoch=41 step=300/429 train_nll=-3121.646
2026-05-16 18:33:42,243 INFO CSMF2.step_1_1_1.run :: [h] epoch=41 step=350 total=0.04107 batch=0.00000
2026-05-16 18:33:42,243 INFO CSMF2.step_1_1_1.run :: [lat] epoch=41 step=350 mean_l2=0.06475 std_l2=0.12702
2026-05-16 18:33:42,252 INFO CSMF2.step_1_1_1.run :: epoch=41 step=350/429 train_nll=-3123.371
2026-05-16 18:33:46,163 INFO CSMF2.step_1_1_1.run :: [h] epoch=41 step=400 total=0.04112 batch=0.00000
2026-05-16 18:33:46,164 INFO CSMF2.step_1_1_1.run :: [lat] epoch=41 step=400 mean_l2=0.06700 std_l2=0.22344
2026-05-16 18:33:46,173 INFO CSMF2.step_1_1_1.run :: epoch=41 step=400/429 train_nll=-3124.972
2026-05-16 18:33:50,837 INFO CSMF2.step_1_1_1.run :: epoch=41  train_nll=-3125.078  val_nll=-3000.997  t=34.3s
2026-05-16 18:33:50,837 INFO CSMF2.step_1_1_1.run :: [h_std] total=0.04171 batch=0.00000 (no penalty)
2026-05-16 18:33:50,837 INFO CSMF2.step_1_1_1.run :: [lat_epoch] mean_l2=0.08412 std_l2=0.27628 (no penalty)
2026-05-16 18:33:50,837 INFO CSMF2.step_1_1_1.run :: [grad] cond=7.6582 film_gain=0.0000
2026-05-16 18:33:57,971 INFO CSMF2.step_1_1_1.run :: [h] epoch=42 step=50 total=0.04092 batch=0.00000
2026-05-16 18:33:57,972 INFO CSMF2.step_1_1_1.run :: [lat] epoch=42 step=50 mean_l2=0.09597 std_l2=0.07297
2026-05-16 18:33:57,981 INFO CSMF2.step_1_1_1.run :: epoch=42 step=50/429 train_nll=-3129.012
2026-05-16 18:34:01,658 INFO CSMF2.step_1_1_1.run :: [h] epoch=42 step=100 total=0.04074 batch=0.00000
2026-05-16 18:34:01,659 INFO CSMF2.step_1_1_1.run :: [lat] epoch=42 step=100 mean_l2=0.06893 std_l2=0.05576
2026-05-16 18:34:01,670 INFO CSMF2.step_1_1_1.run :: epoch=42 step=100/429 train_nll=-3130.324
2026-05-16 18:34:05,185 INFO CSMF2.step_1_1_1.run :: [h] epoch=42 step=150 total=0.04072 batch=0.00000
2026-05-16 18:34:05,186 INFO CSMF2.step_1_1_1.run :: [lat] epoch=42 step=150 mean_l2=0.06233 std_l2=0.04063
2026-05-16 18:34:05,194 INFO CSMF2.step_1_1_1.run :: epoch=42 step=150/429 train_nll=-3128.427
2026-05-16 18:34:08,725 INFO CSMF2.step_1_1_1.run :: [h] epoch=42 step=200 total=0.04123 batch=0.00000
2026-05-16 18:34:08,725 INFO CSMF2.step_1_1_1.run :: [lat] epoch=42 step=200 mean_l2=0.08840 std_l2=0.05588
2026-05-16 18:34:08,734 INFO CSMF2.step_1_1_1.run :: epoch=42 step=200/429 train_nll=-3128.047
2026-05-16 18:34:12,292 INFO CSMF2.step_1_1_1.run :: [h] epoch=42 step=250 total=0.04087 batch=0.00000
2026-05-16 18:34:12,292 INFO CSMF2.step_1_1_1.run :: [lat] epoch=42 step=250 mean_l2=0.06670 std_l2=0.07224
2026-05-16 18:34:12,302 INFO CSMF2.step_1_1_1.run :: epoch=42 step=250/429 train_nll=-3127.537
2026-05-16 18:34:16,131 INFO CSMF2.step_1_1_1.run :: [h] epoch=42 step=300 total=0.04078 batch=0.00000
2026-05-16 18:34:16,132 INFO CSMF2.step_1_1_1.run :: [lat] epoch=42 step=300 mean_l2=0.09569 std_l2=0.09573
2026-05-16 18:34:16,144 INFO CSMF2.step_1_1_1.run :: epoch=42 step=300/429 train_nll=-3126.921
2026-05-16 18:34:19,824 INFO CSMF2.step_1_1_1.run :: [h] epoch=42 step=350 total=0.04074 batch=0.00000
2026-05-16 18:34:19,825 INFO CSMF2.step_1_1_1.run :: [lat] epoch=42 step=350 mean_l2=0.09063 std_l2=0.13421
2026-05-16 18:34:19,833 INFO CSMF2.step_1_1_1.run :: epoch=42 step=350/429 train_nll=-3126.635
2026-05-16 18:34:23,248 INFO CSMF2.step_1_1_1.run :: [h] epoch=42 step=400 total=0.04172 batch=0.00000
2026-05-16 18:34:23,249 INFO CSMF2.step_1_1_1.run :: [lat] epoch=42 step=400 mean_l2=0.07495 std_l2=0.28272
2026-05-16 18:34:23,259 INFO CSMF2.step_1_1_1.run :: epoch=42 step=400/429 train_nll=-3126.204
2026-05-16 18:34:27,732 INFO CSMF2.step_1_1_1.run :: epoch=42  train_nll=-3126.323  val_nll=-3006.931  t=33.7s
2026-05-16 18:34:27,732 INFO CSMF2.step_1_1_1.run :: [h_std] total=0.04105 batch=0.00000 (no penalty)
2026-05-16 18:34:27,732 INFO CSMF2.step_1_1_1.run :: [lat_epoch] mean_l2=0.08504 std_l2=0.26165 (no penalty)
2026-05-16 18:34:27,732 INFO CSMF2.step_1_1_1.run :: [grad] cond=2.1988 film_gain=0.0000
2026-05-16 18:34:34,570 INFO CSMF2.step_1_1_1.run :: [h] epoch=43 step=50 total=0.04118 batch=0.00000
2026-05-16 18:34:34,571 INFO CSMF2.step_1_1_1.run :: [lat] epoch=43 step=50 mean_l2=0.07694 std_l2=0.21659
2026-05-16 18:34:34,579 INFO CSMF2.step_1_1_1.run :: epoch=43 step=50/429 train_nll=-3129.500
2026-05-16 18:34:38,143 INFO CSMF2.step_1_1_1.run :: [h] epoch=43 step=100 total=0.04109 batch=0.00000
2026-05-16 18:34:38,143 INFO CSMF2.step_1_1_1.run :: [lat] epoch=43 step=100 mean_l2=0.07522 std_l2=0.18296
2026-05-16 18:34:38,155 INFO CSMF2.step_1_1_1.run :: epoch=43 step=100/429 train_nll=-3127.939
2026-05-16 18:34:41,581 INFO CSMF2.step_1_1_1.run :: [h] epoch=43 step=150 total=0.04100 batch=0.00000
2026-05-16 18:34:41,582 INFO CSMF2.step_1_1_1.run :: [lat] epoch=43 step=150 mean_l2=0.13973 std_l2=2.39635
2026-05-16 18:34:41,594 INFO CSMF2.step_1_1_1.run :: epoch=43 step=150/429 train_nll=-3119.676
2026-05-16 18:34:44,992 INFO CSMF2.step_1_1_1.run :: [h] epoch=43 step=200 total=0.04126 batch=0.00000
2026-05-16 18:34:44,993 INFO CSMF2.step_1_1_1.run :: [lat] epoch=43 step=200 mean_l2=0.13381 std_l2=0.09663
2026-05-16 18:34:45,005 INFO CSMF2.step_1_1_1.run :: epoch=43 step=200/429 train_nll=-3115.384
2026-05-16 18:34:48,447 INFO CSMF2.step_1_1_1.run :: [h] epoch=43 step=250 total=0.04079 batch=0.00000
2026-05-16 18:34:48,447 INFO CSMF2.step_1_1_1.run :: [lat] epoch=43 step=250 mean_l2=0.11080 std_l2=0.04642
2026-05-16 18:34:48,456 INFO CSMF2.step_1_1_1.run :: epoch=43 step=250/429 train_nll=-3115.550
2026-05-16 18:34:51,935 INFO CSMF2.step_1_1_1.run :: [h] epoch=43 step=300 total=0.04039 batch=0.00000
2026-05-16 18:34:51,936 INFO CSMF2.step_1_1_1.run :: [lat] epoch=43 step=300 mean_l2=0.08478 std_l2=0.13379
2026-05-16 18:34:51,944 INFO CSMF2.step_1_1_1.run :: epoch=43 step=300/429 train_nll=-3118.052
2026-05-16 18:34:55,493 INFO CSMF2.step_1_1_1.run :: [h] epoch=43 step=350 total=0.04041 batch=0.00000
2026-05-16 18:34:55,493 INFO CSMF2.step_1_1_1.run :: [lat] epoch=43 step=350 mean_l2=0.06682 std_l2=0.29901
2026-05-16 18:34:55,505 INFO CSMF2.step_1_1_1.run :: epoch=43 step=350/429 train_nll=-3118.682
2026-05-16 18:34:59,081 INFO CSMF2.step_1_1_1.run :: [h] epoch=43 step=400 total=0.04009 batch=0.00000
2026-05-16 18:34:59,082 INFO CSMF2.step_1_1_1.run :: [lat] epoch=43 step=400 mean_l2=0.09230 std_l2=0.61082
2026-05-16 18:34:59,090 INFO CSMF2.step_1_1_1.run :: epoch=43 step=400/429 train_nll=-3120.034
2026-05-16 18:35:03,351 INFO CSMF2.step_1_1_1.run :: epoch=43  train_nll=-3121.160  val_nll=-3005.298  t=32.4s
2026-05-16 18:35:03,351 INFO CSMF2.step_1_1_1.run :: [h_std] total=0.04076 batch=0.00000 (no penalty)
2026-05-16 18:35:03,351 INFO CSMF2.step_1_1_1.run :: [lat_epoch] mean_l2=0.08828 std_l2=0.33167 (no penalty)
2026-05-16 18:35:03,351 INFO CSMF2.step_1_1_1.run :: [grad] cond=3.7413 film_gain=0.0000
2026-05-16 18:35:10,221 INFO CSMF2.step_1_1_1.run :: [h] epoch=44 step=50 total=0.04011 batch=0.00000
2026-05-16 18:35:10,221 INFO CSMF2.step_1_1_1.run :: [lat] epoch=44 step=50 mean_l2=0.07343 std_l2=0.05829
2026-05-16 18:35:10,233 INFO CSMF2.step_1_1_1.run :: epoch=44 step=50/429 train_nll=-3135.126
2026-05-16 18:35:14,187 INFO CSMF2.step_1_1_1.run :: [h] epoch=44 step=100 total=0.03988 batch=0.00000
2026-05-16 18:35:14,187 INFO CSMF2.step_1_1_1.run :: [lat] epoch=44 step=100 mean_l2=0.08079 std_l2=0.17327
2026-05-16 18:35:14,195 INFO CSMF2.step_1_1_1.run :: epoch=44 step=100/429 train_nll=-3134.532
2026-05-16 18:35:17,848 INFO CSMF2.step_1_1_1.run :: [h] epoch=44 step=150 total=0.03980 batch=0.00000
2026-05-16 18:35:17,848 INFO CSMF2.step_1_1_1.run :: [lat] epoch=44 step=150 mean_l2=0.11850 std_l2=0.07558
2026-05-16 18:35:17,858 INFO CSMF2.step_1_1_1.run :: epoch=44 step=150/429 train_nll=-3131.923
2026-05-16 18:35:21,355 INFO CSMF2.step_1_1_1.run :: [h] epoch=44 step=200 total=0.03974 batch=0.00000
2026-05-16 18:35:21,356 INFO CSMF2.step_1_1_1.run :: [lat] epoch=44 step=200 mean_l2=0.11176 std_l2=0.18962
2026-05-16 18:35:21,365 INFO CSMF2.step_1_1_1.run :: epoch=44 step=200/429 train_nll=-3130.511
2026-05-16 18:35:24,719 INFO CSMF2.step_1_1_1.run :: [h] epoch=44 step=250 total=0.03956 batch=0.00000
2026-05-16 18:35:24,719 INFO CSMF2.step_1_1_1.run :: [lat] epoch=44 step=250 mean_l2=0.07782 std_l2=0.05691
2026-05-16 18:35:24,727 INFO CSMF2.step_1_1_1.run :: epoch=44 step=250/429 train_nll=-3130.603
2026-05-16 18:35:28,320 INFO CSMF2.step_1_1_1.run :: [h] epoch=44 step=300 total=0.03958 batch=0.00000
2026-05-16 18:35:28,320 INFO CSMF2.step_1_1_1.run :: [lat] epoch=44 step=300 mean_l2=0.11456 std_l2=0.26395
2026-05-16 18:35:28,332 INFO CSMF2.step_1_1_1.run :: epoch=44 step=300/429 train_nll=-3129.732
2026-05-16 18:35:32,236 INFO CSMF2.step_1_1_1.run :: [h] epoch=44 step=350 total=0.03945 batch=0.00000
2026-05-16 18:35:32,236 INFO CSMF2.step_1_1_1.run :: [lat] epoch=44 step=350 mean_l2=0.10288 std_l2=0.06932
2026-05-16 18:35:32,248 INFO CSMF2.step_1_1_1.run :: epoch=44 step=350/429 train_nll=-3129.914
2026-05-16 18:35:36,032 INFO CSMF2.step_1_1_1.run :: [h] epoch=44 step=400 total=0.03945 batch=0.00000
2026-05-16 18:35:36,033 INFO CSMF2.step_1_1_1.run :: [lat] epoch=44 step=400 mean_l2=0.06192 std_l2=0.32573
2026-05-16 18:35:36,041 INFO CSMF2.step_1_1_1.run :: epoch=44 step=400/429 train_nll=-3129.611
2026-05-16 18:35:41,193 INFO CSMF2.step_1_1_1.run :: epoch=44  train_nll=-3130.248  val_nll=-2981.478  t=34.5s
2026-05-16 18:35:41,193 INFO CSMF2.step_1_1_1.run :: [h_std] total=0.03975 batch=0.00000 (no penalty)
2026-05-16 18:35:41,193 INFO CSMF2.step_1_1_1.run :: [lat_epoch] mean_l2=0.08439 std_l2=0.35444 (no penalty)
2026-05-16 18:35:41,193 INFO CSMF2.step_1_1_1.run :: [grad] cond=5.2910 film_gain=0.0000
2026-05-16 18:35:48,144 INFO CSMF2.step_1_1_1.run :: [h] epoch=45 step=50 total=0.03926 batch=0.00000
2026-05-16 18:35:48,144 INFO CSMF2.step_1_1_1.run :: [lat] epoch=45 step=50 mean_l2=0.15198 std_l2=0.49269
2026-05-16 18:35:48,156 INFO CSMF2.step_1_1_1.run :: epoch=45 step=50/429 train_nll=-3110.319
2026-05-16 18:35:51,601 INFO CSMF2.step_1_1_1.run :: [h] epoch=45 step=100 total=0.03926 batch=0.00000
2026-05-16 18:35:51,601 INFO CSMF2.step_1_1_1.run :: [lat] epoch=45 step=100 mean_l2=0.07487 std_l2=0.09787
2026-05-16 18:35:51,614 INFO CSMF2.step_1_1_1.run :: epoch=45 step=100/429 train_nll=-3110.885
2026-05-16 18:35:55,220 INFO CSMF2.step_1_1_1.run :: [h] epoch=45 step=150 total=0.03901 batch=0.00000
2026-05-16 18:35:55,221 INFO CSMF2.step_1_1_1.run :: [lat] epoch=45 step=150 mean_l2=0.10449 std_l2=2.28432
2026-05-16 18:35:55,233 INFO CSMF2.step_1_1_1.run :: epoch=45 step=150/429 train_nll=-3117.550
2026-05-16 18:35:58,770 INFO CSMF2.step_1_1_1.run :: [h] epoch=45 step=200 total=0.03967 batch=0.00000
2026-05-16 18:35:58,770 INFO CSMF2.step_1_1_1.run :: [lat] epoch=45 step=200 mean_l2=0.06645 std_l2=0.05086
2026-05-16 18:35:58,782 INFO CSMF2.step_1_1_1.run :: epoch=45 step=200/429 train_nll=-3106.666
2026-05-16 18:36:02,187 INFO CSMF2.step_1_1_1.run :: [h] epoch=45 step=250 total=0.03981 batch=0.00000
2026-05-16 18:36:02,188 INFO CSMF2.step_1_1_1.run :: [lat] epoch=45 step=250 mean_l2=0.12114 std_l2=0.07172
2026-05-16 18:36:02,198 INFO CSMF2.step_1_1_1.run :: epoch=45 step=250/429 train_nll=-3108.379
2026-05-16 18:36:05,720 INFO CSMF2.step_1_1_1.run :: [h] epoch=45 step=300 total=0.03950 batch=0.00000
2026-05-16 18:36:05,720 INFO CSMF2.step_1_1_1.run :: [lat] epoch=45 step=300 mean_l2=0.07110 std_l2=0.07299
2026-05-16 18:36:05,728 INFO CSMF2.step_1_1_1.run :: epoch=45 step=300/429 train_nll=-3108.764
2026-05-16 18:36:09,082 INFO CSMF2.step_1_1_1.run :: [h] epoch=45 step=350 total=0.03966 batch=0.00000
2026-05-16 18:36:09,083 INFO CSMF2.step_1_1_1.run :: [lat] epoch=45 step=350 mean_l2=0.07875 std_l2=0.07754
2026-05-16 18:36:09,091 INFO CSMF2.step_1_1_1.run :: epoch=45 step=350/429 train_nll=-3109.573
2026-05-16 18:36:12,680 INFO CSMF2.step_1_1_1.run :: [h] epoch=45 step=400 total=0.03951 batch=0.00000
2026-05-16 18:36:12,680 INFO CSMF2.step_1_1_1.run :: [lat] epoch=45 step=400 mean_l2=0.07898 std_l2=0.19188
2026-05-16 18:36:12,693 INFO CSMF2.step_1_1_1.run :: epoch=45 step=400/429 train_nll=-3110.638
2026-05-16 18:36:16,905 INFO CSMF2.step_1_1_1.run :: epoch=45  train_nll=-3112.458  val_nll=-3010.888  t=32.5s
2026-05-16 18:36:16,905 INFO CSMF2.step_1_1_1.run :: [h_std] total=0.03962 batch=0.00000 (no penalty)
2026-05-16 18:36:16,905 INFO CSMF2.step_1_1_1.run :: [lat_epoch] mean_l2=0.09603 std_l2=0.64146 (no penalty)
2026-05-16 18:36:16,905 INFO CSMF2.step_1_1_1.run :: [grad] cond=3.5433 film_gain=0.0000
2026-05-16 18:36:23,808 INFO CSMF2.step_1_1_1.run :: [h] epoch=46 step=50 total=0.03942 batch=0.00000
2026-05-16 18:36:23,808 INFO CSMF2.step_1_1_1.run :: [lat] epoch=46 step=50 mean_l2=0.06685 std_l2=0.77803
2026-05-16 18:36:23,816 INFO CSMF2.step_1_1_1.run :: epoch=46 step=50/429 train_nll=-3126.417
2026-05-16 18:36:27,280 INFO CSMF2.step_1_1_1.run :: [h] epoch=46 step=100 total=0.03981 batch=0.00000
2026-05-16 18:36:27,280 INFO CSMF2.step_1_1_1.run :: [lat] epoch=46 step=100 mean_l2=0.08094 std_l2=0.05721
2026-05-16 18:36:27,292 INFO CSMF2.step_1_1_1.run :: epoch=46 step=100/429 train_nll=-3128.781
2026-05-16 18:36:30,639 INFO CSMF2.step_1_1_1.run :: [h] epoch=46 step=150 total=0.04023 batch=0.00000
2026-05-16 18:36:30,639 INFO CSMF2.step_1_1_1.run :: [lat] epoch=46 step=150 mean_l2=0.09492 std_l2=38.20297
2026-05-16 18:36:30,652 INFO CSMF2.step_1_1_1.run :: epoch=46 step=150/429 train_nll=-3122.193
2026-05-16 18:36:34,129 INFO CSMF2.step_1_1_1.run :: [h] epoch=46 step=200 total=0.04005 batch=0.00000
2026-05-16 18:36:34,129 INFO CSMF2.step_1_1_1.run :: [lat] epoch=46 step=200 mean_l2=0.06684 std_l2=0.07229
2026-05-16 18:36:34,137 INFO CSMF2.step_1_1_1.run :: epoch=46 step=200/429 train_nll=-3121.089
2026-05-16 18:36:37,635 INFO CSMF2.step_1_1_1.run :: [h] epoch=46 step=250 total=0.03987 batch=0.00000
2026-05-16 18:36:37,636 INFO CSMF2.step_1_1_1.run :: [lat] epoch=46 step=250 mean_l2=0.10070 std_l2=0.09883
2026-05-16 18:36:37,647 INFO CSMF2.step_1_1_1.run :: epoch=46 step=250/429 train_nll=-3122.578
2026-05-16 18:36:41,204 INFO CSMF2.step_1_1_1.run :: [h] epoch=46 step=300 total=0.03958 batch=0.00000
2026-05-16 18:36:41,205 INFO CSMF2.step_1_1_1.run :: [lat] epoch=46 step=300 mean_l2=0.08435 std_l2=0.09795
2026-05-16 18:36:41,217 INFO CSMF2.step_1_1_1.run :: epoch=46 step=300/429 train_nll=-3122.881
2026-05-16 18:36:44,612 INFO CSMF2.step_1_1_1.run :: [h] epoch=46 step=350 total=0.03979 batch=0.00000
2026-05-16 18:36:44,612 INFO CSMF2.step_1_1_1.run :: [lat] epoch=46 step=350 mean_l2=0.08473 std_l2=0.06244
2026-05-16 18:36:44,621 INFO CSMF2.step_1_1_1.run :: epoch=46 step=350/429 train_nll=-3124.172
2026-05-16 18:36:48,099 INFO CSMF2.step_1_1_1.run :: [h] epoch=46 step=400 total=0.03969 batch=0.00000
2026-05-16 18:36:48,099 INFO CSMF2.step_1_1_1.run :: [lat] epoch=46 step=400 mean_l2=0.06461 std_l2=0.25670
2026-05-16 18:36:48,109 INFO CSMF2.step_1_1_1.run :: epoch=46 step=400/429 train_nll=-3125.162
2026-05-16 18:36:52,595 INFO CSMF2.step_1_1_1.run :: epoch=46  train_nll=-3126.653  val_nll=-3000.250  t=32.4s
2026-05-16 18:36:52,595 INFO CSMF2.step_1_1_1.run :: [h_std] total=0.04004 batch=0.00000 (no penalty)
2026-05-16 18:36:52,595 INFO CSMF2.step_1_1_1.run :: [lat_epoch] mean_l2=0.08710 std_l2=0.39252 (no penalty)
2026-05-16 18:36:52,595 INFO CSMF2.step_1_1_1.run :: [grad] cond=4.0598 film_gain=0.0000
2026-05-16 18:36:59,221 INFO CSMF2.step_1_1_1.run :: [h] epoch=47 step=50 total=0.03956 batch=0.00000
2026-05-16 18:36:59,221 INFO CSMF2.step_1_1_1.run :: [lat] epoch=47 step=50 mean_l2=0.07425 std_l2=0.21822
2026-05-16 18:36:59,230 INFO CSMF2.step_1_1_1.run :: epoch=47 step=50/429 train_nll=-3128.022
2026-05-16 18:37:02,595 INFO CSMF2.step_1_1_1.run :: [h] epoch=47 step=100 total=0.03945 batch=0.00000
2026-05-16 18:37:02,596 INFO CSMF2.step_1_1_1.run :: [lat] epoch=47 step=100 mean_l2=0.09581 std_l2=0.10364
2026-05-16 18:37:02,607 INFO CSMF2.step_1_1_1.run :: epoch=47 step=100/429 train_nll=-3133.948
2026-05-16 18:37:05,966 INFO CSMF2.step_1_1_1.run :: [h] epoch=47 step=150 total=0.03945 batch=0.00000
2026-05-16 18:37:05,966 INFO CSMF2.step_1_1_1.run :: [lat] epoch=47 step=150 mean_l2=0.09169 std_l2=0.04750
2026-05-16 18:37:05,978 INFO CSMF2.step_1_1_1.run :: epoch=47 step=150/429 train_nll=-3137.970
2026-05-16 18:37:09,601 INFO CSMF2.step_1_1_1.run :: [h] epoch=47 step=200 total=0.03940 batch=0.00000
2026-05-16 18:37:09,601 INFO CSMF2.step_1_1_1.run :: [lat] epoch=47 step=200 mean_l2=0.06205 std_l2=0.08036
2026-05-16 18:37:09,609 INFO CSMF2.step_1_1_1.run :: epoch=47 step=200/429 train_nll=-3141.315
2026-05-16 18:37:13,183 INFO CSMF2.step_1_1_1.run :: [h] epoch=47 step=250 total=0.03927 batch=0.00000
2026-05-16 18:37:13,184 INFO CSMF2.step_1_1_1.run :: [lat] epoch=47 step=250 mean_l2=0.11846 std_l2=0.15882
2026-05-16 18:37:13,196 INFO CSMF2.step_1_1_1.run :: epoch=47 step=250/429 train_nll=-3140.235
2026-05-16 18:37:16,829 INFO CSMF2.step_1_1_1.run :: [h] epoch=47 step=300 total=0.03935 batch=0.00000
2026-05-16 18:37:16,830 INFO CSMF2.step_1_1_1.run :: [lat] epoch=47 step=300 mean_l2=0.12560 std_l2=0.15224
2026-05-16 18:37:16,842 INFO CSMF2.step_1_1_1.run :: epoch=47 step=300/429 train_nll=-3139.422
2026-05-16 18:37:20,518 INFO CSMF2.step_1_1_1.run :: [h] epoch=47 step=350 total=0.03937 batch=0.00000
2026-05-16 18:37:20,519 INFO CSMF2.step_1_1_1.run :: [lat] epoch=47 step=350 mean_l2=0.08890 std_l2=0.07735
2026-05-16 18:37:20,529 INFO CSMF2.step_1_1_1.run :: epoch=47 step=350/429 train_nll=-3138.661
2026-05-16 18:37:24,206 INFO CSMF2.step_1_1_1.run :: [h] epoch=47 step=400 total=0.03917 batch=0.00000
2026-05-16 18:37:24,206 INFO CSMF2.step_1_1_1.run :: [lat] epoch=47 step=400 mean_l2=0.07548 std_l2=0.22592
2026-05-16 18:37:24,217 INFO CSMF2.step_1_1_1.run :: epoch=47 step=400/429 train_nll=-3139.622
2026-05-16 18:37:28,542 INFO CSMF2.step_1_1_1.run :: epoch=47  train_nll=-3138.773  val_nll=-3018.578  t=32.8s
2026-05-16 18:37:28,543 INFO CSMF2.step_1_1_1.run :: [h_std] total=0.03935 batch=0.00000 (no penalty)
2026-05-16 18:37:28,543 INFO CSMF2.step_1_1_1.run :: [lat_epoch] mean_l2=0.08078 std_l2=0.43038 (no penalty)
2026-05-16 18:37:28,543 INFO CSMF2.step_1_1_1.run :: [grad] cond=1.2592 film_gain=0.0000
2026-05-16 18:37:35,361 INFO CSMF2.step_1_1_1.run :: [h] epoch=48 step=50 total=0.03887 batch=0.00000
2026-05-16 18:37:35,362 INFO CSMF2.step_1_1_1.run :: [lat] epoch=48 step=50 mean_l2=0.06609 std_l2=0.14692
2026-05-16 18:37:35,373 INFO CSMF2.step_1_1_1.run :: epoch=48 step=50/429 train_nll=-3137.862
2026-05-16 18:37:38,898 INFO CSMF2.step_1_1_1.run :: [h] epoch=48 step=100 total=0.03906 batch=0.00000
2026-05-16 18:37:38,899 INFO CSMF2.step_1_1_1.run :: [lat] epoch=48 step=100 mean_l2=0.06188 std_l2=0.14204
2026-05-16 18:37:38,907 INFO CSMF2.step_1_1_1.run :: epoch=48 step=100/429 train_nll=-3145.998
2026-05-16 18:37:42,513 INFO CSMF2.step_1_1_1.run :: [h] epoch=48 step=150 total=0.03888 batch=0.00000
2026-05-16 18:37:42,513 INFO CSMF2.step_1_1_1.run :: [lat] epoch=48 step=150 mean_l2=0.07304 std_l2=0.07744
2026-05-16 18:37:42,521 INFO CSMF2.step_1_1_1.run :: epoch=48 step=150/429 train_nll=-3145.467
2026-05-16 18:37:46,181 INFO CSMF2.step_1_1_1.run :: [h] epoch=48 step=200 total=0.03849 batch=0.00000
2026-05-16 18:37:46,181 INFO CSMF2.step_1_1_1.run :: [lat] epoch=48 step=200 mean_l2=0.07069 std_l2=0.34240
2026-05-16 18:37:46,190 INFO CSMF2.step_1_1_1.run :: epoch=48 step=200/429 train_nll=-3147.790
2026-05-16 18:37:49,899 INFO CSMF2.step_1_1_1.run :: [h] epoch=48 step=250 total=0.03900 batch=0.00000
2026-05-16 18:37:49,899 INFO CSMF2.step_1_1_1.run :: [lat] epoch=48 step=250 mean_l2=0.09410 std_l2=0.06082
2026-05-16 18:37:49,907 INFO CSMF2.step_1_1_1.run :: epoch=48 step=250/429 train_nll=-3146.782
2026-05-16 18:37:53,354 INFO CSMF2.step_1_1_1.run :: [h] epoch=48 step=300 total=0.03905 batch=0.00000
2026-05-16 18:37:53,355 INFO CSMF2.step_1_1_1.run :: [lat] epoch=48 step=300 mean_l2=0.08304 std_l2=0.09986
2026-05-16 18:37:53,364 INFO CSMF2.step_1_1_1.run :: epoch=48 step=300/429 train_nll=-3144.291
2026-05-16 18:37:56,884 INFO CSMF2.step_1_1_1.run :: [h] epoch=48 step=350 total=0.03886 batch=0.00000
2026-05-16 18:37:56,884 INFO CSMF2.step_1_1_1.run :: [lat] epoch=48 step=350 mean_l2=0.07489 std_l2=0.28978
2026-05-16 18:37:56,896 INFO CSMF2.step_1_1_1.run :: epoch=48 step=350/429 train_nll=-3142.994
2026-05-16 18:38:00,262 INFO CSMF2.step_1_1_1.run :: [h] epoch=48 step=400 total=0.03870 batch=0.00000
2026-05-16 18:38:00,263 INFO CSMF2.step_1_1_1.run :: [lat] epoch=48 step=400 mean_l2=0.07188 std_l2=0.20218
2026-05-16 18:38:00,275 INFO CSMF2.step_1_1_1.run :: epoch=48 step=400/429 train_nll=-3141.471
2026-05-16 18:38:04,464 INFO CSMF2.step_1_1_1.run :: epoch=48  train_nll=-3139.036  val_nll=-3006.199  t=32.6s
2026-05-16 18:38:04,464 INFO CSMF2.step_1_1_1.run :: [h_std] total=0.03895 batch=0.00000 (no penalty)
2026-05-16 18:38:04,464 INFO CSMF2.step_1_1_1.run :: [lat_epoch] mean_l2=0.08113 std_l2=0.75507 (no penalty)
2026-05-16 18:38:04,464 INFO CSMF2.step_1_1_1.run :: [grad] cond=8.8762 film_gain=0.0000
2026-05-16 18:38:11,353 INFO CSMF2.step_1_1_1.run :: [h] epoch=49 step=50 total=0.03858 batch=0.00000
2026-05-16 18:38:11,353 INFO CSMF2.step_1_1_1.run :: [lat] epoch=49 step=50 mean_l2=0.08485 std_l2=0.06784
2026-05-16 18:38:11,365 INFO CSMF2.step_1_1_1.run :: epoch=49 step=50/429 train_nll=-3141.691
2026-05-16 18:38:14,847 INFO CSMF2.step_1_1_1.run :: [h] epoch=49 step=100 total=0.03825 batch=0.00000
2026-05-16 18:38:14,847 INFO CSMF2.step_1_1_1.run :: [lat] epoch=49 step=100 mean_l2=0.07658 std_l2=0.08362
2026-05-16 18:38:14,855 INFO CSMF2.step_1_1_1.run :: epoch=49 step=100/429 train_nll=-3146.230
2026-05-16 18:38:18,271 INFO CSMF2.step_1_1_1.run :: [h] epoch=49 step=150 total=0.03890 batch=0.00000
2026-05-16 18:38:18,272 INFO CSMF2.step_1_1_1.run :: [lat] epoch=49 step=150 mean_l2=0.06868 std_l2=0.50904
2026-05-16 18:38:18,280 INFO CSMF2.step_1_1_1.run :: epoch=49 step=150/429 train_nll=-3145.994
2026-05-16 18:38:22,320 INFO CSMF2.step_1_1_1.run :: [h] epoch=49 step=200 total=0.03833 batch=0.00000
2026-05-16 18:38:22,320 INFO CSMF2.step_1_1_1.run :: [lat] epoch=49 step=200 mean_l2=0.11067 std_l2=0.09527
2026-05-16 18:38:22,328 INFO CSMF2.step_1_1_1.run :: epoch=49 step=200/429 train_nll=-3141.087
2026-05-16 18:38:26,129 INFO CSMF2.step_1_1_1.run :: [h] epoch=49 step=250 total=0.03959 batch=0.00000
2026-05-16 18:38:26,129 INFO CSMF2.step_1_1_1.run :: [lat] epoch=49 step=250 mean_l2=0.05369 std_l2=0.04024
2026-05-16 18:38:26,141 INFO CSMF2.step_1_1_1.run :: epoch=49 step=250/429 train_nll=-3137.080
2026-05-16 18:38:29,656 INFO CSMF2.step_1_1_1.run :: [h] epoch=49 step=300 total=0.03864 batch=0.00000
2026-05-16 18:38:29,656 INFO CSMF2.step_1_1_1.run :: [lat] epoch=49 step=300 mean_l2=0.06588 std_l2=0.06706
2026-05-16 18:38:29,668 INFO CSMF2.step_1_1_1.run :: epoch=49 step=300/429 train_nll=-3137.868
2026-05-16 18:38:33,202 INFO CSMF2.step_1_1_1.run :: [h] epoch=49 step=350 total=0.03877 batch=0.00000
2026-05-16 18:38:33,202 INFO CSMF2.step_1_1_1.run :: [lat] epoch=49 step=350 mean_l2=0.07963 std_l2=0.25301
2026-05-16 18:38:33,215 INFO CSMF2.step_1_1_1.run :: epoch=49 step=350/429 train_nll=-3137.894
2026-05-16 18:38:36,858 INFO CSMF2.step_1_1_1.run :: [h] epoch=49 step=400 total=0.03860 batch=0.00000
2026-05-16 18:38:36,858 INFO CSMF2.step_1_1_1.run :: [lat] epoch=49 step=400 mean_l2=0.06888 std_l2=0.19750
2026-05-16 18:38:36,869 INFO CSMF2.step_1_1_1.run :: epoch=49 step=400/429 train_nll=-3137.987
2026-05-16 18:38:41,353 INFO CSMF2.step_1_1_1.run :: epoch=49  train_nll=-3138.787  val_nll=-3004.753  t=33.7s
2026-05-16 18:38:41,353 INFO CSMF2.step_1_1_1.run :: [h_std] total=0.03867 batch=0.00000 (no penalty)
2026-05-16 18:38:41,353 INFO CSMF2.step_1_1_1.run :: [lat_epoch] mean_l2=0.07823 std_l2=0.31079 (no penalty)
2026-05-16 18:38:41,353 INFO CSMF2.step_1_1_1.run :: [grad] cond=1.7363 film_gain=0.0000
2026-05-16 18:38:44,553 WARNING CSMF2.step_1_1_1.run :: [exit_gate] fwd_rel=0.823 > target 0.500 (informational; no resume baseline available)
2026-05-16 18:38:48,982 INFO CSMF2.step_1_1_1.run :: [run] FINAL test_nll (sealed 10k) = -2992.371
2026-05-16 18:38:49,687 INFO CSMF2.experiments.step_1_1_1.density_plots :: [plot_latent_density] saved -> CSMF2/experiments/step_1_1_1/results/realnvp_s2_n0.00_seed0_93ed0b97ef88/plots/latent_density.png  (ks=0.0294, mean=0.035, std=1.098)
2026-05-16 18:38:49,852 INFO CSMF2.experiments.step_1_1_1.density_plots :: [plot_cycle_density] saved -> CSMF2/experiments/step_1_1_1/results/realnvp_s2_n0.00_seed0_93ed0b97ef88/plots/cycle_density.png  (max|err|=8.821e-06 rms=4.219e-07)
2026-05-16 18:38:50,095 INFO CSMF2.experiments.step_1_1_1.density_plots :: [plot_reconstruction_panel] saved -> CSMF2/experiments/step_1_1_1/results/realnvp_s2_n0.00_seed0_93ed0b97ef88/plots/reconstruction_panel.png  rms(enc-prior)=1.888
==============================================================
[1mSTEP-1_1_1 RUN SUMMARY[0m
==============================================================
expert: realnvp   scale: 2   noise: 0.0   seed: 0   epochs: 50
train NLL:    -1809.70  ->    -3138.79  (Δ = -1329.08)
test  NLL:    -2175.52  ->    -3004.75

[1mHARD GATES (halt on fail)[0m
  [32m 50/50  ✓[0m  invertibility FP64 <1e-5
  [33m 26/50  ✗[0m  latent KS vs N(0,1) <0.05
  [32m 50/50  ✓[0m  cycle_max < 1e-12
  [32m 50/50  ✓[0m  h std > 1e-3
  [32m 50/50  ✓[0m  FiLM γ,β std > 1e-3 aggregate
  [32m 50/50  ✓[0m  (y,seed) max|Δh| < 1e-6
  [32m 50/50  ✓[0m  no NaN/Inf this epoch
  [32m  1/1   ✓[0m  numeric log-det (FP64, once)

[1mINFORMATIONAL (logged, non-blocking)[0m
  [32m 50/50  ✓[0m  null-control gap ≥ 0.10
  [33m  5/50  ✗[0m  h_st Δlogp slope > 1e-3
  [32m 50/50  ✓[0m  grad norm > 1e-6
  [32m 50/50  ✓[0m  fwd residual reported
--------------------------------------------------------------
[1mHARD TOTAL: 327/351[0m  (93.2%)
[1mEXIT_CRITERIA_MET:[0m [31mNO[0m
[1mREMEDY HINTS:[0m
  - hard gate failed: latent_ks (latent KS vs N(0,1) <0.05) -- check epochs [0, 1, 2, 3, 5, 7, 9, 11, 12, 13, 15, 17, 18, 19, 21, 24, 26, 29, 34, 35, 36, 43, 44, 48]
[33mSTEP-1_1_1 SOFT WARNINGS (non-blocking):[0m
  ! fwd_rel=0.823 > target 0.500 (informational; no resume baseline available)
==============================================================
2026-05-16 18:38:50,169 INFO CSMF2.step_1_1_1.run :: STEP-1_1 run DONE  exit_ok=False  out=CSMF2/experiments/step_1_1_1/results/realnvp_s2_n0.00_seed0_93ed0b97ef88
>>> 18:38:50 === TRAIN nice  lam=0.1 noise=0.1 ===
2026-05-16 18:38:52,001 INFO CSMF2.step_1_1_1.run :: STEP-1_1 run | tag=nice_s2_n0.10_seed0_7c8e2c947626 | cfg=StepCfg(data_root='./mnist_data', scale=2, blur_sigma=1.0, noise_sigma=0.1, batch_size=128, expert='nice', dim=784, cond_width=128, h_dim=256, flow_hidden=256, use_film=True, cache_h=True, use_v2_conditioner=True, film_depth=2, film_hidden=128, film_use_gelu=True, realnvp_n_couplings=6, realnvp_s_max=2.0, glow_n_steps=8, glow_coupling_hidden=256, glow_s_max=2.0, glow_squeeze=True, glow_n_levels=1, glow_image_c=1, glow_image_h=28, glow_image_w=28, glow_film_gain_init=0.3, lr=0.001, epochs=50, weight_decay=0.0, grad_clip=5.0, shuffle_loss_lambda=0.0, shuffle_loss_margin=0.5, h_std_penalty_mu=0.0, h_std_target=0.05, cond_y_residual_alpha_init=0.0, latent_moment_lambda=0.1, latent_ks_target=0.1, fwd_rel_target=0.5, resume_from=None, seed=0, out_root='./CSMF2/experiments/step_1_1_1/results', log_every=50, sanity_every_epoch=True)
2026-05-16 18:38:52,107 INFO CSMF2.step_1_1_1.run :: [run] data sizes: train=55000  val=5000 (per-epoch)  test=10000 (final-only)
2026-05-16 18:38:52,245 INFO CSMF2.step_1_1_1.run :: [y_sanity] y.std(dim=0).mean() = 0.1512  shape=(128, 1, 14, 14)
2026-05-16 18:38:54,258 INFO CSMF2.step_1_1_1.run :: [h] epoch=0 step=50 total=0.08836 batch=0.00107
2026-05-16 18:38:54,258 INFO CSMF2.step_1_1_1.run :: [lat] epoch=0 step=50 mean_l2=0.03164 std_l2=2.87115
2026-05-16 18:38:54,265 INFO CSMF2.step_1_1_1.run :: epoch=0 step=50/429 train_nll=-485.382
2026-05-16 18:38:55,816 INFO CSMF2.step_1_1_1.run :: [h] epoch=0 step=100 total=0.18415 batch=0.00199
2026-05-16 18:38:55,817 INFO CSMF2.step_1_1_1.run :: [lat] epoch=0 step=100 mean_l2=0.02797 std_l2=0.79625
2026-05-16 18:38:55,823 INFO CSMF2.step_1_1_1.run :: epoch=0 step=100/429 train_nll=-723.290
2026-05-16 18:38:57,373 INFO CSMF2.step_1_1_1.run :: [h] epoch=0 step=150 total=0.22995 batch=0.00031
2026-05-16 18:38:57,373 INFO CSMF2.step_1_1_1.run :: [lat] epoch=0 step=150 mean_l2=0.02696 std_l2=0.55550
2026-05-16 18:38:57,380 INFO CSMF2.step_1_1_1.run :: epoch=0 step=150/429 train_nll=-846.223
2026-05-16 18:38:58,929 INFO CSMF2.step_1_1_1.run :: [h] epoch=0 step=200 total=0.26072 batch=0.00023
2026-05-16 18:38:58,929 INFO CSMF2.step_1_1_1.run :: [lat] epoch=0 step=200 mean_l2=0.03146 std_l2=0.40484
2026-05-16 18:38:58,936 INFO CSMF2.step_1_1_1.run :: epoch=0 step=200/429 train_nll=-925.901
2026-05-16 18:39:00,485 INFO CSMF2.step_1_1_1.run :: [h] epoch=0 step=250 total=0.28933 batch=0.00056
2026-05-16 18:39:00,485 INFO CSMF2.step_1_1_1.run :: [lat] epoch=0 step=250 mean_l2=0.03066 std_l2=0.39235
2026-05-16 18:39:00,491 INFO CSMF2.step_1_1_1.run :: epoch=0 step=250/429 train_nll=-982.850
2026-05-16 18:39:02,225 INFO CSMF2.step_1_1_1.run :: [h] epoch=0 step=300 total=0.28982 batch=0.00023
2026-05-16 18:39:02,225 INFO CSMF2.step_1_1_1.run :: [lat] epoch=0 step=300 mean_l2=0.04247 std_l2=0.37274
2026-05-16 18:39:02,232 INFO CSMF2.step_1_1_1.run :: epoch=0 step=300/429 train_nll=-1026.934
2026-05-16 18:39:03,777 INFO CSMF2.step_1_1_1.run :: [h] epoch=0 step=350 total=0.30495 batch=0.00061
2026-05-16 18:39:03,777 INFO CSMF2.step_1_1_1.run :: [lat] epoch=0 step=350 mean_l2=0.02594 std_l2=0.37241
2026-05-16 18:39:03,784 INFO CSMF2.step_1_1_1.run :: epoch=0 step=350/429 train_nll=-1062.690
2026-05-16 18:39:05,331 INFO CSMF2.step_1_1_1.run :: [h] epoch=0 step=400 total=0.30258 batch=0.00046
2026-05-16 18:39:05,332 INFO CSMF2.step_1_1_1.run :: [lat] epoch=0 step=400 mean_l2=0.02739 std_l2=0.35316
2026-05-16 18:39:05,338 INFO CSMF2.step_1_1_1.run :: epoch=0 step=400/429 train_nll=-1093.548
2026-05-16 18:39:07,200 INFO CSMF2.step_1_1_1.run :: epoch=0  train_nll=-1109.431  val_nll=-1337.232  t=14.8s
2026-05-16 18:39:07,201 INFO CSMF2.step_1_1_1.run :: [h_std] total=0.23870 batch=0.00103 (no penalty)
2026-05-16 18:39:07,201 INFO CSMF2.step_1_1_1.run :: [lat_epoch] mean_l2=0.09195 std_l2=1.08277 lambda=0.100
2026-05-16 18:39:07,201 INFO CSMF2.step_1_1_1.run :: [grad] cond=2.2358 film_gain=0.0000
2026-05-16 18:39:12,313 INFO CSMF2.step_1_1_1.run :: [h] epoch=1 step=50 total=0.31273 batch=0.00075
2026-05-16 18:39:12,313 INFO CSMF2.step_1_1_1.run :: [lat] epoch=1 step=50 mean_l2=0.02706 std_l2=0.37750
2026-05-16 18:39:12,319 INFO CSMF2.step_1_1_1.run :: epoch=1 step=50/429 train_nll=-1348.759
2026-05-16 18:39:13,877 INFO CSMF2.step_1_1_1.run :: [h] epoch=1 step=100 total=0.32414 batch=0.00138
2026-05-16 18:39:13,878 INFO CSMF2.step_1_1_1.run :: [lat] epoch=1 step=100 mean_l2=0.02605 std_l2=0.36830
2026-05-16 18:39:13,884 INFO CSMF2.step_1_1_1.run :: epoch=1 step=100/429 train_nll=-1360.124
2026-05-16 18:39:15,442 INFO CSMF2.step_1_1_1.run :: [h] epoch=1 step=150 total=0.32298 batch=0.00140
2026-05-16 18:39:15,442 INFO CSMF2.step_1_1_1.run :: [lat] epoch=1 step=150 mean_l2=0.03201 std_l2=0.36789
2026-05-16 18:39:15,448 INFO CSMF2.step_1_1_1.run :: epoch=1 step=150/429 train_nll=-1370.598
2026-05-16 18:39:17,006 INFO CSMF2.step_1_1_1.run :: [h] epoch=1 step=200 total=0.31465 batch=0.00215
2026-05-16 18:39:17,006 INFO CSMF2.step_1_1_1.run :: [lat] epoch=1 step=200 mean_l2=0.02405 std_l2=0.38508
2026-05-16 18:39:17,013 INFO CSMF2.step_1_1_1.run :: epoch=1 step=200/429 train_nll=-1381.312
2026-05-16 18:39:18,571 INFO CSMF2.step_1_1_1.run :: [h] epoch=1 step=250 total=0.31779 batch=0.00450
2026-05-16 18:39:18,571 INFO CSMF2.step_1_1_1.run :: [lat] epoch=1 step=250 mean_l2=0.02936 std_l2=0.35767
2026-05-16 18:39:18,577 INFO CSMF2.step_1_1_1.run :: epoch=1 step=250/429 train_nll=-1391.237
2026-05-16 18:39:20,155 INFO CSMF2.step_1_1_1.run :: [h] epoch=1 step=300 total=0.31307 batch=0.00504
2026-05-16 18:39:20,156 INFO CSMF2.step_1_1_1.run :: [lat] epoch=1 step=300 mean_l2=0.03081 std_l2=0.35578
2026-05-16 18:39:20,162 INFO CSMF2.step_1_1_1.run :: epoch=1 step=300/429 train_nll=-1400.976
2026-05-16 18:39:21,763 INFO CSMF2.step_1_1_1.run :: [h] epoch=1 step=350 total=0.30568 batch=0.01205
2026-05-16 18:39:21,763 INFO CSMF2.step_1_1_1.run :: [lat] epoch=1 step=350 mean_l2=0.02202 std_l2=0.34017
2026-05-16 18:39:21,769 INFO CSMF2.step_1_1_1.run :: epoch=1 step=350/429 train_nll=-1410.373
2026-05-16 18:39:23,367 INFO CSMF2.step_1_1_1.run :: [h] epoch=1 step=400 total=0.30885 batch=0.00728
2026-05-16 18:39:23,367 INFO CSMF2.step_1_1_1.run :: [lat] epoch=1 step=400 mean_l2=0.03083 std_l2=0.36872
2026-05-16 18:39:23,373 INFO CSMF2.step_1_1_1.run :: epoch=1 step=400/429 train_nll=-1419.417
2026-05-16 18:39:25,303 INFO CSMF2.step_1_1_1.run :: epoch=1  train_nll=-1424.788  val_nll=-1505.222  t=14.6s
2026-05-16 18:39:25,303 INFO CSMF2.step_1_1_1.run :: [h_std] total=0.31674 batch=0.00382 (no penalty)
2026-05-16 18:39:25,303 INFO CSMF2.step_1_1_1.run :: [lat_epoch] mean_l2=0.03001 std_l2=0.37300 lambda=0.100
2026-05-16 18:39:25,303 INFO CSMF2.step_1_1_1.run :: [grad] cond=14.5372 film_gain=0.0000
2026-05-16 18:39:31,305 INFO CSMF2.step_1_1_1.run :: [h] epoch=2 step=50 total=0.32161 batch=0.01038
2026-05-16 18:39:31,305 INFO CSMF2.step_1_1_1.run :: [lat] epoch=2 step=50 mean_l2=0.03233 std_l2=0.36848
2026-05-16 18:39:31,314 INFO CSMF2.step_1_1_1.run :: epoch=2 step=50/429 train_nll=-1513.476
2026-05-16 18:39:33,946 INFO CSMF2.step_1_1_1.run :: [h] epoch=2 step=100 total=0.32126 batch=0.01440
2026-05-16 18:39:33,946 INFO CSMF2.step_1_1_1.run :: [lat] epoch=2 step=100 mean_l2=0.02904 std_l2=0.35343
2026-05-16 18:39:33,955 INFO CSMF2.step_1_1_1.run :: epoch=2 step=100/429 train_nll=-1519.074
2026-05-16 18:39:35,612 INFO CSMF2.step_1_1_1.run :: [h] epoch=2 step=150 total=0.31552 batch=0.01361
2026-05-16 18:39:35,613 INFO CSMF2.step_1_1_1.run :: [lat] epoch=2 step=150 mean_l2=0.02739 std_l2=0.34747
2026-05-16 18:39:35,619 INFO CSMF2.step_1_1_1.run :: epoch=2 step=150/429 train_nll=-1526.780
2026-05-16 18:39:37,211 INFO CSMF2.step_1_1_1.run :: [h] epoch=2 step=200 total=0.31600 batch=0.01875
2026-05-16 18:39:37,211 INFO CSMF2.step_1_1_1.run :: [lat] epoch=2 step=200 mean_l2=0.03935 std_l2=0.36610
2026-05-16 18:39:37,218 INFO CSMF2.step_1_1_1.run :: epoch=2 step=200/429 train_nll=-1535.033
2026-05-16 18:39:38,805 INFO CSMF2.step_1_1_1.run :: [h] epoch=2 step=250 total=0.31624 batch=0.01652
2026-05-16 18:39:38,805 INFO CSMF2.step_1_1_1.run :: [lat] epoch=2 step=250 mean_l2=0.02900 std_l2=0.33277
2026-05-16 18:39:38,812 INFO CSMF2.step_1_1_1.run :: epoch=2 step=250/429 train_nll=-1542.192
2026-05-16 18:39:40,402 INFO CSMF2.step_1_1_1.run :: [h] epoch=2 step=300 total=0.30882 batch=0.01943
2026-05-16 18:39:40,403 INFO CSMF2.step_1_1_1.run :: [lat] epoch=2 step=300 mean_l2=0.04851 std_l2=0.33342
2026-05-16 18:39:40,409 INFO CSMF2.step_1_1_1.run :: epoch=2 step=300/429 train_nll=-1549.398
2026-05-16 18:39:42,037 INFO CSMF2.step_1_1_1.run :: [h] epoch=2 step=350 total=0.30846 batch=0.02053
2026-05-16 18:39:42,038 INFO CSMF2.step_1_1_1.run :: [lat] epoch=2 step=350 mean_l2=0.04227 std_l2=0.31175
2026-05-16 18:39:42,044 INFO CSMF2.step_1_1_1.run :: epoch=2 step=350/429 train_nll=-1555.830
2026-05-16 18:39:43,674 INFO CSMF2.step_1_1_1.run :: [h] epoch=2 step=400 total=0.30328 batch=0.01618
2026-05-16 18:39:43,674 INFO CSMF2.step_1_1_1.run :: [lat] epoch=2 step=400 mean_l2=0.02761 std_l2=0.33749
2026-05-16 18:39:43,681 INFO CSMF2.step_1_1_1.run :: epoch=2 step=400/429 train_nll=-1562.180
2026-05-16 18:39:45,633 INFO CSMF2.step_1_1_1.run :: epoch=2  train_nll=-1566.036  val_nll=-1625.650  t=17.0s
2026-05-16 18:39:45,633 INFO CSMF2.step_1_1_1.run :: [h_std] total=0.31502 batch=0.01511 (no penalty)
2026-05-16 18:39:45,633 INFO CSMF2.step_1_1_1.run :: [lat_epoch] mean_l2=0.03560 std_l2=0.35386 lambda=0.100
2026-05-16 18:39:45,634 INFO CSMF2.step_1_1_1.run :: [grad] cond=16.6453 film_gain=0.0000
2026-05-16 18:39:50,702 INFO CSMF2.step_1_1_1.run :: [h] epoch=3 step=50 total=0.31132 batch=0.01860
2026-05-16 18:39:50,703 INFO CSMF2.step_1_1_1.run :: [lat] epoch=3 step=50 mean_l2=0.03525 std_l2=0.34443
2026-05-16 18:39:50,709 INFO CSMF2.step_1_1_1.run :: epoch=3 step=50/429 train_nll=-1628.860
2026-05-16 18:39:52,253 INFO CSMF2.step_1_1_1.run :: [h] epoch=3 step=100 total=0.30534 batch=0.02386
2026-05-16 18:39:52,253 INFO CSMF2.step_1_1_1.run :: [lat] epoch=3 step=100 mean_l2=0.03354 std_l2=0.32725
2026-05-16 18:39:52,260 INFO CSMF2.step_1_1_1.run :: epoch=3 step=100/429 train_nll=-1633.317
2026-05-16 18:39:53,805 INFO CSMF2.step_1_1_1.run :: [h] epoch=3 step=150 total=0.31422 batch=0.01890
2026-05-16 18:39:53,805 INFO CSMF2.step_1_1_1.run :: [lat] epoch=3 step=150 mean_l2=0.03275 std_l2=0.31368
2026-05-16 18:39:53,812 INFO CSMF2.step_1_1_1.run :: epoch=3 step=150/429 train_nll=-1637.803
2026-05-16 18:39:55,358 INFO CSMF2.step_1_1_1.run :: [h] epoch=3 step=200 total=0.31130 batch=0.02426
2026-05-16 18:39:55,358 INFO CSMF2.step_1_1_1.run :: [lat] epoch=3 step=200 mean_l2=0.04014 std_l2=0.33691
2026-05-16 18:39:55,364 INFO CSMF2.step_1_1_1.run :: epoch=3 step=200/429 train_nll=-1644.000
2026-05-16 18:39:56,909 INFO CSMF2.step_1_1_1.run :: [h] epoch=3 step=250 total=0.31008 batch=0.02461
2026-05-16 18:39:56,909 INFO CSMF2.step_1_1_1.run :: [lat] epoch=3 step=250 mean_l2=0.03199 std_l2=0.29716
2026-05-16 18:39:56,915 INFO CSMF2.step_1_1_1.run :: epoch=3 step=250/429 train_nll=-1649.772
2026-05-16 18:39:58,483 INFO CSMF2.step_1_1_1.run :: [h] epoch=3 step=300 total=0.31171 batch=0.02971
2026-05-16 18:39:58,483 INFO CSMF2.step_1_1_1.run :: [lat] epoch=3 step=300 mean_l2=0.04460 std_l2=0.30621
2026-05-16 18:39:58,489 INFO CSMF2.step_1_1_1.run :: epoch=3 step=300/429 train_nll=-1656.106
2026-05-16 18:40:00,076 INFO CSMF2.step_1_1_1.run :: [h] epoch=3 step=350 total=0.29689 batch=0.03887
2026-05-16 18:40:00,076 INFO CSMF2.step_1_1_1.run :: [lat] epoch=3 step=350 mean_l2=0.04911 std_l2=0.28323
2026-05-16 18:40:00,082 INFO CSMF2.step_1_1_1.run :: epoch=3 step=350/429 train_nll=-1661.197
2026-05-16 18:40:01,668 INFO CSMF2.step_1_1_1.run :: [h] epoch=3 step=400 total=0.29450 batch=0.03907
2026-05-16 18:40:01,668 INFO CSMF2.step_1_1_1.run :: [lat] epoch=3 step=400 mean_l2=0.03678 std_l2=0.31115
2026-05-16 18:40:01,675 INFO CSMF2.step_1_1_1.run :: epoch=3 step=400/429 train_nll=-1666.310
2026-05-16 18:40:03,702 INFO CSMF2.step_1_1_1.run :: epoch=3  train_nll=-1669.524  val_nll=-1716.965  t=14.7s
2026-05-16 18:40:03,702 INFO CSMF2.step_1_1_1.run :: [h_std] total=0.30791 batch=0.02727 (no penalty)
2026-05-16 18:40:03,702 INFO CSMF2.step_1_1_1.run :: [lat_epoch] mean_l2=0.04270 std_l2=0.32588 lambda=0.100
2026-05-16 18:40:03,702 INFO CSMF2.step_1_1_1.run :: [grad] cond=18.0587 film_gain=0.0000
2026-05-16 18:40:08,610 INFO CSMF2.step_1_1_1.run :: [h] epoch=4 step=50 total=0.29814 batch=0.04895
2026-05-16 18:40:08,610 INFO CSMF2.step_1_1_1.run :: [lat] epoch=4 step=50 mean_l2=0.05434 std_l2=0.32007
2026-05-16 18:40:08,616 INFO CSMF2.step_1_1_1.run :: epoch=4 step=50/429 train_nll=-1720.587
2026-05-16 18:40:10,148 INFO CSMF2.step_1_1_1.run :: [h] epoch=4 step=100 total=0.30060 batch=0.05536
2026-05-16 18:40:10,149 INFO CSMF2.step_1_1_1.run :: [lat] epoch=4 step=100 mean_l2=0.04880 std_l2=0.30810
2026-05-16 18:40:10,155 INFO CSMF2.step_1_1_1.run :: epoch=4 step=100/429 train_nll=-1723.432
2026-05-16 18:40:11,687 INFO CSMF2.step_1_1_1.run :: [h] epoch=4 step=150 total=0.29102 batch=0.04809
2026-05-16 18:40:11,687 INFO CSMF2.step_1_1_1.run :: [lat] epoch=4 step=150 mean_l2=0.07020 std_l2=0.28636
2026-05-16 18:40:11,693 INFO CSMF2.step_1_1_1.run :: epoch=4 step=150/429 train_nll=-1726.388
2026-05-16 18:40:13,428 INFO CSMF2.step_1_1_1.run :: [h] epoch=4 step=200 total=0.29341 batch=0.05908
2026-05-16 18:40:13,428 INFO CSMF2.step_1_1_1.run :: [lat] epoch=4 step=200 mean_l2=0.04732 std_l2=0.30146
2026-05-16 18:40:13,446 INFO CSMF2.step_1_1_1.run :: epoch=4 step=200/429 train_nll=-1731.157
2026-05-16 18:40:15,380 INFO CSMF2.step_1_1_1.run :: [h] epoch=4 step=250 total=0.30145 batch=0.05145
2026-05-16 18:40:15,380 INFO CSMF2.step_1_1_1.run :: [lat] epoch=4 step=250 mean_l2=0.03979 std_l2=0.27711
2026-05-16 18:40:15,386 INFO CSMF2.step_1_1_1.run :: epoch=4 step=250/429 train_nll=-1735.277
2026-05-16 18:40:16,922 INFO CSMF2.step_1_1_1.run :: [h] epoch=4 step=300 total=0.29872 batch=0.05828
2026-05-16 18:40:16,922 INFO CSMF2.step_1_1_1.run :: [lat] epoch=4 step=300 mean_l2=0.05217 std_l2=0.28455
2026-05-16 18:40:16,929 INFO CSMF2.step_1_1_1.run :: epoch=4 step=300/429 train_nll=-1740.385
2026-05-16 18:40:18,495 INFO CSMF2.step_1_1_1.run :: [h] epoch=4 step=350 total=0.29176 batch=0.06187
2026-05-16 18:40:18,495 INFO CSMF2.step_1_1_1.run :: [lat] epoch=4 step=350 mean_l2=0.05003 std_l2=0.29136
2026-05-16 18:40:18,509 INFO CSMF2.step_1_1_1.run :: epoch=4 step=350/429 train_nll=-1744.671
2026-05-16 18:40:20,074 INFO CSMF2.step_1_1_1.run :: [h] epoch=4 step=400 total=0.28293 batch=0.05559
2026-05-16 18:40:20,075 INFO CSMF2.step_1_1_1.run :: [lat] epoch=4 step=400 mean_l2=0.04424 std_l2=0.29417
2026-05-16 18:40:20,081 INFO CSMF2.step_1_1_1.run :: epoch=4 step=400/429 train_nll=-1749.042
2026-05-16 18:40:21,963 INFO CSMF2.step_1_1_1.run :: epoch=4  train_nll=-1751.978  val_nll=-1790.663  t=15.0s
2026-05-16 18:40:21,963 INFO CSMF2.step_1_1_1.run :: [h_std] total=0.29715 batch=0.05388 (no penalty)
2026-05-16 18:40:21,963 INFO CSMF2.step_1_1_1.run :: [lat_epoch] mean_l2=0.04955 std_l2=0.30566 lambda=0.100
2026-05-16 18:40:21,963 INFO CSMF2.step_1_1_1.run :: [grad] cond=34.2753 film_gain=0.0000
2026-05-16 18:40:27,414 INFO CSMF2.step_1_1_1.run :: [h] epoch=5 step=50 total=0.29167 batch=0.06260
2026-05-16 18:40:27,414 INFO CSMF2.step_1_1_1.run :: [lat] epoch=5 step=50 mean_l2=0.04344 std_l2=0.30774
2026-05-16 18:40:27,420 INFO CSMF2.step_1_1_1.run :: epoch=5 step=50/429 train_nll=-1799.131
2026-05-16 18:40:28,949 INFO CSMF2.step_1_1_1.run :: [h] epoch=5 step=100 total=0.29152 batch=0.06742
2026-05-16 18:40:28,949 INFO CSMF2.step_1_1_1.run :: [lat] epoch=5 step=100 mean_l2=0.06248 std_l2=0.31252
2026-05-16 18:40:28,964 INFO CSMF2.step_1_1_1.run :: epoch=5 step=100/429 train_nll=-1799.430
2026-05-16 18:40:30,494 INFO CSMF2.step_1_1_1.run :: [h] epoch=5 step=150 total=0.28954 batch=0.06090
2026-05-16 18:40:30,495 INFO CSMF2.step_1_1_1.run :: [lat] epoch=5 step=150 mean_l2=0.04113 std_l2=0.27570
2026-05-16 18:40:30,501 INFO CSMF2.step_1_1_1.run :: epoch=5 step=150/429 train_nll=-1803.993
2026-05-16 18:40:32,032 INFO CSMF2.step_1_1_1.run :: [h] epoch=5 step=200 total=0.28489 batch=0.06900
2026-05-16 18:40:32,032 INFO CSMF2.step_1_1_1.run :: [lat] epoch=5 step=200 mean_l2=0.04976 std_l2=0.29120
2026-05-16 18:40:32,039 INFO CSMF2.step_1_1_1.run :: epoch=5 step=200/429 train_nll=-1808.258
2026-05-16 18:40:33,570 INFO CSMF2.step_1_1_1.run :: [h] epoch=5 step=250 total=0.28152 batch=0.06540
2026-05-16 18:40:33,570 INFO CSMF2.step_1_1_1.run :: [lat] epoch=5 step=250 mean_l2=0.07712 std_l2=0.26252
2026-05-16 18:40:33,576 INFO CSMF2.step_1_1_1.run :: epoch=5 step=250/429 train_nll=-1811.357
2026-05-16 18:40:35,123 INFO CSMF2.step_1_1_1.run :: [h] epoch=5 step=300 total=0.28343 batch=0.06845
2026-05-16 18:40:35,124 INFO CSMF2.step_1_1_1.run :: [lat] epoch=5 step=300 mean_l2=0.06242 std_l2=0.25644
2026-05-16 18:40:35,130 INFO CSMF2.step_1_1_1.run :: epoch=5 step=300/429 train_nll=-1814.888
2026-05-16 18:40:36,701 INFO CSMF2.step_1_1_1.run :: [h] epoch=5 step=350 total=0.27910 batch=0.07120
2026-05-16 18:40:36,701 INFO CSMF2.step_1_1_1.run :: [lat] epoch=5 step=350 mean_l2=0.06387 std_l2=0.31550
2026-05-16 18:40:36,708 INFO CSMF2.step_1_1_1.run :: epoch=5 step=350/429 train_nll=-1817.392
2026-05-16 18:40:38,280 INFO CSMF2.step_1_1_1.run :: [h] epoch=5 step=400 total=0.28034 batch=0.06835
2026-05-16 18:40:38,280 INFO CSMF2.step_1_1_1.run :: [lat] epoch=5 step=400 mean_l2=0.06315 std_l2=0.29527
2026-05-16 18:40:38,286 INFO CSMF2.step_1_1_1.run :: epoch=5 step=400/429 train_nll=-1821.029
2026-05-16 18:40:40,174 INFO CSMF2.step_1_1_1.run :: epoch=5  train_nll=-1822.887  val_nll=-1850.855  t=14.8s
2026-05-16 18:40:40,174 INFO CSMF2.step_1_1_1.run :: [h_std] total=0.28753 batch=0.06636 (no penalty)
2026-05-16 18:40:40,174 INFO CSMF2.step_1_1_1.run :: [lat_epoch] mean_l2=0.05447 std_l2=0.29862 lambda=0.100
2026-05-16 18:40:40,174 INFO CSMF2.step_1_1_1.run :: [grad] cond=21.2778 film_gain=0.0000
2026-05-16 18:40:45,105 INFO CSMF2.step_1_1_1.run :: [h] epoch=6 step=50 total=0.28374 batch=0.07595
2026-05-16 18:40:45,105 INFO CSMF2.step_1_1_1.run :: [lat] epoch=6 step=50 mean_l2=0.05889 std_l2=0.30273
2026-05-16 18:40:45,111 INFO CSMF2.step_1_1_1.run :: epoch=6 step=50/429 train_nll=-1858.713
2026-05-16 18:40:46,646 INFO CSMF2.step_1_1_1.run :: [h] epoch=6 step=100 total=0.28468 batch=0.08120
2026-05-16 18:40:46,646 INFO CSMF2.step_1_1_1.run :: [lat] epoch=6 step=100 mean_l2=0.05514 std_l2=0.31168
2026-05-16 18:40:46,652 INFO CSMF2.step_1_1_1.run :: epoch=6 step=100/429 train_nll=-1859.483
2026-05-16 18:40:48,187 INFO CSMF2.step_1_1_1.run :: [h] epoch=6 step=150 total=0.27990 batch=0.07764
2026-05-16 18:40:48,188 INFO CSMF2.step_1_1_1.run :: [lat] epoch=6 step=150 mean_l2=0.04717 std_l2=0.26661
2026-05-16 18:40:48,194 INFO CSMF2.step_1_1_1.run :: epoch=6 step=150/429 train_nll=-1862.983
2026-05-16 18:40:49,729 INFO CSMF2.step_1_1_1.run :: [h] epoch=6 step=200 total=0.28247 batch=0.08580
2026-05-16 18:40:49,729 INFO CSMF2.step_1_1_1.run :: [lat] epoch=6 step=200 mean_l2=0.07734 std_l2=0.28484
2026-05-16 18:40:49,735 INFO CSMF2.step_1_1_1.run :: epoch=6 step=200/429 train_nll=-1868.352
2026-05-16 18:40:51,269 INFO CSMF2.step_1_1_1.run :: [h] epoch=6 step=250 total=0.27336 batch=0.08222
2026-05-16 18:40:51,269 INFO CSMF2.step_1_1_1.run :: [lat] epoch=6 step=250 mean_l2=0.05512 std_l2=0.26385
2026-05-16 18:40:51,275 INFO CSMF2.step_1_1_1.run :: epoch=6 step=250/429 train_nll=-1870.432
2026-05-16 18:40:52,835 INFO CSMF2.step_1_1_1.run :: [h] epoch=6 step=300 total=0.27611 batch=0.08736
2026-05-16 18:40:52,835 INFO CSMF2.step_1_1_1.run :: [lat] epoch=6 step=300 mean_l2=0.04805 std_l2=0.25520
2026-05-16 18:40:52,842 INFO CSMF2.step_1_1_1.run :: epoch=6 step=300/429 train_nll=-1873.307
2026-05-16 18:40:54,419 INFO CSMF2.step_1_1_1.run :: [h] epoch=6 step=350 total=0.27079 batch=0.09053
2026-05-16 18:40:54,419 INFO CSMF2.step_1_1_1.run :: [lat] epoch=6 step=350 mean_l2=0.05067 std_l2=0.36176
2026-05-16 18:40:54,426 INFO CSMF2.step_1_1_1.run :: epoch=6 step=350/429 train_nll=-1875.701
2026-05-16 18:40:56,002 INFO CSMF2.step_1_1_1.run :: [h] epoch=6 step=400 total=0.27198 batch=0.08697
2026-05-16 18:40:56,002 INFO CSMF2.step_1_1_1.run :: [lat] epoch=6 step=400 mean_l2=0.06280 std_l2=0.33987
2026-05-16 18:40:56,008 INFO CSMF2.step_1_1_1.run :: epoch=6 step=400/429 train_nll=-1878.844
2026-05-16 18:40:57,905 INFO CSMF2.step_1_1_1.run :: epoch=6  train_nll=-1880.822  val_nll=-1910.352  t=14.4s
2026-05-16 18:40:57,905 INFO CSMF2.step_1_1_1.run :: [h_std] total=0.27856 batch=0.08202 (no penalty)
2026-05-16 18:40:57,905 INFO CSMF2.step_1_1_1.run :: [lat_epoch] mean_l2=0.05901 std_l2=0.30324 lambda=0.100
2026-05-16 18:40:57,905 INFO CSMF2.step_1_1_1.run :: [grad] cond=11.9527 film_gain=0.0000
2026-05-16 18:41:02,745 INFO CSMF2.step_1_1_1.run :: [h] epoch=7 step=50 total=0.27088 batch=0.09031
2026-05-16 18:41:02,746 INFO CSMF2.step_1_1_1.run :: [lat] epoch=7 step=50 mean_l2=0.08169 std_l2=0.33468
2026-05-16 18:41:02,752 INFO CSMF2.step_1_1_1.run :: epoch=7 step=50/429 train_nll=-1905.185
2026-05-16 18:41:04,273 INFO CSMF2.step_1_1_1.run :: [h] epoch=7 step=100 total=0.26807 batch=0.09330
2026-05-16 18:41:04,273 INFO CSMF2.step_1_1_1.run :: [lat] epoch=7 step=100 mean_l2=0.05500 std_l2=0.32937
2026-05-16 18:41:04,279 INFO CSMF2.step_1_1_1.run :: epoch=7 step=100/429 train_nll=-1903.927
2026-05-16 18:41:05,800 INFO CSMF2.step_1_1_1.run :: [h] epoch=7 step=150 total=0.26698 batch=0.08867
2026-05-16 18:41:05,800 INFO CSMF2.step_1_1_1.run :: [lat] epoch=7 step=150 mean_l2=0.05722 std_l2=0.26321
2026-05-16 18:41:05,807 INFO CSMF2.step_1_1_1.run :: epoch=7 step=150/429 train_nll=-1908.551
2026-05-16 18:41:07,548 INFO CSMF2.step_1_1_1.run :: [h] epoch=7 step=200 total=0.26796 batch=0.09432
2026-05-16 18:41:07,548 INFO CSMF2.step_1_1_1.run :: [lat] epoch=7 step=200 mean_l2=0.06351 std_l2=0.27330
2026-05-16 18:41:07,554 INFO CSMF2.step_1_1_1.run :: epoch=7 step=200/429 train_nll=-1913.386
2026-05-16 18:41:09,083 INFO CSMF2.step_1_1_1.run :: [h] epoch=7 step=250 total=0.26850 batch=0.08971
2026-05-16 18:41:09,083 INFO CSMF2.step_1_1_1.run :: [lat] epoch=7 step=250 mean_l2=0.07029 std_l2=0.27564
2026-05-16 18:41:09,089 INFO CSMF2.step_1_1_1.run :: epoch=7 step=250/429 train_nll=-1917.131
2026-05-16 18:41:10,640 INFO CSMF2.step_1_1_1.run :: [h] epoch=7 step=300 total=0.26350 batch=0.09338
2026-05-16 18:41:10,640 INFO CSMF2.step_1_1_1.run :: [lat] epoch=7 step=300 mean_l2=0.07921 std_l2=0.24996
2026-05-16 18:41:10,646 INFO CSMF2.step_1_1_1.run :: epoch=7 step=300/429 train_nll=-1921.052
2026-05-16 18:41:12,218 INFO CSMF2.step_1_1_1.run :: [h] epoch=7 step=350 total=0.26687 batch=0.09962
2026-05-16 18:41:12,218 INFO CSMF2.step_1_1_1.run :: [lat] epoch=7 step=350 mean_l2=0.04551 std_l2=0.46513
2026-05-16 18:41:12,224 INFO CSMF2.step_1_1_1.run :: epoch=7 step=350/429 train_nll=-1923.545
2026-05-16 18:41:13,795 INFO CSMF2.step_1_1_1.run :: [h] epoch=7 step=400 total=0.26492 batch=0.09554
2026-05-16 18:41:13,795 INFO CSMF2.step_1_1_1.run :: [lat] epoch=7 step=400 mean_l2=0.06073 std_l2=0.43456
2026-05-16 18:41:13,801 INFO CSMF2.step_1_1_1.run :: epoch=7 step=400/429 train_nll=-1926.600
2026-05-16 18:41:15,688 INFO CSMF2.step_1_1_1.run :: epoch=7  train_nll=-1928.506  val_nll=-1944.242  t=14.5s
2026-05-16 18:41:15,688 INFO CSMF2.step_1_1_1.run :: [h_std] total=0.26829 batch=0.09274 (no penalty)
2026-05-16 18:41:15,688 INFO CSMF2.step_1_1_1.run :: [lat_epoch] mean_l2=0.06540 std_l2=0.32409 lambda=0.100
2026-05-16 18:41:15,689 INFO CSMF2.step_1_1_1.run :: [grad] cond=35.7781 film_gain=0.0000
2026-05-16 18:41:20,373 INFO CSMF2.step_1_1_1.run :: [h] epoch=8 step=50 total=0.26185 batch=0.09432
2026-05-16 18:41:20,373 INFO CSMF2.step_1_1_1.run :: [lat] epoch=8 step=50 mean_l2=0.04355 std_l2=0.40893
2026-05-16 18:41:20,380 INFO CSMF2.step_1_1_1.run :: epoch=8 step=50/429 train_nll=-1951.829
2026-05-16 18:41:21,916 INFO CSMF2.step_1_1_1.run :: [h] epoch=8 step=100 total=0.26500 batch=0.09868
2026-05-16 18:41:21,916 INFO CSMF2.step_1_1_1.run :: [lat] epoch=8 step=100 mean_l2=0.06354 std_l2=0.35369
2026-05-16 18:41:21,922 INFO CSMF2.step_1_1_1.run :: epoch=8 step=100/429 train_nll=-1954.256
2026-05-16 18:41:23,457 INFO CSMF2.step_1_1_1.run :: [h] epoch=8 step=150 total=0.25953 batch=0.09645
2026-05-16 18:41:23,458 INFO CSMF2.step_1_1_1.run :: [lat] epoch=8 step=150 mean_l2=0.05923 std_l2=0.26932
2026-05-16 18:41:23,464 INFO CSMF2.step_1_1_1.run :: epoch=8 step=150/429 train_nll=-1957.205
2026-05-16 18:41:24,998 INFO CSMF2.step_1_1_1.run :: [h] epoch=8 step=200 total=0.26109 batch=0.10150
2026-05-16 18:41:24,998 INFO CSMF2.step_1_1_1.run :: [lat] epoch=8 step=200 mean_l2=0.07970 std_l2=0.26827
2026-05-16 18:41:25,004 INFO CSMF2.step_1_1_1.run :: epoch=8 step=200/429 train_nll=-1961.388
2026-05-16 18:41:26,546 INFO CSMF2.step_1_1_1.run :: [h] epoch=8 step=250 total=0.26084 batch=0.09787
2026-05-16 18:41:26,546 INFO CSMF2.step_1_1_1.run :: [lat] epoch=8 step=250 mean_l2=0.07807 std_l2=0.28712
2026-05-16 18:41:26,553 INFO CSMF2.step_1_1_1.run :: epoch=8 step=250/429 train_nll=-1963.591
2026-05-16 18:41:28,144 INFO CSMF2.step_1_1_1.run :: [h] epoch=8 step=300 total=0.25192 batch=0.10297
2026-05-16 18:41:28,145 INFO CSMF2.step_1_1_1.run :: [lat] epoch=8 step=300 mean_l2=0.06449 std_l2=0.23984
2026-05-16 18:41:28,151 INFO CSMF2.step_1_1_1.run :: epoch=8 step=300/429 train_nll=-1965.883
2026-05-16 18:41:29,727 INFO CSMF2.step_1_1_1.run :: [h] epoch=8 step=350 total=0.25716 batch=0.10483
2026-05-16 18:41:29,727 INFO CSMF2.step_1_1_1.run :: [lat] epoch=8 step=350 mean_l2=0.09437 std_l2=0.56750
2026-05-16 18:41:29,734 INFO CSMF2.step_1_1_1.run :: epoch=8 step=350/429 train_nll=-1967.713
2026-05-16 18:41:31,309 INFO CSMF2.step_1_1_1.run :: [h] epoch=8 step=400 total=0.25748 batch=0.10801
2026-05-16 18:41:31,309 INFO CSMF2.step_1_1_1.run :: [lat] epoch=8 step=400 mean_l2=0.09908 std_l2=0.63122
2026-05-16 18:41:31,315 INFO CSMF2.step_1_1_1.run :: epoch=8 step=400/429 train_nll=-1969.915
2026-05-16 18:41:33,209 INFO CSMF2.step_1_1_1.run :: epoch=8  train_nll=-1971.256  val_nll=-1997.110  t=14.4s
2026-05-16 18:41:33,210 INFO CSMF2.step_1_1_1.run :: [h_std] total=0.25972 batch=0.10013 (no penalty)
2026-05-16 18:41:33,210 INFO CSMF2.step_1_1_1.run :: [lat_epoch] mean_l2=0.07089 std_l2=0.35870 lambda=0.100
2026-05-16 18:41:33,210 INFO CSMF2.step_1_1_1.run :: [grad] cond=62.4075 film_gain=0.0000
2026-05-16 18:41:38,072 INFO CSMF2.step_1_1_1.run :: [h] epoch=9 step=50 total=0.25869 batch=0.10717
2026-05-16 18:41:38,073 INFO CSMF2.step_1_1_1.run :: [lat] epoch=9 step=50 mean_l2=0.06937 std_l2=0.53128
2026-05-16 18:41:38,079 INFO CSMF2.step_1_1_1.run :: epoch=9 step=50/429 train_nll=-1994.741
2026-05-16 18:41:39,632 INFO CSMF2.step_1_1_1.run :: [h] epoch=9 step=100 total=0.25427 batch=0.10561
2026-05-16 18:41:39,632 INFO CSMF2.step_1_1_1.run :: [lat] epoch=9 step=100 mean_l2=0.08095 std_l2=0.37166
2026-05-16 18:41:39,638 INFO CSMF2.step_1_1_1.run :: epoch=9 step=100/429 train_nll=-1993.318
2026-05-16 18:41:41,191 INFO CSMF2.step_1_1_1.run :: [h] epoch=9 step=150 total=0.25457 batch=0.10797
2026-05-16 18:41:41,191 INFO CSMF2.step_1_1_1.run :: [lat] epoch=9 step=150 mean_l2=0.06713 std_l2=0.28173
2026-05-16 18:41:41,197 INFO CSMF2.step_1_1_1.run :: epoch=9 step=150/429 train_nll=-1996.099
2026-05-16 18:41:42,750 INFO CSMF2.step_1_1_1.run :: [h] epoch=9 step=200 total=0.25609 batch=0.11736
2026-05-16 18:41:42,751 INFO CSMF2.step_1_1_1.run :: [lat] epoch=9 step=200 mean_l2=0.07178 std_l2=0.27102
2026-05-16 18:41:42,757 INFO CSMF2.step_1_1_1.run :: epoch=9 step=200/429 train_nll=-2000.935
2026-05-16 18:41:44,310 INFO CSMF2.step_1_1_1.run :: [h] epoch=9 step=250 total=0.25218 batch=0.11495
2026-05-16 18:41:44,311 INFO CSMF2.step_1_1_1.run :: [lat] epoch=9 step=250 mean_l2=0.06549 std_l2=0.29499
2026-05-16 18:41:44,317 INFO CSMF2.step_1_1_1.run :: epoch=9 step=250/429 train_nll=-2003.130
2026-05-16 18:41:45,904 INFO CSMF2.step_1_1_1.run :: [h] epoch=9 step=300 total=0.25416 batch=0.11884
2026-05-16 18:41:45,904 INFO CSMF2.step_1_1_1.run :: [lat] epoch=9 step=300 mean_l2=0.07972 std_l2=0.24092
2026-05-16 18:41:45,911 INFO CSMF2.step_1_1_1.run :: epoch=9 step=300/429 train_nll=-2005.987
2026-05-16 18:41:47,508 INFO CSMF2.step_1_1_1.run :: [h] epoch=9 step=350 total=0.25470 batch=0.12537
2026-05-16 18:41:47,508 INFO CSMF2.step_1_1_1.run :: [lat] epoch=9 step=350 mean_l2=0.08440 std_l2=0.76650
2026-05-16 18:41:47,515 INFO CSMF2.step_1_1_1.run :: epoch=9 step=350/429 train_nll=-2007.670
2026-05-16 18:41:49,113 INFO CSMF2.step_1_1_1.run :: [h] epoch=9 step=400 total=0.25032 batch=0.12264
2026-05-16 18:41:49,113 INFO CSMF2.step_1_1_1.run :: [lat] epoch=9 step=400 mean_l2=0.07060 std_l2=1.04618
2026-05-16 18:41:49,119 INFO CSMF2.step_1_1_1.run :: epoch=9 step=400/429 train_nll=-2009.592
2026-05-16 18:41:51,045 INFO CSMF2.step_1_1_1.run :: epoch=9  train_nll=-2011.054  val_nll=-2029.403  t=14.6s
2026-05-16 18:41:51,046 INFO CSMF2.step_1_1_1.run :: [h_std] total=0.25426 batch=0.11344 (no penalty)
2026-05-16 18:41:51,046 INFO CSMF2.step_1_1_1.run :: [lat_epoch] mean_l2=0.07206 std_l2=0.40782 lambda=0.100
2026-05-16 18:41:51,046 INFO CSMF2.step_1_1_1.run :: [grad] cond=47.6658 film_gain=0.0000
2026-05-16 18:41:56,050 INFO CSMF2.step_1_1_1.run :: [h] epoch=10 step=50 total=0.25420 batch=0.12929
2026-05-16 18:41:56,050 INFO CSMF2.step_1_1_1.run :: [lat] epoch=10 step=50 mean_l2=0.08168 std_l2=0.76322
2026-05-16 18:41:56,057 INFO CSMF2.step_1_1_1.run :: epoch=10 step=50/429 train_nll=-2032.674
2026-05-16 18:41:57,605 INFO CSMF2.step_1_1_1.run :: [h] epoch=10 step=100 total=0.25010 batch=0.12301
2026-05-16 18:41:57,605 INFO CSMF2.step_1_1_1.run :: [lat] epoch=10 step=100 mean_l2=0.08372 std_l2=0.36310
2026-05-16 18:41:57,612 INFO CSMF2.step_1_1_1.run :: epoch=10 step=100/429 train_nll=-2030.048
2026-05-16 18:41:59,162 INFO CSMF2.step_1_1_1.run :: [h] epoch=10 step=150 total=0.24356 batch=0.11946
2026-05-16 18:41:59,162 INFO CSMF2.step_1_1_1.run :: [lat] epoch=10 step=150 mean_l2=0.09241 std_l2=0.28542
2026-05-16 18:41:59,169 INFO CSMF2.step_1_1_1.run :: epoch=10 step=150/429 train_nll=-2031.469
2026-05-16 18:42:00,717 INFO CSMF2.step_1_1_1.run :: [h] epoch=10 step=200 total=0.24930 batch=0.12893
2026-05-16 18:42:00,718 INFO CSMF2.step_1_1_1.run :: [lat] epoch=10 step=200 mean_l2=0.06861 std_l2=0.26448
2026-05-16 18:42:00,725 INFO CSMF2.step_1_1_1.run :: epoch=10 step=200/429 train_nll=-2035.980
2026-05-16 18:42:02,446 INFO CSMF2.step_1_1_1.run :: [h] epoch=10 step=250 total=0.24789 batch=0.12629
2026-05-16 18:42:02,446 INFO CSMF2.step_1_1_1.run :: [lat] epoch=10 step=250 mean_l2=0.06289 std_l2=0.31332
2026-05-16 18:42:02,452 INFO CSMF2.step_1_1_1.run :: epoch=10 step=250/429 train_nll=-2038.282
2026-05-16 18:42:04,057 INFO CSMF2.step_1_1_1.run :: [h] epoch=10 step=300 total=0.24597 batch=0.13188
2026-05-16 18:42:04,058 INFO CSMF2.step_1_1_1.run :: [lat] epoch=10 step=300 mean_l2=0.10445 std_l2=0.24859
2026-05-16 18:42:04,064 INFO CSMF2.step_1_1_1.run :: epoch=10 step=300/429 train_nll=-2041.317
2026-05-16 18:42:05,694 INFO CSMF2.step_1_1_1.run :: [h] epoch=10 step=350 total=0.24996 batch=0.13668
2026-05-16 18:42:05,694 INFO CSMF2.step_1_1_1.run :: [lat] epoch=10 step=350 mean_l2=0.07393 std_l2=0.98410
2026-05-16 18:42:05,700 INFO CSMF2.step_1_1_1.run :: epoch=10 step=350/429 train_nll=-2042.083
2026-05-16 18:42:07,331 INFO CSMF2.step_1_1_1.run :: [h] epoch=10 step=400 total=0.24500 batch=0.13405
2026-05-16 18:42:07,332 INFO CSMF2.step_1_1_1.run :: [lat] epoch=10 step=400 mean_l2=0.07001 std_l2=1.56565
2026-05-16 18:42:07,338 INFO CSMF2.step_1_1_1.run :: epoch=10 step=400/429 train_nll=-2044.143
2026-05-16 18:42:09,302 INFO CSMF2.step_1_1_1.run :: epoch=10  train_nll=-2045.307  val_nll=-2062.171  t=15.1s
2026-05-16 18:42:09,302 INFO CSMF2.step_1_1_1.run :: [h_std] total=0.24869 batch=0.12692 (no penalty)
2026-05-16 18:42:09,302 INFO CSMF2.step_1_1_1.run :: [lat_epoch] mean_l2=0.07691 std_l2=0.46835 lambda=0.100
2026-05-16 18:42:09,302 INFO CSMF2.step_1_1_1.run :: [grad] cond=33.0209 film_gain=0.0000
2026-05-16 18:42:14,151 INFO CSMF2.step_1_1_1.run :: [h] epoch=11 step=50 total=0.24758 batch=0.13396
2026-05-16 18:42:14,151 INFO CSMF2.step_1_1_1.run :: [lat] epoch=11 step=50 mean_l2=0.07465 std_l2=1.10958
2026-05-16 18:42:14,157 INFO CSMF2.step_1_1_1.run :: epoch=11 step=50/429 train_nll=-2064.183
2026-05-16 18:42:15,741 INFO CSMF2.step_1_1_1.run :: [h] epoch=11 step=100 total=0.24185 batch=0.12983
2026-05-16 18:42:15,742 INFO CSMF2.step_1_1_1.run :: [lat] epoch=11 step=100 mean_l2=0.07578 std_l2=0.37510
2026-05-16 18:42:15,748 INFO CSMF2.step_1_1_1.run :: epoch=11 step=100/429 train_nll=-2062.990
2026-05-16 18:42:17,333 INFO CSMF2.step_1_1_1.run :: [h] epoch=11 step=150 total=0.23691 batch=0.12699
2026-05-16 18:42:17,333 INFO CSMF2.step_1_1_1.run :: [lat] epoch=11 step=150 mean_l2=0.07913 std_l2=0.29070
2026-05-16 18:42:17,339 INFO CSMF2.step_1_1_1.run :: epoch=11 step=150/429 train_nll=-2064.794
2026-05-16 18:42:18,926 INFO CSMF2.step_1_1_1.run :: [h] epoch=11 step=200 total=0.23992 batch=0.13344
2026-05-16 18:42:18,926 INFO CSMF2.step_1_1_1.run :: [lat] epoch=11 step=200 mean_l2=0.07710 std_l2=0.26537
2026-05-16 18:42:18,932 INFO CSMF2.step_1_1_1.run :: epoch=11 step=200/429 train_nll=-2068.164
2026-05-16 18:42:20,532 INFO CSMF2.step_1_1_1.run :: [h] epoch=11 step=250 total=0.24142 batch=0.13595
2026-05-16 18:42:20,532 INFO CSMF2.step_1_1_1.run :: [lat] epoch=11 step=250 mean_l2=0.07190 std_l2=0.34475
2026-05-16 18:42:20,539 INFO CSMF2.step_1_1_1.run :: epoch=11 step=250/429 train_nll=-2070.206
2026-05-16 18:42:22,171 INFO CSMF2.step_1_1_1.run :: [h] epoch=11 step=300 total=0.23766 batch=0.13295
2026-05-16 18:42:22,172 INFO CSMF2.step_1_1_1.run :: [lat] epoch=11 step=300 mean_l2=0.07818 std_l2=0.23659
2026-05-16 18:42:22,178 INFO CSMF2.step_1_1_1.run :: epoch=11 step=300/429 train_nll=-2073.397
2026-05-16 18:42:23,811 INFO CSMF2.step_1_1_1.run :: [h] epoch=11 step=350 total=0.24218 batch=0.14041
2026-05-16 18:42:23,811 INFO CSMF2.step_1_1_1.run :: [lat] epoch=11 step=350 mean_l2=0.08165 std_l2=1.29279
2026-05-16 18:42:23,817 INFO CSMF2.step_1_1_1.run :: epoch=11 step=350/429 train_nll=-2074.233
2026-05-16 18:42:25,449 INFO CSMF2.step_1_1_1.run :: [h] epoch=11 step=400 total=0.24048 batch=0.13857
2026-05-16 18:42:25,449 INFO CSMF2.step_1_1_1.run :: [lat] epoch=11 step=400 mean_l2=0.07212 std_l2=2.21590
2026-05-16 18:42:25,455 INFO CSMF2.step_1_1_1.run :: epoch=11 step=400/429 train_nll=-2075.573
2026-05-16 18:42:27,422 INFO CSMF2.step_1_1_1.run :: epoch=11  train_nll=-2076.428  val_nll=-2083.870  t=15.0s
2026-05-16 18:42:27,422 INFO CSMF2.step_1_1_1.run :: [h_std] total=0.24143 batch=0.13242 (no penalty)
2026-05-16 18:42:27,422 INFO CSMF2.step_1_1_1.run :: [lat_epoch] mean_l2=0.07936 std_l2=0.53601 lambda=0.100
2026-05-16 18:42:27,422 INFO CSMF2.step_1_1_1.run :: [grad] cond=45.6590 film_gain=0.0000
2026-05-16 18:42:32,191 INFO CSMF2.step_1_1_1.run :: [h] epoch=12 step=50 total=0.23715 batch=0.13610
2026-05-16 18:42:32,191 INFO CSMF2.step_1_1_1.run :: [lat] epoch=12 step=50 mean_l2=0.08806 std_l2=1.48590
2026-05-16 18:42:32,198 INFO CSMF2.step_1_1_1.run :: epoch=12 step=50/429 train_nll=-2093.373
2026-05-16 18:42:33,759 INFO CSMF2.step_1_1_1.run :: [h] epoch=12 step=100 total=0.23190 batch=0.13135
2026-05-16 18:42:33,760 INFO CSMF2.step_1_1_1.run :: [lat] epoch=12 step=100 mean_l2=0.09438 std_l2=0.39664
2026-05-16 18:42:33,766 INFO CSMF2.step_1_1_1.run :: epoch=12 step=100/429 train_nll=-2092.351
2026-05-16 18:42:35,324 INFO CSMF2.step_1_1_1.run :: [h] epoch=12 step=150 total=0.22585 batch=0.12697
2026-05-16 18:42:35,324 INFO CSMF2.step_1_1_1.run :: [lat] epoch=12 step=150 mean_l2=0.06700 std_l2=0.31149
2026-05-16 18:42:35,331 INFO CSMF2.step_1_1_1.run :: epoch=12 step=150/429 train_nll=-2092.407
2026-05-16 18:42:36,891 INFO CSMF2.step_1_1_1.run :: [h] epoch=12 step=200 total=0.23084 batch=0.13235
2026-05-16 18:42:36,892 INFO CSMF2.step_1_1_1.run :: [lat] epoch=12 step=200 mean_l2=0.08149 std_l2=0.26914
2026-05-16 18:42:36,898 INFO CSMF2.step_1_1_1.run :: epoch=12 step=200/429 train_nll=-2095.342
2026-05-16 18:42:38,653 INFO CSMF2.step_1_1_1.run :: [h] epoch=12 step=250 total=0.23414 batch=0.13639
2026-05-16 18:42:38,654 INFO CSMF2.step_1_1_1.run :: [lat] epoch=12 step=250 mean_l2=0.07790 std_l2=0.36075
2026-05-16 18:42:38,660 INFO CSMF2.step_1_1_1.run :: epoch=12 step=250/429 train_nll=-2097.300
2026-05-16 18:42:40,287 INFO CSMF2.step_1_1_1.run :: [h] epoch=12 step=300 total=0.22765 batch=0.13204
2026-05-16 18:42:40,287 INFO CSMF2.step_1_1_1.run :: [lat] epoch=12 step=300 mean_l2=0.07792 std_l2=0.23855
2026-05-16 18:42:40,294 INFO CSMF2.step_1_1_1.run :: epoch=12 step=300/429 train_nll=-2100.672
2026-05-16 18:42:41,925 INFO CSMF2.step_1_1_1.run :: [h] epoch=12 step=350 total=0.23385 batch=0.14218
2026-05-16 18:42:41,925 INFO CSMF2.step_1_1_1.run :: [lat] epoch=12 step=350 mean_l2=0.06619 std_l2=1.56113
2026-05-16 18:42:41,931 INFO CSMF2.step_1_1_1.run :: epoch=12 step=350/429 train_nll=-2101.780
2026-05-16 18:42:43,557 INFO CSMF2.step_1_1_1.run :: [h] epoch=12 step=400 total=0.22953 batch=0.13969
2026-05-16 18:42:43,557 INFO CSMF2.step_1_1_1.run :: [lat] epoch=12 step=400 mean_l2=0.08232 std_l2=2.94806
2026-05-16 18:42:43,563 INFO CSMF2.step_1_1_1.run :: epoch=12 step=400/429 train_nll=-2103.190
2026-05-16 18:42:45,523 INFO CSMF2.step_1_1_1.run :: epoch=12  train_nll=-2103.933  val_nll=-2115.136  t=15.0s
2026-05-16 18:42:45,523 INFO CSMF2.step_1_1_1.run :: [h_std] total=0.23226 batch=0.13366 (no penalty)
2026-05-16 18:42:45,523 INFO CSMF2.step_1_1_1.run :: [lat_epoch] mean_l2=0.08167 std_l2=0.60151 lambda=0.100
2026-05-16 18:42:45,523 INFO CSMF2.step_1_1_1.run :: [grad] cond=42.7318 film_gain=0.0000
2026-05-16 18:42:50,196 INFO CSMF2.step_1_1_1.run :: [h] epoch=13 step=50 total=0.22644 batch=0.13328
2026-05-16 18:42:50,196 INFO CSMF2.step_1_1_1.run :: [lat] epoch=13 step=50 mean_l2=0.09456 std_l2=1.93312
2026-05-16 18:42:50,202 INFO CSMF2.step_1_1_1.run :: epoch=13 step=50/429 train_nll=-2118.749
2026-05-16 18:42:51,729 INFO CSMF2.step_1_1_1.run :: [h] epoch=13 step=100 total=0.22402 batch=0.13214
2026-05-16 18:42:51,729 INFO CSMF2.step_1_1_1.run :: [lat] epoch=13 step=100 mean_l2=0.07590 std_l2=0.36570
2026-05-16 18:42:51,735 INFO CSMF2.step_1_1_1.run :: epoch=13 step=100/429 train_nll=-2116.336
2026-05-16 18:42:53,261 INFO CSMF2.step_1_1_1.run :: [h] epoch=13 step=150 total=0.21970 batch=0.12957
2026-05-16 18:42:53,261 INFO CSMF2.step_1_1_1.run :: [lat] epoch=13 step=150 mean_l2=0.07104 std_l2=0.30957
2026-05-16 18:42:53,268 INFO CSMF2.step_1_1_1.run :: epoch=13 step=150/429 train_nll=-2116.402
2026-05-16 18:42:54,793 INFO CSMF2.step_1_1_1.run :: [h] epoch=13 step=200 total=0.22328 batch=0.13299
2026-05-16 18:42:54,794 INFO CSMF2.step_1_1_1.run :: [lat] epoch=13 step=200 mean_l2=0.08493 std_l2=0.26003
2026-05-16 18:42:54,800 INFO CSMF2.step_1_1_1.run :: epoch=13 step=200/429 train_nll=-2120.201
2026-05-16 18:42:56,338 INFO CSMF2.step_1_1_1.run :: [h] epoch=13 step=250 total=0.22477 batch=0.13962
2026-05-16 18:42:56,338 INFO CSMF2.step_1_1_1.run :: [lat] epoch=13 step=250 mean_l2=0.09443 std_l2=0.40568
2026-05-16 18:42:56,344 INFO CSMF2.step_1_1_1.run :: epoch=13 step=250/429 train_nll=-2122.248
2026-05-16 18:42:57,916 INFO CSMF2.step_1_1_1.run :: [h] epoch=13 step=300 total=0.22098 batch=0.13461
2026-05-16 18:42:57,916 INFO CSMF2.step_1_1_1.run :: [lat] epoch=13 step=300 mean_l2=0.06619 std_l2=0.22579
2026-05-16 18:42:57,922 INFO CSMF2.step_1_1_1.run :: epoch=13 step=300/429 train_nll=-2125.011
2026-05-16 18:42:59,494 INFO CSMF2.step_1_1_1.run :: [h] epoch=13 step=350 total=0.22736 batch=0.14317
2026-05-16 18:42:59,494 INFO CSMF2.step_1_1_1.run :: [lat] epoch=13 step=350 mean_l2=0.08781 std_l2=1.99006
2026-05-16 18:42:59,501 INFO CSMF2.step_1_1_1.run :: epoch=13 step=350/429 train_nll=-2125.914
2026-05-16 18:43:01,080 INFO CSMF2.step_1_1_1.run :: [h] epoch=13 step=400 total=0.21993 batch=0.13676
2026-05-16 18:43:01,081 INFO CSMF2.step_1_1_1.run :: [lat] epoch=13 step=400 mean_l2=0.08770 std_l2=3.70484
2026-05-16 18:43:01,087 INFO CSMF2.step_1_1_1.run :: epoch=13 step=400/429 train_nll=-2127.187
2026-05-16 18:43:02,975 INFO CSMF2.step_1_1_1.run :: epoch=13  train_nll=-2127.790  val_nll=-2133.754  t=14.4s
2026-05-16 18:43:02,975 INFO CSMF2.step_1_1_1.run :: [h_std] total=0.22387 batch=0.13434 (no penalty)
2026-05-16 18:43:02,975 INFO CSMF2.step_1_1_1.run :: [lat_epoch] mean_l2=0.08387 std_l2=0.67404 lambda=0.100
2026-05-16 18:43:02,975 INFO CSMF2.step_1_1_1.run :: [grad] cond=72.6711 film_gain=0.0000
2026-05-16 18:43:07,891 INFO CSMF2.step_1_1_1.run :: [h] epoch=14 step=50 total=0.22187 batch=0.13509
2026-05-16 18:43:07,891 INFO CSMF2.step_1_1_1.run :: [lat] epoch=14 step=50 mean_l2=0.07742 std_l2=2.06756
2026-05-16 18:43:07,897 INFO CSMF2.step_1_1_1.run :: epoch=14 step=50/429 train_nll=-2141.647
2026-05-16 18:43:09,430 INFO CSMF2.step_1_1_1.run :: [h] epoch=14 step=100 total=0.21536 batch=0.13238
2026-05-16 18:43:09,430 INFO CSMF2.step_1_1_1.run :: [lat] epoch=14 step=100 mean_l2=0.07714 std_l2=0.36251
2026-05-16 18:43:09,436 INFO CSMF2.step_1_1_1.run :: epoch=14 step=100/429 train_nll=-2137.874
2026-05-16 18:43:10,968 INFO CSMF2.step_1_1_1.run :: [h] epoch=14 step=150 total=0.21247 batch=0.12882
2026-05-16 18:43:10,968 INFO CSMF2.step_1_1_1.run :: [lat] epoch=14 step=150 mean_l2=0.07644 std_l2=0.30154
2026-05-16 18:43:10,974 INFO CSMF2.step_1_1_1.run :: epoch=14 step=150/429 train_nll=-2139.381
2026-05-16 18:43:12,506 INFO CSMF2.step_1_1_1.run :: [h] epoch=14 step=200 total=0.21627 batch=0.13490
2026-05-16 18:43:12,506 INFO CSMF2.step_1_1_1.run :: [lat] epoch=14 step=200 mean_l2=0.08855 std_l2=0.26006
2026-05-16 18:43:12,512 INFO CSMF2.step_1_1_1.run :: epoch=14 step=200/429 train_nll=-2142.802
2026-05-16 18:43:14,044 INFO CSMF2.step_1_1_1.run :: [h] epoch=14 step=250 total=0.21801 batch=0.14044
2026-05-16 18:43:14,045 INFO CSMF2.step_1_1_1.run :: [lat] epoch=14 step=250 mean_l2=0.07891 std_l2=0.40792
2026-05-16 18:43:14,051 INFO CSMF2.step_1_1_1.run :: epoch=14 step=250/429 train_nll=-2144.108
2026-05-16 18:43:15,628 INFO CSMF2.step_1_1_1.run :: [h] epoch=14 step=300 total=0.21267 batch=0.13370
2026-05-16 18:43:15,629 INFO CSMF2.step_1_1_1.run :: [lat] epoch=14 step=300 mean_l2=0.09031 std_l2=0.22515
2026-05-16 18:43:15,635 INFO CSMF2.step_1_1_1.run :: epoch=14 step=300/429 train_nll=-2147.171
2026-05-16 18:43:17,213 INFO CSMF2.step_1_1_1.run :: [h] epoch=14 step=350 total=0.21865 batch=0.14414
2026-05-16 18:43:17,213 INFO CSMF2.step_1_1_1.run :: [lat] epoch=14 step=350 mean_l2=0.08891 std_l2=2.33302
2026-05-16 18:43:17,219 INFO CSMF2.step_1_1_1.run :: epoch=14 step=350/429 train_nll=-2147.818
2026-05-16 18:43:18,797 INFO CSMF2.step_1_1_1.run :: [h] epoch=14 step=400 total=0.21263 batch=0.13730
2026-05-16 18:43:18,798 INFO CSMF2.step_1_1_1.run :: [lat] epoch=14 step=400 mean_l2=0.10711 std_l2=4.27706
2026-05-16 18:43:18,804 INFO CSMF2.step_1_1_1.run :: epoch=14 step=400/429 train_nll=-2148.589
2026-05-16 18:43:20,699 INFO CSMF2.step_1_1_1.run :: epoch=14  train_nll=-2148.826  val_nll=-2152.716  t=14.6s
2026-05-16 18:43:20,699 INFO CSMF2.step_1_1_1.run :: [h_std] total=0.21535 batch=0.13377 (no penalty)
2026-05-16 18:43:20,699 INFO CSMF2.step_1_1_1.run :: [lat_epoch] mean_l2=0.08582 std_l2=0.73406 lambda=0.100
2026-05-16 18:43:20,699 INFO CSMF2.step_1_1_1.run :: [grad] cond=84.6174 film_gain=0.0000
2026-05-16 18:43:25,353 INFO CSMF2.step_1_1_1.run :: [h] epoch=15 step=50 total=0.21291 batch=0.13170
2026-05-16 18:43:25,353 INFO CSMF2.step_1_1_1.run :: [lat] epoch=15 step=50 mean_l2=0.09804 std_l2=2.30268
2026-05-16 18:43:25,359 INFO CSMF2.step_1_1_1.run :: epoch=15 step=50/429 train_nll=-2160.817
2026-05-16 18:43:26,873 INFO CSMF2.step_1_1_1.run :: [h] epoch=15 step=100 total=0.20736 batch=0.13094
2026-05-16 18:43:26,873 INFO CSMF2.step_1_1_1.run :: [lat] epoch=15 step=100 mean_l2=0.08232 std_l2=0.35722
2026-05-16 18:43:26,879 INFO CSMF2.step_1_1_1.run :: epoch=15 step=100/429 train_nll=-2158.208
2026-05-16 18:43:28,393 INFO CSMF2.step_1_1_1.run :: [h] epoch=15 step=150 total=0.20351 batch=0.13027
2026-05-16 18:43:28,393 INFO CSMF2.step_1_1_1.run :: [lat] epoch=15 step=150 mean_l2=0.08000 std_l2=0.30904
2026-05-16 18:43:28,399 INFO CSMF2.step_1_1_1.run :: epoch=15 step=150/429 train_nll=-2157.984
2026-05-16 18:43:29,913 INFO CSMF2.step_1_1_1.run :: [h] epoch=15 step=200 total=0.20293 batch=0.12909
2026-05-16 18:43:29,914 INFO CSMF2.step_1_1_1.run :: [lat] epoch=15 step=200 mean_l2=0.08763 std_l2=0.25332
2026-05-16 18:43:29,920 INFO CSMF2.step_1_1_1.run :: epoch=15 step=200/429 train_nll=-2161.890
2026-05-16 18:43:31,440 INFO CSMF2.step_1_1_1.run :: [h] epoch=15 step=250 total=0.20853 batch=0.13696
2026-05-16 18:43:31,441 INFO CSMF2.step_1_1_1.run :: [lat] epoch=15 step=250 mean_l2=0.08729 std_l2=0.47660
2026-05-16 18:43:31,447 INFO CSMF2.step_1_1_1.run :: epoch=15 step=250/429 train_nll=-2163.593
2026-05-16 18:43:33,007 INFO CSMF2.step_1_1_1.run :: [h] epoch=15 step=300 total=0.20147 batch=0.13019
2026-05-16 18:43:33,007 INFO CSMF2.step_1_1_1.run :: [lat] epoch=15 step=300 mean_l2=0.08174 std_l2=0.23595
2026-05-16 18:43:33,013 INFO CSMF2.step_1_1_1.run :: epoch=15 step=300/429 train_nll=-2165.901
2026-05-16 18:43:34,573 INFO CSMF2.step_1_1_1.run :: [h] epoch=15 step=350 total=0.20785 batch=0.14111
2026-05-16 18:43:34,574 INFO CSMF2.step_1_1_1.run :: [lat] epoch=15 step=350 mean_l2=0.07633 std_l2=2.70037
2026-05-16 18:43:34,580 INFO CSMF2.step_1_1_1.run :: epoch=15 step=350/429 train_nll=-2165.595
2026-05-16 18:43:36,139 INFO CSMF2.step_1_1_1.run :: [h] epoch=15 step=400 total=0.20517 batch=0.13586
2026-05-16 18:43:36,139 INFO CSMF2.step_1_1_1.run :: [lat] epoch=15 step=400 mean_l2=0.07612 std_l2=5.48013
2026-05-16 18:43:36,146 INFO CSMF2.step_1_1_1.run :: epoch=15 step=400/429 train_nll=-2165.933
2026-05-16 18:43:38,167 INFO CSMF2.step_1_1_1.run :: epoch=15  train_nll=-2165.983  val_nll=-2170.039  t=14.4s
2026-05-16 18:43:38,167 INFO CSMF2.step_1_1_1.run :: [h_std] total=0.20597 batch=0.13134 (no penalty)
2026-05-16 18:43:38,167 INFO CSMF2.step_1_1_1.run :: [lat_epoch] mean_l2=0.08823 std_l2=0.80680 lambda=0.100
2026-05-16 18:43:38,167 INFO CSMF2.step_1_1_1.run :: [grad] cond=56.0031 film_gain=0.0000
2026-05-16 18:43:43,062 INFO CSMF2.step_1_1_1.run :: [h] epoch=16 step=50 total=0.20617 batch=0.13032
2026-05-16 18:43:43,062 INFO CSMF2.step_1_1_1.run :: [lat] epoch=16 step=50 mean_l2=0.09392 std_l2=2.55587
2026-05-16 18:43:43,069 INFO CSMF2.step_1_1_1.run :: epoch=16 step=50/429 train_nll=-2178.933
2026-05-16 18:43:44,627 INFO CSMF2.step_1_1_1.run :: [h] epoch=16 step=100 total=0.19902 batch=0.12677
2026-05-16 18:43:44,628 INFO CSMF2.step_1_1_1.run :: [lat] epoch=16 step=100 mean_l2=0.08842 std_l2=0.35426
2026-05-16 18:43:44,634 INFO CSMF2.step_1_1_1.run :: epoch=16 step=100/429 train_nll=-2176.541
2026-05-16 18:43:46,187 INFO CSMF2.step_1_1_1.run :: [h] epoch=16 step=150 total=0.19413 batch=0.12416
2026-05-16 18:43:46,187 INFO CSMF2.step_1_1_1.run :: [lat] epoch=16 step=150 mean_l2=0.07824 std_l2=0.30624
2026-05-16 18:43:46,194 INFO CSMF2.step_1_1_1.run :: epoch=16 step=150/429 train_nll=-2176.052
2026-05-16 18:43:47,751 INFO CSMF2.step_1_1_1.run :: [h] epoch=16 step=200 total=0.19863 batch=0.12994
2026-05-16 18:43:47,752 INFO CSMF2.step_1_1_1.run :: [lat] epoch=16 step=200 mean_l2=0.09158 std_l2=0.25399
2026-05-16 18:43:47,758 INFO CSMF2.step_1_1_1.run :: epoch=16 step=200/429 train_nll=-2180.089
2026-05-16 18:43:49,290 INFO CSMF2.step_1_1_1.run :: [h] epoch=16 step=250 total=0.20194 batch=0.13359
2026-05-16 18:43:49,291 INFO CSMF2.step_1_1_1.run :: [lat] epoch=16 step=250 mean_l2=0.07176 std_l2=0.48711
2026-05-16 18:43:49,297 INFO CSMF2.step_1_1_1.run :: epoch=16 step=250/429 train_nll=-2181.438
2026-05-16 18:43:50,865 INFO CSMF2.step_1_1_1.run :: [h] epoch=16 step=300 total=0.19418 batch=0.12890
2026-05-16 18:43:50,865 INFO CSMF2.step_1_1_1.run :: [lat] epoch=16 step=300 mean_l2=0.10635 std_l2=0.22622
2026-05-16 18:43:50,872 INFO CSMF2.step_1_1_1.run :: epoch=16 step=300/429 train_nll=-2184.108
2026-05-16 18:43:52,449 INFO CSMF2.step_1_1_1.run :: [h] epoch=16 step=350 total=0.20134 batch=0.13830
2026-05-16 18:43:52,449 INFO CSMF2.step_1_1_1.run :: [lat] epoch=16 step=350 mean_l2=0.11890 std_l2=3.16403
2026-05-16 18:43:52,456 INFO CSMF2.step_1_1_1.run :: epoch=16 step=350/429 train_nll=-2184.067
2026-05-16 18:43:54,032 INFO CSMF2.step_1_1_1.run :: [h] epoch=16 step=400 total=0.20127 batch=0.13244
2026-05-16 18:43:54,033 INFO CSMF2.step_1_1_1.run :: [lat] epoch=16 step=400 mean_l2=0.11724 std_l2=5.81752
2026-05-16 18:43:54,039 INFO CSMF2.step_1_1_1.run :: epoch=16 step=400/429 train_nll=-2184.858
2026-05-16 18:43:55,934 INFO CSMF2.step_1_1_1.run :: epoch=16  train_nll=-2184.830  val_nll=-2175.902  t=14.5s
2026-05-16 18:43:55,934 INFO CSMF2.step_1_1_1.run :: [h_std] total=0.19833 batch=0.12870 (no penalty)
2026-05-16 18:43:55,934 INFO CSMF2.step_1_1_1.run :: [lat_epoch] mean_l2=0.08630 std_l2=0.85556 lambda=0.100
2026-05-16 18:43:55,934 INFO CSMF2.step_1_1_1.run :: [grad] cond=62.7352 film_gain=0.0000
2026-05-16 18:44:00,807 INFO CSMF2.step_1_1_1.run :: [h] epoch=17 step=50 total=0.19443 batch=0.12646
2026-05-16 18:44:00,808 INFO CSMF2.step_1_1_1.run :: [lat] epoch=17 step=50 mean_l2=0.08627 std_l2=2.91219
2026-05-16 18:44:00,814 INFO CSMF2.step_1_1_1.run :: epoch=17 step=50/429 train_nll=-2192.102
2026-05-16 18:44:02,352 INFO CSMF2.step_1_1_1.run :: [h] epoch=17 step=100 total=0.19123 batch=0.12330
2026-05-16 18:44:02,353 INFO CSMF2.step_1_1_1.run :: [lat] epoch=17 step=100 mean_l2=0.08321 std_l2=0.43550
2026-05-16 18:44:02,359 INFO CSMF2.step_1_1_1.run :: epoch=17 step=100/429 train_nll=-2189.345
2026-05-16 18:44:03,897 INFO CSMF2.step_1_1_1.run :: [h] epoch=17 step=150 total=0.18743 batch=0.12240
2026-05-16 18:44:03,897 INFO CSMF2.step_1_1_1.run :: [lat] epoch=17 step=150 mean_l2=0.07269 std_l2=0.31717
2026-05-16 18:44:03,904 INFO CSMF2.step_1_1_1.run :: epoch=17 step=150/429 train_nll=-2189.356
2026-05-16 18:44:05,443 INFO CSMF2.step_1_1_1.run :: [h] epoch=17 step=200 total=0.18804 batch=0.12313
2026-05-16 18:44:05,443 INFO CSMF2.step_1_1_1.run :: [lat] epoch=17 step=200 mean_l2=0.08674 std_l2=0.27433
2026-05-16 18:44:05,449 INFO CSMF2.step_1_1_1.run :: epoch=17 step=200/429 train_nll=-2193.261
2026-05-16 18:44:06,991 INFO CSMF2.step_1_1_1.run :: [h] epoch=17 step=250 total=0.19248 batch=0.12857
2026-05-16 18:44:06,992 INFO CSMF2.step_1_1_1.run :: [lat] epoch=17 step=250 mean_l2=0.08452 std_l2=0.49977
2026-05-16 18:44:06,998 INFO CSMF2.step_1_1_1.run :: epoch=17 step=250/429 train_nll=-2194.414
2026-05-16 18:44:08,589 INFO CSMF2.step_1_1_1.run :: [h] epoch=17 step=300 total=0.18793 batch=0.12517
2026-05-16 18:44:08,589 INFO CSMF2.step_1_1_1.run :: [lat] epoch=17 step=300 mean_l2=0.06835 std_l2=0.21900
2026-05-16 18:44:08,596 INFO CSMF2.step_1_1_1.run :: epoch=17 step=300/429 train_nll=-2197.130
2026-05-16 18:44:10,200 INFO CSMF2.step_1_1_1.run :: [h] epoch=17 step=350 total=0.19381 batch=0.13374
2026-05-16 18:44:10,200 INFO CSMF2.step_1_1_1.run :: [lat] epoch=17 step=350 mean_l2=0.10198 std_l2=3.39695
2026-05-16 18:44:10,207 INFO CSMF2.step_1_1_1.run :: epoch=17 step=350/429 train_nll=-2197.414
2026-05-16 18:44:11,794 INFO CSMF2.step_1_1_1.run :: [h] epoch=17 step=400 total=0.18802 batch=0.12705
2026-05-16 18:44:11,794 INFO CSMF2.step_1_1_1.run :: [lat] epoch=17 step=400 mean_l2=0.07997 std_l2=6.46421
2026-05-16 18:44:11,800 INFO CSMF2.step_1_1_1.run :: epoch=17 step=400/429 train_nll=-2198.312
2026-05-16 18:44:13,697 INFO CSMF2.step_1_1_1.run :: epoch=17  train_nll=-2198.583  val_nll=-2199.897  t=14.6s
2026-05-16 18:44:13,697 INFO CSMF2.step_1_1_1.run :: [h_std] total=0.18998 batch=0.12481 (no penalty)
2026-05-16 18:44:13,697 INFO CSMF2.step_1_1_1.run :: [lat_epoch] mean_l2=0.08648 std_l2=0.91423 lambda=0.100
2026-05-16 18:44:13,697 INFO CSMF2.step_1_1_1.run :: [grad] cond=100.1388 film_gain=0.0000
2026-05-16 18:44:19,094 INFO CSMF2.step_1_1_1.run :: [h] epoch=18 step=50 total=0.18881 batch=0.12549
2026-05-16 18:44:19,094 INFO CSMF2.step_1_1_1.run :: [lat] epoch=18 step=50 mean_l2=0.08892 std_l2=3.08946
2026-05-16 18:44:19,100 INFO CSMF2.step_1_1_1.run :: epoch=18 step=50/429 train_nll=-2208.135
2026-05-16 18:44:20,638 INFO CSMF2.step_1_1_1.run :: [h] epoch=18 step=100 total=0.18446 batch=0.12165
2026-05-16 18:44:20,638 INFO CSMF2.step_1_1_1.run :: [lat] epoch=18 step=100 mean_l2=0.09159 std_l2=0.38550
2026-05-16 18:44:20,644 INFO CSMF2.step_1_1_1.run :: epoch=18 step=100/429 train_nll=-2204.171
2026-05-16 18:44:22,184 INFO CSMF2.step_1_1_1.run :: [h] epoch=18 step=150 total=0.18248 batch=0.12203
2026-05-16 18:44:22,184 INFO CSMF2.step_1_1_1.run :: [lat] epoch=18 step=150 mean_l2=0.10451 std_l2=0.35472
2026-05-16 18:44:22,191 INFO CSMF2.step_1_1_1.run :: epoch=18 step=150/429 train_nll=-2203.383
2026-05-16 18:44:23,731 INFO CSMF2.step_1_1_1.run :: [h] epoch=18 step=200 total=0.18191 batch=0.12076
2026-05-16 18:44:23,731 INFO CSMF2.step_1_1_1.run :: [lat] epoch=18 step=200 mean_l2=0.08984 std_l2=0.29600
2026-05-16 18:44:23,737 INFO CSMF2.step_1_1_1.run :: epoch=18 step=200/429 train_nll=-2206.732
2026-05-16 18:44:25,276 INFO CSMF2.step_1_1_1.run :: [h] epoch=18 step=250 total=0.18487 batch=0.12719
2026-05-16 18:44:25,276 INFO CSMF2.step_1_1_1.run :: [lat] epoch=18 step=250 mean_l2=0.08089 std_l2=0.50870
2026-05-16 18:44:25,282 INFO CSMF2.step_1_1_1.run :: epoch=18 step=250/429 train_nll=-2208.200
2026-05-16 18:44:26,866 INFO CSMF2.step_1_1_1.run :: [h] epoch=18 step=300 total=0.18141 batch=0.12329
2026-05-16 18:44:26,866 INFO CSMF2.step_1_1_1.run :: [lat] epoch=18 step=300 mean_l2=0.08023 std_l2=0.22035
2026-05-16 18:44:26,872 INFO CSMF2.step_1_1_1.run :: epoch=18 step=300/429 train_nll=-2211.212
2026-05-16 18:44:28,458 INFO CSMF2.step_1_1_1.run :: [h] epoch=18 step=350 total=0.18827 batch=0.13152
2026-05-16 18:44:28,459 INFO CSMF2.step_1_1_1.run :: [lat] epoch=18 step=350 mean_l2=0.09150 std_l2=3.79242
2026-05-16 18:44:28,465 INFO CSMF2.step_1_1_1.run :: epoch=18 step=350/429 train_nll=-2211.561
2026-05-16 18:44:30,050 INFO CSMF2.step_1_1_1.run :: [h] epoch=18 step=400 total=0.18222 batch=0.12481
2026-05-16 18:44:30,050 INFO CSMF2.step_1_1_1.run :: [lat] epoch=18 step=400 mean_l2=0.09088 std_l2=7.04884
2026-05-16 18:44:30,056 INFO CSMF2.step_1_1_1.run :: epoch=18 step=400/429 train_nll=-2212.071
2026-05-16 18:44:31,962 INFO CSMF2.step_1_1_1.run :: epoch=18  train_nll=-2212.388  val_nll=-2215.609  t=15.0s
2026-05-16 18:44:31,962 INFO CSMF2.step_1_1_1.run :: [h_std] total=0.18333 batch=0.12269 (no penalty)
2026-05-16 18:44:31,962 INFO CSMF2.step_1_1_1.run :: [lat_epoch] mean_l2=0.08709 std_l2=0.96543 lambda=0.100
2026-05-16 18:44:31,962 INFO CSMF2.step_1_1_1.run :: [grad] cond=63.4031 film_gain=0.0000
2026-05-16 18:44:36,990 INFO CSMF2.step_1_1_1.run :: [h] epoch=19 step=50 total=0.18303 batch=0.12217
2026-05-16 18:44:36,991 INFO CSMF2.step_1_1_1.run :: [lat] epoch=19 step=50 mean_l2=0.09928 std_l2=3.50455
2026-05-16 18:44:36,997 INFO CSMF2.step_1_1_1.run :: epoch=19 step=50/429 train_nll=-2221.838
2026-05-16 18:44:38,532 INFO CSMF2.step_1_1_1.run :: [h] epoch=19 step=100 total=0.17812 batch=0.11904
2026-05-16 18:44:38,532 INFO CSMF2.step_1_1_1.run :: [lat] epoch=19 step=100 mean_l2=0.09923 std_l2=0.37364
2026-05-16 18:44:38,538 INFO CSMF2.step_1_1_1.run :: epoch=19 step=100/429 train_nll=-2217.672
2026-05-16 18:44:40,065 INFO CSMF2.step_1_1_1.run :: [h] epoch=19 step=150 total=0.17536 batch=0.11710
2026-05-16 18:44:40,065 INFO CSMF2.step_1_1_1.run :: [lat] epoch=19 step=150 mean_l2=0.08682 std_l2=0.30524
2026-05-16 18:44:40,071 INFO CSMF2.step_1_1_1.run :: epoch=19 step=150/429 train_nll=-2216.829
2026-05-16 18:44:41,598 INFO CSMF2.step_1_1_1.run :: [h] epoch=19 step=200 total=0.17537 batch=0.11894
2026-05-16 18:44:41,598 INFO CSMF2.step_1_1_1.run :: [lat] epoch=19 step=200 mean_l2=0.08589 std_l2=0.26200
2026-05-16 18:44:41,605 INFO CSMF2.step_1_1_1.run :: epoch=19 step=200/429 train_nll=-2220.223
2026-05-16 18:44:43,131 INFO CSMF2.step_1_1_1.run :: [h] epoch=19 step=250 total=0.17914 batch=0.12426
2026-05-16 18:44:43,131 INFO CSMF2.step_1_1_1.run :: [lat] epoch=19 step=250 mean_l2=0.09002 std_l2=0.58266
2026-05-16 18:44:43,137 INFO CSMF2.step_1_1_1.run :: epoch=19 step=250/429 train_nll=-2221.428
2026-05-16 18:44:44,701 INFO CSMF2.step_1_1_1.run :: [h] epoch=19 step=300 total=0.17249 batch=0.11942
2026-05-16 18:44:44,702 INFO CSMF2.step_1_1_1.run :: [lat] epoch=19 step=300 mean_l2=0.07562 std_l2=0.22814
2026-05-16 18:44:44,708 INFO CSMF2.step_1_1_1.run :: epoch=19 step=300/429 train_nll=-2223.959
2026-05-16 18:44:46,278 INFO CSMF2.step_1_1_1.run :: [h] epoch=19 step=350 total=0.17957 batch=0.12701
2026-05-16 18:44:46,278 INFO CSMF2.step_1_1_1.run :: [lat] epoch=19 step=350 mean_l2=0.12390 std_l2=4.16293
2026-05-16 18:44:46,284 INFO CSMF2.step_1_1_1.run :: epoch=19 step=350/429 train_nll=-2223.538
2026-05-16 18:44:47,854 INFO CSMF2.step_1_1_1.run :: [h] epoch=19 step=400 total=0.17589 batch=0.12079
2026-05-16 18:44:47,854 INFO CSMF2.step_1_1_1.run :: [lat] epoch=19 step=400 mean_l2=0.08317 std_l2=7.96718
2026-05-16 18:44:47,861 INFO CSMF2.step_1_1_1.run :: epoch=19 step=400/429 train_nll=-2223.439
2026-05-16 18:44:49,745 INFO CSMF2.step_1_1_1.run :: epoch=19  train_nll=-2223.020  val_nll=-2217.411  t=14.7s
2026-05-16 18:44:49,745 INFO CSMF2.step_1_1_1.run :: [h_std] total=0.17647 batch=0.11956 (no penalty)
2026-05-16 18:44:49,745 INFO CSMF2.step_1_1_1.run :: [lat_epoch] mean_l2=0.08758 std_l2=1.03245 lambda=0.100
2026-05-16 18:44:49,745 INFO CSMF2.step_1_1_1.run :: [grad] cond=121.1117 film_gain=0.0000
2026-05-16 18:44:54,781 INFO CSMF2.step_1_1_1.run :: [h] epoch=20 step=50 total=0.17274 batch=0.11646
2026-05-16 18:44:54,782 INFO CSMF2.step_1_1_1.run :: [lat] epoch=20 step=50 mean_l2=0.07786 std_l2=3.42508
2026-05-16 18:44:54,788 INFO CSMF2.step_1_1_1.run :: epoch=20 step=50/429 train_nll=-2229.210
2026-05-16 18:44:56,320 INFO CSMF2.step_1_1_1.run :: [h] epoch=20 step=100 total=0.17093 batch=0.11547
2026-05-16 18:44:56,320 INFO CSMF2.step_1_1_1.run :: [lat] epoch=20 step=100 mean_l2=0.08382 std_l2=0.42478
2026-05-16 18:44:56,326 INFO CSMF2.step_1_1_1.run :: epoch=20 step=100/429 train_nll=-2225.396
2026-05-16 18:44:57,856 INFO CSMF2.step_1_1_1.run :: [h] epoch=20 step=150 total=0.16885 batch=0.11404
2026-05-16 18:44:57,857 INFO CSMF2.step_1_1_1.run :: [lat] epoch=20 step=150 mean_l2=0.07948 std_l2=0.29220
2026-05-16 18:44:57,863 INFO CSMF2.step_1_1_1.run :: epoch=20 step=150/429 train_nll=-2225.605
2026-05-16 18:44:59,394 INFO CSMF2.step_1_1_1.run :: [h] epoch=20 step=200 total=0.16682 batch=0.11286
2026-05-16 18:44:59,394 INFO CSMF2.step_1_1_1.run :: [lat] epoch=20 step=200 mean_l2=0.09417 std_l2=0.26585
2026-05-16 18:44:59,400 INFO CSMF2.step_1_1_1.run :: epoch=20 step=200/429 train_nll=-2229.729
2026-05-16 18:45:00,931 INFO CSMF2.step_1_1_1.run :: [h] epoch=20 step=250 total=0.17172 batch=0.12010
2026-05-16 18:45:00,932 INFO CSMF2.step_1_1_1.run :: [lat] epoch=20 step=250 mean_l2=0.08096 std_l2=0.57997
2026-05-16 18:45:00,938 INFO CSMF2.step_1_1_1.run :: epoch=20 step=250/429 train_nll=-2232.003
2026-05-16 18:45:02,507 INFO CSMF2.step_1_1_1.run :: [h] epoch=20 step=300 total=0.16570 batch=0.11390
2026-05-16 18:45:02,508 INFO CSMF2.step_1_1_1.run :: [lat] epoch=20 step=300 mean_l2=0.07777 std_l2=0.24081
2026-05-16 18:45:02,514 INFO CSMF2.step_1_1_1.run :: epoch=20 step=300/429 train_nll=-2234.597
2026-05-16 18:45:04,091 INFO CSMF2.step_1_1_1.run :: [h] epoch=20 step=350 total=0.17382 batch=0.12363
2026-05-16 18:45:04,091 INFO CSMF2.step_1_1_1.run :: [lat] epoch=20 step=350 mean_l2=0.11479 std_l2=4.65189
2026-05-16 18:45:04,098 INFO CSMF2.step_1_1_1.run :: epoch=20 step=350/429 train_nll=-2234.273
2026-05-16 18:45:05,675 INFO CSMF2.step_1_1_1.run :: [h] epoch=20 step=400 total=0.16877 batch=0.11680
2026-05-16 18:45:05,675 INFO CSMF2.step_1_1_1.run :: [lat] epoch=20 step=400 mean_l2=0.08323 std_l2=8.20920
2026-05-16 18:45:05,682 INFO CSMF2.step_1_1_1.run :: epoch=20 step=400/429 train_nll=-2234.569
2026-05-16 18:45:07,576 INFO CSMF2.step_1_1_1.run :: epoch=20  train_nll=-2234.712  val_nll=-2232.599  t=14.6s
2026-05-16 18:45:07,576 INFO CSMF2.step_1_1_1.run :: [h_std] total=0.16903 batch=0.11523 (no penalty)
2026-05-16 18:45:07,576 INFO CSMF2.step_1_1_1.run :: [lat_epoch] mean_l2=0.08738 std_l2=1.05041 lambda=0.100
2026-05-16 18:45:07,576 INFO CSMF2.step_1_1_1.run :: [grad] cond=72.6606 film_gain=0.0000
2026-05-16 18:45:12,446 INFO CSMF2.step_1_1_1.run :: [h] epoch=21 step=50 total=0.16794 batch=0.11384
2026-05-16 18:45:12,446 INFO CSMF2.step_1_1_1.run :: [lat] epoch=21 step=50 mean_l2=0.07818 std_l2=3.39781
2026-05-16 18:45:12,452 INFO CSMF2.step_1_1_1.run :: epoch=21 step=50/429 train_nll=-2243.170
2026-05-16 18:45:13,984 INFO CSMF2.step_1_1_1.run :: [h] epoch=21 step=100 total=0.16465 batch=0.11257
2026-05-16 18:45:13,984 INFO CSMF2.step_1_1_1.run :: [lat] epoch=21 step=100 mean_l2=0.10528 std_l2=0.40938
2026-05-16 18:45:13,990 INFO CSMF2.step_1_1_1.run :: epoch=21 step=100/429 train_nll=-2237.300
2026-05-16 18:45:15,523 INFO CSMF2.step_1_1_1.run :: [h] epoch=21 step=150 total=0.16248 batch=0.11192
2026-05-16 18:45:15,523 INFO CSMF2.step_1_1_1.run :: [lat] epoch=21 step=150 mean_l2=0.07866 std_l2=0.32436
2026-05-16 18:45:15,529 INFO CSMF2.step_1_1_1.run :: epoch=21 step=150/429 train_nll=-2237.287
2026-05-16 18:45:17,061 INFO CSMF2.step_1_1_1.run :: [h] epoch=21 step=200 total=0.16409 batch=0.11322
2026-05-16 18:45:17,061 INFO CSMF2.step_1_1_1.run :: [lat] epoch=21 step=200 mean_l2=0.10267 std_l2=0.25803
2026-05-16 18:45:17,067 INFO CSMF2.step_1_1_1.run :: epoch=21 step=200/429 train_nll=-2240.660
2026-05-16 18:45:18,599 INFO CSMF2.step_1_1_1.run :: [h] epoch=21 step=250 total=0.16753 batch=0.11747
2026-05-16 18:45:18,599 INFO CSMF2.step_1_1_1.run :: [lat] epoch=21 step=250 mean_l2=0.07489 std_l2=0.57675
2026-05-16 18:45:18,605 INFO CSMF2.step_1_1_1.run :: epoch=21 step=250/429 train_nll=-2242.363
2026-05-16 18:45:20,399 INFO CSMF2.step_1_1_1.run :: [h] epoch=21 step=300 total=0.16036 batch=0.11271
2026-05-16 18:45:20,400 INFO CSMF2.step_1_1_1.run :: [lat] epoch=21 step=300 mean_l2=0.08368 std_l2=0.29011
2026-05-16 18:45:20,407 INFO CSMF2.step_1_1_1.run :: epoch=21 step=300/429 train_nll=-2244.880
2026-05-16 18:45:22,036 INFO CSMF2.step_1_1_1.run :: [h] epoch=21 step=350 total=0.16832 batch=0.12045
2026-05-16 18:45:22,037 INFO CSMF2.step_1_1_1.run :: [lat] epoch=21 step=350 mean_l2=0.10237 std_l2=4.90998
2026-05-16 18:45:22,043 INFO CSMF2.step_1_1_1.run :: epoch=21 step=350/429 train_nll=-2245.294
2026-05-16 18:45:23,639 INFO CSMF2.step_1_1_1.run :: [h] epoch=21 step=400 total=0.16453 batch=0.11689
2026-05-16 18:45:23,639 INFO CSMF2.step_1_1_1.run :: [lat] epoch=21 step=400 mean_l2=0.09532 std_l2=8.55756
2026-05-16 18:45:23,645 INFO CSMF2.step_1_1_1.run :: epoch=21 step=400/429 train_nll=-2245.431
2026-05-16 18:45:25,559 INFO CSMF2.step_1_1_1.run :: epoch=21  train_nll=-2245.677  val_nll=-2242.861  t=14.8s
2026-05-16 18:45:25,559 INFO CSMF2.step_1_1_1.run :: [h_std] total=0.16355 batch=0.11259 (no penalty)
2026-05-16 18:45:25,559 INFO CSMF2.step_1_1_1.run :: [lat_epoch] mean_l2=0.08733 std_l2=1.07128 lambda=0.100
2026-05-16 18:45:25,559 INFO CSMF2.step_1_1_1.run :: [grad] cond=87.4616 film_gain=0.0000
2026-05-16 18:45:30,295 INFO CSMF2.step_1_1_1.run :: [h] epoch=22 step=50 total=0.16096 batch=0.11159
2026-05-16 18:45:30,295 INFO CSMF2.step_1_1_1.run :: [lat] epoch=22 step=50 mean_l2=0.09069 std_l2=3.76465
2026-05-16 18:45:30,301 INFO CSMF2.step_1_1_1.run :: epoch=22 step=50/429 train_nll=-2254.010
2026-05-16 18:45:31,843 INFO CSMF2.step_1_1_1.run :: [h] epoch=22 step=100 total=0.15955 batch=0.10978
2026-05-16 18:45:31,843 INFO CSMF2.step_1_1_1.run :: [lat] epoch=22 step=100 mean_l2=0.09273 std_l2=0.38653
2026-05-16 18:45:31,850 INFO CSMF2.step_1_1_1.run :: epoch=22 step=100/429 train_nll=-2250.943
2026-05-16 18:45:33,391 INFO CSMF2.step_1_1_1.run :: [h] epoch=22 step=150 total=0.15626 batch=0.10894
2026-05-16 18:45:33,391 INFO CSMF2.step_1_1_1.run :: [lat] epoch=22 step=150 mean_l2=0.10046 std_l2=0.28909
2026-05-16 18:45:33,397 INFO CSMF2.step_1_1_1.run :: epoch=22 step=150/429 train_nll=-2249.352
2026-05-16 18:45:35,156 INFO CSMF2.step_1_1_1.run :: [h] epoch=22 step=200 total=0.15802 batch=0.11049
2026-05-16 18:45:35,156 INFO CSMF2.step_1_1_1.run :: [lat] epoch=22 step=200 mean_l2=0.09912 std_l2=0.27320
2026-05-16 18:45:35,163 INFO CSMF2.step_1_1_1.run :: epoch=22 step=200/429 train_nll=-2253.269
2026-05-16 18:45:36,705 INFO CSMF2.step_1_1_1.run :: [h] epoch=22 step=250 total=0.16471 batch=0.11693
2026-05-16 18:45:36,705 INFO CSMF2.step_1_1_1.run :: [lat] epoch=22 step=250 mean_l2=0.06815 std_l2=0.59380
2026-05-16 18:45:36,711 INFO CSMF2.step_1_1_1.run :: epoch=22 step=250/429 train_nll=-2254.866
2026-05-16 18:45:38,286 INFO CSMF2.step_1_1_1.run :: [h] epoch=22 step=300 total=0.15759 batch=0.11152
2026-05-16 18:45:38,286 INFO CSMF2.step_1_1_1.run :: [lat] epoch=22 step=300 mean_l2=0.07245 std_l2=0.22553
2026-05-16 18:45:38,293 INFO CSMF2.step_1_1_1.run :: epoch=22 step=300/429 train_nll=-2257.984
2026-05-16 18:45:39,876 INFO CSMF2.step_1_1_1.run :: [h] epoch=22 step=350 total=0.16420 batch=0.11816
2026-05-16 18:45:39,876 INFO CSMF2.step_1_1_1.run :: [lat] epoch=22 step=350 mean_l2=0.08878 std_l2=5.47135
2026-05-16 18:45:39,883 INFO CSMF2.step_1_1_1.run :: epoch=22 step=350/429 train_nll=-2257.679
2026-05-16 18:45:41,465 INFO CSMF2.step_1_1_1.run :: [h] epoch=22 step=400 total=0.15977 batch=0.11258
2026-05-16 18:45:41,465 INFO CSMF2.step_1_1_1.run :: [lat] epoch=22 step=400 mean_l2=0.09894 std_l2=8.86024
2026-05-16 18:45:41,472 INFO CSMF2.step_1_1_1.run :: epoch=22 step=400/429 train_nll=-2257.584
2026-05-16 18:45:43,376 INFO CSMF2.step_1_1_1.run :: epoch=22  train_nll=-2257.414  val_nll=-2246.750  t=14.7s
2026-05-16 18:45:43,376 INFO CSMF2.step_1_1_1.run :: [h_std] total=0.15909 batch=0.11084 (no penalty)
2026-05-16 18:45:43,376 INFO CSMF2.step_1_1_1.run :: [lat_epoch] mean_l2=0.08638 std_l2=1.11138 lambda=0.100
2026-05-16 18:45:43,376 INFO CSMF2.step_1_1_1.run :: [grad] cond=95.1880 film_gain=0.0000
2026-05-16 18:45:48,224 INFO CSMF2.step_1_1_1.run :: [h] epoch=23 step=50 total=0.15897 batch=0.11157
2026-05-16 18:45:48,224 INFO CSMF2.step_1_1_1.run :: [lat] epoch=23 step=50 mean_l2=0.09882 std_l2=4.07012
2026-05-16 18:45:48,230 INFO CSMF2.step_1_1_1.run :: epoch=23 step=50/429 train_nll=-2260.665
2026-05-16 18:45:49,910 INFO CSMF2.step_1_1_1.run :: [h] epoch=23 step=100 total=0.15535 batch=0.10900
2026-05-16 18:45:49,911 INFO CSMF2.step_1_1_1.run :: [lat] epoch=23 step=100 mean_l2=0.07667 std_l2=0.61158
2026-05-16 18:45:49,917 INFO CSMF2.step_1_1_1.run :: epoch=23 step=100/429 train_nll=-2257.676
2026-05-16 18:45:51,454 INFO CSMF2.step_1_1_1.run :: [h] epoch=23 step=150 total=0.15512 batch=0.10924
2026-05-16 18:45:51,455 INFO CSMF2.step_1_1_1.run :: [lat] epoch=23 step=150 mean_l2=0.08704 std_l2=0.37404
2026-05-16 18:45:51,461 INFO CSMF2.step_1_1_1.run :: epoch=23 step=150/429 train_nll=-2256.820
2026-05-16 18:45:52,998 INFO CSMF2.step_1_1_1.run :: [h] epoch=23 step=200 total=0.15157 batch=0.10672
2026-05-16 18:45:52,998 INFO CSMF2.step_1_1_1.run :: [lat] epoch=23 step=200 mean_l2=0.09458 std_l2=0.26036
2026-05-16 18:45:53,005 INFO CSMF2.step_1_1_1.run :: epoch=23 step=200/429 train_nll=-2260.598
2026-05-16 18:45:54,542 INFO CSMF2.step_1_1_1.run :: [h] epoch=23 step=250 total=0.15752 batch=0.11197
2026-05-16 18:45:54,542 INFO CSMF2.step_1_1_1.run :: [lat] epoch=23 step=250 mean_l2=0.09616 std_l2=0.60134
2026-05-16 18:45:54,548 INFO CSMF2.step_1_1_1.run :: epoch=23 step=250/429 train_nll=-2262.846
2026-05-16 18:45:56,118 INFO CSMF2.step_1_1_1.run :: [h] epoch=23 step=300 total=0.15133 batch=0.10759
2026-05-16 18:45:56,118 INFO CSMF2.step_1_1_1.run :: [lat] epoch=23 step=300 mean_l2=0.07581 std_l2=0.31009
2026-05-16 18:45:56,125 INFO CSMF2.step_1_1_1.run :: epoch=23 step=300/429 train_nll=-2265.663
2026-05-16 18:45:57,708 INFO CSMF2.step_1_1_1.run :: [h] epoch=23 step=350 total=0.15802 batch=0.11507
2026-05-16 18:45:57,708 INFO CSMF2.step_1_1_1.run :: [lat] epoch=23 step=350 mean_l2=0.08400 std_l2=5.63513
2026-05-16 18:45:57,714 INFO CSMF2.step_1_1_1.run :: epoch=23 step=350/429 train_nll=-2265.502
2026-05-16 18:45:59,296 INFO CSMF2.step_1_1_1.run :: [h] epoch=23 step=400 total=0.15482 batch=0.10929
2026-05-16 18:45:59,297 INFO CSMF2.step_1_1_1.run :: [lat] epoch=23 step=400 mean_l2=0.09562 std_l2=9.53309
2026-05-16 18:45:59,303 INFO CSMF2.step_1_1_1.run :: epoch=23 step=400/429 train_nll=-2265.796
2026-05-16 18:46:01,206 INFO CSMF2.step_1_1_1.run :: epoch=23  train_nll=-2265.351  val_nll=-2258.033  t=14.7s
2026-05-16 18:46:01,206 INFO CSMF2.step_1_1_1.run :: [h_std] total=0.15352 batch=0.10780 (no penalty)
2026-05-16 18:46:01,206 INFO CSMF2.step_1_1_1.run :: [lat_epoch] mean_l2=0.08699 std_l2=1.16122 lambda=0.100
2026-05-16 18:46:01,206 INFO CSMF2.step_1_1_1.run :: [grad] cond=96.0289 film_gain=0.0000
2026-05-16 18:46:05,917 INFO CSMF2.step_1_1_1.run :: [h] epoch=24 step=50 total=0.15131 batch=0.10571
2026-05-16 18:46:05,917 INFO CSMF2.step_1_1_1.run :: [lat] epoch=24 step=50 mean_l2=0.08824 std_l2=4.32916
2026-05-16 18:46:05,923 INFO CSMF2.step_1_1_1.run :: epoch=24 step=50/429 train_nll=-2272.579
2026-05-16 18:46:07,456 INFO CSMF2.step_1_1_1.run :: [h] epoch=24 step=100 total=0.15021 batch=0.10488
2026-05-16 18:46:07,456 INFO CSMF2.step_1_1_1.run :: [lat] epoch=24 step=100 mean_l2=0.07658 std_l2=0.41299
2026-05-16 18:46:07,462 INFO CSMF2.step_1_1_1.run :: epoch=24 step=100/429 train_nll=-2270.845
2026-05-16 18:46:08,996 INFO CSMF2.step_1_1_1.run :: [h] epoch=24 step=150 total=0.14631 batch=0.10317
2026-05-16 18:46:08,996 INFO CSMF2.step_1_1_1.run :: [lat] epoch=24 step=150 mean_l2=0.08492 std_l2=0.30190
2026-05-16 18:46:09,002 INFO CSMF2.step_1_1_1.run :: epoch=24 step=150/429 train_nll=-2271.253
2026-05-16 18:46:10,534 INFO CSMF2.step_1_1_1.run :: [h] epoch=24 step=200 total=0.14864 batch=0.10496
2026-05-16 18:46:10,534 INFO CSMF2.step_1_1_1.run :: [lat] epoch=24 step=200 mean_l2=0.09687 std_l2=0.27096
2026-05-16 18:46:10,541 INFO CSMF2.step_1_1_1.run :: epoch=24 step=200/429 train_nll=-2274.721
2026-05-16 18:46:12,076 INFO CSMF2.step_1_1_1.run :: [h] epoch=24 step=250 total=0.15107 batch=0.10753
2026-05-16 18:46:12,076 INFO CSMF2.step_1_1_1.run :: [lat] epoch=24 step=250 mean_l2=0.08764 std_l2=0.59445
2026-05-16 18:46:12,082 INFO CSMF2.step_1_1_1.run :: epoch=24 step=250/429 train_nll=-2275.243
2026-05-16 18:46:13,662 INFO CSMF2.step_1_1_1.run :: [h] epoch=24 step=300 total=0.14659 batch=0.10456
2026-05-16 18:46:13,662 INFO CSMF2.step_1_1_1.run :: [lat] epoch=24 step=300 mean_l2=0.08445 std_l2=0.23922
2026-05-16 18:46:13,669 INFO CSMF2.step_1_1_1.run :: epoch=24 step=300/429 train_nll=-2276.994
2026-05-16 18:46:15,248 INFO CSMF2.step_1_1_1.run :: [h] epoch=24 step=350 total=0.15420 batch=0.11177
2026-05-16 18:46:15,248 INFO CSMF2.step_1_1_1.run :: [lat] epoch=24 step=350 mean_l2=0.09476 std_l2=5.96584
2026-05-16 18:46:15,254 INFO CSMF2.step_1_1_1.run :: epoch=24 step=350/429 train_nll=-2275.832
2026-05-16 18:46:16,835 INFO CSMF2.step_1_1_1.run :: [h] epoch=24 step=400 total=0.14728 batch=0.10480
2026-05-16 18:46:16,835 INFO CSMF2.step_1_1_1.run :: [lat] epoch=24 step=400 mean_l2=0.11465 std_l2=9.86290
2026-05-16 18:46:16,841 INFO CSMF2.step_1_1_1.run :: epoch=24 step=400/429 train_nll=-2274.539
2026-05-16 18:46:18,819 INFO CSMF2.step_1_1_1.run :: epoch=24  train_nll=-2273.736  val_nll=-2256.420  t=14.5s
2026-05-16 18:46:18,819 INFO CSMF2.step_1_1_1.run :: [h_std] total=0.14854 batch=0.10414 (no penalty)
2026-05-16 18:46:18,819 INFO CSMF2.step_1_1_1.run :: [lat_epoch] mean_l2=0.08678 std_l2=1.17586 lambda=0.100
2026-05-16 18:46:18,819 INFO CSMF2.step_1_1_1.run :: [grad] cond=122.0973 film_gain=0.0000
2026-05-16 18:46:23,542 INFO CSMF2.step_1_1_1.run :: [h] epoch=25 step=50 total=0.14834 batch=0.10367
2026-05-16 18:46:23,542 INFO CSMF2.step_1_1_1.run :: [lat] epoch=25 step=50 mean_l2=0.07694 std_l2=4.51257
2026-05-16 18:46:23,548 INFO CSMF2.step_1_1_1.run :: epoch=25 step=50/429 train_nll=-2280.638
2026-05-16 18:46:25,084 INFO CSMF2.step_1_1_1.run :: [h] epoch=25 step=100 total=0.14670 batch=0.10224
2026-05-16 18:46:25,085 INFO CSMF2.step_1_1_1.run :: [lat] epoch=25 step=100 mean_l2=0.08577 std_l2=0.42149
2026-05-16 18:46:25,091 INFO CSMF2.step_1_1_1.run :: epoch=25 step=100/429 train_nll=-2276.122
2026-05-16 18:46:26,626 INFO CSMF2.step_1_1_1.run :: [h] epoch=25 step=150 total=0.14369 batch=0.10147
2026-05-16 18:46:26,626 INFO CSMF2.step_1_1_1.run :: [lat] epoch=25 step=150 mean_l2=0.09844 std_l2=0.38119
2026-05-16 18:46:26,632 INFO CSMF2.step_1_1_1.run :: epoch=25 step=150/429 train_nll=-2276.837
2026-05-16 18:46:28,168 INFO CSMF2.step_1_1_1.run :: [h] epoch=25 step=200 total=0.14296 batch=0.10138
2026-05-16 18:46:28,168 INFO CSMF2.step_1_1_1.run :: [lat] epoch=25 step=200 mean_l2=0.08802 std_l2=0.25342
2026-05-16 18:46:28,175 INFO CSMF2.step_1_1_1.run :: epoch=25 step=200/429 train_nll=-2280.563
2026-05-16 18:46:29,714 INFO CSMF2.step_1_1_1.run :: [h] epoch=25 step=250 total=0.14608 batch=0.10408
2026-05-16 18:46:29,714 INFO CSMF2.step_1_1_1.run :: [lat] epoch=25 step=250 mean_l2=0.07410 std_l2=0.64533
2026-05-16 18:46:29,721 INFO CSMF2.step_1_1_1.run :: epoch=25 step=250/429 train_nll=-2282.054
2026-05-16 18:46:31,302 INFO CSMF2.step_1_1_1.run :: [h] epoch=25 step=300 total=0.14317 batch=0.10179
2026-05-16 18:46:31,302 INFO CSMF2.step_1_1_1.run :: [lat] epoch=25 step=300 mean_l2=0.07699 std_l2=0.36553
2026-05-16 18:46:31,309 INFO CSMF2.step_1_1_1.run :: epoch=25 step=300/429 train_nll=-2283.676
2026-05-16 18:46:32,890 INFO CSMF2.step_1_1_1.run :: [h] epoch=25 step=350 total=0.14949 batch=0.10887
2026-05-16 18:46:32,891 INFO CSMF2.step_1_1_1.run :: [lat] epoch=25 step=350 mean_l2=0.07866 std_l2=6.12879
2026-05-16 18:46:32,897 INFO CSMF2.step_1_1_1.run :: epoch=25 step=350/429 train_nll=-2283.251
2026-05-16 18:46:34,540 INFO CSMF2.step_1_1_1.run :: [h] epoch=25 step=400 total=0.14335 batch=0.10280
2026-05-16 18:46:34,540 INFO CSMF2.step_1_1_1.run :: [lat] epoch=25 step=400 mean_l2=0.09410 std_l2=10.51507
2026-05-16 18:46:34,546 INFO CSMF2.step_1_1_1.run :: epoch=25 step=400/429 train_nll=-2282.560
2026-05-16 18:46:36,444 INFO CSMF2.step_1_1_1.run :: epoch=25  train_nll=-2281.842  val_nll=-2267.961  t=14.5s
2026-05-16 18:46:36,444 INFO CSMF2.step_1_1_1.run :: [h_std] total=0.14381 batch=0.10098 (no penalty)
2026-05-16 18:46:36,444 INFO CSMF2.step_1_1_1.run :: [lat_epoch] mean_l2=0.08592 std_l2=1.22386 lambda=0.100
2026-05-16 18:46:36,444 INFO CSMF2.step_1_1_1.run :: [grad] cond=124.5805 film_gain=0.0000
2026-05-16 18:46:42,323 INFO CSMF2.step_1_1_1.run :: [h] epoch=26 step=50 total=0.14268 batch=0.10123
2026-05-16 18:46:42,324 INFO CSMF2.step_1_1_1.run :: [lat] epoch=26 step=50 mean_l2=0.09730 std_l2=4.92783
2026-05-16 18:46:42,333 INFO CSMF2.step_1_1_1.run :: epoch=26 step=50/429 train_nll=-2286.813
2026-05-16 18:46:44,439 INFO CSMF2.step_1_1_1.run :: [h] epoch=26 step=100 total=0.14088 batch=0.09910
2026-05-16 18:46:44,439 INFO CSMF2.step_1_1_1.run :: [lat] epoch=26 step=100 mean_l2=0.09151 std_l2=0.45414
2026-05-16 18:46:44,446 INFO CSMF2.step_1_1_1.run :: epoch=26 step=100/429 train_nll=-2284.625
2026-05-16 18:46:46,433 INFO CSMF2.step_1_1_1.run :: [h] epoch=26 step=150 total=0.13857 batch=0.09858
2026-05-16 18:46:46,433 INFO CSMF2.step_1_1_1.run :: [lat] epoch=26 step=150 mean_l2=0.07367 std_l2=0.33512
2026-05-16 18:46:46,443 INFO CSMF2.step_1_1_1.run :: epoch=26 step=150/429 train_nll=-2285.110
2026-05-16 18:46:48,058 INFO CSMF2.step_1_1_1.run :: [h] epoch=26 step=200 total=0.13948 batch=0.09846
2026-05-16 18:46:48,058 INFO CSMF2.step_1_1_1.run :: [lat] epoch=26 step=200 mean_l2=0.08855 std_l2=0.26177
2026-05-16 18:46:48,065 INFO CSMF2.step_1_1_1.run :: epoch=26 step=200/429 train_nll=-2288.583
2026-05-16 18:46:49,773 INFO CSMF2.step_1_1_1.run :: [h] epoch=26 step=250 total=0.14340 batch=0.10303
2026-05-16 18:46:49,774 INFO CSMF2.step_1_1_1.run :: [lat] epoch=26 step=250 mean_l2=0.08252 std_l2=0.63474
2026-05-16 18:46:49,780 INFO CSMF2.step_1_1_1.run :: epoch=26 step=250/429 train_nll=-2290.250
2026-05-16 18:46:51,343 INFO CSMF2.step_1_1_1.run :: [h] epoch=26 step=300 total=0.14015 batch=0.10023
2026-05-16 18:46:51,343 INFO CSMF2.step_1_1_1.run :: [lat] epoch=26 step=300 mean_l2=0.08377 std_l2=0.26797
2026-05-16 18:46:51,350 INFO CSMF2.step_1_1_1.run :: epoch=26 step=300/429 train_nll=-2291.579
2026-05-16 18:46:53,006 INFO CSMF2.step_1_1_1.run :: [h] epoch=26 step=350 total=0.14591 batch=0.10660
2026-05-16 18:46:53,006 INFO CSMF2.step_1_1_1.run :: [lat] epoch=26 step=350 mean_l2=0.09616 std_l2=6.19740
2026-05-16 18:46:53,012 INFO CSMF2.step_1_1_1.run :: epoch=26 step=350/429 train_nll=-2290.928
2026-05-16 18:46:54,606 INFO CSMF2.step_1_1_1.run :: [h] epoch=26 step=400 total=0.14215 batch=0.10094
2026-05-16 18:46:54,607 INFO CSMF2.step_1_1_1.run :: [lat] epoch=26 step=400 mean_l2=0.09604 std_l2=11.22672
2026-05-16 18:46:54,613 INFO CSMF2.step_1_1_1.run :: epoch=26 step=400/429 train_nll=-2290.906
2026-05-16 18:46:56,535 INFO CSMF2.step_1_1_1.run :: epoch=26  train_nll=-2290.039  val_nll=-2278.059  t=17.0s
2026-05-16 18:46:56,535 INFO CSMF2.step_1_1_1.run :: [h_std] total=0.14022 batch=0.09872 (no penalty)
2026-05-16 18:46:56,535 INFO CSMF2.step_1_1_1.run :: [lat_epoch] mean_l2=0.08757 std_l2=1.23187 lambda=0.100
2026-05-16 18:46:56,535 INFO CSMF2.step_1_1_1.run :: [grad] cond=126.9445 film_gain=0.0000
2026-05-16 18:47:01,282 INFO CSMF2.step_1_1_1.run :: [h] epoch=27 step=50 total=0.13999 batch=0.09820
2026-05-16 18:47:01,283 INFO CSMF2.step_1_1_1.run :: [lat] epoch=27 step=50 mean_l2=0.10132 std_l2=4.39309
2026-05-16 18:47:01,289 INFO CSMF2.step_1_1_1.run :: epoch=27 step=50/429 train_nll=-2298.321
2026-05-16 18:47:03,021 INFO CSMF2.step_1_1_1.run :: [h] epoch=27 step=100 total=0.13936 batch=0.09785
2026-05-16 18:47:03,021 INFO CSMF2.step_1_1_1.run :: [lat] epoch=27 step=100 mean_l2=0.07759 std_l2=0.48132
2026-05-16 18:47:03,027 INFO CSMF2.step_1_1_1.run :: epoch=27 step=100/429 train_nll=-2294.501
2026-05-16 18:47:04,571 INFO CSMF2.step_1_1_1.run :: [h] epoch=27 step=150 total=0.13726 batch=0.09823
2026-05-16 18:47:04,571 INFO CSMF2.step_1_1_1.run :: [lat] epoch=27 step=150 mean_l2=0.08118 std_l2=0.32060
2026-05-16 18:47:04,577 INFO CSMF2.step_1_1_1.run :: epoch=27 step=150/429 train_nll=-2294.020
2026-05-16 18:47:06,121 INFO CSMF2.step_1_1_1.run :: [h] epoch=27 step=200 total=0.13639 batch=0.09726
2026-05-16 18:47:06,121 INFO CSMF2.step_1_1_1.run :: [lat] epoch=27 step=200 mean_l2=0.08396 std_l2=0.24402
2026-05-16 18:47:06,128 INFO CSMF2.step_1_1_1.run :: epoch=27 step=200/429 train_nll=-2296.869
2026-05-16 18:47:07,671 INFO CSMF2.step_1_1_1.run :: [h] epoch=27 step=250 total=0.14004 batch=0.09940
2026-05-16 18:47:07,671 INFO CSMF2.step_1_1_1.run :: [lat] epoch=27 step=250 mean_l2=0.08844 std_l2=0.78224
2026-05-16 18:47:07,677 INFO CSMF2.step_1_1_1.run :: epoch=27 step=250/429 train_nll=-2298.159
2026-05-16 18:47:09,260 INFO CSMF2.step_1_1_1.run :: [h] epoch=27 step=300 total=0.13561 batch=0.09714
2026-05-16 18:47:09,260 INFO CSMF2.step_1_1_1.run :: [lat] epoch=27 step=300 mean_l2=0.07193 std_l2=0.46890
2026-05-16 18:47:09,266 INFO CSMF2.step_1_1_1.run :: epoch=27 step=300/429 train_nll=-2299.958
2026-05-16 18:47:10,853 INFO CSMF2.step_1_1_1.run :: [h] epoch=27 step=350 total=0.14177 batch=0.10323
2026-05-16 18:47:10,853 INFO CSMF2.step_1_1_1.run :: [lat] epoch=27 step=350 mean_l2=0.08804 std_l2=6.24433
2026-05-16 18:47:10,859 INFO CSMF2.step_1_1_1.run :: epoch=27 step=350/429 train_nll=-2299.331
2026-05-16 18:47:12,463 INFO CSMF2.step_1_1_1.run :: [h] epoch=27 step=400 total=0.13650 batch=0.09694
2026-05-16 18:47:12,463 INFO CSMF2.step_1_1_1.run :: [lat] epoch=27 step=400 mean_l2=0.09768 std_l2=11.75664
2026-05-16 18:47:12,470 INFO CSMF2.step_1_1_1.run :: epoch=27 step=400/429 train_nll=-2299.032
2026-05-16 18:47:14,392 INFO CSMF2.step_1_1_1.run :: epoch=27  train_nll=-2298.880  val_nll=-2281.354  t=14.7s
2026-05-16 18:47:14,393 INFO CSMF2.step_1_1_1.run :: [h_std] total=0.13724 batch=0.09717 (no penalty)
2026-05-16 18:47:14,393 INFO CSMF2.step_1_1_1.run :: [lat_epoch] mean_l2=0.08447 std_l2=1.23731 lambda=0.100
2026-05-16 18:47:14,393 INFO CSMF2.step_1_1_1.run :: [grad] cond=111.8988 film_gain=0.0000
2026-05-16 18:47:19,445 INFO CSMF2.step_1_1_1.run :: [h] epoch=28 step=50 total=0.13750 batch=0.09686
2026-05-16 18:47:19,445 INFO CSMF2.step_1_1_1.run :: [lat] epoch=28 step=50 mean_l2=0.07759 std_l2=4.84760
2026-05-16 18:47:19,451 INFO CSMF2.step_1_1_1.run :: epoch=28 step=50/429 train_nll=-2305.335
2026-05-16 18:47:21,008 INFO CSMF2.step_1_1_1.run :: [h] epoch=28 step=100 total=0.13547 batch=0.09586
2026-05-16 18:47:21,009 INFO CSMF2.step_1_1_1.run :: [lat] epoch=28 step=100 mean_l2=0.07102 std_l2=0.42861
2026-05-16 18:47:21,015 INFO CSMF2.step_1_1_1.run :: epoch=28 step=100/429 train_nll=-2303.369
2026-05-16 18:47:22,572 INFO CSMF2.step_1_1_1.run :: [h] epoch=28 step=150 total=0.13335 batch=0.09544
2026-05-16 18:47:22,573 INFO CSMF2.step_1_1_1.run :: [lat] epoch=28 step=150 mean_l2=0.07919 std_l2=0.40953
2026-05-16 18:47:22,579 INFO CSMF2.step_1_1_1.run :: epoch=28 step=150/429 train_nll=-2303.330
2026-05-16 18:47:24,136 INFO CSMF2.step_1_1_1.run :: [h] epoch=28 step=200 total=0.13210 batch=0.09435
2026-05-16 18:47:24,137 INFO CSMF2.step_1_1_1.run :: [lat] epoch=28 step=200 mean_l2=0.09603 std_l2=0.25161
2026-05-16 18:47:24,143 INFO CSMF2.step_1_1_1.run :: epoch=28 step=200/429 train_nll=-2305.681
2026-05-16 18:47:25,700 INFO CSMF2.step_1_1_1.run :: [h] epoch=28 step=250 total=0.13572 batch=0.09672
2026-05-16 18:47:25,700 INFO CSMF2.step_1_1_1.run :: [lat] epoch=28 step=250 mean_l2=0.08075 std_l2=0.80639
2026-05-16 18:47:25,706 INFO CSMF2.step_1_1_1.run :: epoch=28 step=250/429 train_nll=-2306.171
2026-05-16 18:47:27,299 INFO CSMF2.step_1_1_1.run :: [h] epoch=28 step=300 total=0.13291 batch=0.09568
2026-05-16 18:47:27,299 INFO CSMF2.step_1_1_1.run :: [lat] epoch=28 step=300 mean_l2=0.08803 std_l2=0.27982
2026-05-16 18:47:27,306 INFO CSMF2.step_1_1_1.run :: epoch=28 step=300/429 train_nll=-2307.813
2026-05-16 18:47:28,903 INFO CSMF2.step_1_1_1.run :: [h] epoch=28 step=350 total=0.13576 batch=0.09855
2026-05-16 18:47:28,904 INFO CSMF2.step_1_1_1.run :: [lat] epoch=28 step=350 mean_l2=0.09297 std_l2=6.30016
2026-05-16 18:47:28,910 INFO CSMF2.step_1_1_1.run :: epoch=28 step=350/429 train_nll=-2307.124
2026-05-16 18:47:30,510 INFO CSMF2.step_1_1_1.run :: [h] epoch=28 step=400 total=0.13364 batch=0.09559
2026-05-16 18:47:30,510 INFO CSMF2.step_1_1_1.run :: [lat] epoch=28 step=400 mean_l2=0.09693 std_l2=12.19079
2026-05-16 18:47:30,516 INFO CSMF2.step_1_1_1.run :: epoch=28 step=400/429 train_nll=-2306.641
2026-05-16 18:47:32,443 INFO CSMF2.step_1_1_1.run :: epoch=28  train_nll=-2304.461  val_nll=-2271.334  t=14.8s
2026-05-16 18:47:32,443 INFO CSMF2.step_1_1_1.run :: [h_std] total=0.13371 batch=0.09482 (no penalty)
2026-05-16 18:47:32,443 INFO CSMF2.step_1_1_1.run :: [lat_epoch] mean_l2=0.08687 std_l2=1.27949 lambda=0.100
2026-05-16 18:47:32,443 INFO CSMF2.step_1_1_1.run :: [grad] cond=169.6612 film_gain=0.0000
2026-05-16 18:47:37,153 INFO CSMF2.step_1_1_1.run :: [h] epoch=29 step=50 total=0.13249 batch=0.09376
2026-05-16 18:47:37,153 INFO CSMF2.step_1_1_1.run :: [lat] epoch=29 step=50 mean_l2=0.08212 std_l2=4.82228
2026-05-16 18:47:37,159 INFO CSMF2.step_1_1_1.run :: epoch=29 step=50/429 train_nll=-2307.449
2026-05-16 18:47:38,705 INFO CSMF2.step_1_1_1.run :: [h] epoch=29 step=100 total=0.13108 batch=0.09341
2026-05-16 18:47:38,706 INFO CSMF2.step_1_1_1.run :: [lat] epoch=29 step=100 mean_l2=0.09305 std_l2=0.45287
2026-05-16 18:47:38,712 INFO CSMF2.step_1_1_1.run :: epoch=29 step=100/429 train_nll=-2303.916
2026-05-16 18:47:40,259 INFO CSMF2.step_1_1_1.run :: [h] epoch=29 step=150 total=0.12927 batch=0.09205
2026-05-16 18:47:40,259 INFO CSMF2.step_1_1_1.run :: [lat] epoch=29 step=150 mean_l2=0.08722 std_l2=0.32090
2026-05-16 18:47:40,265 INFO CSMF2.step_1_1_1.run :: epoch=29 step=150/429 train_nll=-2304.219
2026-05-16 18:47:41,814 INFO CSMF2.step_1_1_1.run :: [h] epoch=29 step=200 total=0.12946 batch=0.09240
2026-05-16 18:47:41,814 INFO CSMF2.step_1_1_1.run :: [lat] epoch=29 step=200 mean_l2=0.08913 std_l2=0.21902
2026-05-16 18:47:41,820 INFO CSMF2.step_1_1_1.run :: epoch=29 step=200/429 train_nll=-2308.094
2026-05-16 18:47:43,369 INFO CSMF2.step_1_1_1.run :: [h] epoch=29 step=250 total=0.13177 batch=0.09491
2026-05-16 18:47:43,369 INFO CSMF2.step_1_1_1.run :: [lat] epoch=29 step=250 mean_l2=0.08021 std_l2=0.73764
2026-05-16 18:47:43,375 INFO CSMF2.step_1_1_1.run :: epoch=29 step=250/429 train_nll=-2309.985
2026-05-16 18:47:44,964 INFO CSMF2.step_1_1_1.run :: [h] epoch=29 step=300 total=0.13009 batch=0.09440
2026-05-16 18:47:44,965 INFO CSMF2.step_1_1_1.run :: [lat] epoch=29 step=300 mean_l2=0.07677 std_l2=0.24739
2026-05-16 18:47:44,971 INFO CSMF2.step_1_1_1.run :: epoch=29 step=300/429 train_nll=-2312.392
2026-05-16 18:47:46,560 INFO CSMF2.step_1_1_1.run :: [h] epoch=29 step=350 total=0.13511 batch=0.09967
2026-05-16 18:47:46,560 INFO CSMF2.step_1_1_1.run :: [lat] epoch=29 step=350 mean_l2=0.08166 std_l2=6.41987
2026-05-16 18:47:46,566 INFO CSMF2.step_1_1_1.run :: epoch=29 step=350/429 train_nll=-2312.030
2026-05-16 18:47:48,156 INFO CSMF2.step_1_1_1.run :: [h] epoch=29 step=400 total=0.12960 batch=0.09215
2026-05-16 18:47:48,157 INFO CSMF2.step_1_1_1.run :: [lat] epoch=29 step=400 mean_l2=0.08454 std_l2=11.58899
2026-05-16 18:47:48,163 INFO CSMF2.step_1_1_1.run :: epoch=29 step=400/429 train_nll=-2311.950
2026-05-16 18:47:50,076 INFO CSMF2.step_1_1_1.run :: epoch=29  train_nll=-2311.064  val_nll=-2287.247  t=14.5s
2026-05-16 18:47:50,076 INFO CSMF2.step_1_1_1.run :: [h_std] total=0.13015 batch=0.09270 (no penalty)
2026-05-16 18:47:50,076 INFO CSMF2.step_1_1_1.run :: [lat_epoch] mean_l2=0.08491 std_l2=1.36052 lambda=0.100
2026-05-16 18:47:50,076 INFO CSMF2.step_1_1_1.run :: [grad] cond=154.6714 film_gain=0.0000
2026-05-16 18:47:54,931 INFO CSMF2.step_1_1_1.run :: [h] epoch=30 step=50 total=0.13083 batch=0.09269
2026-05-16 18:47:54,931 INFO CSMF2.step_1_1_1.run :: [lat] epoch=30 step=50 mean_l2=0.11789 std_l2=4.83866
2026-05-16 18:47:54,938 INFO CSMF2.step_1_1_1.run :: epoch=30 step=50/429 train_nll=-2306.116
2026-05-16 18:47:56,497 INFO CSMF2.step_1_1_1.run :: [h] epoch=30 step=100 total=0.12798 batch=0.09167
2026-05-16 18:47:56,497 INFO CSMF2.step_1_1_1.run :: [lat] epoch=30 step=100 mean_l2=0.08378 std_l2=0.49391
2026-05-16 18:47:56,503 INFO CSMF2.step_1_1_1.run :: epoch=30 step=100/429 train_nll=-2304.114
2026-05-16 18:47:58,062 INFO CSMF2.step_1_1_1.run :: [h] epoch=30 step=150 total=0.12633 batch=0.09055
2026-05-16 18:47:58,062 INFO CSMF2.step_1_1_1.run :: [lat] epoch=30 step=150 mean_l2=0.08272 std_l2=0.33313
2026-05-16 18:47:58,068 INFO CSMF2.step_1_1_1.run :: epoch=30 step=150/429 train_nll=-2305.782
2026-05-16 18:47:59,627 INFO CSMF2.step_1_1_1.run :: [h] epoch=30 step=200 total=0.12478 batch=0.08974
2026-05-16 18:47:59,627 INFO CSMF2.step_1_1_1.run :: [lat] epoch=30 step=200 mean_l2=0.09437 std_l2=0.23383
2026-05-16 18:47:59,633 INFO CSMF2.step_1_1_1.run :: epoch=30 step=200/429 train_nll=-2309.878
2026-05-16 18:48:01,191 INFO CSMF2.step_1_1_1.run :: [h] epoch=30 step=250 total=0.12773 batch=0.09114
2026-05-16 18:48:01,192 INFO CSMF2.step_1_1_1.run :: [lat] epoch=30 step=250 mean_l2=0.07457 std_l2=0.86601
2026-05-16 18:48:01,198 INFO CSMF2.step_1_1_1.run :: epoch=30 step=250/429 train_nll=-2311.795
2026-05-16 18:48:02,791 INFO CSMF2.step_1_1_1.run :: [h] epoch=30 step=300 total=0.12583 batch=0.09036
2026-05-16 18:48:02,792 INFO CSMF2.step_1_1_1.run :: [lat] epoch=30 step=300 mean_l2=0.07906 std_l2=0.25244
2026-05-16 18:48:02,798 INFO CSMF2.step_1_1_1.run :: epoch=30 step=300/429 train_nll=-2314.770
2026-05-16 18:48:04,398 INFO CSMF2.step_1_1_1.run :: [h] epoch=30 step=350 total=0.13122 batch=0.09552
2026-05-16 18:48:04,398 INFO CSMF2.step_1_1_1.run :: [lat] epoch=30 step=350 mean_l2=0.08310 std_l2=6.74930
2026-05-16 18:48:04,404 INFO CSMF2.step_1_1_1.run :: epoch=30 step=350/429 train_nll=-2314.475
2026-05-16 18:48:06,003 INFO CSMF2.step_1_1_1.run :: [h] epoch=30 step=400 total=0.12589 batch=0.09054
2026-05-16 18:48:06,003 INFO CSMF2.step_1_1_1.run :: [lat] epoch=30 step=400 mean_l2=0.10434 std_l2=10.89571
2026-05-16 18:48:06,010 INFO CSMF2.step_1_1_1.run :: epoch=30 step=400/429 train_nll=-2314.650
2026-05-16 18:48:07,935 INFO CSMF2.step_1_1_1.run :: epoch=30  train_nll=-2314.442  val_nll=-2299.427  t=14.6s
2026-05-16 18:48:07,935 INFO CSMF2.step_1_1_1.run :: [h_std] total=0.12690 batch=0.09016 (no penalty)
2026-05-16 18:48:07,935 INFO CSMF2.step_1_1_1.run :: [lat_epoch] mean_l2=0.08607 std_l2=1.35979 lambda=0.100
2026-05-16 18:48:07,935 INFO CSMF2.step_1_1_1.run :: [grad] cond=174.1886 film_gain=0.0000
2026-05-16 18:48:12,678 INFO CSMF2.step_1_1_1.run :: [h] epoch=31 step=50 total=0.12724 batch=0.09055
2026-05-16 18:48:12,678 INFO CSMF2.step_1_1_1.run :: [lat] epoch=31 step=50 mean_l2=0.09283 std_l2=4.87552
2026-05-16 18:48:12,685 INFO CSMF2.step_1_1_1.run :: epoch=31 step=50/429 train_nll=-2319.924
2026-05-16 18:48:14,254 INFO CSMF2.step_1_1_1.run :: [h] epoch=31 step=100 total=0.12551 batch=0.08989
2026-05-16 18:48:14,255 INFO CSMF2.step_1_1_1.run :: [lat] epoch=31 step=100 mean_l2=0.10126 std_l2=0.49215
2026-05-16 18:48:14,261 INFO CSMF2.step_1_1_1.run :: epoch=31 step=100/429 train_nll=-2315.310
2026-05-16 18:48:15,830 INFO CSMF2.step_1_1_1.run :: [h] epoch=31 step=150 total=0.12371 batch=0.08927
2026-05-16 18:48:15,830 INFO CSMF2.step_1_1_1.run :: [lat] epoch=31 step=150 mean_l2=0.07247 std_l2=0.32478
2026-05-16 18:48:15,836 INFO CSMF2.step_1_1_1.run :: epoch=31 step=150/429 train_nll=-2316.625
2026-05-16 18:48:17,406 INFO CSMF2.step_1_1_1.run :: [h] epoch=31 step=200 total=0.12360 batch=0.08899
2026-05-16 18:48:17,406 INFO CSMF2.step_1_1_1.run :: [lat] epoch=31 step=200 mean_l2=0.08467 std_l2=0.23756
2026-05-16 18:48:17,412 INFO CSMF2.step_1_1_1.run :: epoch=31 step=200/429 train_nll=-2322.188
2026-05-16 18:48:18,992 INFO CSMF2.step_1_1_1.run :: [h] epoch=31 step=250 total=0.12906 batch=0.09304
2026-05-16 18:48:18,992 INFO CSMF2.step_1_1_1.run :: [lat] epoch=31 step=250 mean_l2=0.08610 std_l2=0.93499
2026-05-16 18:48:18,998 INFO CSMF2.step_1_1_1.run :: epoch=31 step=250/429 train_nll=-2324.709
2026-05-16 18:48:20,615 INFO CSMF2.step_1_1_1.run :: [h] epoch=31 step=300 total=0.12433 batch=0.08963
2026-05-16 18:48:20,616 INFO CSMF2.step_1_1_1.run :: [lat] epoch=31 step=300 mean_l2=0.07583 std_l2=0.20468
2026-05-16 18:48:20,622 INFO CSMF2.step_1_1_1.run :: epoch=31 step=300/429 train_nll=-2327.089
2026-05-16 18:48:22,239 INFO CSMF2.step_1_1_1.run :: [h] epoch=31 step=350 total=0.12859 batch=0.09379
2026-05-16 18:48:22,239 INFO CSMF2.step_1_1_1.run :: [lat] epoch=31 step=350 mean_l2=0.10195 std_l2=6.62762
2026-05-16 18:48:22,245 INFO CSMF2.step_1_1_1.run :: epoch=31 step=350/429 train_nll=-2326.570
2026-05-16 18:48:23,862 INFO CSMF2.step_1_1_1.run :: [h] epoch=31 step=400 total=0.12591 batch=0.09118
2026-05-16 18:48:23,862 INFO CSMF2.step_1_1_1.run :: [lat] epoch=31 step=400 mean_l2=0.10185 std_l2=11.84167
2026-05-16 18:48:23,869 INFO CSMF2.step_1_1_1.run :: epoch=31 step=400/429 train_nll=-2325.380
2026-05-16 18:48:25,818 INFO CSMF2.step_1_1_1.run :: epoch=31  train_nll=-2324.906  val_nll=-2304.258  t=14.8s
2026-05-16 18:48:25,818 INFO CSMF2.step_1_1_1.run :: [h_std] total=0.12437 batch=0.08868 (no penalty)
2026-05-16 18:48:25,818 INFO CSMF2.step_1_1_1.run :: [lat_epoch] mean_l2=0.08420 std_l2=1.30839 lambda=0.100
2026-05-16 18:48:25,819 INFO CSMF2.step_1_1_1.run :: [grad] cond=142.6213 film_gain=0.0000
2026-05-16 18:48:30,704 INFO CSMF2.step_1_1_1.run :: [h] epoch=32 step=50 total=0.12494 batch=0.08886
2026-05-16 18:48:30,704 INFO CSMF2.step_1_1_1.run :: [lat] epoch=32 step=50 mean_l2=0.10924 std_l2=5.89742
2026-05-16 18:48:30,711 INFO CSMF2.step_1_1_1.run :: epoch=32 step=50/429 train_nll=-2322.520
2026-05-16 18:48:32,263 INFO CSMF2.step_1_1_1.run :: [h] epoch=32 step=100 total=0.12267 batch=0.08786
2026-05-16 18:48:32,263 INFO CSMF2.step_1_1_1.run :: [lat] epoch=32 step=100 mean_l2=0.09090 std_l2=0.50782
2026-05-16 18:48:32,270 INFO CSMF2.step_1_1_1.run :: epoch=32 step=100/429 train_nll=-2321.357
2026-05-16 18:48:33,822 INFO CSMF2.step_1_1_1.run :: [h] epoch=32 step=150 total=0.12229 batch=0.08826
2026-05-16 18:48:33,822 INFO CSMF2.step_1_1_1.run :: [lat] epoch=32 step=150 mean_l2=0.07993 std_l2=0.29673
2026-05-16 18:48:33,828 INFO CSMF2.step_1_1_1.run :: epoch=32 step=150/429 train_nll=-2322.369
2026-05-16 18:48:35,411 INFO CSMF2.step_1_1_1.run :: [h] epoch=32 step=200 total=0.12102 batch=0.08667
2026-05-16 18:48:35,411 INFO CSMF2.step_1_1_1.run :: [lat] epoch=32 step=200 mean_l2=0.08347 std_l2=0.26138
2026-05-16 18:48:35,418 INFO CSMF2.step_1_1_1.run :: epoch=32 step=200/429 train_nll=-2326.658
2026-05-16 18:48:36,972 INFO CSMF2.step_1_1_1.run :: [h] epoch=32 step=250 total=0.12293 batch=0.08783
2026-05-16 18:48:36,972 INFO CSMF2.step_1_1_1.run :: [lat] epoch=32 step=250 mean_l2=0.07292 std_l2=0.79876
2026-05-16 18:48:36,978 INFO CSMF2.step_1_1_1.run :: epoch=32 step=250/429 train_nll=-2329.198
2026-05-16 18:48:38,574 INFO CSMF2.step_1_1_1.run :: [h] epoch=32 step=300 total=0.12136 batch=0.08753
2026-05-16 18:48:38,574 INFO CSMF2.step_1_1_1.run :: [lat] epoch=32 step=300 mean_l2=0.08058 std_l2=0.18736
2026-05-16 18:48:38,581 INFO CSMF2.step_1_1_1.run :: epoch=32 step=300/429 train_nll=-2331.355
2026-05-16 18:48:40,235 INFO CSMF2.step_1_1_1.run :: [h] epoch=32 step=350 total=0.12608 batch=0.09190
2026-05-16 18:48:40,236 INFO CSMF2.step_1_1_1.run :: [lat] epoch=32 step=350 mean_l2=0.08598 std_l2=6.71822
2026-05-16 18:48:40,242 INFO CSMF2.step_1_1_1.run :: epoch=32 step=350/429 train_nll=-2331.048
2026-05-16 18:48:41,838 INFO CSMF2.step_1_1_1.run :: [h] epoch=32 step=400 total=0.12345 batch=0.08959
2026-05-16 18:48:41,838 INFO CSMF2.step_1_1_1.run :: [lat] epoch=32 step=400 mean_l2=0.08740 std_l2=12.03308
2026-05-16 18:48:41,844 INFO CSMF2.step_1_1_1.run :: epoch=32 step=400/429 train_nll=-2330.839
2026-05-16 18:48:43,764 INFO CSMF2.step_1_1_1.run :: epoch=32  train_nll=-2330.954  val_nll=-2312.412  t=14.7s
2026-05-16 18:48:43,764 INFO CSMF2.step_1_1_1.run :: [h_std] total=0.12223 batch=0.08725 (no penalty)
2026-05-16 18:48:43,764 INFO CSMF2.step_1_1_1.run :: [lat_epoch] mean_l2=0.08512 std_l2=1.29289 lambda=0.100
2026-05-16 18:48:43,764 INFO CSMF2.step_1_1_1.run :: [grad] cond=108.0313 film_gain=0.0000
2026-05-16 18:48:48,488 INFO CSMF2.step_1_1_1.run :: [h] epoch=33 step=50 total=0.12132 batch=0.08639
2026-05-16 18:48:48,488 INFO CSMF2.step_1_1_1.run :: [lat] epoch=33 step=50 mean_l2=0.08066 std_l2=5.32514
2026-05-16 18:48:48,495 INFO CSMF2.step_1_1_1.run :: epoch=33 step=50/429 train_nll=-2338.712
2026-05-16 18:48:50,375 INFO CSMF2.step_1_1_1.run :: [h] epoch=33 step=100 total=0.12192 batch=0.08712
2026-05-16 18:48:50,375 INFO CSMF2.step_1_1_1.run :: [lat] epoch=33 step=100 mean_l2=0.07757 std_l2=0.51336
2026-05-16 18:48:50,384 INFO CSMF2.step_1_1_1.run :: epoch=33 step=100/429 train_nll=-2334.108
2026-05-16 18:48:52,191 INFO CSMF2.step_1_1_1.run :: [h] epoch=33 step=150 total=0.11919 batch=0.08603
2026-05-16 18:48:52,192 INFO CSMF2.step_1_1_1.run :: [lat] epoch=33 step=150 mean_l2=0.07846 std_l2=0.33953
2026-05-16 18:48:52,198 INFO CSMF2.step_1_1_1.run :: epoch=33 step=150/429 train_nll=-2332.845
2026-05-16 18:48:53,756 INFO CSMF2.step_1_1_1.run :: [h] epoch=33 step=200 total=0.11948 batch=0.08613
2026-05-16 18:48:53,756 INFO CSMF2.step_1_1_1.run :: [lat] epoch=33 step=200 mean_l2=0.07383 std_l2=0.24718
2026-05-16 18:48:53,763 INFO CSMF2.step_1_1_1.run :: epoch=33 step=200/429 train_nll=-2336.494
2026-05-16 18:48:55,382 INFO CSMF2.step_1_1_1.run :: [h] epoch=33 step=250 total=0.12164 batch=0.08677
2026-05-16 18:48:55,382 INFO CSMF2.step_1_1_1.run :: [lat] epoch=33 step=250 mean_l2=0.08931 std_l2=0.84684
2026-05-16 18:48:55,389 INFO CSMF2.step_1_1_1.run :: epoch=33 step=250/429 train_nll=-2337.302
2026-05-16 18:48:56,990 INFO CSMF2.step_1_1_1.run :: [h] epoch=33 step=300 total=0.11974 batch=0.08654
2026-05-16 18:48:56,991 INFO CSMF2.step_1_1_1.run :: [lat] epoch=33 step=300 mean_l2=0.08546 std_l2=0.19208
2026-05-16 18:48:56,997 INFO CSMF2.step_1_1_1.run :: epoch=33 step=300/429 train_nll=-2337.332
2026-05-16 18:48:58,630 INFO CSMF2.step_1_1_1.run :: [h] epoch=33 step=350 total=0.12351 batch=0.09016
2026-05-16 18:48:58,630 INFO CSMF2.step_1_1_1.run :: [lat] epoch=33 step=350 mean_l2=0.07896 std_l2=6.61204
2026-05-16 18:48:58,637 INFO CSMF2.step_1_1_1.run :: epoch=33 step=350/429 train_nll=-2336.466
2026-05-16 18:49:00,377 INFO CSMF2.step_1_1_1.run :: [h] epoch=33 step=400 total=0.12110 batch=0.08738
2026-05-16 18:49:00,378 INFO CSMF2.step_1_1_1.run :: [lat] epoch=33 step=400 mean_l2=0.09745 std_l2=11.89568
2026-05-16 18:49:00,384 INFO CSMF2.step_1_1_1.run :: epoch=33 step=400/429 train_nll=-2335.527
2026-05-16 18:49:02,345 INFO CSMF2.step_1_1_1.run :: epoch=33  train_nll=-2334.680  val_nll=-2312.971  t=15.5s
2026-05-16 18:49:02,345 INFO CSMF2.step_1_1_1.run :: [h_std] total=0.12011 batch=0.08584 (no penalty)
2026-05-16 18:49:02,345 INFO CSMF2.step_1_1_1.run :: [lat_epoch] mean_l2=0.08514 std_l2=1.33277 lambda=0.100
2026-05-16 18:49:02,345 INFO CSMF2.step_1_1_1.run :: [grad] cond=217.1684 film_gain=0.0000
2026-05-16 18:49:07,063 INFO CSMF2.step_1_1_1.run :: [h] epoch=34 step=50 total=0.11832 batch=0.08387
2026-05-16 18:49:07,064 INFO CSMF2.step_1_1_1.run :: [lat] epoch=34 step=50 mean_l2=0.10872 std_l2=5.34903
2026-05-16 18:49:07,070 INFO CSMF2.step_1_1_1.run :: epoch=34 step=50/429 train_nll=-2337.001
2026-05-16 18:49:08,641 INFO CSMF2.step_1_1_1.run :: [h] epoch=34 step=100 total=0.11864 batch=0.08528
2026-05-16 18:49:08,641 INFO CSMF2.step_1_1_1.run :: [lat] epoch=34 step=100 mean_l2=0.08581 std_l2=0.48655
2026-05-16 18:49:08,647 INFO CSMF2.step_1_1_1.run :: epoch=34 step=100/429 train_nll=-2333.928
2026-05-16 18:49:10,218 INFO CSMF2.step_1_1_1.run :: [h] epoch=34 step=150 total=0.11518 batch=0.08279
2026-05-16 18:49:10,219 INFO CSMF2.step_1_1_1.run :: [lat] epoch=34 step=150 mean_l2=0.07753 std_l2=0.33862
2026-05-16 18:49:10,225 INFO CSMF2.step_1_1_1.run :: epoch=34 step=150/429 train_nll=-2333.637
2026-05-16 18:49:11,796 INFO CSMF2.step_1_1_1.run :: [h] epoch=34 step=200 total=0.11463 batch=0.08142
2026-05-16 18:49:11,796 INFO CSMF2.step_1_1_1.run :: [lat] epoch=34 step=200 mean_l2=0.09982 std_l2=0.21554
2026-05-16 18:49:11,803 INFO CSMF2.step_1_1_1.run :: epoch=34 step=200/429 train_nll=-2337.068
2026-05-16 18:49:13,383 INFO CSMF2.step_1_1_1.run :: [h] epoch=34 step=250 total=0.12172 batch=0.08766
2026-05-16 18:49:13,383 INFO CSMF2.step_1_1_1.run :: [lat] epoch=34 step=250 mean_l2=0.07442 std_l2=0.75254
2026-05-16 18:49:13,390 INFO CSMF2.step_1_1_1.run :: epoch=34 step=250/429 train_nll=-2339.044
2026-05-16 18:49:15,211 INFO CSMF2.step_1_1_1.run :: [h] epoch=34 step=300 total=0.11567 batch=0.08275
2026-05-16 18:49:15,211 INFO CSMF2.step_1_1_1.run :: [lat] epoch=34 step=300 mean_l2=0.08108 std_l2=0.22032
2026-05-16 18:49:15,217 INFO CSMF2.step_1_1_1.run :: epoch=34 step=300/429 train_nll=-2340.503
2026-05-16 18:49:16,830 INFO CSMF2.step_1_1_1.run :: [h] epoch=34 step=350 total=0.12197 batch=0.08762
2026-05-16 18:49:16,831 INFO CSMF2.step_1_1_1.run :: [lat] epoch=34 step=350 mean_l2=0.10150 std_l2=6.79965
2026-05-16 18:49:16,837 INFO CSMF2.step_1_1_1.run :: epoch=34 step=350/429 train_nll=-2339.856
2026-05-16 18:49:18,480 INFO CSMF2.step_1_1_1.run :: [h] epoch=34 step=400 total=0.11868 batch=0.08472
2026-05-16 18:49:18,481 INFO CSMF2.step_1_1_1.run :: [lat] epoch=34 step=400 mean_l2=0.08720 std_l2=11.42539
2026-05-16 18:49:18,487 INFO CSMF2.step_1_1_1.run :: epoch=34 step=400/429 train_nll=-2339.500
2026-05-16 18:49:20,432 INFO CSMF2.step_1_1_1.run :: epoch=34  train_nll=-2339.044  val_nll=-2309.979  t=15.0s
2026-05-16 18:49:20,432 INFO CSMF2.step_1_1_1.run :: [h_std] total=0.11724 batch=0.08319 (no penalty)
2026-05-16 18:49:20,432 INFO CSMF2.step_1_1_1.run :: [lat_epoch] mean_l2=0.08643 std_l2=1.38233 lambda=0.100
2026-05-16 18:49:20,433 INFO CSMF2.step_1_1_1.run :: [grad] cond=136.3947 film_gain=0.0000
2026-05-16 18:49:26,303 INFO CSMF2.step_1_1_1.run :: [h] epoch=35 step=50 total=0.11802 batch=0.08277
2026-05-16 18:49:26,303 INFO CSMF2.step_1_1_1.run :: [lat] epoch=35 step=50 mean_l2=0.08776 std_l2=5.48508
2026-05-16 18:49:26,312 INFO CSMF2.step_1_1_1.run :: epoch=35 step=50/429 train_nll=-2344.845
2026-05-16 18:49:28,603 INFO CSMF2.step_1_1_1.run :: [h] epoch=35 step=100 total=0.11783 batch=0.08410
2026-05-16 18:49:28,603 INFO CSMF2.step_1_1_1.run :: [lat] epoch=35 step=100 mean_l2=0.08718 std_l2=0.52229
2026-05-16 18:49:28,610 INFO CSMF2.step_1_1_1.run :: epoch=35 step=100/429 train_nll=-2341.272
2026-05-16 18:49:30,182 INFO CSMF2.step_1_1_1.run :: [h] epoch=35 step=150 total=0.11397 batch=0.08139
2026-05-16 18:49:30,183 INFO CSMF2.step_1_1_1.run :: [lat] epoch=35 step=150 mean_l2=0.08038 std_l2=0.27109
2026-05-16 18:49:30,189 INFO CSMF2.step_1_1_1.run :: epoch=35 step=150/429 train_nll=-2341.277
2026-05-16 18:49:31,778 INFO CSMF2.step_1_1_1.run :: [h] epoch=35 step=200 total=0.11452 batch=0.08154
2026-05-16 18:49:31,778 INFO CSMF2.step_1_1_1.run :: [lat] epoch=35 step=200 mean_l2=0.07710 std_l2=0.20872
2026-05-16 18:49:31,784 INFO CSMF2.step_1_1_1.run :: epoch=35 step=200/429 train_nll=-2345.026
2026-05-16 18:49:33,357 INFO CSMF2.step_1_1_1.run :: [h] epoch=35 step=250 total=0.11745 batch=0.08363
2026-05-16 18:49:33,357 INFO CSMF2.step_1_1_1.run :: [lat] epoch=35 step=250 mean_l2=0.09406 std_l2=0.78337
2026-05-16 18:49:33,363 INFO CSMF2.step_1_1_1.run :: epoch=35 step=250/429 train_nll=-2346.676
2026-05-16 18:49:34,969 INFO CSMF2.step_1_1_1.run :: [h] epoch=35 step=300 total=0.11484 batch=0.08233
2026-05-16 18:49:34,969 INFO CSMF2.step_1_1_1.run :: [lat] epoch=35 step=300 mean_l2=0.06741 std_l2=0.18710
2026-05-16 18:49:34,975 INFO CSMF2.step_1_1_1.run :: epoch=35 step=300/429 train_nll=-2348.395
2026-05-16 18:49:36,595 INFO CSMF2.step_1_1_1.run :: [h] epoch=35 step=350 total=0.12047 batch=0.08718
2026-05-16 18:49:36,595 INFO CSMF2.step_1_1_1.run :: [lat] epoch=35 step=350 mean_l2=0.09403 std_l2=6.62733
2026-05-16 18:49:36,601 INFO CSMF2.step_1_1_1.run :: epoch=35 step=350/429 train_nll=-2347.828
2026-05-16 18:49:38,220 INFO CSMF2.step_1_1_1.run :: [h] epoch=35 step=400 total=0.11594 batch=0.08299
2026-05-16 18:49:38,221 INFO CSMF2.step_1_1_1.run :: [lat] epoch=35 step=400 mean_l2=0.08508 std_l2=10.69077
2026-05-16 18:49:38,227 INFO CSMF2.step_1_1_1.run :: epoch=35 step=400/429 train_nll=-2347.546
2026-05-16 18:49:40,175 INFO CSMF2.step_1_1_1.run :: epoch=35  train_nll=-2347.523  val_nll=-2326.700  t=16.5s
2026-05-16 18:49:40,175 INFO CSMF2.step_1_1_1.run :: [h_std] total=0.11595 batch=0.08226 (no penalty)
2026-05-16 18:49:40,175 INFO CSMF2.step_1_1_1.run :: [lat_epoch] mean_l2=0.08286 std_l2=1.32434 lambda=0.100
2026-05-16 18:49:40,175 INFO CSMF2.step_1_1_1.run :: [grad] cond=121.8959 film_gain=0.0000
2026-05-16 18:49:45,095 INFO CSMF2.step_1_1_1.run :: [h] epoch=36 step=50 total=0.11585 batch=0.08170
2026-05-16 18:49:45,095 INFO CSMF2.step_1_1_1.run :: [lat] epoch=36 step=50 mean_l2=0.07879 std_l2=4.69682
2026-05-16 18:49:45,101 INFO CSMF2.step_1_1_1.run :: epoch=36 step=50/429 train_nll=-2351.818
2026-05-16 18:49:46,626 INFO CSMF2.step_1_1_1.run :: [h] epoch=36 step=100 total=0.11379 batch=0.08137
2026-05-16 18:49:46,627 INFO CSMF2.step_1_1_1.run :: [lat] epoch=36 step=100 mean_l2=0.08982 std_l2=0.55588
2026-05-16 18:49:46,633 INFO CSMF2.step_1_1_1.run :: epoch=36 step=100/429 train_nll=-2342.812
2026-05-16 18:49:48,158 INFO CSMF2.step_1_1_1.run :: [h] epoch=36 step=150 total=0.11250 batch=0.08073
2026-05-16 18:49:48,158 INFO CSMF2.step_1_1_1.run :: [lat] epoch=36 step=150 mean_l2=0.06470 std_l2=0.28663
2026-05-16 18:49:48,164 INFO CSMF2.step_1_1_1.run :: epoch=36 step=150/429 train_nll=-2342.246
2026-05-16 18:49:49,701 INFO CSMF2.step_1_1_1.run :: [h] epoch=36 step=200 total=0.11266 batch=0.08050
2026-05-16 18:49:49,701 INFO CSMF2.step_1_1_1.run :: [lat] epoch=36 step=200 mean_l2=0.08220 std_l2=0.25112
2026-05-16 18:49:49,708 INFO CSMF2.step_1_1_1.run :: epoch=36 step=200/429 train_nll=-2347.347
2026-05-16 18:49:51,273 INFO CSMF2.step_1_1_1.run :: [h] epoch=36 step=250 total=0.11477 batch=0.08117
2026-05-16 18:49:51,273 INFO CSMF2.step_1_1_1.run :: [lat] epoch=36 step=250 mean_l2=0.07705 std_l2=0.86900
2026-05-16 18:49:51,280 INFO CSMF2.step_1_1_1.run :: epoch=36 step=250/429 train_nll=-2348.769
2026-05-16 18:49:52,870 INFO CSMF2.step_1_1_1.run :: [h] epoch=36 step=300 total=0.11346 batch=0.08153
2026-05-16 18:49:52,870 INFO CSMF2.step_1_1_1.run :: [lat] epoch=36 step=300 mean_l2=0.08049 std_l2=0.16816
2026-05-16 18:49:52,877 INFO CSMF2.step_1_1_1.run :: epoch=36 step=300/429 train_nll=-2349.835
2026-05-16 18:49:54,470 INFO CSMF2.step_1_1_1.run :: [h] epoch=36 step=350 total=0.11807 batch=0.08600
2026-05-16 18:49:54,471 INFO CSMF2.step_1_1_1.run :: [lat] epoch=36 step=350 mean_l2=0.09427 std_l2=6.71215
2026-05-16 18:49:54,478 INFO CSMF2.step_1_1_1.run :: epoch=36 step=350/429 train_nll=-2349.154
2026-05-16 18:49:56,233 INFO CSMF2.step_1_1_1.run :: [h] epoch=36 step=400 total=0.11431 batch=0.08213
2026-05-16 18:49:56,233 INFO CSMF2.step_1_1_1.run :: [lat] epoch=36 step=400 mean_l2=0.09263 std_l2=11.22685
2026-05-16 18:49:56,239 INFO CSMF2.step_1_1_1.run :: epoch=36 step=400/429 train_nll=-2349.474
2026-05-16 18:49:58,144 INFO CSMF2.step_1_1_1.run :: epoch=36  train_nll=-2349.477  val_nll=-2328.460  t=14.8s
2026-05-16 18:49:58,144 INFO CSMF2.step_1_1_1.run :: [h_std] total=0.11361 batch=0.08063 (no penalty)
2026-05-16 18:49:58,144 INFO CSMF2.step_1_1_1.run :: [lat_epoch] mean_l2=0.08348 std_l2=1.36779 lambda=0.100
2026-05-16 18:49:58,144 INFO CSMF2.step_1_1_1.run :: [grad] cond=114.2080 film_gain=0.0000
2026-05-16 18:50:02,995 INFO CSMF2.step_1_1_1.run :: [h] epoch=37 step=50 total=0.11580 batch=0.08134
2026-05-16 18:50:02,995 INFO CSMF2.step_1_1_1.run :: [lat] epoch=37 step=50 mean_l2=0.08596 std_l2=4.95651
2026-05-16 18:50:03,001 INFO CSMF2.step_1_1_1.run :: epoch=37 step=50/429 train_nll=-2356.525
2026-05-16 18:50:04,538 INFO CSMF2.step_1_1_1.run :: [h] epoch=37 step=100 total=0.11347 batch=0.08107
2026-05-16 18:50:04,538 INFO CSMF2.step_1_1_1.run :: [lat] epoch=37 step=100 mean_l2=0.07620 std_l2=0.90783
2026-05-16 18:50:04,544 INFO CSMF2.step_1_1_1.run :: epoch=37 step=100/429 train_nll=-2351.836
2026-05-16 18:50:06,081 INFO CSMF2.step_1_1_1.run :: [h] epoch=37 step=150 total=0.10986 batch=0.07830
2026-05-16 18:50:06,081 INFO CSMF2.step_1_1_1.run :: [lat] epoch=37 step=150 mean_l2=0.08772 std_l2=0.33673
2026-05-16 18:50:06,087 INFO CSMF2.step_1_1_1.run :: epoch=37 step=150/429 train_nll=-2348.307
2026-05-16 18:50:07,624 INFO CSMF2.step_1_1_1.run :: [h] epoch=37 step=200 total=0.11031 batch=0.07817
2026-05-16 18:50:07,624 INFO CSMF2.step_1_1_1.run :: [lat] epoch=37 step=200 mean_l2=0.07760 std_l2=0.22567
2026-05-16 18:50:07,630 INFO CSMF2.step_1_1_1.run :: epoch=37 step=200/429 train_nll=-2350.146
2026-05-16 18:50:09,177 INFO CSMF2.step_1_1_1.run :: [h] epoch=37 step=250 total=0.11301 batch=0.07975
2026-05-16 18:50:09,177 INFO CSMF2.step_1_1_1.run :: [lat] epoch=37 step=250 mean_l2=0.10366 std_l2=0.81869
2026-05-16 18:50:09,183 INFO CSMF2.step_1_1_1.run :: epoch=37 step=250/429 train_nll=-2351.459
2026-05-16 18:50:10,766 INFO CSMF2.step_1_1_1.run :: [h] epoch=37 step=300 total=0.11194 batch=0.08007
2026-05-16 18:50:10,766 INFO CSMF2.step_1_1_1.run :: [lat] epoch=37 step=300 mean_l2=0.07957 std_l2=0.26122
2026-05-16 18:50:10,772 INFO CSMF2.step_1_1_1.run :: epoch=37 step=300/429 train_nll=-2353.520
2026-05-16 18:50:12,353 INFO CSMF2.step_1_1_1.run :: [h] epoch=37 step=350 total=0.11397 batch=0.08261
2026-05-16 18:50:12,353 INFO CSMF2.step_1_1_1.run :: [lat] epoch=37 step=350 mean_l2=0.07753 std_l2=7.46539
2026-05-16 18:50:12,360 INFO CSMF2.step_1_1_1.run :: epoch=37 step=350/429 train_nll=-2352.134
2026-05-16 18:50:13,941 INFO CSMF2.step_1_1_1.run :: [h] epoch=37 step=400 total=0.11282 batch=0.07995
2026-05-16 18:50:13,941 INFO CSMF2.step_1_1_1.run :: [lat] epoch=37 step=400 mean_l2=0.08482 std_l2=10.86399
2026-05-16 18:50:13,947 INFO CSMF2.step_1_1_1.run :: epoch=37 step=400/429 train_nll=-2351.865
2026-05-16 18:50:15,848 INFO CSMF2.step_1_1_1.run :: epoch=37  train_nll=-2351.508  val_nll=-2331.828  t=14.6s
2026-05-16 18:50:15,848 INFO CSMF2.step_1_1_1.run :: [h_std] total=0.11190 batch=0.07933 (no penalty)
2026-05-16 18:50:15,848 INFO CSMF2.step_1_1_1.run :: [lat_epoch] mean_l2=0.08492 std_l2=1.43557 lambda=0.100
2026-05-16 18:50:15,848 INFO CSMF2.step_1_1_1.run :: [grad] cond=194.8191 film_gain=0.0000
2026-05-16 18:50:20,813 INFO CSMF2.step_1_1_1.run :: [h] epoch=38 step=50 total=0.11254 batch=0.07887
2026-05-16 18:50:20,813 INFO CSMF2.step_1_1_1.run :: [lat] epoch=38 step=50 mean_l2=0.07530 std_l2=3.69880
2026-05-16 18:50:20,820 INFO CSMF2.step_1_1_1.run :: epoch=38 step=50/429 train_nll=-2359.378
2026-05-16 18:50:22,375 INFO CSMF2.step_1_1_1.run :: [h] epoch=38 step=100 total=0.11121 batch=0.07951
2026-05-16 18:50:22,375 INFO CSMF2.step_1_1_1.run :: [lat] epoch=38 step=100 mean_l2=0.10027 std_l2=0.62119
2026-05-16 18:50:22,381 INFO CSMF2.step_1_1_1.run :: epoch=38 step=100/429 train_nll=-2357.698
2026-05-16 18:50:23,938 INFO CSMF2.step_1_1_1.run :: [h] epoch=38 step=150 total=0.10970 batch=0.07868
2026-05-16 18:50:23,938 INFO CSMF2.step_1_1_1.run :: [lat] epoch=38 step=150 mean_l2=0.08039 std_l2=0.43221
2026-05-16 18:50:23,944 INFO CSMF2.step_1_1_1.run :: epoch=38 step=150/429 train_nll=-2357.084
2026-05-16 18:50:25,501 INFO CSMF2.step_1_1_1.run :: [h] epoch=38 step=200 total=0.10851 batch=0.07725
2026-05-16 18:50:25,501 INFO CSMF2.step_1_1_1.run :: [lat] epoch=38 step=200 mean_l2=0.07811 std_l2=0.21092
2026-05-16 18:50:25,507 INFO CSMF2.step_1_1_1.run :: epoch=38 step=200/429 train_nll=-2359.502
2026-05-16 18:50:27,252 INFO CSMF2.step_1_1_1.run :: [h] epoch=38 step=250 total=0.11119 batch=0.07890
2026-05-16 18:50:27,253 INFO CSMF2.step_1_1_1.run :: [lat] epoch=38 step=250 mean_l2=0.06911 std_l2=0.84909
2026-05-16 18:50:27,259 INFO CSMF2.step_1_1_1.run :: epoch=38 step=250/429 train_nll=-2360.343
2026-05-16 18:50:28,862 INFO CSMF2.step_1_1_1.run :: [h] epoch=38 step=300 total=0.10973 batch=0.07802
2026-05-16 18:50:28,863 INFO CSMF2.step_1_1_1.run :: [lat] epoch=38 step=300 mean_l2=0.06898 std_l2=0.17441
2026-05-16 18:50:28,869 INFO CSMF2.step_1_1_1.run :: epoch=38 step=300/429 train_nll=-2363.171
2026-05-16 18:50:30,478 INFO CSMF2.step_1_1_1.run :: [h] epoch=38 step=350 total=0.11209 batch=0.07928
2026-05-16 18:50:30,478 INFO CSMF2.step_1_1_1.run :: [lat] epoch=38 step=350 mean_l2=0.07961 std_l2=7.72189
2026-05-16 18:50:30,485 INFO CSMF2.step_1_1_1.run :: epoch=38 step=350/429 train_nll=-2361.915
2026-05-16 18:50:32,095 INFO CSMF2.step_1_1_1.run :: [h] epoch=38 step=400 total=0.11038 batch=0.07866
2026-05-16 18:50:32,096 INFO CSMF2.step_1_1_1.run :: [lat] epoch=38 step=400 mean_l2=0.09564 std_l2=10.10466
2026-05-16 18:50:32,102 INFO CSMF2.step_1_1_1.run :: epoch=38 step=400/429 train_nll=-2361.559
2026-05-16 18:50:34,046 INFO CSMF2.step_1_1_1.run :: epoch=38  train_nll=-2361.021  val_nll=-2329.210  t=15.0s
2026-05-16 18:50:34,046 INFO CSMF2.step_1_1_1.run :: [h_std] total=0.11003 batch=0.07788 (no penalty)
2026-05-16 18:50:34,046 INFO CSMF2.step_1_1_1.run :: [lat_epoch] mean_l2=0.08285 std_l2=1.39251 lambda=0.100
2026-05-16 18:50:34,046 INFO CSMF2.step_1_1_1.run :: [grad] cond=135.5132 film_gain=0.0000
2026-05-16 18:50:38,832 INFO CSMF2.step_1_1_1.run :: [h] epoch=39 step=50 total=0.11111 batch=0.07899
2026-05-16 18:50:38,832 INFO CSMF2.step_1_1_1.run :: [lat] epoch=39 step=50 mean_l2=0.07402 std_l2=4.26324
2026-05-16 18:50:38,838 INFO CSMF2.step_1_1_1.run :: epoch=39 step=50/429 train_nll=-2363.820
2026-05-16 18:50:40,367 INFO CSMF2.step_1_1_1.run :: [h] epoch=39 step=100 total=0.10912 batch=0.07797
2026-05-16 18:50:40,368 INFO CSMF2.step_1_1_1.run :: [lat] epoch=39 step=100 mean_l2=0.08992 std_l2=0.55228
2026-05-16 18:50:40,374 INFO CSMF2.step_1_1_1.run :: epoch=39 step=100/429 train_nll=-2360.699
2026-05-16 18:50:41,904 INFO CSMF2.step_1_1_1.run :: [h] epoch=39 step=150 total=0.10762 batch=0.07671
2026-05-16 18:50:41,905 INFO CSMF2.step_1_1_1.run :: [lat] epoch=39 step=150 mean_l2=0.07332 std_l2=0.24938
2026-05-16 18:50:41,911 INFO CSMF2.step_1_1_1.run :: epoch=39 step=150/429 train_nll=-2359.567
2026-05-16 18:50:43,441 INFO CSMF2.step_1_1_1.run :: [h] epoch=39 step=200 total=0.10798 batch=0.07678
2026-05-16 18:50:43,442 INFO CSMF2.step_1_1_1.run :: [lat] epoch=39 step=200 mean_l2=0.08336 std_l2=0.21057
2026-05-16 18:50:43,448 INFO CSMF2.step_1_1_1.run :: epoch=39 step=200/429 train_nll=-2363.703
2026-05-16 18:50:44,977 INFO CSMF2.step_1_1_1.run :: [h] epoch=39 step=250 total=0.10914 batch=0.07640
2026-05-16 18:50:44,977 INFO CSMF2.step_1_1_1.run :: [lat] epoch=39 step=250 mean_l2=0.07794 std_l2=0.77618
2026-05-16 18:50:44,983 INFO CSMF2.step_1_1_1.run :: epoch=39 step=250/429 train_nll=-2365.355
2026-05-16 18:50:46,555 INFO CSMF2.step_1_1_1.run :: [h] epoch=39 step=300 total=0.10758 batch=0.07648
2026-05-16 18:50:46,555 INFO CSMF2.step_1_1_1.run :: [lat] epoch=39 step=300 mean_l2=0.08460 std_l2=0.19789
2026-05-16 18:50:46,561 INFO CSMF2.step_1_1_1.run :: epoch=39 step=300/429 train_nll=-2367.695
2026-05-16 18:50:48,174 INFO CSMF2.step_1_1_1.run :: [h] epoch=39 step=350 total=0.11178 batch=0.08008
2026-05-16 18:50:48,174 INFO CSMF2.step_1_1_1.run :: [lat] epoch=39 step=350 mean_l2=0.08913 std_l2=7.16535
2026-05-16 18:50:48,181 INFO CSMF2.step_1_1_1.run :: epoch=39 step=350/429 train_nll=-2366.329
2026-05-16 18:50:50,231 INFO CSMF2.step_1_1_1.run :: [h] epoch=39 step=400 total=0.10802 batch=0.07716
2026-05-16 18:50:50,231 INFO CSMF2.step_1_1_1.run :: [lat] epoch=39 step=400 mean_l2=0.08617 std_l2=11.97291
2026-05-16 18:50:50,237 INFO CSMF2.step_1_1_1.run :: epoch=39 step=400/429 train_nll=-2365.451
2026-05-16 18:50:52,127 INFO CSMF2.step_1_1_1.run :: epoch=39  train_nll=-2364.706  val_nll=-2329.695  t=14.9s
2026-05-16 18:50:52,127 INFO CSMF2.step_1_1_1.run :: [h_std] total=0.10834 batch=0.07657 (no penalty)
2026-05-16 18:50:52,127 INFO CSMF2.step_1_1_1.run :: [lat_epoch] mean_l2=0.08444 std_l2=1.41214 lambda=0.100
2026-05-16 18:50:52,127 INFO CSMF2.step_1_1_1.run :: [grad] cond=141.1915 film_gain=0.0000
2026-05-16 18:50:57,070 INFO CSMF2.step_1_1_1.run :: [h] epoch=40 step=50 total=0.11021 batch=0.07751
2026-05-16 18:50:57,070 INFO CSMF2.step_1_1_1.run :: [lat] epoch=40 step=50 mean_l2=0.07712 std_l2=3.66114
2026-05-16 18:50:57,077 INFO CSMF2.step_1_1_1.run :: epoch=40 step=50/429 train_nll=-2371.214
2026-05-16 18:50:58,791 INFO CSMF2.step_1_1_1.run :: [h] epoch=40 step=100 total=0.10778 batch=0.07645
2026-05-16 18:50:58,791 INFO CSMF2.step_1_1_1.run :: [lat] epoch=40 step=100 mean_l2=0.08376 std_l2=0.61138
2026-05-16 18:50:58,797 INFO CSMF2.step_1_1_1.run :: epoch=40 step=100/429 train_nll=-2366.566
2026-05-16 18:51:00,383 INFO CSMF2.step_1_1_1.run :: [h] epoch=40 step=150 total=0.10609 batch=0.07545
2026-05-16 18:51:00,383 INFO CSMF2.step_1_1_1.run :: [lat] epoch=40 step=150 mean_l2=0.07645 std_l2=0.28066
2026-05-16 18:51:00,389 INFO CSMF2.step_1_1_1.run :: epoch=40 step=150/429 train_nll=-2365.432
2026-05-16 18:51:01,973 INFO CSMF2.step_1_1_1.run :: [h] epoch=40 step=200 total=0.10605 batch=0.07492
2026-05-16 18:51:01,973 INFO CSMF2.step_1_1_1.run :: [lat] epoch=40 step=200 mean_l2=0.08217 std_l2=0.20605
2026-05-16 18:51:01,980 INFO CSMF2.step_1_1_1.run :: epoch=40 step=200/429 train_nll=-2368.450
2026-05-16 18:51:03,564 INFO CSMF2.step_1_1_1.run :: [h] epoch=40 step=250 total=0.10617 batch=0.07487
2026-05-16 18:51:03,564 INFO CSMF2.step_1_1_1.run :: [lat] epoch=40 step=250 mean_l2=0.08801 std_l2=0.83630
2026-05-16 18:51:03,571 INFO CSMF2.step_1_1_1.run :: epoch=40 step=250/429 train_nll=-2369.570
2026-05-16 18:51:05,187 INFO CSMF2.step_1_1_1.run :: [h] epoch=40 step=300 total=0.10641 batch=0.07483
2026-05-16 18:51:05,188 INFO CSMF2.step_1_1_1.run :: [lat] epoch=40 step=300 mean_l2=0.08498 std_l2=0.28827
2026-05-16 18:51:05,194 INFO CSMF2.step_1_1_1.run :: epoch=40 step=300/429 train_nll=-2370.453
2026-05-16 18:51:06,841 INFO CSMF2.step_1_1_1.run :: [h] epoch=40 step=350 total=0.10940 batch=0.07851
2026-05-16 18:51:06,841 INFO CSMF2.step_1_1_1.run :: [lat] epoch=40 step=350 mean_l2=0.08492 std_l2=6.96522
2026-05-16 18:51:06,848 INFO CSMF2.step_1_1_1.run :: epoch=40 step=350/429 train_nll=-2368.504
2026-05-16 18:51:08,479 INFO CSMF2.step_1_1_1.run :: [h] epoch=40 step=400 total=0.10812 batch=0.07746
2026-05-16 18:51:08,479 INFO CSMF2.step_1_1_1.run :: [lat] epoch=40 step=400 mean_l2=0.09349 std_l2=10.16559
2026-05-16 18:51:08,485 INFO CSMF2.step_1_1_1.run :: epoch=40 step=400/429 train_nll=-2367.531
2026-05-16 18:51:10,452 INFO CSMF2.step_1_1_1.run :: epoch=40  train_nll=-2367.251  val_nll=-2344.843  t=15.2s
2026-05-16 18:51:10,452 INFO CSMF2.step_1_1_1.run :: [h_std] total=0.10682 batch=0.07542 (no penalty)
2026-05-16 18:51:10,453 INFO CSMF2.step_1_1_1.run :: [lat_epoch] mean_l2=0.08404 std_l2=1.43271 lambda=0.100
2026-05-16 18:51:10,453 INFO CSMF2.step_1_1_1.run :: [grad] cond=192.0208 film_gain=0.0000
2026-05-16 18:51:15,224 INFO CSMF2.step_1_1_1.run :: [h] epoch=41 step=50 total=0.10807 batch=0.07607
2026-05-16 18:51:15,224 INFO CSMF2.step_1_1_1.run :: [lat] epoch=41 step=50 mean_l2=0.08362 std_l2=3.65522
2026-05-16 18:51:15,230 INFO CSMF2.step_1_1_1.run :: epoch=41 step=50/429 train_nll=-2373.440
2026-05-16 18:51:16,914 INFO CSMF2.step_1_1_1.run :: [h] epoch=41 step=100 total=0.10736 batch=0.07603
2026-05-16 18:51:16,914 INFO CSMF2.step_1_1_1.run :: [lat] epoch=41 step=100 mean_l2=0.07718 std_l2=0.65299
2026-05-16 18:51:16,921 INFO CSMF2.step_1_1_1.run :: epoch=41 step=100/429 train_nll=-2371.043
2026-05-16 18:51:18,587 INFO CSMF2.step_1_1_1.run :: [h] epoch=41 step=150 total=0.10549 batch=0.07460
2026-05-16 18:51:18,588 INFO CSMF2.step_1_1_1.run :: [lat] epoch=41 step=150 mean_l2=0.08178 std_l2=0.34838
2026-05-16 18:51:18,594 INFO CSMF2.step_1_1_1.run :: epoch=41 step=150/429 train_nll=-2370.768
2026-05-16 18:51:20,259 INFO CSMF2.step_1_1_1.run :: [h] epoch=41 step=200 total=0.10348 batch=0.07304
2026-05-16 18:51:20,259 INFO CSMF2.step_1_1_1.run :: [lat] epoch=41 step=200 mean_l2=0.08410 std_l2=0.22192
2026-05-16 18:51:20,265 INFO CSMF2.step_1_1_1.run :: epoch=41 step=200/429 train_nll=-2373.636
2026-05-16 18:51:21,830 INFO CSMF2.step_1_1_1.run :: [h] epoch=41 step=250 total=0.10566 batch=0.07334
2026-05-16 18:51:21,830 INFO CSMF2.step_1_1_1.run :: [lat] epoch=41 step=250 mean_l2=0.07630 std_l2=0.87134
2026-05-16 18:51:21,837 INFO CSMF2.step_1_1_1.run :: epoch=41 step=250/429 train_nll=-2374.971
2026-05-16 18:51:23,598 INFO CSMF2.step_1_1_1.run :: [h] epoch=41 step=300 total=0.10578 batch=0.07463
2026-05-16 18:51:23,598 INFO CSMF2.step_1_1_1.run :: [lat] epoch=41 step=300 mean_l2=0.10365 std_l2=0.46356
2026-05-16 18:51:23,605 INFO CSMF2.step_1_1_1.run :: epoch=41 step=300/429 train_nll=-2376.236
2026-05-16 18:51:25,187 INFO CSMF2.step_1_1_1.run :: [h] epoch=41 step=350 total=0.10920 batch=0.07847
2026-05-16 18:51:25,187 INFO CSMF2.step_1_1_1.run :: [lat] epoch=41 step=350 mean_l2=0.08353 std_l2=6.62177
2026-05-16 18:51:25,193 INFO CSMF2.step_1_1_1.run :: epoch=41 step=350/429 train_nll=-2375.128
2026-05-16 18:51:26,975 INFO CSMF2.step_1_1_1.run :: [h] epoch=41 step=400 total=0.10597 batch=0.07524
2026-05-16 18:51:26,975 INFO CSMF2.step_1_1_1.run :: [lat] epoch=41 step=400 mean_l2=0.08902 std_l2=13.60268
2026-05-16 18:51:26,985 INFO CSMF2.step_1_1_1.run :: epoch=41 step=400/429 train_nll=-2374.892
2026-05-16 18:51:29,045 INFO CSMF2.step_1_1_1.run :: epoch=41  train_nll=-2374.314  val_nll=-2344.721  t=15.5s
2026-05-16 18:51:29,045 INFO CSMF2.step_1_1_1.run :: [h_std] total=0.10534 batch=0.07418 (no penalty)
2026-05-16 18:51:29,045 INFO CSMF2.step_1_1_1.run :: [lat_epoch] mean_l2=0.08357 std_l2=1.34391 lambda=0.100
2026-05-16 18:51:29,045 INFO CSMF2.step_1_1_1.run :: [grad] cond=238.5358 film_gain=0.0000
2026-05-16 18:51:34,137 INFO CSMF2.step_1_1_1.run :: [h] epoch=42 step=50 total=0.10707 batch=0.07497
2026-05-16 18:51:34,137 INFO CSMF2.step_1_1_1.run :: [lat] epoch=42 step=50 mean_l2=0.09288 std_l2=4.79378
2026-05-16 18:51:34,143 INFO CSMF2.step_1_1_1.run :: epoch=42 step=50/429 train_nll=-2378.439
2026-05-16 18:51:35,722 INFO CSMF2.step_1_1_1.run :: [h] epoch=42 step=100 total=0.10449 batch=0.07375
2026-05-16 18:51:35,723 INFO CSMF2.step_1_1_1.run :: [lat] epoch=42 step=100 mean_l2=0.08932 std_l2=0.49422
2026-05-16 18:51:35,729 INFO CSMF2.step_1_1_1.run :: epoch=42 step=100/429 train_nll=-2372.714
2026-05-16 18:51:37,308 INFO CSMF2.step_1_1_1.run :: [h] epoch=42 step=150 total=0.10370 batch=0.07363
2026-05-16 18:51:37,309 INFO CSMF2.step_1_1_1.run :: [lat] epoch=42 step=150 mean_l2=0.07024 std_l2=0.28503
2026-05-16 18:51:37,315 INFO CSMF2.step_1_1_1.run :: epoch=42 step=150/429 train_nll=-2370.852
2026-05-16 18:51:38,895 INFO CSMF2.step_1_1_1.run :: [h] epoch=42 step=200 total=0.10146 batch=0.07194
2026-05-16 18:51:38,896 INFO CSMF2.step_1_1_1.run :: [lat] epoch=42 step=200 mean_l2=0.08345 std_l2=0.23702
2026-05-16 18:51:38,902 INFO CSMF2.step_1_1_1.run :: epoch=42 step=200/429 train_nll=-2373.785
2026-05-16 18:51:40,481 INFO CSMF2.step_1_1_1.run :: [h] epoch=42 step=250 total=0.10460 batch=0.07296
2026-05-16 18:51:40,481 INFO CSMF2.step_1_1_1.run :: [lat] epoch=42 step=250 mean_l2=0.08110 std_l2=0.75698
2026-05-16 18:51:40,487 INFO CSMF2.step_1_1_1.run :: epoch=42 step=250/429 train_nll=-2375.637
2026-05-16 18:51:42,159 INFO CSMF2.step_1_1_1.run :: [h] epoch=42 step=300 total=0.10359 batch=0.07300
2026-05-16 18:51:42,159 INFO CSMF2.step_1_1_1.run :: [lat] epoch=42 step=300 mean_l2=0.08076 std_l2=0.34375
2026-05-16 18:51:42,165 INFO CSMF2.step_1_1_1.run :: epoch=42 step=300/429 train_nll=-2376.705
2026-05-16 18:51:43,790 INFO CSMF2.step_1_1_1.run :: [h] epoch=42 step=350 total=0.10553 batch=0.07529
2026-05-16 18:51:43,790 INFO CSMF2.step_1_1_1.run :: [lat] epoch=42 step=350 mean_l2=0.09453 std_l2=7.35139
2026-05-16 18:51:43,796 INFO CSMF2.step_1_1_1.run :: epoch=42 step=350/429 train_nll=-2375.775
2026-05-16 18:51:45,420 INFO CSMF2.step_1_1_1.run :: [h] epoch=42 step=400 total=0.10385 batch=0.07358
2026-05-16 18:51:45,420 INFO CSMF2.step_1_1_1.run :: [lat] epoch=42 step=400 mean_l2=0.09618 std_l2=11.49197
2026-05-16 18:51:45,426 INFO CSMF2.step_1_1_1.run :: epoch=42 step=400/429 train_nll=-2375.236
2026-05-16 18:51:47,477 INFO CSMF2.step_1_1_1.run :: epoch=42  train_nll=-2374.333  val_nll=-2341.291  t=15.2s
2026-05-16 18:51:47,477 INFO CSMF2.step_1_1_1.run :: [h_std] total=0.10364 batch=0.07280 (no penalty)
2026-05-16 18:51:47,477 INFO CSMF2.step_1_1_1.run :: [lat_epoch] mean_l2=0.08361 std_l2=1.48073 lambda=0.100
2026-05-16 18:51:47,477 INFO CSMF2.step_1_1_1.run :: [grad] cond=208.8979 film_gain=0.0000
2026-05-16 18:51:52,723 INFO CSMF2.step_1_1_1.run :: [h] epoch=43 step=50 total=0.10460 batch=0.07317
2026-05-16 18:51:52,723 INFO CSMF2.step_1_1_1.run :: [lat] epoch=43 step=50 mean_l2=0.08656 std_l2=15.91876
2026-05-16 18:51:52,733 INFO CSMF2.step_1_1_1.run :: epoch=43 step=50/429 train_nll=-2374.338
2026-05-16 18:51:55,420 INFO CSMF2.step_1_1_1.run :: [h] epoch=43 step=100 total=0.10299 batch=0.07255
2026-05-16 18:51:55,421 INFO CSMF2.step_1_1_1.run :: [lat] epoch=43 step=100 mean_l2=0.08088 std_l2=0.57317
2026-05-16 18:51:55,430 INFO CSMF2.step_1_1_1.run :: epoch=43 step=100/429 train_nll=-2371.587
2026-05-16 18:51:57,135 INFO CSMF2.step_1_1_1.run :: [h] epoch=43 step=150 total=0.10103 batch=0.07152
2026-05-16 18:51:57,135 INFO CSMF2.step_1_1_1.run :: [lat] epoch=43 step=150 mean_l2=0.08282 std_l2=0.38973
2026-05-16 18:51:57,141 INFO CSMF2.step_1_1_1.run :: epoch=43 step=150/429 train_nll=-2373.004
2026-05-16 18:51:58,707 INFO CSMF2.step_1_1_1.run :: [h] epoch=43 step=200 total=0.10092 batch=0.07114
2026-05-16 18:51:58,707 INFO CSMF2.step_1_1_1.run :: [lat] epoch=43 step=200 mean_l2=0.08085 std_l2=0.19342
2026-05-16 18:51:58,714 INFO CSMF2.step_1_1_1.run :: epoch=43 step=200/429 train_nll=-2377.795
2026-05-16 18:52:00,413 INFO CSMF2.step_1_1_1.run :: [h] epoch=43 step=250 total=0.10190 batch=0.07145
2026-05-16 18:52:00,413 INFO CSMF2.step_1_1_1.run :: [lat] epoch=43 step=250 mean_l2=0.08423 std_l2=0.79784
2026-05-16 18:52:00,420 INFO CSMF2.step_1_1_1.run :: epoch=43 step=250/429 train_nll=-2379.680
2026-05-16 18:52:02,020 INFO CSMF2.step_1_1_1.run :: [h] epoch=43 step=300 total=0.10291 batch=0.07323
2026-05-16 18:52:02,020 INFO CSMF2.step_1_1_1.run :: [lat] epoch=43 step=300 mean_l2=0.07061 std_l2=0.26950
2026-05-16 18:52:02,027 INFO CSMF2.step_1_1_1.run :: epoch=43 step=300/429 train_nll=-2381.250
2026-05-16 18:52:03,653 INFO CSMF2.step_1_1_1.run :: [h] epoch=43 step=350 total=0.10533 batch=0.07514
2026-05-16 18:52:03,653 INFO CSMF2.step_1_1_1.run :: [lat] epoch=43 step=350 mean_l2=0.08226 std_l2=7.30095
2026-05-16 18:52:03,659 INFO CSMF2.step_1_1_1.run :: epoch=43 step=350/429 train_nll=-2379.901
2026-05-16 18:52:05,607 INFO CSMF2.step_1_1_1.run :: [h] epoch=43 step=400 total=0.10203 batch=0.07251
2026-05-16 18:52:05,607 INFO CSMF2.step_1_1_1.run :: [lat] epoch=43 step=400 mean_l2=0.08679 std_l2=9.49931
2026-05-16 18:52:05,617 INFO CSMF2.step_1_1_1.run :: epoch=43 step=400/429 train_nll=-2378.081
2026-05-16 18:52:09,261 INFO CSMF2.step_1_1_1.run :: epoch=43  train_nll=-2377.659  val_nll=-2347.919  t=18.7s
2026-05-16 18:52:09,261 INFO CSMF2.step_1_1_1.run :: [h_std] total=0.10227 batch=0.07187 (no penalty)
2026-05-16 18:52:09,261 INFO CSMF2.step_1_1_1.run :: [lat_epoch] mean_l2=0.08346 std_l2=1.52552 lambda=0.100
2026-05-16 18:52:09,261 INFO CSMF2.step_1_1_1.run :: [grad] cond=191.5015 film_gain=0.0000
2026-05-16 18:52:15,175 INFO CSMF2.step_1_1_1.run :: [h] epoch=44 step=50 total=0.10174 batch=0.07128
2026-05-16 18:52:15,176 INFO CSMF2.step_1_1_1.run :: [lat] epoch=44 step=50 mean_l2=0.07841 std_l2=3.42906
2026-05-16 18:52:15,185 INFO CSMF2.step_1_1_1.run :: epoch=44 step=50/429 train_nll=-2382.049
2026-05-16 18:52:16,839 INFO CSMF2.step_1_1_1.run :: [h] epoch=44 step=100 total=0.10083 batch=0.07169
2026-05-16 18:52:16,839 INFO CSMF2.step_1_1_1.run :: [lat] epoch=44 step=100 mean_l2=0.09503 std_l2=0.61859
2026-05-16 18:52:16,845 INFO CSMF2.step_1_1_1.run :: epoch=44 step=100/429 train_nll=-2378.215
2026-05-16 18:52:18,411 INFO CSMF2.step_1_1_1.run :: [h] epoch=44 step=150 total=0.09986 batch=0.07050
2026-05-16 18:52:18,412 INFO CSMF2.step_1_1_1.run :: [lat] epoch=44 step=150 mean_l2=0.07220 std_l2=0.25887
2026-05-16 18:52:18,418 INFO CSMF2.step_1_1_1.run :: epoch=44 step=150/429 train_nll=-2379.266
2026-05-16 18:52:19,981 INFO CSMF2.step_1_1_1.run :: [h] epoch=44 step=200 total=0.09919 batch=0.06984
2026-05-16 18:52:19,981 INFO CSMF2.step_1_1_1.run :: [lat] epoch=44 step=200 mean_l2=0.07847 std_l2=0.20769
2026-05-16 18:52:19,987 INFO CSMF2.step_1_1_1.run :: epoch=44 step=200/429 train_nll=-2383.530
2026-05-16 18:52:21,705 INFO CSMF2.step_1_1_1.run :: [h] epoch=44 step=250 total=0.10128 batch=0.07087
2026-05-16 18:52:21,706 INFO CSMF2.step_1_1_1.run :: [lat] epoch=44 step=250 mean_l2=0.08225 std_l2=0.81435
2026-05-16 18:52:21,712 INFO CSMF2.step_1_1_1.run :: epoch=44 step=250/429 train_nll=-2385.005
2026-05-16 18:52:23,300 INFO CSMF2.step_1_1_1.run :: [h] epoch=44 step=300 total=0.09995 batch=0.07049
2026-05-16 18:52:23,300 INFO CSMF2.step_1_1_1.run :: [lat] epoch=44 step=300 mean_l2=0.07461 std_l2=0.23315
2026-05-16 18:52:23,306 INFO CSMF2.step_1_1_1.run :: epoch=44 step=300/429 train_nll=-2386.266
2026-05-16 18:52:24,912 INFO CSMF2.step_1_1_1.run :: [h] epoch=44 step=350 total=0.10381 batch=0.07440
2026-05-16 18:52:24,912 INFO CSMF2.step_1_1_1.run :: [lat] epoch=44 step=350 mean_l2=0.08864 std_l2=6.59513
2026-05-16 18:52:24,918 INFO CSMF2.step_1_1_1.run :: epoch=44 step=350/429 train_nll=-2384.922
2026-05-16 18:52:26,583 INFO CSMF2.step_1_1_1.run :: [h] epoch=44 step=400 total=0.10195 batch=0.07262
2026-05-16 18:52:26,583 INFO CSMF2.step_1_1_1.run :: [lat] epoch=44 step=400 mean_l2=0.09118 std_l2=13.28472
2026-05-16 18:52:26,590 INFO CSMF2.step_1_1_1.run :: epoch=44 step=400/429 train_nll=-2384.316
2026-05-16 18:52:28,524 INFO CSMF2.step_1_1_1.run :: epoch=44  train_nll=-2383.278  val_nll=-2362.823  t=16.1s
2026-05-16 18:52:28,524 INFO CSMF2.step_1_1_1.run :: [h_std] total=0.10052 batch=0.07063 (no penalty)
2026-05-16 18:52:28,524 INFO CSMF2.step_1_1_1.run :: [lat_epoch] mean_l2=0.08297 std_l2=1.39836 lambda=0.100
2026-05-16 18:52:28,524 INFO CSMF2.step_1_1_1.run :: [grad] cond=142.1576 film_gain=0.0000
2026-05-16 18:52:33,357 INFO CSMF2.step_1_1_1.run :: [h] epoch=45 step=50 total=0.10077 batch=0.07071
2026-05-16 18:52:33,357 INFO CSMF2.step_1_1_1.run :: [lat] epoch=45 step=50 mean_l2=0.08626 std_l2=2.49282
2026-05-16 18:52:33,364 INFO CSMF2.step_1_1_1.run :: epoch=45 step=50/429 train_nll=-2392.315
2026-05-16 18:52:34,942 INFO CSMF2.step_1_1_1.run :: [h] epoch=45 step=100 total=0.09904 batch=0.07067
2026-05-16 18:52:34,942 INFO CSMF2.step_1_1_1.run :: [lat] epoch=45 step=100 mean_l2=0.09070 std_l2=0.54652
2026-05-16 18:52:34,948 INFO CSMF2.step_1_1_1.run :: epoch=45 step=100/429 train_nll=-2386.557
2026-05-16 18:52:36,525 INFO CSMF2.step_1_1_1.run :: [h] epoch=45 step=150 total=0.09790 batch=0.06960
2026-05-16 18:52:36,526 INFO CSMF2.step_1_1_1.run :: [lat] epoch=45 step=150 mean_l2=0.08522 std_l2=0.25951
2026-05-16 18:52:36,532 INFO CSMF2.step_1_1_1.run :: epoch=45 step=150/429 train_nll=-2385.181
2026-05-16 18:52:38,121 INFO CSMF2.step_1_1_1.run :: [h] epoch=45 step=200 total=0.09826 batch=0.06914
2026-05-16 18:52:38,121 INFO CSMF2.step_1_1_1.run :: [lat] epoch=45 step=200 mean_l2=0.08692 std_l2=0.22873
2026-05-16 18:52:38,128 INFO CSMF2.step_1_1_1.run :: epoch=45 step=200/429 train_nll=-2388.532
2026-05-16 18:52:39,706 INFO CSMF2.step_1_1_1.run :: [h] epoch=45 step=250 total=0.09957 batch=0.06943
2026-05-16 18:52:39,707 INFO CSMF2.step_1_1_1.run :: [lat] epoch=45 step=250 mean_l2=0.07795 std_l2=0.86470
2026-05-16 18:52:39,713 INFO CSMF2.step_1_1_1.run :: epoch=45 step=250/429 train_nll=-2389.600
2026-05-16 18:52:41,325 INFO CSMF2.step_1_1_1.run :: [h] epoch=45 step=300 total=0.09899 batch=0.06942
2026-05-16 18:52:41,326 INFO CSMF2.step_1_1_1.run :: [lat] epoch=45 step=300 mean_l2=0.08091 std_l2=0.26470
2026-05-16 18:52:41,332 INFO CSMF2.step_1_1_1.run :: epoch=45 step=300/429 train_nll=-2390.371
2026-05-16 18:52:42,954 INFO CSMF2.step_1_1_1.run :: [h] epoch=45 step=350 total=0.10057 batch=0.07153
2026-05-16 18:52:42,954 INFO CSMF2.step_1_1_1.run :: [lat] epoch=45 step=350 mean_l2=0.08620 std_l2=7.02366
2026-05-16 18:52:42,960 INFO CSMF2.step_1_1_1.run :: epoch=45 step=350/429 train_nll=-2389.208
2026-05-16 18:52:44,701 INFO CSMF2.step_1_1_1.run :: [h] epoch=45 step=400 total=0.09939 batch=0.07084
2026-05-16 18:52:44,701 INFO CSMF2.step_1_1_1.run :: [lat] epoch=45 step=400 mean_l2=0.07697 std_l2=10.90738
2026-05-16 18:52:44,707 INFO CSMF2.step_1_1_1.run :: epoch=45 step=400/429 train_nll=-2388.787
2026-05-16 18:52:46,658 INFO CSMF2.step_1_1_1.run :: epoch=45  train_nll=-2388.510  val_nll=-2363.350  t=14.9s
2026-05-16 18:52:46,659 INFO CSMF2.step_1_1_1.run :: [h_std] total=0.09928 batch=0.06987 (no penalty)
2026-05-16 18:52:46,659 INFO CSMF2.step_1_1_1.run :: [lat_epoch] mean_l2=0.08198 std_l2=1.40792 lambda=0.100
2026-05-16 18:52:46,659 INFO CSMF2.step_1_1_1.run :: [grad] cond=139.2945 film_gain=0.0000
2026-05-16 18:52:51,396 INFO CSMF2.step_1_1_1.run :: [h] epoch=46 step=50 total=0.10056 batch=0.07040
2026-05-16 18:52:51,396 INFO CSMF2.step_1_1_1.run :: [lat] epoch=46 step=50 mean_l2=0.08469 std_l2=3.60111
2026-05-16 18:52:51,402 INFO CSMF2.step_1_1_1.run :: epoch=46 step=50/429 train_nll=-2397.562
2026-05-16 18:52:52,974 INFO CSMF2.step_1_1_1.run :: [h] epoch=46 step=100 total=0.09902 batch=0.06904
2026-05-16 18:52:52,974 INFO CSMF2.step_1_1_1.run :: [lat] epoch=46 step=100 mean_l2=0.08688 std_l2=1.05447
2026-05-16 18:52:52,980 INFO CSMF2.step_1_1_1.run :: epoch=46 step=100/429 train_nll=-2393.115
2026-05-16 18:52:54,547 INFO CSMF2.step_1_1_1.run :: [h] epoch=46 step=150 total=0.09770 batch=0.06946
2026-05-16 18:52:54,548 INFO CSMF2.step_1_1_1.run :: [lat] epoch=46 step=150 mean_l2=0.07520 std_l2=0.29356
2026-05-16 18:52:54,554 INFO CSMF2.step_1_1_1.run :: epoch=46 step=150/429 train_nll=-2389.521
2026-05-16 18:52:56,265 INFO CSMF2.step_1_1_1.run :: [h] epoch=46 step=200 total=0.09665 batch=0.06838
2026-05-16 18:52:56,265 INFO CSMF2.step_1_1_1.run :: [lat] epoch=46 step=200 mean_l2=0.07785 std_l2=0.19916
2026-05-16 18:52:56,272 INFO CSMF2.step_1_1_1.run :: epoch=46 step=200/429 train_nll=-2392.996
2026-05-16 18:52:58,113 INFO CSMF2.step_1_1_1.run :: [h] epoch=46 step=250 total=0.09758 batch=0.06857
2026-05-16 18:52:58,113 INFO CSMF2.step_1_1_1.run :: [lat] epoch=46 step=250 mean_l2=0.09124 std_l2=0.88152
2026-05-16 18:52:58,119 INFO CSMF2.step_1_1_1.run :: epoch=46 step=250/429 train_nll=-2393.514
2026-05-16 18:52:59,734 INFO CSMF2.step_1_1_1.run :: [h] epoch=46 step=300 total=0.09782 batch=0.06870
2026-05-16 18:52:59,734 INFO CSMF2.step_1_1_1.run :: [lat] epoch=46 step=300 mean_l2=0.08929 std_l2=0.20709
2026-05-16 18:52:59,740 INFO CSMF2.step_1_1_1.run :: epoch=46 step=300/429 train_nll=-2394.352
2026-05-16 18:53:01,366 INFO CSMF2.step_1_1_1.run :: [h] epoch=46 step=350 total=0.10129 batch=0.07166
2026-05-16 18:53:01,366 INFO CSMF2.step_1_1_1.run :: [lat] epoch=46 step=350 mean_l2=0.07773 std_l2=7.33062
2026-05-16 18:53:01,372 INFO CSMF2.step_1_1_1.run :: epoch=46 step=350/429 train_nll=-2393.132
2026-05-16 18:53:02,994 INFO CSMF2.step_1_1_1.run :: [h] epoch=46 step=400 total=0.09963 batch=0.07109
2026-05-16 18:53:02,995 INFO CSMF2.step_1_1_1.run :: [lat] epoch=46 step=400 mean_l2=0.08657 std_l2=8.42303
2026-05-16 18:53:03,001 INFO CSMF2.step_1_1_1.run :: epoch=46 step=400/429 train_nll=-2391.844
2026-05-16 18:53:04,958 INFO CSMF2.step_1_1_1.run :: epoch=46  train_nll=-2390.801  val_nll=-2357.301  t=15.2s
2026-05-16 18:53:04,958 INFO CSMF2.step_1_1_1.run :: [h_std] total=0.09814 batch=0.06896 (no penalty)
2026-05-16 18:53:04,958 INFO CSMF2.step_1_1_1.run :: [lat_epoch] mean_l2=0.08229 std_l2=1.37637 lambda=0.100
2026-05-16 18:53:04,958 INFO CSMF2.step_1_1_1.run :: [grad] cond=140.5203 film_gain=0.0000
2026-05-16 18:53:10,027 INFO CSMF2.step_1_1_1.run :: [h] epoch=47 step=50 total=0.09924 batch=0.06956
2026-05-16 18:53:10,027 INFO CSMF2.step_1_1_1.run :: [lat] epoch=47 step=50 mean_l2=0.09332 std_l2=2.67006
2026-05-16 18:53:10,034 INFO CSMF2.step_1_1_1.run :: epoch=47 step=50/429 train_nll=-2391.778
2026-05-16 18:53:11,615 INFO CSMF2.step_1_1_1.run :: [h] epoch=47 step=100 total=0.09828 batch=0.06906
2026-05-16 18:53:11,615 INFO CSMF2.step_1_1_1.run :: [lat] epoch=47 step=100 mean_l2=0.09645 std_l2=0.64469
2026-05-16 18:53:11,621 INFO CSMF2.step_1_1_1.run :: epoch=47 step=100/429 train_nll=-2390.297
2026-05-16 18:53:13,201 INFO CSMF2.step_1_1_1.run :: [h] epoch=47 step=150 total=0.09592 batch=0.06765
2026-05-16 18:53:13,201 INFO CSMF2.step_1_1_1.run :: [lat] epoch=47 step=150 mean_l2=0.06286 std_l2=0.26073
2026-05-16 18:53:13,207 INFO CSMF2.step_1_1_1.run :: epoch=47 step=150/429 train_nll=-2389.494
2026-05-16 18:53:14,788 INFO CSMF2.step_1_1_1.run :: [h] epoch=47 step=200 total=0.09645 batch=0.06766
2026-05-16 18:53:14,788 INFO CSMF2.step_1_1_1.run :: [lat] epoch=47 step=200 mean_l2=0.08326 std_l2=0.20648
2026-05-16 18:53:14,794 INFO CSMF2.step_1_1_1.run :: epoch=47 step=200/429 train_nll=-2392.548
2026-05-16 18:53:16,381 INFO CSMF2.step_1_1_1.run :: [h] epoch=47 step=250 total=0.09706 batch=0.06795
2026-05-16 18:53:16,381 INFO CSMF2.step_1_1_1.run :: [lat] epoch=47 step=250 mean_l2=0.07951 std_l2=0.92818
2026-05-16 18:53:16,387 INFO CSMF2.step_1_1_1.run :: epoch=47 step=250/429 train_nll=-2394.481
2026-05-16 18:53:18,073 INFO CSMF2.step_1_1_1.run :: [h] epoch=47 step=300 total=0.09612 batch=0.06723
2026-05-16 18:53:18,073 INFO CSMF2.step_1_1_1.run :: [lat] epoch=47 step=300 mean_l2=0.07850 std_l2=0.18892
2026-05-16 18:53:18,079 INFO CSMF2.step_1_1_1.run :: epoch=47 step=300/429 train_nll=-2396.365
2026-05-16 18:53:19,702 INFO CSMF2.step_1_1_1.run :: [h] epoch=47 step=350 total=0.10146 batch=0.07224
2026-05-16 18:53:19,702 INFO CSMF2.step_1_1_1.run :: [lat] epoch=47 step=350 mean_l2=0.08909 std_l2=6.70203
2026-05-16 18:53:19,708 INFO CSMF2.step_1_1_1.run :: epoch=47 step=350/429 train_nll=-2396.268
2026-05-16 18:53:21,415 INFO CSMF2.step_1_1_1.run :: [h] epoch=47 step=400 total=0.09893 batch=0.07122
2026-05-16 18:53:21,415 INFO CSMF2.step_1_1_1.run :: [lat] epoch=47 step=400 mean_l2=0.08241 std_l2=12.51569
2026-05-16 18:53:21,421 INFO CSMF2.step_1_1_1.run :: epoch=47 step=400/429 train_nll=-2395.866
2026-05-16 18:53:23,382 INFO CSMF2.step_1_1_1.run :: epoch=47  train_nll=-2395.536  val_nll=-2362.494  t=15.3s
2026-05-16 18:53:23,382 INFO CSMF2.step_1_1_1.run :: [h_std] total=0.09700 batch=0.06793 (no penalty)
2026-05-16 18:53:23,382 INFO CSMF2.step_1_1_1.run :: [lat_epoch] mean_l2=0.08206 std_l2=1.36839 lambda=0.100
2026-05-16 18:53:23,382 INFO CSMF2.step_1_1_1.run :: [grad] cond=198.4373 film_gain=0.0000
2026-05-16 18:53:28,114 INFO CSMF2.step_1_1_1.run :: [h] epoch=48 step=50 total=0.09709 batch=0.06760
2026-05-16 18:53:28,115 INFO CSMF2.step_1_1_1.run :: [lat] epoch=48 step=50 mean_l2=0.11435 std_l2=5.78563
2026-05-16 18:53:28,121 INFO CSMF2.step_1_1_1.run :: epoch=48 step=50/429 train_nll=-2398.230
2026-05-16 18:53:29,674 INFO CSMF2.step_1_1_1.run :: [h] epoch=48 step=100 total=0.09747 batch=0.06888
2026-05-16 18:53:29,675 INFO CSMF2.step_1_1_1.run :: [lat] epoch=48 step=100 mean_l2=0.06960 std_l2=0.48149
2026-05-16 18:53:29,681 INFO CSMF2.step_1_1_1.run :: epoch=48 step=100/429 train_nll=-2397.208
2026-05-16 18:53:31,235 INFO CSMF2.step_1_1_1.run :: [h] epoch=48 step=150 total=0.09518 batch=0.06662
2026-05-16 18:53:31,235 INFO CSMF2.step_1_1_1.run :: [lat] epoch=48 step=150 mean_l2=0.07470 std_l2=0.33420
2026-05-16 18:53:31,242 INFO CSMF2.step_1_1_1.run :: epoch=48 step=150/429 train_nll=-2397.976
2026-05-16 18:53:32,797 INFO CSMF2.step_1_1_1.run :: [h] epoch=48 step=200 total=0.09503 batch=0.06685
2026-05-16 18:53:32,797 INFO CSMF2.step_1_1_1.run :: [lat] epoch=48 step=200 mean_l2=0.07672 std_l2=0.19581
2026-05-16 18:53:32,803 INFO CSMF2.step_1_1_1.run :: epoch=48 step=200/429 train_nll=-2400.744
2026-05-16 18:53:34,362 INFO CSMF2.step_1_1_1.run :: [h] epoch=48 step=250 total=0.09594 batch=0.06727
2026-05-16 18:53:34,362 INFO CSMF2.step_1_1_1.run :: [lat] epoch=48 step=250 mean_l2=0.07670 std_l2=0.78626
2026-05-16 18:53:34,369 INFO CSMF2.step_1_1_1.run :: epoch=48 step=250/429 train_nll=-2402.366
2026-05-16 18:53:35,968 INFO CSMF2.step_1_1_1.run :: [h] epoch=48 step=300 total=0.09476 batch=0.06654
2026-05-16 18:53:35,968 INFO CSMF2.step_1_1_1.run :: [lat] epoch=48 step=300 mean_l2=0.07413 std_l2=0.19093
2026-05-16 18:53:35,975 INFO CSMF2.step_1_1_1.run :: epoch=48 step=300/429 train_nll=-2404.833
2026-05-16 18:53:37,572 INFO CSMF2.step_1_1_1.run :: [h] epoch=48 step=350 total=0.09666 batch=0.06876
2026-05-16 18:53:37,572 INFO CSMF2.step_1_1_1.run :: [lat] epoch=48 step=350 mean_l2=0.09300 std_l2=6.74889
2026-05-16 18:53:37,579 INFO CSMF2.step_1_1_1.run :: epoch=48 step=350/429 train_nll=-2403.313
2026-05-16 18:53:39,177 INFO CSMF2.step_1_1_1.run :: [h] epoch=48 step=400 total=0.09592 batch=0.06819
2026-05-16 18:53:39,177 INFO CSMF2.step_1_1_1.run :: [lat] epoch=48 step=400 mean_l2=0.08039 std_l2=8.33080
2026-05-16 18:53:39,184 INFO CSMF2.step_1_1_1.run :: epoch=48 step=400/429 train_nll=-2401.889
2026-05-16 18:53:41,105 INFO CSMF2.step_1_1_1.run :: epoch=48  train_nll=-2401.493  val_nll=-2361.678  t=14.6s
2026-05-16 18:53:41,105 INFO CSMF2.step_1_1_1.run :: [h_std] total=0.09601 batch=0.06726 (no penalty)
2026-05-16 18:53:41,105 INFO CSMF2.step_1_1_1.run :: [lat_epoch] mean_l2=0.08257 std_l2=1.37296 lambda=0.100
2026-05-16 18:53:41,105 INFO CSMF2.step_1_1_1.run :: [grad] cond=301.3367 film_gain=0.0000
2026-05-16 18:53:45,816 INFO CSMF2.step_1_1_1.run :: [h] epoch=49 step=50 total=0.09642 batch=0.06743
2026-05-16 18:53:45,816 INFO CSMF2.step_1_1_1.run :: [lat] epoch=49 step=50 mean_l2=0.07892 std_l2=2.81681
2026-05-16 18:53:45,823 INFO CSMF2.step_1_1_1.run :: epoch=49 step=50/429 train_nll=-2402.117
2026-05-16 18:53:47,539 INFO CSMF2.step_1_1_1.run :: [h] epoch=49 step=100 total=0.09524 batch=0.06750
2026-05-16 18:53:47,539 INFO CSMF2.step_1_1_1.run :: [lat] epoch=49 step=100 mean_l2=0.08684 std_l2=0.60145
2026-05-16 18:53:47,546 INFO CSMF2.step_1_1_1.run :: epoch=49 step=100/429 train_nll=-2400.036
2026-05-16 18:53:49,131 INFO CSMF2.step_1_1_1.run :: [h] epoch=49 step=150 total=0.09510 batch=0.06688
2026-05-16 18:53:49,131 INFO CSMF2.step_1_1_1.run :: [lat] epoch=49 step=150 mean_l2=0.08235 std_l2=0.26496
2026-05-16 18:53:49,137 INFO CSMF2.step_1_1_1.run :: epoch=49 step=150/429 train_nll=-2398.658
2026-05-16 18:53:50,718 INFO CSMF2.step_1_1_1.run :: [h] epoch=49 step=200 total=0.09344 batch=0.06570
2026-05-16 18:53:50,718 INFO CSMF2.step_1_1_1.run :: [lat] epoch=49 step=200 mean_l2=0.07705 std_l2=0.23658
2026-05-16 18:53:50,725 INFO CSMF2.step_1_1_1.run :: epoch=49 step=200/429 train_nll=-2401.591
2026-05-16 18:53:52,307 INFO CSMF2.step_1_1_1.run :: [h] epoch=49 step=250 total=0.09446 batch=0.06651
2026-05-16 18:53:52,307 INFO CSMF2.step_1_1_1.run :: [lat] epoch=49 step=250 mean_l2=0.07878 std_l2=0.90312
2026-05-16 18:53:52,314 INFO CSMF2.step_1_1_1.run :: epoch=49 step=250/429 train_nll=-2403.014
2026-05-16 18:53:53,917 INFO CSMF2.step_1_1_1.run :: [h] epoch=49 step=300 total=0.09618 batch=0.06756
2026-05-16 18:53:53,917 INFO CSMF2.step_1_1_1.run :: [lat] epoch=49 step=300 mean_l2=0.08097 std_l2=0.27825
2026-05-16 18:53:53,924 INFO CSMF2.step_1_1_1.run :: epoch=49 step=300/429 train_nll=-2404.753
2026-05-16 18:53:55,549 INFO CSMF2.step_1_1_1.run :: [h] epoch=49 step=350 total=0.09819 batch=0.07004
2026-05-16 18:53:55,549 INFO CSMF2.step_1_1_1.run :: [lat] epoch=49 step=350 mean_l2=0.08595 std_l2=6.03969
2026-05-16 18:53:55,556 INFO CSMF2.step_1_1_1.run :: epoch=49 step=350/429 train_nll=-2403.599
2026-05-16 18:53:57,184 INFO CSMF2.step_1_1_1.run :: [h] epoch=49 step=400 total=0.09718 batch=0.06931
2026-05-16 18:53:57,184 INFO CSMF2.step_1_1_1.run :: [lat] epoch=49 step=400 mean_l2=0.09489 std_l2=10.41024
2026-05-16 18:53:57,191 INFO CSMF2.step_1_1_1.run :: epoch=49 step=400/429 train_nll=-2403.212
2026-05-16 18:53:59,131 INFO CSMF2.step_1_1_1.run :: epoch=49  train_nll=-2402.637  val_nll=-2374.600  t=14.9s
2026-05-16 18:53:59,131 INFO CSMF2.step_1_1_1.run :: [h_std] total=0.09522 batch=0.06682 (no penalty)
2026-05-16 18:53:59,131 INFO CSMF2.step_1_1_1.run :: [lat_epoch] mean_l2=0.08288 std_l2=1.35173 lambda=0.100
2026-05-16 18:53:59,131 INFO CSMF2.step_1_1_1.run :: [grad] cond=175.7350 film_gain=0.0000
2026-05-16 18:54:06,383 INFO CSMF2.step_1_1_1.run :: [run] FINAL test_nll (sealed 10k) = -2385.042
2026-05-16 18:54:07,025 INFO CSMF2.experiments.step_1_1_1.density_plots :: [plot_latent_density] saved -> CSMF2/experiments/step_1_1_1/results/nice_s2_n0.10_seed0_7c8e2c947626/plots/latent_density.png  (ks=0.0747, mean=-0.041, std=1.076)
2026-05-16 18:54:07,194 INFO CSMF2.experiments.step_1_1_1.density_plots :: [plot_cycle_density] saved -> CSMF2/experiments/step_1_1_1/results/nice_s2_n0.10_seed0_7c8e2c947626/plots/cycle_density.png  (max|err|=3.338e-06 rms=4.027e-07)
2026-05-16 18:54:07,436 INFO CSMF2.experiments.step_1_1_1.density_plots :: [plot_reconstruction_panel] saved -> CSMF2/experiments/step_1_1_1/results/nice_s2_n0.10_seed0_7c8e2c947626/plots/reconstruction_panel.png  rms(enc-prior)=1.150
==============================================================
[1mSTEP-1_1_1 RUN SUMMARY[0m
==============================================================
expert: nice   scale: 2   noise: 0.1   seed: 0   epochs: 50
train NLL:    -1109.43  ->    -2402.64  (Δ = -1293.21)
test  NLL:    -1337.23  ->    -2374.60

[1mHARD GATES (halt on fail)[0m
  [32m 50/50  ✓[0m  invertibility FP64 <1e-5
  [31m  0/50  ✗[0m  latent KS vs N(0,1) <0.05
  [32m 50/50  ✓[0m  cycle_max < 1e-12
  [32m 50/50  ✓[0m  h std > 1e-3
  [32m 50/50  ✓[0m  FiLM γ,β std > 1e-3 aggregate
  [32m 50/50  ✓[0m  (y,seed) max|Δh| < 1e-6
  [32m 50/50  ✓[0m  no NaN/Inf this epoch
  [32m  1/1   ✓[0m  numeric log-det (FP64, once)

[1mINFORMATIONAL (logged, non-blocking)[0m
  [32m 50/50  ✓[0m  null-control gap ≥ 0.10
  [32m 50/50  ✓[0m  h_st Δlogp slope > 1e-3
  [32m 50/50  ✓[0m  grad norm > 1e-6
  [32m 50/50  ✓[0m  fwd residual reported
--------------------------------------------------------------
[1mHARD TOTAL: 301/351[0m  (85.8%)
[1mEXIT_CRITERIA_MET:[0m [31mNO[0m
[1mREMEDY HINTS:[0m
  - hard gate failed: latent_ks (latent KS vs N(0,1) <0.05) -- check epochs [0, 1, 2, 3, 4, 5, 6, 7, 8, 9, 10, 11, 12, 13, 14, 15, 16, 17, 18, 19, 20, 21, 22, 23, 24, 25, 26, 27, 28, 29, 30, 31, 32, 33, 34, 35, 36, 37, 38, 39, 40, 41, 42, 43, 44, 45, 46, 47, 48, 49]
==============================================================
2026-05-16 18:54:07,507 INFO CSMF2.step_1_1_1.run :: STEP-1_1 run DONE  exit_ok=False  out=CSMF2/experiments/step_1_1_1/results/nice_s2_n0.10_seed0_7c8e2c947626
>>> 18:54:08 === TRAIN glow  lam=0.0 noise=0.0 (with rescue stack) ===
2026-05-16 18:54:09,356 INFO CSMF2.step_1_1_1.run :: STEP-1_1 run | tag=glow_s2_n0.00_seed0_c81dec9b2524 | cfg=StepCfg(data_root='./mnist_data', scale=2, blur_sigma=1.0, noise_sigma=0.0, batch_size=128, expert='glow', dim=784, cond_width=128, h_dim=256, flow_hidden=256, use_film=True, cache_h=True, use_v2_conditioner=True, film_depth=2, film_hidden=128, film_use_gelu=True, realnvp_n_couplings=6, realnvp_s_max=2.0, glow_n_steps=8, glow_coupling_hidden=256, glow_s_max=2.0, glow_squeeze=True, glow_n_levels=1, glow_image_c=1, glow_image_h=28, glow_image_w=28, glow_film_gain_init=0.3, lr=0.001, epochs=50, weight_decay=0.0, grad_clip=5.0, shuffle_loss_lambda=1.0, shuffle_loss_margin=0.5, h_std_penalty_mu=10.0, h_std_target=0.05, cond_y_residual_alpha_init=0.3, latent_moment_lambda=0.0, latent_ks_target=0.1, fwd_rel_target=0.5, resume_from=None, seed=0, out_root='./CSMF2/experiments/step_1_1_1/results', log_every=50, sanity_every_epoch=True)
2026-05-16 18:54:09,459 INFO CSMF2.step_1_1_1.run :: [run] data sizes: train=55000  val=5000 (per-epoch)  test=10000 (final-only)
2026-05-16 18:54:09,603 INFO CSMF2.step_1_1_1.run :: [y_sanity] y.std(dim=0).mean() = 0.1294  shape=(128, 1, 14, 14)
2026-05-16 18:54:09,898 INFO CSMF2.models.flows.glow.actnorm :: [Actnorm] data-init: C=4  s_mean=0.586  b_mean=1.274
2026-05-16 18:54:09,929 INFO CSMF2.models.experts :: [CondGlow.init_actnorm] step 0 done
2026-05-16 18:54:09,930 INFO CSMF2.models.flows.glow.actnorm :: [Actnorm] data-init: C=4  s_mean=1.342  b_mean=0.011
2026-05-16 18:54:09,933 INFO CSMF2.models.experts :: [CondGlow.init_actnorm] step 1 done
2026-05-16 18:54:09,933 INFO CSMF2.models.flows.glow.actnorm :: [Actnorm] data-init: C=4  s_mean=1.116  b_mean=0.023
2026-05-16 18:54:09,936 INFO CSMF2.models.experts :: [CondGlow.init_actnorm] step 2 done
2026-05-16 18:54:09,936 INFO CSMF2.models.flows.glow.actnorm :: [Actnorm] data-init: C=4  s_mean=1.135  b_mean=0.020
2026-05-16 18:54:09,940 INFO CSMF2.models.experts :: [CondGlow.init_actnorm] step 3 done
2026-05-16 18:54:09,940 INFO CSMF2.models.flows.glow.actnorm :: [Actnorm] data-init: C=4  s_mean=1.053  b_mean=0.011
2026-05-16 18:54:09,943 INFO CSMF2.models.experts :: [CondGlow.init_actnorm] step 4 done
2026-05-16 18:54:09,943 INFO CSMF2.models.flows.glow.actnorm :: [Actnorm] data-init: C=4  s_mean=1.197  b_mean=0.040
2026-05-16 18:54:09,946 INFO CSMF2.models.experts :: [CondGlow.init_actnorm] step 5 done
2026-05-16 18:54:09,946 INFO CSMF2.models.flows.glow.actnorm :: [Actnorm] data-init: C=4  s_mean=1.109  b_mean=0.103
2026-05-16 18:54:09,949 INFO CSMF2.models.experts :: [CondGlow.init_actnorm] step 6 done
2026-05-16 18:54:09,950 INFO CSMF2.models.flows.glow.actnorm :: [Actnorm] data-init: C=4  s_mean=0.960  b_mean=-0.046
2026-05-16 18:54:09,953 INFO CSMF2.models.experts :: [CondGlow.init_actnorm] step 7 done
2026-05-16 18:54:09,953 INFO CSMF2.step_1_1_1.run :: [run] logdet twin check SKIPPED for Glow: twin-flow logdet check incompatible with image-shape Glow; per-epoch invertibility_check covers correctness
2026-05-16 18:54:17,413 INFO CSMF2.step_1_1_1.run :: [h] epoch=0 step=50 total=0.05212 batch=0.02979
2026-05-16 18:54:17,413 INFO CSMF2.step_1_1_1.run :: [lat] epoch=0 step=50 mean_l2=0.06900 std_l2=0.26791
2026-05-16 18:54:17,449 INFO CSMF2.step_1_1_1.run :: epoch=0 step=50/429 train_nll=-1939.221
2026-05-16 18:54:24,869 INFO CSMF2.step_1_1_1.run :: [h] epoch=0 step=100 total=0.05093 batch=0.03156
2026-05-16 18:54:24,870 INFO CSMF2.step_1_1_1.run :: [lat] epoch=0 step=100 mean_l2=0.27232 std_l2=0.20346
2026-05-16 18:54:24,906 INFO CSMF2.step_1_1_1.run :: epoch=0 step=100/429 train_nll=-2358.535
2026-05-16 18:54:32,416 INFO CSMF2.step_1_1_1.run :: [h] epoch=0 step=150 total=0.04820 batch=0.02949
2026-05-16 18:54:32,416 INFO CSMF2.step_1_1_1.run :: [lat] epoch=0 step=150 mean_l2=0.30831 std_l2=0.21240
2026-05-16 18:54:32,452 INFO CSMF2.step_1_1_1.run :: epoch=0 step=150/429 train_nll=-2565.874
2026-05-16 18:54:39,861 INFO CSMF2.step_1_1_1.run :: [h] epoch=0 step=200 total=0.04431 batch=0.03054
2026-05-16 18:54:39,861 INFO CSMF2.step_1_1_1.run :: [lat] epoch=0 step=200 mean_l2=0.24460 std_l2=0.13532
2026-05-16 18:54:39,897 INFO CSMF2.step_1_1_1.run :: epoch=0 step=200/429 train_nll=-2687.333
2026-05-16 18:54:47,122 INFO CSMF2.step_1_1_1.run :: [h] epoch=0 step=250 total=0.04429 batch=0.03065
2026-05-16 18:54:47,123 INFO CSMF2.step_1_1_1.run :: [lat] epoch=0 step=250 mean_l2=0.07403 std_l2=0.07289
2026-05-16 18:54:47,159 INFO CSMF2.step_1_1_1.run :: epoch=0 step=250/429 train_nll=-2776.500
2026-05-16 18:54:54,394 INFO CSMF2.step_1_1_1.run :: [h] epoch=0 step=300 total=0.04189 batch=0.03126
2026-05-16 18:54:54,395 INFO CSMF2.step_1_1_1.run :: [lat] epoch=0 step=300 mean_l2=0.14447 std_l2=0.16974
2026-05-16 18:54:54,431 INFO CSMF2.step_1_1_1.run :: epoch=0 step=300/429 train_nll=-2841.531
2026-05-16 18:55:01,888 INFO CSMF2.step_1_1_1.run :: [h] epoch=0 step=350 total=0.03870 batch=0.02972
2026-05-16 18:55:01,888 INFO CSMF2.step_1_1_1.run :: [lat] epoch=0 step=350 mean_l2=0.22434 std_l2=0.06445
2026-05-16 18:55:01,925 INFO CSMF2.step_1_1_1.run :: epoch=0 step=350/429 train_nll=-2883.755
2026-05-16 18:55:09,111 INFO CSMF2.step_1_1_1.run :: [h] epoch=0 step=400 total=0.03917 batch=0.02980
2026-05-16 18:55:09,111 INFO CSMF2.step_1_1_1.run :: [lat] epoch=0 step=400 mean_l2=0.52209 std_l2=0.08613
2026-05-16 18:55:09,148 INFO CSMF2.step_1_1_1.run :: epoch=0 step=400/429 train_nll=-2925.946
2026-05-16 18:55:16,519 INFO CSMF2.step_1_1_1.run :: epoch=0  train_nll=-2946.125  val_nll=-3272.014  t=66.6s
2026-05-16 18:55:16,528 INFO CSMF2.step_1_1_1.run :: [glow] film_gain mean=0.3023 min=0.2865 max=0.3178
2026-05-16 18:55:16,528 INFO CSMF2.step_1_1_1.run :: [shuffle] gap_mean=0.927 hinge=0.1886 lambda=1.000 margin=0.50
2026-05-16 18:55:16,528 INFO CSMF2.step_1_1_1.run :: [h_std] total=0.04564 batch=0.03028 penalty=0.01972 target=0.0500 mu=10.000
2026-05-16 18:55:16,528 INFO CSMF2.step_1_1_1.run :: [lat_epoch] mean_l2=0.19588 std_l2=0.51403 (no penalty)
2026-05-16 18:55:16,528 INFO CSMF2.step_1_1_1.run :: [y_resid] alpha=0.2652
2026-05-16 18:55:16,528 INFO CSMF2.step_1_1_1.run :: [grad] cond=32.1998 film_gain=566.4203
2026-05-16 18:55:32,289 INFO CSMF2.step_1_1_1.run :: [h] epoch=1 step=50 total=0.03896 batch=0.03091
2026-05-16 18:55:32,290 INFO CSMF2.step_1_1_1.run :: [lat] epoch=1 step=50 mean_l2=0.06867 std_l2=0.06029
2026-05-16 18:55:32,326 INFO CSMF2.step_1_1_1.run :: epoch=1 step=50/429 train_nll=-3269.169
2026-05-16 18:55:39,481 INFO CSMF2.step_1_1_1.run :: [h] epoch=1 step=100 total=0.03613 batch=0.03088
2026-05-16 18:55:39,482 INFO CSMF2.step_1_1_1.run :: [lat] epoch=1 step=100 mean_l2=0.10665 std_l2=0.08036
2026-05-16 18:55:39,518 INFO CSMF2.step_1_1_1.run :: epoch=1 step=100/429 train_nll=-3271.799
2026-05-16 18:55:46,883 INFO CSMF2.step_1_1_1.run :: [h] epoch=1 step=150 total=0.03917 batch=0.03144
2026-05-16 18:55:46,884 INFO CSMF2.step_1_1_1.run :: [lat] epoch=1 step=150 mean_l2=0.06864 std_l2=0.03742
2026-05-16 18:55:46,920 INFO CSMF2.step_1_1_1.run :: epoch=1 step=150/429 train_nll=-3268.067
2026-05-16 18:55:54,320 INFO CSMF2.step_1_1_1.run :: [h] epoch=1 step=200 total=0.03707 batch=0.02978
2026-05-16 18:55:54,320 INFO CSMF2.step_1_1_1.run :: [lat] epoch=1 step=200 mean_l2=0.06428 std_l2=0.06182
2026-05-16 18:55:54,357 INFO CSMF2.step_1_1_1.run :: epoch=1 step=200/429 train_nll=-3277.220
2026-05-16 18:56:01,714 INFO CSMF2.step_1_1_1.run :: [h] epoch=1 step=250 total=0.03886 batch=0.03178
2026-05-16 18:56:01,714 INFO CSMF2.step_1_1_1.run :: [lat] epoch=1 step=250 mean_l2=0.08395 std_l2=0.03682
2026-05-16 18:56:01,750 INFO CSMF2.step_1_1_1.run :: epoch=1 step=250/429 train_nll=-3292.002
2026-05-16 18:56:09,188 INFO CSMF2.step_1_1_1.run :: [h] epoch=1 step=300 total=0.03909 batch=0.03284
2026-05-16 18:56:09,189 INFO CSMF2.step_1_1_1.run :: [lat] epoch=1 step=300 mean_l2=0.12310 std_l2=0.06846
2026-05-16 18:56:09,225 INFO CSMF2.step_1_1_1.run :: epoch=1 step=300/429 train_nll=-3299.504
2026-05-16 18:56:16,522 INFO CSMF2.step_1_1_1.run :: [h] epoch=1 step=350 total=0.03830 batch=0.03280
2026-05-16 18:56:16,523 INFO CSMF2.step_1_1_1.run :: [lat] epoch=1 step=350 mean_l2=0.05860 std_l2=0.07499
2026-05-16 18:56:16,559 INFO CSMF2.step_1_1_1.run :: epoch=1 step=350/429 train_nll=-3304.289
2026-05-16 18:56:23,879 INFO CSMF2.step_1_1_1.run :: [h] epoch=1 step=400 total=0.03994 batch=0.03433
2026-05-16 18:56:23,880 INFO CSMF2.step_1_1_1.run :: [lat] epoch=1 step=400 mean_l2=0.05006 std_l2=0.04557
2026-05-16 18:56:23,916 INFO CSMF2.step_1_1_1.run :: epoch=1 step=400/429 train_nll=-3312.780
2026-05-16 18:56:31,415 INFO CSMF2.step_1_1_1.run :: epoch=1  train_nll=-3315.765  val_nll=-3385.915  t=66.3s
2026-05-16 18:56:31,416 INFO CSMF2.step_1_1_1.run :: [glow] film_gain mean=0.3025 min=0.2861 max=0.3213
2026-05-16 18:56:31,416 INFO CSMF2.step_1_1_1.run :: [shuffle] gap_mean=2.091 hinge=0.0158 lambda=1.000 margin=0.50
2026-05-16 18:56:31,416 INFO CSMF2.step_1_1_1.run :: [h_std] total=0.03966 batch=0.03232 penalty=0.01768 target=0.0500 mu=10.000
2026-05-16 18:56:31,416 INFO CSMF2.step_1_1_1.run :: [lat_epoch] mean_l2=0.09195 std_l2=0.04983 (no penalty)
2026-05-16 18:56:31,416 INFO CSMF2.step_1_1_1.run :: [y_resid] alpha=0.2595
2026-05-16 18:56:31,416 INFO CSMF2.step_1_1_1.run :: [grad] cond=39.3704 film_gain=276.3015
2026-05-16 18:56:46,896 INFO CSMF2.step_1_1_1.run :: [h] epoch=2 step=50 total=0.04323 batch=0.03533
2026-05-16 18:56:46,897 INFO CSMF2.step_1_1_1.run :: [lat] epoch=2 step=50 mean_l2=0.11906 std_l2=0.03495
2026-05-16 18:56:46,933 INFO CSMF2.step_1_1_1.run :: epoch=2 step=50/429 train_nll=-3328.790
2026-05-16 18:56:54,188 INFO CSMF2.step_1_1_1.run :: [h] epoch=2 step=100 total=0.03627 batch=0.03089
2026-05-16 18:56:54,189 INFO CSMF2.step_1_1_1.run :: [lat] epoch=2 step=100 mean_l2=0.22274 std_l2=0.04121
2026-05-16 18:56:54,225 INFO CSMF2.step_1_1_1.run :: epoch=2 step=100/429 train_nll=-3332.723
2026-05-16 18:57:01,564 INFO CSMF2.step_1_1_1.run :: [h] epoch=2 step=150 total=0.03771 batch=0.03298
2026-05-16 18:57:01,565 INFO CSMF2.step_1_1_1.run :: [lat] epoch=2 step=150 mean_l2=0.07887 std_l2=0.05168
2026-05-16 18:57:01,601 INFO CSMF2.step_1_1_1.run :: epoch=2 step=150/429 train_nll=-3350.288
2026-05-16 18:57:09,004 INFO CSMF2.step_1_1_1.run :: [h] epoch=2 step=200 total=0.03712 batch=0.03224
2026-05-16 18:57:09,004 INFO CSMF2.step_1_1_1.run :: [lat] epoch=2 step=200 mean_l2=0.02369 std_l2=0.02956
2026-05-16 18:57:09,040 INFO CSMF2.step_1_1_1.run :: epoch=2 step=200/429 train_nll=-3355.769
2026-05-16 18:57:16,356 INFO CSMF2.step_1_1_1.run :: [h] epoch=2 step=250 total=0.03931 batch=0.03492
2026-05-16 18:57:16,356 INFO CSMF2.step_1_1_1.run :: [lat] epoch=2 step=250 mean_l2=0.04394 std_l2=0.03192
2026-05-16 18:57:16,392 INFO CSMF2.step_1_1_1.run :: epoch=2 step=250/429 train_nll=-3364.829
2026-05-16 18:57:23,791 INFO CSMF2.step_1_1_1.run :: [h] epoch=2 step=300 total=0.03911 batch=0.03513
2026-05-16 18:57:23,791 INFO CSMF2.step_1_1_1.run :: [lat] epoch=2 step=300 mean_l2=0.05335 std_l2=0.04669
2026-05-16 18:57:23,827 INFO CSMF2.step_1_1_1.run :: epoch=2 step=300/429 train_nll=-3371.873
2026-05-16 18:57:31,088 INFO CSMF2.step_1_1_1.run :: [h] epoch=2 step=350 total=0.03927 batch=0.03444
2026-05-16 18:57:31,089 INFO CSMF2.step_1_1_1.run :: [lat] epoch=2 step=350 mean_l2=0.09772 std_l2=0.02898
2026-05-16 18:57:31,125 INFO CSMF2.step_1_1_1.run :: epoch=2 step=350/429 train_nll=-3371.070
2026-05-16 18:57:38,687 INFO CSMF2.step_1_1_1.run :: [h] epoch=2 step=400 total=0.03752 batch=0.03369
2026-05-16 18:57:38,687 INFO CSMF2.step_1_1_1.run :: [lat] epoch=2 step=400 mean_l2=0.08048 std_l2=0.02789
2026-05-16 18:57:38,723 INFO CSMF2.step_1_1_1.run :: epoch=2 step=400/429 train_nll=-3375.683
2026-05-16 18:57:46,207 INFO CSMF2.step_1_1_1.run :: epoch=2  train_nll=-3378.215  val_nll=-3417.386  t=66.6s
2026-05-16 18:57:46,207 INFO CSMF2.step_1_1_1.run :: [glow] film_gain mean=0.3005 min=0.2830 max=0.3200
2026-05-16 18:57:46,207 INFO CSMF2.step_1_1_1.run :: [shuffle] gap_mean=3.751 hinge=0.0076 lambda=1.000 margin=0.50
2026-05-16 18:57:46,207 INFO CSMF2.step_1_1_1.run :: [h_std] total=0.03861 batch=0.03368 penalty=0.01632 target=0.0500 mu=10.000
2026-05-16 18:57:46,207 INFO CSMF2.step_1_1_1.run :: [lat_epoch] mean_l2=0.07807 std_l2=0.04319 (no penalty)
2026-05-16 18:57:46,207 INFO CSMF2.step_1_1_1.run :: [y_resid] alpha=0.2362
2026-05-16 18:57:46,207 INFO CSMF2.step_1_1_1.run :: [grad] cond=22.1484 film_gain=629.0403
2026-05-16 18:58:01,780 INFO CSMF2.step_1_1_1.run :: [h] epoch=3 step=50 total=0.04010 batch=0.03596
2026-05-16 18:58:01,781 INFO CSMF2.step_1_1_1.run :: [lat] epoch=3 step=50 mean_l2=0.10247 std_l2=0.03994
2026-05-16 18:58:01,817 INFO CSMF2.step_1_1_1.run :: epoch=3 step=50/429 train_nll=-3411.884
2026-05-16 18:58:09,350 INFO CSMF2.step_1_1_1.run :: [h] epoch=3 step=100 total=0.03678 batch=0.03317
2026-05-16 18:58:09,350 INFO CSMF2.step_1_1_1.run :: [lat] epoch=3 step=100 mean_l2=0.02569 std_l2=0.04788
2026-05-16 18:58:09,387 INFO CSMF2.step_1_1_1.run :: epoch=3 step=100/429 train_nll=-3424.028
2026-05-16 18:58:16,797 INFO CSMF2.step_1_1_1.run :: [h] epoch=3 step=150 total=0.04012 batch=0.03660
2026-05-16 18:58:16,798 INFO CSMF2.step_1_1_1.run :: [lat] epoch=3 step=150 mean_l2=0.10597 std_l2=0.03711
2026-05-16 18:58:16,834 INFO CSMF2.step_1_1_1.run :: epoch=3 step=150/429 train_nll=-3413.933
2026-05-16 18:58:24,029 INFO CSMF2.step_1_1_1.run :: [h] epoch=3 step=200 total=0.03936 batch=0.03548
2026-05-16 18:58:24,030 INFO CSMF2.step_1_1_1.run :: [lat] epoch=3 step=200 mean_l2=0.03442 std_l2=0.03694
2026-05-16 18:58:24,066 INFO CSMF2.step_1_1_1.run :: epoch=3 step=200/429 train_nll=-3420.745
2026-05-16 18:58:31,422 INFO CSMF2.step_1_1_1.run :: [h] epoch=3 step=250 total=0.03823 batch=0.03513
2026-05-16 18:58:31,422 INFO CSMF2.step_1_1_1.run :: [lat] epoch=3 step=250 mean_l2=0.04490 std_l2=0.03978
2026-05-16 18:58:31,459 INFO CSMF2.step_1_1_1.run :: epoch=3 step=250/429 train_nll=-3425.076
2026-05-16 18:58:38,832 INFO CSMF2.step_1_1_1.run :: [h] epoch=3 step=300 total=0.04193 batch=0.03881
2026-05-16 18:58:38,833 INFO CSMF2.step_1_1_1.run :: [lat] epoch=3 step=300 mean_l2=0.12603 std_l2=0.03257
2026-05-16 18:58:38,869 INFO CSMF2.step_1_1_1.run :: epoch=3 step=300/429 train_nll=-3424.589
2026-05-16 18:58:46,344 INFO CSMF2.step_1_1_1.run :: [h] epoch=3 step=350 total=0.04073 batch=0.03646
2026-05-16 18:58:46,345 INFO CSMF2.step_1_1_1.run :: [lat] epoch=3 step=350 mean_l2=0.05857 std_l2=0.03292
2026-05-16 18:58:46,381 INFO CSMF2.step_1_1_1.run :: epoch=3 step=350/429 train_nll=-3417.099
2026-05-16 18:58:53,394 INFO CSMF2.step_1_1_1.run :: [h] epoch=3 step=400 total=0.03730 batch=0.03490
2026-05-16 18:58:53,395 INFO CSMF2.step_1_1_1.run :: [lat] epoch=3 step=400 mean_l2=0.03465 std_l2=0.02369
2026-05-16 18:58:53,431 INFO CSMF2.step_1_1_1.run :: epoch=3 step=400/429 train_nll=-3421.528
2026-05-16 18:59:00,831 INFO CSMF2.step_1_1_1.run :: epoch=3  train_nll=-3423.179  val_nll=-3473.779  t=66.4s
2026-05-16 18:59:00,831 INFO CSMF2.step_1_1_1.run :: [glow] film_gain mean=0.2988 min=0.2805 max=0.3187
2026-05-16 18:59:00,831 INFO CSMF2.step_1_1_1.run :: [shuffle] gap_mean=5.523 hinge=0.0070 lambda=1.000 margin=0.50
2026-05-16 18:59:00,831 INFO CSMF2.step_1_1_1.run :: [h_std] total=0.03925 batch=0.03574 penalty=0.01426 target=0.0500 mu=10.000
2026-05-16 18:59:00,831 INFO CSMF2.step_1_1_1.run :: [lat_epoch] mean_l2=0.06615 std_l2=0.04149 (no penalty)
2026-05-16 18:59:00,831 INFO CSMF2.step_1_1_1.run :: [y_resid] alpha=0.2266
2026-05-16 18:59:00,831 INFO CSMF2.step_1_1_1.run :: [grad] cond=38.5852 film_gain=809.6463
2026-05-16 18:59:16,527 INFO CSMF2.step_1_1_1.run :: [h] epoch=4 step=50 total=0.03877 batch=0.03647
2026-05-16 18:59:16,527 INFO CSMF2.step_1_1_1.run :: [lat] epoch=4 step=50 mean_l2=0.06973 std_l2=0.04518
2026-05-16 18:59:16,563 INFO CSMF2.step_1_1_1.run :: epoch=4 step=50/429 train_nll=-3463.440
2026-05-16 18:59:23,918 INFO CSMF2.step_1_1_1.run :: [h] epoch=4 step=100 total=0.04020 batch=0.03734
2026-05-16 18:59:23,918 INFO CSMF2.step_1_1_1.run :: [lat] epoch=4 step=100 mean_l2=0.06237 std_l2=0.02342
2026-05-16 18:59:23,955 INFO CSMF2.step_1_1_1.run :: epoch=4 step=100/429 train_nll=-3455.048
2026-05-16 18:59:31,327 INFO CSMF2.step_1_1_1.run :: [h] epoch=4 step=150 total=0.03939 batch=0.03500
2026-05-16 18:59:31,328 INFO CSMF2.step_1_1_1.run :: [lat] epoch=4 step=150 mean_l2=0.08713 std_l2=0.02947
2026-05-16 18:59:31,364 INFO CSMF2.step_1_1_1.run :: epoch=4 step=150/429 train_nll=-3444.921
2026-05-16 18:59:38,592 INFO CSMF2.step_1_1_1.run :: [h] epoch=4 step=200 total=0.03876 batch=0.03558
2026-05-16 18:59:38,593 INFO CSMF2.step_1_1_1.run :: [lat] epoch=4 step=200 mean_l2=0.06338 std_l2=0.02485
2026-05-16 18:59:38,629 INFO CSMF2.step_1_1_1.run :: epoch=4 step=200/429 train_nll=-3452.284
2026-05-16 18:59:46,003 INFO CSMF2.step_1_1_1.run :: [h] epoch=4 step=250 total=0.03857 batch=0.03576
2026-05-16 18:59:46,004 INFO CSMF2.step_1_1_1.run :: [lat] epoch=4 step=250 mean_l2=0.05433 std_l2=0.03494
2026-05-16 18:59:46,040 INFO CSMF2.step_1_1_1.run :: epoch=4 step=250/429 train_nll=-3454.232
2026-05-16 18:59:53,334 INFO CSMF2.step_1_1_1.run :: [h] epoch=4 step=300 total=0.04254 batch=0.03880
2026-05-16 18:59:53,334 INFO CSMF2.step_1_1_1.run :: [lat] epoch=4 step=300 mean_l2=0.14048 std_l2=0.10905
2026-05-16 18:59:53,370 INFO CSMF2.step_1_1_1.run :: epoch=4 step=300/429 train_nll=-3457.429
2026-05-16 19:00:00,394 INFO CSMF2.step_1_1_1.run :: [h] epoch=4 step=350 total=0.03753 batch=0.03423
2026-05-16 19:00:00,395 INFO CSMF2.step_1_1_1.run :: [lat] epoch=4 step=350 mean_l2=0.04540 std_l2=0.02622
2026-05-16 19:00:00,431 INFO CSMF2.step_1_1_1.run :: epoch=4 step=350/429 train_nll=-3450.733
2026-05-16 19:00:07,731 INFO CSMF2.step_1_1_1.run :: [h] epoch=4 step=400 total=0.03643 batch=0.03348
2026-05-16 19:00:07,732 INFO CSMF2.step_1_1_1.run :: [lat] epoch=4 step=400 mean_l2=0.05312 std_l2=0.03742
2026-05-16 19:00:07,768 INFO CSMF2.step_1_1_1.run :: epoch=4 step=400/429 train_nll=-3449.160
2026-05-16 19:00:15,261 INFO CSMF2.step_1_1_1.run :: epoch=4  train_nll=-3449.753  val_nll=-3453.569  t=66.2s
2026-05-16 19:00:15,261 INFO CSMF2.step_1_1_1.run :: [glow] film_gain mean=0.2964 min=0.2782 max=0.3152
2026-05-16 19:00:15,261 INFO CSMF2.step_1_1_1.run :: [shuffle] gap_mean=6.028 hinge=0.0123 lambda=1.000 margin=0.50
2026-05-16 19:00:15,261 INFO CSMF2.step_1_1_1.run :: [h_std] total=0.03957 batch=0.03578 penalty=0.01422 target=0.0500 mu=10.000
2026-05-16 19:00:15,261 INFO CSMF2.step_1_1_1.run :: [lat_epoch] mean_l2=0.05940 std_l2=0.04207 (no penalty)
2026-05-16 19:00:15,261 INFO CSMF2.step_1_1_1.run :: [y_resid] alpha=0.1978
2026-05-16 19:00:15,261 INFO CSMF2.step_1_1_1.run :: [grad] cond=16.1266 film_gain=742.4790
2026-05-16 19:00:30,728 INFO CSMF2.step_1_1_1.run :: [h] epoch=5 step=50 total=0.03619 batch=0.03377
2026-05-16 19:00:30,729 INFO CSMF2.step_1_1_1.run :: [lat] epoch=5 step=50 mean_l2=0.03621 std_l2=0.02433
2026-05-16 19:00:30,765 INFO CSMF2.step_1_1_1.run :: epoch=5 step=50/429 train_nll=-3444.657
2026-05-16 19:00:38,097 INFO CSMF2.step_1_1_1.run :: [h] epoch=5 step=100 total=0.03769 batch=0.03565
2026-05-16 19:00:38,097 INFO CSMF2.step_1_1_1.run :: [lat] epoch=5 step=100 mean_l2=0.07870 std_l2=0.02328
2026-05-16 19:00:38,133 INFO CSMF2.step_1_1_1.run :: epoch=5 step=100/429 train_nll=-3453.470
2026-05-16 19:00:45,792 INFO CSMF2.step_1_1_1.run :: [h] epoch=5 step=150 total=0.03698 batch=0.03508
2026-05-16 19:00:45,793 INFO CSMF2.step_1_1_1.run :: [lat] epoch=5 step=150 mean_l2=0.04624 std_l2=0.02698
2026-05-16 19:00:45,829 INFO CSMF2.step_1_1_1.run :: epoch=5 step=150/429 train_nll=-3463.614
2026-05-16 19:00:53,301 INFO CSMF2.step_1_1_1.run :: [h] epoch=5 step=200 total=0.04019 batch=0.03839
2026-05-16 19:00:53,302 INFO CSMF2.step_1_1_1.run :: [lat] epoch=5 step=200 mean_l2=0.10627 std_l2=0.03519
2026-05-16 19:00:53,338 INFO CSMF2.step_1_1_1.run :: epoch=5 step=200/429 train_nll=-3455.214
2026-05-16 19:01:00,523 INFO CSMF2.step_1_1_1.run :: [h] epoch=5 step=250 total=0.03752 batch=0.03478
2026-05-16 19:01:00,523 INFO CSMF2.step_1_1_1.run :: [lat] epoch=5 step=250 mean_l2=0.03002 std_l2=0.02320
2026-05-16 19:01:00,560 INFO CSMF2.step_1_1_1.run :: epoch=5 step=250/429 train_nll=-3451.900
2026-05-16 19:01:07,904 INFO CSMF2.step_1_1_1.run :: [h] epoch=5 step=300 total=0.03800 batch=0.03620
2026-05-16 19:01:07,904 INFO CSMF2.step_1_1_1.run :: [lat] epoch=5 step=300 mean_l2=0.07935 std_l2=0.02188
2026-05-16 19:01:07,941 INFO CSMF2.step_1_1_1.run :: epoch=5 step=300/429 train_nll=-3458.052
2026-05-16 19:01:15,346 INFO CSMF2.step_1_1_1.run :: [h] epoch=5 step=350 total=0.04036 batch=0.03845
2026-05-16 19:01:15,346 INFO CSMF2.step_1_1_1.run :: [lat] epoch=5 step=350 mean_l2=0.05540 std_l2=0.03834
2026-05-16 19:01:15,382 INFO CSMF2.step_1_1_1.run :: epoch=5 step=350/429 train_nll=-3461.499
2026-05-16 19:01:22,819 INFO CSMF2.step_1_1_1.run :: [h] epoch=5 step=400 total=0.03762 batch=0.03542
2026-05-16 19:01:22,819 INFO CSMF2.step_1_1_1.run :: [lat] epoch=5 step=400 mean_l2=0.06936 std_l2=0.02786
2026-05-16 19:01:22,855 INFO CSMF2.step_1_1_1.run :: epoch=5 step=400/429 train_nll=-3453.945
2026-05-16 19:01:30,477 INFO CSMF2.step_1_1_1.run :: epoch=5  train_nll=-3456.081  val_nll=-3495.660  t=67.0s
2026-05-16 19:01:30,477 INFO CSMF2.step_1_1_1.run :: [glow] film_gain mean=0.2939 min=0.2759 max=0.3132
2026-05-16 19:01:30,477 INFO CSMF2.step_1_1_1.run :: [shuffle] gap_mean=6.824 hinge=0.0946 lambda=1.000 margin=0.50
2026-05-16 19:01:30,477 INFO CSMF2.step_1_1_1.run :: [h_std] total=0.03731 batch=0.03515 penalty=0.01485 target=0.0500 mu=10.000
2026-05-16 19:01:30,477 INFO CSMF2.step_1_1_1.run :: [lat_epoch] mean_l2=0.06041 std_l2=0.04808 (no penalty)
2026-05-16 19:01:30,477 INFO CSMF2.step_1_1_1.run :: [y_resid] alpha=0.1955
2026-05-16 19:01:30,477 INFO CSMF2.step_1_1_1.run :: [grad] cond=29.4134 film_gain=956.4736
2026-05-16 19:01:45,934 INFO CSMF2.step_1_1_1.run :: [h] epoch=6 step=50 total=0.03716 batch=0.03530
2026-05-16 19:01:45,935 INFO CSMF2.step_1_1_1.run :: [lat] epoch=6 step=50 mean_l2=0.03522 std_l2=0.02993
2026-05-16 19:01:45,971 INFO CSMF2.step_1_1_1.run :: epoch=6 step=50/429 train_nll=-3476.659
2026-05-16 19:01:53,378 INFO CSMF2.step_1_1_1.run :: [h] epoch=6 step=100 total=0.03919 batch=0.03783
2026-05-16 19:01:53,378 INFO CSMF2.step_1_1_1.run :: [lat] epoch=6 step=100 mean_l2=0.04994 std_l2=0.02907
2026-05-16 19:01:53,414 INFO CSMF2.step_1_1_1.run :: epoch=6 step=100/429 train_nll=-3484.708
2026-05-16 19:02:00,733 INFO CSMF2.step_1_1_1.run :: [h] epoch=6 step=150 total=0.04036 batch=0.03876
2026-05-16 19:02:00,734 INFO CSMF2.step_1_1_1.run :: [lat] epoch=6 step=150 mean_l2=0.04458 std_l2=0.03325
2026-05-16 19:02:00,770 INFO CSMF2.step_1_1_1.run :: epoch=6 step=150/429 train_nll=-3491.777
2026-05-16 19:02:08,096 INFO CSMF2.step_1_1_1.run :: [h] epoch=6 step=200 total=0.03993 batch=0.03850
2026-05-16 19:02:08,097 INFO CSMF2.step_1_1_1.run :: [lat] epoch=6 step=200 mean_l2=0.08199 std_l2=0.03590
2026-05-16 19:02:08,133 INFO CSMF2.step_1_1_1.run :: epoch=6 step=200/429 train_nll=-3495.845
2026-05-16 19:02:15,355 INFO CSMF2.step_1_1_1.run :: [h] epoch=6 step=250 total=0.04103 batch=0.03958
2026-05-16 19:02:15,355 INFO CSMF2.step_1_1_1.run :: [lat] epoch=6 step=250 mean_l2=0.05344 std_l2=0.03272
2026-05-16 19:02:15,391 INFO CSMF2.step_1_1_1.run :: epoch=6 step=250/429 train_nll=-3494.325
2026-05-16 19:02:22,692 INFO CSMF2.step_1_1_1.run :: [h] epoch=6 step=300 total=0.04275 batch=0.04130
2026-05-16 19:02:22,693 INFO CSMF2.step_1_1_1.run :: [lat] epoch=6 step=300 mean_l2=0.06329 std_l2=0.12130
2026-05-16 19:02:22,729 INFO CSMF2.step_1_1_1.run :: epoch=6 step=300/429 train_nll=-3495.293
2026-05-16 19:02:29,778 INFO CSMF2.step_1_1_1.run :: [h] epoch=6 step=350 total=0.04140 batch=0.04001
2026-05-16 19:02:29,779 INFO CSMF2.step_1_1_1.run :: [lat] epoch=6 step=350 mean_l2=0.06199 std_l2=0.02569
2026-05-16 19:02:29,815 INFO CSMF2.step_1_1_1.run :: epoch=6 step=350/429 train_nll=-3494.472
2026-05-16 19:02:37,212 INFO CSMF2.step_1_1_1.run :: [h] epoch=6 step=400 total=0.04258 batch=0.04110
2026-05-16 19:02:37,213 INFO CSMF2.step_1_1_1.run :: [lat] epoch=6 step=400 mean_l2=0.04490 std_l2=0.04164
2026-05-16 19:02:37,249 INFO CSMF2.step_1_1_1.run :: epoch=6 step=400/429 train_nll=-3495.952
2026-05-16 19:02:44,955 INFO CSMF2.step_1_1_1.run :: epoch=6  train_nll=-3495.565  val_nll=-3516.601  t=66.3s
2026-05-16 19:02:44,955 INFO CSMF2.step_1_1_1.run :: [glow] film_gain mean=0.2929 min=0.2745 max=0.3124
2026-05-16 19:02:44,955 INFO CSMF2.step_1_1_1.run :: [shuffle] gap_mean=8.385 hinge=0.0000 lambda=1.000 margin=0.50
2026-05-16 19:02:44,955 INFO CSMF2.step_1_1_1.run :: [h_std] total=0.03932 batch=0.03777 penalty=0.01223 target=0.0500 mu=10.000
2026-05-16 19:02:44,955 INFO CSMF2.step_1_1_1.run :: [lat_epoch] mean_l2=0.05071 std_l2=0.03420 (no penalty)
2026-05-16 19:02:44,955 INFO CSMF2.step_1_1_1.run :: [y_resid] alpha=0.2042
2026-05-16 19:02:44,955 INFO CSMF2.step_1_1_1.run :: [grad] cond=40.2854 film_gain=662.3823
2026-05-16 19:03:00,431 INFO CSMF2.step_1_1_1.run :: [h] epoch=7 step=50 total=0.04029 batch=0.03883
2026-05-16 19:03:00,432 INFO CSMF2.step_1_1_1.run :: [lat] epoch=7 step=50 mean_l2=0.04156 std_l2=0.02901
2026-05-16 19:03:00,468 INFO CSMF2.step_1_1_1.run :: epoch=7 step=50/429 train_nll=-3502.535
2026-05-16 19:03:07,912 INFO CSMF2.step_1_1_1.run :: [h] epoch=7 step=100 total=0.04417 batch=0.04255
2026-05-16 19:03:07,913 INFO CSMF2.step_1_1_1.run :: [lat] epoch=7 step=100 mean_l2=0.03429 std_l2=0.03752
2026-05-16 19:03:07,949 INFO CSMF2.step_1_1_1.run :: epoch=7 step=100/429 train_nll=-3501.329
2026-05-16 19:03:15,279 INFO CSMF2.step_1_1_1.run :: [h] epoch=7 step=150 total=0.04292 batch=0.04172
2026-05-16 19:03:15,279 INFO CSMF2.step_1_1_1.run :: [lat] epoch=7 step=150 mean_l2=0.04031 std_l2=0.02249
2026-05-16 19:03:15,315 INFO CSMF2.step_1_1_1.run :: epoch=7 step=150/429 train_nll=-3500.116
2026-05-16 19:03:22,577 INFO CSMF2.step_1_1_1.run :: [h] epoch=7 step=200 total=0.04404 batch=0.04267
2026-05-16 19:03:22,577 INFO CSMF2.step_1_1_1.run :: [lat] epoch=7 step=200 mean_l2=0.03082 std_l2=0.05579
2026-05-16 19:03:22,613 INFO CSMF2.step_1_1_1.run :: epoch=7 step=200/429 train_nll=-3502.557
2026-05-16 19:03:29,923 INFO CSMF2.step_1_1_1.run :: [h] epoch=7 step=250 total=0.04435 batch=0.04322
2026-05-16 19:03:29,924 INFO CSMF2.step_1_1_1.run :: [lat] epoch=7 step=250 mean_l2=0.04533 std_l2=0.05858
2026-05-16 19:03:29,960 INFO CSMF2.step_1_1_1.run :: epoch=7 step=250/429 train_nll=-3498.846
2026-05-16 19:03:37,267 INFO CSMF2.step_1_1_1.run :: [h] epoch=7 step=300 total=0.04578 batch=0.04463
2026-05-16 19:03:37,267 INFO CSMF2.step_1_1_1.run :: [lat] epoch=7 step=300 mean_l2=0.04139 std_l2=0.02398
2026-05-16 19:03:37,303 INFO CSMF2.step_1_1_1.run :: epoch=7 step=300/429 train_nll=-3498.036
2026-05-16 19:03:44,793 INFO CSMF2.step_1_1_1.run :: [h] epoch=7 step=350 total=0.04543 batch=0.04424
2026-05-16 19:03:44,794 INFO CSMF2.step_1_1_1.run :: [lat] epoch=7 step=350 mean_l2=0.06288 std_l2=0.04543
2026-05-16 19:03:44,830 INFO CSMF2.step_1_1_1.run :: epoch=7 step=350/429 train_nll=-3499.989
2026-05-16 19:03:52,099 INFO CSMF2.step_1_1_1.run :: [h] epoch=7 step=400 total=0.04534 batch=0.04423
2026-05-16 19:03:52,099 INFO CSMF2.step_1_1_1.run :: [lat] epoch=7 step=400 mean_l2=0.04990 std_l2=0.03868
2026-05-16 19:03:52,135 INFO CSMF2.step_1_1_1.run :: epoch=7 step=400/429 train_nll=-3497.055
2026-05-16 19:03:59,754 INFO CSMF2.step_1_1_1.run :: epoch=7  train_nll=-3498.015  val_nll=-3493.345  t=66.7s
2026-05-16 19:03:59,755 INFO CSMF2.step_1_1_1.run :: [glow] film_gain mean=0.2906 min=0.2727 max=0.3104
2026-05-16 19:03:59,755 INFO CSMF2.step_1_1_1.run :: [shuffle] gap_mean=10.104 hinge=0.0000 lambda=1.000 margin=0.50
2026-05-16 19:03:59,755 INFO CSMF2.step_1_1_1.run :: [h_std] total=0.04408 batch=0.04279 penalty=0.00721 target=0.0500 mu=10.000
2026-05-16 19:03:59,755 INFO CSMF2.step_1_1_1.run :: [lat_epoch] mean_l2=0.05224 std_l2=0.03689 (no penalty)
2026-05-16 19:03:59,755 INFO CSMF2.step_1_1_1.run :: [y_resid] alpha=0.2100
2026-05-16 19:03:59,755 INFO CSMF2.step_1_1_1.run :: [grad] cond=89.0047 film_gain=1532.1437
2026-05-16 19:04:15,518 INFO CSMF2.step_1_1_1.run :: [h] epoch=8 step=50 total=0.04645 batch=0.04539
2026-05-16 19:04:15,519 INFO CSMF2.step_1_1_1.run :: [lat] epoch=8 step=50 mean_l2=0.05094 std_l2=0.05003
2026-05-16 19:04:15,555 INFO CSMF2.step_1_1_1.run :: epoch=8 step=50/429 train_nll=-3483.005
2026-05-16 19:04:23,095 INFO CSMF2.step_1_1_1.run :: [h] epoch=8 step=100 total=0.04613 batch=0.04517
2026-05-16 19:04:23,096 INFO CSMF2.step_1_1_1.run :: [lat] epoch=8 step=100 mean_l2=0.03878 std_l2=0.02867
2026-05-16 19:04:23,132 INFO CSMF2.step_1_1_1.run :: epoch=8 step=100/429 train_nll=-3499.748
2026-05-16 19:04:30,627 INFO CSMF2.step_1_1_1.run :: [h] epoch=8 step=150 total=0.04912 batch=0.04729
2026-05-16 19:04:30,628 INFO CSMF2.step_1_1_1.run :: [lat] epoch=8 step=150 mean_l2=0.05799 std_l2=0.03457
2026-05-16 19:04:30,664 INFO CSMF2.step_1_1_1.run :: epoch=8 step=150/429 train_nll=-3490.130
2026-05-16 19:04:38,170 INFO CSMF2.step_1_1_1.run :: [h] epoch=8 step=200 total=0.04654 batch=0.04524
2026-05-16 19:04:38,171 INFO CSMF2.step_1_1_1.run :: [lat] epoch=8 step=200 mean_l2=0.06333 std_l2=0.03152
2026-05-16 19:04:38,207 INFO CSMF2.step_1_1_1.run :: epoch=8 step=200/429 train_nll=-3493.508
2026-05-16 19:04:45,678 INFO CSMF2.step_1_1_1.run :: [h] epoch=8 step=250 total=0.04667 batch=0.04556
2026-05-16 19:04:45,678 INFO CSMF2.step_1_1_1.run :: [lat] epoch=8 step=250 mean_l2=0.04315 std_l2=0.08645
2026-05-16 19:04:45,714 INFO CSMF2.step_1_1_1.run :: epoch=8 step=250/429 train_nll=-3494.846
2026-05-16 19:04:53,114 INFO CSMF2.step_1_1_1.run :: [h] epoch=8 step=300 total=0.04568 batch=0.04430
2026-05-16 19:04:53,115 INFO CSMF2.step_1_1_1.run :: [lat] epoch=8 step=300 mean_l2=0.03918 std_l2=0.01968
2026-05-16 19:04:53,151 INFO CSMF2.step_1_1_1.run :: epoch=8 step=300/429 train_nll=-3491.761
2026-05-16 19:05:00,607 INFO CSMF2.step_1_1_1.run :: [h] epoch=8 step=350 total=0.04652 batch=0.04004
2026-05-16 19:05:00,607 INFO CSMF2.step_1_1_1.run :: [lat] epoch=8 step=350 mean_l2=0.03971 std_l2=0.05685
2026-05-16 19:05:00,644 INFO CSMF2.step_1_1_1.run :: epoch=8 step=350/429 train_nll=-3485.649
2026-05-16 19:05:07,960 INFO CSMF2.step_1_1_1.run :: [h] epoch=8 step=400 total=0.04069 batch=0.03854
2026-05-16 19:05:07,961 INFO CSMF2.step_1_1_1.run :: [lat] epoch=8 step=400 mean_l2=0.04009 std_l2=0.02601
2026-05-16 19:05:07,997 INFO CSMF2.step_1_1_1.run :: epoch=8 step=400/429 train_nll=-3487.793
2026-05-16 19:05:15,590 INFO CSMF2.step_1_1_1.run :: epoch=8  train_nll=-3490.479  val_nll=-3532.183  t=67.6s
2026-05-16 19:05:15,590 INFO CSMF2.step_1_1_1.run :: [glow] film_gain mean=0.2874 min=0.2664 max=0.3093
2026-05-16 19:05:15,590 INFO CSMF2.step_1_1_1.run :: [shuffle] gap_mean=9.540 hinge=0.0268 lambda=1.000 margin=0.50
2026-05-16 19:05:15,590 INFO CSMF2.step_1_1_1.run :: [h_std] total=0.04616 batch=0.04445 penalty=0.00555 target=0.0500 mu=10.000
2026-05-16 19:05:15,590 INFO CSMF2.step_1_1_1.run :: [lat_epoch] mean_l2=0.05560 std_l2=0.13448 (no penalty)
2026-05-16 19:05:15,590 INFO CSMF2.step_1_1_1.run :: [y_resid] alpha=0.1863
2026-05-16 19:05:15,590 INFO CSMF2.step_1_1_1.run :: [grad] cond=20.1936 film_gain=1513.0636
2026-05-16 19:05:31,366 INFO CSMF2.step_1_1_1.run :: [h] epoch=9 step=50 total=0.04115 batch=0.04001
2026-05-16 19:05:31,366 INFO CSMF2.step_1_1_1.run :: [lat] epoch=9 step=50 mean_l2=0.04795 std_l2=0.02726
2026-05-16 19:05:31,403 INFO CSMF2.step_1_1_1.run :: epoch=9 step=50/429 train_nll=-3525.804
2026-05-16 19:05:39,318 INFO CSMF2.step_1_1_1.run :: [h] epoch=9 step=100 total=0.04132 batch=0.04028
2026-05-16 19:05:39,318 INFO CSMF2.step_1_1_1.run :: [lat] epoch=9 step=100 mean_l2=0.03671 std_l2=0.02819
2026-05-16 19:05:39,355 INFO CSMF2.step_1_1_1.run :: epoch=9 step=100/429 train_nll=-3526.277
2026-05-16 19:05:46,674 INFO CSMF2.step_1_1_1.run :: [h] epoch=9 step=150 total=0.04279 batch=0.04163
2026-05-16 19:05:46,674 INFO CSMF2.step_1_1_1.run :: [lat] epoch=9 step=150 mean_l2=0.03231 std_l2=0.02217
2026-05-16 19:05:46,710 INFO CSMF2.step_1_1_1.run :: epoch=9 step=150/429 train_nll=-3529.748
2026-05-16 19:05:54,090 INFO CSMF2.step_1_1_1.run :: [h] epoch=9 step=200 total=0.04417 batch=0.04311
2026-05-16 19:05:54,090 INFO CSMF2.step_1_1_1.run :: [lat] epoch=9 step=200 mean_l2=0.04583 std_l2=0.02605
2026-05-16 19:05:54,126 INFO CSMF2.step_1_1_1.run :: epoch=9 step=200/429 train_nll=-3525.456
2026-05-16 19:06:01,252 INFO CSMF2.step_1_1_1.run :: [h] epoch=9 step=250 total=0.04405 batch=0.04306
2026-05-16 19:06:01,252 INFO CSMF2.step_1_1_1.run :: [lat] epoch=9 step=250 mean_l2=0.05493 std_l2=0.02148
2026-05-16 19:06:01,289 INFO CSMF2.step_1_1_1.run :: epoch=9 step=250/429 train_nll=-3526.314
2026-05-16 19:06:08,729 INFO CSMF2.step_1_1_1.run :: [h] epoch=9 step=300 total=0.04569 batch=0.04438
2026-05-16 19:06:08,730 INFO CSMF2.step_1_1_1.run :: [lat] epoch=9 step=300 mean_l2=0.10343 std_l2=0.06079
2026-05-16 19:06:08,766 INFO CSMF2.step_1_1_1.run :: epoch=9 step=300/429 train_nll=-3522.690
2026-05-16 19:06:16,132 INFO CSMF2.step_1_1_1.run :: [h] epoch=9 step=350 total=0.04141 batch=0.04039
2026-05-16 19:06:16,132 INFO CSMF2.step_1_1_1.run :: [lat] epoch=9 step=350 mean_l2=0.08648 std_l2=0.02522
2026-05-16 19:06:16,168 INFO CSMF2.step_1_1_1.run :: epoch=9 step=350/429 train_nll=-3516.267
2026-05-16 19:06:23,474 INFO CSMF2.step_1_1_1.run :: [h] epoch=9 step=400 total=0.04103 batch=0.04029
2026-05-16 19:06:23,474 INFO CSMF2.step_1_1_1.run :: [lat] epoch=9 step=400 mean_l2=0.04574 std_l2=0.02278
2026-05-16 19:06:23,510 INFO CSMF2.step_1_1_1.run :: epoch=9 step=400/429 train_nll=-3515.824
2026-05-16 19:06:31,191 INFO CSMF2.step_1_1_1.run :: epoch=9  train_nll=-3518.121  val_nll=-3556.050  t=67.4s
2026-05-16 19:06:31,191 INFO CSMF2.step_1_1_1.run :: [glow] film_gain mean=0.2857 min=0.2662 max=0.3061
2026-05-16 19:06:31,192 INFO CSMF2.step_1_1_1.run :: [shuffle] gap_mean=11.019 hinge=0.0000 lambda=1.000 margin=0.50
2026-05-16 19:06:31,192 INFO CSMF2.step_1_1_1.run :: [h_std] total=0.04320 batch=0.04202 penalty=0.00798 target=0.0500 mu=10.000
2026-05-16 19:06:31,192 INFO CSMF2.step_1_1_1.run :: [lat_epoch] mean_l2=0.04921 std_l2=0.10028 (no penalty)
2026-05-16 19:06:31,192 INFO CSMF2.step_1_1_1.run :: [y_resid] alpha=0.1891
2026-05-16 19:06:31,192 INFO CSMF2.step_1_1_1.run :: [grad] cond=16.6832 film_gain=791.6591
2026-05-16 19:06:46,674 INFO CSMF2.step_1_1_1.run :: [h] epoch=10 step=50 total=0.04549 batch=0.04443
2026-05-16 19:06:46,674 INFO CSMF2.step_1_1_1.run :: [lat] epoch=10 step=50 mean_l2=0.04185 std_l2=0.02487
2026-05-16 19:06:46,710 INFO CSMF2.step_1_1_1.run :: epoch=10 step=50/429 train_nll=-3537.566
2026-05-16 19:06:54,091 INFO CSMF2.step_1_1_1.run :: [h] epoch=10 step=100 total=0.04465 batch=0.04396
2026-05-16 19:06:54,091 INFO CSMF2.step_1_1_1.run :: [lat] epoch=10 step=100 mean_l2=0.04418 std_l2=0.01766
2026-05-16 19:06:54,127 INFO CSMF2.step_1_1_1.run :: epoch=10 step=100/429 train_nll=-3539.539
2026-05-16 19:07:01,431 INFO CSMF2.step_1_1_1.run :: [h] epoch=10 step=150 total=0.05052 batch=0.04903
2026-05-16 19:07:01,432 INFO CSMF2.step_1_1_1.run :: [lat] epoch=10 step=150 mean_l2=0.08450 std_l2=0.02292
2026-05-16 19:07:01,468 INFO CSMF2.step_1_1_1.run :: epoch=10 step=150/429 train_nll=-3534.091
2026-05-16 19:07:08,929 INFO CSMF2.step_1_1_1.run :: [h] epoch=10 step=200 total=0.04692 batch=0.04606
2026-05-16 19:07:08,930 INFO CSMF2.step_1_1_1.run :: [lat] epoch=10 step=200 mean_l2=0.03378 std_l2=0.02157
2026-05-16 19:07:08,966 INFO CSMF2.step_1_1_1.run :: epoch=10 step=200/429 train_nll=-3531.978
2026-05-16 19:07:16,188 INFO CSMF2.step_1_1_1.run :: [h] epoch=10 step=250 total=0.04827 batch=0.04713
2026-05-16 19:07:16,189 INFO CSMF2.step_1_1_1.run :: [lat] epoch=10 step=250 mean_l2=0.06995 std_l2=0.02605
2026-05-16 19:07:16,225 INFO CSMF2.step_1_1_1.run :: epoch=10 step=250/429 train_nll=-3529.362
2026-05-16 19:07:23,512 INFO CSMF2.step_1_1_1.run :: [h] epoch=10 step=300 total=0.04787 batch=0.04697
2026-05-16 19:07:23,513 INFO CSMF2.step_1_1_1.run :: [lat] epoch=10 step=300 mean_l2=0.08976 std_l2=0.07286
2026-05-16 19:07:23,549 INFO CSMF2.step_1_1_1.run :: epoch=10 step=300/429 train_nll=-3531.784
2026-05-16 19:07:30,785 INFO CSMF2.step_1_1_1.run :: [h] epoch=10 step=350 total=0.05000 batch=0.04890
2026-05-16 19:07:30,785 INFO CSMF2.step_1_1_1.run :: [lat] epoch=10 step=350 mean_l2=0.04538 std_l2=0.02742
2026-05-16 19:07:30,822 INFO CSMF2.step_1_1_1.run :: epoch=10 step=350/429 train_nll=-3528.896
2026-05-16 19:07:38,295 INFO CSMF2.step_1_1_1.run :: [h] epoch=10 step=400 total=0.04535 batch=0.04449
2026-05-16 19:07:38,296 INFO CSMF2.step_1_1_1.run :: [lat] epoch=10 step=400 mean_l2=0.03541 std_l2=0.02196
2026-05-16 19:07:38,332 INFO CSMF2.step_1_1_1.run :: epoch=10 step=400/429 train_nll=-3528.155
2026-05-16 19:07:45,652 INFO CSMF2.step_1_1_1.run :: epoch=10  train_nll=-3529.338  val_nll=-3541.880  t=66.2s
2026-05-16 19:07:45,652 INFO CSMF2.step_1_1_1.run :: [glow] film_gain mean=0.2841 min=0.2643 max=0.3032
2026-05-16 19:07:45,652 INFO CSMF2.step_1_1_1.run :: [shuffle] gap_mean=11.831 hinge=0.0000 lambda=1.000 margin=0.50
2026-05-16 19:07:45,652 INFO CSMF2.step_1_1_1.run :: [h_std] total=0.04661 batch=0.04571 penalty=0.00429 target=0.0500 mu=10.000
2026-05-16 19:07:45,652 INFO CSMF2.step_1_1_1.run :: [lat_epoch] mean_l2=0.04773 std_l2=0.03110 (no penalty)
2026-05-16 19:07:45,652 INFO CSMF2.step_1_1_1.run :: [y_resid] alpha=0.1959
2026-05-16 19:07:45,652 INFO CSMF2.step_1_1_1.run :: [grad] cond=32.4854 film_gain=1516.1362
2026-05-16 19:08:01,204 INFO CSMF2.step_1_1_1.run :: [h] epoch=11 step=50 total=0.05074 batch=0.04990
2026-05-16 19:08:01,204 INFO CSMF2.step_1_1_1.run :: [lat] epoch=11 step=50 mean_l2=0.04539 std_l2=0.03654
2026-05-16 19:08:01,240 INFO CSMF2.step_1_1_1.run :: epoch=11 step=50/429 train_nll=-3539.766
2026-05-16 19:08:08,648 INFO CSMF2.step_1_1_1.run :: [h] epoch=11 step=100 total=0.05082 batch=0.05004
2026-05-16 19:08:08,648 INFO CSMF2.step_1_1_1.run :: [lat] epoch=11 step=100 mean_l2=0.03929 std_l2=0.02738
2026-05-16 19:08:08,685 INFO CSMF2.step_1_1_1.run :: epoch=11 step=100/429 train_nll=-3538.097
2026-05-16 19:08:16,026 INFO CSMF2.step_1_1_1.run :: [h] epoch=11 step=150 total=0.05103 batch=0.05030
2026-05-16 19:08:16,026 INFO CSMF2.step_1_1_1.run :: [lat] epoch=11 step=150 mean_l2=0.02916 std_l2=0.03658
2026-05-16 19:08:16,062 INFO CSMF2.step_1_1_1.run :: epoch=11 step=150/429 train_nll=-3535.792
2026-05-16 19:08:23,575 INFO CSMF2.step_1_1_1.run :: [h] epoch=11 step=200 total=0.04917 batch=0.04791
2026-05-16 19:08:23,575 INFO CSMF2.step_1_1_1.run :: [lat] epoch=11 step=200 mean_l2=0.03370 std_l2=0.02335
2026-05-16 19:08:23,611 INFO CSMF2.step_1_1_1.run :: epoch=11 step=200/429 train_nll=-3532.146
2026-05-16 19:08:30,913 INFO CSMF2.step_1_1_1.run :: [h] epoch=11 step=250 total=0.04915 batch=0.04848
2026-05-16 19:08:30,914 INFO CSMF2.step_1_1_1.run :: [lat] epoch=11 step=250 mean_l2=0.03053 std_l2=0.02513
2026-05-16 19:08:30,950 INFO CSMF2.step_1_1_1.run :: epoch=11 step=250/429 train_nll=-3537.430
2026-05-16 19:08:38,062 INFO CSMF2.step_1_1_1.run :: [h] epoch=11 step=300 total=0.04895 batch=0.04744
2026-05-16 19:08:38,063 INFO CSMF2.step_1_1_1.run :: [lat] epoch=11 step=300 mean_l2=0.05205 std_l2=0.02493
2026-05-16 19:08:38,099 INFO CSMF2.step_1_1_1.run :: epoch=11 step=300/429 train_nll=-3528.179
2026-05-16 19:08:45,460 INFO CSMF2.step_1_1_1.run :: [h] epoch=11 step=350 total=0.04449 batch=0.04355
2026-05-16 19:08:45,461 INFO CSMF2.step_1_1_1.run :: [lat] epoch=11 step=350 mean_l2=0.04939 std_l2=0.04149
2026-05-16 19:08:45,497 INFO CSMF2.step_1_1_1.run :: epoch=11 step=350/429 train_nll=-3525.883
2026-05-16 19:08:52,719 INFO CSMF2.step_1_1_1.run :: [h] epoch=11 step=400 total=0.04675 batch=0.04601
2026-05-16 19:08:52,720 INFO CSMF2.step_1_1_1.run :: [lat] epoch=11 step=400 mean_l2=0.09154 std_l2=0.09001
2026-05-16 19:08:52,756 INFO CSMF2.step_1_1_1.run :: epoch=11 step=400/429 train_nll=-3527.812
2026-05-16 19:09:00,147 INFO CSMF2.step_1_1_1.run :: epoch=11  train_nll=-3527.749  val_nll=-3551.183  t=66.3s
2026-05-16 19:09:00,147 INFO CSMF2.step_1_1_1.run :: [glow] film_gain mean=0.2811 min=0.2614 max=0.2991
2026-05-16 19:09:00,147 INFO CSMF2.step_1_1_1.run :: [shuffle] gap_mean=11.489 hinge=0.0087 lambda=1.000 margin=0.50
2026-05-16 19:09:00,147 INFO CSMF2.step_1_1_1.run :: [h_std] total=0.04867 batch=0.04767 penalty=0.00240 target=0.0500 mu=10.000
2026-05-16 19:09:00,147 INFO CSMF2.step_1_1_1.run :: [lat_epoch] mean_l2=0.04905 std_l2=0.03547 (no penalty)
2026-05-16 19:09:00,147 INFO CSMF2.step_1_1_1.run :: [y_resid] alpha=0.1890
2026-05-16 19:09:00,147 INFO CSMF2.step_1_1_1.run :: [grad] cond=12.7318 film_gain=1051.4649
2026-05-16 19:09:15,551 INFO CSMF2.step_1_1_1.run :: [h] epoch=12 step=50 total=0.04717 batch=0.04649
2026-05-16 19:09:15,551 INFO CSMF2.step_1_1_1.run :: [lat] epoch=12 step=50 mean_l2=0.03511 std_l2=0.02896
2026-05-16 19:09:15,588 INFO CSMF2.step_1_1_1.run :: epoch=12 step=50/429 train_nll=-3538.889
2026-05-16 19:09:22,910 INFO CSMF2.step_1_1_1.run :: [h] epoch=12 step=100 total=0.04965 batch=0.04909
2026-05-16 19:09:22,911 INFO CSMF2.step_1_1_1.run :: [lat] epoch=12 step=100 mean_l2=0.03097 std_l2=0.03023
2026-05-16 19:09:22,947 INFO CSMF2.step_1_1_1.run :: epoch=12 step=100/429 train_nll=-3546.374
2026-05-16 19:09:30,058 INFO CSMF2.step_1_1_1.run :: [h] epoch=12 step=150 total=0.04823 batch=0.04773
2026-05-16 19:09:30,059 INFO CSMF2.step_1_1_1.run :: [lat] epoch=12 step=150 mean_l2=0.03504 std_l2=0.02423
2026-05-16 19:09:30,095 INFO CSMF2.step_1_1_1.run :: epoch=12 step=150/429 train_nll=-3549.929
2026-05-16 19:09:37,543 INFO CSMF2.step_1_1_1.run :: [h] epoch=12 step=200 total=0.05014 batch=0.04952
2026-05-16 19:09:37,544 INFO CSMF2.step_1_1_1.run :: [lat] epoch=12 step=200 mean_l2=0.06138 std_l2=0.04421
2026-05-16 19:09:37,580 INFO CSMF2.step_1_1_1.run :: epoch=12 step=200/429 train_nll=-3552.484
2026-05-16 19:09:44,803 INFO CSMF2.step_1_1_1.run :: [h] epoch=12 step=250 total=0.04969 batch=0.04757
2026-05-16 19:09:44,803 INFO CSMF2.step_1_1_1.run :: [lat] epoch=12 step=250 mean_l2=0.05154 std_l2=0.02427
2026-05-16 19:09:44,839 INFO CSMF2.step_1_1_1.run :: epoch=12 step=250/429 train_nll=-3547.351
2026-05-16 19:09:52,092 INFO CSMF2.step_1_1_1.run :: [h] epoch=12 step=300 total=0.04809 batch=0.04694
2026-05-16 19:09:52,093 INFO CSMF2.step_1_1_1.run :: [lat] epoch=12 step=300 mean_l2=0.05054 std_l2=0.02981
2026-05-16 19:09:52,129 INFO CSMF2.step_1_1_1.run :: epoch=12 step=300/429 train_nll=-3548.337
2026-05-16 19:09:59,817 INFO CSMF2.step_1_1_1.run :: [h] epoch=12 step=350 total=0.04749 batch=0.04660
2026-05-16 19:09:59,817 INFO CSMF2.step_1_1_1.run :: [lat] epoch=12 step=350 mean_l2=0.03835 std_l2=0.03152
2026-05-16 19:09:59,853 INFO CSMF2.step_1_1_1.run :: epoch=12 step=350/429 train_nll=-3547.330
2026-05-16 19:10:07,390 INFO CSMF2.step_1_1_1.run :: [h] epoch=12 step=400 total=0.04930 batch=0.04880
2026-05-16 19:10:07,390 INFO CSMF2.step_1_1_1.run :: [lat] epoch=12 step=400 mean_l2=0.03830 std_l2=0.02444
2026-05-16 19:10:07,426 INFO CSMF2.step_1_1_1.run :: epoch=12 step=400/429 train_nll=-3549.358
2026-05-16 19:10:15,120 INFO CSMF2.step_1_1_1.run :: epoch=12  train_nll=-3549.696  val_nll=-3560.195  t=66.7s
2026-05-16 19:10:15,120 INFO CSMF2.step_1_1_1.run :: [glow] film_gain mean=0.2802 min=0.2604 max=0.2978
2026-05-16 19:10:15,120 INFO CSMF2.step_1_1_1.run :: [shuffle] gap_mean=12.875 hinge=0.0000 lambda=1.000 margin=0.50
2026-05-16 19:10:15,120 INFO CSMF2.step_1_1_1.run :: [h_std] total=0.04910 batch=0.04824 penalty=0.00183 target=0.0500 mu=10.000
2026-05-16 19:10:15,120 INFO CSMF2.step_1_1_1.run :: [lat_epoch] mean_l2=0.04302 std_l2=0.02818 (no penalty)
2026-05-16 19:10:15,120 INFO CSMF2.step_1_1_1.run :: [y_resid] alpha=0.1918
2026-05-16 19:10:15,120 INFO CSMF2.step_1_1_1.run :: [grad] cond=18.3670 film_gain=1049.0105
2026-05-16 19:10:30,728 INFO CSMF2.step_1_1_1.run :: [h] epoch=13 step=50 total=0.05145 batch=0.05038
2026-05-16 19:10:30,728 INFO CSMF2.step_1_1_1.run :: [lat] epoch=13 step=50 mean_l2=0.04264 std_l2=0.03567
2026-05-16 19:10:30,764 INFO CSMF2.step_1_1_1.run :: epoch=13 step=50/429 train_nll=-3511.613
2026-05-16 19:10:38,132 INFO CSMF2.step_1_1_1.run :: [h] epoch=13 step=100 total=0.05055 batch=0.05001
2026-05-16 19:10:38,133 INFO CSMF2.step_1_1_1.run :: [lat] epoch=13 step=100 mean_l2=0.04326 std_l2=0.02305
2026-05-16 19:10:38,169 INFO CSMF2.step_1_1_1.run :: epoch=13 step=100/429 train_nll=-3531.335
2026-05-16 19:10:45,499 INFO CSMF2.step_1_1_1.run :: [h] epoch=13 step=150 total=0.05000 batch=0.04947
2026-05-16 19:10:45,499 INFO CSMF2.step_1_1_1.run :: [lat] epoch=13 step=150 mean_l2=0.04168 std_l2=0.02062
2026-05-16 19:10:45,535 INFO CSMF2.step_1_1_1.run :: epoch=13 step=150/429 train_nll=-3538.189
2026-05-16 19:10:52,969 INFO CSMF2.step_1_1_1.run :: [h] epoch=13 step=200 total=0.04829 batch=0.04707
2026-05-16 19:10:52,970 INFO CSMF2.step_1_1_1.run :: [lat] epoch=13 step=200 mean_l2=0.05526 std_l2=0.03020
2026-05-16 19:10:53,006 INFO CSMF2.step_1_1_1.run :: epoch=13 step=200/429 train_nll=-3537.134
2026-05-16 19:11:00,195 INFO CSMF2.step_1_1_1.run :: [h] epoch=13 step=250 total=0.04921 batch=0.04857
2026-05-16 19:11:00,195 INFO CSMF2.step_1_1_1.run :: [lat] epoch=13 step=250 mean_l2=0.03249 std_l2=0.02195
2026-05-16 19:11:00,232 INFO CSMF2.step_1_1_1.run :: epoch=13 step=250/429 train_nll=-3541.404
2026-05-16 19:11:07,680 INFO CSMF2.step_1_1_1.run :: [h] epoch=13 step=300 total=0.04873 batch=0.04792
2026-05-16 19:11:07,680 INFO CSMF2.step_1_1_1.run :: [lat] epoch=13 step=300 mean_l2=0.03524 std_l2=0.02480
2026-05-16 19:11:07,716 INFO CSMF2.step_1_1_1.run :: epoch=13 step=300/429 train_nll=-3543.919
2026-05-16 19:11:15,001 INFO CSMF2.step_1_1_1.run :: [h] epoch=13 step=350 total=0.05280 batch=0.05192
2026-05-16 19:11:15,001 INFO CSMF2.step_1_1_1.run :: [lat] epoch=13 step=350 mean_l2=0.02720 std_l2=0.02310
2026-05-16 19:11:15,037 INFO CSMF2.step_1_1_1.run :: epoch=13 step=350/429 train_nll=-3548.867
2026-05-16 19:11:22,373 INFO CSMF2.step_1_1_1.run :: [h] epoch=13 step=400 total=0.04972 batch=0.04787
2026-05-16 19:11:22,373 INFO CSMF2.step_1_1_1.run :: [lat] epoch=13 step=400 mean_l2=0.04504 std_l2=0.02302
2026-05-16 19:11:22,410 INFO CSMF2.step_1_1_1.run :: epoch=13 step=400/429 train_nll=-3545.652
2026-05-16 19:11:29,836 INFO CSMF2.step_1_1_1.run :: epoch=13  train_nll=-3545.466  val_nll=-3464.963  t=66.5s
2026-05-16 19:11:29,836 INFO CSMF2.step_1_1_1.run :: [glow] film_gain mean=0.2782 min=0.2587 max=0.2953
2026-05-16 19:11:29,836 INFO CSMF2.step_1_1_1.run :: [shuffle] gap_mean=13.037 hinge=0.0019 lambda=1.000 margin=0.50
2026-05-16 19:11:29,836 INFO CSMF2.step_1_1_1.run :: [h_std] total=0.05026 batch=0.04943 penalty=0.00085 target=0.0500 mu=10.000
2026-05-16 19:11:29,836 INFO CSMF2.step_1_1_1.run :: [lat_epoch] mean_l2=0.04519 std_l2=0.03479 (no penalty)
2026-05-16 19:11:29,836 INFO CSMF2.step_1_1_1.run :: [y_resid] alpha=0.1884
2026-05-16 19:11:29,836 INFO CSMF2.step_1_1_1.run :: [grad] cond=41.5699 film_gain=2935.3956
2026-05-16 19:11:45,431 INFO CSMF2.step_1_1_1.run :: [h] epoch=14 step=50 total=0.05266 batch=0.05194
2026-05-16 19:11:45,432 INFO CSMF2.step_1_1_1.run :: [lat] epoch=14 step=50 mean_l2=0.03578 std_l2=0.03013
2026-05-16 19:11:45,468 INFO CSMF2.step_1_1_1.run :: epoch=14 step=50/429 train_nll=-3549.083
2026-05-16 19:11:52,829 INFO CSMF2.step_1_1_1.run :: [h] epoch=14 step=100 total=0.05259 batch=0.05194
2026-05-16 19:11:52,830 INFO CSMF2.step_1_1_1.run :: [lat] epoch=14 step=100 mean_l2=0.06449 std_l2=0.02296
2026-05-16 19:11:52,866 INFO CSMF2.step_1_1_1.run :: epoch=14 step=100/429 train_nll=-3557.641
2026-05-16 19:12:00,138 INFO CSMF2.step_1_1_1.run :: [h] epoch=14 step=150 total=0.05139 batch=0.05096
2026-05-16 19:12:00,139 INFO CSMF2.step_1_1_1.run :: [lat] epoch=14 step=150 mean_l2=0.02735 std_l2=0.03094
2026-05-16 19:12:00,175 INFO CSMF2.step_1_1_1.run :: epoch=14 step=150/429 train_nll=-3550.809
2026-05-16 19:12:07,566 INFO CSMF2.step_1_1_1.run :: [h] epoch=14 step=200 total=0.04845 batch=0.04763
2026-05-16 19:12:07,566 INFO CSMF2.step_1_1_1.run :: [lat] epoch=14 step=200 mean_l2=0.07888 std_l2=0.03763
2026-05-16 19:12:07,602 INFO CSMF2.step_1_1_1.run :: epoch=14 step=200/429 train_nll=-3553.569
2026-05-16 19:12:14,854 INFO CSMF2.step_1_1_1.run :: [h] epoch=14 step=250 total=0.05106 batch=0.05015
2026-05-16 19:12:14,854 INFO CSMF2.step_1_1_1.run :: [lat] epoch=14 step=250 mean_l2=0.02940 std_l2=0.02228
2026-05-16 19:12:14,890 INFO CSMF2.step_1_1_1.run :: epoch=14 step=250/429 train_nll=-3554.344
2026-05-16 19:12:22,108 INFO CSMF2.step_1_1_1.run :: [h] epoch=14 step=300 total=0.05124 batch=0.05080
2026-05-16 19:12:22,108 INFO CSMF2.step_1_1_1.run :: [lat] epoch=14 step=300 mean_l2=0.04858 std_l2=0.02634
2026-05-16 19:12:22,144 INFO CSMF2.step_1_1_1.run :: epoch=14 step=300/429 train_nll=-3557.746
2026-05-16 19:12:29,581 INFO CSMF2.step_1_1_1.run :: [h] epoch=14 step=350 total=0.04856 batch=0.04731
2026-05-16 19:12:29,582 INFO CSMF2.step_1_1_1.run :: [lat] epoch=14 step=350 mean_l2=0.04167 std_l2=0.04156
2026-05-16 19:12:29,618 INFO CSMF2.step_1_1_1.run :: epoch=14 step=350/429 train_nll=-3550.951
2026-05-16 19:12:36,996 INFO CSMF2.step_1_1_1.run :: [h] epoch=14 step=400 total=0.05555 batch=0.04804
2026-05-16 19:12:36,996 INFO CSMF2.step_1_1_1.run :: [lat] epoch=14 step=400 mean_l2=0.04417 std_l2=0.04856
2026-05-16 19:12:37,032 INFO CSMF2.step_1_1_1.run :: epoch=14 step=400/429 train_nll=-3543.502
2026-05-16 19:12:44,623 INFO CSMF2.step_1_1_1.run :: epoch=14  train_nll=-3543.056  val_nll=-3573.000  t=66.6s
2026-05-16 19:12:44,624 INFO CSMF2.step_1_1_1.run :: [glow] film_gain mean=0.2748 min=0.2541 max=0.2892
2026-05-16 19:12:44,624 INFO CSMF2.step_1_1_1.run :: [shuffle] gap_mean=13.569 hinge=0.0000 lambda=1.000 margin=0.50
2026-05-16 19:12:44,624 INFO CSMF2.step_1_1_1.run :: [h_std] total=0.05044 batch=0.04938 penalty=0.00099 target=0.0500 mu=10.000
2026-05-16 19:12:44,624 INFO CSMF2.step_1_1_1.run :: [lat_epoch] mean_l2=0.04697 std_l2=0.03666 (no penalty)
2026-05-16 19:12:44,624 INFO CSMF2.step_1_1_1.run :: [y_resid] alpha=0.1727
2026-05-16 19:12:44,624 INFO CSMF2.step_1_1_1.run :: [grad] cond=76.7306 film_gain=455.2587
2026-05-16 19:13:00,276 INFO CSMF2.step_1_1_1.run :: [h] epoch=15 step=50 total=0.04358 batch=0.04269
2026-05-16 19:13:00,277 INFO CSMF2.step_1_1_1.run :: [lat] epoch=15 step=50 mean_l2=0.11718 std_l2=0.02700
2026-05-16 19:13:00,313 INFO CSMF2.step_1_1_1.run :: epoch=15 step=50/429 train_nll=-3553.904
2026-05-16 19:13:07,915 INFO CSMF2.step_1_1_1.run :: [h] epoch=15 step=100 total=0.04537 batch=0.04435
2026-05-16 19:13:07,915 INFO CSMF2.step_1_1_1.run :: [lat] epoch=15 step=100 mean_l2=0.03978 std_l2=0.03601
2026-05-16 19:13:07,951 INFO CSMF2.step_1_1_1.run :: epoch=15 step=100/429 train_nll=-3554.973
2026-05-16 19:13:15,387 INFO CSMF2.step_1_1_1.run :: [h] epoch=15 step=150 total=0.04761 batch=0.04692
2026-05-16 19:13:15,387 INFO CSMF2.step_1_1_1.run :: [lat] epoch=15 step=150 mean_l2=0.03239 std_l2=0.04228
2026-05-16 19:13:15,424 INFO CSMF2.step_1_1_1.run :: epoch=15 step=150/429 train_nll=-3550.822
2026-05-16 19:13:22,741 INFO CSMF2.step_1_1_1.run :: [h] epoch=15 step=200 total=0.04652 batch=0.04593
2026-05-16 19:13:22,742 INFO CSMF2.step_1_1_1.run :: [lat] epoch=15 step=200 mean_l2=0.03738 std_l2=0.02080
2026-05-16 19:13:22,778 INFO CSMF2.step_1_1_1.run :: epoch=15 step=200/429 train_nll=-3550.509
2026-05-16 19:13:30,024 INFO CSMF2.step_1_1_1.run :: [h] epoch=15 step=250 total=0.04638 batch=0.04583
2026-05-16 19:13:30,024 INFO CSMF2.step_1_1_1.run :: [lat] epoch=15 step=250 mean_l2=0.03395 std_l2=0.02316
2026-05-16 19:13:30,060 INFO CSMF2.step_1_1_1.run :: epoch=15 step=250/429 train_nll=-3553.736
2026-05-16 19:13:37,460 INFO CSMF2.step_1_1_1.run :: [h] epoch=15 step=300 total=0.05017 batch=0.04945
2026-05-16 19:13:37,461 INFO CSMF2.step_1_1_1.run :: [lat] epoch=15 step=300 mean_l2=0.02822 std_l2=0.02314
2026-05-16 19:13:37,497 INFO CSMF2.step_1_1_1.run :: epoch=15 step=300/429 train_nll=-3554.259
2026-05-16 19:13:44,873 INFO CSMF2.step_1_1_1.run :: [h] epoch=15 step=350 total=0.04863 batch=0.04809
2026-05-16 19:13:44,873 INFO CSMF2.step_1_1_1.run :: [lat] epoch=15 step=350 mean_l2=0.02980 std_l2=0.01926
2026-05-16 19:13:44,909 INFO CSMF2.step_1_1_1.run :: epoch=15 step=350/429 train_nll=-3556.383
2026-05-16 19:13:52,292 INFO CSMF2.step_1_1_1.run :: [h] epoch=15 step=400 total=0.04953 batch=0.04884
2026-05-16 19:13:52,292 INFO CSMF2.step_1_1_1.run :: [lat] epoch=15 step=400 mean_l2=0.04268 std_l2=0.02198
2026-05-16 19:13:52,329 INFO CSMF2.step_1_1_1.run :: epoch=15 step=400/429 train_nll=-3559.932
2026-05-16 19:14:00,067 INFO CSMF2.step_1_1_1.run :: epoch=15  train_nll=-3560.629  val_nll=-3561.420  t=67.3s
2026-05-16 19:14:00,067 INFO CSMF2.step_1_1_1.run :: [glow] film_gain mean=0.2740 min=0.2533 max=0.2898
2026-05-16 19:14:00,067 INFO CSMF2.step_1_1_1.run :: [shuffle] gap_mean=13.955 hinge=0.0000 lambda=1.000 margin=0.50
2026-05-16 19:14:00,067 INFO CSMF2.step_1_1_1.run :: [h_std] total=0.04744 batch=0.04671 penalty=0.00334 target=0.0500 mu=10.000
2026-05-16 19:14:00,067 INFO CSMF2.step_1_1_1.run :: [lat_epoch] mean_l2=0.04041 std_l2=0.03060 (no penalty)
2026-05-16 19:14:00,067 INFO CSMF2.step_1_1_1.run :: [y_resid] alpha=0.1808
2026-05-16 19:14:00,067 INFO CSMF2.step_1_1_1.run :: [grad] cond=53.8667 film_gain=738.9533
2026-05-16 19:14:15,609 INFO CSMF2.step_1_1_1.run :: [h] epoch=16 step=50 total=0.05166 batch=0.05093
2026-05-16 19:14:15,609 INFO CSMF2.step_1_1_1.run :: [lat] epoch=16 step=50 mean_l2=0.02791 std_l2=0.02750
2026-05-16 19:14:15,645 INFO CSMF2.step_1_1_1.run :: epoch=16 step=50/429 train_nll=-3572.848
2026-05-16 19:14:22,977 INFO CSMF2.step_1_1_1.run :: [h] epoch=16 step=100 total=0.05007 batch=0.04900
2026-05-16 19:14:22,978 INFO CSMF2.step_1_1_1.run :: [lat] epoch=16 step=100 mean_l2=0.04797 std_l2=0.06008
2026-05-16 19:14:23,014 INFO CSMF2.step_1_1_1.run :: epoch=16 step=100/429 train_nll=-3563.847
2026-05-16 19:14:30,335 INFO CSMF2.step_1_1_1.run :: [h] epoch=16 step=150 total=0.05026 batch=0.04967
2026-05-16 19:14:30,335 INFO CSMF2.step_1_1_1.run :: [lat] epoch=16 step=150 mean_l2=0.04061 std_l2=0.03222
2026-05-16 19:14:30,372 INFO CSMF2.step_1_1_1.run :: epoch=16 step=150/429 train_nll=-3554.961
2026-05-16 19:14:37,863 INFO CSMF2.step_1_1_1.run :: [h] epoch=16 step=200 total=0.04935 batch=0.04869
2026-05-16 19:14:37,864 INFO CSMF2.step_1_1_1.run :: [lat] epoch=16 step=200 mean_l2=0.03006 std_l2=0.03657
2026-05-16 19:14:37,900 INFO CSMF2.step_1_1_1.run :: epoch=16 step=200/429 train_nll=-3557.650
2026-05-16 19:14:45,037 INFO CSMF2.step_1_1_1.run :: [h] epoch=16 step=250 total=0.04801 batch=0.04703
2026-05-16 19:14:45,038 INFO CSMF2.step_1_1_1.run :: [lat] epoch=16 step=250 mean_l2=0.05408 std_l2=0.06480
2026-05-16 19:14:45,074 INFO CSMF2.step_1_1_1.run :: epoch=16 step=250/429 train_nll=-3552.616
2026-05-16 19:14:52,232 INFO CSMF2.step_1_1_1.run :: [h] epoch=16 step=300 total=0.05048 batch=0.04993
2026-05-16 19:14:52,232 INFO CSMF2.step_1_1_1.run :: [lat] epoch=16 step=300 mean_l2=0.02871 std_l2=0.02307
2026-05-16 19:14:52,268 INFO CSMF2.step_1_1_1.run :: epoch=16 step=300/429 train_nll=-3554.607
2026-05-16 19:14:59,578 INFO CSMF2.step_1_1_1.run :: [h] epoch=16 step=350 total=0.04860 batch=0.04806
2026-05-16 19:14:59,578 INFO CSMF2.step_1_1_1.run :: [lat] epoch=16 step=350 mean_l2=0.05568 std_l2=0.05064
2026-05-16 19:14:59,614 INFO CSMF2.step_1_1_1.run :: epoch=16 step=350/429 train_nll=-3557.101
2026-05-16 19:15:06,915 INFO CSMF2.step_1_1_1.run :: [h] epoch=16 step=400 total=0.04955 batch=0.04873
2026-05-16 19:15:06,916 INFO CSMF2.step_1_1_1.run :: [lat] epoch=16 step=400 mean_l2=0.03507 std_l2=0.02076
2026-05-16 19:15:06,952 INFO CSMF2.step_1_1_1.run :: epoch=16 step=400/429 train_nll=-3560.542
2026-05-16 19:15:14,415 INFO CSMF2.step_1_1_1.run :: epoch=16  train_nll=-3560.012  val_nll=-3571.432  t=66.1s
2026-05-16 19:15:14,415 INFO CSMF2.step_1_1_1.run :: [glow] film_gain mean=0.2721 min=0.2525 max=0.2887
2026-05-16 19:15:14,415 INFO CSMF2.step_1_1_1.run :: [shuffle] gap_mean=15.180 hinge=0.0166 lambda=1.000 margin=0.50
2026-05-16 19:15:14,415 INFO CSMF2.step_1_1_1.run :: [h_std] total=0.04976 batch=0.04907 penalty=0.00114 target=0.0500 mu=10.000
2026-05-16 19:15:14,415 INFO CSMF2.step_1_1_1.run :: [lat_epoch] mean_l2=0.04333 std_l2=0.29839 (no penalty)
2026-05-16 19:15:14,415 INFO CSMF2.step_1_1_1.run :: [y_resid] alpha=0.1797
2026-05-16 19:15:14,415 INFO CSMF2.step_1_1_1.run :: [grad] cond=33.3009 film_gain=772.8428
2026-05-16 19:15:30,011 INFO CSMF2.step_1_1_1.run :: [h] epoch=17 step=50 total=0.04921 batch=0.04866
2026-05-16 19:15:30,011 INFO CSMF2.step_1_1_1.run :: [lat] epoch=17 step=50 mean_l2=0.04958 std_l2=0.03830
2026-05-16 19:15:30,047 INFO CSMF2.step_1_1_1.run :: epoch=17 step=50/429 train_nll=-3541.056
2026-05-16 19:15:37,261 INFO CSMF2.step_1_1_1.run :: [h] epoch=17 step=100 total=0.04893 batch=0.04842
2026-05-16 19:15:37,262 INFO CSMF2.step_1_1_1.run :: [lat] epoch=17 step=100 mean_l2=0.04688 std_l2=0.02342
2026-05-16 19:15:37,298 INFO CSMF2.step_1_1_1.run :: epoch=17 step=100/429 train_nll=-3552.625
2026-05-16 19:15:44,479 INFO CSMF2.step_1_1_1.run :: [h] epoch=17 step=150 total=0.05385 batch=0.05301
2026-05-16 19:15:44,479 INFO CSMF2.step_1_1_1.run :: [lat] epoch=17 step=150 mean_l2=0.04131 std_l2=0.02761
2026-05-16 19:15:44,516 INFO CSMF2.step_1_1_1.run :: epoch=17 step=150/429 train_nll=-3561.344
2026-05-16 19:15:51,869 INFO CSMF2.step_1_1_1.run :: [h] epoch=17 step=200 total=0.05187 batch=0.05119
2026-05-16 19:15:51,869 INFO CSMF2.step_1_1_1.run :: [lat] epoch=17 step=200 mean_l2=0.02835 std_l2=0.02869
2026-05-16 19:15:51,906 INFO CSMF2.step_1_1_1.run :: epoch=17 step=200/429 train_nll=-3558.346
2026-05-16 19:15:59,173 INFO CSMF2.step_1_1_1.run :: [h] epoch=17 step=250 total=0.05089 batch=0.05038
2026-05-16 19:15:59,174 INFO CSMF2.step_1_1_1.run :: [lat] epoch=17 step=250 mean_l2=0.04058 std_l2=0.02897
2026-05-16 19:15:59,210 INFO CSMF2.step_1_1_1.run :: epoch=17 step=250/429 train_nll=-3557.828
2026-05-16 19:16:06,604 INFO CSMF2.step_1_1_1.run :: [h] epoch=17 step=300 total=0.05170 batch=0.04929
2026-05-16 19:16:06,604 INFO CSMF2.step_1_1_1.run :: [lat] epoch=17 step=300 mean_l2=0.03752 std_l2=0.03766
2026-05-16 19:16:06,640 INFO CSMF2.step_1_1_1.run :: epoch=17 step=300/429 train_nll=-3557.183
2026-05-16 19:16:13,697 INFO CSMF2.step_1_1_1.run :: [h] epoch=17 step=350 total=0.04789 batch=0.04732
2026-05-16 19:16:13,697 INFO CSMF2.step_1_1_1.run :: [lat] epoch=17 step=350 mean_l2=0.08026 std_l2=0.03907
2026-05-16 19:16:13,733 INFO CSMF2.step_1_1_1.run :: epoch=17 step=350/429 train_nll=-3556.706
2026-05-16 19:16:21,016 INFO CSMF2.step_1_1_1.run :: [h] epoch=17 step=400 total=0.04786 batch=0.04692
2026-05-16 19:16:21,016 INFO CSMF2.step_1_1_1.run :: [lat] epoch=17 step=400 mean_l2=0.03828 std_l2=0.02180
2026-05-16 19:16:21,052 INFO CSMF2.step_1_1_1.run :: epoch=17 step=400/429 train_nll=-3559.116
2026-05-16 19:16:28,610 INFO CSMF2.step_1_1_1.run :: epoch=17  train_nll=-3558.682  val_nll=-3583.327  t=66.0s
2026-05-16 19:16:28,610 INFO CSMF2.step_1_1_1.run :: [glow] film_gain mean=0.2702 min=0.2541 max=0.2850
2026-05-16 19:16:28,610 INFO CSMF2.step_1_1_1.run :: [shuffle] gap_mean=14.811 hinge=0.0000 lambda=1.000 margin=0.50
2026-05-16 19:16:28,610 INFO CSMF2.step_1_1_1.run :: [h_std] total=0.04966 batch=0.04888 penalty=0.00131 target=0.0500 mu=10.000
2026-05-16 19:16:28,610 INFO CSMF2.step_1_1_1.run :: [lat_epoch] mean_l2=0.04303 std_l2=0.10942 (no penalty)
2026-05-16 19:16:28,610 INFO CSMF2.step_1_1_1.run :: [y_resid] alpha=0.1755
2026-05-16 19:16:28,610 INFO CSMF2.step_1_1_1.run :: [grad] cond=72.4691 film_gain=813.4218
2026-05-16 19:16:44,356 INFO CSMF2.step_1_1_1.run :: [h] epoch=18 step=50 total=0.04836 batch=0.04773
2026-05-16 19:16:44,357 INFO CSMF2.step_1_1_1.run :: [lat] epoch=18 step=50 mean_l2=0.02669 std_l2=0.02518
2026-05-16 19:16:44,393 INFO CSMF2.step_1_1_1.run :: epoch=18 step=50/429 train_nll=-3579.837
2026-05-16 19:16:52,017 INFO CSMF2.step_1_1_1.run :: [h] epoch=18 step=100 total=0.05034 batch=0.04942
2026-05-16 19:16:52,017 INFO CSMF2.step_1_1_1.run :: [lat] epoch=18 step=100 mean_l2=0.03254 std_l2=0.02575
2026-05-16 19:16:52,053 INFO CSMF2.step_1_1_1.run :: epoch=18 step=100/429 train_nll=-3565.050
2026-05-16 19:16:59,525 INFO CSMF2.step_1_1_1.run :: [h] epoch=18 step=150 total=0.04798 batch=0.04737
2026-05-16 19:16:59,525 INFO CSMF2.step_1_1_1.run :: [lat] epoch=18 step=150 mean_l2=0.02942 std_l2=0.02097
2026-05-16 19:16:59,562 INFO CSMF2.step_1_1_1.run :: epoch=18 step=150/429 train_nll=-3565.962
2026-05-16 19:17:06,991 INFO CSMF2.step_1_1_1.run :: [h] epoch=18 step=200 total=0.04947 batch=0.04894
2026-05-16 19:17:06,992 INFO CSMF2.step_1_1_1.run :: [lat] epoch=18 step=200 mean_l2=0.03609 std_l2=0.02087
2026-05-16 19:17:07,028 INFO CSMF2.step_1_1_1.run :: epoch=18 step=200/429 train_nll=-3569.004
2026-05-16 19:17:14,670 INFO CSMF2.step_1_1_1.run :: [h] epoch=18 step=250 total=0.05200 batch=0.05125
2026-05-16 19:17:14,671 INFO CSMF2.step_1_1_1.run :: [lat] epoch=18 step=250 mean_l2=0.06547 std_l2=0.03417
2026-05-16 19:17:14,707 INFO CSMF2.step_1_1_1.run :: epoch=18 step=250/429 train_nll=-3571.945
2026-05-16 19:17:22,094 INFO CSMF2.step_1_1_1.run :: [h] epoch=18 step=300 total=0.04989 batch=0.04868
2026-05-16 19:17:22,095 INFO CSMF2.step_1_1_1.run :: [lat] epoch=18 step=300 mean_l2=0.04722 std_l2=0.02287
2026-05-16 19:17:22,131 INFO CSMF2.step_1_1_1.run :: epoch=18 step=300/429 train_nll=-3569.255
2026-05-16 19:17:29,527 INFO CSMF2.step_1_1_1.run :: [h] epoch=18 step=350 total=0.04859 batch=0.04798
2026-05-16 19:17:29,528 INFO CSMF2.step_1_1_1.run :: [lat] epoch=18 step=350 mean_l2=0.03883 std_l2=0.03038
2026-05-16 19:17:29,564 INFO CSMF2.step_1_1_1.run :: epoch=18 step=350/429 train_nll=-3566.869
2026-05-16 19:17:36,851 INFO CSMF2.step_1_1_1.run :: [h] epoch=18 step=400 total=0.04894 batch=0.04827
2026-05-16 19:17:36,851 INFO CSMF2.step_1_1_1.run :: [lat] epoch=18 step=400 mean_l2=0.02618 std_l2=0.01865
2026-05-16 19:17:36,887 INFO CSMF2.step_1_1_1.run :: epoch=18 step=400/429 train_nll=-3566.566
2026-05-16 19:17:44,267 INFO CSMF2.step_1_1_1.run :: epoch=18  train_nll=-3566.775  val_nll=-3586.785  t=67.4s
2026-05-16 19:17:44,267 INFO CSMF2.step_1_1_1.run :: [glow] film_gain mean=0.2686 min=0.2543 max=0.2836
2026-05-16 19:17:44,267 INFO CSMF2.step_1_1_1.run :: [shuffle] gap_mean=15.430 hinge=0.0000 lambda=1.000 margin=0.50
2026-05-16 19:17:44,267 INFO CSMF2.step_1_1_1.run :: [h_std] total=0.04983 batch=0.04908 penalty=0.00112 target=0.0500 mu=10.000
2026-05-16 19:17:44,267 INFO CSMF2.step_1_1_1.run :: [lat_epoch] mean_l2=0.04081 std_l2=0.03145 (no penalty)
2026-05-16 19:17:44,267 INFO CSMF2.step_1_1_1.run :: [y_resid] alpha=0.1738
2026-05-16 19:17:44,267 INFO CSMF2.step_1_1_1.run :: [grad] cond=35.2147 film_gain=1134.1883
2026-05-16 19:17:59,924 INFO CSMF2.step_1_1_1.run :: [h] epoch=19 step=50 total=0.04992 batch=0.04931
2026-05-16 19:17:59,924 INFO CSMF2.step_1_1_1.run :: [lat] epoch=19 step=50 mean_l2=0.03725 std_l2=0.02011
2026-05-16 19:17:59,960 INFO CSMF2.step_1_1_1.run :: epoch=19 step=50/429 train_nll=-3582.736
2026-05-16 19:18:07,427 INFO CSMF2.step_1_1_1.run :: [h] epoch=19 step=100 total=0.04887 batch=0.04841
2026-05-16 19:18:07,428 INFO CSMF2.step_1_1_1.run :: [lat] epoch=19 step=100 mean_l2=0.03043 std_l2=0.01958
2026-05-16 19:18:07,464 INFO CSMF2.step_1_1_1.run :: epoch=19 step=100/429 train_nll=-3585.371
2026-05-16 19:18:15,049 INFO CSMF2.step_1_1_1.run :: [h] epoch=19 step=150 total=0.05127 batch=0.05042
2026-05-16 19:18:15,049 INFO CSMF2.step_1_1_1.run :: [lat] epoch=19 step=150 mean_l2=0.03753 std_l2=0.02410
2026-05-16 19:18:15,085 INFO CSMF2.step_1_1_1.run :: epoch=19 step=150/429 train_nll=-3574.590
2026-05-16 19:18:22,490 INFO CSMF2.step_1_1_1.run :: [h] epoch=19 step=200 total=0.04903 batch=0.04828
2026-05-16 19:18:22,491 INFO CSMF2.step_1_1_1.run :: [lat] epoch=19 step=200 mean_l2=0.02932 std_l2=0.02121
2026-05-16 19:18:22,527 INFO CSMF2.step_1_1_1.run :: epoch=19 step=200/429 train_nll=-3576.161
2026-05-16 19:18:30,020 INFO CSMF2.step_1_1_1.run :: [h] epoch=19 step=250 total=0.04907 batch=0.04863
2026-05-16 19:18:30,020 INFO CSMF2.step_1_1_1.run :: [lat] epoch=19 step=250 mean_l2=0.05054 std_l2=0.02673
2026-05-16 19:18:30,057 INFO CSMF2.step_1_1_1.run :: epoch=19 step=250/429 train_nll=-3577.671
2026-05-16 19:18:37,595 INFO CSMF2.step_1_1_1.run :: [h] epoch=19 step=300 total=0.05079 batch=0.05028
2026-05-16 19:18:37,595 INFO CSMF2.step_1_1_1.run :: [lat] epoch=19 step=300 mean_l2=0.03644 std_l2=0.03544
2026-05-16 19:18:37,631 INFO CSMF2.step_1_1_1.run :: epoch=19 step=300/429 train_nll=-3574.910
2026-05-16 19:18:44,930 INFO CSMF2.step_1_1_1.run :: [h] epoch=19 step=350 total=0.04613 batch=0.04504
2026-05-16 19:18:44,931 INFO CSMF2.step_1_1_1.run :: [lat] epoch=19 step=350 mean_l2=0.02856 std_l2=0.02104
2026-05-16 19:18:44,967 INFO CSMF2.step_1_1_1.run :: epoch=19 step=350/429 train_nll=-3572.763
2026-05-16 19:18:52,131 INFO CSMF2.step_1_1_1.run :: [h] epoch=19 step=400 total=0.05172 batch=0.05123
2026-05-16 19:18:52,131 INFO CSMF2.step_1_1_1.run :: [lat] epoch=19 step=400 mean_l2=0.03322 std_l2=0.02765
2026-05-16 19:18:52,168 INFO CSMF2.step_1_1_1.run :: epoch=19 step=400/429 train_nll=-3575.467
2026-05-16 19:18:59,808 INFO CSMF2.step_1_1_1.run :: epoch=19  train_nll=-3577.001  val_nll=-3608.994  t=67.3s
2026-05-16 19:18:59,808 INFO CSMF2.step_1_1_1.run :: [glow] film_gain mean=0.2677 min=0.2537 max=0.2827
2026-05-16 19:18:59,808 INFO CSMF2.step_1_1_1.run :: [shuffle] gap_mean=15.893 hinge=0.0154 lambda=1.000 margin=0.50
2026-05-16 19:18:59,809 INFO CSMF2.step_1_1_1.run :: [h_std] total=0.05033 batch=0.04965 penalty=0.00072 target=0.0500 mu=10.000
2026-05-16 19:18:59,809 INFO CSMF2.step_1_1_1.run :: [lat_epoch] mean_l2=0.03889 std_l2=0.02969 (no penalty)
2026-05-16 19:18:59,809 INFO CSMF2.step_1_1_1.run :: [y_resid] alpha=0.1744
2026-05-16 19:18:59,809 INFO CSMF2.step_1_1_1.run :: [grad] cond=15.5180 film_gain=658.6067
2026-05-16 19:19:15,514 INFO CSMF2.step_1_1_1.run :: [h] epoch=20 step=50 total=0.05201 batch=0.05136
2026-05-16 19:19:15,515 INFO CSMF2.step_1_1_1.run :: [lat] epoch=20 step=50 mean_l2=0.03452 std_l2=0.02405
2026-05-16 19:19:15,551 INFO CSMF2.step_1_1_1.run :: epoch=20 step=50/429 train_nll=-3589.605
2026-05-16 19:19:22,862 INFO CSMF2.step_1_1_1.run :: [h] epoch=20 step=100 total=0.04985 batch=0.04900
2026-05-16 19:19:22,863 INFO CSMF2.step_1_1_1.run :: [lat] epoch=20 step=100 mean_l2=0.04309 std_l2=0.02916
2026-05-16 19:19:22,899 INFO CSMF2.step_1_1_1.run :: epoch=20 step=100/429 train_nll=-3576.900
2026-05-16 19:19:30,254 INFO CSMF2.step_1_1_1.run :: [h] epoch=20 step=150 total=0.04831 batch=0.04771
2026-05-16 19:19:30,255 INFO CSMF2.step_1_1_1.run :: [lat] epoch=20 step=150 mean_l2=0.03250 std_l2=0.02062
2026-05-16 19:19:30,291 INFO CSMF2.step_1_1_1.run :: epoch=20 step=150/429 train_nll=-3578.642
2026-05-16 19:19:37,974 INFO CSMF2.step_1_1_1.run :: [h] epoch=20 step=200 total=0.05266 batch=0.05221
2026-05-16 19:19:37,974 INFO CSMF2.step_1_1_1.run :: [lat] epoch=20 step=200 mean_l2=0.07253 std_l2=0.09131
2026-05-16 19:19:38,010 INFO CSMF2.step_1_1_1.run :: epoch=20 step=200/429 train_nll=-3584.036
2026-05-16 19:19:45,384 INFO CSMF2.step_1_1_1.run :: [h] epoch=20 step=250 total=0.04879 batch=0.04720
2026-05-16 19:19:45,385 INFO CSMF2.step_1_1_1.run :: [lat] epoch=20 step=250 mean_l2=0.03077 std_l2=0.02467
2026-05-16 19:19:45,421 INFO CSMF2.step_1_1_1.run :: epoch=20 step=250/429 train_nll=-3580.421
2026-05-16 19:19:52,625 INFO CSMF2.step_1_1_1.run :: [h] epoch=20 step=300 total=0.04737 batch=0.04667
2026-05-16 19:19:52,625 INFO CSMF2.step_1_1_1.run :: [lat] epoch=20 step=300 mean_l2=0.05525 std_l2=0.02383
2026-05-16 19:19:52,662 INFO CSMF2.step_1_1_1.run :: epoch=20 step=300/429 train_nll=-3578.969
2026-05-16 19:19:59,906 INFO CSMF2.step_1_1_1.run :: [h] epoch=20 step=350 total=0.04995 batch=0.04919
2026-05-16 19:19:59,907 INFO CSMF2.step_1_1_1.run :: [lat] epoch=20 step=350 mean_l2=0.02652 std_l2=0.03073
2026-05-16 19:19:59,943 INFO CSMF2.step_1_1_1.run :: epoch=20 step=350/429 train_nll=-3580.187
2026-05-16 19:20:07,153 INFO CSMF2.step_1_1_1.run :: [h] epoch=20 step=400 total=0.04821 batch=0.04757
2026-05-16 19:20:07,153 INFO CSMF2.step_1_1_1.run :: [lat] epoch=20 step=400 mean_l2=0.02790 std_l2=0.02759
2026-05-16 19:20:07,190 INFO CSMF2.step_1_1_1.run :: epoch=20 step=400/429 train_nll=-3579.614
2026-05-16 19:20:14,493 INFO CSMF2.step_1_1_1.run :: epoch=20  train_nll=-3579.735  val_nll=-3576.456  t=66.6s
2026-05-16 19:20:14,494 INFO CSMF2.step_1_1_1.run :: [glow] film_gain mean=0.2657 min=0.2523 max=0.2802
2026-05-16 19:20:14,494 INFO CSMF2.step_1_1_1.run :: [shuffle] gap_mean=16.573 hinge=0.0000 lambda=1.000 margin=0.50
2026-05-16 19:20:14,494 INFO CSMF2.step_1_1_1.run :: [h_std] total=0.04998 batch=0.04898 penalty=0.00128 target=0.0500 mu=10.000
2026-05-16 19:20:14,494 INFO CSMF2.step_1_1_1.run :: [lat_epoch] mean_l2=0.03808 std_l2=0.03062 (no penalty)
2026-05-16 19:20:14,494 INFO CSMF2.step_1_1_1.run :: [y_resid] alpha=0.1685
2026-05-16 19:20:14,494 INFO CSMF2.step_1_1_1.run :: [grad] cond=69.3182 film_gain=1980.2505
2026-05-16 19:20:30,013 INFO CSMF2.step_1_1_1.run :: [h] epoch=21 step=50 total=0.05005 batch=0.04925
2026-05-16 19:20:30,014 INFO CSMF2.step_1_1_1.run :: [lat] epoch=21 step=50 mean_l2=0.02756 std_l2=0.02030
2026-05-16 19:20:30,050 INFO CSMF2.step_1_1_1.run :: epoch=21 step=50/429 train_nll=-3593.508
2026-05-16 19:20:37,465 INFO CSMF2.step_1_1_1.run :: [h] epoch=21 step=100 total=0.04933 batch=0.04851
2026-05-16 19:20:37,466 INFO CSMF2.step_1_1_1.run :: [lat] epoch=21 step=100 mean_l2=0.02598 std_l2=0.02831
2026-05-16 19:20:37,502 INFO CSMF2.step_1_1_1.run :: epoch=21 step=100/429 train_nll=-3591.437
2026-05-16 19:20:44,918 INFO CSMF2.step_1_1_1.run :: [h] epoch=21 step=150 total=0.05134 batch=0.05076
2026-05-16 19:20:44,918 INFO CSMF2.step_1_1_1.run :: [lat] epoch=21 step=150 mean_l2=0.06757 std_l2=0.03032
2026-05-16 19:20:44,955 INFO CSMF2.step_1_1_1.run :: epoch=21 step=150/429 train_nll=-3593.789
2026-05-16 19:20:52,393 INFO CSMF2.step_1_1_1.run :: [h] epoch=21 step=200 total=0.04965 batch=0.04887
2026-05-16 19:20:52,394 INFO CSMF2.step_1_1_1.run :: [lat] epoch=21 step=200 mean_l2=0.03344 std_l2=0.05228
2026-05-16 19:20:52,430 INFO CSMF2.step_1_1_1.run :: epoch=21 step=200/429 train_nll=-3590.550
2026-05-16 19:20:59,847 INFO CSMF2.step_1_1_1.run :: [h] epoch=21 step=250 total=0.04888 batch=0.04794
2026-05-16 19:20:59,848 INFO CSMF2.step_1_1_1.run :: [lat] epoch=21 step=250 mean_l2=0.03290 std_l2=0.02343
2026-05-16 19:20:59,884 INFO CSMF2.step_1_1_1.run :: epoch=21 step=250/429 train_nll=-3586.885
2026-05-16 19:21:07,302 INFO CSMF2.step_1_1_1.run :: [h] epoch=21 step=300 total=0.04943 batch=0.04895
2026-05-16 19:21:07,303 INFO CSMF2.step_1_1_1.run :: [lat] epoch=21 step=300 mean_l2=0.02702 std_l2=0.02127
2026-05-16 19:21:07,339 INFO CSMF2.step_1_1_1.run :: epoch=21 step=300/429 train_nll=-3589.957
2026-05-16 19:21:14,701 INFO CSMF2.step_1_1_1.run :: [h] epoch=21 step=350 total=0.05104 batch=0.05046
2026-05-16 19:21:14,701 INFO CSMF2.step_1_1_1.run :: [lat] epoch=21 step=350 mean_l2=0.04234 std_l2=0.02082
2026-05-16 19:21:14,737 INFO CSMF2.step_1_1_1.run :: epoch=21 step=350/429 train_nll=-3587.806
2026-05-16 19:21:22,016 INFO CSMF2.step_1_1_1.run :: [h] epoch=21 step=400 total=0.05044 batch=0.04978
2026-05-16 19:21:22,017 INFO CSMF2.step_1_1_1.run :: [lat] epoch=21 step=400 mean_l2=0.04893 std_l2=0.03770
2026-05-16 19:21:22,053 INFO CSMF2.step_1_1_1.run :: epoch=21 step=400/429 train_nll=-3585.960
2026-05-16 19:21:29,647 INFO CSMF2.step_1_1_1.run :: epoch=21  train_nll=-3584.627  val_nll=-3596.425  t=67.0s
2026-05-16 19:21:29,647 INFO CSMF2.step_1_1_1.run :: [glow] film_gain mean=0.2643 min=0.2520 max=0.2779
2026-05-16 19:21:29,647 INFO CSMF2.step_1_1_1.run :: [shuffle] gap_mean=17.109 hinge=0.0000 lambda=1.000 margin=0.50
2026-05-16 19:21:29,647 INFO CSMF2.step_1_1_1.run :: [h_std] total=0.05044 batch=0.04974 penalty=0.00067 target=0.0500 mu=10.000
2026-05-16 19:21:29,647 INFO CSMF2.step_1_1_1.run :: [lat_epoch] mean_l2=0.03702 std_l2=0.02909 (no penalty)
2026-05-16 19:21:29,647 INFO CSMF2.step_1_1_1.run :: [y_resid] alpha=0.1688
2026-05-16 19:21:29,647 INFO CSMF2.step_1_1_1.run :: [grad] cond=39.8570 film_gain=1037.3027
2026-05-16 19:21:45,189 INFO CSMF2.step_1_1_1.run :: [h] epoch=22 step=50 total=0.05023 batch=0.04960
2026-05-16 19:21:45,189 INFO CSMF2.step_1_1_1.run :: [lat] epoch=22 step=50 mean_l2=0.04946 std_l2=0.03607
2026-05-16 19:21:45,226 INFO CSMF2.step_1_1_1.run :: epoch=22 step=50/429 train_nll=-3590.661
2026-05-16 19:21:52,587 INFO CSMF2.step_1_1_1.run :: [h] epoch=22 step=100 total=0.05086 batch=0.05001
2026-05-16 19:21:52,587 INFO CSMF2.step_1_1_1.run :: [lat] epoch=22 step=100 mean_l2=0.04979 std_l2=0.04202
2026-05-16 19:21:52,624 INFO CSMF2.step_1_1_1.run :: epoch=22 step=100/429 train_nll=-3586.939
2026-05-16 19:22:00,074 INFO CSMF2.step_1_1_1.run :: [h] epoch=22 step=150 total=0.04955 batch=0.04904
2026-05-16 19:22:00,075 INFO CSMF2.step_1_1_1.run :: [lat] epoch=22 step=150 mean_l2=0.03358 std_l2=0.01989
2026-05-16 19:22:00,111 INFO CSMF2.step_1_1_1.run :: epoch=22 step=150/429 train_nll=-3592.408
2026-05-16 19:22:07,787 INFO CSMF2.step_1_1_1.run :: [h] epoch=22 step=200 total=0.05103 batch=0.05047
2026-05-16 19:22:07,787 INFO CSMF2.step_1_1_1.run :: [lat] epoch=22 step=200 mean_l2=0.02407 std_l2=0.03616
2026-05-16 19:22:07,824 INFO CSMF2.step_1_1_1.run :: epoch=22 step=200/429 train_nll=-3594.894
2026-05-16 19:22:15,295 INFO CSMF2.step_1_1_1.run :: [h] epoch=22 step=250 total=0.05005 batch=0.04907
2026-05-16 19:22:15,296 INFO CSMF2.step_1_1_1.run :: [lat] epoch=22 step=250 mean_l2=0.02845 std_l2=0.02941
2026-05-16 19:22:15,332 INFO CSMF2.step_1_1_1.run :: epoch=22 step=250/429 train_nll=-3595.617
2026-05-16 19:22:22,738 INFO CSMF2.step_1_1_1.run :: [h] epoch=22 step=300 total=0.05342 batch=0.05285
2026-05-16 19:22:22,738 INFO CSMF2.step_1_1_1.run :: [lat] epoch=22 step=300 mean_l2=0.02556 std_l2=0.01867
2026-05-16 19:22:22,774 INFO CSMF2.step_1_1_1.run :: epoch=22 step=300/429 train_nll=-3595.833
2026-05-16 19:22:30,137 INFO CSMF2.step_1_1_1.run :: [h] epoch=22 step=350 total=0.05004 batch=0.04956
2026-05-16 19:22:30,138 INFO CSMF2.step_1_1_1.run :: [lat] epoch=22 step=350 mean_l2=0.02568 std_l2=0.02597
2026-05-16 19:22:30,174 INFO CSMF2.step_1_1_1.run :: epoch=22 step=350/429 train_nll=-3596.925
2026-05-16 19:22:37,348 INFO CSMF2.step_1_1_1.run :: [h] epoch=22 step=400 total=0.05111 batch=0.05021
2026-05-16 19:22:37,349 INFO CSMF2.step_1_1_1.run :: [lat] epoch=22 step=400 mean_l2=0.02518 std_l2=0.02514
2026-05-16 19:22:37,385 INFO CSMF2.step_1_1_1.run :: epoch=22 step=400/429 train_nll=-3596.304
2026-05-16 19:22:44,592 INFO CSMF2.step_1_1_1.run :: epoch=22  train_nll=-3594.958  val_nll=-3609.052  t=66.7s
2026-05-16 19:22:44,592 INFO CSMF2.step_1_1_1.run :: [glow] film_gain mean=0.2635 min=0.2507 max=0.2774
2026-05-16 19:22:44,592 INFO CSMF2.step_1_1_1.run :: [shuffle] gap_mean=17.687 hinge=0.0000 lambda=1.000 margin=0.50
2026-05-16 19:22:44,592 INFO CSMF2.step_1_1_1.run :: [h_std] total=0.05039 batch=0.04972 penalty=0.00065 target=0.0500 mu=10.000
2026-05-16 19:22:44,592 INFO CSMF2.step_1_1_1.run :: [lat_epoch] mean_l2=0.03528 std_l2=0.02704 (no penalty)
2026-05-16 19:22:44,592 INFO CSMF2.step_1_1_1.run :: [y_resid] alpha=0.1691
2026-05-16 19:22:44,592 INFO CSMF2.step_1_1_1.run :: [grad] cond=37.9777 film_gain=624.6422
2026-05-16 19:23:00,253 INFO CSMF2.step_1_1_1.run :: [h] epoch=23 step=50 total=0.05090 batch=0.05008
2026-05-16 19:23:00,253 INFO CSMF2.step_1_1_1.run :: [lat] epoch=23 step=50 mean_l2=0.03774 std_l2=0.02498
2026-05-16 19:23:00,290 INFO CSMF2.step_1_1_1.run :: epoch=23 step=50/429 train_nll=-3583.549
2026-05-16 19:23:07,710 INFO CSMF2.step_1_1_1.run :: [h] epoch=23 step=100 total=0.05063 batch=0.05005
2026-05-16 19:23:07,711 INFO CSMF2.step_1_1_1.run :: [lat] epoch=23 step=100 mean_l2=0.02704 std_l2=0.03635
2026-05-16 19:23:07,747 INFO CSMF2.step_1_1_1.run :: epoch=23 step=100/429 train_nll=-3586.578
2026-05-16 19:23:15,297 INFO CSMF2.step_1_1_1.run :: [h] epoch=23 step=150 total=0.05116 batch=0.05064
2026-05-16 19:23:15,298 INFO CSMF2.step_1_1_1.run :: [lat] epoch=23 step=150 mean_l2=0.02953 std_l2=0.02167
2026-05-16 19:23:15,334 INFO CSMF2.step_1_1_1.run :: epoch=23 step=150/429 train_nll=-3590.307
2026-05-16 19:23:22,389 INFO CSMF2.step_1_1_1.run :: [h] epoch=23 step=200 total=0.05059 batch=0.04967
2026-05-16 19:23:22,390 INFO CSMF2.step_1_1_1.run :: [lat] epoch=23 step=200 mean_l2=0.02782 std_l2=0.01850
2026-05-16 19:23:22,426 INFO CSMF2.step_1_1_1.run :: epoch=23 step=200/429 train_nll=-3584.638
2026-05-16 19:23:29,774 INFO CSMF2.step_1_1_1.run :: [h] epoch=23 step=250 total=0.04982 batch=0.04930
2026-05-16 19:23:29,774 INFO CSMF2.step_1_1_1.run :: [lat] epoch=23 step=250 mean_l2=0.04760 std_l2=0.01843
2026-05-16 19:23:29,811 INFO CSMF2.step_1_1_1.run :: epoch=23 step=250/429 train_nll=-3588.924
2026-05-16 19:23:37,669 INFO CSMF2.step_1_1_1.run :: [h] epoch=23 step=300 total=0.05034 batch=0.04977
2026-05-16 19:23:37,670 INFO CSMF2.step_1_1_1.run :: [lat] epoch=23 step=300 mean_l2=0.03542 std_l2=0.02356
2026-05-16 19:23:37,706 INFO CSMF2.step_1_1_1.run :: epoch=23 step=300/429 train_nll=-3592.808
2026-05-16 19:23:45,050 INFO CSMF2.step_1_1_1.run :: [h] epoch=23 step=350 total=0.05098 batch=0.05042
2026-05-16 19:23:45,051 INFO CSMF2.step_1_1_1.run :: [lat] epoch=23 step=350 mean_l2=0.02758 std_l2=0.02141
2026-05-16 19:23:45,087 INFO CSMF2.step_1_1_1.run :: epoch=23 step=350/429 train_nll=-3595.677
2026-05-16 19:23:52,326 INFO CSMF2.step_1_1_1.run :: [h] epoch=23 step=400 total=0.05104 batch=0.04977
2026-05-16 19:23:52,327 INFO CSMF2.step_1_1_1.run :: [lat] epoch=23 step=400 mean_l2=0.04049 std_l2=0.02560
2026-05-16 19:23:52,363 INFO CSMF2.step_1_1_1.run :: epoch=23 step=400/429 train_nll=-3593.832
2026-05-16 19:24:00,073 INFO CSMF2.step_1_1_1.run :: epoch=23  train_nll=-3591.933  val_nll=-3581.940  t=67.2s
2026-05-16 19:24:00,073 INFO CSMF2.step_1_1_1.run :: [glow] film_gain mean=0.2620 min=0.2494 max=0.2762
2026-05-16 19:24:00,073 INFO CSMF2.step_1_1_1.run :: [shuffle] gap_mean=17.785 hinge=0.0000 lambda=1.000 margin=0.50
2026-05-16 19:24:00,073 INFO CSMF2.step_1_1_1.run :: [h_std] total=0.05072 batch=0.05003 penalty=0.00046 target=0.0500 mu=10.000
2026-05-16 19:24:00,073 INFO CSMF2.step_1_1_1.run :: [lat_epoch] mean_l2=0.03510 std_l2=0.02911 (no penalty)
2026-05-16 19:24:00,073 INFO CSMF2.step_1_1_1.run :: [y_resid] alpha=0.1691
2026-05-16 19:24:00,073 INFO CSMF2.step_1_1_1.run :: [grad] cond=134.4914 film_gain=2815.5866
2026-05-16 19:24:15,700 INFO CSMF2.step_1_1_1.run :: [h] epoch=24 step=50 total=0.05107 batch=0.05022
2026-05-16 19:24:15,701 INFO CSMF2.step_1_1_1.run :: [lat] epoch=24 step=50 mean_l2=0.03072 std_l2=0.02374
2026-05-16 19:24:15,737 INFO CSMF2.step_1_1_1.run :: epoch=24 step=50/429 train_nll=-3590.114
2026-05-16 19:24:23,235 INFO CSMF2.step_1_1_1.run :: [h] epoch=24 step=100 total=0.04979 batch=0.04869
2026-05-16 19:24:23,236 INFO CSMF2.step_1_1_1.run :: [lat] epoch=24 step=100 mean_l2=0.02228 std_l2=0.02195
2026-05-16 19:24:23,272 INFO CSMF2.step_1_1_1.run :: epoch=24 step=100/429 train_nll=-3593.753
2026-05-16 19:24:30,438 INFO CSMF2.step_1_1_1.run :: [h] epoch=24 step=150 total=0.04863 batch=0.04791
2026-05-16 19:24:30,439 INFO CSMF2.step_1_1_1.run :: [lat] epoch=24 step=150 mean_l2=0.03103 std_l2=0.02491
2026-05-16 19:24:30,475 INFO CSMF2.step_1_1_1.run :: epoch=24 step=150/429 train_nll=-3586.823
2026-05-16 19:24:38,047 INFO CSMF2.step_1_1_1.run :: [h] epoch=24 step=200 total=0.05117 batch=0.05058
2026-05-16 19:24:38,047 INFO CSMF2.step_1_1_1.run :: [lat] epoch=24 step=200 mean_l2=0.03870 std_l2=0.02472
2026-05-16 19:24:38,084 INFO CSMF2.step_1_1_1.run :: epoch=24 step=200/429 train_nll=-3590.781
2026-05-16 19:24:45,601 INFO CSMF2.step_1_1_1.run :: [h] epoch=24 step=250 total=0.05255 batch=0.05187
2026-05-16 19:24:45,601 INFO CSMF2.step_1_1_1.run :: [lat] epoch=24 step=250 mean_l2=0.03006 std_l2=0.02054
2026-05-16 19:24:45,638 INFO CSMF2.step_1_1_1.run :: epoch=24 step=250/429 train_nll=-3590.772
2026-05-16 19:24:52,974 INFO CSMF2.step_1_1_1.run :: [h] epoch=24 step=300 total=0.05145 batch=0.05077
2026-05-16 19:24:52,975 INFO CSMF2.step_1_1_1.run :: [lat] epoch=24 step=300 mean_l2=0.03518 std_l2=0.02483
2026-05-16 19:24:53,011 INFO CSMF2.step_1_1_1.run :: epoch=24 step=300/429 train_nll=-3592.301
2026-05-16 19:25:00,189 INFO CSMF2.step_1_1_1.run :: [h] epoch=24 step=350 total=0.05287 batch=0.05171
2026-05-16 19:25:00,190 INFO CSMF2.step_1_1_1.run :: [lat] epoch=24 step=350 mean_l2=0.02270 std_l2=0.03102
2026-05-16 19:25:00,226 INFO CSMF2.step_1_1_1.run :: epoch=24 step=350/429 train_nll=-3591.634
2026-05-16 19:25:07,591 INFO CSMF2.step_1_1_1.run :: [h] epoch=24 step=400 total=0.04794 batch=0.04629
2026-05-16 19:25:07,592 INFO CSMF2.step_1_1_1.run :: [lat] epoch=24 step=400 mean_l2=0.03832 std_l2=0.03017
2026-05-16 19:25:07,628 INFO CSMF2.step_1_1_1.run :: epoch=24 step=400/429 train_nll=-3590.944
2026-05-16 19:25:15,051 INFO CSMF2.step_1_1_1.run :: epoch=24  train_nll=-3591.088  val_nll=-3608.587  t=66.8s
2026-05-16 19:25:15,051 INFO CSMF2.step_1_1_1.run :: [glow] film_gain mean=0.2603 min=0.2478 max=0.2734
2026-05-16 19:25:15,051 INFO CSMF2.step_1_1_1.run :: [shuffle] gap_mean=17.865 hinge=0.0000 lambda=1.000 margin=0.50
2026-05-16 19:25:15,051 INFO CSMF2.step_1_1_1.run :: [h_std] total=0.05025 batch=0.04945 penalty=0.00079 target=0.0500 mu=10.000
2026-05-16 19:25:15,051 INFO CSMF2.step_1_1_1.run :: [lat_epoch] mean_l2=0.03539 std_l2=0.03087 (no penalty)
2026-05-16 19:25:15,051 INFO CSMF2.step_1_1_1.run :: [y_resid] alpha=0.1632
2026-05-16 19:25:15,051 INFO CSMF2.step_1_1_1.run :: [grad] cond=61.0470 film_gain=669.0435
2026-05-16 19:25:30,885 INFO CSMF2.step_1_1_1.run :: [h] epoch=25 step=50 total=0.04819 batch=0.04765
2026-05-16 19:25:30,886 INFO CSMF2.step_1_1_1.run :: [lat] epoch=25 step=50 mean_l2=0.08608 std_l2=0.02860
2026-05-16 19:25:30,922 INFO CSMF2.step_1_1_1.run :: epoch=25 step=50/429 train_nll=-3602.303
2026-05-16 19:25:38,343 INFO CSMF2.step_1_1_1.run :: [h] epoch=25 step=100 total=0.04952 batch=0.04891
2026-05-16 19:25:38,344 INFO CSMF2.step_1_1_1.run :: [lat] epoch=25 step=100 mean_l2=0.02943 std_l2=0.02159
2026-05-16 19:25:38,380 INFO CSMF2.step_1_1_1.run :: epoch=25 step=100/429 train_nll=-3597.921
2026-05-16 19:25:45,554 INFO CSMF2.step_1_1_1.run :: [h] epoch=25 step=150 total=0.04973 batch=0.04894
2026-05-16 19:25:45,555 INFO CSMF2.step_1_1_1.run :: [lat] epoch=25 step=150 mean_l2=0.04198 std_l2=0.03645
2026-05-16 19:25:45,591 INFO CSMF2.step_1_1_1.run :: epoch=25 step=150/429 train_nll=-3598.387
2026-05-16 19:25:53,010 INFO CSMF2.step_1_1_1.run :: [h] epoch=25 step=200 total=0.05217 batch=0.05078
2026-05-16 19:25:53,011 INFO CSMF2.step_1_1_1.run :: [lat] epoch=25 step=200 mean_l2=0.04123 std_l2=0.05427
2026-05-16 19:25:53,047 INFO CSMF2.step_1_1_1.run :: epoch=25 step=200/429 train_nll=-3596.463
2026-05-16 19:26:00,874 INFO CSMF2.step_1_1_1.run :: [h] epoch=25 step=250 total=0.04870 batch=0.04807
2026-05-16 19:26:00,874 INFO CSMF2.step_1_1_1.run :: [lat] epoch=25 step=250 mean_l2=0.02816 std_l2=0.02610
2026-05-16 19:26:00,911 INFO CSMF2.step_1_1_1.run :: epoch=25 step=250/429 train_nll=-3596.834
2026-05-16 19:26:08,294 INFO CSMF2.step_1_1_1.run :: [h] epoch=25 step=300 total=0.05110 batch=0.05035
2026-05-16 19:26:08,294 INFO CSMF2.step_1_1_1.run :: [lat] epoch=25 step=300 mean_l2=0.04529 std_l2=0.02996
2026-05-16 19:26:08,331 INFO CSMF2.step_1_1_1.run :: epoch=25 step=300/429 train_nll=-3598.135
2026-05-16 19:26:15,630 INFO CSMF2.step_1_1_1.run :: [h] epoch=25 step=350 total=0.05075 batch=0.05027
2026-05-16 19:26:15,631 INFO CSMF2.step_1_1_1.run :: [lat] epoch=25 step=350 mean_l2=0.02563 std_l2=0.02432
2026-05-16 19:26:15,667 INFO CSMF2.step_1_1_1.run :: epoch=25 step=350/429 train_nll=-3599.017
2026-05-16 19:26:22,924 INFO CSMF2.step_1_1_1.run :: [h] epoch=25 step=400 total=0.05249 batch=0.05178
2026-05-16 19:26:22,924 INFO CSMF2.step_1_1_1.run :: [lat] epoch=25 step=400 mean_l2=0.04333 std_l2=0.02840
2026-05-16 19:26:22,960 INFO CSMF2.step_1_1_1.run :: epoch=25 step=400/429 train_nll=-3598.404
2026-05-16 19:26:30,444 INFO CSMF2.step_1_1_1.run :: epoch=25  train_nll=-3597.604  val_nll=-3612.049  t=67.3s
2026-05-16 19:26:30,444 INFO CSMF2.step_1_1_1.run :: [glow] film_gain mean=0.2591 min=0.2466 max=0.2726
2026-05-16 19:26:30,444 INFO CSMF2.step_1_1_1.run :: [shuffle] gap_mean=18.496 hinge=0.0000 lambda=1.000 margin=0.50
2026-05-16 19:26:30,444 INFO CSMF2.step_1_1_1.run :: [h_std] total=0.05021 batch=0.04952 penalty=0.00077 target=0.0500 mu=10.000
2026-05-16 19:26:30,444 INFO CSMF2.step_1_1_1.run :: [lat_epoch] mean_l2=0.03428 std_l2=0.02665 (no penalty)
2026-05-16 19:26:30,444 INFO CSMF2.step_1_1_1.run :: [y_resid] alpha=0.1647
2026-05-16 19:26:30,444 INFO CSMF2.step_1_1_1.run :: [grad] cond=14.1395 film_gain=982.7217
2026-05-16 19:26:45,987 INFO CSMF2.step_1_1_1.run :: [h] epoch=26 step=50 total=0.05041 batch=0.04983
2026-05-16 19:26:45,988 INFO CSMF2.step_1_1_1.run :: [lat] epoch=26 step=50 mean_l2=0.03884 std_l2=0.02608
2026-05-16 19:26:46,024 INFO CSMF2.step_1_1_1.run :: epoch=26 step=50/429 train_nll=-3609.937
2026-05-16 19:26:53,401 INFO CSMF2.step_1_1_1.run :: [h] epoch=26 step=100 total=0.05105 batch=0.05036
2026-05-16 19:26:53,401 INFO CSMF2.step_1_1_1.run :: [lat] epoch=26 step=100 mean_l2=0.03377 std_l2=0.02237
2026-05-16 19:26:53,438 INFO CSMF2.step_1_1_1.run :: epoch=26 step=100/429 train_nll=-3601.033
2026-05-16 19:27:00,836 INFO CSMF2.step_1_1_1.run :: [h] epoch=26 step=150 total=0.04950 batch=0.04867
2026-05-16 19:27:00,836 INFO CSMF2.step_1_1_1.run :: [lat] epoch=26 step=150 mean_l2=0.04508 std_l2=0.02359
2026-05-16 19:27:00,872 INFO CSMF2.step_1_1_1.run :: epoch=26 step=150/429 train_nll=-3604.957
2026-05-16 19:27:08,269 INFO CSMF2.step_1_1_1.run :: [h] epoch=26 step=200 total=0.04936 batch=0.04858
2026-05-16 19:27:08,269 INFO CSMF2.step_1_1_1.run :: [lat] epoch=26 step=200 mean_l2=0.02452 std_l2=0.01859
2026-05-16 19:27:08,305 INFO CSMF2.step_1_1_1.run :: epoch=26 step=200/429 train_nll=-3606.078
2026-05-16 19:27:15,843 INFO CSMF2.step_1_1_1.run :: [h] epoch=26 step=250 total=0.05107 batch=0.05059
2026-05-16 19:27:15,843 INFO CSMF2.step_1_1_1.run :: [lat] epoch=26 step=250 mean_l2=0.03581 std_l2=0.02465
2026-05-16 19:27:15,879 INFO CSMF2.step_1_1_1.run :: epoch=26 step=250/429 train_nll=-3606.494
2026-05-16 19:27:23,027 INFO CSMF2.step_1_1_1.run :: [h] epoch=26 step=300 total=0.05011 batch=0.04947
2026-05-16 19:27:23,028 INFO CSMF2.step_1_1_1.run :: [lat] epoch=26 step=300 mean_l2=0.03126 std_l2=0.02334
2026-05-16 19:27:23,064 INFO CSMF2.step_1_1_1.run :: epoch=26 step=300/429 train_nll=-3606.661
2026-05-16 19:27:30,289 INFO CSMF2.step_1_1_1.run :: [h] epoch=26 step=350 total=0.05145 batch=0.04972
2026-05-16 19:27:30,290 INFO CSMF2.step_1_1_1.run :: [lat] epoch=26 step=350 mean_l2=0.03477 std_l2=0.02614
2026-05-16 19:27:30,326 INFO CSMF2.step_1_1_1.run :: epoch=26 step=350/429 train_nll=-3603.741
2026-05-16 19:27:37,978 INFO CSMF2.step_1_1_1.run :: [h] epoch=26 step=400 total=0.05123 batch=0.04627
2026-05-16 19:27:37,979 INFO CSMF2.step_1_1_1.run :: [lat] epoch=26 step=400 mean_l2=0.05935 std_l2=0.03246
2026-05-16 19:27:38,015 INFO CSMF2.step_1_1_1.run :: epoch=26 step=400/429 train_nll=-3595.758
2026-05-16 19:27:45,610 INFO CSMF2.step_1_1_1.run :: epoch=26  train_nll=-3590.807  val_nll=-3553.607  t=67.0s
2026-05-16 19:27:45,611 INFO CSMF2.step_1_1_1.run :: [glow] film_gain mean=0.2544 min=0.2418 max=0.2683
2026-05-16 19:27:45,611 INFO CSMF2.step_1_1_1.run :: [shuffle] gap_mean=18.175 hinge=0.0000 lambda=1.000 margin=0.50
2026-05-16 19:27:45,611 INFO CSMF2.step_1_1_1.run :: [h_std] total=0.05070 batch=0.04934 penalty=0.00108 target=0.0500 mu=10.000
2026-05-16 19:27:45,611 INFO CSMF2.step_1_1_1.run :: [lat_epoch] mean_l2=0.03934 std_l2=0.03397 (no penalty)
2026-05-16 19:27:45,611 INFO CSMF2.step_1_1_1.run :: [y_resid] alpha=0.1317
2026-05-16 19:27:45,611 INFO CSMF2.step_1_1_1.run :: [grad] cond=77.0552 film_gain=1895.1044
2026-05-16 19:28:01,374 INFO CSMF2.step_1_1_1.run :: [h] epoch=27 step=50 total=0.03854 batch=0.03739
2026-05-16 19:28:01,374 INFO CSMF2.step_1_1_1.run :: [lat] epoch=27 step=50 mean_l2=0.03496 std_l2=0.02694
2026-05-16 19:28:01,411 INFO CSMF2.step_1_1_1.run :: epoch=27 step=50/429 train_nll=-3595.790
2026-05-16 19:28:08,638 INFO CSMF2.step_1_1_1.run :: [h] epoch=27 step=100 total=0.03928 batch=0.03812
2026-05-16 19:28:08,639 INFO CSMF2.step_1_1_1.run :: [lat] epoch=27 step=100 mean_l2=0.02559 std_l2=0.02178
2026-05-16 19:28:08,675 INFO CSMF2.step_1_1_1.run :: epoch=27 step=100/429 train_nll=-3580.826
2026-05-16 19:28:16,105 INFO CSMF2.step_1_1_1.run :: [h] epoch=27 step=150 total=0.04092 batch=0.03982
2026-05-16 19:28:16,106 INFO CSMF2.step_1_1_1.run :: [lat] epoch=27 step=150 mean_l2=0.03339 std_l2=0.02517
2026-05-16 19:28:16,142 INFO CSMF2.step_1_1_1.run :: epoch=27 step=150/429 train_nll=-3588.359
2026-05-16 19:28:23,360 INFO CSMF2.step_1_1_1.run :: [h] epoch=27 step=200 total=0.04149 batch=0.04047
2026-05-16 19:28:23,361 INFO CSMF2.step_1_1_1.run :: [lat] epoch=27 step=200 mean_l2=0.04891 std_l2=0.27779
2026-05-16 19:28:23,397 INFO CSMF2.step_1_1_1.run :: epoch=27 step=200/429 train_nll=-3591.745
2026-05-16 19:28:31,277 INFO CSMF2.step_1_1_1.run :: [h] epoch=27 step=250 total=0.04236 batch=0.04171
2026-05-16 19:28:31,277 INFO CSMF2.step_1_1_1.run :: [lat] epoch=27 step=250 mean_l2=0.02237 std_l2=0.02035
2026-05-16 19:28:31,313 INFO CSMF2.step_1_1_1.run :: epoch=27 step=250/429 train_nll=-3590.282
2026-05-16 19:28:38,683 INFO CSMF2.step_1_1_1.run :: [h] epoch=27 step=300 total=0.04090 batch=0.04000
2026-05-16 19:28:38,684 INFO CSMF2.step_1_1_1.run :: [lat] epoch=27 step=300 mean_l2=0.05275 std_l2=0.02356
2026-05-16 19:28:38,720 INFO CSMF2.step_1_1_1.run :: epoch=27 step=300/429 train_nll=-3590.550
2026-05-16 19:28:46,115 INFO CSMF2.step_1_1_1.run :: [h] epoch=27 step=350 total=0.04319 batch=0.04240
2026-05-16 19:28:46,116 INFO CSMF2.step_1_1_1.run :: [lat] epoch=27 step=350 mean_l2=0.02483 std_l2=0.02003
2026-05-16 19:28:46,152 INFO CSMF2.step_1_1_1.run :: epoch=27 step=350/429 train_nll=-3590.715
2026-05-16 19:28:53,556 INFO CSMF2.step_1_1_1.run :: [h] epoch=27 step=400 total=0.04452 batch=0.04362
2026-05-16 19:28:53,557 INFO CSMF2.step_1_1_1.run :: [lat] epoch=27 step=400 mean_l2=0.03427 std_l2=0.04554
2026-05-16 19:28:53,593 INFO CSMF2.step_1_1_1.run :: epoch=27 step=400/429 train_nll=-3591.773
2026-05-16 19:29:01,234 INFO CSMF2.step_1_1_1.run :: epoch=27  train_nll=-3593.522  val_nll=-3613.605  t=67.4s
2026-05-16 19:29:01,234 INFO CSMF2.step_1_1_1.run :: [glow] film_gain mean=0.2544 min=0.2384 max=0.2678
2026-05-16 19:29:01,234 INFO CSMF2.step_1_1_1.run :: [shuffle] gap_mean=18.105 hinge=0.0000 lambda=1.000 margin=0.50
2026-05-16 19:29:01,234 INFO CSMF2.step_1_1_1.run :: [h_std] total=0.04120 batch=0.04013 penalty=0.00987 target=0.0500 mu=10.000
2026-05-16 19:29:01,235 INFO CSMF2.step_1_1_1.run :: [lat_epoch] mean_l2=0.03477 std_l2=0.03694 (no penalty)
2026-05-16 19:29:01,235 INFO CSMF2.step_1_1_1.run :: [y_resid] alpha=0.1378
2026-05-16 19:29:01,235 INFO CSMF2.step_1_1_1.run :: [grad] cond=12.1800 film_gain=697.0113
2026-05-16 19:29:16,850 INFO CSMF2.step_1_1_1.run :: [h] epoch=28 step=50 total=0.05397 batch=0.04465
2026-05-16 19:29:16,851 INFO CSMF2.step_1_1_1.run :: [lat] epoch=28 step=50 mean_l2=0.03001 std_l2=0.02576
2026-05-16 19:29:16,887 INFO CSMF2.step_1_1_1.run :: epoch=28 step=50/429 train_nll=-3556.186
2026-05-16 19:29:24,171 INFO CSMF2.step_1_1_1.run :: [h] epoch=28 step=100 total=0.04426 batch=0.04232
2026-05-16 19:29:24,171 INFO CSMF2.step_1_1_1.run :: [lat] epoch=28 step=100 mean_l2=0.02573 std_l2=0.01742
2026-05-16 19:29:24,208 INFO CSMF2.step_1_1_1.run :: epoch=28 step=100/429 train_nll=-3570.770
2026-05-16 19:29:31,653 INFO CSMF2.step_1_1_1.run :: [h] epoch=28 step=150 total=0.04497 batch=0.04295
2026-05-16 19:29:31,653 INFO CSMF2.step_1_1_1.run :: [lat] epoch=28 step=150 mean_l2=0.03803 std_l2=0.01932
2026-05-16 19:29:31,689 INFO CSMF2.step_1_1_1.run :: epoch=28 step=150/429 train_nll=-3585.211
2026-05-16 19:29:39,115 INFO CSMF2.step_1_1_1.run :: [h] epoch=28 step=200 total=0.04446 batch=0.04265
2026-05-16 19:29:39,115 INFO CSMF2.step_1_1_1.run :: [lat] epoch=28 step=200 mean_l2=0.04946 std_l2=0.02283
2026-05-16 19:29:39,151 INFO CSMF2.step_1_1_1.run :: epoch=28 step=200/429 train_nll=-3593.364
2026-05-16 19:29:46,612 INFO CSMF2.step_1_1_1.run :: [h] epoch=28 step=250 total=0.04430 batch=0.04352
2026-05-16 19:29:46,613 INFO CSMF2.step_1_1_1.run :: [lat] epoch=28 step=250 mean_l2=0.03097 std_l2=0.04188
2026-05-16 19:29:46,649 INFO CSMF2.step_1_1_1.run :: epoch=28 step=250/429 train_nll=-3594.336
2026-05-16 19:29:54,012 INFO CSMF2.step_1_1_1.run :: [h] epoch=28 step=300 total=0.04445 batch=0.04366
2026-05-16 19:29:54,012 INFO CSMF2.step_1_1_1.run :: [lat] epoch=28 step=300 mean_l2=0.02303 std_l2=0.02176
2026-05-16 19:29:54,048 INFO CSMF2.step_1_1_1.run :: epoch=28 step=300/429 train_nll=-3593.412
2026-05-16 19:30:01,245 INFO CSMF2.step_1_1_1.run :: [h] epoch=28 step=350 total=0.04271 batch=0.04225
2026-05-16 19:30:01,246 INFO CSMF2.step_1_1_1.run :: [lat] epoch=28 step=350 mean_l2=0.02836 std_l2=0.02137
2026-05-16 19:30:01,282 INFO CSMF2.step_1_1_1.run :: epoch=28 step=350/429 train_nll=-3592.415
2026-05-16 19:30:08,686 INFO CSMF2.step_1_1_1.run :: [h] epoch=28 step=400 total=0.04516 batch=0.04385
2026-05-16 19:30:08,687 INFO CSMF2.step_1_1_1.run :: [lat] epoch=28 step=400 mean_l2=0.02969 std_l2=0.03273
2026-05-16 19:30:08,723 INFO CSMF2.step_1_1_1.run :: epoch=28 step=400/429 train_nll=-3592.881
2026-05-16 19:30:16,289 INFO CSMF2.step_1_1_1.run :: epoch=28  train_nll=-3593.390  val_nll=-3622.030  t=66.8s
2026-05-16 19:30:16,289 INFO CSMF2.step_1_1_1.run :: [glow] film_gain mean=0.2515 min=0.2323 max=0.2676
2026-05-16 19:30:16,290 INFO CSMF2.step_1_1_1.run :: [shuffle] gap_mean=16.736 hinge=0.1152 lambda=1.000 margin=0.50
2026-05-16 19:30:16,290 INFO CSMF2.step_1_1_1.run :: [h_std] total=0.04512 batch=0.04356 penalty=0.00644 target=0.0500 mu=10.000
2026-05-16 19:30:16,290 INFO CSMF2.step_1_1_1.run :: [lat_epoch] mean_l2=0.03445 std_l2=0.03294 (no penalty)
2026-05-16 19:30:16,290 INFO CSMF2.step_1_1_1.run :: [y_resid] alpha=0.1394
2026-05-16 19:30:16,290 INFO CSMF2.step_1_1_1.run :: [grad] cond=42.4831 film_gain=1353.3294
2026-05-16 19:30:31,859 INFO CSMF2.step_1_1_1.run :: [h] epoch=29 step=50 total=0.04450 batch=0.04387
2026-05-16 19:30:31,859 INFO CSMF2.step_1_1_1.run :: [lat] epoch=29 step=50 mean_l2=0.03872 std_l2=0.03092
2026-05-16 19:30:31,895 INFO CSMF2.step_1_1_1.run :: epoch=29 step=50/429 train_nll=-3603.211
2026-05-16 19:30:39,259 INFO CSMF2.step_1_1_1.run :: [h] epoch=29 step=100 total=0.04500 batch=0.04425
2026-05-16 19:30:39,259 INFO CSMF2.step_1_1_1.run :: [lat] epoch=29 step=100 mean_l2=0.02810 std_l2=0.02155
2026-05-16 19:30:39,295 INFO CSMF2.step_1_1_1.run :: epoch=29 step=100/429 train_nll=-3602.410
2026-05-16 19:30:46,684 INFO CSMF2.step_1_1_1.run :: [h] epoch=29 step=150 total=0.04731 batch=0.04659
2026-05-16 19:30:46,685 INFO CSMF2.step_1_1_1.run :: [lat] epoch=29 step=150 mean_l2=0.02751 std_l2=0.02129
2026-05-16 19:30:46,721 INFO CSMF2.step_1_1_1.run :: epoch=29 step=150/429 train_nll=-3604.543
2026-05-16 19:30:53,974 INFO CSMF2.step_1_1_1.run :: [h] epoch=29 step=200 total=0.04796 batch=0.04705
2026-05-16 19:30:53,975 INFO CSMF2.step_1_1_1.run :: [lat] epoch=29 step=200 mean_l2=0.03411 std_l2=0.03026
2026-05-16 19:30:54,011 INFO CSMF2.step_1_1_1.run :: epoch=29 step=200/429 train_nll=-3593.521
2026-05-16 19:31:01,486 INFO CSMF2.step_1_1_1.run :: [h] epoch=29 step=250 total=0.04586 batch=0.04539
2026-05-16 19:31:01,486 INFO CSMF2.step_1_1_1.run :: [lat] epoch=29 step=250 mean_l2=0.03771 std_l2=0.03160
2026-05-16 19:31:01,522 INFO CSMF2.step_1_1_1.run :: epoch=29 step=250/429 train_nll=-3590.041
2026-05-16 19:31:09,003 INFO CSMF2.step_1_1_1.run :: [h] epoch=29 step=300 total=0.04718 batch=0.04672
2026-05-16 19:31:09,004 INFO CSMF2.step_1_1_1.run :: [lat] epoch=29 step=300 mean_l2=0.02110 std_l2=0.02035
2026-05-16 19:31:09,040 INFO CSMF2.step_1_1_1.run :: epoch=29 step=300/429 train_nll=-3592.735
2026-05-16 19:31:16,485 INFO CSMF2.step_1_1_1.run :: [h] epoch=29 step=350 total=0.04891 batch=0.04846
2026-05-16 19:31:16,486 INFO CSMF2.step_1_1_1.run :: [lat] epoch=29 step=350 mean_l2=0.03717 std_l2=0.04042
2026-05-16 19:31:16,522 INFO CSMF2.step_1_1_1.run :: epoch=29 step=350/429 train_nll=-3593.726
2026-05-16 19:31:23,966 INFO CSMF2.step_1_1_1.run :: [h] epoch=29 step=400 total=0.04595 batch=0.04500
2026-05-16 19:31:23,966 INFO CSMF2.step_1_1_1.run :: [lat] epoch=29 step=400 mean_l2=0.04110 std_l2=0.04869
2026-05-16 19:31:24,003 INFO CSMF2.step_1_1_1.run :: epoch=29 step=400/429 train_nll=-3593.649
2026-05-16 19:31:31,324 INFO CSMF2.step_1_1_1.run :: epoch=29  train_nll=-3593.797  val_nll=-3623.347  t=66.8s
2026-05-16 19:31:31,325 INFO CSMF2.step_1_1_1.run :: [glow] film_gain mean=0.2496 min=0.2288 max=0.2666
2026-05-16 19:31:31,325 INFO CSMF2.step_1_1_1.run :: [shuffle] gap_mean=18.943 hinge=0.0000 lambda=1.000 margin=0.50
2026-05-16 19:31:31,325 INFO CSMF2.step_1_1_1.run :: [h_std] total=0.04669 batch=0.04597 penalty=0.00403 target=0.0500 mu=10.000
2026-05-16 19:31:31,325 INFO CSMF2.step_1_1_1.run :: [lat_epoch] mean_l2=0.03547 std_l2=0.03128 (no penalty)
2026-05-16 19:31:31,325 INFO CSMF2.step_1_1_1.run :: [y_resid] alpha=0.1434
2026-05-16 19:31:31,325 INFO CSMF2.step_1_1_1.run :: [grad] cond=11.2832 film_gain=1043.7372
2026-05-16 19:31:46,827 INFO CSMF2.step_1_1_1.run :: [h] epoch=30 step=50 total=0.04832 batch=0.04757
2026-05-16 19:31:46,828 INFO CSMF2.step_1_1_1.run :: [lat] epoch=30 step=50 mean_l2=0.04484 std_l2=0.03411
2026-05-16 19:31:46,864 INFO CSMF2.step_1_1_1.run :: epoch=30 step=50/429 train_nll=-3614.431
2026-05-16 19:31:54,330 INFO CSMF2.step_1_1_1.run :: [h] epoch=30 step=100 total=0.04978 batch=0.04889
2026-05-16 19:31:54,331 INFO CSMF2.step_1_1_1.run :: [lat] epoch=30 step=100 mean_l2=0.03105 std_l2=0.03535
2026-05-16 19:31:54,367 INFO CSMF2.step_1_1_1.run :: epoch=30 step=100/429 train_nll=-3602.926
2026-05-16 19:32:01,793 INFO CSMF2.step_1_1_1.run :: [h] epoch=30 step=150 total=0.04746 batch=0.04672
2026-05-16 19:32:01,793 INFO CSMF2.step_1_1_1.run :: [lat] epoch=30 step=150 mean_l2=0.02812 std_l2=0.02234
2026-05-16 19:32:01,829 INFO CSMF2.step_1_1_1.run :: epoch=30 step=150/429 train_nll=-3603.273
2026-05-16 19:32:09,331 INFO CSMF2.step_1_1_1.run :: [h] epoch=30 step=200 total=0.04721 batch=0.04641
2026-05-16 19:32:09,332 INFO CSMF2.step_1_1_1.run :: [lat] epoch=30 step=200 mean_l2=0.01937 std_l2=0.02111
2026-05-16 19:32:09,368 INFO CSMF2.step_1_1_1.run :: epoch=30 step=200/429 train_nll=-3608.728
2026-05-16 19:32:16,630 INFO CSMF2.step_1_1_1.run :: [h] epoch=30 step=250 total=0.04759 batch=0.04677
2026-05-16 19:32:16,631 INFO CSMF2.step_1_1_1.run :: [lat] epoch=30 step=250 mean_l2=0.02864 std_l2=0.02065
2026-05-16 19:32:16,667 INFO CSMF2.step_1_1_1.run :: epoch=30 step=250/429 train_nll=-3612.917
2026-05-16 19:32:24,152 INFO CSMF2.step_1_1_1.run :: [h] epoch=30 step=300 total=0.04966 batch=0.04907
2026-05-16 19:32:24,153 INFO CSMF2.step_1_1_1.run :: [lat] epoch=30 step=300 mean_l2=0.02580 std_l2=0.02802
2026-05-16 19:32:24,189 INFO CSMF2.step_1_1_1.run :: epoch=30 step=300/429 train_nll=-3614.071
2026-05-16 19:32:31,503 INFO CSMF2.step_1_1_1.run :: [h] epoch=30 step=350 total=0.04915 batch=0.04864
2026-05-16 19:32:31,504 INFO CSMF2.step_1_1_1.run :: [lat] epoch=30 step=350 mean_l2=0.04320 std_l2=0.02629
2026-05-16 19:32:31,540 INFO CSMF2.step_1_1_1.run :: epoch=30 step=350/429 train_nll=-3614.648
2026-05-16 19:32:38,703 INFO CSMF2.step_1_1_1.run :: [h] epoch=30 step=400 total=0.05211 batch=0.05149
2026-05-16 19:32:38,703 INFO CSMF2.step_1_1_1.run :: [lat] epoch=30 step=400 mean_l2=0.02943 std_l2=0.02097
2026-05-16 19:32:38,740 INFO CSMF2.step_1_1_1.run :: epoch=30 step=400/429 train_nll=-3613.575
2026-05-16 19:32:46,044 INFO CSMF2.step_1_1_1.run :: epoch=30  train_nll=-3614.077  val_nll=-3629.419  t=66.5s
2026-05-16 19:32:46,044 INFO CSMF2.step_1_1_1.run :: [glow] film_gain mean=0.2490 min=0.2266 max=0.2665
2026-05-16 19:32:46,044 INFO CSMF2.step_1_1_1.run :: [shuffle] gap_mean=20.162 hinge=0.0000 lambda=1.000 margin=0.50
2026-05-16 19:32:46,044 INFO CSMF2.step_1_1_1.run :: [h_std] total=0.04886 batch=0.04813 penalty=0.00192 target=0.0500 mu=10.000
2026-05-16 19:32:46,044 INFO CSMF2.step_1_1_1.run :: [lat_epoch] mean_l2=0.03149 std_l2=0.02433 (no penalty)
2026-05-16 19:32:46,044 INFO CSMF2.step_1_1_1.run :: [y_resid] alpha=0.1468
2026-05-16 19:32:46,044 INFO CSMF2.step_1_1_1.run :: [grad] cond=8.8972 film_gain=816.4893
2026-05-16 19:33:01,500 INFO CSMF2.step_1_1_1.run :: [h] epoch=31 step=50 total=0.05151 batch=0.05084
2026-05-16 19:33:01,501 INFO CSMF2.step_1_1_1.run :: [lat] epoch=31 step=50 mean_l2=0.03130 std_l2=0.02853
2026-05-16 19:33:01,537 INFO CSMF2.step_1_1_1.run :: epoch=31 step=50/429 train_nll=-3604.840
2026-05-16 19:33:08,720 INFO CSMF2.step_1_1_1.run :: [h] epoch=31 step=100 total=0.04925 batch=0.04840
2026-05-16 19:33:08,720 INFO CSMF2.step_1_1_1.run :: [lat] epoch=31 step=100 mean_l2=0.02586 std_l2=0.03019
2026-05-16 19:33:08,757 INFO CSMF2.step_1_1_1.run :: epoch=31 step=100/429 train_nll=-3610.454
2026-05-16 19:33:16,030 INFO CSMF2.step_1_1_1.run :: [h] epoch=31 step=150 total=0.04846 batch=0.04797
2026-05-16 19:33:16,031 INFO CSMF2.step_1_1_1.run :: [lat] epoch=31 step=150 mean_l2=0.02741 std_l2=0.02999
2026-05-16 19:33:16,067 INFO CSMF2.step_1_1_1.run :: epoch=31 step=150/429 train_nll=-3614.154
2026-05-16 19:33:23,520 INFO CSMF2.step_1_1_1.run :: [h] epoch=31 step=200 total=0.05061 batch=0.05030
2026-05-16 19:33:23,520 INFO CSMF2.step_1_1_1.run :: [lat] epoch=31 step=200 mean_l2=0.02582 std_l2=0.02844
2026-05-16 19:33:23,556 INFO CSMF2.step_1_1_1.run :: epoch=31 step=200/429 train_nll=-3615.013
2026-05-16 19:33:30,976 INFO CSMF2.step_1_1_1.run :: [h] epoch=31 step=250 total=0.04830 batch=0.04757
2026-05-16 19:33:30,977 INFO CSMF2.step_1_1_1.run :: [lat] epoch=31 step=250 mean_l2=0.02989 std_l2=0.03024
2026-05-16 19:33:31,013 INFO CSMF2.step_1_1_1.run :: epoch=31 step=250/429 train_nll=-3612.914
2026-05-16 19:33:38,492 INFO CSMF2.step_1_1_1.run :: [h] epoch=31 step=300 total=0.04955 batch=0.04865
2026-05-16 19:33:38,493 INFO CSMF2.step_1_1_1.run :: [lat] epoch=31 step=300 mean_l2=0.02733 std_l2=0.02620
2026-05-16 19:33:38,529 INFO CSMF2.step_1_1_1.run :: epoch=31 step=300/429 train_nll=-3611.619
2026-05-16 19:33:46,017 INFO CSMF2.step_1_1_1.run :: [h] epoch=31 step=350 total=0.05123 batch=0.05025
2026-05-16 19:33:46,018 INFO CSMF2.step_1_1_1.run :: [lat] epoch=31 step=350 mean_l2=0.03156 std_l2=0.02378
2026-05-16 19:33:46,054 INFO CSMF2.step_1_1_1.run :: epoch=31 step=350/429 train_nll=-3607.606
2026-05-16 19:33:53,395 INFO CSMF2.step_1_1_1.run :: [h] epoch=31 step=400 total=0.04858 batch=0.04827
2026-05-16 19:33:53,395 INFO CSMF2.step_1_1_1.run :: [lat] epoch=31 step=400 mean_l2=0.03530 std_l2=0.04482
2026-05-16 19:33:53,431 INFO CSMF2.step_1_1_1.run :: epoch=31 step=400/429 train_nll=-3606.878
2026-05-16 19:34:01,158 INFO CSMF2.step_1_1_1.run :: epoch=31  train_nll=-3606.869  val_nll=-3593.909  t=66.9s
2026-05-16 19:34:01,158 INFO CSMF2.step_1_1_1.run :: [glow] film_gain mean=0.2470 min=0.2215 max=0.2657
2026-05-16 19:34:01,158 INFO CSMF2.step_1_1_1.run :: [shuffle] gap_mean=20.727 hinge=0.0000 lambda=1.000 margin=0.50
2026-05-16 19:34:01,158 INFO CSMF2.step_1_1_1.run :: [h_std] total=0.05010 batch=0.04940 penalty=0.00086 target=0.0500 mu=10.000
2026-05-16 19:34:01,158 INFO CSMF2.step_1_1_1.run :: [lat_epoch] mean_l2=0.03299 std_l2=0.02920 (no penalty)
2026-05-16 19:34:01,158 INFO CSMF2.step_1_1_1.run :: [y_resid] alpha=0.1460
2026-05-16 19:34:01,158 INFO CSMF2.step_1_1_1.run :: [grad] cond=158.8907 film_gain=1955.1988
2026-05-16 19:34:16,767 INFO CSMF2.step_1_1_1.run :: [h] epoch=32 step=50 total=0.05094 batch=0.05016
2026-05-16 19:34:16,768 INFO CSMF2.step_1_1_1.run :: [lat] epoch=32 step=50 mean_l2=0.02203 std_l2=0.02162
2026-05-16 19:34:16,804 INFO CSMF2.step_1_1_1.run :: epoch=32 step=50/429 train_nll=-3616.454
2026-05-16 19:34:24,090 INFO CSMF2.step_1_1_1.run :: [h] epoch=32 step=100 total=0.05059 batch=0.05021
2026-05-16 19:34:24,090 INFO CSMF2.step_1_1_1.run :: [lat] epoch=32 step=100 mean_l2=0.02676 std_l2=0.02026
2026-05-16 19:34:24,127 INFO CSMF2.step_1_1_1.run :: epoch=32 step=100/429 train_nll=-3617.778
2026-05-16 19:34:31,551 INFO CSMF2.step_1_1_1.run :: [h] epoch=32 step=150 total=0.05042 batch=0.04985
2026-05-16 19:34:31,552 INFO CSMF2.step_1_1_1.run :: [lat] epoch=32 step=150 mean_l2=0.02289 std_l2=0.02155
2026-05-16 19:34:31,588 INFO CSMF2.step_1_1_1.run :: epoch=32 step=150/429 train_nll=-3614.308
2026-05-16 19:34:38,790 INFO CSMF2.step_1_1_1.run :: [h] epoch=32 step=200 total=0.04946 batch=0.04903
2026-05-16 19:34:38,791 INFO CSMF2.step_1_1_1.run :: [lat] epoch=32 step=200 mean_l2=0.02798 std_l2=0.02195
2026-05-16 19:34:38,827 INFO CSMF2.step_1_1_1.run :: epoch=32 step=200/429 train_nll=-3609.583
2026-05-16 19:34:46,122 INFO CSMF2.step_1_1_1.run :: [h] epoch=32 step=250 total=0.04934 batch=0.04806
2026-05-16 19:34:46,122 INFO CSMF2.step_1_1_1.run :: [lat] epoch=32 step=250 mean_l2=0.03481 std_l2=0.05195
2026-05-16 19:34:46,158 INFO CSMF2.step_1_1_1.run :: epoch=32 step=250/429 train_nll=-3610.085
2026-05-16 19:34:53,416 INFO CSMF2.step_1_1_1.run :: [h] epoch=32 step=300 total=0.04899 batch=0.04815
2026-05-16 19:34:53,417 INFO CSMF2.step_1_1_1.run :: [lat] epoch=32 step=300 mean_l2=0.03016 std_l2=24.07795
2026-05-16 19:34:53,453 INFO CSMF2.step_1_1_1.run :: epoch=32 step=300/429 train_nll=-3608.264
2026-05-16 19:35:00,717 INFO CSMF2.step_1_1_1.run :: [h] epoch=32 step=350 total=0.03394 batch=0.03254
2026-05-16 19:35:00,718 INFO CSMF2.step_1_1_1.run :: [lat] epoch=32 step=350 mean_l2=0.05067 std_l2=0.03424
2026-05-16 19:35:00,754 INFO CSMF2.step_1_1_1.run :: epoch=32 step=350/429 train_nll=-3588.782
2026-05-16 19:35:08,054 INFO CSMF2.step_1_1_1.run :: [h] epoch=32 step=400 total=0.03514 batch=0.03405
2026-05-16 19:35:08,055 INFO CSMF2.step_1_1_1.run :: [lat] epoch=32 step=400 mean_l2=0.03092 std_l2=0.02082
2026-05-16 19:35:08,091 INFO CSMF2.step_1_1_1.run :: epoch=32 step=400/429 train_nll=-3586.811
2026-05-16 19:35:15,507 INFO CSMF2.step_1_1_1.run :: epoch=32  train_nll=-3586.076  val_nll=-3594.483  t=66.1s
2026-05-16 19:35:15,507 INFO CSMF2.step_1_1_1.run :: [glow] film_gain mean=0.2443 min=0.2147 max=0.2659
2026-05-16 19:35:15,507 INFO CSMF2.step_1_1_1.run :: [shuffle] gap_mean=18.091 hinge=0.0373 lambda=1.000 margin=0.50
2026-05-16 19:35:15,507 INFO CSMF2.step_1_1_1.run :: [h_std] total=0.04604 batch=0.04479 penalty=0.00534 target=0.0500 mu=10.000
2026-05-16 19:35:15,507 INFO CSMF2.step_1_1_1.run :: [lat_epoch] mean_l2=0.03466 std_l2=0.62287 (no penalty)
2026-05-16 19:35:15,507 INFO CSMF2.step_1_1_1.run :: [y_resid] alpha=0.1061
2026-05-16 19:35:15,507 INFO CSMF2.step_1_1_1.run :: [grad] cond=28.8960 film_gain=1086.7325
2026-05-16 19:35:31,179 INFO CSMF2.step_1_1_1.run :: [h] epoch=33 step=50 total=0.03553 batch=0.03467
2026-05-16 19:35:31,180 INFO CSMF2.step_1_1_1.run :: [lat] epoch=33 step=50 mean_l2=0.03929 std_l2=0.02136
2026-05-16 19:35:31,216 INFO CSMF2.step_1_1_1.run :: epoch=33 step=50/429 train_nll=-3590.384
2026-05-16 19:35:38,631 INFO CSMF2.step_1_1_1.run :: [h] epoch=33 step=100 total=0.03762 batch=0.03677
2026-05-16 19:35:38,632 INFO CSMF2.step_1_1_1.run :: [lat] epoch=33 step=100 mean_l2=0.04214 std_l2=0.01945
2026-05-16 19:35:38,668 INFO CSMF2.step_1_1_1.run :: epoch=33 step=100/429 train_nll=-3600.155
2026-05-16 19:35:46,109 INFO CSMF2.step_1_1_1.run :: [h] epoch=33 step=150 total=0.03784 batch=0.03667
2026-05-16 19:35:46,109 INFO CSMF2.step_1_1_1.run :: [lat] epoch=33 step=150 mean_l2=0.02611 std_l2=0.02217
2026-05-16 19:35:46,145 INFO CSMF2.step_1_1_1.run :: epoch=33 step=150/429 train_nll=-3601.230
2026-05-16 19:35:53,449 INFO CSMF2.step_1_1_1.run :: [h] epoch=33 step=200 total=0.03864 batch=0.03774
2026-05-16 19:35:53,449 INFO CSMF2.step_1_1_1.run :: [lat] epoch=33 step=200 mean_l2=0.02295 std_l2=0.03418
2026-05-16 19:35:53,486 INFO CSMF2.step_1_1_1.run :: epoch=33 step=200/429 train_nll=-3601.174
2026-05-16 19:36:00,902 INFO CSMF2.step_1_1_1.run :: [h] epoch=33 step=250 total=0.03879 batch=0.03796
2026-05-16 19:36:00,903 INFO CSMF2.step_1_1_1.run :: [lat] epoch=33 step=250 mean_l2=0.02557 std_l2=0.03076
2026-05-16 19:36:00,939 INFO CSMF2.step_1_1_1.run :: epoch=33 step=250/429 train_nll=-3589.909
2026-05-16 19:36:08,185 INFO CSMF2.step_1_1_1.run :: [h] epoch=33 step=300 total=0.04035 batch=0.03966
2026-05-16 19:36:08,186 INFO CSMF2.step_1_1_1.run :: [lat] epoch=33 step=300 mean_l2=0.02432 std_l2=0.05046
2026-05-16 19:36:08,222 INFO CSMF2.step_1_1_1.run :: epoch=33 step=300/429 train_nll=-3592.131
2026-05-16 19:36:15,560 INFO CSMF2.step_1_1_1.run :: [h] epoch=33 step=350 total=0.04100 batch=0.04043
2026-05-16 19:36:15,560 INFO CSMF2.step_1_1_1.run :: [lat] epoch=33 step=350 mean_l2=0.03157 std_l2=0.02462
2026-05-16 19:36:15,596 INFO CSMF2.step_1_1_1.run :: epoch=33 step=350/429 train_nll=-3591.295
2026-05-16 19:36:22,891 INFO CSMF2.step_1_1_1.run :: [h] epoch=33 step=400 total=0.04140 batch=0.04073
2026-05-16 19:36:22,891 INFO CSMF2.step_1_1_1.run :: [lat] epoch=33 step=400 mean_l2=0.02856 std_l2=0.01907
2026-05-16 19:36:22,927 INFO CSMF2.step_1_1_1.run :: epoch=33 step=400/429 train_nll=-3594.313
2026-05-16 19:36:30,417 INFO CSMF2.step_1_1_1.run :: epoch=33  train_nll=-3596.329  val_nll=-3631.989  t=66.7s
2026-05-16 19:36:30,418 INFO CSMF2.step_1_1_1.run :: [glow] film_gain mean=0.2436 min=0.2142 max=0.2654
2026-05-16 19:36:30,418 INFO CSMF2.step_1_1_1.run :: [shuffle] gap_mean=19.008 hinge=0.0000 lambda=1.000 margin=0.50
2026-05-16 19:36:30,418 INFO CSMF2.step_1_1_1.run :: [h_std] total=0.03880 batch=0.03793 penalty=0.01207 target=0.0500 mu=10.000
2026-05-16 19:36:30,418 INFO CSMF2.step_1_1_1.run :: [lat_epoch] mean_l2=0.03415 std_l2=0.03248 (no penalty)
2026-05-16 19:36:30,418 INFO CSMF2.step_1_1_1.run :: [y_resid] alpha=0.1201
2026-05-16 19:36:30,418 INFO CSMF2.step_1_1_1.run :: [grad] cond=48.1106 film_gain=641.5680
2026-05-16 19:36:46,078 INFO CSMF2.step_1_1_1.run :: [h] epoch=34 step=50 total=0.04177 batch=0.04105
2026-05-16 19:36:46,079 INFO CSMF2.step_1_1_1.run :: [lat] epoch=34 step=50 mean_l2=0.02119 std_l2=0.01780
2026-05-16 19:36:46,115 INFO CSMF2.step_1_1_1.run :: epoch=34 step=50/429 train_nll=-3620.063
2026-05-16 19:36:53,507 INFO CSMF2.step_1_1_1.run :: [h] epoch=34 step=100 total=0.04259 batch=0.04180
2026-05-16 19:36:53,507 INFO CSMF2.step_1_1_1.run :: [lat] epoch=34 step=100 mean_l2=0.03490 std_l2=0.03788
2026-05-16 19:36:53,544 INFO CSMF2.step_1_1_1.run :: epoch=34 step=100/429 train_nll=-3609.874
2026-05-16 19:37:00,907 INFO CSMF2.step_1_1_1.run :: [h] epoch=34 step=150 total=0.04303 batch=0.04225
2026-05-16 19:37:00,907 INFO CSMF2.step_1_1_1.run :: [lat] epoch=34 step=150 mean_l2=0.03304 std_l2=0.02039
2026-05-16 19:37:00,943 INFO CSMF2.step_1_1_1.run :: epoch=34 step=150/429 train_nll=-3609.877
2026-05-16 19:37:08,381 INFO CSMF2.step_1_1_1.run :: [h] epoch=34 step=200 total=0.04313 batch=0.04245
2026-05-16 19:37:08,382 INFO CSMF2.step_1_1_1.run :: [lat] epoch=34 step=200 mean_l2=0.03356 std_l2=0.02838
2026-05-16 19:37:08,418 INFO CSMF2.step_1_1_1.run :: epoch=34 step=200/429 train_nll=-3606.129
2026-05-16 19:37:15,541 INFO CSMF2.step_1_1_1.run :: [h] epoch=34 step=250 total=0.04328 batch=0.04252
2026-05-16 19:37:15,541 INFO CSMF2.step_1_1_1.run :: [lat] epoch=34 step=250 mean_l2=0.03438 std_l2=0.02304
2026-05-16 19:37:15,577 INFO CSMF2.step_1_1_1.run :: epoch=34 step=250/429 train_nll=-3606.652
2026-05-16 19:37:22,764 INFO CSMF2.step_1_1_1.run :: [h] epoch=34 step=300 total=0.04332 batch=0.04270
2026-05-16 19:37:22,764 INFO CSMF2.step_1_1_1.run :: [lat] epoch=34 step=300 mean_l2=0.03037 std_l2=0.02374
2026-05-16 19:37:22,800 INFO CSMF2.step_1_1_1.run :: epoch=34 step=300/429 train_nll=-3609.521
2026-05-16 19:37:30,249 INFO CSMF2.step_1_1_1.run :: [h] epoch=34 step=350 total=0.04495 batch=0.04435
2026-05-16 19:37:30,250 INFO CSMF2.step_1_1_1.run :: [lat] epoch=34 step=350 mean_l2=0.02038 std_l2=0.02729
2026-05-16 19:37:30,286 INFO CSMF2.step_1_1_1.run :: epoch=34 step=350/429 train_nll=-3608.844
2026-05-16 19:37:37,672 INFO CSMF2.step_1_1_1.run :: [h] epoch=34 step=400 total=0.04648 batch=0.04582
2026-05-16 19:37:37,672 INFO CSMF2.step_1_1_1.run :: [lat] epoch=34 step=400 mean_l2=0.03943 std_l2=0.03034
2026-05-16 19:37:37,709 INFO CSMF2.step_1_1_1.run :: epoch=34 step=400/429 train_nll=-3609.713
2026-05-16 19:37:45,065 INFO CSMF2.step_1_1_1.run :: epoch=34  train_nll=-3610.732  val_nll=-3633.838  t=66.4s
2026-05-16 19:37:45,065 INFO CSMF2.step_1_1_1.run :: [glow] film_gain mean=0.2427 min=0.2122 max=0.2651
2026-05-16 19:37:45,065 INFO CSMF2.step_1_1_1.run :: [shuffle] gap_mean=20.996 hinge=0.0000 lambda=1.000 margin=0.50
2026-05-16 19:37:45,065 INFO CSMF2.step_1_1_1.run :: [h_std] total=0.04329 batch=0.04261 penalty=0.00739 target=0.0500 mu=10.000
2026-05-16 19:37:45,065 INFO CSMF2.step_1_1_1.run :: [lat_epoch] mean_l2=0.03205 std_l2=0.02702 (no penalty)
2026-05-16 19:37:45,065 INFO CSMF2.step_1_1_1.run :: [y_resid] alpha=0.1275
2026-05-16 19:37:45,065 INFO CSMF2.step_1_1_1.run :: [grad] cond=11.5250 film_gain=1782.0180
2026-05-16 19:38:00,671 INFO CSMF2.step_1_1_1.run :: [h] epoch=35 step=50 total=0.04388 batch=0.04287
2026-05-16 19:38:00,672 INFO CSMF2.step_1_1_1.run :: [lat] epoch=35 step=50 mean_l2=0.03597 std_l2=0.06069
2026-05-16 19:38:00,708 INFO CSMF2.step_1_1_1.run :: epoch=35 step=50/429 train_nll=-3600.331
2026-05-16 19:38:08,020 INFO CSMF2.step_1_1_1.run :: [h] epoch=35 step=100 total=0.04384 batch=0.04250
2026-05-16 19:38:08,020 INFO CSMF2.step_1_1_1.run :: [lat] epoch=35 step=100 mean_l2=0.02593 std_l2=0.03311
2026-05-16 19:38:08,056 INFO CSMF2.step_1_1_1.run :: epoch=35 step=100/429 train_nll=-3590.801
2026-05-16 19:38:15,245 INFO CSMF2.step_1_1_1.run :: [h] epoch=35 step=150 total=0.04408 batch=0.04363
2026-05-16 19:38:15,245 INFO CSMF2.step_1_1_1.run :: [lat] epoch=35 step=150 mean_l2=0.02618 std_l2=0.02582
2026-05-16 19:38:15,282 INFO CSMF2.step_1_1_1.run :: epoch=35 step=150/429 train_nll=-3592.602
2026-05-16 19:38:22,628 INFO CSMF2.step_1_1_1.run :: [h] epoch=35 step=200 total=0.04412 batch=0.04345
2026-05-16 19:38:22,628 INFO CSMF2.step_1_1_1.run :: [lat] epoch=35 step=200 mean_l2=0.01846 std_l2=0.02361
2026-05-16 19:38:22,664 INFO CSMF2.step_1_1_1.run :: epoch=35 step=200/429 train_nll=-3599.847
2026-05-16 19:38:29,962 INFO CSMF2.step_1_1_1.run :: [h] epoch=35 step=250 total=0.04324 batch=0.04231
2026-05-16 19:38:29,962 INFO CSMF2.step_1_1_1.run :: [lat] epoch=35 step=250 mean_l2=0.02950 std_l2=0.02270
2026-05-16 19:38:29,998 INFO CSMF2.step_1_1_1.run :: epoch=35 step=250/429 train_nll=-3600.284
2026-05-16 19:38:37,467 INFO CSMF2.step_1_1_1.run :: [h] epoch=35 step=300 total=0.04387 batch=0.04322
2026-05-16 19:38:37,468 INFO CSMF2.step_1_1_1.run :: [lat] epoch=35 step=300 mean_l2=0.02506 std_l2=0.02161
2026-05-16 19:38:37,504 INFO CSMF2.step_1_1_1.run :: epoch=35 step=300/429 train_nll=-3600.885
2026-05-16 19:38:45,075 INFO CSMF2.step_1_1_1.run :: [h] epoch=35 step=350 total=0.04534 batch=0.04485
2026-05-16 19:38:45,075 INFO CSMF2.step_1_1_1.run :: [lat] epoch=35 step=350 mean_l2=0.03996 std_l2=0.04007
2026-05-16 19:38:45,112 INFO CSMF2.step_1_1_1.run :: epoch=35 step=350/429 train_nll=-3602.526
2026-05-16 19:38:52,155 INFO CSMF2.step_1_1_1.run :: [h] epoch=35 step=400 total=0.04597 batch=0.04493
2026-05-16 19:38:52,156 INFO CSMF2.step_1_1_1.run :: [lat] epoch=35 step=400 mean_l2=0.03415 std_l2=0.02848
2026-05-16 19:38:52,192 INFO CSMF2.step_1_1_1.run :: epoch=35 step=400/429 train_nll=-3599.443
2026-05-16 19:38:59,478 INFO CSMF2.step_1_1_1.run :: epoch=35  train_nll=-3600.854  val_nll=-3564.398  t=66.2s
2026-05-16 19:38:59,478 INFO CSMF2.step_1_1_1.run :: [glow] film_gain mean=0.2404 min=0.2078 max=0.2641
2026-05-16 19:38:59,478 INFO CSMF2.step_1_1_1.run :: [shuffle] gap_mean=20.497 hinge=0.0000 lambda=1.000 margin=0.50
2026-05-16 19:38:59,478 INFO CSMF2.step_1_1_1.run :: [h_std] total=0.04489 batch=0.04410 penalty=0.00590 target=0.0500 mu=10.000
2026-05-16 19:38:59,478 INFO CSMF2.step_1_1_1.run :: [lat_epoch] mean_l2=0.03395 std_l2=0.03611 (no penalty)
2026-05-16 19:38:59,478 INFO CSMF2.step_1_1_1.run :: [y_resid] alpha=0.1278
2026-05-16 19:38:59,478 INFO CSMF2.step_1_1_1.run :: [grad] cond=67.7570 film_gain=2049.8476
2026-05-16 19:39:15,054 INFO CSMF2.step_1_1_1.run :: [h] epoch=36 step=50 total=0.04592 batch=0.04510
2026-05-16 19:39:15,055 INFO CSMF2.step_1_1_1.run :: [lat] epoch=36 step=50 mean_l2=0.02043 std_l2=0.02571
2026-05-16 19:39:15,091 INFO CSMF2.step_1_1_1.run :: epoch=36 step=50/429 train_nll=-3621.064
2026-05-16 19:39:22,671 INFO CSMF2.step_1_1_1.run :: [h] epoch=36 step=100 total=0.04679 batch=0.04620
2026-05-16 19:39:22,672 INFO CSMF2.step_1_1_1.run :: [lat] epoch=36 step=100 mean_l2=0.05027 std_l2=0.02225
2026-05-16 19:39:22,708 INFO CSMF2.step_1_1_1.run :: epoch=36 step=100/429 train_nll=-3618.803
2026-05-16 19:39:29,941 INFO CSMF2.step_1_1_1.run :: [h] epoch=36 step=150 total=0.04653 batch=0.04584
2026-05-16 19:39:29,942 INFO CSMF2.step_1_1_1.run :: [lat] epoch=36 step=150 mean_l2=0.01975 std_l2=0.02586
2026-05-16 19:39:29,978 INFO CSMF2.step_1_1_1.run :: epoch=36 step=150/429 train_nll=-3614.963
2026-05-16 19:39:37,495 INFO CSMF2.step_1_1_1.run :: [h] epoch=36 step=200 total=0.04597 batch=0.04528
2026-05-16 19:39:37,495 INFO CSMF2.step_1_1_1.run :: [lat] epoch=36 step=200 mean_l2=0.02162 std_l2=0.02173
2026-05-16 19:39:37,531 INFO CSMF2.step_1_1_1.run :: epoch=36 step=200/429 train_nll=-3613.887
2026-05-16 19:39:44,762 INFO CSMF2.step_1_1_1.run :: [h] epoch=36 step=250 total=0.04625 batch=0.04560
2026-05-16 19:39:44,763 INFO CSMF2.step_1_1_1.run :: [lat] epoch=36 step=250 mean_l2=0.02796 std_l2=0.01995
2026-05-16 19:39:44,799 INFO CSMF2.step_1_1_1.run :: epoch=36 step=250/429 train_nll=-3612.244
2026-05-16 19:39:52,101 INFO CSMF2.step_1_1_1.run :: [h] epoch=36 step=300 total=0.05018 batch=0.04963
2026-05-16 19:39:52,102 INFO CSMF2.step_1_1_1.run :: [lat] epoch=36 step=300 mean_l2=0.03027 std_l2=0.02151
2026-05-16 19:39:52,138 INFO CSMF2.step_1_1_1.run :: epoch=36 step=300/429 train_nll=-3612.422
2026-05-16 19:40:00,000 INFO CSMF2.step_1_1_1.run :: [h] epoch=36 step=350 total=0.04641 batch=0.04578
2026-05-16 19:40:00,001 INFO CSMF2.step_1_1_1.run :: [lat] epoch=36 step=350 mean_l2=0.03201 std_l2=0.02174
2026-05-16 19:40:00,037 INFO CSMF2.step_1_1_1.run :: epoch=36 step=350/429 train_nll=-3613.366
2026-05-16 19:40:07,514 INFO CSMF2.step_1_1_1.run :: [h] epoch=36 step=400 total=0.05039 batch=0.04979
2026-05-16 19:40:07,515 INFO CSMF2.step_1_1_1.run :: [lat] epoch=36 step=400 mean_l2=0.05038 std_l2=0.03437
2026-05-16 19:40:07,551 INFO CSMF2.step_1_1_1.run :: epoch=36 step=400/429 train_nll=-3614.916
2026-05-16 19:40:15,015 INFO CSMF2.step_1_1_1.run :: epoch=36  train_nll=-3615.827  val_nll=-3636.195  t=67.3s
2026-05-16 19:40:15,015 INFO CSMF2.step_1_1_1.run :: [glow] film_gain mean=0.2393 min=0.2052 max=0.2640
2026-05-16 19:40:15,015 INFO CSMF2.step_1_1_1.run :: [shuffle] gap_mean=21.377 hinge=0.0000 lambda=1.000 margin=0.50
2026-05-16 19:40:15,015 INFO CSMF2.step_1_1_1.run :: [h_std] total=0.04718 batch=0.04651 penalty=0.00350 target=0.0500 mu=10.000
2026-05-16 19:40:15,015 INFO CSMF2.step_1_1_1.run :: [lat_epoch] mean_l2=0.03141 std_l2=0.02692 (no penalty)
2026-05-16 19:40:15,015 INFO CSMF2.step_1_1_1.run :: [y_resid] alpha=0.1332
2026-05-16 19:40:15,015 INFO CSMF2.step_1_1_1.run :: [grad] cond=63.5367 film_gain=907.3899
2026-05-16 19:40:30,699 INFO CSMF2.step_1_1_1.run :: [h] epoch=37 step=50 total=0.04984 batch=0.04930
2026-05-16 19:40:30,700 INFO CSMF2.step_1_1_1.run :: [lat] epoch=37 step=50 mean_l2=0.03324 std_l2=0.01916
2026-05-16 19:40:30,736 INFO CSMF2.step_1_1_1.run :: epoch=37 step=50/429 train_nll=-3615.606
2026-05-16 19:40:38,131 INFO CSMF2.step_1_1_1.run :: [h] epoch=37 step=100 total=0.04785 batch=0.04726
2026-05-16 19:40:38,132 INFO CSMF2.step_1_1_1.run :: [lat] epoch=37 step=100 mean_l2=0.02397 std_l2=0.01846
2026-05-16 19:40:38,168 INFO CSMF2.step_1_1_1.run :: epoch=37 step=100/429 train_nll=-3610.480
2026-05-16 19:40:45,476 INFO CSMF2.step_1_1_1.run :: [h] epoch=37 step=150 total=0.04947 batch=0.04865
2026-05-16 19:40:45,477 INFO CSMF2.step_1_1_1.run :: [lat] epoch=37 step=150 mean_l2=0.03371 std_l2=0.01679
2026-05-16 19:40:45,513 INFO CSMF2.step_1_1_1.run :: epoch=37 step=150/429 train_nll=-3612.976
2026-05-16 19:40:52,780 INFO CSMF2.step_1_1_1.run :: [h] epoch=37 step=200 total=0.04908 batch=0.04852
2026-05-16 19:40:52,780 INFO CSMF2.step_1_1_1.run :: [lat] epoch=37 step=200 mean_l2=0.02710 std_l2=0.02524
2026-05-16 19:40:52,816 INFO CSMF2.step_1_1_1.run :: epoch=37 step=200/429 train_nll=-3615.784
2026-05-16 19:41:00,093 INFO CSMF2.step_1_1_1.run :: [h] epoch=37 step=250 total=0.04970 batch=0.04897
2026-05-16 19:41:00,094 INFO CSMF2.step_1_1_1.run :: [lat] epoch=37 step=250 mean_l2=0.03413 std_l2=0.02005
2026-05-16 19:41:00,130 INFO CSMF2.step_1_1_1.run :: epoch=37 step=250/429 train_nll=-3612.155
2026-05-16 19:41:07,374 INFO CSMF2.step_1_1_1.run :: [h] epoch=37 step=300 total=0.04894 batch=0.04835
2026-05-16 19:41:07,374 INFO CSMF2.step_1_1_1.run :: [lat] epoch=37 step=300 mean_l2=0.04475 std_l2=0.02548
2026-05-16 19:41:07,411 INFO CSMF2.step_1_1_1.run :: epoch=37 step=300/429 train_nll=-3611.186
2026-05-16 19:41:15,000 INFO CSMF2.step_1_1_1.run :: [h] epoch=37 step=350 total=0.04983 batch=0.04893
2026-05-16 19:41:15,000 INFO CSMF2.step_1_1_1.run :: [lat] epoch=37 step=350 mean_l2=0.02548 std_l2=0.01909
2026-05-16 19:41:15,036 INFO CSMF2.step_1_1_1.run :: epoch=37 step=350/429 train_nll=-3611.130
2026-05-16 19:41:22,720 INFO CSMF2.step_1_1_1.run :: [h] epoch=37 step=400 total=0.05189 batch=0.05145
2026-05-16 19:41:22,721 INFO CSMF2.step_1_1_1.run :: [lat] epoch=37 step=400 mean_l2=0.03043 std_l2=0.03709
2026-05-16 19:41:22,757 INFO CSMF2.step_1_1_1.run :: epoch=37 step=400/429 train_nll=-3611.568
2026-05-16 19:41:30,265 INFO CSMF2.step_1_1_1.run :: epoch=37  train_nll=-3612.416  val_nll=-3635.295  t=67.1s
2026-05-16 19:41:30,266 INFO CSMF2.step_1_1_1.run :: [glow] film_gain mean=0.2374 min=0.2013 max=0.2633
2026-05-16 19:41:30,266 INFO CSMF2.step_1_1_1.run :: [shuffle] gap_mean=22.052 hinge=0.0000 lambda=1.000 margin=0.50
2026-05-16 19:41:30,266 INFO CSMF2.step_1_1_1.run :: [h_std] total=0.04938 batch=0.04870 penalty=0.00138 target=0.0500 mu=10.000
2026-05-16 19:41:30,266 INFO CSMF2.step_1_1_1.run :: [lat_epoch] mean_l2=0.03456 std_l2=0.02799 (no penalty)
2026-05-16 19:41:30,266 INFO CSMF2.step_1_1_1.run :: [y_resid] alpha=0.1358
2026-05-16 19:41:30,266 INFO CSMF2.step_1_1_1.run :: [grad] cond=39.5060 film_gain=1159.9336
2026-05-16 19:41:45,838 INFO CSMF2.step_1_1_1.run :: [h] epoch=38 step=50 total=0.04977 batch=0.04908
2026-05-16 19:41:45,838 INFO CSMF2.step_1_1_1.run :: [lat] epoch=38 step=50 mean_l2=0.03513 std_l2=0.02734
2026-05-16 19:41:45,874 INFO CSMF2.step_1_1_1.run :: epoch=38 step=50/429 train_nll=-3638.526
2026-05-16 19:41:53,162 INFO CSMF2.step_1_1_1.run :: [h] epoch=38 step=100 total=0.05005 batch=0.04925
2026-05-16 19:41:53,163 INFO CSMF2.step_1_1_1.run :: [lat] epoch=38 step=100 mean_l2=0.03494 std_l2=0.05560
2026-05-16 19:41:53,199 INFO CSMF2.step_1_1_1.run :: epoch=38 step=100/429 train_nll=-3620.559
2026-05-16 19:42:00,474 INFO CSMF2.step_1_1_1.run :: [h] epoch=38 step=150 total=0.04963 batch=0.04880
2026-05-16 19:42:00,475 INFO CSMF2.step_1_1_1.run :: [lat] epoch=38 step=150 mean_l2=0.02174 std_l2=0.02220
2026-05-16 19:42:00,511 INFO CSMF2.step_1_1_1.run :: epoch=38 step=150/429 train_nll=-3612.816
2026-05-16 19:42:07,799 INFO CSMF2.step_1_1_1.run :: [h] epoch=38 step=200 total=0.04921 batch=0.04342
2026-05-16 19:42:07,799 INFO CSMF2.step_1_1_1.run :: [lat] epoch=38 step=200 mean_l2=0.04346 std_l2=0.02498
2026-05-16 19:42:07,836 INFO CSMF2.step_1_1_1.run :: epoch=38 step=200/429 train_nll=-3599.310
2026-05-16 19:42:15,446 INFO CSMF2.step_1_1_1.run :: [h] epoch=38 step=250 total=0.04218 batch=0.04082
2026-05-16 19:42:15,447 INFO CSMF2.step_1_1_1.run :: [lat] epoch=38 step=250 mean_l2=0.03304 std_l2=0.02259
2026-05-16 19:42:15,483 INFO CSMF2.step_1_1_1.run :: epoch=38 step=250/429 train_nll=-3600.237
2026-05-16 19:42:22,981 INFO CSMF2.step_1_1_1.run :: [h] epoch=38 step=300 total=0.04439 batch=0.04359
2026-05-16 19:42:22,981 INFO CSMF2.step_1_1_1.run :: [lat] epoch=38 step=300 mean_l2=0.02250 std_l2=0.02924
2026-05-16 19:42:23,018 INFO CSMF2.step_1_1_1.run :: epoch=38 step=300/429 train_nll=-3605.005
2026-05-16 19:42:30,702 INFO CSMF2.step_1_1_1.run :: [h] epoch=38 step=350 total=0.04362 batch=0.04256
2026-05-16 19:42:30,702 INFO CSMF2.step_1_1_1.run :: [lat] epoch=38 step=350 mean_l2=0.01743 std_l2=0.01714
2026-05-16 19:42:30,739 INFO CSMF2.step_1_1_1.run :: epoch=38 step=350/429 train_nll=-3609.206
2026-05-16 19:42:38,329 INFO CSMF2.step_1_1_1.run :: [h] epoch=38 step=400 total=0.04398 batch=0.04332
2026-05-16 19:42:38,329 INFO CSMF2.step_1_1_1.run :: [lat] epoch=38 step=400 mean_l2=0.02583 std_l2=0.02379
2026-05-16 19:42:38,365 INFO CSMF2.step_1_1_1.run :: epoch=38 step=400/429 train_nll=-3611.511
2026-05-16 19:42:46,025 INFO CSMF2.step_1_1_1.run :: epoch=38  train_nll=-3612.468  val_nll=-3536.526  t=67.5s
2026-05-16 19:42:46,025 INFO CSMF2.step_1_1_1.run :: [glow] film_gain mean=0.2336 min=0.1934 max=0.2631
2026-05-16 19:42:46,025 INFO CSMF2.step_1_1_1.run :: [shuffle] gap_mean=20.505 hinge=0.0286 lambda=1.000 margin=0.50
2026-05-16 19:42:46,025 INFO CSMF2.step_1_1_1.run :: [h_std] total=0.04647 batch=0.04528 penalty=0.00481 target=0.0500 mu=10.000
2026-05-16 19:42:46,025 INFO CSMF2.step_1_1_1.run :: [lat_epoch] mean_l2=0.03134 std_l2=0.03274 (no penalty)
2026-05-16 19:42:46,025 INFO CSMF2.step_1_1_1.run :: [y_resid] alpha=0.1209
2026-05-16 19:42:46,025 INFO CSMF2.step_1_1_1.run :: [grad] cond=41.9945 film_gain=3078.2196
2026-05-16 19:43:01,532 INFO CSMF2.step_1_1_1.run :: [h] epoch=39 step=50 total=0.04518 batch=0.04465
2026-05-16 19:43:01,532 INFO CSMF2.step_1_1_1.run :: [lat] epoch=39 step=50 mean_l2=0.03453 std_l2=0.02173
2026-05-16 19:43:01,568 INFO CSMF2.step_1_1_1.run :: epoch=39 step=50/429 train_nll=-3611.948
2026-05-16 19:43:08,720 INFO CSMF2.step_1_1_1.run :: [h] epoch=39 step=100 total=0.04838 batch=0.04712
2026-05-16 19:43:08,721 INFO CSMF2.step_1_1_1.run :: [lat] epoch=39 step=100 mean_l2=0.02028 std_l2=0.03195
2026-05-16 19:43:08,757 INFO CSMF2.step_1_1_1.run :: epoch=39 step=100/429 train_nll=-3609.572
2026-05-16 19:43:15,973 INFO CSMF2.step_1_1_1.run :: [h] epoch=39 step=150 total=0.04637 batch=0.04576
2026-05-16 19:43:15,973 INFO CSMF2.step_1_1_1.run :: [lat] epoch=39 step=150 mean_l2=0.04866 std_l2=0.02411
2026-05-16 19:43:16,010 INFO CSMF2.step_1_1_1.run :: epoch=39 step=150/429 train_nll=-3608.264
2026-05-16 19:43:23,581 INFO CSMF2.step_1_1_1.run :: [h] epoch=39 step=200 total=0.04604 batch=0.04494
2026-05-16 19:43:23,582 INFO CSMF2.step_1_1_1.run :: [lat] epoch=39 step=200 mean_l2=0.02449 std_l2=0.02075
2026-05-16 19:43:23,618 INFO CSMF2.step_1_1_1.run :: epoch=39 step=200/429 train_nll=-3609.418
2026-05-16 19:43:31,292 INFO CSMF2.step_1_1_1.run :: [h] epoch=39 step=250 total=0.04734 batch=0.04675
2026-05-16 19:43:31,293 INFO CSMF2.step_1_1_1.run :: [lat] epoch=39 step=250 mean_l2=0.04064 std_l2=0.02024
2026-05-16 19:43:31,329 INFO CSMF2.step_1_1_1.run :: epoch=39 step=250/429 train_nll=-3610.571
2026-05-16 19:43:38,808 INFO CSMF2.step_1_1_1.run :: [h] epoch=39 step=300 total=0.04971 batch=0.04865
2026-05-16 19:43:38,809 INFO CSMF2.step_1_1_1.run :: [lat] epoch=39 step=300 mean_l2=0.02663 std_l2=0.02602
2026-05-16 19:43:38,845 INFO CSMF2.step_1_1_1.run :: epoch=39 step=300/429 train_nll=-3610.376
2026-05-16 19:43:46,201 INFO CSMF2.step_1_1_1.run :: [h] epoch=39 step=350 total=0.04788 batch=0.04715
2026-05-16 19:43:46,201 INFO CSMF2.step_1_1_1.run :: [lat] epoch=39 step=350 mean_l2=0.02038 std_l2=0.02025
2026-05-16 19:43:46,237 INFO CSMF2.step_1_1_1.run :: epoch=39 step=350/429 train_nll=-3610.324
2026-05-16 19:43:53,764 INFO CSMF2.step_1_1_1.run :: [h] epoch=39 step=400 total=0.04827 batch=0.04742
2026-05-16 19:43:53,764 INFO CSMF2.step_1_1_1.run :: [lat] epoch=39 step=400 mean_l2=0.02747 std_l2=0.02890
2026-05-16 19:43:53,800 INFO CSMF2.step_1_1_1.run :: epoch=39 step=400/429 train_nll=-3611.964
2026-05-16 19:44:01,375 INFO CSMF2.step_1_1_1.run :: epoch=39  train_nll=-3613.619  val_nll=-3642.046  t=67.1s
2026-05-16 19:44:01,375 INFO CSMF2.step_1_1_1.run :: [glow] film_gain mean=0.2327 min=0.1914 max=0.2624
2026-05-16 19:44:01,375 INFO CSMF2.step_1_1_1.run :: [shuffle] gap_mean=21.836 hinge=0.0000 lambda=1.000 margin=0.50
2026-05-16 19:44:01,375 INFO CSMF2.step_1_1_1.run :: [h_std] total=0.04704 batch=0.04632 penalty=0.00368 target=0.0500 mu=10.000
2026-05-16 19:44:01,375 INFO CSMF2.step_1_1_1.run :: [lat_epoch] mean_l2=0.03130 std_l2=0.02887 (no penalty)
2026-05-16 19:44:01,375 INFO CSMF2.step_1_1_1.run :: [y_resid] alpha=0.1283
2026-05-16 19:44:01,375 INFO CSMF2.step_1_1_1.run :: [grad] cond=37.5385 film_gain=695.6370
2026-05-16 19:44:16,816 INFO CSMF2.step_1_1_1.run :: [h] epoch=40 step=50 total=0.05006 batch=0.04960
2026-05-16 19:44:16,817 INFO CSMF2.step_1_1_1.run :: [lat] epoch=40 step=50 mean_l2=0.02168 std_l2=0.02208
2026-05-16 19:44:16,853 INFO CSMF2.step_1_1_1.run :: epoch=40 step=50/429 train_nll=-3603.499
2026-05-16 19:44:24,302 INFO CSMF2.step_1_1_1.run :: [h] epoch=40 step=100 total=0.04995 batch=0.04918
2026-05-16 19:44:24,303 INFO CSMF2.step_1_1_1.run :: [lat] epoch=40 step=100 mean_l2=0.02700 std_l2=0.04589
2026-05-16 19:44:24,339 INFO CSMF2.step_1_1_1.run :: epoch=40 step=100/429 train_nll=-3614.752
2026-05-16 19:44:31,769 INFO CSMF2.step_1_1_1.run :: [h] epoch=40 step=150 total=0.05091 batch=0.05029
2026-05-16 19:44:31,769 INFO CSMF2.step_1_1_1.run :: [lat] epoch=40 step=150 mean_l2=0.02785 std_l2=0.02559
2026-05-16 19:44:31,805 INFO CSMF2.step_1_1_1.run :: epoch=40 step=150/429 train_nll=-3616.870
2026-05-16 19:44:38,856 INFO CSMF2.step_1_1_1.run :: [h] epoch=40 step=200 total=0.04791 batch=0.04737
2026-05-16 19:44:38,857 INFO CSMF2.step_1_1_1.run :: [lat] epoch=40 step=200 mean_l2=0.03882 std_l2=0.02488
2026-05-16 19:44:38,893 INFO CSMF2.step_1_1_1.run :: epoch=40 step=200/429 train_nll=-3616.257
2026-05-16 19:44:46,318 INFO CSMF2.step_1_1_1.run :: [h] epoch=40 step=250 total=0.05002 batch=0.04948
2026-05-16 19:44:46,319 INFO CSMF2.step_1_1_1.run :: [lat] epoch=40 step=250 mean_l2=0.02126 std_l2=0.02002
2026-05-16 19:44:46,355 INFO CSMF2.step_1_1_1.run :: epoch=40 step=250/429 train_nll=-3617.155
2026-05-16 19:44:53,661 INFO CSMF2.step_1_1_1.run :: [h] epoch=40 step=300 total=0.04800 batch=0.04591
2026-05-16 19:44:53,662 INFO CSMF2.step_1_1_1.run :: [lat] epoch=40 step=300 mean_l2=0.04762 std_l2=0.03689
2026-05-16 19:44:53,698 INFO CSMF2.step_1_1_1.run :: epoch=40 step=300/429 train_nll=-3617.399
2026-05-16 19:45:01,109 INFO CSMF2.step_1_1_1.run :: [h] epoch=40 step=350 total=0.05012 batch=0.04953
2026-05-16 19:45:01,109 INFO CSMF2.step_1_1_1.run :: [lat] epoch=40 step=350 mean_l2=0.03483 std_l2=0.02507
2026-05-16 19:45:01,145 INFO CSMF2.step_1_1_1.run :: epoch=40 step=350/429 train_nll=-3615.519
2026-05-16 19:45:08,363 INFO CSMF2.step_1_1_1.run :: [h] epoch=40 step=400 total=0.04965 batch=0.04910
2026-05-16 19:45:08,364 INFO CSMF2.step_1_1_1.run :: [lat] epoch=40 step=400 mean_l2=0.02539 std_l2=0.02169
2026-05-16 19:45:08,400 INFO CSMF2.step_1_1_1.run :: epoch=40 step=400/429 train_nll=-3614.017
2026-05-16 19:45:15,781 INFO CSMF2.step_1_1_1.run :: epoch=40  train_nll=-3614.865  val_nll=-3631.179  t=66.2s
2026-05-16 19:45:15,781 INFO CSMF2.step_1_1_1.run :: [glow] film_gain mean=0.2308 min=0.1867 max=0.2622
2026-05-16 19:45:15,781 INFO CSMF2.step_1_1_1.run :: [shuffle] gap_mean=21.807 hinge=0.0000 lambda=1.000 margin=0.50
2026-05-16 19:45:15,781 INFO CSMF2.step_1_1_1.run :: [h_std] total=0.04945 batch=0.04873 penalty=0.00136 target=0.0500 mu=10.000
2026-05-16 19:45:15,781 INFO CSMF2.step_1_1_1.run :: [lat_epoch] mean_l2=0.03156 std_l2=0.02928 (no penalty)
2026-05-16 19:45:15,781 INFO CSMF2.step_1_1_1.run :: [y_resid] alpha=0.1295
2026-05-16 19:45:15,781 INFO CSMF2.step_1_1_1.run :: [grad] cond=47.9595 film_gain=1051.1287
2026-05-16 19:45:31,053 INFO CSMF2.step_1_1_1.run :: [h] epoch=41 step=50 total=0.04868 batch=0.04809
2026-05-16 19:45:31,054 INFO CSMF2.step_1_1_1.run :: [lat] epoch=41 step=50 mean_l2=0.02494 std_l2=0.02968
2026-05-16 19:45:31,090 INFO CSMF2.step_1_1_1.run :: epoch=41 step=50/429 train_nll=-3617.749
2026-05-16 19:45:38,362 INFO CSMF2.step_1_1_1.run :: [h] epoch=41 step=100 total=0.05160 batch=0.05077
2026-05-16 19:45:38,363 INFO CSMF2.step_1_1_1.run :: [lat] epoch=41 step=100 mean_l2=0.02258 std_l2=0.02673
2026-05-16 19:45:38,399 INFO CSMF2.step_1_1_1.run :: epoch=41 step=100/429 train_nll=-3605.078
2026-05-16 19:45:45,659 INFO CSMF2.step_1_1_1.run :: [h] epoch=41 step=150 total=0.04856 batch=0.04779
2026-05-16 19:45:45,659 INFO CSMF2.step_1_1_1.run :: [lat] epoch=41 step=150 mean_l2=0.02798 std_l2=0.02064
2026-05-16 19:45:45,695 INFO CSMF2.step_1_1_1.run :: epoch=41 step=150/429 train_nll=-3612.249
2026-05-16 19:45:53,100 INFO CSMF2.step_1_1_1.run :: [h] epoch=41 step=200 total=0.04989 batch=0.04884
2026-05-16 19:45:53,101 INFO CSMF2.step_1_1_1.run :: [lat] epoch=41 step=200 mean_l2=0.03511 std_l2=0.03423
2026-05-16 19:45:53,137 INFO CSMF2.step_1_1_1.run :: epoch=41 step=200/429 train_nll=-3618.852
2026-05-16 19:46:00,584 INFO CSMF2.step_1_1_1.run :: [h] epoch=41 step=250 total=0.04965 batch=0.04911
2026-05-16 19:46:00,585 INFO CSMF2.step_1_1_1.run :: [lat] epoch=41 step=250 mean_l2=0.04531 std_l2=0.03090
2026-05-16 19:46:00,621 INFO CSMF2.step_1_1_1.run :: epoch=41 step=250/429 train_nll=-3621.972
2026-05-16 19:46:08,004 INFO CSMF2.step_1_1_1.run :: [h] epoch=41 step=300 total=0.04873 batch=0.04751
2026-05-16 19:46:08,004 INFO CSMF2.step_1_1_1.run :: [lat] epoch=41 step=300 mean_l2=0.03364 std_l2=0.03515
2026-05-16 19:46:08,041 INFO CSMF2.step_1_1_1.run :: epoch=41 step=300/429 train_nll=-3616.110
2026-05-16 19:46:15,604 INFO CSMF2.step_1_1_1.run :: [h] epoch=41 step=350 total=0.05287 batch=0.05151
2026-05-16 19:46:15,605 INFO CSMF2.step_1_1_1.run :: [lat] epoch=41 step=350 mean_l2=0.02803 std_l2=0.02056
2026-05-16 19:46:15,641 INFO CSMF2.step_1_1_1.run :: epoch=41 step=350/429 train_nll=-3611.835
2026-05-16 19:46:23,240 INFO CSMF2.step_1_1_1.run :: [h] epoch=41 step=400 total=0.04749 batch=0.04674
2026-05-16 19:46:23,241 INFO CSMF2.step_1_1_1.run :: [lat] epoch=41 step=400 mean_l2=0.02372 std_l2=0.02204
2026-05-16 19:46:23,277 INFO CSMF2.step_1_1_1.run :: epoch=41 step=400/429 train_nll=-3609.356
2026-05-16 19:46:30,723 INFO CSMF2.step_1_1_1.run :: epoch=41  train_nll=-3611.059  val_nll=-3647.521  t=66.7s
2026-05-16 19:46:30,723 INFO CSMF2.step_1_1_1.run :: [glow] film_gain mean=0.2286 min=0.1810 max=0.2617
2026-05-16 19:46:30,723 INFO CSMF2.step_1_1_1.run :: [shuffle] gap_mean=21.232 hinge=0.0000 lambda=1.000 margin=0.50
2026-05-16 19:46:30,723 INFO CSMF2.step_1_1_1.run :: [h_std] total=0.05021 batch=0.04940 penalty=0.00084 target=0.0500 mu=10.000
2026-05-16 19:46:30,723 INFO CSMF2.step_1_1_1.run :: [lat_epoch] mean_l2=0.03280 std_l2=0.03100 (no penalty)
2026-05-16 19:46:30,723 INFO CSMF2.step_1_1_1.run :: [y_resid] alpha=0.1289
2026-05-16 19:46:30,723 INFO CSMF2.step_1_1_1.run :: [grad] cond=51.6024 film_gain=743.6179
2026-05-16 19:46:46,252 INFO CSMF2.step_1_1_1.run :: [h] epoch=42 step=50 total=0.05010 batch=0.04948
2026-05-16 19:46:46,253 INFO CSMF2.step_1_1_1.run :: [lat] epoch=42 step=50 mean_l2=0.02913 std_l2=0.02066
2026-05-16 19:46:46,289 INFO CSMF2.step_1_1_1.run :: epoch=42 step=50/429 train_nll=-3613.979
2026-05-16 19:46:53,535 INFO CSMF2.step_1_1_1.run :: [h] epoch=42 step=100 total=0.05164 batch=0.05110
2026-05-16 19:46:53,535 INFO CSMF2.step_1_1_1.run :: [lat] epoch=42 step=100 mean_l2=0.02911 std_l2=0.02089
2026-05-16 19:46:53,572 INFO CSMF2.step_1_1_1.run :: epoch=42 step=100/429 train_nll=-3624.357
2026-05-16 19:47:00,975 INFO CSMF2.step_1_1_1.run :: [h] epoch=42 step=150 total=0.04910 batch=0.04847
2026-05-16 19:47:00,976 INFO CSMF2.step_1_1_1.run :: [lat] epoch=42 step=150 mean_l2=0.04515 std_l2=0.02795
2026-05-16 19:47:01,012 INFO CSMF2.step_1_1_1.run :: epoch=42 step=150/429 train_nll=-3627.888
2026-05-16 19:47:08,169 INFO CSMF2.step_1_1_1.run :: [h] epoch=42 step=200 total=0.04900 batch=0.04797
2026-05-16 19:47:08,170 INFO CSMF2.step_1_1_1.run :: [lat] epoch=42 step=200 mean_l2=0.03118 std_l2=0.02011
2026-05-16 19:47:08,206 INFO CSMF2.step_1_1_1.run :: epoch=42 step=200/429 train_nll=-3628.578
2026-05-16 19:47:15,634 INFO CSMF2.step_1_1_1.run :: [h] epoch=42 step=250 total=0.05135 batch=0.05099
2026-05-16 19:47:15,635 INFO CSMF2.step_1_1_1.run :: [lat] epoch=42 step=250 mean_l2=0.03394 std_l2=0.02062
2026-05-16 19:47:15,671 INFO CSMF2.step_1_1_1.run :: epoch=42 step=250/429 train_nll=-3629.478
2026-05-16 19:47:23,067 INFO CSMF2.step_1_1_1.run :: [h] epoch=42 step=300 total=0.05001 batch=0.04881
2026-05-16 19:47:23,068 INFO CSMF2.step_1_1_1.run :: [lat] epoch=42 step=300 mean_l2=0.02474 std_l2=0.02170
2026-05-16 19:47:23,104 INFO CSMF2.step_1_1_1.run :: epoch=42 step=300/429 train_nll=-3628.931
2026-05-16 19:47:30,717 INFO CSMF2.step_1_1_1.run :: [h] epoch=42 step=350 total=0.05056 batch=0.04999
2026-05-16 19:47:30,718 INFO CSMF2.step_1_1_1.run :: [lat] epoch=42 step=350 mean_l2=0.02724 std_l2=0.01920
2026-05-16 19:47:30,754 INFO CSMF2.step_1_1_1.run :: epoch=42 step=350/429 train_nll=-3626.312
2026-05-16 19:47:38,008 INFO CSMF2.step_1_1_1.run :: [h] epoch=42 step=400 total=0.04949 batch=0.04882
2026-05-16 19:47:38,009 INFO CSMF2.step_1_1_1.run :: [lat] epoch=42 step=400 mean_l2=0.02880 std_l2=0.02028
2026-05-16 19:47:38,045 INFO CSMF2.step_1_1_1.run :: epoch=42 step=400/429 train_nll=-3626.889
2026-05-16 19:47:45,721 INFO CSMF2.step_1_1_1.run :: epoch=42  train_nll=-3626.603  val_nll=-3619.621  t=66.8s
2026-05-16 19:47:45,721 INFO CSMF2.step_1_1_1.run :: [glow] film_gain mean=0.2278 min=0.1798 max=0.2618
2026-05-16 19:47:45,721 INFO CSMF2.step_1_1_1.run :: [shuffle] gap_mean=22.729 hinge=0.0000 lambda=1.000 margin=0.50
2026-05-16 19:47:45,721 INFO CSMF2.step_1_1_1.run :: [h_std] total=0.05059 batch=0.04994 penalty=0.00052 target=0.0500 mu=10.000
2026-05-16 19:47:45,721 INFO CSMF2.step_1_1_1.run :: [lat_epoch] mean_l2=0.03095 std_l2=0.02546 (no penalty)
2026-05-16 19:47:45,721 INFO CSMF2.step_1_1_1.run :: [y_resid] alpha=0.1303
2026-05-16 19:47:45,721 INFO CSMF2.step_1_1_1.run :: [grad] cond=117.6828 film_gain=2788.7416
2026-05-16 19:48:01,447 INFO CSMF2.step_1_1_1.run :: [h] epoch=43 step=50 total=0.05084 batch=0.05002
2026-05-16 19:48:01,448 INFO CSMF2.step_1_1_1.run :: [lat] epoch=43 step=50 mean_l2=0.02479 std_l2=0.02407
2026-05-16 19:48:01,484 INFO CSMF2.step_1_1_1.run :: epoch=43 step=50/429 train_nll=-3615.956
2026-05-16 19:48:08,847 INFO CSMF2.step_1_1_1.run :: [h] epoch=43 step=100 total=0.05094 batch=0.05043
2026-05-16 19:48:08,847 INFO CSMF2.step_1_1_1.run :: [lat] epoch=43 step=100 mean_l2=0.03724 std_l2=0.09224
2026-05-16 19:48:08,883 INFO CSMF2.step_1_1_1.run :: epoch=43 step=100/429 train_nll=-3616.341
2026-05-16 19:48:16,271 INFO CSMF2.step_1_1_1.run :: [h] epoch=43 step=150 total=0.04918 batch=0.04845
2026-05-16 19:48:16,271 INFO CSMF2.step_1_1_1.run :: [lat] epoch=43 step=150 mean_l2=0.03066 std_l2=0.02140
2026-05-16 19:48:16,307 INFO CSMF2.step_1_1_1.run :: epoch=43 step=150/429 train_nll=-3610.829
2026-05-16 19:48:23,712 INFO CSMF2.step_1_1_1.run :: [h] epoch=43 step=200 total=0.05110 batch=0.05065
2026-05-16 19:48:23,713 INFO CSMF2.step_1_1_1.run :: [lat] epoch=43 step=200 mean_l2=0.02408 std_l2=0.02261
2026-05-16 19:48:23,749 INFO CSMF2.step_1_1_1.run :: epoch=43 step=200/429 train_nll=-3614.755
2026-05-16 19:48:31,232 INFO CSMF2.step_1_1_1.run :: [h] epoch=43 step=250 total=0.04722 batch=0.04632
2026-05-16 19:48:31,232 INFO CSMF2.step_1_1_1.run :: [lat] epoch=43 step=250 mean_l2=0.01977 std_l2=0.02131
2026-05-16 19:48:31,268 INFO CSMF2.step_1_1_1.run :: epoch=43 step=250/429 train_nll=-3613.643
2026-05-16 19:48:38,683 INFO CSMF2.step_1_1_1.run :: [h] epoch=43 step=300 total=0.04934 batch=0.04834
2026-05-16 19:48:38,683 INFO CSMF2.step_1_1_1.run :: [lat] epoch=43 step=300 mean_l2=0.03465 std_l2=0.02839
2026-05-16 19:48:38,720 INFO CSMF2.step_1_1_1.run :: epoch=43 step=300/429 train_nll=-3613.209
2026-05-16 19:48:46,060 INFO CSMF2.step_1_1_1.run :: [h] epoch=43 step=350 total=0.04944 batch=0.04880
2026-05-16 19:48:46,060 INFO CSMF2.step_1_1_1.run :: [lat] epoch=43 step=350 mean_l2=0.02695 std_l2=0.02827
2026-05-16 19:48:46,097 INFO CSMF2.step_1_1_1.run :: epoch=43 step=350/429 train_nll=-3613.130
2026-05-16 19:48:53,300 INFO CSMF2.step_1_1_1.run :: [h] epoch=43 step=400 total=0.05133 batch=0.05063
2026-05-16 19:48:53,300 INFO CSMF2.step_1_1_1.run :: [lat] epoch=43 step=400 mean_l2=0.02960 std_l2=0.02234
2026-05-16 19:48:53,337 INFO CSMF2.step_1_1_1.run :: epoch=43 step=400/429 train_nll=-3615.285
2026-05-16 19:49:00,868 INFO CSMF2.step_1_1_1.run :: epoch=43  train_nll=-3616.652  val_nll=-3652.184  t=66.9s
2026-05-16 19:49:00,868 INFO CSMF2.step_1_1_1.run :: [glow] film_gain mean=0.2267 min=0.1782 max=0.2608
2026-05-16 19:49:00,868 INFO CSMF2.step_1_1_1.run :: [shuffle] gap_mean=22.589 hinge=0.0000 lambda=1.000 margin=0.50
2026-05-16 19:49:00,868 INFO CSMF2.step_1_1_1.run :: [h_std] total=0.05012 batch=0.04934 penalty=0.00088 target=0.0500 mu=10.000
2026-05-16 19:49:00,868 INFO CSMF2.step_1_1_1.run :: [lat_epoch] mean_l2=0.03241 std_l2=0.03344 (no penalty)
2026-05-16 19:49:00,868 INFO CSMF2.step_1_1_1.run :: [y_resid] alpha=0.1298
2026-05-16 19:49:00,868 INFO CSMF2.step_1_1_1.run :: [grad] cond=43.2958 film_gain=1302.0102
2026-05-16 19:49:16,563 INFO CSMF2.step_1_1_1.run :: [h] epoch=44 step=50 total=0.05061 batch=0.04973
2026-05-16 19:49:16,563 INFO CSMF2.step_1_1_1.run :: [lat] epoch=44 step=50 mean_l2=0.03199 std_l2=0.02423
2026-05-16 19:49:16,600 INFO CSMF2.step_1_1_1.run :: epoch=44 step=50/429 train_nll=-3633.427
2026-05-16 19:49:23,742 INFO CSMF2.step_1_1_1.run :: [h] epoch=44 step=100 total=0.05048 batch=0.04989
2026-05-16 19:49:23,743 INFO CSMF2.step_1_1_1.run :: [lat] epoch=44 step=100 mean_l2=0.02413 std_l2=0.02218
2026-05-16 19:49:23,779 INFO CSMF2.step_1_1_1.run :: epoch=44 step=100/429 train_nll=-3632.351
2026-05-16 19:49:31,168 INFO CSMF2.step_1_1_1.run :: [h] epoch=44 step=150 total=0.05039 batch=0.04981
2026-05-16 19:49:31,169 INFO CSMF2.step_1_1_1.run :: [lat] epoch=44 step=150 mean_l2=0.01808 std_l2=0.03192
2026-05-16 19:49:31,205 INFO CSMF2.step_1_1_1.run :: epoch=44 step=150/429 train_nll=-3630.578
2026-05-16 19:49:38,518 INFO CSMF2.step_1_1_1.run :: [h] epoch=44 step=200 total=0.05126 batch=0.05060
2026-05-16 19:49:38,519 INFO CSMF2.step_1_1_1.run :: [lat] epoch=44 step=200 mean_l2=0.04920 std_l2=0.04078
2026-05-16 19:49:38,555 INFO CSMF2.step_1_1_1.run :: epoch=44 step=200/429 train_nll=-3631.277
2026-05-16 19:49:45,918 INFO CSMF2.step_1_1_1.run :: [h] epoch=44 step=250 total=0.05063 batch=0.04985
2026-05-16 19:49:45,918 INFO CSMF2.step_1_1_1.run :: [lat] epoch=44 step=250 mean_l2=0.02837 std_l2=0.02662
2026-05-16 19:49:45,955 INFO CSMF2.step_1_1_1.run :: epoch=44 step=250/429 train_nll=-3627.601
2026-05-16 19:49:53,349 INFO CSMF2.step_1_1_1.run :: [h] epoch=44 step=300 total=0.05034 batch=0.04967
2026-05-16 19:49:53,349 INFO CSMF2.step_1_1_1.run :: [lat] epoch=44 step=300 mean_l2=0.02323 std_l2=0.01910
2026-05-16 19:49:53,386 INFO CSMF2.step_1_1_1.run :: epoch=44 step=300/429 train_nll=-3625.293
2026-05-16 19:50:00,738 INFO CSMF2.step_1_1_1.run :: [h] epoch=44 step=350 total=0.05093 batch=0.05046
2026-05-16 19:50:00,739 INFO CSMF2.step_1_1_1.run :: [lat] epoch=44 step=350 mean_l2=0.02636 std_l2=0.01803
2026-05-16 19:50:00,775 INFO CSMF2.step_1_1_1.run :: epoch=44 step=350/429 train_nll=-3627.453
2026-05-16 19:50:08,328 INFO CSMF2.step_1_1_1.run :: [h] epoch=44 step=400 total=0.05093 batch=0.05045
2026-05-16 19:50:08,329 INFO CSMF2.step_1_1_1.run :: [lat] epoch=44 step=400 mean_l2=0.02823 std_l2=0.03179
2026-05-16 19:50:08,365 INFO CSMF2.step_1_1_1.run :: epoch=44 step=400/429 train_nll=-3628.787
2026-05-16 19:50:15,956 INFO CSMF2.step_1_1_1.run :: epoch=44  train_nll=-3629.735  val_nll=-3650.016  t=66.8s
2026-05-16 19:50:15,957 INFO CSMF2.step_1_1_1.run :: [glow] film_gain mean=0.2258 min=0.1757 max=0.2607
2026-05-16 19:50:15,957 INFO CSMF2.step_1_1_1.run :: [shuffle] gap_mean=23.510 hinge=0.0000 lambda=1.000 margin=0.50
2026-05-16 19:50:15,957 INFO CSMF2.step_1_1_1.run :: [h_std] total=0.05068 batch=0.05000 penalty=0.00046 target=0.0500 mu=10.000
2026-05-16 19:50:15,957 INFO CSMF2.step_1_1_1.run :: [lat_epoch] mean_l2=0.02901 std_l2=0.02345 (no penalty)
2026-05-16 19:50:15,957 INFO CSMF2.step_1_1_1.run :: [y_resid] alpha=0.1310
2026-05-16 19:50:15,957 INFO CSMF2.step_1_1_1.run :: [grad] cond=6.8886 film_gain=1194.7818
2026-05-16 19:50:31,850 INFO CSMF2.step_1_1_1.run :: [h] epoch=45 step=50 total=0.05124 batch=0.04962
2026-05-16 19:50:31,851 INFO CSMF2.step_1_1_1.run :: [lat] epoch=45 step=50 mean_l2=0.03790 std_l2=0.02256
2026-05-16 19:50:31,887 INFO CSMF2.step_1_1_1.run :: epoch=45 step=50/429 train_nll=-3601.298
2026-05-16 19:50:39,383 INFO CSMF2.step_1_1_1.run :: [h] epoch=45 step=100 total=0.04994 batch=0.04898
2026-05-16 19:50:39,384 INFO CSMF2.step_1_1_1.run :: [lat] epoch=45 step=100 mean_l2=0.04898 std_l2=0.01972
2026-05-16 19:50:39,420 INFO CSMF2.step_1_1_1.run :: epoch=45 step=100/429 train_nll=-3615.293
2026-05-16 19:50:46,934 INFO CSMF2.step_1_1_1.run :: [h] epoch=45 step=150 total=0.05399 batch=0.05214
2026-05-16 19:50:46,934 INFO CSMF2.step_1_1_1.run :: [lat] epoch=45 step=150 mean_l2=0.02933 std_l2=0.03589
2026-05-16 19:50:46,970 INFO CSMF2.step_1_1_1.run :: epoch=45 step=150/429 train_nll=-3606.516
2026-05-16 19:50:54,350 INFO CSMF2.step_1_1_1.run :: [h] epoch=45 step=200 total=0.04944 batch=0.04866
2026-05-16 19:50:54,351 INFO CSMF2.step_1_1_1.run :: [lat] epoch=45 step=200 mean_l2=0.03568 std_l2=0.02453
2026-05-16 19:50:54,387 INFO CSMF2.step_1_1_1.run :: epoch=45 step=200/429 train_nll=-3609.321
2026-05-16 19:51:01,899 INFO CSMF2.step_1_1_1.run :: [h] epoch=45 step=250 total=0.05068 batch=0.04961
2026-05-16 19:51:01,900 INFO CSMF2.step_1_1_1.run :: [lat] epoch=45 step=250 mean_l2=0.03098 std_l2=0.05150
2026-05-16 19:51:01,936 INFO CSMF2.step_1_1_1.run :: epoch=45 step=250/429 train_nll=-3608.678
2026-05-16 19:51:09,366 INFO CSMF2.step_1_1_1.run :: [h] epoch=45 step=300 total=0.04738 batch=0.04603
2026-05-16 19:51:09,367 INFO CSMF2.step_1_1_1.run :: [lat] epoch=45 step=300 mean_l2=0.09059 std_l2=0.06624
2026-05-16 19:51:09,403 INFO CSMF2.step_1_1_1.run :: epoch=45 step=300/429 train_nll=-3605.872
2026-05-16 19:51:16,915 INFO CSMF2.step_1_1_1.run :: [h] epoch=45 step=350 total=0.04741 batch=0.04665
2026-05-16 19:51:16,915 INFO CSMF2.step_1_1_1.run :: [lat] epoch=45 step=350 mean_l2=0.03399 std_l2=0.02397
2026-05-16 19:51:16,951 INFO CSMF2.step_1_1_1.run :: epoch=45 step=350/429 train_nll=-3608.604
2026-05-16 19:51:24,294 INFO CSMF2.step_1_1_1.run :: [h] epoch=45 step=400 total=0.04919 batch=0.04854
2026-05-16 19:51:24,295 INFO CSMF2.step_1_1_1.run :: [lat] epoch=45 step=400 mean_l2=0.01761 std_l2=0.01846
2026-05-16 19:51:24,331 INFO CSMF2.step_1_1_1.run :: epoch=45 step=400/429 train_nll=-3612.251
2026-05-16 19:51:31,819 INFO CSMF2.step_1_1_1.run :: epoch=45  train_nll=-3609.344  val_nll=-3608.613  t=67.6s
2026-05-16 19:51:31,820 INFO CSMF2.step_1_1_1.run :: [glow] film_gain mean=0.2222 min=0.1670 max=0.2602
2026-05-16 19:51:31,820 INFO CSMF2.step_1_1_1.run :: [shuffle] gap_mean=22.389 hinge=0.0000 lambda=1.000 margin=0.50
2026-05-16 19:51:31,820 INFO CSMF2.step_1_1_1.run :: [h_std] total=0.04954 batch=0.04844 penalty=0.00166 target=0.0500 mu=10.000
2026-05-16 19:51:31,820 INFO CSMF2.step_1_1_1.run :: [lat_epoch] mean_l2=0.03328 std_l2=0.03548 (no penalty)
2026-05-16 19:51:31,820 INFO CSMF2.step_1_1_1.run :: [y_resid] alpha=0.1267
2026-05-16 19:51:31,820 INFO CSMF2.step_1_1_1.run :: [grad] cond=109.4382 film_gain=627.3609
2026-05-16 19:51:47,457 INFO CSMF2.step_1_1_1.run :: [h] epoch=46 step=50 total=0.05211 batch=0.05140
2026-05-16 19:51:47,458 INFO CSMF2.step_1_1_1.run :: [lat] epoch=46 step=50 mean_l2=0.01930 std_l2=0.03264
2026-05-16 19:51:47,494 INFO CSMF2.step_1_1_1.run :: epoch=46 step=50/429 train_nll=-3625.576
2026-05-16 19:51:54,608 INFO CSMF2.step_1_1_1.run :: [h] epoch=46 step=100 total=0.05132 batch=0.05087
2026-05-16 19:51:54,609 INFO CSMF2.step_1_1_1.run :: [lat] epoch=46 step=100 mean_l2=0.02824 std_l2=0.02803
2026-05-16 19:51:54,645 INFO CSMF2.step_1_1_1.run :: epoch=46 step=100/429 train_nll=-3627.089
2026-05-16 19:52:01,999 INFO CSMF2.step_1_1_1.run :: [h] epoch=46 step=150 total=0.05103 batch=0.05049
2026-05-16 19:52:01,999 INFO CSMF2.step_1_1_1.run :: [lat] epoch=46 step=150 mean_l2=0.02309 std_l2=0.07232
2026-05-16 19:52:02,036 INFO CSMF2.step_1_1_1.run :: epoch=46 step=150/429 train_nll=-3629.059
2026-05-16 19:52:09,350 INFO CSMF2.step_1_1_1.run :: [h] epoch=46 step=200 total=0.05046 batch=0.04995
2026-05-16 19:52:09,351 INFO CSMF2.step_1_1_1.run :: [lat] epoch=46 step=200 mean_l2=0.02474 std_l2=0.01959
2026-05-16 19:52:09,387 INFO CSMF2.step_1_1_1.run :: epoch=46 step=200/429 train_nll=-3631.341
2026-05-16 19:52:16,874 INFO CSMF2.step_1_1_1.run :: [h] epoch=46 step=250 total=0.05143 batch=0.05091
2026-05-16 19:52:16,875 INFO CSMF2.step_1_1_1.run :: [lat] epoch=46 step=250 mean_l2=0.01965 std_l2=0.02176
2026-05-16 19:52:16,911 INFO CSMF2.step_1_1_1.run :: epoch=46 step=250/429 train_nll=-3629.375
2026-05-16 19:52:24,094 INFO CSMF2.step_1_1_1.run :: [h] epoch=46 step=300 total=0.05219 batch=0.05147
2026-05-16 19:52:24,095 INFO CSMF2.step_1_1_1.run :: [lat] epoch=46 step=300 mean_l2=0.02923 std_l2=0.02069
2026-05-16 19:52:24,131 INFO CSMF2.step_1_1_1.run :: epoch=46 step=300/429 train_nll=-3626.905
2026-05-16 19:52:31,733 INFO CSMF2.step_1_1_1.run :: [h] epoch=46 step=350 total=0.05099 batch=0.05028
2026-05-16 19:52:31,733 INFO CSMF2.step_1_1_1.run :: [lat] epoch=46 step=350 mean_l2=0.03510 std_l2=0.02586
2026-05-16 19:52:31,769 INFO CSMF2.step_1_1_1.run :: epoch=46 step=350/429 train_nll=-3627.160
2026-05-16 19:52:38,967 INFO CSMF2.step_1_1_1.run :: [h] epoch=46 step=400 total=0.04969 batch=0.04860
2026-05-16 19:52:38,967 INFO CSMF2.step_1_1_1.run :: [lat] epoch=46 step=400 mean_l2=0.04377 std_l2=0.06927
2026-05-16 19:52:39,004 INFO CSMF2.step_1_1_1.run :: epoch=46 step=400/429 train_nll=-3626.636
2026-05-16 19:52:46,465 INFO CSMF2.step_1_1_1.run :: epoch=46  train_nll=-3625.865  val_nll=-3634.652  t=66.4s
2026-05-16 19:52:46,465 INFO CSMF2.step_1_1_1.run :: [glow] film_gain mean=0.2218 min=0.1679 max=0.2599
2026-05-16 19:52:46,465 INFO CSMF2.step_1_1_1.run :: [shuffle] gap_mean=23.630 hinge=0.0000 lambda=1.000 margin=0.50
2026-05-16 19:52:46,465 INFO CSMF2.step_1_1_1.run :: [h_std] total=0.05037 batch=0.04965 penalty=0.00069 target=0.0500 mu=10.000
2026-05-16 19:52:46,465 INFO CSMF2.step_1_1_1.run :: [lat_epoch] mean_l2=0.03070 std_l2=0.02655 (no penalty)
2026-05-16 19:52:46,465 INFO CSMF2.step_1_1_1.run :: [y_resid] alpha=0.1272
2026-05-16 19:52:46,465 INFO CSMF2.step_1_1_1.run :: [grad] cond=49.8020 film_gain=2049.5291
2026-05-16 19:53:02,062 INFO CSMF2.step_1_1_1.run :: [h] epoch=47 step=50 total=0.05102 batch=0.05006
2026-05-16 19:53:02,063 INFO CSMF2.step_1_1_1.run :: [lat] epoch=47 step=50 mean_l2=0.04403 std_l2=0.04175
2026-05-16 19:53:02,099 INFO CSMF2.step_1_1_1.run :: epoch=47 step=50/429 train_nll=-3619.224
2026-05-16 19:53:09,552 INFO CSMF2.step_1_1_1.run :: [h] epoch=47 step=100 total=0.05043 batch=0.04990
2026-05-16 19:53:09,553 INFO CSMF2.step_1_1_1.run :: [lat] epoch=47 step=100 mean_l2=0.02498 std_l2=0.01816
2026-05-16 19:53:09,589 INFO CSMF2.step_1_1_1.run :: epoch=47 step=100/429 train_nll=-3618.277
2026-05-16 19:53:17,506 INFO CSMF2.step_1_1_1.run :: [h] epoch=47 step=150 total=0.05062 batch=0.04992
2026-05-16 19:53:17,507 INFO CSMF2.step_1_1_1.run :: [lat] epoch=47 step=150 mean_l2=0.02402 std_l2=0.01868
2026-05-16 19:53:17,543 INFO CSMF2.step_1_1_1.run :: epoch=47 step=150/429 train_nll=-3625.219
2026-05-16 19:53:24,796 INFO CSMF2.step_1_1_1.run :: [h] epoch=47 step=200 total=0.05314 batch=0.05216
2026-05-16 19:53:24,796 INFO CSMF2.step_1_1_1.run :: [lat] epoch=47 step=200 mean_l2=0.02455 std_l2=0.02586
2026-05-16 19:53:24,832 INFO CSMF2.step_1_1_1.run :: epoch=47 step=200/429 train_nll=-3627.464
2026-05-16 19:53:32,088 INFO CSMF2.step_1_1_1.run :: [h] epoch=47 step=250 total=0.05038 batch=0.04938
2026-05-16 19:53:32,089 INFO CSMF2.step_1_1_1.run :: [lat] epoch=47 step=250 mean_l2=0.03052 std_l2=0.02086
2026-05-16 19:53:32,125 INFO CSMF2.step_1_1_1.run :: epoch=47 step=250/429 train_nll=-3628.530
2026-05-16 19:53:39,410 INFO CSMF2.step_1_1_1.run :: [h] epoch=47 step=300 total=0.05260 batch=0.05213
2026-05-16 19:53:39,410 INFO CSMF2.step_1_1_1.run :: [lat] epoch=47 step=300 mean_l2=0.03043 std_l2=0.02317
2026-05-16 19:53:39,446 INFO CSMF2.step_1_1_1.run :: epoch=47 step=300/429 train_nll=-3627.348
2026-05-16 19:53:46,750 INFO CSMF2.step_1_1_1.run :: [h] epoch=47 step=350 total=0.05015 batch=0.04956
2026-05-16 19:53:46,751 INFO CSMF2.step_1_1_1.run :: [lat] epoch=47 step=350 mean_l2=0.04381 std_l2=0.02352
2026-05-16 19:53:46,787 INFO CSMF2.step_1_1_1.run :: epoch=47 step=350/429 train_nll=-3626.863
2026-05-16 19:53:54,105 INFO CSMF2.step_1_1_1.run :: [h] epoch=47 step=400 total=0.05367 batch=0.05270
2026-05-16 19:53:54,105 INFO CSMF2.step_1_1_1.run :: [lat] epoch=47 step=400 mean_l2=0.02888 std_l2=0.03414
2026-05-16 19:53:54,141 INFO CSMF2.step_1_1_1.run :: epoch=47 step=400/429 train_nll=-3625.103
2026-05-16 19:54:01,564 INFO CSMF2.step_1_1_1.run :: epoch=47  train_nll=-3626.007  val_nll=-3630.711  t=66.9s
2026-05-16 19:54:01,564 INFO CSMF2.step_1_1_1.run :: [glow] film_gain mean=0.2204 min=0.1646 max=0.2593
2026-05-16 19:54:01,564 INFO CSMF2.step_1_1_1.run :: [shuffle] gap_mean=23.481 hinge=0.0000 lambda=1.000 margin=0.50
2026-05-16 19:54:01,564 INFO CSMF2.step_1_1_1.run :: [h_std] total=0.05075 batch=0.05000 penalty=0.00045 target=0.0500 mu=10.000
2026-05-16 19:54:01,564 INFO CSMF2.step_1_1_1.run :: [lat_epoch] mean_l2=0.03133 std_l2=0.02835 (no penalty)
2026-05-16 19:54:01,564 INFO CSMF2.step_1_1_1.run :: [y_resid] alpha=0.1276
2026-05-16 19:54:01,565 INFO CSMF2.step_1_1_1.run :: [grad] cond=94.4348 film_gain=2902.6132
2026-05-16 19:54:17,057 INFO CSMF2.step_1_1_1.run :: [h] epoch=48 step=50 total=0.05221 batch=0.05141
2026-05-16 19:54:17,058 INFO CSMF2.step_1_1_1.run :: [lat] epoch=48 step=50 mean_l2=0.05236 std_l2=0.02637
2026-05-16 19:54:17,094 INFO CSMF2.step_1_1_1.run :: epoch=48 step=50/429 train_nll=-3644.545
2026-05-16 19:54:24,357 INFO CSMF2.step_1_1_1.run :: [h] epoch=48 step=100 total=0.05023 batch=0.04907
2026-05-16 19:54:24,357 INFO CSMF2.step_1_1_1.run :: [lat] epoch=48 step=100 mean_l2=0.03376 std_l2=0.02365
2026-05-16 19:54:24,393 INFO CSMF2.step_1_1_1.run :: epoch=48 step=100/429 train_nll=-3634.220
2026-05-16 19:54:31,881 INFO CSMF2.step_1_1_1.run :: [h] epoch=48 step=150 total=0.04901 batch=0.04767
2026-05-16 19:54:31,882 INFO CSMF2.step_1_1_1.run :: [lat] epoch=48 step=150 mean_l2=0.02413 std_l2=0.01972
2026-05-16 19:54:31,918 INFO CSMF2.step_1_1_1.run :: epoch=48 step=150/429 train_nll=-3628.620
2026-05-16 19:54:39,323 INFO CSMF2.step_1_1_1.run :: [h] epoch=48 step=200 total=0.05052 batch=0.04989
2026-05-16 19:54:39,324 INFO CSMF2.step_1_1_1.run :: [lat] epoch=48 step=200 mean_l2=0.03230 std_l2=0.02902
2026-05-16 19:54:39,360 INFO CSMF2.step_1_1_1.run :: epoch=48 step=200/429 train_nll=-3627.633
2026-05-16 19:54:46,812 INFO CSMF2.step_1_1_1.run :: [h] epoch=48 step=250 total=0.05217 batch=0.05074
2026-05-16 19:54:46,813 INFO CSMF2.step_1_1_1.run :: [lat] epoch=48 step=250 mean_l2=0.02463 std_l2=0.02398
2026-05-16 19:54:46,849 INFO CSMF2.step_1_1_1.run :: epoch=48 step=250/429 train_nll=-3623.716
2026-05-16 19:54:54,354 INFO CSMF2.step_1_1_1.run :: [h] epoch=48 step=300 total=0.05074 batch=0.04975
2026-05-16 19:54:54,355 INFO CSMF2.step_1_1_1.run :: [lat] epoch=48 step=300 mean_l2=0.02113 std_l2=0.02530
2026-05-16 19:54:54,391 INFO CSMF2.step_1_1_1.run :: epoch=48 step=300/429 train_nll=-3624.878
2026-05-16 19:55:02,149 INFO CSMF2.step_1_1_1.run :: [h] epoch=48 step=350 total=0.04833 batch=0.04716
2026-05-16 19:55:02,150 INFO CSMF2.step_1_1_1.run :: [lat] epoch=48 step=350 mean_l2=0.03713 std_l2=0.02436
2026-05-16 19:55:02,186 INFO CSMF2.step_1_1_1.run :: epoch=48 step=350/429 train_nll=-3621.598
2026-05-16 19:55:09,459 INFO CSMF2.step_1_1_1.run :: [h] epoch=48 step=400 total=0.05024 batch=0.04966
2026-05-16 19:55:09,460 INFO CSMF2.step_1_1_1.run :: [lat] epoch=48 step=400 mean_l2=0.02194 std_l2=0.02088
2026-05-16 19:55:09,496 INFO CSMF2.step_1_1_1.run :: epoch=48 step=400/429 train_nll=-3623.259
2026-05-16 19:55:16,959 INFO CSMF2.step_1_1_1.run :: epoch=48  train_nll=-3622.911  val_nll=-3636.857  t=67.2s
2026-05-16 19:55:16,959 INFO CSMF2.step_1_1_1.run :: [glow] film_gain mean=0.2185 min=0.1581 max=0.2592
2026-05-16 19:55:16,959 INFO CSMF2.step_1_1_1.run :: [shuffle] gap_mean=23.017 hinge=0.0000 lambda=1.000 margin=0.50
2026-05-16 19:55:16,959 INFO CSMF2.step_1_1_1.run :: [h_std] total=0.05024 batch=0.04926 penalty=0.00096 target=0.0500 mu=10.000
2026-05-16 19:55:16,959 INFO CSMF2.step_1_1_1.run :: [lat_epoch] mean_l2=0.02983 std_l2=0.02687 (no penalty)
2026-05-16 19:55:16,959 INFO CSMF2.step_1_1_1.run :: [y_resid] alpha=0.1250
2026-05-16 19:55:16,959 INFO CSMF2.step_1_1_1.run :: [grad] cond=39.8618 film_gain=674.7809
2026-05-16 19:55:32,275 INFO CSMF2.step_1_1_1.run :: [h] epoch=49 step=50 total=0.04996 batch=0.04922
2026-05-16 19:55:32,275 INFO CSMF2.step_1_1_1.run :: [lat] epoch=49 step=50 mean_l2=0.03320 std_l2=0.04010
2026-05-16 19:55:32,311 INFO CSMF2.step_1_1_1.run :: epoch=49 step=50/429 train_nll=-3614.684
2026-05-16 19:55:39,838 INFO CSMF2.step_1_1_1.run :: [h] epoch=49 step=100 total=0.04977 batch=0.04886
2026-05-16 19:55:39,838 INFO CSMF2.step_1_1_1.run :: [lat] epoch=49 step=100 mean_l2=0.02357 std_l2=0.02700
2026-05-16 19:55:39,874 INFO CSMF2.step_1_1_1.run :: epoch=49 step=100/429 train_nll=-3618.048
2026-05-16 19:55:47,224 INFO CSMF2.step_1_1_1.run :: [h] epoch=49 step=150 total=0.05086 batch=0.05016
2026-05-16 19:55:47,225 INFO CSMF2.step_1_1_1.run :: [lat] epoch=49 step=150 mean_l2=0.04118 std_l2=0.02437
2026-05-16 19:55:47,261 INFO CSMF2.step_1_1_1.run :: epoch=49 step=150/429 train_nll=-3618.541
2026-05-16 19:55:54,535 INFO CSMF2.step_1_1_1.run :: [h] epoch=49 step=200 total=0.05055 batch=0.05011
2026-05-16 19:55:54,535 INFO CSMF2.step_1_1_1.run :: [lat] epoch=49 step=200 mean_l2=0.03139 std_l2=0.01916
2026-05-16 19:55:54,571 INFO CSMF2.step_1_1_1.run :: epoch=49 step=200/429 train_nll=-3619.349
2026-05-16 19:56:02,000 INFO CSMF2.step_1_1_1.run :: [h] epoch=49 step=250 total=0.05106 batch=0.05017
2026-05-16 19:56:02,001 INFO CSMF2.step_1_1_1.run :: [lat] epoch=49 step=250 mean_l2=0.02825 std_l2=0.02444
2026-05-16 19:56:02,037 INFO CSMF2.step_1_1_1.run :: epoch=49 step=250/429 train_nll=-3622.125
2026-05-16 19:56:09,456 INFO CSMF2.step_1_1_1.run :: [h] epoch=49 step=300 total=0.05349 batch=0.05259
2026-05-16 19:56:09,457 INFO CSMF2.step_1_1_1.run :: [lat] epoch=49 step=300 mean_l2=0.02891 std_l2=0.02120
2026-05-16 19:56:09,493 INFO CSMF2.step_1_1_1.run :: epoch=49 step=300/429 train_nll=-3621.422
2026-05-16 19:56:16,653 INFO CSMF2.step_1_1_1.run :: [h] epoch=49 step=350 total=0.05078 batch=0.04994
2026-05-16 19:56:16,653 INFO CSMF2.step_1_1_1.run :: [lat] epoch=49 step=350 mean_l2=0.04140 std_l2=0.03168
2026-05-16 19:56:16,690 INFO CSMF2.step_1_1_1.run :: epoch=49 step=350/429 train_nll=-3624.755
2026-05-16 19:56:23,926 INFO CSMF2.step_1_1_1.run :: [h] epoch=49 step=400 total=0.05211 batch=0.05151
2026-05-16 19:56:23,926 INFO CSMF2.step_1_1_1.run :: [lat] epoch=49 step=400 mean_l2=0.02518 std_l2=0.02448
2026-05-16 19:56:23,971 INFO CSMF2.step_1_1_1.run :: epoch=49 step=400/429 train_nll=-3627.276
2026-05-16 19:56:31,374 INFO CSMF2.step_1_1_1.run :: epoch=49  train_nll=-3628.203  val_nll=-3638.092  t=66.2s
2026-05-16 19:56:31,374 INFO CSMF2.step_1_1_1.run :: [glow] film_gain mean=0.2176 min=0.1581 max=0.2588
2026-05-16 19:56:31,374 INFO CSMF2.step_1_1_1.run :: [shuffle] gap_mean=24.041 hinge=0.0000 lambda=1.000 margin=0.50
2026-05-16 19:56:31,374 INFO CSMF2.step_1_1_1.run :: [h_std] total=0.05056 batch=0.04980 penalty=0.00055 target=0.0500 mu=10.000
2026-05-16 19:56:31,374 INFO CSMF2.step_1_1_1.run :: [lat_epoch] mean_l2=0.03029 std_l2=0.02537 (no penalty)
2026-05-16 19:56:31,374 INFO CSMF2.step_1_1_1.run :: [y_resid] alpha=0.1256
2026-05-16 19:56:31,374 INFO CSMF2.step_1_1_1.run :: [grad] cond=142.4644 film_gain=1525.4635
2026-05-16 19:56:39,617 WARNING CSMF2.step_1_1_1.run :: [exit_gate] fwd_rel=0.969 > target 0.500 (informational; no resume baseline available)
2026-05-16 19:56:45,986 INFO CSMF2.step_1_1_1.run :: [run] FINAL test_nll (sealed 10k) = -3635.945
2026-05-16 19:56:46,591 INFO CSMF2.experiments.step_1_1_1.density_plots :: [plot_latent_density] saved -> CSMF2/experiments/step_1_1_1/results/glow_s2_n0.00_seed0_c81dec9b2524/plots/latent_density.png  (ks=0.0288, mean=0.071, std=0.989)
2026-05-16 19:56:46,796 INFO CSMF2.experiments.step_1_1_1.density_plots :: [plot_cycle_density] saved -> CSMF2/experiments/step_1_1_1/results/glow_s2_n0.00_seed0_c81dec9b2524/plots/cycle_density.png  (max|err|=1.769e-03 rms=5.291e-05)
2026-05-16 19:56:47,153 INFO CSMF2.experiments.step_1_1_1.density_plots :: [plot_reconstruction_panel] saved -> CSMF2/experiments/step_1_1_1/results/glow_s2_n0.00_seed0_c81dec9b2524/plots/reconstruction_panel.png  rms(enc-prior)=2.033
==============================================================
[1mSTEP-1_1_1 RUN SUMMARY[0m
==============================================================
expert: glow   scale: 2   noise: 0.0   seed: 0   epochs: 50
train NLL:    -2946.12  ->    -3628.20  (Δ = -682.08)
test  NLL:    -3272.01  ->    -3638.09

[1mHARD GATES (halt on fail)[0m
  [32m 50/50  ✓[0m  invertibility FP64 <1e-5
  [33m 20/50  ✗[0m  latent KS vs N(0,1) <0.05
  [32m 50/50  ✓[0m  cycle_max < 1e-12
  [31m  0/50  ✗[0m  h std > 1e-3
  [31m  0/50  ✗[0m  FiLM γ,β std > 1e-3 aggregate
  [31m  0/50  ✗[0m  (y,seed) max|Δh| < 1e-6
  [32m 50/50  ✓[0m  no NaN/Inf this epoch
  [32m  1/1   ✓[0m  numeric log-det (FP64, once)

[1mINFORMATIONAL (logged, non-blocking)[0m
  [31m  0/50  ✗[0m  null-control gap ≥ 0.10
  [31m  0/50  ✗[0m  h_st Δlogp slope > 1e-3
  [31m  0/50  ✗[0m  grad norm > 1e-6
  [32m 50/50  ✓[0m  fwd residual reported
--------------------------------------------------------------
[1mHARD TOTAL: 171/351[0m  (48.7%)
[1mEXIT_CRITERIA_MET:[0m [31mNO[0m
[1mREMEDY HINTS:[0m
  - hard gate failed: latent_ks (latent KS vs N(0,1) <0.05) -- check epochs [0, 2, 4, 5, 6, 7, 9, 11, 12, 13, 14, 15, 17, 18, 20, 21, 23, 25, 26, 27, 29, 32, 33, 35, 36, 38, 39, 40, 46, 49]
  - hard gate failed: h_alive (h std > 1e-3) -- check epochs [0, 1, 2, 3, 4, 5, 6, 7, 8, 9, 10, 11, 12, 13, 14, 15, 16, 17, 18, 19, 20, 21, 22, 23, 24, 25, 26, 27, 28, 29, 30, 31, 32, 33, 34, 35, 36, 37, 38, 39, 40, 41, 42, 43, 44, 45, 46, 47, 48, 49]
  - hard gate failed: film_alive (FiLM γ,β std > 1e-3 aggregate) -- check epochs [0, 1, 2, 3, 4, 5, 6, 7, 8, 9, 10, 11, 12, 13, 14, 15, 16, 17, 18, 19, 20, 21, 22, 23, 24, 25, 26, 27, 28, 29, 30, 31, 32, 33, 34, 35, 36, 37, 38, 39, 40, 41, 42, 43, 44, 45, 46, 47, 48, 49]
  - hard gate failed: determinism ((y,seed) max|Δh| < 1e-6) -- check epochs [0, 1, 2, 3, 4, 5, 6, 7, 8, 9, 10, 11, 12, 13, 14, 15, 16, 17, 18, 19, 20, 21, 22, 23, 24, 25, 26, 27, 28, 29, 30, 31, 32, 33, 34, 35, 36, 37, 38, 39, 40, 41, 42, 43, 44, 45, 46, 47, 48, 49]
[33mSTEP-1_1_1 SOFT WARNINGS (non-blocking):[0m
  ! fwd_rel=0.969 > target 0.500 (informational; no resume baseline available)
==============================================================
2026-05-16 19:56:47,231 INFO CSMF2.step_1_1_1.run :: STEP-1_1 run DONE  exit_ok=False  out=CSMF2/experiments/step_1_1_1/results/glow_s2_n0.00_seed0_c81dec9b2524
>>> 19:56:47 === MAP nsf ===
2026-05-16 19:56:49,212 INFO CSMF2.step_1_1_1_1.run :: MAP-refine run | tag=map_ckpt_init-random_steps50_lr1e-02_lp1e-03_seed0_fd532714d426 | cfg=MAPCfg(ckpt_dir='CSMF2/experiments/step_1_1_1/results/nsf_s2_n0.00_seed0_25c8cd097d5c/', best_params=None, best_params_expert=None, train_results_root=None, steps=50, lr=0.01, lambda_prior=0.001, init='random', n_test=256, batch_size=64, seed=0, out_root='./CSMF2/experiments/step_1_1_1_1/results')
2026-05-16 19:56:49,287 INFO CSMF2.step_1_1_1_1.run :: [ckpt] loading from CSMF2/experiments/step_1_1_1/results/nsf_s2_n0.00_seed0_25c8cd097d5c
2026-05-16 19:56:49,287 INFO CSMF2.step_1_1_1_1.run :: [ckpt] train cfg: expert=nsf scale=2 noise=0.0 lam=1.0 use_v2=False
2026-05-16 19:56:49,451 INFO CSMF2.step_1_1_1_1.run :: [ckpt] loaded; expert + cond frozen
2026-05-16 19:56:52,157 INFO CSMF2.step_1_1_1_1.run :: [batch 0] B=64  psnr_before_mean=20.33  psnr_after_mean=22.61  fwd_rel_before=0.127  fwd_rel_after=0.067
2026-05-16 19:56:53,910 INFO CSMF2.step_1_1_1_1.run :: [batch 1] B=64  psnr_before_mean=20.20  psnr_after_mean=22.29  fwd_rel_before=0.119  fwd_rel_after=0.064
2026-05-16 19:56:55,660 INFO CSMF2.step_1_1_1_1.run :: [batch 2] B=64  psnr_before_mean=20.69  psnr_after_mean=22.96  fwd_rel_before=0.115  fwd_rel_after=0.062
2026-05-16 19:56:57,418 INFO CSMF2.step_1_1_1_1.run :: [batch 3] B=64  psnr_before_mean=20.63  psnr_after_mean=22.68  fwd_rel_before=0.117  fwd_rel_after=0.063
2026-05-16 19:56:57,426 INFO CSMF2.step_1_1_1_1.run :: [aggregate] fwd_rel: 0.120 -> 0.064   psnr: 20.46 -> 22.63   improved % = 94.9
2026-05-16 19:56:57,706 INFO CSMF2.step_1_1_1_1.run :: MAP-refine run DONE  out=CSMF2/experiments/step_1_1_1_1/results/map_ckpt_init-random_steps50_lr1e-02_lp1e-03_seed0_fd532714d426
>>> 19:56:58 === MAP realnvp ===
2026-05-16 19:56:59,588 INFO CSMF2.step_1_1_1_1.run :: MAP-refine run | tag=map_ckpt_init-random_steps50_lr1e-02_lp1e-03_seed0_91552e4ccc2b | cfg=MAPCfg(ckpt_dir='CSMF2/experiments/step_1_1_1/results/realnvp_s2_n0.00_seed0_93ed0b97ef88/', best_params=None, best_params_expert=None, train_results_root=None, steps=50, lr=0.01, lambda_prior=0.001, init='random', n_test=256, batch_size=64, seed=0, out_root='./CSMF2/experiments/step_1_1_1_1/results')
2026-05-16 19:56:59,629 INFO CSMF2.step_1_1_1_1.run :: [ckpt] loading from CSMF2/experiments/step_1_1_1/results/realnvp_s2_n0.00_seed0_93ed0b97ef88
2026-05-16 19:56:59,629 INFO CSMF2.step_1_1_1_1.run :: [ckpt] train cfg: expert=realnvp scale=2 noise=0.0 lam=0.0 use_v2=True
2026-05-16 19:56:59,708 ERROR CSMF2.models.experts :: [build_expert] unknown kwargs ['n_couplings'] for expert='realnvp'
2026-05-16 19:56:59,709 ERROR CSMF2.step_1_1_1_1.run :: MAP-refine run FAILED
Traceback (most recent call last):
  File "/home/benjamin/CSMFII/CSMF2/experiments/step_1_1_1_1/run.py", line 600, in <module>
    report = run(cfg)
             ^^^^^^^^
  File "/home/benjamin/CSMFII/CSMF2/experiments/step_1_1_1_1/run.py", line 371, in run
    expert = build_expert(expert_name, dim=tcfg.get("dim", 784),
             ^^^^^^^^^^^^^^^^^^^^^^^^^^^^^^^^^^^^^^^^^^^^^^^^^^^
  File "/home/benjamin/CSMFII/CSMF2/models/experts.py", line 270, in build_expert
    raise ValueError(f"unknown kwargs {sorted(unknown)} for expert={name!r}")
ValueError: unknown kwargs ['n_couplings'] for expert='realnvp'

>>> 19:57:00 === MAP nice ===
2026-05-16 19:57:01,544 INFO CSMF2.step_1_1_1_1.run :: MAP-refine run | tag=map_ckpt_init-random_steps50_lr1e-02_lp1e-03_seed0_18768f635fae | cfg=MAPCfg(ckpt_dir='CSMF2/experiments/step_1_1_1/results/nice_s2_n0.10_seed0_7c8e2c947626/', best_params=None, best_params_expert=None, train_results_root=None, steps=50, lr=0.01, lambda_prior=0.001, init='random', n_test=256, batch_size=64, seed=0, out_root='./CSMF2/experiments/step_1_1_1_1/results')
2026-05-16 19:57:01,585 INFO CSMF2.step_1_1_1_1.run :: [ckpt] loading from CSMF2/experiments/step_1_1_1/results/nice_s2_n0.10_seed0_7c8e2c947626
2026-05-16 19:57:01,585 INFO CSMF2.step_1_1_1_1.run :: [ckpt] train cfg: expert=nice scale=2 noise=0.1 lam=0.1 use_v2=True
2026-05-16 19:57:01,680 INFO CSMF2.step_1_1_1_1.run :: [ckpt] loaded; expert + cond frozen
2026-05-16 19:57:02,608 INFO CSMF2.step_1_1_1_1.run :: [batch 0] B=64  psnr_before_mean=13.93  psnr_after_mean=17.07  fwd_rel_before=0.482  fwd_rel_after=0.326
2026-05-16 19:57:02,726 INFO CSMF2.step_1_1_1_1.run :: [batch 1] B=64  psnr_before_mean=13.75  psnr_after_mean=16.87  fwd_rel_before=0.469  fwd_rel_after=0.319
2026-05-16 19:57:02,862 INFO CSMF2.step_1_1_1_1.run :: [batch 2] B=64  psnr_before_mean=13.89  psnr_after_mean=16.93  fwd_rel_before=0.476  fwd_rel_after=0.327
2026-05-16 19:57:02,994 INFO CSMF2.step_1_1_1_1.run :: [batch 3] B=64  psnr_before_mean=14.16  psnr_after_mean=17.41  fwd_rel_before=0.466  fwd_rel_after=0.318
2026-05-16 19:57:02,994 INFO CSMF2.step_1_1_1_1.run :: [aggregate] fwd_rel: 0.473 -> 0.323   psnr: 13.93 -> 17.07   improved % = 99.6
2026-05-16 19:57:03,256 INFO CSMF2.step_1_1_1_1.run :: MAP-refine run DONE  out=CSMF2/experiments/step_1_1_1_1/results/map_ckpt_init-random_steps50_lr1e-02_lp1e-03_seed0_18768f635fae
>>> 19:57:03 === MAP glow ===
2026-05-16 19:57:05,152 INFO CSMF2.step_1_1_1_1.run :: MAP-refine run | tag=map_ckpt_init-random_steps50_lr1e-02_lp1e-03_seed0_c211fe03783c | cfg=MAPCfg(ckpt_dir='CSMF2/experiments/step_1_1_1/results/glow_s2_n0.00_seed0_c81dec9b2524/', best_params=None, best_params_expert=None, train_results_root=None, steps=50, lr=0.01, lambda_prior=0.001, init='random', n_test=256, batch_size=64, seed=0, out_root='./CSMF2/experiments/step_1_1_1_1/results')
2026-05-16 19:57:05,230 INFO CSMF2.step_1_1_1_1.run :: [ckpt] loading from CSMF2/experiments/step_1_1_1/results/glow_s2_n0.00_seed0_c81dec9b2524
2026-05-16 19:57:05,230 INFO CSMF2.step_1_1_1_1.run :: [ckpt] train cfg: expert=glow scale=2 noise=0.0 lam=0.0 use_v2=True
2026-05-16 19:57:05,313 ERROR CSMF2.models.experts :: [build_expert] unknown kwargs ['coupling_hidden', 'n_steps'] for expert='glow'
2026-05-16 19:57:05,314 ERROR CSMF2.step_1_1_1_1.run :: MAP-refine run FAILED
Traceback (most recent call last):
  File "/home/benjamin/CSMFII/CSMF2/experiments/step_1_1_1_1/run.py", line 600, in <module>
    report = run(cfg)
             ^^^^^^^^
  File "/home/benjamin/CSMFII/CSMF2/experiments/step_1_1_1_1/run.py", line 371, in run
    expert = build_expert(expert_name, dim=tcfg.get("dim", 784),
             ^^^^^^^^^^^^^^^^^^^^^^^^^^^^^^^^^^^^^^^^^^^^^^^^^^^
  File "/home/benjamin/CSMFII/CSMF2/models/experts.py", line 270, in build_expert
    raise ValueError(f"unknown kwargs {sorted(unknown)} for expert={name!r}")
ValueError: unknown kwargs ['coupling_hidden', 'n_steps'] for expert='glow'

