2026-05-16 18:08:26,497 INFO CSMF2.step_1_1_1.run :: STEP-1_1 run | tag=realnvp_s2_n0.00_seed0_93ed0b97ef88 | cfg=StepCfg(data_root='./mnist_data', scale=2, blur_sigma=1.0, noise_sigma=0.0, batch_size=128, expert='realnvp', dim=784, cond_width=128, h_dim=256, flow_hidden=256, use_film=True, cache_h=True, use_v2_conditioner=True, film_depth=2, film_hidden=128, film_use_gelu=True, realnvp_n_couplings=6, realnvp_s_max=2.0, glow_n_steps=8, glow_coupling_hidden=256, glow_s_max=2.0, glow_squeeze=True, glow_n_levels=1, glow_image_c=1, glow_image_h=28, glow_image_w=28, glow_film_gain_init=0.3, lr=0.001, epochs=50, weight_decay=0.0, grad_clip=5.0, shuffle_loss_lambda=0.0, shuffle_loss_margin=0.5, h_std_penalty_mu=0.0, h_std_target=0.05, cond_y_residual_alpha_init=0.0, latent_moment_lambda=0.0, latent_ks_target=0.1, fwd_rel_target=0.5, resume_from=None, seed=0, out_root='./CSMF2/experiments/step_1_1_1/results', log_every=50, sanity_every_epoch=True)
2026-05-16 18:08:26,603 INFO CSMF2.step_1_1_1.run :: [run] data sizes: train=55000  val=5000 (per-epoch)  test=10000 (final-only)
2026-05-16 18:08:26,741 INFO CSMF2.step_1_1_1.run :: [y_sanity] y.std(dim=0).mean() = 0.1294  shape=(128, 1, 14, 14)
2026-05-16 18:08:30,949 INFO CSMF2.step_1_1_1.run :: [h] epoch=0 step=50 total=0.26842 batch=0.00174
2026-05-16 18:08:30,949 INFO CSMF2.step_1_1_1.run :: [lat] epoch=0 step=50 mean_l2=0.29522 std_l2=0.46131
2026-05-16 18:08:30,960 INFO CSMF2.step_1_1_1.run :: epoch=0 step=50/429 train_nll=-775.965
2026-05-16 18:08:34,799 INFO CSMF2.step_1_1_1.run :: [h] epoch=0 step=100 total=0.35264 batch=0.00156
2026-05-16 18:08:34,800 INFO CSMF2.step_1_1_1.run :: [lat] epoch=0 step=100 mean_l2=0.21592 std_l2=0.54506
2026-05-16 18:08:34,811 INFO CSMF2.step_1_1_1.run :: epoch=0 step=100/429 train_nll=-1148.318
2026-05-16 18:08:38,342 INFO CSMF2.step_1_1_1.run :: [h] epoch=0 step=150 total=0.38960 batch=0.00142
2026-05-16 18:08:38,342 INFO CSMF2.step_1_1_1.run :: [lat] epoch=0 step=150 mean_l2=0.25342 std_l2=0.43756
2026-05-16 18:08:38,354 INFO CSMF2.step_1_1_1.run :: epoch=0 step=150/429 train_nll=-1334.807
2026-05-16 18:08:41,898 INFO CSMF2.step_1_1_1.run :: [h] epoch=0 step=200 total=0.44015 batch=0.00171
2026-05-16 18:08:41,899 INFO CSMF2.step_1_1_1.run :: [lat] epoch=0 step=200 mean_l2=0.29148 std_l2=0.48757
2026-05-16 18:08:41,911 INFO CSMF2.step_1_1_1.run :: epoch=0 step=200/429 train_nll=-1482.767
2026-05-16 18:08:45,293 INFO CSMF2.step_1_1_1.run :: [h] epoch=0 step=250 total=0.43398 batch=0.00191
2026-05-16 18:08:45,294 INFO CSMF2.step_1_1_1.run :: [lat] epoch=0 step=250 mean_l2=0.23272 std_l2=0.40413
2026-05-16 18:08:45,306 INFO CSMF2.step_1_1_1.run :: epoch=0 step=250/429 train_nll=-1581.085
2026-05-16 18:08:48,771 INFO CSMF2.step_1_1_1.run :: [h] epoch=0 step=300 total=0.44245 batch=0.00205
2026-05-16 18:08:48,771 INFO CSMF2.step_1_1_1.run :: [lat] epoch=0 step=300 mean_l2=0.38264 std_l2=2.34766
2026-05-16 18:08:48,781 INFO CSMF2.step_1_1_1.run :: epoch=0 step=300/429 train_nll=-1661.170
2026-05-16 18:08:52,322 INFO CSMF2.step_1_1_1.run :: [h] epoch=0 step=350 total=0.43562 batch=0.00208
2026-05-16 18:08:52,322 INFO CSMF2.step_1_1_1.run :: [lat] epoch=0 step=350 mean_l2=0.45315 std_l2=0.42280
2026-05-16 18:08:52,334 INFO CSMF2.step_1_1_1.run :: epoch=0 step=350/429 train_nll=-1729.935
2026-05-16 18:08:55,820 INFO CSMF2.step_1_1_1.run :: [h] epoch=0 step=400 total=0.43568 batch=0.00196
2026-05-16 18:08:55,820 INFO CSMF2.step_1_1_1.run :: [lat] epoch=0 step=400 mean_l2=0.23060 std_l2=0.42094
2026-05-16 18:08:55,833 INFO CSMF2.step_1_1_1.run :: epoch=0 step=400/429 train_nll=-1779.767
2026-05-16 18:09:00,410 INFO CSMF2.step_1_1_1.run :: epoch=0  train_nll=-1809.704  val_nll=-2175.521  t=33.5s
2026-05-16 18:09:00,411 INFO CSMF2.step_1_1_1.run :: [h_std] total=0.42576 batch=0.00414 (no penalty)
2026-05-16 18:09:00,411 INFO CSMF2.step_1_1_1.run :: [lat_epoch] mean_l2=0.35269 std_l2=0.69118 (no penalty)
2026-05-16 18:09:00,411 INFO CSMF2.step_1_1_1.run :: [grad] cond=104.7844 film_gain=0.0000
2026-05-16 18:09:07,991 INFO CSMF2.step_1_1_1.run :: [h] epoch=1 step=50 total=0.42421 batch=0.00190
2026-05-16 18:09:07,991 INFO CSMF2.step_1_1_1.run :: [lat] epoch=1 step=50 mean_l2=0.39333 std_l2=0.42441
2026-05-16 18:09:08,004 INFO CSMF2.step_1_1_1.run :: epoch=1 step=50/429 train_nll=-2247.498
2026-05-16 18:09:11,556 INFO CSMF2.step_1_1_1.run :: [h] epoch=1 step=100 total=0.43075 batch=0.00251
2026-05-16 18:09:11,556 INFO CSMF2.step_1_1_1.run :: [lat] epoch=1 step=100 mean_l2=0.31813 std_l2=0.63771
2026-05-16 18:09:11,568 INFO CSMF2.step_1_1_1.run :: epoch=1 step=100/429 train_nll=-2277.351
2026-05-16 18:09:15,108 INFO CSMF2.step_1_1_1.run :: [h] epoch=1 step=150 total=0.42089 batch=0.00206
2026-05-16 18:09:15,109 INFO CSMF2.step_1_1_1.run :: [lat] epoch=1 step=150 mean_l2=0.29783 std_l2=0.58467
2026-05-16 18:09:15,121 INFO CSMF2.step_1_1_1.run :: epoch=1 step=150/429 train_nll=-2291.796
2026-05-16 18:09:18,544 INFO CSMF2.step_1_1_1.run :: [h] epoch=1 step=200 total=0.41993 batch=0.00248
2026-05-16 18:09:18,545 INFO CSMF2.step_1_1_1.run :: [lat] epoch=1 step=200 mean_l2=0.20885 std_l2=0.89874
2026-05-16 18:09:18,553 INFO CSMF2.step_1_1_1.run :: epoch=1 step=200/429 train_nll=-2304.587
2026-05-16 18:09:21,860 INFO CSMF2.step_1_1_1.run :: [h] epoch=1 step=250 total=0.41387 batch=0.00215
2026-05-16 18:09:21,861 INFO CSMF2.step_1_1_1.run :: [lat] epoch=1 step=250 mean_l2=0.18086 std_l2=0.50601
2026-05-16 18:09:21,871 INFO CSMF2.step_1_1_1.run :: epoch=1 step=250/429 train_nll=-2321.086
2026-05-16 18:09:25,507 INFO CSMF2.step_1_1_1.run :: [h] epoch=1 step=300 total=0.40581 batch=0.00214
2026-05-16 18:09:25,507 INFO CSMF2.step_1_1_1.run :: [lat] epoch=1 step=300 mean_l2=0.60530 std_l2=0.99757
2026-05-16 18:09:25,515 INFO CSMF2.step_1_1_1.run :: epoch=1 step=300/429 train_nll=-2332.407
2026-05-16 18:09:29,026 INFO CSMF2.step_1_1_1.run :: [h] epoch=1 step=350 total=0.38755 batch=0.00238
2026-05-16 18:09:29,027 INFO CSMF2.step_1_1_1.run :: [lat] epoch=1 step=350 mean_l2=0.20799 std_l2=0.38393
2026-05-16 18:09:29,039 INFO CSMF2.step_1_1_1.run :: epoch=1 step=350/429 train_nll=-2339.488
2026-05-16 18:09:32,497 INFO CSMF2.step_1_1_1.run :: [h] epoch=1 step=400 total=0.39443 batch=0.00214
2026-05-16 18:09:32,498 INFO CSMF2.step_1_1_1.run :: [lat] epoch=1 step=400 mean_l2=0.27319 std_l2=0.42035
2026-05-16 18:09:32,510 INFO CSMF2.step_1_1_1.run :: epoch=1 step=400/429 train_nll=-2351.629
2026-05-16 18:09:37,085 INFO CSMF2.step_1_1_1.run :: epoch=1  train_nll=-2354.562  val_nll=-2324.774  t=33.1s
2026-05-16 18:09:37,085 INFO CSMF2.step_1_1_1.run :: [h_std] total=0.41503 batch=0.00219 (no penalty)
2026-05-16 18:09:37,085 INFO CSMF2.step_1_1_1.run :: [lat_epoch] mean_l2=0.30322 std_l2=0.85525 (no penalty)
2026-05-16 18:09:37,085 INFO CSMF2.step_1_1_1.run :: [grad] cond=6.6604 film_gain=0.0000
2026-05-16 18:09:43,962 INFO CSMF2.step_1_1_1.run :: [h] epoch=2 step=50 total=0.36378 batch=0.00171
2026-05-16 18:09:43,962 INFO CSMF2.step_1_1_1.run :: [lat] epoch=2 step=50 mean_l2=0.41414 std_l2=1.13107
2026-05-16 18:09:43,973 INFO CSMF2.step_1_1_1.run :: epoch=2 step=50/429 train_nll=-2350.090
2026-05-16 18:09:47,546 INFO CSMF2.step_1_1_1.run :: [h] epoch=2 step=100 total=0.36827 batch=0.00215
2026-05-16 18:09:47,547 INFO CSMF2.step_1_1_1.run :: [lat] epoch=2 step=100 mean_l2=0.45413 std_l2=0.83817
2026-05-16 18:09:47,555 INFO CSMF2.step_1_1_1.run :: epoch=2 step=100/429 train_nll=-2361.438
2026-05-16 18:09:51,090 INFO CSMF2.step_1_1_1.run :: [h] epoch=2 step=150 total=0.36339 batch=0.00171
2026-05-16 18:09:51,090 INFO CSMF2.step_1_1_1.run :: [lat] epoch=2 step=150 mean_l2=0.21073 std_l2=0.41098
2026-05-16 18:09:51,100 INFO CSMF2.step_1_1_1.run :: epoch=2 step=150/429 train_nll=-2380.600
2026-05-16 18:09:54,758 INFO CSMF2.step_1_1_1.run :: [h] epoch=2 step=200 total=0.36640 batch=0.00210
2026-05-16 18:09:54,759 INFO CSMF2.step_1_1_1.run :: [lat] epoch=2 step=200 mean_l2=0.30529 std_l2=0.68009
2026-05-16 18:09:54,767 INFO CSMF2.step_1_1_1.run :: epoch=2 step=200/429 train_nll=-2404.412
2026-05-16 18:09:58,260 INFO CSMF2.step_1_1_1.run :: [h] epoch=2 step=250 total=0.37328 batch=0.00171
2026-05-16 18:09:58,261 INFO CSMF2.step_1_1_1.run :: [lat] epoch=2 step=250 mean_l2=0.35125 std_l2=0.42803
2026-05-16 18:09:58,269 INFO CSMF2.step_1_1_1.run :: epoch=2 step=250/429 train_nll=-2423.793
2026-05-16 18:10:01,932 INFO CSMF2.step_1_1_1.run :: [h] epoch=2 step=300 total=0.36312 batch=0.00179
2026-05-16 18:10:01,932 INFO CSMF2.step_1_1_1.run :: [lat] epoch=2 step=300 mean_l2=0.33296 std_l2=0.61429
2026-05-16 18:10:01,944 INFO CSMF2.step_1_1_1.run :: epoch=2 step=300/429 train_nll=-2432.274
2026-05-16 18:10:05,396 INFO CSMF2.step_1_1_1.run :: [h] epoch=2 step=350 total=0.35291 batch=0.00182
2026-05-16 18:10:05,396 INFO CSMF2.step_1_1_1.run :: [lat] epoch=2 step=350 mean_l2=0.28870 std_l2=0.29633
2026-05-16 18:10:05,408 INFO CSMF2.step_1_1_1.run :: epoch=2 step=350/429 train_nll=-2433.063
2026-05-16 18:10:08,877 INFO CSMF2.step_1_1_1.run :: [h] epoch=2 step=400 total=0.34800 batch=0.00156
2026-05-16 18:10:08,878 INFO CSMF2.step_1_1_1.run :: [lat] epoch=2 step=400 mean_l2=0.28983 std_l2=0.31933
2026-05-16 18:10:08,887 INFO CSMF2.step_1_1_1.run :: epoch=2 step=400/429 train_nll=-2439.060
2026-05-16 18:10:13,340 INFO CSMF2.step_1_1_1.run :: epoch=2  train_nll=-2442.261  val_nll=-2459.979  t=32.9s
2026-05-16 18:10:13,341 INFO CSMF2.step_1_1_1.run :: [h_std] total=0.36139 batch=0.00178 (no penalty)
2026-05-16 18:10:13,341 INFO CSMF2.step_1_1_1.run :: [lat_epoch] mean_l2=0.32406 std_l2=0.73279 (no penalty)
2026-05-16 18:10:13,341 INFO CSMF2.step_1_1_1.run :: [grad] cond=9.0275 film_gain=0.0000
2026-05-16 18:10:20,173 INFO CSMF2.step_1_1_1.run :: [h] epoch=3 step=50 total=0.33198 batch=0.00140
2026-05-16 18:10:20,173 INFO CSMF2.step_1_1_1.run :: [lat] epoch=3 step=50 mean_l2=0.25736 std_l2=2.47060
2026-05-16 18:10:20,182 INFO CSMF2.step_1_1_1.run :: epoch=3 step=50/429 train_nll=-2489.710
2026-05-16 18:10:23,584 INFO CSMF2.step_1_1_1.run :: [h] epoch=3 step=100 total=0.34757 batch=0.00190
2026-05-16 18:10:23,584 INFO CSMF2.step_1_1_1.run :: [lat] epoch=3 step=100 mean_l2=0.28960 std_l2=1.18371
2026-05-16 18:10:23,596 INFO CSMF2.step_1_1_1.run :: epoch=3 step=100/429 train_nll=-2517.616
2026-05-16 18:10:27,024 INFO CSMF2.step_1_1_1.run :: [h] epoch=3 step=150 total=0.33261 batch=0.00140
2026-05-16 18:10:27,024 INFO CSMF2.step_1_1_1.run :: [lat] epoch=3 step=150 mean_l2=0.23035 std_l2=1.09781
2026-05-16 18:10:27,032 INFO CSMF2.step_1_1_1.run :: epoch=3 step=150/429 train_nll=-2524.606
2026-05-16 18:10:30,761 INFO CSMF2.step_1_1_1.run :: [h] epoch=3 step=200 total=0.32445 batch=0.00162
2026-05-16 18:10:30,761 INFO CSMF2.step_1_1_1.run :: [lat] epoch=3 step=200 mean_l2=0.50994 std_l2=0.70611
2026-05-16 18:10:30,772 INFO CSMF2.step_1_1_1.run :: epoch=3 step=200/429 train_nll=-2527.645
2026-05-16 18:10:34,391 INFO CSMF2.step_1_1_1.run :: [h] epoch=3 step=250 total=0.31721 batch=0.00146
2026-05-16 18:10:34,391 INFO CSMF2.step_1_1_1.run :: [lat] epoch=3 step=250 mean_l2=0.60960 std_l2=0.42901
2026-05-16 18:10:34,403 INFO CSMF2.step_1_1_1.run :: epoch=3 step=250/429 train_nll=-2527.652
2026-05-16 18:10:38,140 INFO CSMF2.step_1_1_1.run :: [h] epoch=3 step=300 total=0.28696 batch=0.00151
2026-05-16 18:10:38,141 INFO CSMF2.step_1_1_1.run :: [lat] epoch=3 step=300 mean_l2=0.46944 std_l2=0.56063
2026-05-16 18:10:38,152 INFO CSMF2.step_1_1_1.run :: epoch=3 step=300/429 train_nll=-2520.038
2026-05-16 18:10:41,608 INFO CSMF2.step_1_1_1.run :: [h] epoch=3 step=350 total=0.29663 batch=0.00144
2026-05-16 18:10:41,608 INFO CSMF2.step_1_1_1.run :: [lat] epoch=3 step=350 mean_l2=0.19517 std_l2=1.56002
2026-05-16 18:10:41,616 INFO CSMF2.step_1_1_1.run :: epoch=3 step=350/429 train_nll=-2526.556
2026-05-16 18:10:45,110 INFO CSMF2.step_1_1_1.run :: [h] epoch=3 step=400 total=0.29815 batch=0.00130
2026-05-16 18:10:45,110 INFO CSMF2.step_1_1_1.run :: [lat] epoch=3 step=400 mean_l2=0.24439 std_l2=0.42096
2026-05-16 18:10:45,122 INFO CSMF2.step_1_1_1.run :: epoch=3 step=400/429 train_nll=-2532.989
2026-05-16 18:10:49,413 INFO CSMF2.step_1_1_1.run :: epoch=3  train_nll=-2535.462  val_nll=-2599.708  t=32.9s
2026-05-16 18:10:49,413 INFO CSMF2.step_1_1_1.run :: [h_std] total=0.31901 batch=0.00147 (no penalty)
2026-05-16 18:10:49,413 INFO CSMF2.step_1_1_1.run :: [lat_epoch] mean_l2=0.29740 std_l2=0.76129 (no penalty)
2026-05-16 18:10:49,413 INFO CSMF2.step_1_1_1.run :: [grad] cond=6.1300 film_gain=0.0000
2026-05-16 18:10:56,770 INFO CSMF2.step_1_1_1.run :: [h] epoch=4 step=50 total=0.27566 batch=0.00117
2026-05-16 18:10:56,770 INFO CSMF2.step_1_1_1.run :: [lat] epoch=4 step=50 mean_l2=0.21095 std_l2=0.50763
2026-05-16 18:10:56,779 INFO CSMF2.step_1_1_1.run :: epoch=4 step=50/429 train_nll=-2487.316
2026-05-16 18:11:00,403 INFO CSMF2.step_1_1_1.run :: [h] epoch=4 step=100 total=0.26673 batch=0.00140
2026-05-16 18:11:00,403 INFO CSMF2.step_1_1_1.run :: [lat] epoch=4 step=100 mean_l2=0.31871 std_l2=0.68479
2026-05-16 18:11:00,411 INFO CSMF2.step_1_1_1.run :: epoch=4 step=100/429 train_nll=-2517.702
2026-05-16 18:11:03,945 INFO CSMF2.step_1_1_1.run :: [h] epoch=4 step=150 total=0.25572 batch=0.00110
2026-05-16 18:11:03,945 INFO CSMF2.step_1_1_1.run :: [lat] epoch=4 step=150 mean_l2=0.61997 std_l2=0.90543
2026-05-16 18:11:03,954 INFO CSMF2.step_1_1_1.run :: epoch=4 step=150/429 train_nll=-2531.427
2026-05-16 18:11:07,144 INFO CSMF2.step_1_1_1.run :: [h] epoch=4 step=200 total=0.25695 batch=0.00137
2026-05-16 18:11:07,144 INFO CSMF2.step_1_1_1.run :: [lat] epoch=4 step=200 mean_l2=0.31146 std_l2=0.38978
2026-05-16 18:11:07,152 INFO CSMF2.step_1_1_1.run :: epoch=4 step=200/429 train_nll=-2546.206
2026-05-16 18:11:10,625 INFO CSMF2.step_1_1_1.run :: [h] epoch=4 step=250 total=0.25805 batch=0.00107
2026-05-16 18:11:10,625 INFO CSMF2.step_1_1_1.run :: [lat] epoch=4 step=250 mean_l2=0.36120 std_l2=0.65408
2026-05-16 18:11:10,637 INFO CSMF2.step_1_1_1.run :: epoch=4 step=250/429 train_nll=-2556.212
2026-05-16 18:11:14,004 INFO CSMF2.step_1_1_1.run :: [h] epoch=4 step=300 total=0.24528 batch=0.00113
2026-05-16 18:11:14,004 INFO CSMF2.step_1_1_1.run :: [lat] epoch=4 step=300 mean_l2=0.31150 std_l2=0.93551
2026-05-16 18:11:14,016 INFO CSMF2.step_1_1_1.run :: epoch=4 step=300/429 train_nll=-2565.565
2026-05-16 18:11:17,618 INFO CSMF2.step_1_1_1.run :: [h] epoch=4 step=350 total=0.24712 batch=0.00123
2026-05-16 18:11:17,618 INFO CSMF2.step_1_1_1.run :: [lat] epoch=4 step=350 mean_l2=0.29614 std_l2=0.30163
2026-05-16 18:11:17,628 INFO CSMF2.step_1_1_1.run :: epoch=4 step=350/429 train_nll=-2570.856
2026-05-16 18:11:20,939 INFO CSMF2.step_1_1_1.run :: [h] epoch=4 step=400 total=0.24586 batch=0.00112
2026-05-16 18:11:20,939 INFO CSMF2.step_1_1_1.run :: [lat] epoch=4 step=400 mean_l2=0.26973 std_l2=0.34796
2026-05-16 18:11:20,948 INFO CSMF2.step_1_1_1.run :: epoch=4 step=400/429 train_nll=-2580.012
2026-05-16 18:11:25,455 INFO CSMF2.step_1_1_1.run :: epoch=4  train_nll=-2582.476  val_nll=-2572.435  t=32.9s
2026-05-16 18:11:25,455 INFO CSMF2.step_1_1_1.run :: [h_std] total=0.25891 batch=0.00119 (no penalty)
2026-05-16 18:11:25,455 INFO CSMF2.step_1_1_1.run :: [lat_epoch] mean_l2=0.30239 std_l2=0.73320 (no penalty)
2026-05-16 18:11:25,455 INFO CSMF2.step_1_1_1.run :: [grad] cond=4.1866 film_gain=0.0000
2026-05-16 18:11:32,334 INFO CSMF2.step_1_1_1.run :: [h] epoch=5 step=50 total=0.22324 batch=0.00108
2026-05-16 18:11:32,334 INFO CSMF2.step_1_1_1.run :: [lat] epoch=5 step=50 mean_l2=0.21378 std_l2=0.93882
2026-05-16 18:11:32,346 INFO CSMF2.step_1_1_1.run :: epoch=5 step=50/429 train_nll=-2623.630
2026-05-16 18:11:35,712 INFO CSMF2.step_1_1_1.run :: [h] epoch=5 step=100 total=0.23687 batch=0.00133
2026-05-16 18:11:35,712 INFO CSMF2.step_1_1_1.run :: [lat] epoch=5 step=100 mean_l2=0.24261 std_l2=1.18519
2026-05-16 18:11:35,724 INFO CSMF2.step_1_1_1.run :: epoch=5 step=100/429 train_nll=-2628.698
2026-05-16 18:11:39,115 INFO CSMF2.step_1_1_1.run :: [h] epoch=5 step=150 total=0.22882 batch=0.00103
2026-05-16 18:11:39,115 INFO CSMF2.step_1_1_1.run :: [lat] epoch=5 step=150 mean_l2=0.28610 std_l2=0.46469
2026-05-16 18:11:39,123 INFO CSMF2.step_1_1_1.run :: epoch=5 step=150/429 train_nll=-2634.945
2026-05-16 18:11:42,511 INFO CSMF2.step_1_1_1.run :: [h] epoch=5 step=200 total=0.23579 batch=0.00123
2026-05-16 18:11:42,511 INFO CSMF2.step_1_1_1.run :: [lat] epoch=5 step=200 mean_l2=0.16173 std_l2=0.37705
2026-05-16 18:11:42,524 INFO CSMF2.step_1_1_1.run :: epoch=5 step=200/429 train_nll=-2636.068
2026-05-16 18:11:46,133 INFO CSMF2.step_1_1_1.run :: [h] epoch=5 step=250 total=0.21105 batch=0.00096
2026-05-16 18:11:46,134 INFO CSMF2.step_1_1_1.run :: [lat] epoch=5 step=250 mean_l2=0.59121 std_l2=0.91918
2026-05-16 18:11:46,146 INFO CSMF2.step_1_1_1.run :: epoch=5 step=250/429 train_nll=-2632.273
2026-05-16 18:11:49,750 INFO CSMF2.step_1_1_1.run :: [h] epoch=5 step=300 total=0.20774 batch=0.00109
2026-05-16 18:11:49,750 INFO CSMF2.step_1_1_1.run :: [lat] epoch=5 step=300 mean_l2=0.30169 std_l2=0.64782
2026-05-16 18:11:49,762 INFO CSMF2.step_1_1_1.run :: epoch=5 step=300/429 train_nll=-2623.755
2026-05-16 18:11:53,255 INFO CSMF2.step_1_1_1.run :: [h] epoch=5 step=350 total=0.21359 batch=0.00115
2026-05-16 18:11:53,255 INFO CSMF2.step_1_1_1.run :: [lat] epoch=5 step=350 mean_l2=0.22761 std_l2=0.66079
2026-05-16 18:11:53,263 INFO CSMF2.step_1_1_1.run :: epoch=5 step=350/429 train_nll=-2628.440
2026-05-16 18:11:56,768 INFO CSMF2.step_1_1_1.run :: [h] epoch=5 step=400 total=0.20808 batch=0.00113
2026-05-16 18:11:56,768 INFO CSMF2.step_1_1_1.run :: [lat] epoch=5 step=400 mean_l2=0.25480 std_l2=0.26716
2026-05-16 18:11:56,778 INFO CSMF2.step_1_1_1.run :: epoch=5 step=400/429 train_nll=-2636.736
2026-05-16 18:12:01,285 INFO CSMF2.step_1_1_1.run :: epoch=5  train_nll=-2638.357  val_nll=-2627.201  t=32.5s
2026-05-16 18:12:01,285 INFO CSMF2.step_1_1_1.run :: [h_std] total=0.22362 batch=0.00111 (no penalty)
2026-05-16 18:12:01,285 INFO CSMF2.step_1_1_1.run :: [lat_epoch] mean_l2=0.27727 std_l2=0.74108 (no penalty)
2026-05-16 18:12:01,285 INFO CSMF2.step_1_1_1.run :: [grad] cond=2.7728 film_gain=0.0000
2026-05-16 18:12:08,089 INFO CSMF2.step_1_1_1.run :: [h] epoch=6 step=50 total=0.14173 batch=0.00432
2026-05-16 18:12:08,090 INFO CSMF2.step_1_1_1.run :: [lat] epoch=6 step=50 mean_l2=0.16030 std_l2=0.76382
2026-05-16 18:12:08,098 INFO CSMF2.step_1_1_1.run :: epoch=6 step=50/429 train_nll=-2632.852
2026-05-16 18:12:11,409 INFO CSMF2.step_1_1_1.run :: [h] epoch=6 step=100 total=0.14520 batch=0.00007
2026-05-16 18:12:11,410 INFO CSMF2.step_1_1_1.run :: [lat] epoch=6 step=100 mean_l2=0.26357 std_l2=2.74364
2026-05-16 18:12:11,420 INFO CSMF2.step_1_1_1.run :: epoch=6 step=100/429 train_nll=-2624.679
2026-05-16 18:12:14,791 INFO CSMF2.step_1_1_1.run :: [h] epoch=6 step=150 total=0.15780 batch=0.00008
2026-05-16 18:12:14,792 INFO CSMF2.step_1_1_1.run :: [lat] epoch=6 step=150 mean_l2=0.30902 std_l2=0.28297
2026-05-16 18:12:14,801 INFO CSMF2.step_1_1_1.run :: epoch=6 step=150/429 train_nll=-2640.923
2026-05-16 18:12:18,346 INFO CSMF2.step_1_1_1.run :: [h] epoch=6 step=200 total=0.14315 batch=0.00006
2026-05-16 18:12:18,346 INFO CSMF2.step_1_1_1.run :: [lat] epoch=6 step=200 mean_l2=0.21727 std_l2=0.24362
2026-05-16 18:12:18,355 INFO CSMF2.step_1_1_1.run :: epoch=6 step=200/429 train_nll=-2653.949
2026-05-16 18:12:22,085 INFO CSMF2.step_1_1_1.run :: [h] epoch=6 step=250 total=0.14356 batch=0.00005
2026-05-16 18:12:22,085 INFO CSMF2.step_1_1_1.run :: [lat] epoch=6 step=250 mean_l2=0.18127 std_l2=0.53065
2026-05-16 18:12:22,097 INFO CSMF2.step_1_1_1.run :: epoch=6 step=250/429 train_nll=-2664.115
2026-05-16 18:12:25,618 INFO CSMF2.step_1_1_1.run :: [h] epoch=6 step=300 total=0.14588 batch=0.00006
2026-05-16 18:12:25,618 INFO CSMF2.step_1_1_1.run :: [lat] epoch=6 step=300 mean_l2=0.37451 std_l2=0.75030
2026-05-16 18:12:25,627 INFO CSMF2.step_1_1_1.run :: epoch=6 step=300/429 train_nll=-2667.227
2026-05-16 18:12:29,083 INFO CSMF2.step_1_1_1.run :: [h] epoch=6 step=350 total=0.14673 batch=0.00006
2026-05-16 18:12:29,083 INFO CSMF2.step_1_1_1.run :: [lat] epoch=6 step=350 mean_l2=0.21985 std_l2=0.29911
2026-05-16 18:12:29,096 INFO CSMF2.step_1_1_1.run :: epoch=6 step=350/429 train_nll=-2675.111
2026-05-16 18:12:32,355 INFO CSMF2.step_1_1_1.run :: [h] epoch=6 step=400 total=0.14875 batch=0.00005
2026-05-16 18:12:32,356 INFO CSMF2.step_1_1_1.run :: [lat] epoch=6 step=400 mean_l2=0.24308 std_l2=0.54498
2026-05-16 18:12:32,364 INFO CSMF2.step_1_1_1.run :: epoch=6 step=400/429 train_nll=-2684.157
2026-05-16 18:12:36,587 INFO CSMF2.step_1_1_1.run :: epoch=6  train_nll=-2684.502  val_nll=-2675.031  t=32.1s
2026-05-16 18:12:36,587 INFO CSMF2.step_1_1_1.run :: [h_std] total=0.15485 batch=0.00059 (no penalty)
2026-05-16 18:12:36,587 INFO CSMF2.step_1_1_1.run :: [lat_epoch] mean_l2=0.25142 std_l2=0.74465 (no penalty)
2026-05-16 18:12:36,587 INFO CSMF2.step_1_1_1.run :: [grad] cond=12.8786 film_gain=0.0000
2026-05-16 18:12:43,399 INFO CSMF2.step_1_1_1.run :: [h] epoch=7 step=50 total=0.14747 batch=0.00005
2026-05-16 18:12:43,399 INFO CSMF2.step_1_1_1.run :: [lat] epoch=7 step=50 mean_l2=0.24362 std_l2=0.30922
2026-05-16 18:12:43,407 INFO CSMF2.step_1_1_1.run :: epoch=7 step=50/429 train_nll=-2724.029
2026-05-16 18:12:46,939 INFO CSMF2.step_1_1_1.run :: [h] epoch=7 step=100 total=0.13875 batch=0.00003
2026-05-16 18:12:46,939 INFO CSMF2.step_1_1_1.run :: [lat] epoch=7 step=100 mean_l2=0.39560 std_l2=1.40360
2026-05-16 18:12:46,949 INFO CSMF2.step_1_1_1.run :: epoch=7 step=100/429 train_nll=-2721.166
2026-05-16 18:12:50,663 INFO CSMF2.step_1_1_1.run :: [h] epoch=7 step=150 total=0.14993 batch=0.00003
2026-05-16 18:12:50,663 INFO CSMF2.step_1_1_1.run :: [lat] epoch=7 step=150 mean_l2=0.22424 std_l2=0.45033
2026-05-16 18:12:50,675 INFO CSMF2.step_1_1_1.run :: epoch=7 step=150/429 train_nll=-2725.967
2026-05-16 18:12:54,222 INFO CSMF2.step_1_1_1.run :: [h] epoch=7 step=200 total=0.14090 batch=0.00002
2026-05-16 18:12:54,223 INFO CSMF2.step_1_1_1.run :: [lat] epoch=7 step=200 mean_l2=0.19848 std_l2=0.26094
2026-05-16 18:12:54,232 INFO CSMF2.step_1_1_1.run :: epoch=7 step=200/429 train_nll=-2722.300
2026-05-16 18:12:57,765 INFO CSMF2.step_1_1_1.run :: [h] epoch=7 step=250 total=0.13730 batch=0.00002
2026-05-16 18:12:57,766 INFO CSMF2.step_1_1_1.run :: [lat] epoch=7 step=250 mean_l2=0.42010 std_l2=0.59077
2026-05-16 18:12:57,778 INFO CSMF2.step_1_1_1.run :: epoch=7 step=250/429 train_nll=-2725.695
2026-05-16 18:13:01,226 INFO CSMF2.step_1_1_1.run :: [h] epoch=7 step=300 total=0.12639 batch=0.00002
2026-05-16 18:13:01,227 INFO CSMF2.step_1_1_1.run :: [lat] epoch=7 step=300 mean_l2=0.35440 std_l2=0.82163
2026-05-16 18:13:01,235 INFO CSMF2.step_1_1_1.run :: epoch=7 step=300/429 train_nll=-2712.937
2026-05-16 18:13:04,805 INFO CSMF2.step_1_1_1.run :: [h] epoch=7 step=350 total=0.12856 batch=0.00002
2026-05-16 18:13:04,805 INFO CSMF2.step_1_1_1.run :: [lat] epoch=7 step=350 mean_l2=0.16227 std_l2=0.27498
2026-05-16 18:13:04,814 INFO CSMF2.step_1_1_1.run :: epoch=7 step=350/429 train_nll=-2716.163
2026-05-16 18:13:08,280 INFO CSMF2.step_1_1_1.run :: [h] epoch=7 step=400 total=0.13202 batch=0.00002
2026-05-16 18:13:08,280 INFO CSMF2.step_1_1_1.run :: [lat] epoch=7 step=400 mean_l2=0.27948 std_l2=0.34529
2026-05-16 18:13:08,292 INFO CSMF2.step_1_1_1.run :: epoch=7 step=400/429 train_nll=-2718.028
2026-05-16 18:13:13,142 INFO CSMF2.step_1_1_1.run :: epoch=7  train_nll=-2721.084  val_nll=-2773.189  t=33.3s
2026-05-16 18:13:13,142 INFO CSMF2.step_1_1_1.run :: [h_std] total=0.13396 batch=0.00003 (no penalty)
2026-05-16 18:13:13,142 INFO CSMF2.step_1_1_1.run :: [lat_epoch] mean_l2=0.24099 std_l2=0.74250 (no penalty)
2026-05-16 18:13:13,142 INFO CSMF2.step_1_1_1.run :: [grad] cond=8.9026 film_gain=0.0000
2026-05-16 18:13:19,816 INFO CSMF2.step_1_1_1.run :: [h] epoch=8 step=50 total=0.12539 batch=0.00002
2026-05-16 18:13:19,817 INFO CSMF2.step_1_1_1.run :: [lat] epoch=8 step=50 mean_l2=0.21217 std_l2=0.30235
2026-05-16 18:13:19,825 INFO CSMF2.step_1_1_1.run :: epoch=8 step=50/429 train_nll=-2724.893
2026-05-16 18:13:23,209 INFO CSMF2.step_1_1_1.run :: [h] epoch=8 step=100 total=0.12075 batch=0.00002
2026-05-16 18:13:23,209 INFO CSMF2.step_1_1_1.run :: [lat] epoch=8 step=100 mean_l2=0.16792 std_l2=0.63010
2026-05-16 18:13:23,218 INFO CSMF2.step_1_1_1.run :: epoch=8 step=100/429 train_nll=-2749.731
2026-05-16 18:13:26,669 INFO CSMF2.step_1_1_1.run :: [h] epoch=8 step=150 total=0.12285 batch=0.00002
2026-05-16 18:13:26,669 INFO CSMF2.step_1_1_1.run :: [lat] epoch=8 step=150 mean_l2=0.20494 std_l2=0.40383
2026-05-16 18:13:26,681 INFO CSMF2.step_1_1_1.run :: epoch=8 step=150/429 train_nll=-2741.674
2026-05-16 18:13:30,205 INFO CSMF2.step_1_1_1.run :: [h] epoch=8 step=200 total=0.12070 batch=0.00002
2026-05-16 18:13:30,205 INFO CSMF2.step_1_1_1.run :: [lat] epoch=8 step=200 mean_l2=0.23317 std_l2=1.34276
2026-05-16 18:13:30,213 INFO CSMF2.step_1_1_1.run :: epoch=8 step=200/429 train_nll=-2743.381
2026-05-16 18:13:33,746 INFO CSMF2.step_1_1_1.run :: [h] epoch=8 step=250 total=0.11654 batch=0.00002
2026-05-16 18:13:33,747 INFO CSMF2.step_1_1_1.run :: [lat] epoch=8 step=250 mean_l2=0.22381 std_l2=0.37710
2026-05-16 18:13:33,759 INFO CSMF2.step_1_1_1.run :: epoch=8 step=250/429 train_nll=-2753.582
2026-05-16 18:13:37,245 INFO CSMF2.step_1_1_1.run :: [h] epoch=8 step=300 total=0.11630 batch=0.00002
2026-05-16 18:13:37,245 INFO CSMF2.step_1_1_1.run :: [lat] epoch=8 step=300 mean_l2=0.31773 std_l2=0.78748
2026-05-16 18:13:37,254 INFO CSMF2.step_1_1_1.run :: epoch=8 step=300/429 train_nll=-2743.923
2026-05-16 18:13:40,855 INFO CSMF2.step_1_1_1.run :: [h] epoch=8 step=350 total=0.11466 batch=0.00003
2026-05-16 18:13:40,855 INFO CSMF2.step_1_1_1.run :: [lat] epoch=8 step=350 mean_l2=0.15268 std_l2=0.29977
2026-05-16 18:13:40,863 INFO CSMF2.step_1_1_1.run :: epoch=8 step=350/429 train_nll=-2738.810
2026-05-16 18:13:44,410 INFO CSMF2.step_1_1_1.run :: [h] epoch=8 step=400 total=0.11739 batch=0.00002
2026-05-16 18:13:44,411 INFO CSMF2.step_1_1_1.run :: [lat] epoch=8 step=400 mean_l2=0.24734 std_l2=0.39718
2026-05-16 18:13:44,423 INFO CSMF2.step_1_1_1.run :: epoch=8 step=400/429 train_nll=-2743.758
2026-05-16 18:13:49,048 INFO CSMF2.step_1_1_1.run :: epoch=8  train_nll=-2747.389  val_nll=-2788.023  t=32.7s
2026-05-16 18:13:49,049 INFO CSMF2.step_1_1_1.run :: [h_std] total=0.12111 batch=0.00002 (no penalty)
2026-05-16 18:13:49,049 INFO CSMF2.step_1_1_1.run :: [lat_epoch] mean_l2=0.23365 std_l2=0.74605 (no penalty)
2026-05-16 18:13:49,049 INFO CSMF2.step_1_1_1.run :: [grad] cond=10.7022 film_gain=0.0000
2026-05-16 18:13:55,700 INFO CSMF2.step_1_1_1.run :: [h] epoch=9 step=50 total=0.11246 batch=0.00002
2026-05-16 18:13:55,700 INFO CSMF2.step_1_1_1.run :: [lat] epoch=9 step=50 mean_l2=0.25350 std_l2=0.28318
2026-05-16 18:13:55,709 INFO CSMF2.step_1_1_1.run :: epoch=9 step=50/429 train_nll=-2782.698
2026-05-16 18:13:59,116 INFO CSMF2.step_1_1_1.run :: [h] epoch=9 step=100 total=0.11285 batch=0.00003
2026-05-16 18:13:59,116 INFO CSMF2.step_1_1_1.run :: [lat] epoch=9 step=100 mean_l2=0.19122 std_l2=0.60484
2026-05-16 18:13:59,124 INFO CSMF2.step_1_1_1.run :: epoch=9 step=100/429 train_nll=-2786.315
2026-05-16 18:14:02,489 INFO CSMF2.step_1_1_1.run :: [h] epoch=9 step=150 total=0.11439 batch=0.00002
2026-05-16 18:14:02,490 INFO CSMF2.step_1_1_1.run :: [lat] epoch=9 step=150 mean_l2=0.18128 std_l2=0.28248
2026-05-16 18:14:02,500 INFO CSMF2.step_1_1_1.run :: epoch=9 step=150/429 train_nll=-2789.449
2026-05-16 18:14:06,320 INFO CSMF2.step_1_1_1.run :: [h] epoch=9 step=200 total=0.10780 batch=0.00002
2026-05-16 18:14:06,320 INFO CSMF2.step_1_1_1.run :: [lat] epoch=9 step=200 mean_l2=0.19238 std_l2=0.22401
2026-05-16 18:14:06,333 INFO CSMF2.step_1_1_1.run :: epoch=9 step=200/429 train_nll=-2779.880
2026-05-16 18:14:09,844 INFO CSMF2.step_1_1_1.run :: [h] epoch=9 step=250 total=0.10932 batch=0.00002
2026-05-16 18:14:09,844 INFO CSMF2.step_1_1_1.run :: [lat] epoch=9 step=250 mean_l2=0.30121 std_l2=0.41213
2026-05-16 18:14:09,852 INFO CSMF2.step_1_1_1.run :: epoch=9 step=250/429 train_nll=-2783.924
2026-05-16 18:14:13,092 INFO CSMF2.step_1_1_1.run :: [h] epoch=9 step=300 total=0.11261 batch=0.00003
2026-05-16 18:14:13,092 INFO CSMF2.step_1_1_1.run :: [lat] epoch=9 step=300 mean_l2=0.22726 std_l2=0.37444
2026-05-16 18:14:13,104 INFO CSMF2.step_1_1_1.run :: epoch=9 step=300/429 train_nll=-2784.682
2026-05-16 18:14:16,681 INFO CSMF2.step_1_1_1.run :: [h] epoch=9 step=350 total=0.10899 batch=0.00003
2026-05-16 18:14:16,681 INFO CSMF2.step_1_1_1.run :: [lat] epoch=9 step=350 mean_l2=0.22632 std_l2=1.44537
2026-05-16 18:14:16,690 INFO CSMF2.step_1_1_1.run :: epoch=9 step=350/429 train_nll=-2782.810
2026-05-16 18:14:20,040 INFO CSMF2.step_1_1_1.run :: [h] epoch=9 step=400 total=0.10502 batch=0.00003
2026-05-16 18:14:20,041 INFO CSMF2.step_1_1_1.run :: [lat] epoch=9 step=400 mean_l2=0.13928 std_l2=0.36922
2026-05-16 18:14:20,053 INFO CSMF2.step_1_1_1.run :: epoch=9 step=400/429 train_nll=-2787.795
2026-05-16 18:14:24,391 INFO CSMF2.step_1_1_1.run :: epoch=9  train_nll=-2792.585  val_nll=-2814.267  t=32.1s
2026-05-16 18:14:24,391 INFO CSMF2.step_1_1_1.run :: [h_std] total=0.11116 batch=0.00003 (no penalty)
2026-05-16 18:14:24,391 INFO CSMF2.step_1_1_1.run :: [lat_epoch] mean_l2=0.21146 std_l2=0.76730 (no penalty)
2026-05-16 18:14:24,391 INFO CSMF2.step_1_1_1.run :: [grad] cond=14.4346 film_gain=0.0000
2026-05-16 18:14:31,597 INFO CSMF2.step_1_1_1.run :: [h] epoch=10 step=50 total=0.10470 batch=0.00003
2026-05-16 18:14:31,598 INFO CSMF2.step_1_1_1.run :: [lat] epoch=10 step=50 mean_l2=0.19672 std_l2=0.40603
2026-05-16 18:14:31,606 INFO CSMF2.step_1_1_1.run :: epoch=10 step=50/429 train_nll=-2774.326
2026-05-16 18:14:35,242 INFO CSMF2.step_1_1_1.run :: [h] epoch=10 step=100 total=0.10546 batch=0.00003
2026-05-16 18:14:35,242 INFO CSMF2.step_1_1_1.run :: [lat] epoch=10 step=100 mean_l2=0.11751 std_l2=0.58143
2026-05-16 18:14:35,251 INFO CSMF2.step_1_1_1.run :: epoch=10 step=100/429 train_nll=-2795.955
2026-05-16 18:14:38,765 INFO CSMF2.step_1_1_1.run :: [h] epoch=10 step=150 total=0.10816 batch=0.00003
2026-05-16 18:14:38,765 INFO CSMF2.step_1_1_1.run :: [lat] epoch=10 step=150 mean_l2=0.40666 std_l2=0.95942
2026-05-16 18:14:38,777 INFO CSMF2.step_1_1_1.run :: epoch=10 step=150/429 train_nll=-2787.118
2026-05-16 18:14:42,375 INFO CSMF2.step_1_1_1.run :: [h] epoch=10 step=200 total=0.10270 batch=0.00003
2026-05-16 18:14:42,376 INFO CSMF2.step_1_1_1.run :: [lat] epoch=10 step=200 mean_l2=0.17526 std_l2=0.29063
2026-05-16 18:14:42,389 INFO CSMF2.step_1_1_1.run :: epoch=10 step=200/429 train_nll=-2789.716
2026-05-16 18:14:46,168 INFO CSMF2.step_1_1_1.run :: [h] epoch=10 step=250 total=0.10313 batch=0.00003
2026-05-16 18:14:46,168 INFO CSMF2.step_1_1_1.run :: [lat] epoch=10 step=250 mean_l2=0.21236 std_l2=0.32366
2026-05-16 18:14:46,180 INFO CSMF2.step_1_1_1.run :: epoch=10 step=250/429 train_nll=-2798.360
2026-05-16 18:14:49,777 INFO CSMF2.step_1_1_1.run :: [h] epoch=10 step=300 total=0.10188 batch=0.00003
2026-05-16 18:14:49,777 INFO CSMF2.step_1_1_1.run :: [lat] epoch=10 step=300 mean_l2=0.29879 std_l2=2.92613
2026-05-16 18:14:49,785 INFO CSMF2.step_1_1_1.run :: epoch=10 step=300/429 train_nll=-2798.021
2026-05-16 18:14:53,099 INFO CSMF2.step_1_1_1.run :: [h] epoch=10 step=350 total=0.10124 batch=0.00003
2026-05-16 18:14:53,099 INFO CSMF2.step_1_1_1.run :: [lat] epoch=10 step=350 mean_l2=0.20884 std_l2=0.37078
2026-05-16 18:14:53,110 INFO CSMF2.step_1_1_1.run :: epoch=10 step=350/429 train_nll=-2797.185
2026-05-16 18:14:57,076 INFO CSMF2.step_1_1_1.run :: [h] epoch=10 step=400 total=0.10178 batch=0.00003
2026-05-16 18:14:57,077 INFO CSMF2.step_1_1_1.run :: [lat] epoch=10 step=400 mean_l2=0.18117 std_l2=0.54080
2026-05-16 18:14:57,086 INFO CSMF2.step_1_1_1.run :: epoch=10 step=400/429 train_nll=-2804.292
2026-05-16 18:15:01,970 INFO CSMF2.step_1_1_1.run :: epoch=10  train_nll=-2806.438  val_nll=-2775.601  t=34.3s
2026-05-16 18:15:01,970 INFO CSMF2.step_1_1_1.run :: [h_std] total=0.10447 batch=0.00003 (no penalty)
2026-05-16 18:15:01,970 INFO CSMF2.step_1_1_1.run :: [lat_epoch] mean_l2=0.21012 std_l2=0.87205 (no penalty)
2026-05-16 18:15:01,970 INFO CSMF2.step_1_1_1.run :: [grad] cond=14.1454 film_gain=0.0000
2026-05-16 18:15:09,050 INFO CSMF2.step_1_1_1.run :: [h] epoch=11 step=50 total=0.10124 batch=0.00003
2026-05-16 18:15:09,051 INFO CSMF2.step_1_1_1.run :: [lat] epoch=11 step=50 mean_l2=0.20904 std_l2=0.49629
2026-05-16 18:15:09,062 INFO CSMF2.step_1_1_1.run :: epoch=11 step=50/429 train_nll=-2843.976
2026-05-16 18:15:12,643 INFO CSMF2.step_1_1_1.run :: [h] epoch=11 step=100 total=0.09941 batch=0.00003
2026-05-16 18:15:12,644 INFO CSMF2.step_1_1_1.run :: [lat] epoch=11 step=100 mean_l2=0.16400 std_l2=0.25694
2026-05-16 18:15:12,652 INFO CSMF2.step_1_1_1.run :: epoch=11 step=100/429 train_nll=-2837.526
2026-05-16 18:15:16,232 INFO CSMF2.step_1_1_1.run :: [h] epoch=11 step=150 total=0.08997 batch=0.00001
2026-05-16 18:15:16,233 INFO CSMF2.step_1_1_1.run :: [lat] epoch=11 step=150 mean_l2=0.48783 std_l2=0.76301
2026-05-16 18:15:16,241 INFO CSMF2.step_1_1_1.run :: epoch=11 step=150/429 train_nll=-2801.821
2026-05-16 18:15:19,786 INFO CSMF2.step_1_1_1.run :: [h] epoch=11 step=200 total=0.09052 batch=0.00001
2026-05-16 18:15:19,786 INFO CSMF2.step_1_1_1.run :: [lat] epoch=11 step=200 mean_l2=0.22396 std_l2=0.20704
2026-05-16 18:15:19,798 INFO CSMF2.step_1_1_1.run :: epoch=11 step=200/429 train_nll=-2807.200
2026-05-16 18:15:23,258 INFO CSMF2.step_1_1_1.run :: [h] epoch=11 step=250 total=0.08928 batch=0.00001
2026-05-16 18:15:23,259 INFO CSMF2.step_1_1_1.run :: [lat] epoch=11 step=250 mean_l2=0.28749 std_l2=0.20503
2026-05-16 18:15:23,271 INFO CSMF2.step_1_1_1.run :: epoch=11 step=250/429 train_nll=-2820.874
2026-05-16 18:15:26,878 INFO CSMF2.step_1_1_1.run :: [h] epoch=11 step=300 total=0.08842 batch=0.00001
2026-05-16 18:15:26,879 INFO CSMF2.step_1_1_1.run :: [lat] epoch=11 step=300 mean_l2=0.17592 std_l2=0.80366
2026-05-16 18:15:26,891 INFO CSMF2.step_1_1_1.run :: epoch=11 step=300/429 train_nll=-2827.840
2026-05-16 18:15:30,335 INFO CSMF2.step_1_1_1.run :: [h] epoch=11 step=350 total=0.08877 batch=0.00001
2026-05-16 18:15:30,336 INFO CSMF2.step_1_1_1.run :: [lat] epoch=11 step=350 mean_l2=0.20499 std_l2=0.37219
2026-05-16 18:15:30,345 INFO CSMF2.step_1_1_1.run :: epoch=11 step=350/429 train_nll=-2832.279
2026-05-16 18:15:33,843 INFO CSMF2.step_1_1_1.run :: [h] epoch=11 step=400 total=0.08716 batch=0.00001
2026-05-16 18:15:33,844 INFO CSMF2.step_1_1_1.run :: [lat] epoch=11 step=400 mean_l2=0.19133 std_l2=0.39863
2026-05-16 18:15:33,852 INFO CSMF2.step_1_1_1.run :: epoch=11 step=400/429 train_nll=-2839.235
2026-05-16 18:15:38,150 INFO CSMF2.step_1_1_1.run :: epoch=11  train_nll=-2839.097  val_nll=-2719.722  t=32.9s
2026-05-16 18:15:38,150 INFO CSMF2.step_1_1_1.run :: [h_std] total=0.09251 batch=0.00001 (no penalty)
2026-05-16 18:15:38,150 INFO CSMF2.step_1_1_1.run :: [lat_epoch] mean_l2=0.20104 std_l2=0.87320 (no penalty)
2026-05-16 18:15:38,150 INFO CSMF2.step_1_1_1.run :: [grad] cond=17.8322 film_gain=0.0000
2026-05-16 18:15:44,912 INFO CSMF2.step_1_1_1.run :: [h] epoch=12 step=50 total=0.08764 batch=0.00001
2026-05-16 18:15:44,912 INFO CSMF2.step_1_1_1.run :: [lat] epoch=12 step=50 mean_l2=0.29477 std_l2=0.42781
2026-05-16 18:15:44,924 INFO CSMF2.step_1_1_1.run :: epoch=12 step=50/429 train_nll=-2846.975
2026-05-16 18:15:48,544 INFO CSMF2.step_1_1_1.run :: [h] epoch=12 step=100 total=0.08823 batch=0.00001
2026-05-16 18:15:48,545 INFO CSMF2.step_1_1_1.run :: [lat] epoch=12 step=100 mean_l2=0.13253 std_l2=0.42489
2026-05-16 18:15:48,553 INFO CSMF2.step_1_1_1.run :: epoch=12 step=100/429 train_nll=-2864.516
2026-05-16 18:15:52,063 INFO CSMF2.step_1_1_1.run :: [h] epoch=12 step=150 total=0.08809 batch=0.00001
2026-05-16 18:15:52,063 INFO CSMF2.step_1_1_1.run :: [lat] epoch=12 step=150 mean_l2=0.12557 std_l2=0.16193
2026-05-16 18:15:52,075 INFO CSMF2.step_1_1_1.run :: epoch=12 step=150/429 train_nll=-2871.500
2026-05-16 18:15:55,503 INFO CSMF2.step_1_1_1.run :: [h] epoch=12 step=200 total=0.08571 batch=0.00001
2026-05-16 18:15:55,503 INFO CSMF2.step_1_1_1.run :: [lat] epoch=12 step=200 mean_l2=0.26116 std_l2=0.42987
2026-05-16 18:15:55,511 INFO CSMF2.step_1_1_1.run :: epoch=12 step=200/429 train_nll=-2871.902
2026-05-16 18:15:59,034 INFO CSMF2.step_1_1_1.run :: [h] epoch=12 step=250 total=0.08605 batch=0.00001
2026-05-16 18:15:59,035 INFO CSMF2.step_1_1_1.run :: [lat] epoch=12 step=250 mean_l2=0.19498 std_l2=0.41748
2026-05-16 18:15:59,043 INFO CSMF2.step_1_1_1.run :: epoch=12 step=250/429 train_nll=-2873.059
2026-05-16 18:16:02,401 INFO CSMF2.step_1_1_1.run :: [h] epoch=12 step=300 total=0.08457 batch=0.00001
2026-05-16 18:16:02,401 INFO CSMF2.step_1_1_1.run :: [lat] epoch=12 step=300 mean_l2=0.12173 std_l2=0.98492
2026-05-16 18:16:02,413 INFO CSMF2.step_1_1_1.run :: epoch=12 step=300/429 train_nll=-2875.949
2026-05-16 18:16:05,849 INFO CSMF2.step_1_1_1.run :: [h] epoch=12 step=350 total=0.08350 batch=0.00001
2026-05-16 18:16:05,850 INFO CSMF2.step_1_1_1.run :: [lat] epoch=12 step=350 mean_l2=0.19112 std_l2=0.82804
2026-05-16 18:16:05,862 INFO CSMF2.step_1_1_1.run :: epoch=12 step=350/429 train_nll=-2877.898
2026-05-16 18:16:09,388 INFO CSMF2.step_1_1_1.run :: [h] epoch=12 step=400 total=0.08256 batch=0.00001
2026-05-16 18:16:09,388 INFO CSMF2.step_1_1_1.run :: [lat] epoch=12 step=400 mean_l2=0.21324 std_l2=0.28684
2026-05-16 18:16:09,400 INFO CSMF2.step_1_1_1.run :: epoch=12 step=400/429 train_nll=-2874.962
2026-05-16 18:16:13,582 INFO CSMF2.step_1_1_1.run :: epoch=12  train_nll=-2874.899  val_nll=-2817.968  t=32.2s
2026-05-16 18:16:13,582 INFO CSMF2.step_1_1_1.run :: [h_std] total=0.08616 batch=0.00001 (no penalty)
2026-05-16 18:16:13,582 INFO CSMF2.step_1_1_1.run :: [lat_epoch] mean_l2=0.18333 std_l2=0.60289 (no penalty)
2026-05-16 18:16:13,582 INFO CSMF2.step_1_1_1.run :: [grad] cond=25.7487 film_gain=0.0000
2026-05-16 18:16:20,572 INFO CSMF2.step_1_1_1.run :: [h] epoch=13 step=50 total=0.08117 batch=0.00001
2026-05-16 18:16:20,573 INFO CSMF2.step_1_1_1.run :: [lat] epoch=13 step=50 mean_l2=0.12663 std_l2=0.18423
2026-05-16 18:16:20,581 INFO CSMF2.step_1_1_1.run :: epoch=13 step=50/429 train_nll=-2895.618
2026-05-16 18:16:24,115 INFO CSMF2.step_1_1_1.run :: [h] epoch=13 step=100 total=0.08172 batch=0.00001
2026-05-16 18:16:24,116 INFO CSMF2.step_1_1_1.run :: [lat] epoch=13 step=100 mean_l2=0.13349 std_l2=0.38354
2026-05-16 18:16:24,126 INFO CSMF2.step_1_1_1.run :: epoch=13 step=100/429 train_nll=-2896.632
2026-05-16 18:16:27,637 INFO CSMF2.step_1_1_1.run :: [h] epoch=13 step=150 total=0.08092 batch=0.00001
2026-05-16 18:16:27,637 INFO CSMF2.step_1_1_1.run :: [lat] epoch=13 step=150 mean_l2=0.19465 std_l2=0.27299
2026-05-16 18:16:27,646 INFO CSMF2.step_1_1_1.run :: epoch=13 step=150/429 train_nll=-2891.102
2026-05-16 18:16:31,182 INFO CSMF2.step_1_1_1.run :: [h] epoch=13 step=200 total=0.08002 batch=0.00001
2026-05-16 18:16:31,182 INFO CSMF2.step_1_1_1.run :: [lat] epoch=13 step=200 mean_l2=0.26422 std_l2=0.25588
2026-05-16 18:16:31,191 INFO CSMF2.step_1_1_1.run :: epoch=13 step=200/429 train_nll=-2889.637
2026-05-16 18:16:34,652 INFO CSMF2.step_1_1_1.run :: [h] epoch=13 step=250 total=0.07817 batch=0.00000
2026-05-16 18:16:34,652 INFO CSMF2.step_1_1_1.run :: [lat] epoch=13 step=250 mean_l2=0.24672 std_l2=0.28710
2026-05-16 18:16:34,664 INFO CSMF2.step_1_1_1.run :: epoch=13 step=250/429 train_nll=-2894.024
2026-05-16 18:16:38,299 INFO CSMF2.step_1_1_1.run :: [h] epoch=13 step=300 total=0.07332 batch=0.00000
2026-05-16 18:16:38,300 INFO CSMF2.step_1_1_1.run :: [lat] epoch=13 step=300 mean_l2=0.11963 std_l2=0.93879
2026-05-16 18:16:38,309 INFO CSMF2.step_1_1_1.run :: epoch=13 step=300/429 train_nll=-2888.212
2026-05-16 18:16:41,836 INFO CSMF2.step_1_1_1.run :: [h] epoch=13 step=350 total=0.07664 batch=0.00000
2026-05-16 18:16:41,837 INFO CSMF2.step_1_1_1.run :: [lat] epoch=13 step=350 mean_l2=0.20206 std_l2=0.36347
2026-05-16 18:16:41,847 INFO CSMF2.step_1_1_1.run :: epoch=13 step=350/429 train_nll=-2889.523
2026-05-16 18:16:45,362 INFO CSMF2.step_1_1_1.run :: [h] epoch=13 step=400 total=0.07439 batch=0.00000
2026-05-16 18:16:45,362 INFO CSMF2.step_1_1_1.run :: [lat] epoch=13 step=400 mean_l2=0.22934 std_l2=0.73232
2026-05-16 18:16:45,370 INFO CSMF2.step_1_1_1.run :: epoch=13 step=400/429 train_nll=-2888.187
2026-05-16 18:16:49,895 INFO CSMF2.step_1_1_1.run :: epoch=13  train_nll=-2889.655  val_nll=-2883.080  t=33.0s
2026-05-16 18:16:49,895 INFO CSMF2.step_1_1_1.run :: [h_std] total=0.07881 batch=0.00000 (no penalty)
2026-05-16 18:16:49,895 INFO CSMF2.step_1_1_1.run :: [lat_epoch] mean_l2=0.17845 std_l2=0.60365 (no penalty)
2026-05-16 18:16:49,895 INFO CSMF2.step_1_1_1.run :: [grad] cond=2.8671 film_gain=0.0000
2026-05-16 18:16:56,686 INFO CSMF2.step_1_1_1.run :: [h] epoch=14 step=50 total=0.07356 batch=0.00000
2026-05-16 18:16:56,687 INFO CSMF2.step_1_1_1.run :: [lat] epoch=14 step=50 mean_l2=0.24589 std_l2=0.20660
2026-05-16 18:16:56,698 INFO CSMF2.step_1_1_1.run :: epoch=14 step=50/429 train_nll=-2935.198
2026-05-16 18:17:00,130 INFO CSMF2.step_1_1_1.run :: [h] epoch=14 step=100 total=0.07403 batch=0.00000
2026-05-16 18:17:00,130 INFO CSMF2.step_1_1_1.run :: [lat] epoch=14 step=100 mean_l2=0.15025 std_l2=0.14790
2026-05-16 18:17:00,142 INFO CSMF2.step_1_1_1.run :: epoch=14 step=100/429 train_nll=-2933.916
2026-05-16 18:17:03,452 INFO CSMF2.step_1_1_1.run :: [h] epoch=14 step=150 total=0.07330 batch=0.00000
2026-05-16 18:17:03,452 INFO CSMF2.step_1_1_1.run :: [lat] epoch=14 step=150 mean_l2=0.19371 std_l2=0.17743
2026-05-16 18:17:03,461 INFO CSMF2.step_1_1_1.run :: epoch=14 step=150/429 train_nll=-2927.024
2026-05-16 18:17:07,090 INFO CSMF2.step_1_1_1.run :: [h] epoch=14 step=200 total=0.07172 batch=0.00000
2026-05-16 18:17:07,091 INFO CSMF2.step_1_1_1.run :: [lat] epoch=14 step=200 mean_l2=0.14301 std_l2=0.22637
2026-05-16 18:17:07,103 INFO CSMF2.step_1_1_1.run :: epoch=14 step=200/429 train_nll=-2928.054
2026-05-16 18:17:10,809 INFO CSMF2.step_1_1_1.run :: [h] epoch=14 step=250 total=0.07135 batch=0.00000
2026-05-16 18:17:10,809 INFO CSMF2.step_1_1_1.run :: [lat] epoch=14 step=250 mean_l2=0.26906 std_l2=0.19997
2026-05-16 18:17:10,820 INFO CSMF2.step_1_1_1.run :: epoch=14 step=250/429 train_nll=-2930.511
2026-05-16 18:17:14,673 INFO CSMF2.step_1_1_1.run :: [h] epoch=14 step=300 total=0.07047 batch=0.00000
2026-05-16 18:17:14,673 INFO CSMF2.step_1_1_1.run :: [lat] epoch=14 step=300 mean_l2=0.22726 std_l2=0.74667
2026-05-16 18:17:14,683 INFO CSMF2.step_1_1_1.run :: epoch=14 step=300/429 train_nll=-2927.816
2026-05-16 18:17:18,391 INFO CSMF2.step_1_1_1.run :: [h] epoch=14 step=350 total=0.07026 batch=0.00000
2026-05-16 18:17:18,391 INFO CSMF2.step_1_1_1.run :: [lat] epoch=14 step=350 mean_l2=0.30109 std_l2=0.80895
2026-05-16 18:17:18,400 INFO CSMF2.step_1_1_1.run :: epoch=14 step=350/429 train_nll=-2926.068
2026-05-16 18:17:22,067 INFO CSMF2.step_1_1_1.run :: [h] epoch=14 step=400 total=0.06887 batch=0.00000
2026-05-16 18:17:22,068 INFO CSMF2.step_1_1_1.run :: [lat] epoch=14 step=400 mean_l2=0.12430 std_l2=0.38265
2026-05-16 18:17:22,077 INFO CSMF2.step_1_1_1.run :: epoch=14 step=400/429 train_nll=-2921.813
2026-05-16 18:17:26,581 INFO CSMF2.step_1_1_1.run :: epoch=14  train_nll=-2921.937  val_nll=-2856.596  t=33.5s
2026-05-16 18:17:26,581 INFO CSMF2.step_1_1_1.run :: [h_std] total=0.07183 batch=0.00000 (no penalty)
2026-05-16 18:17:26,581 INFO CSMF2.step_1_1_1.run :: [lat_epoch] mean_l2=0.16879 std_l2=0.58381 (no penalty)
2026-05-16 18:17:26,581 INFO CSMF2.step_1_1_1.run :: [grad] cond=10.3701 film_gain=0.0000
2026-05-16 18:17:33,282 INFO CSMF2.step_1_1_1.run :: [h] epoch=15 step=50 total=0.06880 batch=0.00000
2026-05-16 18:17:33,283 INFO CSMF2.step_1_1_1.run :: [lat] epoch=15 step=50 mean_l2=0.10682 std_l2=0.14927
2026-05-16 18:17:33,295 INFO CSMF2.step_1_1_1.run :: epoch=15 step=50/429 train_nll=-2910.727
2026-05-16 18:17:36,771 INFO CSMF2.step_1_1_1.run :: [h] epoch=15 step=100 total=0.06816 batch=0.00000
2026-05-16 18:17:36,772 INFO CSMF2.step_1_1_1.run :: [lat] epoch=15 step=100 mean_l2=0.17827 std_l2=0.29735
2026-05-16 18:17:36,780 INFO CSMF2.step_1_1_1.run :: epoch=15 step=100/429 train_nll=-2919.626
2026-05-16 18:17:40,408 INFO CSMF2.step_1_1_1.run :: [h] epoch=15 step=150 total=0.06673 batch=0.00000
2026-05-16 18:17:40,409 INFO CSMF2.step_1_1_1.run :: [lat] epoch=15 step=150 mean_l2=0.18615 std_l2=0.13476
2026-05-16 18:17:40,420 INFO CSMF2.step_1_1_1.run :: epoch=15 step=150/429 train_nll=-2923.381
2026-05-16 18:17:44,075 INFO CSMF2.step_1_1_1.run :: [h] epoch=15 step=200 total=0.06625 batch=0.00000
2026-05-16 18:17:44,076 INFO CSMF2.step_1_1_1.run :: [lat] epoch=15 step=200 mean_l2=0.17878 std_l2=0.31735
2026-05-16 18:17:44,084 INFO CSMF2.step_1_1_1.run :: epoch=15 step=200/429 train_nll=-2928.400
2026-05-16 18:17:47,611 INFO CSMF2.step_1_1_1.run :: [h] epoch=15 step=250 total=0.06630 batch=0.00000
2026-05-16 18:17:47,611 INFO CSMF2.step_1_1_1.run :: [lat] epoch=15 step=250 mean_l2=0.27545 std_l2=0.38684
2026-05-16 18:17:47,623 INFO CSMF2.step_1_1_1.run :: epoch=15 step=250/429 train_nll=-2928.440
2026-05-16 18:17:51,087 INFO CSMF2.step_1_1_1.run :: [h] epoch=15 step=300 total=0.06546 batch=0.00000
2026-05-16 18:17:51,087 INFO CSMF2.step_1_1_1.run :: [lat] epoch=15 step=300 mean_l2=0.20874 std_l2=0.68944
2026-05-16 18:17:51,096 INFO CSMF2.step_1_1_1.run :: epoch=15 step=300/429 train_nll=-2923.727
2026-05-16 18:17:54,527 INFO CSMF2.step_1_1_1.run :: [h] epoch=15 step=350 total=0.06454 batch=0.00000
2026-05-16 18:17:54,527 INFO CSMF2.step_1_1_1.run :: [lat] epoch=15 step=350 mean_l2=0.14868 std_l2=0.53304
2026-05-16 18:17:54,536 INFO CSMF2.step_1_1_1.run :: epoch=15 step=350/429 train_nll=-2921.488
2026-05-16 18:17:58,166 INFO CSMF2.step_1_1_1.run :: [h] epoch=15 step=400 total=0.06494 batch=0.00000
2026-05-16 18:17:58,166 INFO CSMF2.step_1_1_1.run :: [lat] epoch=15 step=400 mean_l2=0.13746 std_l2=0.97909
2026-05-16 18:17:58,175 INFO CSMF2.step_1_1_1.run :: epoch=15 step=400/429 train_nll=-2923.216
2026-05-16 18:18:02,729 INFO CSMF2.step_1_1_1.run :: epoch=15  train_nll=-2925.827  val_nll=-2860.874  t=32.9s
2026-05-16 18:18:02,729 INFO CSMF2.step_1_1_1.run :: [h_std] total=0.06647 batch=0.00000 (no penalty)
2026-05-16 18:18:02,729 INFO CSMF2.step_1_1_1.run :: [lat_epoch] mean_l2=0.16263 std_l2=0.59749 (no penalty)
2026-05-16 18:18:02,729 INFO CSMF2.step_1_1_1.run :: [grad] cond=5.7180 film_gain=0.0000
2026-05-16 18:18:09,331 INFO CSMF2.step_1_1_1.run :: [h] epoch=16 step=50 total=0.06386 batch=0.00000
2026-05-16 18:18:09,332 INFO CSMF2.step_1_1_1.run :: [lat] epoch=16 step=50 mean_l2=0.13964 std_l2=0.21891
2026-05-16 18:18:09,344 INFO CSMF2.step_1_1_1.run :: epoch=16 step=50/429 train_nll=-2931.948
2026-05-16 18:18:12,934 INFO CSMF2.step_1_1_1.run :: [h] epoch=16 step=100 total=0.06256 batch=0.00000
2026-05-16 18:18:12,934 INFO CSMF2.step_1_1_1.run :: [lat] epoch=16 step=100 mean_l2=0.15685 std_l2=0.24850
2026-05-16 18:18:12,946 INFO CSMF2.step_1_1_1.run :: epoch=16 step=100/429 train_nll=-2932.207
2026-05-16 18:18:16,955 INFO CSMF2.step_1_1_1.run :: [h] epoch=16 step=150 total=0.06223 batch=0.00000
2026-05-16 18:18:16,956 INFO CSMF2.step_1_1_1.run :: [lat] epoch=16 step=150 mean_l2=0.14470 std_l2=0.18701
2026-05-16 18:18:16,966 INFO CSMF2.step_1_1_1.run :: epoch=16 step=150/429 train_nll=-2938.582
2026-05-16 18:18:20,625 INFO CSMF2.step_1_1_1.run :: [h] epoch=16 step=200 total=0.06213 batch=0.00000
2026-05-16 18:18:20,626 INFO CSMF2.step_1_1_1.run :: [lat] epoch=16 step=200 mean_l2=0.13794 std_l2=0.28818
2026-05-16 18:18:20,635 INFO CSMF2.step_1_1_1.run :: epoch=16 step=200/429 train_nll=-2939.741
2026-05-16 18:18:24,163 INFO CSMF2.step_1_1_1.run :: [h] epoch=16 step=250 total=0.06182 batch=0.00000
2026-05-16 18:18:24,164 INFO CSMF2.step_1_1_1.run :: [lat] epoch=16 step=250 mean_l2=0.22809 std_l2=0.42770
2026-05-16 18:18:24,176 INFO CSMF2.step_1_1_1.run :: epoch=16 step=250/429 train_nll=-2931.699
2026-05-16 18:18:27,460 INFO CSMF2.step_1_1_1.run :: [h] epoch=16 step=300 total=0.05976 batch=0.00000
2026-05-16 18:18:27,460 INFO CSMF2.step_1_1_1.run :: [lat] epoch=16 step=300 mean_l2=0.16009 std_l2=0.77992
2026-05-16 18:18:27,468 INFO CSMF2.step_1_1_1.run :: epoch=16 step=300/429 train_nll=-2930.560
2026-05-16 18:18:30,905 INFO CSMF2.step_1_1_1.run :: [h] epoch=16 step=350 total=0.05987 batch=0.00000
2026-05-16 18:18:30,906 INFO CSMF2.step_1_1_1.run :: [lat] epoch=16 step=350 mean_l2=0.23132 std_l2=1.20590
2026-05-16 18:18:30,915 INFO CSMF2.step_1_1_1.run :: epoch=16 step=350/429 train_nll=-2930.793
2026-05-16 18:18:34,510 INFO CSMF2.step_1_1_1.run :: [h] epoch=16 step=400 total=0.05909 batch=0.00000
2026-05-16 18:18:34,510 INFO CSMF2.step_1_1_1.run :: [lat] epoch=16 step=400 mean_l2=0.19555 std_l2=0.34301
2026-05-16 18:18:34,521 INFO CSMF2.step_1_1_1.run :: epoch=16 step=400/429 train_nll=-2930.978
2026-05-16 18:18:39,062 INFO CSMF2.step_1_1_1.run :: epoch=16  train_nll=-2931.939  val_nll=-2893.910  t=33.1s
2026-05-16 18:18:39,062 INFO CSMF2.step_1_1_1.run :: [h_std] total=0.06145 batch=0.00000 (no penalty)
2026-05-16 18:18:39,062 INFO CSMF2.step_1_1_1.run :: [lat_epoch] mean_l2=0.16346 std_l2=0.72519 (no penalty)
2026-05-16 18:18:39,062 INFO CSMF2.step_1_1_1.run :: [grad] cond=2.5900 film_gain=0.0000
2026-05-16 18:18:45,780 INFO CSMF2.step_1_1_1.run :: [h] epoch=17 step=50 total=0.05841 batch=0.00000
2026-05-16 18:18:45,780 INFO CSMF2.step_1_1_1.run :: [lat] epoch=17 step=50 mean_l2=0.13393 std_l2=0.30342
2026-05-16 18:18:45,789 INFO CSMF2.step_1_1_1.run :: epoch=17 step=50/429 train_nll=-2958.824
2026-05-16 18:18:49,216 INFO CSMF2.step_1_1_1.run :: [h] epoch=17 step=100 total=0.05814 batch=0.00000
2026-05-16 18:18:49,216 INFO CSMF2.step_1_1_1.run :: [lat] epoch=17 step=100 mean_l2=0.12936 std_l2=0.18170
2026-05-16 18:18:49,228 INFO CSMF2.step_1_1_1.run :: epoch=17 step=100/429 train_nll=-2965.369
2026-05-16 18:18:52,768 INFO CSMF2.step_1_1_1.run :: [h] epoch=17 step=150 total=0.05697 batch=0.00000
2026-05-16 18:18:52,769 INFO CSMF2.step_1_1_1.run :: [lat] epoch=17 step=150 mean_l2=0.13071 std_l2=0.13126
2026-05-16 18:18:52,781 INFO CSMF2.step_1_1_1.run :: epoch=17 step=150/429 train_nll=-2963.607
2026-05-16 18:18:56,422 INFO CSMF2.step_1_1_1.run :: [h] epoch=17 step=200 total=0.05692 batch=0.00000
2026-05-16 18:18:56,423 INFO CSMF2.step_1_1_1.run :: [lat] epoch=17 step=200 mean_l2=0.20461 std_l2=0.21698
2026-05-16 18:18:56,432 INFO CSMF2.step_1_1_1.run :: epoch=17 step=200/429 train_nll=-2966.503
2026-05-16 18:19:00,112 INFO CSMF2.step_1_1_1.run :: [h] epoch=17 step=250 total=0.05508 batch=0.00000
2026-05-16 18:19:00,113 INFO CSMF2.step_1_1_1.run :: [lat] epoch=17 step=250 mean_l2=0.18208 std_l2=0.15802
2026-05-16 18:19:00,121 INFO CSMF2.step_1_1_1.run :: epoch=17 step=250/429 train_nll=-2960.868
2026-05-16 18:19:03,560 INFO CSMF2.step_1_1_1.run :: [h] epoch=17 step=300 total=0.05561 batch=0.00000
2026-05-16 18:19:03,560 INFO CSMF2.step_1_1_1.run :: [lat] epoch=17 step=300 mean_l2=0.12882 std_l2=0.27828
2026-05-16 18:19:03,572 INFO CSMF2.step_1_1_1.run :: epoch=17 step=300/429 train_nll=-2961.738
2026-05-16 18:19:07,103 INFO CSMF2.step_1_1_1.run :: [h] epoch=17 step=350 total=0.05522 batch=0.00000
2026-05-16 18:19:07,103 INFO CSMF2.step_1_1_1.run :: [lat] epoch=17 step=350 mean_l2=0.15662 std_l2=0.38444
2026-05-16 18:19:07,116 INFO CSMF2.step_1_1_1.run :: epoch=17 step=350/429 train_nll=-2961.234
2026-05-16 18:19:10,586 INFO CSMF2.step_1_1_1.run :: [h] epoch=17 step=400 total=0.05481 batch=0.00000
2026-05-16 18:19:10,587 INFO CSMF2.step_1_1_1.run :: [lat] epoch=17 step=400 mean_l2=0.11972 std_l2=0.28500
2026-05-16 18:19:10,595 INFO CSMF2.step_1_1_1.run :: epoch=17 step=400/429 train_nll=-2962.793
2026-05-16 18:19:14,991 INFO CSMF2.step_1_1_1.run :: epoch=17  train_nll=-2961.534  val_nll=-2867.022  t=32.7s
2026-05-16 18:19:14,991 INFO CSMF2.step_1_1_1.run :: [h_std] total=0.05651 batch=0.00000 (no penalty)
2026-05-16 18:19:14,991 INFO CSMF2.step_1_1_1.run :: [lat_epoch] mean_l2=0.15228 std_l2=0.52557 (no penalty)
2026-05-16 18:19:14,992 INFO CSMF2.step_1_1_1.run :: [grad] cond=7.2068 film_gain=0.0000
2026-05-16 18:19:21,859 INFO CSMF2.step_1_1_1.run :: [h] epoch=18 step=50 total=0.05377 batch=0.00000
2026-05-16 18:19:21,859 INFO CSMF2.step_1_1_1.run :: [lat] epoch=18 step=50 mean_l2=0.12327 std_l2=0.45151
2026-05-16 18:19:21,871 INFO CSMF2.step_1_1_1.run :: epoch=18 step=50/429 train_nll=-2945.731
2026-05-16 18:19:25,427 INFO CSMF2.step_1_1_1.run :: [h] epoch=18 step=100 total=0.05371 batch=0.00000
2026-05-16 18:19:25,428 INFO CSMF2.step_1_1_1.run :: [lat] epoch=18 step=100 mean_l2=0.18930 std_l2=0.12661
2026-05-16 18:19:25,437 INFO CSMF2.step_1_1_1.run :: epoch=18 step=100/429 train_nll=-2953.489
2026-05-16 18:19:29,015 INFO CSMF2.step_1_1_1.run :: [h] epoch=18 step=150 total=0.05289 batch=0.00000
2026-05-16 18:19:29,015 INFO CSMF2.step_1_1_1.run :: [lat] epoch=18 step=150 mean_l2=0.10061 std_l2=0.49957
2026-05-16 18:19:29,027 INFO CSMF2.step_1_1_1.run :: epoch=18 step=150/429 train_nll=-2950.712
2026-05-16 18:19:32,566 INFO CSMF2.step_1_1_1.run :: [h] epoch=18 step=200 total=0.05301 batch=0.00000
2026-05-16 18:19:32,566 INFO CSMF2.step_1_1_1.run :: [lat] epoch=18 step=200 mean_l2=0.10577 std_l2=0.14228
2026-05-16 18:19:32,574 INFO CSMF2.step_1_1_1.run :: epoch=18 step=200/429 train_nll=-2952.333
2026-05-16 18:19:35,988 INFO CSMF2.step_1_1_1.run :: [h] epoch=18 step=250 total=0.05243 batch=0.00000
2026-05-16 18:19:35,988 INFO CSMF2.step_1_1_1.run :: [lat] epoch=18 step=250 mean_l2=0.15437 std_l2=0.48637
2026-05-16 18:19:35,996 INFO CSMF2.step_1_1_1.run :: epoch=18 step=250/429 train_nll=-2958.250
2026-05-16 18:19:39,585 INFO CSMF2.step_1_1_1.run :: [h] epoch=18 step=300 total=0.05194 batch=0.00000
2026-05-16 18:19:39,585 INFO CSMF2.step_1_1_1.run :: [lat] epoch=18 step=300 mean_l2=0.14515 std_l2=0.40512
2026-05-16 18:19:39,593 INFO CSMF2.step_1_1_1.run :: epoch=18 step=300/429 train_nll=-2957.402
2026-05-16 18:19:43,117 INFO CSMF2.step_1_1_1.run :: [h] epoch=18 step=350 total=0.05197 batch=0.00000
2026-05-16 18:19:43,117 INFO CSMF2.step_1_1_1.run :: [lat] epoch=18 step=350 mean_l2=0.11665 std_l2=0.43807
2026-05-16 18:19:43,125 INFO CSMF2.step_1_1_1.run :: epoch=18 step=350/429 train_nll=-2958.392
2026-05-16 18:19:46,722 INFO CSMF2.step_1_1_1.run :: [h] epoch=18 step=400 total=0.05146 batch=0.00000
2026-05-16 18:19:46,723 INFO CSMF2.step_1_1_1.run :: [lat] epoch=18 step=400 mean_l2=0.10172 std_l2=0.54395
2026-05-16 18:19:46,735 INFO CSMF2.step_1_1_1.run :: epoch=18 step=400/429 train_nll=-2961.095
2026-05-16 18:19:51,002 INFO CSMF2.step_1_1_1.run :: epoch=18  train_nll=-2962.677  val_nll=-2848.646  t=32.7s
2026-05-16 18:19:51,002 INFO CSMF2.step_1_1_1.run :: [h_std] total=0.05272 batch=0.00000 (no penalty)
2026-05-16 18:19:51,002 INFO CSMF2.step_1_1_1.run :: [lat_epoch] mean_l2=0.15347 std_l2=0.56922 (no penalty)
2026-05-16 18:19:51,002 INFO CSMF2.step_1_1_1.run :: [grad] cond=9.5325 film_gain=0.0000
2026-05-16 18:19:57,804 INFO CSMF2.step_1_1_1.run :: [h] epoch=19 step=50 total=0.05107 batch=0.00000
2026-05-16 18:19:57,804 INFO CSMF2.step_1_1_1.run :: [lat] epoch=19 step=50 mean_l2=0.12143 std_l2=0.10383
2026-05-16 18:19:57,815 INFO CSMF2.step_1_1_1.run :: epoch=19 step=50/429 train_nll=-2955.747
2026-05-16 18:20:01,306 INFO CSMF2.step_1_1_1.run :: [h] epoch=19 step=100 total=0.05038 batch=0.00000
2026-05-16 18:20:01,306 INFO CSMF2.step_1_1_1.run :: [lat] epoch=19 step=100 mean_l2=0.16933 std_l2=0.59482
2026-05-16 18:20:01,315 INFO CSMF2.step_1_1_1.run :: epoch=19 step=100/429 train_nll=-2978.784
2026-05-16 18:20:04,881 INFO CSMF2.step_1_1_1.run :: [h] epoch=19 step=150 total=0.05011 batch=0.00000
2026-05-16 18:20:04,882 INFO CSMF2.step_1_1_1.run :: [lat] epoch=19 step=150 mean_l2=0.10085 std_l2=0.12961
2026-05-16 18:20:04,894 INFO CSMF2.step_1_1_1.run :: epoch=19 step=150/429 train_nll=-2969.758
2026-05-16 18:20:08,640 INFO CSMF2.step_1_1_1.run :: [h] epoch=19 step=200 total=0.04958 batch=0.00000
2026-05-16 18:20:08,641 INFO CSMF2.step_1_1_1.run :: [lat] epoch=19 step=200 mean_l2=0.14586 std_l2=0.16439
2026-05-16 18:20:08,653 INFO CSMF2.step_1_1_1.run :: epoch=19 step=200/429 train_nll=-2971.040
2026-05-16 18:20:12,127 INFO CSMF2.step_1_1_1.run :: [h] epoch=19 step=250 total=0.04964 batch=0.00000
2026-05-16 18:20:12,127 INFO CSMF2.step_1_1_1.run :: [lat] epoch=19 step=250 mean_l2=0.10897 std_l2=0.69212
2026-05-16 18:20:12,137 INFO CSMF2.step_1_1_1.run :: epoch=19 step=250/429 train_nll=-2977.119
2026-05-16 18:20:15,747 INFO CSMF2.step_1_1_1.run :: [h] epoch=19 step=300 total=0.04930 batch=0.00000
2026-05-16 18:20:15,747 INFO CSMF2.step_1_1_1.run :: [lat] epoch=19 step=300 mean_l2=0.14439 std_l2=0.46135
2026-05-16 18:20:15,757 INFO CSMF2.step_1_1_1.run :: epoch=19 step=300/429 train_nll=-2979.568
2026-05-16 18:20:19,492 INFO CSMF2.step_1_1_1.run :: [h] epoch=19 step=350 total=0.04905 batch=0.00000
2026-05-16 18:20:19,492 INFO CSMF2.step_1_1_1.run :: [lat] epoch=19 step=350 mean_l2=0.13115 std_l2=0.53703
2026-05-16 18:20:19,501 INFO CSMF2.step_1_1_1.run :: epoch=19 step=350/429 train_nll=-2982.596
2026-05-16 18:20:23,114 INFO CSMF2.step_1_1_1.run :: [h] epoch=19 step=400 total=0.04828 batch=0.00000
2026-05-16 18:20:23,114 INFO CSMF2.step_1_1_1.run :: [lat] epoch=19 step=400 mean_l2=0.09118 std_l2=0.30811
2026-05-16 18:20:23,126 INFO CSMF2.step_1_1_1.run :: epoch=19 step=400/429 train_nll=-2984.133
2026-05-16 18:20:27,426 INFO CSMF2.step_1_1_1.run :: epoch=19  train_nll=-2984.048  val_nll=-2907.566  t=33.2s
2026-05-16 18:20:27,426 INFO CSMF2.step_1_1_1.run :: [h_std] total=0.04987 batch=0.00000 (no penalty)
2026-05-16 18:20:27,426 INFO CSMF2.step_1_1_1.run :: [lat_epoch] mean_l2=0.14221 std_l2=0.71019 (no penalty)
2026-05-16 18:20:27,427 INFO CSMF2.step_1_1_1.run :: [grad] cond=5.3327 film_gain=0.0000
2026-05-16 18:20:34,230 INFO CSMF2.step_1_1_1.run :: [h] epoch=20 step=50 total=0.04831 batch=0.00000
2026-05-16 18:20:34,230 INFO CSMF2.step_1_1_1.run :: [lat] epoch=20 step=50 mean_l2=0.16178 std_l2=0.13597
2026-05-16 18:20:34,238 INFO CSMF2.step_1_1_1.run :: epoch=20 step=50/429 train_nll=-2954.233
2026-05-16 18:20:37,692 INFO CSMF2.step_1_1_1.run :: [h] epoch=20 step=100 total=0.04807 batch=0.00000
2026-05-16 18:20:37,693 INFO CSMF2.step_1_1_1.run :: [lat] epoch=20 step=100 mean_l2=0.15004 std_l2=1.42706
2026-05-16 18:20:37,701 INFO CSMF2.step_1_1_1.run :: epoch=20 step=100/429 train_nll=-2975.888
2026-05-16 18:20:41,012 INFO CSMF2.step_1_1_1.run :: [h] epoch=20 step=150 total=0.04761 batch=0.00000
2026-05-16 18:20:41,013 INFO CSMF2.step_1_1_1.run :: [lat] epoch=20 step=150 mean_l2=0.10209 std_l2=0.39307
2026-05-16 18:20:41,024 INFO CSMF2.step_1_1_1.run :: epoch=20 step=150/429 train_nll=-2972.137
2026-05-16 18:20:44,492 INFO CSMF2.step_1_1_1.run :: [h] epoch=20 step=200 total=0.04741 batch=0.00000
2026-05-16 18:20:44,493 INFO CSMF2.step_1_1_1.run :: [lat] epoch=20 step=200 mean_l2=0.16094 std_l2=0.36567
2026-05-16 18:20:44,502 INFO CSMF2.step_1_1_1.run :: epoch=20 step=200/429 train_nll=-2979.877
2026-05-16 18:20:48,106 INFO CSMF2.step_1_1_1.run :: [h] epoch=20 step=250 total=0.04755 batch=0.00000
2026-05-16 18:20:48,106 INFO CSMF2.step_1_1_1.run :: [lat] epoch=20 step=250 mean_l2=0.26456 std_l2=0.13172
2026-05-16 18:20:48,119 INFO CSMF2.step_1_1_1.run :: epoch=20 step=250/429 train_nll=-2985.252
2026-05-16 18:20:51,633 INFO CSMF2.step_1_1_1.run :: [h] epoch=20 step=300 total=0.04713 batch=0.00000
2026-05-16 18:20:51,634 INFO CSMF2.step_1_1_1.run :: [lat] epoch=20 step=300 mean_l2=0.16309 std_l2=0.12122
2026-05-16 18:20:51,642 INFO CSMF2.step_1_1_1.run :: epoch=20 step=300/429 train_nll=-2987.062
2026-05-16 18:20:54,934 INFO CSMF2.step_1_1_1.run :: [h] epoch=20 step=350 total=0.04691 batch=0.00000
2026-05-16 18:20:54,935 INFO CSMF2.step_1_1_1.run :: [lat] epoch=20 step=350 mean_l2=0.15564 std_l2=0.20285
2026-05-16 18:20:54,943 INFO CSMF2.step_1_1_1.run :: epoch=20 step=350/429 train_nll=-2989.535
2026-05-16 18:20:58,516 INFO CSMF2.step_1_1_1.run :: [h] epoch=20 step=400 total=0.04646 batch=0.00000
2026-05-16 18:20:58,516 INFO CSMF2.step_1_1_1.run :: [lat] epoch=20 step=400 mean_l2=0.17330 std_l2=0.26751
2026-05-16 18:20:58,524 INFO CSMF2.step_1_1_1.run :: epoch=20 step=400/429 train_nll=-2990.446
2026-05-16 18:21:02,498 INFO CSMF2.step_1_1_1.run :: epoch=20  train_nll=-2993.052  val_nll=-2942.689  t=31.9s
2026-05-16 18:21:02,498 INFO CSMF2.step_1_1_1.run :: [h_std] total=0.04747 batch=0.00000 (no penalty)
2026-05-16 18:21:02,498 INFO CSMF2.step_1_1_1.run :: [lat_epoch] mean_l2=0.14480 std_l2=0.60910 (no penalty)
2026-05-16 18:21:02,498 INFO CSMF2.step_1_1_1.run :: [grad] cond=7.0251 film_gain=0.0000
2026-05-16 18:21:09,485 INFO CSMF2.step_1_1_1.run :: [h] epoch=21 step=50 total=0.04611 batch=0.00000
2026-05-16 18:21:09,485 INFO CSMF2.step_1_1_1.run :: [lat] epoch=21 step=50 mean_l2=0.14750 std_l2=0.19712
2026-05-16 18:21:09,494 INFO CSMF2.step_1_1_1.run :: epoch=21 step=50/429 train_nll=-2958.991
2026-05-16 18:21:13,309 INFO CSMF2.step_1_1_1.run :: [h] epoch=21 step=100 total=0.04522 batch=0.00000
2026-05-16 18:21:13,310 INFO CSMF2.step_1_1_1.run :: [lat] epoch=21 step=100 mean_l2=0.15421 std_l2=0.33616
2026-05-16 18:21:13,320 INFO CSMF2.step_1_1_1.run :: epoch=21 step=100/429 train_nll=-2978.389
2026-05-16 18:21:17,035 INFO CSMF2.step_1_1_1.run :: [h] epoch=21 step=150 total=0.04521 batch=0.00000
2026-05-16 18:21:17,035 INFO CSMF2.step_1_1_1.run :: [lat] epoch=21 step=150 mean_l2=0.18401 std_l2=0.11416
2026-05-16 18:21:17,047 INFO CSMF2.step_1_1_1.run :: epoch=21 step=150/429 train_nll=-2966.884
2026-05-16 18:21:20,587 INFO CSMF2.step_1_1_1.run :: [h] epoch=21 step=200 total=0.04494 batch=0.00000
2026-05-16 18:21:20,587 INFO CSMF2.step_1_1_1.run :: [lat] epoch=21 step=200 mean_l2=0.18227 std_l2=0.51859
2026-05-16 18:21:20,596 INFO CSMF2.step_1_1_1.run :: epoch=21 step=200/429 train_nll=-2972.256
2026-05-16 18:21:24,235 INFO CSMF2.step_1_1_1.run :: [h] epoch=21 step=250 total=0.04383 batch=0.00000
2026-05-16 18:21:24,236 INFO CSMF2.step_1_1_1.run :: [lat] epoch=21 step=250 mean_l2=0.21921 std_l2=0.26223
2026-05-16 18:21:24,248 INFO CSMF2.step_1_1_1.run :: epoch=21 step=250/429 train_nll=-2978.143
2026-05-16 18:21:27,895 INFO CSMF2.step_1_1_1.run :: [h] epoch=21 step=300 total=0.04330 batch=0.00000
2026-05-16 18:21:27,895 INFO CSMF2.step_1_1_1.run :: [lat] epoch=21 step=300 mean_l2=0.10675 std_l2=1.03773
2026-05-16 18:21:27,907 INFO CSMF2.step_1_1_1.run :: epoch=21 step=300/429 train_nll=-2977.151
2026-05-16 18:21:31,602 INFO CSMF2.step_1_1_1.run :: [h] epoch=21 step=350 total=0.04350 batch=0.00000
2026-05-16 18:21:31,602 INFO CSMF2.step_1_1_1.run :: [lat] epoch=21 step=350 mean_l2=0.13241 std_l2=1.10322
2026-05-16 18:21:31,610 INFO CSMF2.step_1_1_1.run :: epoch=21 step=350/429 train_nll=-2982.409
2026-05-16 18:21:35,129 INFO CSMF2.step_1_1_1.run :: [h] epoch=21 step=400 total=0.04326 batch=0.00000
2026-05-16 18:21:35,130 INFO CSMF2.step_1_1_1.run :: [lat] epoch=21 step=400 mean_l2=0.13020 std_l2=0.27948
2026-05-16 18:21:35,138 INFO CSMF2.step_1_1_1.run :: epoch=21 step=400/429 train_nll=-2983.963
2026-05-16 18:21:39,487 INFO CSMF2.step_1_1_1.run :: epoch=21  train_nll=-2984.935  val_nll=-2924.939  t=33.7s
2026-05-16 18:21:39,488 INFO CSMF2.step_1_1_1.run :: [h_std] total=0.04440 batch=0.00000 (no penalty)
2026-05-16 18:21:39,488 INFO CSMF2.step_1_1_1.run :: [lat_epoch] mean_l2=0.14810 std_l2=0.95326 (no penalty)
2026-05-16 18:21:39,488 INFO CSMF2.step_1_1_1.run :: [grad] cond=6.9916 film_gain=0.0000
2026-05-16 18:21:46,265 INFO CSMF2.step_1_1_1.run :: [h] epoch=22 step=50 total=0.04311 batch=0.00000
2026-05-16 18:21:46,266 INFO CSMF2.step_1_1_1.run :: [lat] epoch=22 step=50 mean_l2=0.19475 std_l2=0.32915
2026-05-16 18:21:46,275 INFO CSMF2.step_1_1_1.run :: epoch=22 step=50/429 train_nll=-3006.967
2026-05-16 18:21:49,544 INFO CSMF2.step_1_1_1.run :: [h] epoch=22 step=100 total=0.04278 batch=0.00000
2026-05-16 18:21:49,544 INFO CSMF2.step_1_1_1.run :: [lat] epoch=22 step=100 mean_l2=0.16822 std_l2=0.14237
2026-05-16 18:21:49,552 INFO CSMF2.step_1_1_1.run :: epoch=22 step=100/429 train_nll=-3002.834
2026-05-16 18:21:53,007 INFO CSMF2.step_1_1_1.run :: [h] epoch=22 step=150 total=0.04308 batch=0.00000
2026-05-16 18:21:53,007 INFO CSMF2.step_1_1_1.run :: [lat] epoch=22 step=150 mean_l2=0.12367 std_l2=0.07213
2026-05-16 18:21:53,015 INFO CSMF2.step_1_1_1.run :: epoch=22 step=150/429 train_nll=-3006.153
2026-05-16 18:21:56,609 INFO CSMF2.step_1_1_1.run :: [h] epoch=22 step=200 total=0.04221 batch=0.00000
2026-05-16 18:21:56,609 INFO CSMF2.step_1_1_1.run :: [lat] epoch=22 step=200 mean_l2=0.08754 std_l2=0.21024
2026-05-16 18:21:56,617 INFO CSMF2.step_1_1_1.run :: epoch=22 step=200/429 train_nll=-3011.115
2026-05-16 18:22:00,211 INFO CSMF2.step_1_1_1.run :: [h] epoch=22 step=250 total=0.04352 batch=0.00000
2026-05-16 18:22:00,212 INFO CSMF2.step_1_1_1.run :: [lat] epoch=22 step=250 mean_l2=0.33389 std_l2=2.76540
2026-05-16 18:22:00,224 INFO CSMF2.step_1_1_1.run :: epoch=22 step=250/429 train_nll=-3001.358
2026-05-16 18:22:03,664 INFO CSMF2.step_1_1_1.run :: [h] epoch=22 step=300 total=0.04234 batch=0.00000
2026-05-16 18:22:03,664 INFO CSMF2.step_1_1_1.run :: [lat] epoch=22 step=300 mean_l2=0.15567 std_l2=0.42512
2026-05-16 18:22:03,676 INFO CSMF2.step_1_1_1.run :: epoch=22 step=300/429 train_nll=-2997.346
2026-05-16 18:22:07,264 INFO CSMF2.step_1_1_1.run :: [h] epoch=22 step=350 total=0.04253 batch=0.00000
2026-05-16 18:22:07,264 INFO CSMF2.step_1_1_1.run :: [lat] epoch=22 step=350 mean_l2=0.11980 std_l2=0.86571
2026-05-16 18:22:07,273 INFO CSMF2.step_1_1_1.run :: epoch=22 step=350/429 train_nll=-2999.877
2026-05-16 18:22:10,848 INFO CSMF2.step_1_1_1.run :: [h] epoch=22 step=400 total=0.04138 batch=0.00000
2026-05-16 18:22:10,848 INFO CSMF2.step_1_1_1.run :: [lat] epoch=22 step=400 mean_l2=0.10129 std_l2=1.33626
2026-05-16 18:22:10,860 INFO CSMF2.step_1_1_1.run :: epoch=22 step=400/429 train_nll=-3001.495
2026-05-16 18:22:15,565 INFO CSMF2.step_1_1_1.run :: epoch=22  train_nll=-3003.368  val_nll=-2956.200  t=32.9s
2026-05-16 18:22:15,565 INFO CSMF2.step_1_1_1.run :: [h_std] total=0.04246 batch=0.00000 (no penalty)
2026-05-16 18:22:15,565 INFO CSMF2.step_1_1_1.run :: [lat_epoch] mean_l2=0.13533 std_l2=0.58501 (no penalty)
2026-05-16 18:22:15,566 INFO CSMF2.step_1_1_1.run :: [grad] cond=5.5197 film_gain=0.0000
2026-05-16 18:22:22,399 INFO CSMF2.step_1_1_1.run :: [h] epoch=23 step=50 total=0.04128 batch=0.00000
2026-05-16 18:22:22,399 INFO CSMF2.step_1_1_1.run :: [lat] epoch=23 step=50 mean_l2=0.12278 std_l2=0.10896
2026-05-16 18:22:22,411 INFO CSMF2.step_1_1_1.run :: epoch=23 step=50/429 train_nll=-3023.417
2026-05-16 18:22:26,176 INFO CSMF2.step_1_1_1.run :: [h] epoch=23 step=100 total=0.04120 batch=0.00000
2026-05-16 18:22:26,176 INFO CSMF2.step_1_1_1.run :: [lat] epoch=23 step=100 mean_l2=0.07700 std_l2=0.11986
2026-05-16 18:22:26,188 INFO CSMF2.step_1_1_1.run :: epoch=23 step=100/429 train_nll=-3030.875
2026-05-16 18:22:29,667 INFO CSMF2.step_1_1_1.run :: [h] epoch=23 step=150 total=0.04144 batch=0.00000
2026-05-16 18:22:29,667 INFO CSMF2.step_1_1_1.run :: [lat] epoch=23 step=150 mean_l2=0.11646 std_l2=0.12398
2026-05-16 18:22:29,676 INFO CSMF2.step_1_1_1.run :: epoch=23 step=150/429 train_nll=-3028.168
2026-05-16 18:22:33,258 INFO CSMF2.step_1_1_1.run :: [h] epoch=23 step=200 total=0.04146 batch=0.00000
2026-05-16 18:22:33,258 INFO CSMF2.step_1_1_1.run :: [lat] epoch=23 step=200 mean_l2=0.12860 std_l2=0.15550
2026-05-16 18:22:33,268 INFO CSMF2.step_1_1_1.run :: epoch=23 step=200/429 train_nll=-3027.859
2026-05-16 18:22:36,684 INFO CSMF2.step_1_1_1.run :: [h] epoch=23 step=250 total=0.04137 batch=0.00000
2026-05-16 18:22:36,685 INFO CSMF2.step_1_1_1.run :: [lat] epoch=23 step=250 mean_l2=0.14233 std_l2=0.11708
2026-05-16 18:22:36,693 INFO CSMF2.step_1_1_1.run :: epoch=23 step=250/429 train_nll=-3027.612
2026-05-16 18:22:40,387 INFO CSMF2.step_1_1_1.run :: [h] epoch=23 step=300 total=0.04103 batch=0.00000
2026-05-16 18:22:40,387 INFO CSMF2.step_1_1_1.run :: [lat] epoch=23 step=300 mean_l2=0.07844 std_l2=0.28579
2026-05-16 18:22:40,399 INFO CSMF2.step_1_1_1.run :: epoch=23 step=300/429 train_nll=-3027.210
2026-05-16 18:22:43,852 INFO CSMF2.step_1_1_1.run :: [h] epoch=23 step=350 total=0.04103 batch=0.00000
2026-05-16 18:22:43,852 INFO CSMF2.step_1_1_1.run :: [lat] epoch=23 step=350 mean_l2=0.11706 std_l2=0.81339
2026-05-16 18:22:43,864 INFO CSMF2.step_1_1_1.run :: epoch=23 step=350/429 train_nll=-3023.126
2026-05-16 18:22:47,509 INFO CSMF2.step_1_1_1.run :: [h] epoch=23 step=400 total=0.04111 batch=0.00000
2026-05-16 18:22:47,509 INFO CSMF2.step_1_1_1.run :: [lat] epoch=23 step=400 mean_l2=0.10870 std_l2=0.73884
2026-05-16 18:22:47,520 INFO CSMF2.step_1_1_1.run :: epoch=23 step=400/429 train_nll=-3023.032
2026-05-16 18:22:51,895 INFO CSMF2.step_1_1_1.run :: epoch=23  train_nll=-3024.105  val_nll=-2964.324  t=33.1s
2026-05-16 18:22:51,895 INFO CSMF2.step_1_1_1.run :: [h_std] total=0.04112 batch=0.00000 (no penalty)
2026-05-16 18:22:51,895 INFO CSMF2.step_1_1_1.run :: [lat_epoch] mean_l2=0.12359 std_l2=0.96167 (no penalty)
2026-05-16 18:22:51,895 INFO CSMF2.step_1_1_1.run :: [grad] cond=5.6646 film_gain=0.0000
2026-05-16 18:22:58,829 INFO CSMF2.step_1_1_1.run :: [h] epoch=24 step=50 total=0.04046 batch=0.00000
2026-05-16 18:22:58,830 INFO CSMF2.step_1_1_1.run :: [lat] epoch=24 step=50 mean_l2=0.13160 std_l2=0.32923
2026-05-16 18:22:58,841 INFO CSMF2.step_1_1_1.run :: epoch=24 step=50/429 train_nll=-3026.686
2026-05-16 18:23:02,391 INFO CSMF2.step_1_1_1.run :: [h] epoch=24 step=100 total=0.04059 batch=0.00000
2026-05-16 18:23:02,391 INFO CSMF2.step_1_1_1.run :: [lat] epoch=24 step=100 mean_l2=0.16013 std_l2=0.09517
2026-05-16 18:23:02,403 INFO CSMF2.step_1_1_1.run :: epoch=24 step=100/429 train_nll=-3021.557
2026-05-16 18:23:05,969 INFO CSMF2.step_1_1_1.run :: [h] epoch=24 step=150 total=0.04020 batch=0.00000
2026-05-16 18:23:05,969 INFO CSMF2.step_1_1_1.run :: [lat] epoch=24 step=150 mean_l2=0.16994 std_l2=0.22700
2026-05-16 18:23:05,981 INFO CSMF2.step_1_1_1.run :: epoch=24 step=150/429 train_nll=-3022.685
2026-05-16 18:23:09,572 INFO CSMF2.step_1_1_1.run :: [h] epoch=24 step=200 total=0.04040 batch=0.00000
2026-05-16 18:23:09,572 INFO CSMF2.step_1_1_1.run :: [lat] epoch=24 step=200 mean_l2=0.12999 std_l2=0.18459
2026-05-16 18:23:09,584 INFO CSMF2.step_1_1_1.run :: epoch=24 step=200/429 train_nll=-3026.004
2026-05-16 18:23:13,050 INFO CSMF2.step_1_1_1.run :: [h] epoch=24 step=250 total=0.04063 batch=0.00000
2026-05-16 18:23:13,050 INFO CSMF2.step_1_1_1.run :: [lat] epoch=24 step=250 mean_l2=0.09814 std_l2=0.23906
2026-05-16 18:23:13,057 INFO CSMF2.step_1_1_1.run :: epoch=24 step=250/429 train_nll=-3032.115
2026-05-16 18:23:16,472 INFO CSMF2.step_1_1_1.run :: [h] epoch=24 step=300 total=0.04008 batch=0.00000
2026-05-16 18:23:16,472 INFO CSMF2.step_1_1_1.run :: [lat] epoch=24 step=300 mean_l2=0.14091 std_l2=0.70696
2026-05-16 18:23:16,484 INFO CSMF2.step_1_1_1.run :: epoch=24 step=300/429 train_nll=-3033.305
2026-05-16 18:23:20,072 INFO CSMF2.step_1_1_1.run :: [h] epoch=24 step=350 total=0.04001 batch=0.00000
2026-05-16 18:23:20,072 INFO CSMF2.step_1_1_1.run :: [lat] epoch=24 step=350 mean_l2=0.09525 std_l2=0.22066
2026-05-16 18:23:20,082 INFO CSMF2.step_1_1_1.run :: epoch=24 step=350/429 train_nll=-3032.418
2026-05-16 18:23:23,557 INFO CSMF2.step_1_1_1.run :: [h] epoch=24 step=400 total=0.03997 batch=0.00000
2026-05-16 18:23:23,558 INFO CSMF2.step_1_1_1.run :: [lat] epoch=24 step=400 mean_l2=0.12345 std_l2=0.54516
2026-05-16 18:23:23,568 INFO CSMF2.step_1_1_1.run :: epoch=24 step=400/429 train_nll=-3032.817
2026-05-16 18:23:28,061 INFO CSMF2.step_1_1_1.run :: epoch=24  train_nll=-3033.576  val_nll=-2946.638  t=32.8s
2026-05-16 18:23:28,061 INFO CSMF2.step_1_1_1.run :: [h_std] total=0.04036 batch=0.00000 (no penalty)
2026-05-16 18:23:28,061 INFO CSMF2.step_1_1_1.run :: [lat_epoch] mean_l2=0.12104 std_l2=0.46848 (no penalty)
2026-05-16 18:23:28,061 INFO CSMF2.step_1_1_1.run :: [grad] cond=1.5460 film_gain=0.0000
2026-05-16 18:23:34,685 INFO CSMF2.step_1_1_1.run :: [h] epoch=25 step=50 total=0.03999 batch=0.00000
2026-05-16 18:23:34,685 INFO CSMF2.step_1_1_1.run :: [lat] epoch=25 step=50 mean_l2=0.11443 std_l2=0.06727
2026-05-16 18:23:34,693 INFO CSMF2.step_1_1_1.run :: epoch=25 step=50/429 train_nll=-3054.150
2026-05-16 18:23:38,390 INFO CSMF2.step_1_1_1.run :: [h] epoch=25 step=100 total=0.03987 batch=0.00000
2026-05-16 18:23:38,390 INFO CSMF2.step_1_1_1.run :: [lat] epoch=25 step=100 mean_l2=0.09967 std_l2=0.19930
2026-05-16 18:23:38,398 INFO CSMF2.step_1_1_1.run :: epoch=25 step=100/429 train_nll=-3054.113
2026-05-16 18:23:41,854 INFO CSMF2.step_1_1_1.run :: [h] epoch=25 step=150 total=0.03980 batch=0.00000
2026-05-16 18:23:41,854 INFO CSMF2.step_1_1_1.run :: [lat] epoch=25 step=150 mean_l2=0.11998 std_l2=0.09140
2026-05-16 18:23:41,866 INFO CSMF2.step_1_1_1.run :: epoch=25 step=150/429 train_nll=-3048.773
2026-05-16 18:23:45,475 INFO CSMF2.step_1_1_1.run :: [h] epoch=25 step=200 total=0.03971 batch=0.00000
2026-05-16 18:23:45,475 INFO CSMF2.step_1_1_1.run :: [lat] epoch=25 step=200 mean_l2=0.14864 std_l2=0.38831
2026-05-16 18:23:45,487 INFO CSMF2.step_1_1_1.run :: epoch=25 step=200/429 train_nll=-3051.549
2026-05-16 18:23:49,096 INFO CSMF2.step_1_1_1.run :: [h] epoch=25 step=250 total=0.03976 batch=0.00000
2026-05-16 18:23:49,096 INFO CSMF2.step_1_1_1.run :: [lat] epoch=25 step=250 mean_l2=0.10995 std_l2=0.11512
2026-05-16 18:23:49,106 INFO CSMF2.step_1_1_1.run :: epoch=25 step=250/429 train_nll=-3050.532
2026-05-16 18:23:52,568 INFO CSMF2.step_1_1_1.run :: [h] epoch=25 step=300 total=0.04000 batch=0.00000
2026-05-16 18:23:52,568 INFO CSMF2.step_1_1_1.run :: [lat] epoch=25 step=300 mean_l2=0.09841 std_l2=0.12359
2026-05-16 18:23:52,580 INFO CSMF2.step_1_1_1.run :: epoch=25 step=300/429 train_nll=-3049.459
2026-05-16 18:23:56,108 INFO CSMF2.step_1_1_1.run :: [h] epoch=25 step=350 total=0.03923 batch=0.00000
2026-05-16 18:23:56,109 INFO CSMF2.step_1_1_1.run :: [lat] epoch=25 step=350 mean_l2=0.10231 std_l2=0.25751
2026-05-16 18:23:56,120 INFO CSMF2.step_1_1_1.run :: epoch=25 step=350/429 train_nll=-3048.204
2026-05-16 18:23:59,971 INFO CSMF2.step_1_1_1.run :: [h] epoch=25 step=400 total=0.04041 batch=0.00000
2026-05-16 18:23:59,971 INFO CSMF2.step_1_1_1.run :: [lat] epoch=25 step=400 mean_l2=0.11870 std_l2=0.23494
2026-05-16 18:23:59,980 INFO CSMF2.step_1_1_1.run :: epoch=25 step=400/429 train_nll=-3048.420
2026-05-16 18:24:04,146 INFO CSMF2.step_1_1_1.run :: epoch=25  train_nll=-3048.508  val_nll=-2907.556  t=32.9s
2026-05-16 18:24:04,146 INFO CSMF2.step_1_1_1.run :: [h_std] total=0.03993 batch=0.00000 (no penalty)
2026-05-16 18:24:04,146 INFO CSMF2.step_1_1_1.run :: [lat_epoch] mean_l2=0.11229 std_l2=0.43664 (no penalty)
2026-05-16 18:24:04,146 INFO CSMF2.step_1_1_1.run :: [grad] cond=1.8093 film_gain=0.0000
2026-05-16 18:24:10,782 INFO CSMF2.step_1_1_1.run :: [h] epoch=26 step=50 total=0.03958 batch=0.00000
2026-05-16 18:24:10,782 INFO CSMF2.step_1_1_1.run :: [lat] epoch=26 step=50 mean_l2=0.12306 std_l2=0.95584
2026-05-16 18:24:10,794 INFO CSMF2.step_1_1_1.run :: epoch=26 step=50/429 train_nll=-3043.105
2026-05-16 18:24:14,354 INFO CSMF2.step_1_1_1.run :: [h] epoch=26 step=100 total=0.04019 batch=0.00000
2026-05-16 18:24:14,354 INFO CSMF2.step_1_1_1.run :: [lat] epoch=26 step=100 mean_l2=0.11538 std_l2=1.23272
2026-05-16 18:24:14,364 INFO CSMF2.step_1_1_1.run :: epoch=26 step=100/429 train_nll=-3041.117
2026-05-16 18:24:18,133 INFO CSMF2.step_1_1_1.run :: [h] epoch=26 step=150 total=0.03974 batch=0.00000
2026-05-16 18:24:18,133 INFO CSMF2.step_1_1_1.run :: [lat] epoch=26 step=150 mean_l2=0.08939 std_l2=0.07854
2026-05-16 18:24:18,143 INFO CSMF2.step_1_1_1.run :: epoch=26 step=150/429 train_nll=-3015.152
2026-05-16 18:24:22,179 INFO CSMF2.step_1_1_1.run :: [h] epoch=26 step=200 total=0.03809 batch=0.00000
2026-05-16 18:24:22,179 INFO CSMF2.step_1_1_1.run :: [lat] epoch=26 step=200 mean_l2=0.25954 std_l2=0.29146
2026-05-16 18:24:22,191 INFO CSMF2.step_1_1_1.run :: epoch=26 step=200/429 train_nll=-3012.463
2026-05-16 18:24:25,713 INFO CSMF2.step_1_1_1.run :: [h] epoch=26 step=250 total=0.03827 batch=0.00000
2026-05-16 18:24:25,714 INFO CSMF2.step_1_1_1.run :: [lat] epoch=26 step=250 mean_l2=0.10881 std_l2=0.17646
2026-05-16 18:24:25,722 INFO CSMF2.step_1_1_1.run :: epoch=26 step=250/429 train_nll=-3010.881
2026-05-16 18:24:29,200 INFO CSMF2.step_1_1_1.run :: [h] epoch=26 step=300 total=0.03834 batch=0.00000
2026-05-16 18:24:29,201 INFO CSMF2.step_1_1_1.run :: [lat] epoch=26 step=300 mean_l2=0.07554 std_l2=0.09168
2026-05-16 18:24:29,213 INFO CSMF2.step_1_1_1.run :: epoch=26 step=300/429 train_nll=-3017.989
2026-05-16 18:24:32,728 INFO CSMF2.step_1_1_1.run :: [h] epoch=26 step=350 total=0.03813 batch=0.00000
2026-05-16 18:24:32,728 INFO CSMF2.step_1_1_1.run :: [lat] epoch=26 step=350 mean_l2=0.10483 std_l2=0.33015
2026-05-16 18:24:32,737 INFO CSMF2.step_1_1_1.run :: epoch=26 step=350/429 train_nll=-3022.561
2026-05-16 18:24:36,314 INFO CSMF2.step_1_1_1.run :: [h] epoch=26 step=400 total=0.03814 batch=0.00000
2026-05-16 18:24:36,315 INFO CSMF2.step_1_1_1.run :: [lat] epoch=26 step=400 mean_l2=0.08557 std_l2=0.25123
2026-05-16 18:24:36,327 INFO CSMF2.step_1_1_1.run :: epoch=26 step=400/429 train_nll=-3027.490
2026-05-16 18:24:40,720 INFO CSMF2.step_1_1_1.run :: epoch=26  train_nll=-3030.386  val_nll=-2965.514  t=33.3s
2026-05-16 18:24:40,720 INFO CSMF2.step_1_1_1.run :: [h_std] total=0.03890 batch=0.00000 (no penalty)
2026-05-16 18:24:40,720 INFO CSMF2.step_1_1_1.run :: [lat_epoch] mean_l2=0.12824 std_l2=0.76074 (no penalty)
2026-05-16 18:24:40,720 INFO CSMF2.step_1_1_1.run :: [grad] cond=3.5190 film_gain=0.0000
2026-05-16 18:24:47,673 INFO CSMF2.step_1_1_1.run :: [h] epoch=27 step=50 total=0.03844 batch=0.00000
2026-05-16 18:24:47,673 INFO CSMF2.step_1_1_1.run :: [lat] epoch=27 step=50 mean_l2=0.10543 std_l2=2.37021
2026-05-16 18:24:47,682 INFO CSMF2.step_1_1_1.run :: epoch=27 step=50/429 train_nll=-3056.717
2026-05-16 18:24:51,114 INFO CSMF2.step_1_1_1.run :: [h] epoch=27 step=100 total=0.03830 batch=0.00000
2026-05-16 18:24:51,114 INFO CSMF2.step_1_1_1.run :: [lat] epoch=27 step=100 mean_l2=0.10496 std_l2=0.18986
2026-05-16 18:24:51,126 INFO CSMF2.step_1_1_1.run :: epoch=27 step=100/429 train_nll=-3053.565
2026-05-16 18:24:54,468 INFO CSMF2.step_1_1_1.run :: [h] epoch=27 step=150 total=0.03822 batch=0.00000
2026-05-16 18:24:54,469 INFO CSMF2.step_1_1_1.run :: [lat] epoch=27 step=150 mean_l2=0.08826 std_l2=0.14359
2026-05-16 18:24:54,477 INFO CSMF2.step_1_1_1.run :: epoch=27 step=150/429 train_nll=-3054.450
2026-05-16 18:24:57,972 INFO CSMF2.step_1_1_1.run :: [h] epoch=27 step=200 total=0.03845 batch=0.00000
2026-05-16 18:24:57,972 INFO CSMF2.step_1_1_1.run :: [lat] epoch=27 step=200 mean_l2=0.13871 std_l2=0.21782
2026-05-16 18:24:57,980 INFO CSMF2.step_1_1_1.run :: epoch=27 step=200/429 train_nll=-3055.302
2026-05-16 18:25:01,598 INFO CSMF2.step_1_1_1.run :: [h] epoch=27 step=250 total=0.03837 batch=0.00000
2026-05-16 18:25:01,598 INFO CSMF2.step_1_1_1.run :: [lat] epoch=27 step=250 mean_l2=0.11332 std_l2=0.12351
2026-05-16 18:25:01,608 INFO CSMF2.step_1_1_1.run :: epoch=27 step=250/429 train_nll=-3053.118
2026-05-16 18:25:05,174 INFO CSMF2.step_1_1_1.run :: [h] epoch=27 step=300 total=0.03862 batch=0.00000
2026-05-16 18:25:05,174 INFO CSMF2.step_1_1_1.run :: [lat] epoch=27 step=300 mean_l2=0.09306 std_l2=0.46759
2026-05-16 18:25:05,182 INFO CSMF2.step_1_1_1.run :: epoch=27 step=300/429 train_nll=-3052.150
2026-05-16 18:25:08,666 INFO CSMF2.step_1_1_1.run :: [h] epoch=27 step=350 total=0.03815 batch=0.00000
2026-05-16 18:25:08,666 INFO CSMF2.step_1_1_1.run :: [lat] epoch=27 step=350 mean_l2=0.08767 std_l2=0.36016
2026-05-16 18:25:08,675 INFO CSMF2.step_1_1_1.run :: epoch=27 step=350/429 train_nll=-3054.265
2026-05-16 18:25:12,494 INFO CSMF2.step_1_1_1.run :: [h] epoch=27 step=400 total=0.03815 batch=0.00000
2026-05-16 18:25:12,495 INFO CSMF2.step_1_1_1.run :: [lat] epoch=27 step=400 mean_l2=0.09454 std_l2=0.21013
2026-05-16 18:25:12,503 INFO CSMF2.step_1_1_1.run :: epoch=27 step=400/429 train_nll=-3056.664
2026-05-16 18:25:17,688 INFO CSMF2.step_1_1_1.run :: epoch=27  train_nll=-3057.683  val_nll=-2963.775  t=33.7s
2026-05-16 18:25:17,688 INFO CSMF2.step_1_1_1.run :: [h_std] total=0.03816 batch=0.00000 (no penalty)
2026-05-16 18:25:17,688 INFO CSMF2.step_1_1_1.run :: [lat_epoch] mean_l2=0.10930 std_l2=0.40267 (no penalty)
2026-05-16 18:25:17,688 INFO CSMF2.step_1_1_1.run :: [grad] cond=0.9884 film_gain=0.0000
2026-05-16 18:25:24,506 INFO CSMF2.step_1_1_1.run :: [h] epoch=28 step=50 total=0.03753 batch=0.00000
2026-05-16 18:25:24,507 INFO CSMF2.step_1_1_1.run :: [lat] epoch=28 step=50 mean_l2=0.10565 std_l2=0.09292
2026-05-16 18:25:24,519 INFO CSMF2.step_1_1_1.run :: epoch=28 step=50/429 train_nll=-3055.050
2026-05-16 18:25:28,019 INFO CSMF2.step_1_1_1.run :: [h] epoch=28 step=100 total=0.03803 batch=0.00000
2026-05-16 18:25:28,019 INFO CSMF2.step_1_1_1.run :: [lat] epoch=28 step=100 mean_l2=0.08297 std_l2=0.40352
2026-05-16 18:25:28,029 INFO CSMF2.step_1_1_1.run :: epoch=28 step=100/429 train_nll=-3055.895
2026-05-16 18:25:31,496 INFO CSMF2.step_1_1_1.run :: [h] epoch=28 step=150 total=0.03804 batch=0.00000
2026-05-16 18:25:31,497 INFO CSMF2.step_1_1_1.run :: [lat] epoch=28 step=150 mean_l2=0.10220 std_l2=0.08365
2026-05-16 18:25:31,505 INFO CSMF2.step_1_1_1.run :: epoch=28 step=150/429 train_nll=-3053.614
2026-05-16 18:25:35,166 INFO CSMF2.step_1_1_1.run :: [h] epoch=28 step=200 total=0.03809 batch=0.00000
2026-05-16 18:25:35,166 INFO CSMF2.step_1_1_1.run :: [lat] epoch=28 step=200 mean_l2=0.11141 std_l2=0.18306
2026-05-16 18:25:35,178 INFO CSMF2.step_1_1_1.run :: epoch=28 step=200/429 train_nll=-3057.833
2026-05-16 18:25:38,740 INFO CSMF2.step_1_1_1.run :: [h] epoch=28 step=250 total=0.03923 batch=0.00000
2026-05-16 18:25:38,740 INFO CSMF2.step_1_1_1.run :: [lat] epoch=28 step=250 mean_l2=0.10779 std_l2=0.06004
2026-05-16 18:25:38,750 INFO CSMF2.step_1_1_1.run :: epoch=28 step=250/429 train_nll=-3058.572
2026-05-16 18:25:42,422 INFO CSMF2.step_1_1_1.run :: [h] epoch=28 step=300 total=0.04001 batch=0.00000
2026-05-16 18:25:42,422 INFO CSMF2.step_1_1_1.run :: [lat] epoch=28 step=300 mean_l2=0.12607 std_l2=0.53488
2026-05-16 18:25:42,431 INFO CSMF2.step_1_1_1.run :: epoch=28 step=300/429 train_nll=-3062.317
2026-05-16 18:25:46,167 INFO CSMF2.step_1_1_1.run :: [h] epoch=28 step=350 total=0.04074 batch=0.00000
2026-05-16 18:25:46,167 INFO CSMF2.step_1_1_1.run :: [lat] epoch=28 step=350 mean_l2=0.10361 std_l2=0.19539
2026-05-16 18:25:46,176 INFO CSMF2.step_1_1_1.run :: epoch=28 step=350/429 train_nll=-3061.102
2026-05-16 18:25:49,894 INFO CSMF2.step_1_1_1.run :: [h] epoch=28 step=400 total=0.04037 batch=0.00000
2026-05-16 18:25:49,894 INFO CSMF2.step_1_1_1.run :: [lat] epoch=28 step=400 mean_l2=0.12190 std_l2=0.31876
2026-05-16 18:25:49,902 INFO CSMF2.step_1_1_1.run :: epoch=28 step=400/429 train_nll=-3060.917
2026-05-16 18:25:54,175 INFO CSMF2.step_1_1_1.run :: epoch=28  train_nll=-3061.608  val_nll=-2962.442  t=33.3s
2026-05-16 18:25:54,175 INFO CSMF2.step_1_1_1.run :: [h_std] total=0.03905 batch=0.00000 (no penalty)
2026-05-16 18:25:54,175 INFO CSMF2.step_1_1_1.run :: [lat_epoch] mean_l2=0.10941 std_l2=0.46503 (no penalty)
2026-05-16 18:25:54,175 INFO CSMF2.step_1_1_1.run :: [grad] cond=4.0207 film_gain=0.0000
2026-05-16 18:26:00,968 INFO CSMF2.step_1_1_1.run :: [h] epoch=29 step=50 total=0.03983 batch=0.00000
2026-05-16 18:26:00,968 INFO CSMF2.step_1_1_1.run :: [lat] epoch=29 step=50 mean_l2=0.08610 std_l2=0.09117
2026-05-16 18:26:00,976 INFO CSMF2.step_1_1_1.run :: epoch=29 step=50/429 train_nll=-3054.863
2026-05-16 18:26:04,490 INFO CSMF2.step_1_1_1.run :: [h] epoch=29 step=100 total=0.04016 batch=0.00000
2026-05-16 18:26:04,490 INFO CSMF2.step_1_1_1.run :: [lat] epoch=29 step=100 mean_l2=0.09428 std_l2=0.22384
2026-05-16 18:26:04,503 INFO CSMF2.step_1_1_1.run :: epoch=29 step=100/429 train_nll=-3060.537
2026-05-16 18:26:08,199 INFO CSMF2.step_1_1_1.run :: [h] epoch=29 step=150 total=0.04002 batch=0.00000
2026-05-16 18:26:08,199 INFO CSMF2.step_1_1_1.run :: [lat] epoch=29 step=150 mean_l2=0.12052 std_l2=0.05912
2026-05-16 18:26:08,211 INFO CSMF2.step_1_1_1.run :: epoch=29 step=150/429 train_nll=-3058.444
2026-05-16 18:26:11,882 INFO CSMF2.step_1_1_1.run :: [h] epoch=29 step=200 total=0.03993 batch=0.00000
2026-05-16 18:26:11,882 INFO CSMF2.step_1_1_1.run :: [lat] epoch=29 step=200 mean_l2=0.13993 std_l2=0.28275
2026-05-16 18:26:11,891 INFO CSMF2.step_1_1_1.run :: epoch=29 step=200/429 train_nll=-3062.709
2026-05-16 18:26:15,474 INFO CSMF2.step_1_1_1.run :: [h] epoch=29 step=250 total=0.03940 batch=0.00000
2026-05-16 18:26:15,474 INFO CSMF2.step_1_1_1.run :: [lat] epoch=29 step=250 mean_l2=0.12939 std_l2=0.16593
2026-05-16 18:26:15,483 INFO CSMF2.step_1_1_1.run :: epoch=29 step=250/429 train_nll=-3065.234
2026-05-16 18:26:19,102 INFO CSMF2.step_1_1_1.run :: [h] epoch=29 step=300 total=0.03977 batch=0.00000
2026-05-16 18:26:19,103 INFO CSMF2.step_1_1_1.run :: [lat] epoch=29 step=300 mean_l2=0.13408 std_l2=0.12474
2026-05-16 18:26:19,114 INFO CSMF2.step_1_1_1.run :: epoch=29 step=300/429 train_nll=-3067.440
2026-05-16 18:26:22,726 INFO CSMF2.step_1_1_1.run :: [h] epoch=29 step=350 total=0.03983 batch=0.00000
2026-05-16 18:26:22,727 INFO CSMF2.step_1_1_1.run :: [lat] epoch=29 step=350 mean_l2=0.09994 std_l2=0.60414
2026-05-16 18:26:22,735 INFO CSMF2.step_1_1_1.run :: epoch=29 step=350/429 train_nll=-3067.981
2026-05-16 18:26:26,309 INFO CSMF2.step_1_1_1.run :: [h] epoch=29 step=400 total=0.04023 batch=0.00000
2026-05-16 18:26:26,310 INFO CSMF2.step_1_1_1.run :: [lat] epoch=29 step=400 mean_l2=0.08702 std_l2=0.63876
2026-05-16 18:26:26,318 INFO CSMF2.step_1_1_1.run :: epoch=29 step=400/429 train_nll=-3068.764
2026-05-16 18:26:30,822 INFO CSMF2.step_1_1_1.run :: epoch=29  train_nll=-3067.958  val_nll=-2975.624  t=33.4s
2026-05-16 18:26:30,822 INFO CSMF2.step_1_1_1.run :: [h_std] total=0.03993 batch=0.00000 (no penalty)
2026-05-16 18:26:30,822 INFO CSMF2.step_1_1_1.run :: [lat_epoch] mean_l2=0.10855 std_l2=0.42193 (no penalty)
2026-05-16 18:26:30,822 INFO CSMF2.step_1_1_1.run :: [grad] cond=2.8604 film_gain=0.0000
2026-05-16 18:26:38,112 INFO CSMF2.step_1_1_1.run :: [h] epoch=30 step=50 total=0.03962 batch=0.00000
2026-05-16 18:26:38,112 INFO CSMF2.step_1_1_1.run :: [lat] epoch=30 step=50 mean_l2=0.11314 std_l2=0.21635
2026-05-16 18:26:38,125 INFO CSMF2.step_1_1_1.run :: epoch=30 step=50/429 train_nll=-3052.757
2026-05-16 18:26:41,827 INFO CSMF2.step_1_1_1.run :: [h] epoch=30 step=100 total=0.04000 batch=0.00000
2026-05-16 18:26:41,828 INFO CSMF2.step_1_1_1.run :: [lat] epoch=30 step=100 mean_l2=0.08659 std_l2=3.51030
2026-05-16 18:26:41,836 INFO CSMF2.step_1_1_1.run :: epoch=30 step=100/429 train_nll=-3065.844
2026-05-16 18:26:45,717 INFO CSMF2.step_1_1_1.run :: [h] epoch=30 step=150 total=0.03966 batch=0.00000
2026-05-16 18:26:45,718 INFO CSMF2.step_1_1_1.run :: [lat] epoch=30 step=150 mean_l2=0.11934 std_l2=2.03859
2026-05-16 18:26:45,728 INFO CSMF2.step_1_1_1.run :: epoch=30 step=150/429 train_nll=-3067.601
2026-05-16 18:26:49,255 INFO CSMF2.step_1_1_1.run :: [h] epoch=30 step=200 total=0.03974 batch=0.00000
2026-05-16 18:26:49,255 INFO CSMF2.step_1_1_1.run :: [lat] epoch=30 step=200 mean_l2=0.08555 std_l2=0.13251
2026-05-16 18:26:49,267 INFO CSMF2.step_1_1_1.run :: epoch=30 step=200/429 train_nll=-3069.042
2026-05-16 18:26:53,297 INFO CSMF2.step_1_1_1.run :: [h] epoch=30 step=250 total=0.03949 batch=0.00000
2026-05-16 18:26:53,297 INFO CSMF2.step_1_1_1.run :: [lat] epoch=30 step=250 mean_l2=0.09035 std_l2=0.07202
2026-05-16 18:26:53,309 INFO CSMF2.step_1_1_1.run :: epoch=30 step=250/429 train_nll=-3075.475
2026-05-16 18:26:56,920 INFO CSMF2.step_1_1_1.run :: [h] epoch=30 step=300 total=0.03936 batch=0.00000
2026-05-16 18:26:56,921 INFO CSMF2.step_1_1_1.run :: [lat] epoch=30 step=300 mean_l2=0.08553 std_l2=0.16495
2026-05-16 18:26:56,932 INFO CSMF2.step_1_1_1.run :: epoch=30 step=300/429 train_nll=-3074.938
2026-05-16 18:27:00,537 INFO CSMF2.step_1_1_1.run :: [h] epoch=30 step=350 total=0.03972 batch=0.00000
2026-05-16 18:27:00,537 INFO CSMF2.step_1_1_1.run :: [lat] epoch=30 step=350 mean_l2=0.10863 std_l2=0.33843
2026-05-16 18:27:00,547 INFO CSMF2.step_1_1_1.run :: epoch=30 step=350/429 train_nll=-3071.300
2026-05-16 18:27:04,172 INFO CSMF2.step_1_1_1.run :: [h] epoch=30 step=400 total=0.03917 batch=0.00000
2026-05-16 18:27:04,172 INFO CSMF2.step_1_1_1.run :: [lat] epoch=30 step=400 mean_l2=0.11482 std_l2=0.19067
2026-05-16 18:27:04,180 INFO CSMF2.step_1_1_1.run :: epoch=30 step=400/429 train_nll=-3071.981
2026-05-16 18:27:08,369 INFO CSMF2.step_1_1_1.run :: epoch=30  train_nll=-3072.509  val_nll=-2980.062  t=34.3s
2026-05-16 18:27:08,369 INFO CSMF2.step_1_1_1.run :: [h_std] total=0.03959 batch=0.00000 (no penalty)
2026-05-16 18:27:08,369 INFO CSMF2.step_1_1_1.run :: [lat_epoch] mean_l2=0.10487 std_l2=0.55415 (no penalty)
2026-05-16 18:27:08,369 INFO CSMF2.step_1_1_1.run :: [grad] cond=6.4440 film_gain=0.0000
2026-05-16 18:27:15,059 INFO CSMF2.step_1_1_1.run :: [h] epoch=31 step=50 total=0.03888 batch=0.00000
2026-05-16 18:27:15,059 INFO CSMF2.step_1_1_1.run :: [lat] epoch=31 step=50 mean_l2=0.09092 std_l2=1.47190
2026-05-16 18:27:15,071 INFO CSMF2.step_1_1_1.run :: epoch=31 step=50/429 train_nll=-3089.429
2026-05-16 18:27:18,432 INFO CSMF2.step_1_1_1.run :: [h] epoch=31 step=100 total=0.04055 batch=0.00000
2026-05-16 18:27:18,433 INFO CSMF2.step_1_1_1.run :: [lat] epoch=31 step=100 mean_l2=0.07608 std_l2=0.11167
2026-05-16 18:27:18,442 INFO CSMF2.step_1_1_1.run :: epoch=31 step=100/429 train_nll=-3084.753
2026-05-16 18:27:21,815 INFO CSMF2.step_1_1_1.run :: [h] epoch=31 step=150 total=0.03976 batch=0.00000
2026-05-16 18:27:21,815 INFO CSMF2.step_1_1_1.run :: [lat] epoch=31 step=150 mean_l2=0.13912 std_l2=0.18384
2026-05-16 18:27:21,827 INFO CSMF2.step_1_1_1.run :: epoch=31 step=150/429 train_nll=-3079.903
2026-05-16 18:27:25,498 INFO CSMF2.step_1_1_1.run :: [h] epoch=31 step=200 total=0.03937 batch=0.00000
2026-05-16 18:27:25,498 INFO CSMF2.step_1_1_1.run :: [lat] epoch=31 step=200 mean_l2=0.08079 std_l2=0.08668
2026-05-16 18:27:25,506 INFO CSMF2.step_1_1_1.run :: epoch=31 step=200/429 train_nll=-3084.956
2026-05-16 18:27:28,934 INFO CSMF2.step_1_1_1.run :: [h] epoch=31 step=250 total=0.03919 batch=0.00000
2026-05-16 18:27:28,934 INFO CSMF2.step_1_1_1.run :: [lat] epoch=31 step=250 mean_l2=0.06834 std_l2=0.09363
2026-05-16 18:27:28,943 INFO CSMF2.step_1_1_1.run :: epoch=31 step=250/429 train_nll=-3086.647
2026-05-16 18:27:32,422 INFO CSMF2.step_1_1_1.run :: [h] epoch=31 step=300 total=0.03934 batch=0.00000
2026-05-16 18:27:32,423 INFO CSMF2.step_1_1_1.run :: [lat] epoch=31 step=300 mean_l2=0.08795 std_l2=0.07383
2026-05-16 18:27:32,431 INFO CSMF2.step_1_1_1.run :: epoch=31 step=300/429 train_nll=-3086.588
2026-05-16 18:27:35,941 INFO CSMF2.step_1_1_1.run :: [h] epoch=31 step=350 total=0.03997 batch=0.00000
2026-05-16 18:27:35,941 INFO CSMF2.step_1_1_1.run :: [lat] epoch=31 step=350 mean_l2=0.11543 std_l2=0.19278
2026-05-16 18:27:35,949 INFO CSMF2.step_1_1_1.run :: epoch=31 step=350/429 train_nll=-3088.787
2026-05-16 18:27:39,520 INFO CSMF2.step_1_1_1.run :: [h] epoch=31 step=400 total=0.03944 batch=0.00000
2026-05-16 18:27:39,520 INFO CSMF2.step_1_1_1.run :: [lat] epoch=31 step=400 mean_l2=0.08315 std_l2=0.31578
2026-05-16 18:27:39,530 INFO CSMF2.step_1_1_1.run :: epoch=31 step=400/429 train_nll=-3089.312
2026-05-16 18:27:43,695 INFO CSMF2.step_1_1_1.run :: epoch=31  train_nll=-3088.224  val_nll=-2951.255  t=32.1s
2026-05-16 18:27:43,695 INFO CSMF2.step_1_1_1.run :: [h_std] total=0.03947 batch=0.00000 (no penalty)
2026-05-16 18:27:43,695 INFO CSMF2.step_1_1_1.run :: [lat_epoch] mean_l2=0.09599 std_l2=0.40500 (no penalty)
2026-05-16 18:27:43,695 INFO CSMF2.step_1_1_1.run :: [grad] cond=4.5783 film_gain=0.0000
2026-05-16 18:27:50,707 INFO CSMF2.step_1_1_1.run :: [h] epoch=32 step=50 total=0.04055 batch=0.00000
2026-05-16 18:27:50,707 INFO CSMF2.step_1_1_1.run :: [lat] epoch=32 step=50 mean_l2=0.12972 std_l2=0.29751
2026-05-16 18:27:50,719 INFO CSMF2.step_1_1_1.run :: epoch=32 step=50/429 train_nll=-3058.300
2026-05-16 18:27:54,353 INFO CSMF2.step_1_1_1.run :: [h] epoch=32 step=100 total=0.04040 batch=0.00000
2026-05-16 18:27:54,353 INFO CSMF2.step_1_1_1.run :: [lat] epoch=32 step=100 mean_l2=0.09825 std_l2=0.21036
2026-05-16 18:27:54,365 INFO CSMF2.step_1_1_1.run :: epoch=32 step=100/429 train_nll=-3073.100
2026-05-16 18:27:58,485 INFO CSMF2.step_1_1_1.run :: [h] epoch=32 step=150 total=0.04036 batch=0.00000
2026-05-16 18:27:58,485 INFO CSMF2.step_1_1_1.run :: [lat] epoch=32 step=150 mean_l2=0.08800 std_l2=0.20366
2026-05-16 18:27:58,494 INFO CSMF2.step_1_1_1.run :: epoch=32 step=150/429 train_nll=-3075.912
2026-05-16 18:28:02,229 INFO CSMF2.step_1_1_1.run :: [h] epoch=32 step=200 total=0.04023 batch=0.00000
2026-05-16 18:28:02,230 INFO CSMF2.step_1_1_1.run :: [lat] epoch=32 step=200 mean_l2=0.09689 std_l2=0.17667
2026-05-16 18:28:02,237 INFO CSMF2.step_1_1_1.run :: epoch=32 step=200/429 train_nll=-3080.032
2026-05-16 18:28:05,640 INFO CSMF2.step_1_1_1.run :: [h] epoch=32 step=250 total=0.04032 batch=0.00000
2026-05-16 18:28:05,640 INFO CSMF2.step_1_1_1.run :: [lat] epoch=32 step=250 mean_l2=0.12615 std_l2=0.30154
2026-05-16 18:28:05,652 INFO CSMF2.step_1_1_1.run :: epoch=32 step=250/429 train_nll=-3084.885
2026-05-16 18:28:09,394 INFO CSMF2.step_1_1_1.run :: [h] epoch=32 step=300 total=0.04009 batch=0.00000
2026-05-16 18:28:09,394 INFO CSMF2.step_1_1_1.run :: [lat] epoch=32 step=300 mean_l2=0.12371 std_l2=0.99525
2026-05-16 18:28:09,402 INFO CSMF2.step_1_1_1.run :: epoch=32 step=300/429 train_nll=-3085.204
2026-05-16 18:28:12,761 INFO CSMF2.step_1_1_1.run :: [h] epoch=32 step=350 total=0.04247 batch=0.00000
2026-05-16 18:28:12,761 INFO CSMF2.step_1_1_1.run :: [lat] epoch=32 step=350 mean_l2=0.09923 std_l2=0.30790
2026-05-16 18:28:12,770 INFO CSMF2.step_1_1_1.run :: epoch=32 step=350/429 train_nll=-3082.635
2026-05-16 18:28:16,040 INFO CSMF2.step_1_1_1.run :: [h] epoch=32 step=400 total=0.04119 batch=0.00000
2026-05-16 18:28:16,041 INFO CSMF2.step_1_1_1.run :: [lat] epoch=32 step=400 mean_l2=0.08685 std_l2=0.31645
2026-05-16 18:28:16,049 INFO CSMF2.step_1_1_1.run :: epoch=32 step=400/429 train_nll=-3083.458
2026-05-16 18:28:20,388 INFO CSMF2.step_1_1_1.run :: epoch=32  train_nll=-3084.490  val_nll=-2977.814  t=33.4s
2026-05-16 18:28:20,388 INFO CSMF2.step_1_1_1.run :: [h_std] total=0.04074 batch=0.00000 (no penalty)
2026-05-16 18:28:20,388 INFO CSMF2.step_1_1_1.run :: [lat_epoch] mean_l2=0.09860 std_l2=1.02422 (no penalty)
2026-05-16 18:28:20,388 INFO CSMF2.step_1_1_1.run :: [grad] cond=1.7055 film_gain=0.0000
2026-05-16 18:28:27,193 INFO CSMF2.step_1_1_1.run :: [h] epoch=33 step=50 total=0.04189 batch=0.00000
2026-05-16 18:28:27,193 INFO CSMF2.step_1_1_1.run :: [lat] epoch=33 step=50 mean_l2=0.09449 std_l2=0.06128
2026-05-16 18:28:27,205 INFO CSMF2.step_1_1_1.run :: epoch=33 step=50/429 train_nll=-3080.243
2026-05-16 18:28:30,745 INFO CSMF2.step_1_1_1.run :: [h] epoch=33 step=100 total=0.04175 batch=0.00000
2026-05-16 18:28:30,745 INFO CSMF2.step_1_1_1.run :: [lat] epoch=33 step=100 mean_l2=0.08269 std_l2=1.35633
2026-05-16 18:28:30,753 INFO CSMF2.step_1_1_1.run :: epoch=33 step=100/429 train_nll=-3077.601
2026-05-16 18:28:34,315 INFO CSMF2.step_1_1_1.run :: [h] epoch=33 step=150 total=0.04159 batch=0.00000
2026-05-16 18:28:34,315 INFO CSMF2.step_1_1_1.run :: [lat] epoch=33 step=150 mean_l2=0.10412 std_l2=0.21533
2026-05-16 18:28:34,324 INFO CSMF2.step_1_1_1.run :: epoch=33 step=150/429 train_nll=-3073.991
2026-05-16 18:28:37,949 INFO CSMF2.step_1_1_1.run :: [h] epoch=33 step=200 total=0.04160 batch=0.00000
2026-05-16 18:28:37,949 INFO CSMF2.step_1_1_1.run :: [lat] epoch=33 step=200 mean_l2=0.11485 std_l2=0.06630
2026-05-16 18:28:37,959 INFO CSMF2.step_1_1_1.run :: epoch=33 step=200/429 train_nll=-3079.495
2026-05-16 18:28:41,633 INFO CSMF2.step_1_1_1.run :: [h] epoch=33 step=250 total=0.04173 batch=0.00000
2026-05-16 18:28:41,633 INFO CSMF2.step_1_1_1.run :: [lat] epoch=33 step=250 mean_l2=0.08215 std_l2=0.09553
2026-05-16 18:28:41,645 INFO CSMF2.step_1_1_1.run :: epoch=33 step=250/429 train_nll=-3083.177
2026-05-16 18:28:45,408 INFO CSMF2.step_1_1_1.run :: [h] epoch=33 step=300 total=0.04166 batch=0.00000
2026-05-16 18:28:45,408 INFO CSMF2.step_1_1_1.run :: [lat] epoch=33 step=300 mean_l2=0.07419 std_l2=0.14085
2026-05-16 18:28:45,416 INFO CSMF2.step_1_1_1.run :: epoch=33 step=300/429 train_nll=-3084.437
2026-05-16 18:28:48,967 INFO CSMF2.step_1_1_1.run :: [h] epoch=33 step=350 total=0.04165 batch=0.00000
2026-05-16 18:28:48,967 INFO CSMF2.step_1_1_1.run :: [lat] epoch=33 step=350 mean_l2=0.06843 std_l2=0.25690
2026-05-16 18:28:48,979 INFO CSMF2.step_1_1_1.run :: epoch=33 step=350/429 train_nll=-3085.659
2026-05-16 18:28:52,588 INFO CSMF2.step_1_1_1.run :: [h] epoch=33 step=400 total=0.04114 batch=0.00000
2026-05-16 18:28:52,589 INFO CSMF2.step_1_1_1.run :: [lat] epoch=33 step=400 mean_l2=0.07390 std_l2=0.56914
2026-05-16 18:28:52,600 INFO CSMF2.step_1_1_1.run :: epoch=33 step=400/429 train_nll=-3085.972
2026-05-16 18:28:56,844 INFO CSMF2.step_1_1_1.run :: epoch=33  train_nll=-3087.398  val_nll=-3002.198  t=33.2s
2026-05-16 18:28:56,844 INFO CSMF2.step_1_1_1.run :: [h_std] total=0.04169 batch=0.00000 (no penalty)
2026-05-16 18:28:56,844 INFO CSMF2.step_1_1_1.run :: [lat_epoch] mean_l2=0.09878 std_l2=0.39854 (no penalty)
2026-05-16 18:28:56,844 INFO CSMF2.step_1_1_1.run :: [grad] cond=10.0565 film_gain=0.0000
2026-05-16 18:29:03,650 INFO CSMF2.step_1_1_1.run :: [h] epoch=34 step=50 total=0.04172 batch=0.00000
2026-05-16 18:29:03,650 INFO CSMF2.step_1_1_1.run :: [lat] epoch=34 step=50 mean_l2=0.12328 std_l2=0.08741
2026-05-16 18:29:03,660 INFO CSMF2.step_1_1_1.run :: epoch=34 step=50/429 train_nll=-3070.485
2026-05-16 18:29:07,266 INFO CSMF2.step_1_1_1.run :: [h] epoch=34 step=100 total=0.04133 batch=0.00000
2026-05-16 18:29:07,267 INFO CSMF2.step_1_1_1.run :: [lat] epoch=34 step=100 mean_l2=0.07622 std_l2=0.35983
2026-05-16 18:29:07,275 INFO CSMF2.step_1_1_1.run :: epoch=34 step=100/429 train_nll=-3081.256
2026-05-16 18:29:11,189 INFO CSMF2.step_1_1_1.run :: [h] epoch=34 step=150 total=0.04116 batch=0.00000
2026-05-16 18:29:11,189 INFO CSMF2.step_1_1_1.run :: [lat] epoch=34 step=150 mean_l2=0.12258 std_l2=0.16766
2026-05-16 18:29:11,201 INFO CSMF2.step_1_1_1.run :: epoch=34 step=150/429 train_nll=-3082.233
2026-05-16 18:29:14,854 INFO CSMF2.step_1_1_1.run :: [h] epoch=34 step=200 total=0.04120 batch=0.00000
2026-05-16 18:29:14,854 INFO CSMF2.step_1_1_1.run :: [lat] epoch=34 step=200 mean_l2=0.08064 std_l2=0.13313
2026-05-16 18:29:14,862 INFO CSMF2.step_1_1_1.run :: epoch=34 step=200/429 train_nll=-3083.544
2026-05-16 18:29:18,418 INFO CSMF2.step_1_1_1.run :: [h] epoch=34 step=250 total=0.04118 batch=0.00000
2026-05-16 18:29:18,418 INFO CSMF2.step_1_1_1.run :: [lat] epoch=34 step=250 mean_l2=0.08375 std_l2=0.14251
2026-05-16 18:29:18,427 INFO CSMF2.step_1_1_1.run :: epoch=34 step=250/429 train_nll=-3084.666
2026-05-16 18:29:21,937 INFO CSMF2.step_1_1_1.run :: [h] epoch=34 step=300 total=0.04118 batch=0.00000
2026-05-16 18:29:21,937 INFO CSMF2.step_1_1_1.run :: [lat] epoch=34 step=300 mean_l2=0.07657 std_l2=0.07984
2026-05-16 18:29:21,949 INFO CSMF2.step_1_1_1.run :: epoch=34 step=300/429 train_nll=-3083.723
2026-05-16 18:29:25,273 INFO CSMF2.step_1_1_1.run :: [h] epoch=34 step=350 total=0.04104 batch=0.00000
2026-05-16 18:29:25,273 INFO CSMF2.step_1_1_1.run :: [lat] epoch=34 step=350 mean_l2=0.10799 std_l2=0.25914
2026-05-16 18:29:25,282 INFO CSMF2.step_1_1_1.run :: epoch=34 step=350/429 train_nll=-3085.782
2026-05-16 18:29:28,914 INFO CSMF2.step_1_1_1.run :: [h] epoch=34 step=400 total=0.04122 batch=0.00000
2026-05-16 18:29:28,914 INFO CSMF2.step_1_1_1.run :: [lat] epoch=34 step=400 mean_l2=0.07323 std_l2=0.30709
2026-05-16 18:29:28,922 INFO CSMF2.step_1_1_1.run :: epoch=34 step=400/429 train_nll=-3084.722
2026-05-16 18:29:33,319 INFO CSMF2.step_1_1_1.run :: epoch=34  train_nll=-3086.276  val_nll=-2989.467  t=33.3s
2026-05-16 18:29:33,319 INFO CSMF2.step_1_1_1.run :: [h_std] total=0.04130 batch=0.00000 (no penalty)
2026-05-16 18:29:33,319 INFO CSMF2.step_1_1_1.run :: [lat_epoch] mean_l2=0.10282 std_l2=0.42448 (no penalty)
2026-05-16 18:29:33,319 INFO CSMF2.step_1_1_1.run :: [grad] cond=6.5244 film_gain=0.0000
2026-05-16 18:29:40,119 INFO CSMF2.step_1_1_1.run :: [h] epoch=35 step=50 total=0.04131 batch=0.00000
2026-05-16 18:29:40,119 INFO CSMF2.step_1_1_1.run :: [lat] epoch=35 step=50 mean_l2=0.08479 std_l2=0.06331
2026-05-16 18:29:40,128 INFO CSMF2.step_1_1_1.run :: epoch=35 step=50/429 train_nll=-3099.764
2026-05-16 18:29:43,772 INFO CSMF2.step_1_1_1.run :: [h] epoch=35 step=100 total=0.04112 batch=0.00000
2026-05-16 18:29:43,772 INFO CSMF2.step_1_1_1.run :: [lat] epoch=35 step=100 mean_l2=0.10817 std_l2=0.16658
2026-05-16 18:29:43,784 INFO CSMF2.step_1_1_1.run :: epoch=35 step=100/429 train_nll=-3099.611
2026-05-16 18:29:47,219 INFO CSMF2.step_1_1_1.run :: [h] epoch=35 step=150 total=0.04207 batch=0.00000
2026-05-16 18:29:47,220 INFO CSMF2.step_1_1_1.run :: [lat] epoch=35 step=150 mean_l2=0.08025 std_l2=0.06828
2026-05-16 18:29:47,228 INFO CSMF2.step_1_1_1.run :: epoch=35 step=150/429 train_nll=-3099.801
2026-05-16 18:29:50,892 INFO CSMF2.step_1_1_1.run :: [h] epoch=35 step=200 total=0.04188 batch=0.00000
2026-05-16 18:29:50,892 INFO CSMF2.step_1_1_1.run :: [lat] epoch=35 step=200 mean_l2=0.10866 std_l2=0.22608
2026-05-16 18:29:50,900 INFO CSMF2.step_1_1_1.run :: epoch=35 step=200/429 train_nll=-3099.621
2026-05-16 18:29:54,573 INFO CSMF2.step_1_1_1.run :: [h] epoch=35 step=250 total=0.04165 batch=0.00000
2026-05-16 18:29:54,573 INFO CSMF2.step_1_1_1.run :: [lat] epoch=35 step=250 mean_l2=0.09959 std_l2=0.10451
2026-05-16 18:29:54,582 INFO CSMF2.step_1_1_1.run :: epoch=35 step=250/429 train_nll=-3097.744
2026-05-16 18:29:58,167 INFO CSMF2.step_1_1_1.run :: [h] epoch=35 step=300 total=0.04170 batch=0.00000
2026-05-16 18:29:58,167 INFO CSMF2.step_1_1_1.run :: [lat] epoch=35 step=300 mean_l2=0.07685 std_l2=0.09517
2026-05-16 18:29:58,179 INFO CSMF2.step_1_1_1.run :: epoch=35 step=300/429 train_nll=-3095.383
2026-05-16 18:30:02,152 INFO CSMF2.step_1_1_1.run :: [h] epoch=35 step=350 total=0.04172 batch=0.00000
2026-05-16 18:30:02,153 INFO CSMF2.step_1_1_1.run :: [lat] epoch=35 step=350 mean_l2=0.20436 std_l2=0.38543
2026-05-16 18:30:02,162 INFO CSMF2.step_1_1_1.run :: epoch=35 step=350/429 train_nll=-3096.209
2026-05-16 18:30:05,880 INFO CSMF2.step_1_1_1.run :: [h] epoch=35 step=400 total=0.04148 batch=0.00000
2026-05-16 18:30:05,880 INFO CSMF2.step_1_1_1.run :: [lat] epoch=35 step=400 mean_l2=0.12377 std_l2=0.36142
2026-05-16 18:30:05,893 INFO CSMF2.step_1_1_1.run :: epoch=35 step=400/429 train_nll=-3092.171
2026-05-16 18:30:10,373 INFO CSMF2.step_1_1_1.run :: epoch=35  train_nll=-3092.673  val_nll=-2915.847  t=33.7s
2026-05-16 18:30:10,373 INFO CSMF2.step_1_1_1.run :: [h_std] total=0.04155 batch=0.00000 (no penalty)
2026-05-16 18:30:10,373 INFO CSMF2.step_1_1_1.run :: [lat_epoch] mean_l2=0.09937 std_l2=0.47313 (no penalty)
2026-05-16 18:30:10,373 INFO CSMF2.step_1_1_1.run :: [grad] cond=7.5743 film_gain=0.0000
2026-05-16 18:30:17,114 INFO CSMF2.step_1_1_1.run :: [h] epoch=36 step=50 total=0.04002 batch=0.00000
2026-05-16 18:30:17,114 INFO CSMF2.step_1_1_1.run :: [lat] epoch=36 step=50 mean_l2=0.11233 std_l2=0.08975
2026-05-16 18:30:17,126 INFO CSMF2.step_1_1_1.run :: epoch=36 step=50/429 train_nll=-3086.387
2026-05-16 18:30:20,820 INFO CSMF2.step_1_1_1.run :: [h] epoch=36 step=100 total=0.04247 batch=0.00000
2026-05-16 18:30:20,820 INFO CSMF2.step_1_1_1.run :: [lat] epoch=36 step=100 mean_l2=0.08660 std_l2=0.11700
2026-05-16 18:30:20,832 INFO CSMF2.step_1_1_1.run :: epoch=36 step=100/429 train_nll=-3084.913
2026-05-16 18:30:24,525 INFO CSMF2.step_1_1_1.run :: [h] epoch=36 step=150 total=0.04261 batch=0.00000
2026-05-16 18:30:24,525 INFO CSMF2.step_1_1_1.run :: [lat] epoch=36 step=150 mean_l2=0.07063 std_l2=0.04859
2026-05-16 18:30:24,534 INFO CSMF2.step_1_1_1.run :: epoch=36 step=150/429 train_nll=-3088.653
2026-05-16 18:30:27,940 INFO CSMF2.step_1_1_1.run :: [h] epoch=36 step=200 total=0.04314 batch=0.00000
2026-05-16 18:30:27,940 INFO CSMF2.step_1_1_1.run :: [lat] epoch=36 step=200 mean_l2=0.08044 std_l2=0.15045
2026-05-16 18:30:27,952 INFO CSMF2.step_1_1_1.run :: epoch=36 step=200/429 train_nll=-3092.137
2026-05-16 18:30:31,496 INFO CSMF2.step_1_1_1.run :: [h] epoch=36 step=250 total=0.04270 batch=0.00000
2026-05-16 18:30:31,496 INFO CSMF2.step_1_1_1.run :: [lat] epoch=36 step=250 mean_l2=0.07749 std_l2=0.08177
2026-05-16 18:30:31,505 INFO CSMF2.step_1_1_1.run :: epoch=36 step=250/429 train_nll=-3093.246
2026-05-16 18:30:34,992 INFO CSMF2.step_1_1_1.run :: [h] epoch=36 step=300 total=0.04264 batch=0.00000
2026-05-16 18:30:34,992 INFO CSMF2.step_1_1_1.run :: [lat] epoch=36 step=300 mean_l2=0.09181 std_l2=0.18018
2026-05-16 18:30:35,002 INFO CSMF2.step_1_1_1.run :: epoch=36 step=300/429 train_nll=-3094.805
2026-05-16 18:30:38,534 INFO CSMF2.step_1_1_1.run :: [h] epoch=36 step=350 total=0.04126 batch=0.00000
2026-05-16 18:30:38,535 INFO CSMF2.step_1_1_1.run :: [lat] epoch=36 step=350 mean_l2=0.37817 std_l2=0.74120
2026-05-16 18:30:38,543 INFO CSMF2.step_1_1_1.run :: epoch=36 step=350/429 train_nll=-3075.499
2026-05-16 18:30:42,183 INFO CSMF2.step_1_1_1.run :: [h] epoch=36 step=400 total=0.04596 batch=0.00000
2026-05-16 18:30:42,183 INFO CSMF2.step_1_1_1.run :: [lat] epoch=36 step=400 mean_l2=0.14906 std_l2=0.22549
2026-05-16 18:30:42,191 INFO CSMF2.step_1_1_1.run :: epoch=36 step=400/429 train_nll=-3075.783
2026-05-16 18:30:46,522 INFO CSMF2.step_1_1_1.run :: epoch=36  train_nll=-3077.380  val_nll=-2969.958  t=32.9s
2026-05-16 18:30:46,522 INFO CSMF2.step_1_1_1.run :: [h_std] total=0.04374 batch=0.00000 (no penalty)
2026-05-16 18:30:46,522 INFO CSMF2.step_1_1_1.run :: [lat_epoch] mean_l2=0.11719 std_l2=0.73113 (no penalty)
2026-05-16 18:30:46,522 INFO CSMF2.step_1_1_1.run :: [grad] cond=9.2193 film_gain=0.0000
2026-05-16 18:30:53,335 INFO CSMF2.step_1_1_1.run :: [h] epoch=37 step=50 total=0.04570 batch=0.00000
2026-05-16 18:30:53,335 INFO CSMF2.step_1_1_1.run :: [lat] epoch=37 step=50 mean_l2=0.09702 std_l2=0.07535
2026-05-16 18:30:53,347 INFO CSMF2.step_1_1_1.run :: epoch=37 step=50/429 train_nll=-3099.679
2026-05-16 18:30:56,817 INFO CSMF2.step_1_1_1.run :: [h] epoch=37 step=100 total=0.04521 batch=0.00000
2026-05-16 18:30:56,818 INFO CSMF2.step_1_1_1.run :: [lat] epoch=37 step=100 mean_l2=0.08986 std_l2=0.18673
2026-05-16 18:30:56,827 INFO CSMF2.step_1_1_1.run :: epoch=37 step=100/429 train_nll=-3107.685
2026-05-16 18:31:00,376 INFO CSMF2.step_1_1_1.run :: [h] epoch=37 step=150 total=0.04525 batch=0.00000
2026-05-16 18:31:00,377 INFO CSMF2.step_1_1_1.run :: [lat] epoch=37 step=150 mean_l2=0.12059 std_l2=0.06076
2026-05-16 18:31:00,389 INFO CSMF2.step_1_1_1.run :: epoch=37 step=150/429 train_nll=-3109.081
2026-05-16 18:31:04,013 INFO CSMF2.step_1_1_1.run :: [h] epoch=37 step=200 total=0.04494 batch=0.00000
2026-05-16 18:31:04,013 INFO CSMF2.step_1_1_1.run :: [lat] epoch=37 step=200 mean_l2=0.10322 std_l2=0.08057
2026-05-16 18:31:04,021 INFO CSMF2.step_1_1_1.run :: epoch=37 step=200/429 train_nll=-3109.365
2026-05-16 18:31:07,738 INFO CSMF2.step_1_1_1.run :: [h] epoch=37 step=250 total=0.04502 batch=0.00000
2026-05-16 18:31:07,738 INFO CSMF2.step_1_1_1.run :: [lat] epoch=37 step=250 mean_l2=0.07873 std_l2=0.06467
2026-05-16 18:31:07,750 INFO CSMF2.step_1_1_1.run :: epoch=37 step=250/429 train_nll=-3109.461
2026-05-16 18:31:11,385 INFO CSMF2.step_1_1_1.run :: [h] epoch=37 step=300 total=0.04511 batch=0.00000
2026-05-16 18:31:11,385 INFO CSMF2.step_1_1_1.run :: [lat] epoch=37 step=300 mean_l2=0.09232 std_l2=0.26656
2026-05-16 18:31:11,394 INFO CSMF2.step_1_1_1.run :: epoch=37 step=300/429 train_nll=-3110.023
2026-05-16 18:31:15,047 INFO CSMF2.step_1_1_1.run :: [h] epoch=37 step=350 total=0.04471 batch=0.00000
2026-05-16 18:31:15,048 INFO CSMF2.step_1_1_1.run :: [lat] epoch=37 step=350 mean_l2=0.12479 std_l2=4.28905
2026-05-16 18:31:15,056 INFO CSMF2.step_1_1_1.run :: epoch=37 step=350/429 train_nll=-3109.269
2026-05-16 18:31:18,496 INFO CSMF2.step_1_1_1.run :: [h] epoch=37 step=400 total=0.04470 batch=0.00000
2026-05-16 18:31:18,496 INFO CSMF2.step_1_1_1.run :: [lat] epoch=37 step=400 mean_l2=0.07130 std_l2=0.20961
2026-05-16 18:31:18,505 INFO CSMF2.step_1_1_1.run :: epoch=37 step=400/429 train_nll=-3109.520
2026-05-16 18:31:23,047 INFO CSMF2.step_1_1_1.run :: epoch=37  train_nll=-3110.301  val_nll=-3009.182  t=33.3s
2026-05-16 18:31:23,048 INFO CSMF2.step_1_1_1.run :: [h_std] total=0.04508 batch=0.00000 (no penalty)
2026-05-16 18:31:23,048 INFO CSMF2.step_1_1_1.run :: [lat_epoch] mean_l2=0.09014 std_l2=0.40161 (no penalty)
2026-05-16 18:31:23,048 INFO CSMF2.step_1_1_1.run :: [grad] cond=2.0206 film_gain=0.0000
2026-05-16 18:31:29,776 INFO CSMF2.step_1_1_1.run :: [h] epoch=38 step=50 total=0.04465 batch=0.00000
2026-05-16 18:31:29,776 INFO CSMF2.step_1_1_1.run :: [lat] epoch=38 step=50 mean_l2=0.09407 std_l2=0.28601
2026-05-16 18:31:29,789 INFO CSMF2.step_1_1_1.run :: epoch=38 step=50/429 train_nll=-3121.631
2026-05-16 18:31:33,307 INFO CSMF2.step_1_1_1.run :: [h] epoch=38 step=100 total=0.04451 batch=0.00000
2026-05-16 18:31:33,307 INFO CSMF2.step_1_1_1.run :: [lat] epoch=38 step=100 mean_l2=0.07559 std_l2=0.08754
2026-05-16 18:31:33,317 INFO CSMF2.step_1_1_1.run :: epoch=38 step=100/429 train_nll=-3114.065
2026-05-16 18:31:36,873 INFO CSMF2.step_1_1_1.run :: [h] epoch=38 step=150 total=0.04456 batch=0.00000
2026-05-16 18:31:36,873 INFO CSMF2.step_1_1_1.run :: [lat] epoch=38 step=150 mean_l2=0.06800 std_l2=0.13800
2026-05-16 18:31:36,883 INFO CSMF2.step_1_1_1.run :: epoch=38 step=150/429 train_nll=-3111.934
2026-05-16 18:31:40,533 INFO CSMF2.step_1_1_1.run :: [h] epoch=38 step=200 total=0.04446 batch=0.00000
2026-05-16 18:31:40,533 INFO CSMF2.step_1_1_1.run :: [lat] epoch=38 step=200 mean_l2=0.10201 std_l2=0.07304
2026-05-16 18:31:40,545 INFO CSMF2.step_1_1_1.run :: epoch=38 step=200/429 train_nll=-3112.162
2026-05-16 18:31:44,176 INFO CSMF2.step_1_1_1.run :: [h] epoch=38 step=250 total=0.04452 batch=0.00000
2026-05-16 18:31:44,176 INFO CSMF2.step_1_1_1.run :: [lat] epoch=38 step=250 mean_l2=0.10124 std_l2=0.12797
2026-05-16 18:31:44,188 INFO CSMF2.step_1_1_1.run :: epoch=38 step=250/429 train_nll=-3106.060
2026-05-16 18:31:48,068 INFO CSMF2.step_1_1_1.run :: [h] epoch=38 step=300 total=0.04413 batch=0.00000
2026-05-16 18:31:48,068 INFO CSMF2.step_1_1_1.run :: [lat] epoch=38 step=300 mean_l2=0.06657 std_l2=0.05470
2026-05-16 18:31:48,077 INFO CSMF2.step_1_1_1.run :: epoch=38 step=300/429 train_nll=-3108.428
2026-05-16 18:31:51,728 INFO CSMF2.step_1_1_1.run :: [h] epoch=38 step=350 total=0.04420 batch=0.00000
2026-05-16 18:31:51,728 INFO CSMF2.step_1_1_1.run :: [lat] epoch=38 step=350 mean_l2=0.13698 std_l2=0.55273
2026-05-16 18:31:51,740 INFO CSMF2.step_1_1_1.run :: epoch=38 step=350/429 train_nll=-3108.205
2026-05-16 18:31:55,380 INFO CSMF2.step_1_1_1.run :: [h] epoch=38 step=400 total=0.04484 batch=0.00000
2026-05-16 18:31:55,380 INFO CSMF2.step_1_1_1.run :: [lat] epoch=38 step=400 mean_l2=0.11692 std_l2=0.33952
2026-05-16 18:31:55,392 INFO CSMF2.step_1_1_1.run :: epoch=38 step=400/429 train_nll=-3108.133
2026-05-16 18:31:59,684 INFO CSMF2.step_1_1_1.run :: epoch=38  train_nll=-3106.423  val_nll=-2966.134  t=33.3s
2026-05-16 18:31:59,684 INFO CSMF2.step_1_1_1.run :: [h_std] total=0.04438 batch=0.00000 (no penalty)
2026-05-16 18:31:59,684 INFO CSMF2.step_1_1_1.run :: [lat_epoch] mean_l2=0.09410 std_l2=0.74623 (no penalty)
2026-05-16 18:31:59,684 INFO CSMF2.step_1_1_1.run :: [grad] cond=14.0124 film_gain=0.0000
2026-05-16 18:32:06,372 INFO CSMF2.step_1_1_1.run :: [h] epoch=39 step=50 total=0.04396 batch=0.00000
2026-05-16 18:32:06,373 INFO CSMF2.step_1_1_1.run :: [lat] epoch=39 step=50 mean_l2=0.08977 std_l2=0.10165
2026-05-16 18:32:06,381 INFO CSMF2.step_1_1_1.run :: epoch=39 step=50/429 train_nll=-3107.134
2026-05-16 18:32:10,049 INFO CSMF2.step_1_1_1.run :: [h] epoch=39 step=100 total=0.04391 batch=0.00000
2026-05-16 18:32:10,049 INFO CSMF2.step_1_1_1.run :: [lat] epoch=39 step=100 mean_l2=0.08156 std_l2=0.05270
2026-05-16 18:32:10,061 INFO CSMF2.step_1_1_1.run :: epoch=39 step=100/429 train_nll=-3108.093
2026-05-16 18:32:13,647 INFO CSMF2.step_1_1_1.run :: [h] epoch=39 step=150 total=0.04387 batch=0.00000
2026-05-16 18:32:13,647 INFO CSMF2.step_1_1_1.run :: [lat] epoch=39 step=150 mean_l2=0.06597 std_l2=0.15249
2026-05-16 18:32:13,660 INFO CSMF2.step_1_1_1.run :: epoch=39 step=150/429 train_nll=-3111.609
2026-05-16 18:32:17,347 INFO CSMF2.step_1_1_1.run :: [h] epoch=39 step=200 total=0.04300 batch=0.00000
2026-05-16 18:32:17,348 INFO CSMF2.step_1_1_1.run :: [lat] epoch=39 step=200 mean_l2=0.10290 std_l2=0.05332
2026-05-16 18:32:17,360 INFO CSMF2.step_1_1_1.run :: epoch=39 step=200/429 train_nll=-3110.689
2026-05-16 18:32:21,003 INFO CSMF2.step_1_1_1.run :: [h] epoch=39 step=250 total=0.04366 batch=0.00000
2026-05-16 18:32:21,003 INFO CSMF2.step_1_1_1.run :: [lat] epoch=39 step=250 mean_l2=0.15223 std_l2=0.08488
2026-05-16 18:32:21,013 INFO CSMF2.step_1_1_1.run :: epoch=39 step=250/429 train_nll=-3110.998
2026-05-16 18:32:24,634 INFO CSMF2.step_1_1_1.run :: [h] epoch=39 step=300 total=0.04391 batch=0.00000
2026-05-16 18:32:24,635 INFO CSMF2.step_1_1_1.run :: [lat] epoch=39 step=300 mean_l2=0.08008 std_l2=0.15726
2026-05-16 18:32:24,643 INFO CSMF2.step_1_1_1.run :: epoch=39 step=300/429 train_nll=-3109.524
2026-05-16 18:32:28,088 INFO CSMF2.step_1_1_1.run :: [h] epoch=39 step=350 total=0.04364 batch=0.00000
2026-05-16 18:32:28,089 INFO CSMF2.step_1_1_1.run :: [lat] epoch=39 step=350 mean_l2=0.13381 std_l2=0.21872
2026-05-16 18:32:28,097 INFO CSMF2.step_1_1_1.run :: epoch=39 step=350/429 train_nll=-3109.410
2026-05-16 18:32:31,482 INFO CSMF2.step_1_1_1.run :: [h] epoch=39 step=400 total=0.04318 batch=0.00000
2026-05-16 18:32:31,482 INFO CSMF2.step_1_1_1.run :: [lat] epoch=39 step=400 mean_l2=0.11504 std_l2=0.76280
2026-05-16 18:32:31,494 INFO CSMF2.step_1_1_1.run :: epoch=39 step=400/429 train_nll=-3108.311
2026-05-16 18:32:36,132 INFO CSMF2.step_1_1_1.run :: epoch=39  train_nll=-3108.386  val_nll=-2997.846  t=33.2s
2026-05-16 18:32:36,132 INFO CSMF2.step_1_1_1.run :: [h_std] total=0.04379 batch=0.00000 (no penalty)
2026-05-16 18:32:36,133 INFO CSMF2.step_1_1_1.run :: [lat_epoch] mean_l2=0.09145 std_l2=0.62807 (no penalty)
2026-05-16 18:32:36,133 INFO CSMF2.step_1_1_1.run :: [grad] cond=1.8349 film_gain=0.0000
2026-05-16 18:32:43,194 INFO CSMF2.step_1_1_1.run :: [h] epoch=40 step=50 total=0.04331 batch=0.00000
2026-05-16 18:32:43,194 INFO CSMF2.step_1_1_1.run :: [lat] epoch=40 step=50 mean_l2=0.07394 std_l2=0.08857
2026-05-16 18:32:43,203 INFO CSMF2.step_1_1_1.run :: epoch=40 step=50/429 train_nll=-3124.537
2026-05-16 18:32:46,956 INFO CSMF2.step_1_1_1.run :: [h] epoch=40 step=100 total=0.04339 batch=0.00000
2026-05-16 18:32:46,956 INFO CSMF2.step_1_1_1.run :: [lat] epoch=40 step=100 mean_l2=0.08313 std_l2=0.17027
2026-05-16 18:32:46,964 INFO CSMF2.step_1_1_1.run :: epoch=40 step=100/429 train_nll=-3121.821
2026-05-16 18:32:50,483 INFO CSMF2.step_1_1_1.run :: [h] epoch=40 step=150 total=0.04325 batch=0.00000
2026-05-16 18:32:50,484 INFO CSMF2.step_1_1_1.run :: [lat] epoch=40 step=150 mean_l2=0.11773 std_l2=0.07851
2026-05-16 18:32:50,493 INFO CSMF2.step_1_1_1.run :: epoch=40 step=150/429 train_nll=-3114.263
2026-05-16 18:32:54,093 INFO CSMF2.step_1_1_1.run :: [h] epoch=40 step=200 total=0.04324 batch=0.00000
2026-05-16 18:32:54,093 INFO CSMF2.step_1_1_1.run :: [lat] epoch=40 step=200 mean_l2=0.08410 std_l2=0.07124
2026-05-16 18:32:54,105 INFO CSMF2.step_1_1_1.run :: epoch=40 step=200/429 train_nll=-3112.115
2026-05-16 18:32:57,641 INFO CSMF2.step_1_1_1.run :: [h] epoch=40 step=250 total=0.04297 batch=0.00000
2026-05-16 18:32:57,642 INFO CSMF2.step_1_1_1.run :: [lat] epoch=40 step=250 mean_l2=0.07125 std_l2=0.06753
2026-05-16 18:32:57,651 INFO CSMF2.step_1_1_1.run :: epoch=40 step=250/429 train_nll=-3116.154
2026-05-16 18:33:01,662 INFO CSMF2.step_1_1_1.run :: [h] epoch=40 step=300 total=0.04297 batch=0.00000
2026-05-16 18:33:01,663 INFO CSMF2.step_1_1_1.run :: [lat] epoch=40 step=300 mean_l2=0.09424 std_l2=0.19817
2026-05-16 18:33:01,672 INFO CSMF2.step_1_1_1.run :: epoch=40 step=300/429 train_nll=-3118.973
2026-05-16 18:33:05,328 INFO CSMF2.step_1_1_1.run :: [h] epoch=40 step=350 total=0.04290 batch=0.00000
2026-05-16 18:33:05,329 INFO CSMF2.step_1_1_1.run :: [lat] epoch=40 step=350 mean_l2=0.08255 std_l2=0.20490
2026-05-16 18:33:05,337 INFO CSMF2.step_1_1_1.run :: epoch=40 step=350/429 train_nll=-3117.843
2026-05-16 18:33:08,690 INFO CSMF2.step_1_1_1.run :: [h] epoch=40 step=400 total=0.04295 batch=0.00000
2026-05-16 18:33:08,690 INFO CSMF2.step_1_1_1.run :: [lat] epoch=40 step=400 mean_l2=0.06984 std_l2=0.23375
2026-05-16 18:33:08,702 INFO CSMF2.step_1_1_1.run :: epoch=40 step=400/429 train_nll=-3118.429
2026-05-16 18:33:13,191 INFO CSMF2.step_1_1_1.run :: epoch=40  train_nll=-3118.698  val_nll=-3023.329  t=33.8s
2026-05-16 18:33:13,191 INFO CSMF2.step_1_1_1.run :: [h_std] total=0.04311 batch=0.00000 (no penalty)
2026-05-16 18:33:13,191 INFO CSMF2.step_1_1_1.run :: [lat_epoch] mean_l2=0.08840 std_l2=0.36057 (no penalty)
2026-05-16 18:33:13,191 INFO CSMF2.step_1_1_1.run :: [grad] cond=17.6150 film_gain=0.0000
2026-05-16 18:33:20,054 INFO CSMF2.step_1_1_1.run :: [h] epoch=41 step=50 total=0.04273 batch=0.00000
2026-05-16 18:33:20,054 INFO CSMF2.step_1_1_1.run :: [lat] epoch=41 step=50 mean_l2=0.09025 std_l2=0.14885
2026-05-16 18:33:20,066 INFO CSMF2.step_1_1_1.run :: epoch=41 step=50/429 train_nll=-3130.759
2026-05-16 18:33:23,521 INFO CSMF2.step_1_1_1.run :: [h] epoch=41 step=100 total=0.04191 batch=0.00000
2026-05-16 18:33:23,521 INFO CSMF2.step_1_1_1.run :: [lat] epoch=41 step=100 mean_l2=0.07978 std_l2=0.08407
2026-05-16 18:33:23,531 INFO CSMF2.step_1_1_1.run :: epoch=41 step=100/429 train_nll=-3126.648
2026-05-16 18:33:27,439 INFO CSMF2.step_1_1_1.run :: [h] epoch=41 step=150 total=0.04163 batch=0.00000
2026-05-16 18:33:27,439 INFO CSMF2.step_1_1_1.run :: [lat] epoch=41 step=150 mean_l2=0.14333 std_l2=0.06069
2026-05-16 18:33:27,449 INFO CSMF2.step_1_1_1.run :: epoch=41 step=150/429 train_nll=-3122.772
2026-05-16 18:33:31,264 INFO CSMF2.step_1_1_1.run :: [h] epoch=41 step=200 total=0.04107 batch=0.00000
2026-05-16 18:33:31,264 INFO CSMF2.step_1_1_1.run :: [lat] epoch=41 step=200 mean_l2=0.06435 std_l2=0.09828
2026-05-16 18:33:31,273 INFO CSMF2.step_1_1_1.run :: epoch=41 step=200/429 train_nll=-3122.154
2026-05-16 18:33:35,003 INFO CSMF2.step_1_1_1.run :: [h] epoch=41 step=250 total=0.04126 batch=0.00000
2026-05-16 18:33:35,003 INFO CSMF2.step_1_1_1.run :: [lat] epoch=41 step=250 mean_l2=0.05797 std_l2=0.09390
2026-05-16 18:33:35,012 INFO CSMF2.step_1_1_1.run :: epoch=41 step=250/429 train_nll=-3121.861
2026-05-16 18:33:38,638 INFO CSMF2.step_1_1_1.run :: [h] epoch=41 step=300 total=0.04125 batch=0.00000
2026-05-16 18:33:38,638 INFO CSMF2.step_1_1_1.run :: [lat] epoch=41 step=300 mean_l2=0.09918 std_l2=0.61466
2026-05-16 18:33:38,646 INFO CSMF2.step_1_1_1.run :: epoch=41 step=300/429 train_nll=-3121.646
2026-05-16 18:33:42,243 INFO CSMF2.step_1_1_1.run :: [h] epoch=41 step=350 total=0.04107 batch=0.00000
2026-05-16 18:33:42,243 INFO CSMF2.step_1_1_1.run :: [lat] epoch=41 step=350 mean_l2=0.06475 std_l2=0.12702
2026-05-16 18:33:42,252 INFO CSMF2.step_1_1_1.run :: epoch=41 step=350/429 train_nll=-3123.371
2026-05-16 18:33:46,163 INFO CSMF2.step_1_1_1.run :: [h] epoch=41 step=400 total=0.04112 batch=0.00000
2026-05-16 18:33:46,164 INFO CSMF2.step_1_1_1.run :: [lat] epoch=41 step=400 mean_l2=0.06700 std_l2=0.22344
2026-05-16 18:33:46,173 INFO CSMF2.step_1_1_1.run :: epoch=41 step=400/429 train_nll=-3124.972
2026-05-16 18:33:50,837 INFO CSMF2.step_1_1_1.run :: epoch=41  train_nll=-3125.078  val_nll=-3000.997  t=34.3s
2026-05-16 18:33:50,837 INFO CSMF2.step_1_1_1.run :: [h_std] total=0.04171 batch=0.00000 (no penalty)
2026-05-16 18:33:50,837 INFO CSMF2.step_1_1_1.run :: [lat_epoch] mean_l2=0.08412 std_l2=0.27628 (no penalty)
2026-05-16 18:33:50,837 INFO CSMF2.step_1_1_1.run :: [grad] cond=7.6582 film_gain=0.0000
2026-05-16 18:33:57,971 INFO CSMF2.step_1_1_1.run :: [h] epoch=42 step=50 total=0.04092 batch=0.00000
2026-05-16 18:33:57,972 INFO CSMF2.step_1_1_1.run :: [lat] epoch=42 step=50 mean_l2=0.09597 std_l2=0.07297
2026-05-16 18:33:57,981 INFO CSMF2.step_1_1_1.run :: epoch=42 step=50/429 train_nll=-3129.012
2026-05-16 18:34:01,658 INFO CSMF2.step_1_1_1.run :: [h] epoch=42 step=100 total=0.04074 batch=0.00000
2026-05-16 18:34:01,659 INFO CSMF2.step_1_1_1.run :: [lat] epoch=42 step=100 mean_l2=0.06893 std_l2=0.05576
2026-05-16 18:34:01,670 INFO CSMF2.step_1_1_1.run :: epoch=42 step=100/429 train_nll=-3130.324
2026-05-16 18:34:05,185 INFO CSMF2.step_1_1_1.run :: [h] epoch=42 step=150 total=0.04072 batch=0.00000
2026-05-16 18:34:05,186 INFO CSMF2.step_1_1_1.run :: [lat] epoch=42 step=150 mean_l2=0.06233 std_l2=0.04063
2026-05-16 18:34:05,194 INFO CSMF2.step_1_1_1.run :: epoch=42 step=150/429 train_nll=-3128.427
2026-05-16 18:34:08,725 INFO CSMF2.step_1_1_1.run :: [h] epoch=42 step=200 total=0.04123 batch=0.00000
2026-05-16 18:34:08,725 INFO CSMF2.step_1_1_1.run :: [lat] epoch=42 step=200 mean_l2=0.08840 std_l2=0.05588
2026-05-16 18:34:08,734 INFO CSMF2.step_1_1_1.run :: epoch=42 step=200/429 train_nll=-3128.047
2026-05-16 18:34:12,292 INFO CSMF2.step_1_1_1.run :: [h] epoch=42 step=250 total=0.04087 batch=0.00000
2026-05-16 18:34:12,292 INFO CSMF2.step_1_1_1.run :: [lat] epoch=42 step=250 mean_l2=0.06670 std_l2=0.07224
2026-05-16 18:34:12,302 INFO CSMF2.step_1_1_1.run :: epoch=42 step=250/429 train_nll=-3127.537
2026-05-16 18:34:16,131 INFO CSMF2.step_1_1_1.run :: [h] epoch=42 step=300 total=0.04078 batch=0.00000
2026-05-16 18:34:16,132 INFO CSMF2.step_1_1_1.run :: [lat] epoch=42 step=300 mean_l2=0.09569 std_l2=0.09573
2026-05-16 18:34:16,144 INFO CSMF2.step_1_1_1.run :: epoch=42 step=300/429 train_nll=-3126.921
2026-05-16 18:34:19,824 INFO CSMF2.step_1_1_1.run :: [h] epoch=42 step=350 total=0.04074 batch=0.00000
2026-05-16 18:34:19,825 INFO CSMF2.step_1_1_1.run :: [lat] epoch=42 step=350 mean_l2=0.09063 std_l2=0.13421
2026-05-16 18:34:19,833 INFO CSMF2.step_1_1_1.run :: epoch=42 step=350/429 train_nll=-3126.635
2026-05-16 18:34:23,248 INFO CSMF2.step_1_1_1.run :: [h] epoch=42 step=400 total=0.04172 batch=0.00000
2026-05-16 18:34:23,249 INFO CSMF2.step_1_1_1.run :: [lat] epoch=42 step=400 mean_l2=0.07495 std_l2=0.28272
2026-05-16 18:34:23,259 INFO CSMF2.step_1_1_1.run :: epoch=42 step=400/429 train_nll=-3126.204
2026-05-16 18:34:27,732 INFO CSMF2.step_1_1_1.run :: epoch=42  train_nll=-3126.323  val_nll=-3006.931  t=33.7s
2026-05-16 18:34:27,732 INFO CSMF2.step_1_1_1.run :: [h_std] total=0.04105 batch=0.00000 (no penalty)
2026-05-16 18:34:27,732 INFO CSMF2.step_1_1_1.run :: [lat_epoch] mean_l2=0.08504 std_l2=0.26165 (no penalty)
2026-05-16 18:34:27,732 INFO CSMF2.step_1_1_1.run :: [grad] cond=2.1988 film_gain=0.0000
2026-05-16 18:34:34,570 INFO CSMF2.step_1_1_1.run :: [h] epoch=43 step=50 total=0.04118 batch=0.00000
2026-05-16 18:34:34,571 INFO CSMF2.step_1_1_1.run :: [lat] epoch=43 step=50 mean_l2=0.07694 std_l2=0.21659
2026-05-16 18:34:34,579 INFO CSMF2.step_1_1_1.run :: epoch=43 step=50/429 train_nll=-3129.500
2026-05-16 18:34:38,143 INFO CSMF2.step_1_1_1.run :: [h] epoch=43 step=100 total=0.04109 batch=0.00000
2026-05-16 18:34:38,143 INFO CSMF2.step_1_1_1.run :: [lat] epoch=43 step=100 mean_l2=0.07522 std_l2=0.18296
2026-05-16 18:34:38,155 INFO CSMF2.step_1_1_1.run :: epoch=43 step=100/429 train_nll=-3127.939
2026-05-16 18:34:41,581 INFO CSMF2.step_1_1_1.run :: [h] epoch=43 step=150 total=0.04100 batch=0.00000
2026-05-16 18:34:41,582 INFO CSMF2.step_1_1_1.run :: [lat] epoch=43 step=150 mean_l2=0.13973 std_l2=2.39635
2026-05-16 18:34:41,594 INFO CSMF2.step_1_1_1.run :: epoch=43 step=150/429 train_nll=-3119.676
2026-05-16 18:34:44,992 INFO CSMF2.step_1_1_1.run :: [h] epoch=43 step=200 total=0.04126 batch=0.00000
2026-05-16 18:34:44,993 INFO CSMF2.step_1_1_1.run :: [lat] epoch=43 step=200 mean_l2=0.13381 std_l2=0.09663
2026-05-16 18:34:45,005 INFO CSMF2.step_1_1_1.run :: epoch=43 step=200/429 train_nll=-3115.384
2026-05-16 18:34:48,447 INFO CSMF2.step_1_1_1.run :: [h] epoch=43 step=250 total=0.04079 batch=0.00000
2026-05-16 18:34:48,447 INFO CSMF2.step_1_1_1.run :: [lat] epoch=43 step=250 mean_l2=0.11080 std_l2=0.04642
2026-05-16 18:34:48,456 INFO CSMF2.step_1_1_1.run :: epoch=43 step=250/429 train_nll=-3115.550
2026-05-16 18:34:51,935 INFO CSMF2.step_1_1_1.run :: [h] epoch=43 step=300 total=0.04039 batch=0.00000
2026-05-16 18:34:51,936 INFO CSMF2.step_1_1_1.run :: [lat] epoch=43 step=300 mean_l2=0.08478 std_l2=0.13379
2026-05-16 18:34:51,944 INFO CSMF2.step_1_1_1.run :: epoch=43 step=300/429 train_nll=-3118.052
2026-05-16 18:34:55,493 INFO CSMF2.step_1_1_1.run :: [h] epoch=43 step=350 total=0.04041 batch=0.00000
2026-05-16 18:34:55,493 INFO CSMF2.step_1_1_1.run :: [lat] epoch=43 step=350 mean_l2=0.06682 std_l2=0.29901
2026-05-16 18:34:55,505 INFO CSMF2.step_1_1_1.run :: epoch=43 step=350/429 train_nll=-3118.682
2026-05-16 18:34:59,081 INFO CSMF2.step_1_1_1.run :: [h] epoch=43 step=400 total=0.04009 batch=0.00000
2026-05-16 18:34:59,082 INFO CSMF2.step_1_1_1.run :: [lat] epoch=43 step=400 mean_l2=0.09230 std_l2=0.61082
2026-05-16 18:34:59,090 INFO CSMF2.step_1_1_1.run :: epoch=43 step=400/429 train_nll=-3120.034
2026-05-16 18:35:03,351 INFO CSMF2.step_1_1_1.run :: epoch=43  train_nll=-3121.160  val_nll=-3005.298  t=32.4s
2026-05-16 18:35:03,351 INFO CSMF2.step_1_1_1.run :: [h_std] total=0.04076 batch=0.00000 (no penalty)
2026-05-16 18:35:03,351 INFO CSMF2.step_1_1_1.run :: [lat_epoch] mean_l2=0.08828 std_l2=0.33167 (no penalty)
2026-05-16 18:35:03,351 INFO CSMF2.step_1_1_1.run :: [grad] cond=3.7413 film_gain=0.0000
2026-05-16 18:35:10,221 INFO CSMF2.step_1_1_1.run :: [h] epoch=44 step=50 total=0.04011 batch=0.00000
2026-05-16 18:35:10,221 INFO CSMF2.step_1_1_1.run :: [lat] epoch=44 step=50 mean_l2=0.07343 std_l2=0.05829
2026-05-16 18:35:10,233 INFO CSMF2.step_1_1_1.run :: epoch=44 step=50/429 train_nll=-3135.126
2026-05-16 18:35:14,187 INFO CSMF2.step_1_1_1.run :: [h] epoch=44 step=100 total=0.03988 batch=0.00000
2026-05-16 18:35:14,187 INFO CSMF2.step_1_1_1.run :: [lat] epoch=44 step=100 mean_l2=0.08079 std_l2=0.17327
2026-05-16 18:35:14,195 INFO CSMF2.step_1_1_1.run :: epoch=44 step=100/429 train_nll=-3134.532
2026-05-16 18:35:17,848 INFO CSMF2.step_1_1_1.run :: [h] epoch=44 step=150 total=0.03980 batch=0.00000
2026-05-16 18:35:17,848 INFO CSMF2.step_1_1_1.run :: [lat] epoch=44 step=150 mean_l2=0.11850 std_l2=0.07558
2026-05-16 18:35:17,858 INFO CSMF2.step_1_1_1.run :: epoch=44 step=150/429 train_nll=-3131.923
2026-05-16 18:35:21,355 INFO CSMF2.step_1_1_1.run :: [h] epoch=44 step=200 total=0.03974 batch=0.00000
2026-05-16 18:35:21,356 INFO CSMF2.step_1_1_1.run :: [lat] epoch=44 step=200 mean_l2=0.11176 std_l2=0.18962
2026-05-16 18:35:21,365 INFO CSMF2.step_1_1_1.run :: epoch=44 step=200/429 train_nll=-3130.511
2026-05-16 18:35:24,719 INFO CSMF2.step_1_1_1.run :: [h] epoch=44 step=250 total=0.03956 batch=0.00000
2026-05-16 18:35:24,719 INFO CSMF2.step_1_1_1.run :: [lat] epoch=44 step=250 mean_l2=0.07782 std_l2=0.05691
2026-05-16 18:35:24,727 INFO CSMF2.step_1_1_1.run :: epoch=44 step=250/429 train_nll=-3130.603
2026-05-16 18:35:28,320 INFO CSMF2.step_1_1_1.run :: [h] epoch=44 step=300 total=0.03958 batch=0.00000
2026-05-16 18:35:28,320 INFO CSMF2.step_1_1_1.run :: [lat] epoch=44 step=300 mean_l2=0.11456 std_l2=0.26395
2026-05-16 18:35:28,332 INFO CSMF2.step_1_1_1.run :: epoch=44 step=300/429 train_nll=-3129.732
2026-05-16 18:35:32,236 INFO CSMF2.step_1_1_1.run :: [h] epoch=44 step=350 total=0.03945 batch=0.00000
2026-05-16 18:35:32,236 INFO CSMF2.step_1_1_1.run :: [lat] epoch=44 step=350 mean_l2=0.10288 std_l2=0.06932
2026-05-16 18:35:32,248 INFO CSMF2.step_1_1_1.run :: epoch=44 step=350/429 train_nll=-3129.914
2026-05-16 18:35:36,032 INFO CSMF2.step_1_1_1.run :: [h] epoch=44 step=400 total=0.03945 batch=0.00000
2026-05-16 18:35:36,033 INFO CSMF2.step_1_1_1.run :: [lat] epoch=44 step=400 mean_l2=0.06192 std_l2=0.32573
2026-05-16 18:35:36,041 INFO CSMF2.step_1_1_1.run :: epoch=44 step=400/429 train_nll=-3129.611
2026-05-16 18:35:41,193 INFO CSMF2.step_1_1_1.run :: epoch=44  train_nll=-3130.248  val_nll=-2981.478  t=34.5s
2026-05-16 18:35:41,193 INFO CSMF2.step_1_1_1.run :: [h_std] total=0.03975 batch=0.00000 (no penalty)
2026-05-16 18:35:41,193 INFO CSMF2.step_1_1_1.run :: [lat_epoch] mean_l2=0.08439 std_l2=0.35444 (no penalty)
2026-05-16 18:35:41,193 INFO CSMF2.step_1_1_1.run :: [grad] cond=5.2910 film_gain=0.0000
2026-05-16 18:35:48,144 INFO CSMF2.step_1_1_1.run :: [h] epoch=45 step=50 total=0.03926 batch=0.00000
2026-05-16 18:35:48,144 INFO CSMF2.step_1_1_1.run :: [lat] epoch=45 step=50 mean_l2=0.15198 std_l2=0.49269
2026-05-16 18:35:48,156 INFO CSMF2.step_1_1_1.run :: epoch=45 step=50/429 train_nll=-3110.319
2026-05-16 18:35:51,601 INFO CSMF2.step_1_1_1.run :: [h] epoch=45 step=100 total=0.03926 batch=0.00000
2026-05-16 18:35:51,601 INFO CSMF2.step_1_1_1.run :: [lat] epoch=45 step=100 mean_l2=0.07487 std_l2=0.09787
2026-05-16 18:35:51,614 INFO CSMF2.step_1_1_1.run :: epoch=45 step=100/429 train_nll=-3110.885
2026-05-16 18:35:55,220 INFO CSMF2.step_1_1_1.run :: [h] epoch=45 step=150 total=0.03901 batch=0.00000
2026-05-16 18:35:55,221 INFO CSMF2.step_1_1_1.run :: [lat] epoch=45 step=150 mean_l2=0.10449 std_l2=2.28432
2026-05-16 18:35:55,233 INFO CSMF2.step_1_1_1.run :: epoch=45 step=150/429 train_nll=-3117.550
2026-05-16 18:35:58,770 INFO CSMF2.step_1_1_1.run :: [h] epoch=45 step=200 total=0.03967 batch=0.00000
2026-05-16 18:35:58,770 INFO CSMF2.step_1_1_1.run :: [lat] epoch=45 step=200 mean_l2=0.06645 std_l2=0.05086
2026-05-16 18:35:58,782 INFO CSMF2.step_1_1_1.run :: epoch=45 step=200/429 train_nll=-3106.666
2026-05-16 18:36:02,187 INFO CSMF2.step_1_1_1.run :: [h] epoch=45 step=250 total=0.03981 batch=0.00000
2026-05-16 18:36:02,188 INFO CSMF2.step_1_1_1.run :: [lat] epoch=45 step=250 mean_l2=0.12114 std_l2=0.07172
2026-05-16 18:36:02,198 INFO CSMF2.step_1_1_1.run :: epoch=45 step=250/429 train_nll=-3108.379
2026-05-16 18:36:05,720 INFO CSMF2.step_1_1_1.run :: [h] epoch=45 step=300 total=0.03950 batch=0.00000
2026-05-16 18:36:05,720 INFO CSMF2.step_1_1_1.run :: [lat] epoch=45 step=300 mean_l2=0.07110 std_l2=0.07299
2026-05-16 18:36:05,728 INFO CSMF2.step_1_1_1.run :: epoch=45 step=300/429 train_nll=-3108.764
2026-05-16 18:36:09,082 INFO CSMF2.step_1_1_1.run :: [h] epoch=45 step=350 total=0.03966 batch=0.00000
2026-05-16 18:36:09,083 INFO CSMF2.step_1_1_1.run :: [lat] epoch=45 step=350 mean_l2=0.07875 std_l2=0.07754
2026-05-16 18:36:09,091 INFO CSMF2.step_1_1_1.run :: epoch=45 step=350/429 train_nll=-3109.573
2026-05-16 18:36:12,680 INFO CSMF2.step_1_1_1.run :: [h] epoch=45 step=400 total=0.03951 batch=0.00000
2026-05-16 18:36:12,680 INFO CSMF2.step_1_1_1.run :: [lat] epoch=45 step=400 mean_l2=0.07898 std_l2=0.19188
2026-05-16 18:36:12,693 INFO CSMF2.step_1_1_1.run :: epoch=45 step=400/429 train_nll=-3110.638
2026-05-16 18:36:16,905 INFO CSMF2.step_1_1_1.run :: epoch=45  train_nll=-3112.458  val_nll=-3010.888  t=32.5s
2026-05-16 18:36:16,905 INFO CSMF2.step_1_1_1.run :: [h_std] total=0.03962 batch=0.00000 (no penalty)
2026-05-16 18:36:16,905 INFO CSMF2.step_1_1_1.run :: [lat_epoch] mean_l2=0.09603 std_l2=0.64146 (no penalty)
2026-05-16 18:36:16,905 INFO CSMF2.step_1_1_1.run :: [grad] cond=3.5433 film_gain=0.0000
2026-05-16 18:36:23,808 INFO CSMF2.step_1_1_1.run :: [h] epoch=46 step=50 total=0.03942 batch=0.00000
2026-05-16 18:36:23,808 INFO CSMF2.step_1_1_1.run :: [lat] epoch=46 step=50 mean_l2=0.06685 std_l2=0.77803
2026-05-16 18:36:23,816 INFO CSMF2.step_1_1_1.run :: epoch=46 step=50/429 train_nll=-3126.417
2026-05-16 18:36:27,280 INFO CSMF2.step_1_1_1.run :: [h] epoch=46 step=100 total=0.03981 batch=0.00000
2026-05-16 18:36:27,280 INFO CSMF2.step_1_1_1.run :: [lat] epoch=46 step=100 mean_l2=0.08094 std_l2=0.05721
2026-05-16 18:36:27,292 INFO CSMF2.step_1_1_1.run :: epoch=46 step=100/429 train_nll=-3128.781
2026-05-16 18:36:30,639 INFO CSMF2.step_1_1_1.run :: [h] epoch=46 step=150 total=0.04023 batch=0.00000
2026-05-16 18:36:30,639 INFO CSMF2.step_1_1_1.run :: [lat] epoch=46 step=150 mean_l2=0.09492 std_l2=38.20297
2026-05-16 18:36:30,652 INFO CSMF2.step_1_1_1.run :: epoch=46 step=150/429 train_nll=-3122.193
2026-05-16 18:36:34,129 INFO CSMF2.step_1_1_1.run :: [h] epoch=46 step=200 total=0.04005 batch=0.00000
2026-05-16 18:36:34,129 INFO CSMF2.step_1_1_1.run :: [lat] epoch=46 step=200 mean_l2=0.06684 std_l2=0.07229
2026-05-16 18:36:34,137 INFO CSMF2.step_1_1_1.run :: epoch=46 step=200/429 train_nll=-3121.089
2026-05-16 18:36:37,635 INFO CSMF2.step_1_1_1.run :: [h] epoch=46 step=250 total=0.03987 batch=0.00000
2026-05-16 18:36:37,636 INFO CSMF2.step_1_1_1.run :: [lat] epoch=46 step=250 mean_l2=0.10070 std_l2=0.09883
2026-05-16 18:36:37,647 INFO CSMF2.step_1_1_1.run :: epoch=46 step=250/429 train_nll=-3122.578
2026-05-16 18:36:41,204 INFO CSMF2.step_1_1_1.run :: [h] epoch=46 step=300 total=0.03958 batch=0.00000
2026-05-16 18:36:41,205 INFO CSMF2.step_1_1_1.run :: [lat] epoch=46 step=300 mean_l2=0.08435 std_l2=0.09795
2026-05-16 18:36:41,217 INFO CSMF2.step_1_1_1.run :: epoch=46 step=300/429 train_nll=-3122.881
2026-05-16 18:36:44,612 INFO CSMF2.step_1_1_1.run :: [h] epoch=46 step=350 total=0.03979 batch=0.00000
2026-05-16 18:36:44,612 INFO CSMF2.step_1_1_1.run :: [lat] epoch=46 step=350 mean_l2=0.08473 std_l2=0.06244
2026-05-16 18:36:44,621 INFO CSMF2.step_1_1_1.run :: epoch=46 step=350/429 train_nll=-3124.172
2026-05-16 18:36:48,099 INFO CSMF2.step_1_1_1.run :: [h] epoch=46 step=400 total=0.03969 batch=0.00000
2026-05-16 18:36:48,099 INFO CSMF2.step_1_1_1.run :: [lat] epoch=46 step=400 mean_l2=0.06461 std_l2=0.25670
2026-05-16 18:36:48,109 INFO CSMF2.step_1_1_1.run :: epoch=46 step=400/429 train_nll=-3125.162
2026-05-16 18:36:52,595 INFO CSMF2.step_1_1_1.run :: epoch=46  train_nll=-3126.653  val_nll=-3000.250  t=32.4s
2026-05-16 18:36:52,595 INFO CSMF2.step_1_1_1.run :: [h_std] total=0.04004 batch=0.00000 (no penalty)
2026-05-16 18:36:52,595 INFO CSMF2.step_1_1_1.run :: [lat_epoch] mean_l2=0.08710 std_l2=0.39252 (no penalty)
2026-05-16 18:36:52,595 INFO CSMF2.step_1_1_1.run :: [grad] cond=4.0598 film_gain=0.0000
2026-05-16 18:36:59,221 INFO CSMF2.step_1_1_1.run :: [h] epoch=47 step=50 total=0.03956 batch=0.00000
2026-05-16 18:36:59,221 INFO CSMF2.step_1_1_1.run :: [lat] epoch=47 step=50 mean_l2=0.07425 std_l2=0.21822
2026-05-16 18:36:59,230 INFO CSMF2.step_1_1_1.run :: epoch=47 step=50/429 train_nll=-3128.022
2026-05-16 18:37:02,595 INFO CSMF2.step_1_1_1.run :: [h] epoch=47 step=100 total=0.03945 batch=0.00000
2026-05-16 18:37:02,596 INFO CSMF2.step_1_1_1.run :: [lat] epoch=47 step=100 mean_l2=0.09581 std_l2=0.10364
2026-05-16 18:37:02,607 INFO CSMF2.step_1_1_1.run :: epoch=47 step=100/429 train_nll=-3133.948
2026-05-16 18:37:05,966 INFO CSMF2.step_1_1_1.run :: [h] epoch=47 step=150 total=0.03945 batch=0.00000
2026-05-16 18:37:05,966 INFO CSMF2.step_1_1_1.run :: [lat] epoch=47 step=150 mean_l2=0.09169 std_l2=0.04750
2026-05-16 18:37:05,978 INFO CSMF2.step_1_1_1.run :: epoch=47 step=150/429 train_nll=-3137.970
2026-05-16 18:37:09,601 INFO CSMF2.step_1_1_1.run :: [h] epoch=47 step=200 total=0.03940 batch=0.00000
2026-05-16 18:37:09,601 INFO CSMF2.step_1_1_1.run :: [lat] epoch=47 step=200 mean_l2=0.06205 std_l2=0.08036
2026-05-16 18:37:09,609 INFO CSMF2.step_1_1_1.run :: epoch=47 step=200/429 train_nll=-3141.315
2026-05-16 18:37:13,183 INFO CSMF2.step_1_1_1.run :: [h] epoch=47 step=250 total=0.03927 batch=0.00000
2026-05-16 18:37:13,184 INFO CSMF2.step_1_1_1.run :: [lat] epoch=47 step=250 mean_l2=0.11846 std_l2=0.15882
2026-05-16 18:37:13,196 INFO CSMF2.step_1_1_1.run :: epoch=47 step=250/429 train_nll=-3140.235
2026-05-16 18:37:16,829 INFO CSMF2.step_1_1_1.run :: [h] epoch=47 step=300 total=0.03935 batch=0.00000
2026-05-16 18:37:16,830 INFO CSMF2.step_1_1_1.run :: [lat] epoch=47 step=300 mean_l2=0.12560 std_l2=0.15224
2026-05-16 18:37:16,842 INFO CSMF2.step_1_1_1.run :: epoch=47 step=300/429 train_nll=-3139.422
2026-05-16 18:37:20,518 INFO CSMF2.step_1_1_1.run :: [h] epoch=47 step=350 total=0.03937 batch=0.00000
2026-05-16 18:37:20,519 INFO CSMF2.step_1_1_1.run :: [lat] epoch=47 step=350 mean_l2=0.08890 std_l2=0.07735
2026-05-16 18:37:20,529 INFO CSMF2.step_1_1_1.run :: epoch=47 step=350/429 train_nll=-3138.661
2026-05-16 18:37:24,206 INFO CSMF2.step_1_1_1.run :: [h] epoch=47 step=400 total=0.03917 batch=0.00000
2026-05-16 18:37:24,206 INFO CSMF2.step_1_1_1.run :: [lat] epoch=47 step=400 mean_l2=0.07548 std_l2=0.22592
2026-05-16 18:37:24,217 INFO CSMF2.step_1_1_1.run :: epoch=47 step=400/429 train_nll=-3139.622
2026-05-16 18:37:28,542 INFO CSMF2.step_1_1_1.run :: epoch=47  train_nll=-3138.773  val_nll=-3018.578  t=32.8s
2026-05-16 18:37:28,543 INFO CSMF2.step_1_1_1.run :: [h_std] total=0.03935 batch=0.00000 (no penalty)
2026-05-16 18:37:28,543 INFO CSMF2.step_1_1_1.run :: [lat_epoch] mean_l2=0.08078 std_l2=0.43038 (no penalty)
2026-05-16 18:37:28,543 INFO CSMF2.step_1_1_1.run :: [grad] cond=1.2592 film_gain=0.0000
2026-05-16 18:37:35,361 INFO CSMF2.step_1_1_1.run :: [h] epoch=48 step=50 total=0.03887 batch=0.00000
2026-05-16 18:37:35,362 INFO CSMF2.step_1_1_1.run :: [lat] epoch=48 step=50 mean_l2=0.06609 std_l2=0.14692
2026-05-16 18:37:35,373 INFO CSMF2.step_1_1_1.run :: epoch=48 step=50/429 train_nll=-3137.862
2026-05-16 18:37:38,898 INFO CSMF2.step_1_1_1.run :: [h] epoch=48 step=100 total=0.03906 batch=0.00000
2026-05-16 18:37:38,899 INFO CSMF2.step_1_1_1.run :: [lat] epoch=48 step=100 mean_l2=0.06188 std_l2=0.14204
2026-05-16 18:37:38,907 INFO CSMF2.step_1_1_1.run :: epoch=48 step=100/429 train_nll=-3145.998
2026-05-16 18:37:42,513 INFO CSMF2.step_1_1_1.run :: [h] epoch=48 step=150 total=0.03888 batch=0.00000
2026-05-16 18:37:42,513 INFO CSMF2.step_1_1_1.run :: [lat] epoch=48 step=150 mean_l2=0.07304 std_l2=0.07744
2026-05-16 18:37:42,521 INFO CSMF2.step_1_1_1.run :: epoch=48 step=150/429 train_nll=-3145.467
2026-05-16 18:37:46,181 INFO CSMF2.step_1_1_1.run :: [h] epoch=48 step=200 total=0.03849 batch=0.00000
2026-05-16 18:37:46,181 INFO CSMF2.step_1_1_1.run :: [lat] epoch=48 step=200 mean_l2=0.07069 std_l2=0.34240
2026-05-16 18:37:46,190 INFO CSMF2.step_1_1_1.run :: epoch=48 step=200/429 train_nll=-3147.790
2026-05-16 18:37:49,899 INFO CSMF2.step_1_1_1.run :: [h] epoch=48 step=250 total=0.03900 batch=0.00000
2026-05-16 18:37:49,899 INFO CSMF2.step_1_1_1.run :: [lat] epoch=48 step=250 mean_l2=0.09410 std_l2=0.06082
2026-05-16 18:37:49,907 INFO CSMF2.step_1_1_1.run :: epoch=48 step=250/429 train_nll=-3146.782
2026-05-16 18:37:53,354 INFO CSMF2.step_1_1_1.run :: [h] epoch=48 step=300 total=0.03905 batch=0.00000
2026-05-16 18:37:53,355 INFO CSMF2.step_1_1_1.run :: [lat] epoch=48 step=300 mean_l2=0.08304 std_l2=0.09986
2026-05-16 18:37:53,364 INFO CSMF2.step_1_1_1.run :: epoch=48 step=300/429 train_nll=-3144.291
2026-05-16 18:37:56,884 INFO CSMF2.step_1_1_1.run :: [h] epoch=48 step=350 total=0.03886 batch=0.00000
2026-05-16 18:37:56,884 INFO CSMF2.step_1_1_1.run :: [lat] epoch=48 step=350 mean_l2=0.07489 std_l2=0.28978
2026-05-16 18:37:56,896 INFO CSMF2.step_1_1_1.run :: epoch=48 step=350/429 train_nll=-3142.994
2026-05-16 18:38:00,262 INFO CSMF2.step_1_1_1.run :: [h] epoch=48 step=400 total=0.03870 batch=0.00000
2026-05-16 18:38:00,263 INFO CSMF2.step_1_1_1.run :: [lat] epoch=48 step=400 mean_l2=0.07188 std_l2=0.20218
2026-05-16 18:38:00,275 INFO CSMF2.step_1_1_1.run :: epoch=48 step=400/429 train_nll=-3141.471
2026-05-16 18:38:04,464 INFO CSMF2.step_1_1_1.run :: epoch=48  train_nll=-3139.036  val_nll=-3006.199  t=32.6s
2026-05-16 18:38:04,464 INFO CSMF2.step_1_1_1.run :: [h_std] total=0.03895 batch=0.00000 (no penalty)
2026-05-16 18:38:04,464 INFO CSMF2.step_1_1_1.run :: [lat_epoch] mean_l2=0.08113 std_l2=0.75507 (no penalty)
2026-05-16 18:38:04,464 INFO CSMF2.step_1_1_1.run :: [grad] cond=8.8762 film_gain=0.0000
2026-05-16 18:38:11,353 INFO CSMF2.step_1_1_1.run :: [h] epoch=49 step=50 total=0.03858 batch=0.00000
2026-05-16 18:38:11,353 INFO CSMF2.step_1_1_1.run :: [lat] epoch=49 step=50 mean_l2=0.08485 std_l2=0.06784
2026-05-16 18:38:11,365 INFO CSMF2.step_1_1_1.run :: epoch=49 step=50/429 train_nll=-3141.691
2026-05-16 18:38:14,847 INFO CSMF2.step_1_1_1.run :: [h] epoch=49 step=100 total=0.03825 batch=0.00000
2026-05-16 18:38:14,847 INFO CSMF2.step_1_1_1.run :: [lat] epoch=49 step=100 mean_l2=0.07658 std_l2=0.08362
2026-05-16 18:38:14,855 INFO CSMF2.step_1_1_1.run :: epoch=49 step=100/429 train_nll=-3146.230
2026-05-16 18:38:18,271 INFO CSMF2.step_1_1_1.run :: [h] epoch=49 step=150 total=0.03890 batch=0.00000
2026-05-16 18:38:18,272 INFO CSMF2.step_1_1_1.run :: [lat] epoch=49 step=150 mean_l2=0.06868 std_l2=0.50904
2026-05-16 18:38:18,280 INFO CSMF2.step_1_1_1.run :: epoch=49 step=150/429 train_nll=-3145.994
2026-05-16 18:38:22,320 INFO CSMF2.step_1_1_1.run :: [h] epoch=49 step=200 total=0.03833 batch=0.00000
2026-05-16 18:38:22,320 INFO CSMF2.step_1_1_1.run :: [lat] epoch=49 step=200 mean_l2=0.11067 std_l2=0.09527
2026-05-16 18:38:22,328 INFO CSMF2.step_1_1_1.run :: epoch=49 step=200/429 train_nll=-3141.087
2026-05-16 18:38:26,129 INFO CSMF2.step_1_1_1.run :: [h] epoch=49 step=250 total=0.03959 batch=0.00000
2026-05-16 18:38:26,129 INFO CSMF2.step_1_1_1.run :: [lat] epoch=49 step=250 mean_l2=0.05369 std_l2=0.04024
2026-05-16 18:38:26,141 INFO CSMF2.step_1_1_1.run :: epoch=49 step=250/429 train_nll=-3137.080
2026-05-16 18:38:29,656 INFO CSMF2.step_1_1_1.run :: [h] epoch=49 step=300 total=0.03864 batch=0.00000
2026-05-16 18:38:29,656 INFO CSMF2.step_1_1_1.run :: [lat] epoch=49 step=300 mean_l2=0.06588 std_l2=0.06706
2026-05-16 18:38:29,668 INFO CSMF2.step_1_1_1.run :: epoch=49 step=300/429 train_nll=-3137.868
2026-05-16 18:38:33,202 INFO CSMF2.step_1_1_1.run :: [h] epoch=49 step=350 total=0.03877 batch=0.00000
2026-05-16 18:38:33,202 INFO CSMF2.step_1_1_1.run :: [lat] epoch=49 step=350 mean_l2=0.07963 std_l2=0.25301
2026-05-16 18:38:33,215 INFO CSMF2.step_1_1_1.run :: epoch=49 step=350/429 train_nll=-3137.894
2026-05-16 18:38:36,858 INFO CSMF2.step_1_1_1.run :: [h] epoch=49 step=400 total=0.03860 batch=0.00000
2026-05-16 18:38:36,858 INFO CSMF2.step_1_1_1.run :: [lat] epoch=49 step=400 mean_l2=0.06888 std_l2=0.19750
2026-05-16 18:38:36,869 INFO CSMF2.step_1_1_1.run :: epoch=49 step=400/429 train_nll=-3137.987
2026-05-16 18:38:41,353 INFO CSMF2.step_1_1_1.run :: epoch=49  train_nll=-3138.787  val_nll=-3004.753  t=33.7s
2026-05-16 18:38:41,353 INFO CSMF2.step_1_1_1.run :: [h_std] total=0.03867 batch=0.00000 (no penalty)
2026-05-16 18:38:41,353 INFO CSMF2.step_1_1_1.run :: [lat_epoch] mean_l2=0.07823 std_l2=0.31079 (no penalty)
2026-05-16 18:38:41,353 INFO CSMF2.step_1_1_1.run :: [grad] cond=1.7363 film_gain=0.0000
2026-05-16 18:38:44,553 WARNING CSMF2.step_1_1_1.run :: [exit_gate] fwd_rel=0.823 > target 0.500 (informational; no resume baseline available)
2026-05-16 18:38:48,982 INFO CSMF2.step_1_1_1.run :: [run] FINAL test_nll (sealed 10k) = -2992.371
2026-05-16 18:38:49,687 INFO CSMF2.experiments.step_1_1_1.density_plots :: [plot_latent_density] saved -> CSMF2/experiments/step_1_1_1/results/realnvp_s2_n0.00_seed0_93ed0b97ef88/plots/latent_density.png  (ks=0.0294, mean=0.035, std=1.098)
2026-05-16 18:38:49,852 INFO CSMF2.experiments.step_1_1_1.density_plots :: [plot_cycle_density] saved -> CSMF2/experiments/step_1_1_1/results/realnvp_s2_n0.00_seed0_93ed0b97ef88/plots/cycle_density.png  (max|err|=8.821e-06 rms=4.219e-07)
2026-05-16 18:38:50,095 INFO CSMF2.experiments.step_1_1_1.density_plots :: [plot_reconstruction_panel] saved -> CSMF2/experiments/step_1_1_1/results/realnvp_s2_n0.00_seed0_93ed0b97ef88/plots/reconstruction_panel.png  rms(enc-prior)=1.888
==============================================================
[1mSTEP-1_1_1 RUN SUMMARY[0m
==============================================================
expert: realnvp   scale: 2   noise: 0.0   seed: 0   epochs: 50
train NLL:    -1809.70  ->    -3138.79  (Δ = -1329.08)
test  NLL:    -2175.52  ->    -3004.75

[1mHARD GATES (halt on fail)[0m
  [32m 50/50  ✓[0m  invertibility FP64 <1e-5
  [33m 26/50  ✗[0m  latent KS vs N(0,1) <0.05
  [32m 50/50  ✓[0m  cycle_max < 1e-12
  [32m 50/50  ✓[0m  h std > 1e-3
  [32m 50/50  ✓[0m  FiLM γ,β std > 1e-3 aggregate
  [32m 50/50  ✓[0m  (y,seed) max|Δh| < 1e-6
  [32m 50/50  ✓[0m  no NaN/Inf this epoch
  [32m  1/1   ✓[0m  numeric log-det (FP64, once)

[1mINFORMATIONAL (logged, non-blocking)[0m
  [32m 50/50  ✓[0m  null-control gap ≥ 0.10
  [33m  5/50  ✗[0m  h_st Δlogp slope > 1e-3
  [32m 50/50  ✓[0m  grad norm > 1e-6
  [32m 50/50  ✓[0m  fwd residual reported
--------------------------------------------------------------
[1mHARD TOTAL: 327/351[0m  (93.2%)
[1mEXIT_CRITERIA_MET:[0m [31mNO[0m
[1mREMEDY HINTS:[0m
  - hard gate failed: latent_ks (latent KS vs N(0,1) <0.05) -- check epochs [0, 1, 2, 3, 5, 7, 9, 11, 12, 13, 15, 17, 18, 19, 21, 24, 26, 29, 34, 35, 36, 43, 44, 48]
[33mSTEP-1_1_1 SOFT WARNINGS (non-blocking):[0m
  ! fwd_rel=0.823 > target 0.500 (informational; no resume baseline available)
==============================================================
2026-05-16 18:38:50,169 INFO CSMF2.step_1_1_1.run :: STEP-1_1 run DONE  exit_ok=False  out=CSMF2/experiments/step_1_1_1/results/realnvp_s2_n0.00_seed0_93ed0b97ef88
